"holder","segment","hectares","licenses","mining_lics","main_commodities","lics_in_default_2025","status"
"Mbeze Resources Limited","gemstones","776994","5","0","Lead/Gold/Molybdenum","0","researched_no_channel"
"Hongbin Investments Limited","critical_battery","384010","5","0","Manganese/Limestone (General)/Zinc","1","researched_no_channel"
"Shrinath Company Limited","gemstones","354887","4","0","Copper/Nickel/Lead","1","researched_no_channel"
"Osara Mining Limited","critical_battery","346379","5","0","Copper/Cobalt/Silver","2","researched_no_channel"
"AA Minerals Limited","gemstones","283845","4","0","Manganese/Copper/Gold","1","researched_no_channel"
"ZIQUAN MINING LIMITED","gemstones","273168","5","0","Copper/Iron Ore/Nickel","0","researched_no_channel"
"Zambian Anglo Mining Limited","gemstones","257798","6","2","Iron Ore/Manganese/Gold","3","researched_no_channel"
"Freca Platinum Limited","gemstones","237213","3","0","Copper/Gold/Cobalt","1","researched_no_channel"
"Munamalu Resources Limited","gemstones","222946","2","0","Lithium/Manganese/Garnet","0","researched_no_channel"
"karakoram Resources Limited","critical_battery","218213","3","0","Gold/Iron Ore/Zinc","3","researched_no_channel"
"ULAPA BUSINESS VENTURES LIMITED","gemstones","210459","2","0","Niobium (Columbium)/Mica/Manganese","2","researched_no_channel"
"Mwichan World Link Limited","gemstones","206074","3","0","Iron Ore/Gold/Lithium","1","researched_no_channel"
"Trentbridge Mining and Exploration Limited","critical_battery","197742","3","0","Gold/Manganese/Cobalt","0","researched_no_channel"
"Sekulu Mining Limited","critical_battery","185687","2","0","Lithium/Manganese/Tin","2","researched_no_channel"
"Lyon Investment Zambia Limited","critical_battery","179899","5","1","Manganese/Gold/Copper","5","researched_no_channel"
"Willianda Investments Limited","critical_battery","177581","3","0","Iron Ore/Niobium (Columbium)/Cobalt","1","researched_no_channel"
"MOONSHINE MINING LIMITED","gemstones","175120","5","0","Copper/Gold/Cobalt","0","researched_no_channel"
"VS Construction & Mining Services Limited","critical_battery","174170","3","0","Manganese/Zinc/Copper","3","researched_no_channel"
"Blue Fox Metals Limited","gemstones","173966","4","0","Copper/Gold/Cobalt","0","researched_no_channel"
"Bangweulu Mining Limited","gemstones","164898","1","0","Platinum/Manganese/Ruby","0","researched_no_channel"
"Zanima Natural Resources Limited","gemstones","162888","4","0","Gold/Copper/Silver","2","researched_no_channel"
"Viet Zam Diversified Development Corporation Limited","gemstones","158237","3","0","Nickel/Copper/Gold","2","researched_no_channel"
"Earthcore Mining and Exploration Limited","gemstones","156376","4","0","Gold/Copper/Cobalt","0","researched_no_channel"
"Yobe Gems Limited","gemstones","155496","4","0","Quartz/Feldspar/Copper","4","researched_no_channel"
"Tuzikeni Mining and Construction Company Limited","gemstones","154746","6","0","Cobalt/Copper/Zinc","5","researched_no_channel"
"Builders Mining Corporation Limited","critical_battery","152195","6","2","Tin/Tantalum/Tungsten","1","researched_no_channel"
"Euro Africa Kalengwa Mines Limited","gemstones","149593","3","2","Gold/Iron Ore/Silver","0","researched_no_channel"
"Gamma Resources Limited","gemstones","147738","4","0","Lead/Gold/Copper","0","researched_no_channel"
"Chiponde Mining Company Limited","gemstones","147381","5","1","Aquamarine/Copper/Manganese","4","researched_no_channel"
"Black Horse Mining Limited","gemstones","146792","2","1","Gold/Copper/Selenium","0","researched_no_channel"
"BUTTERFLY COPPER MINING LIMITED","gemstones","146617","5","0","Copper/Gold/Emerald","0","researched_no_channel"
"Baluba Minerals Limited","gemstones","145005","1","0","Manganese/Limestone (General)/Lead","0","never_researched"
"Vitreous Minerals Limited","gemstones","143792","2","0","Niobium (Columbium)/Rare EarthsElements/Molybdenum","0","researched_no_channel"
"Kanfumu Investments Limited","critical_battery","143614","2","0","Limestone (General)/Manganese/Zinc","2","researched_no_channel"
"Unicorn Resources Limited","gemstones","143099","2","0","Iron Ore/Lead/Quartz","0","researched_no_channel"
"KSR GLOBAL RESOURCES LIMITED","critical_battery","142362","2","0","Manganese/Limestone (General)/Silver","2","researched_no_channel"
"Omu Metals and Processing Limited","critical_battery","132841","2","0","Gold/Manganese/Platinum Group Metals","2","researched_no_channel"
"Grassroots Copper Limited","critical_battery","130410","4","0","Platinum/Palladium/Silver","2","researched_no_channel"
"WHITE STALLION MINING LIMITED","gemstones","129399","5","0","Copper/Gold/Nickel","0","researched_no_channel"
"Zamworld Resources Limited","critical_battery","126351","2","0","Lead/Manganese/Zinc","1","researched_no_channel"
"Zambian Anglo Mkushi Limited","critical_battery","126058","5","1","Gold/Copper/Manganese","4","researched_no_channel"
"Primerose Resources Zambia Limited","gemstones","124986","3","0","Lead/Malachite/Nickel","1","researched_no_channel"
"Grownyz Zambia Limited","critical_battery","124644","3","0","Copper/Cobalt/Zinc","0","researched_no_channel"
"Universal Ventures Limited","critical_battery","123137","5","0","Manganese/Copper/Iron Ore","2","researched_no_channel"
"KEMUFU MINING LIMITED","gemstones","122357","4","0","Emerald/Gold/Nickel","0","researched_no_channel"
"Landilani Natural Resources Limited","gemstones","120172","5","0","Gold/Silver/Cobalt","3","researched_no_channel"
"World Class Mineral Venture Limited","critical_battery","119663","3","0","Copper/Nickel/Silver","2","researched_no_channel"
"Imperial Resources Limited","gemstones","119607","3","0","Iron Ore/Silver/Zinc","2","researched_no_channel"
"CHILILAMATAMBO MINING LIMITED","gold","118502","2","1","Iron Ore//Copper","1","researched_no_channel"
"Elysium Minerals Limited","critical_battery","115462","3","0","Copper/Manganese/Iron Ore","2","researched_no_channel"
"Rudra Copper Limited","critical_battery","113148","4","1","Copper/Gold/Cobalt","3","researched_no_channel"
"Lebrenca Investments Limited","critical_battery","112960","2","0","Silver/Zinc/Manganese","1","researched_no_channel"
"Pretium Resources Limited","gemstones","109911","2","0","Anhydrite/Gypsum/Graphite","2","researched_no_channel"
"JM Quarrying and Mining Limited","gemstones","108975","1","0","Platinum/Silver/Gold","1","never_researched"
"Zambian Metals Industries Limited","gemstones","108963","4","0","Gold/Copper/Lead","0","researched_no_channel"
"China Hainan Zambia Limited","gemstones","108918","1","0","Quartz/Lithium/Iron Ore","1","never_researched"
"Westate Zambia Limited","critical_battery","107136","3","0","Gold/Nickel/Cobalt","1","researched_no_channel"
"Polyplus Zambia Limited","gemstones","103051","5","0","Gold/Cobalt/Copper","0","researched_no_channel"
"G & G National Wide Mining Zambia Limited","gemstones","102364","1","0","Silver/Talc-Soapstone/Quartz","1","never_researched"
"BURJ FUND RESOURCES LIMITED","critical_battery","99849","5","0","Copper/Gold/Nickel","0","researched_no_channel"
"STRIKING STAR MINERAL RESOURCES LIMITED","gemstones","98405","2","0","Lead/Iron Ore/Zinc","2","researched_no_channel"
"Pesamu Investments Limited","critical_battery","97712","3","0","Iron Ore/Manganese/Gold","2","researched_no_channel"
"Matpet Holdings Limited","critical_battery","96611","2","0","Iron Ore/Manganese/Cobalt","2","researched_no_channel"
"Menel Energy & Resources Limited","gold","96168","1","0","Lead/Quartz/Zinc","0","never_researched"
"Johnny's Trading co. Limited","critical_battery","96008","1","0","Manganese/Tin/Gold","0","never_researched"
"DAHKANY MINING RESOURCES LIMITED","gemstones","95592","2","0","Copper/Tantalum/Tungsten","0","researched_no_channel"
"Crescent Industries Limited","gemstones","95109","3","0","Iron Ore/Copper/Gold","2","researched_no_channel"
"Dongsen Mining & Investment Limited","gemstones","94683","1","0","Ruby/Quartz/Zinc","1","researched_no_channel"
"Southern African Rare Metals Mining Company Limited","critical_battery","94518","3","1","Tantalum/Tin/Rare EarthsElements","0","researched_no_channel"
"Annapoorna Minerals Limited","critical_battery","93421","4","0","Sand/Manganese/Limestone (General)","0","researched_no_channel"
"Gandi Natural Resources Company Zambia Limited","gemstones","93098","5","0","Gold/Copper/Silver","0","researched_no_channel"
"Stalwart Investments Limited","critical_battery","91406","2","0","Gold/Manganese/Iron Ore","2","researched_no_channel"
"Chenjelani Resources Limited","gemstones","91336","4","0","Manganese/Gold/Iron Ore","3","researched_no_channel"
"Rigid Engine Recondition Limited","critical_battery","91235","2","0","Iron Ore/Manganese/Copper","1","researched_no_channel"
"Anzan Enterprises Ltd","gemstones","90259","2","0","Platinum/Iron Ore/Zinc","0","researched_no_channel"
"WEIJU INVESTMENT LIMITED","gemstones","90061","4","0","Lead/Gold/Silver","2","researched_no_channel"
"Nswachu Resources Limited","critical_battery","89992","4","0","Manganese/Copper/Cobalt","4","researched_no_channel"
"EARTHZONE MINING LIMITED","gemstones","89929","3","0","Gold/Fluorine-Fluorite/Tin","0","researched_no_channel"
"GOLDEN GRIDLINES SOLUTIONS LIMITED","gemstones","89491","3","0","Copper/Cobalt/Gold","0","researched_no_channel"
"BUILDCREST INVESTMENTS LIMITED","gemstones","89054","4","0","Gold/Manganese/Lead","0","researched_no_channel"
"KPR Investments Limited","critical_battery","88396","1","0","Nickel/Manganese/Zinc","0","never_researched"
"Sri Karthikeya Minerals Trading Limited","critical_battery","87532","2","0","Lead/Manganese/Zinc","0","researched_no_channel"
"Lunsongwa and Mining  Exploration  Resources Limited","critical_battery","87354","1","0","Nickel/Zinc/Gold","0","never_researched"
"Franciscan Minerals Zambia Limited","critical_battery","86132","3","0","Tin/Zinc/Nickel","3","researched_no_channel"
"CCGM Geology and Mining (Z) Ltd","critical_battery","85678","1","0","Manganese/Gold/Copper","0","never_researched"
"Zaco Investments Limited","critical_battery","85547","4","2","Zinc/Silver/Gold","0","researched_no_channel"
"Winzan Mining Limited","critical_battery","84382","2","0","Lead/Zinc/Gold","0","researched_no_channel"
"Beker Mining Limited","critical_battery","84261","1","0","Nickel/Lead/Zinc","1","never_researched"
"Melesa Mining Limited","gemstones","83388","1","0","Manganese/Iron Ore/Tourmaline","0","never_researched"
"Zamdouble Investements Limited","critical_battery","82891","4","0","Zinc/Copper/Cobalt","2","researched_no_channel"
"Africa Prospect Development Zambia Limited","gemstones","82657","2","0","Garnet/Feldspar/Corundum","1","researched_no_channel"
"Namonde Mining Limited","gemstones","82644","4","0","Iron Ore/Lead/Zinc","2","researched_no_channel"
"Worthy Ventures Limited","critical_battery","82581","1","0","Limestone (General)/Lead/Zinc","1","never_researched"
"Jingneng Mining Limited","gemstones","82163","4","0","Copper/Zinc/Gold","0","researched_no_channel"
"Butala Capital Company Limited","critical_battery","81895","3","1","Zinc/Lead/Copper","2","researched_no_channel"
"Camland Construction Limited","gold","81662","1","0","Gold/Zinc/Cobalt","1","never_researched"
"Copperbelt Chemicals Zambia Limited","critical_battery","81311","1","0","Iron Ore/Manganese/Rare EarthsElements","0","researched_no_channel"
"Solplus Holdings Limited","gemstones","80386","3","0","Amethyst/Quartz/Ruby","1","researched_no_channel"
"Brigade Construction Limited","critical_battery","79768","6","2","Manganese/Gold/Silver","1","researched_no_channel"
"Madar Mining Zambia Limited","gemstones","79372","1","0","Rare EarthsElements/Manganese/Lead","0","never_researched"
"ELEGANTE MINERAL RESOURCES LIMITED","gemstones","79213","3","0","Gold/Zinc/Copper","0","researched_no_channel"
"Zhonghe Investment Group Coorperation Limited","gemstones","79205","1","0","Manganese/Nickel/Zinc","0","never_researched"
"North Gypsum Mining Limited","gemstones","78318","1","0","Rare EarthsElements/Manganese/Silver","0","never_researched"
"Red Sea Resources Zambia Limited","critical_battery","78163","3","0","Lead/Manganese/Gold","2","researched_no_channel"
"Brxton Construction Limited","critical_battery","77553","2","0","Nickel/Zinc/Gold","1","researched_no_channel"
"N.I.C Investments Limited","critical_battery","77332","1","0","Nickel/Uranium/Zinc","1","researched_no_channel"
"Mudiwa Resources Limited","gemstones","76943","3","0","Gold/Cobalt/Copper","2","researched_no_channel"
"Exoryxi Mining Limited","gemstones","75665","5","0","Gold/Copper/Cobalt","2","researched_no_channel"
"Binjoh Investments Limited","gemstones","75657","4","0","Copper/Manganese/Silver","0","researched_no_channel"
"Pegma Mining Limited","gemstones","75010","4","0","Iron Ore/Zinc/Nickel","1","researched_no_channel"
"FORLUK VENTURES LIMITED","critical_battery","74793","5","0","Gold/Copper/Cobalt","3","researched_no_channel"
"Nile Minerals Limited","gemstones","74613","4","0","Manganese/Copper/Zinc","0","researched_no_channel"
"Copper Anode Zambia Limited","critical_battery","74550","4","0","Lead/Zinc/Gold","0","researched_no_channel"
"Karamay Investment Company Limited","gemstones","74530","1","0","Quartz/Platinum/Niobium (Columbium)","0","never_researched"
"EVONSE INVESTMENTS LIMITED","base_metals","73417","1","0","Copper","0","researched_no_channel"
"Bayaji Zambia Limited","critical_battery","72657","1","0","Gold/Manganese/Cobalt","0","never_researched"
"Sino Great Chemical Company Limited","gemstones","72516","1","0","Malachite/Iron Ore/Nickel","0","never_researched"
"SIBRU MINING INVESTMENTS LIMITED","gemstones","72300","4","0","Nickel/Silver/Zinc","0","researched_no_channel"
"Senke Investment Limited","gemstones","71981","6","0","Copper/Kaolin/Feldspar","1","researched_no_channel"
"Magna Mining Limited","gemstones","71697","5","0","Copper/Gold/Manganese","0","researched_no_channel"
"Bayan Construction Limited","critical_battery","71519","3","1","Iron Ore/Manganese/Silver","1","researched_no_channel"
"Sendwe Investments Limited","critical_battery","70697","5","1","Gold/Nickel/Cobalt","0","researched_no_channel"
"Avocado Mining Limited","gemstones","69764","5","1","Copper/Gold/Iron Ore","5","researched_no_channel"
"Mildil Construction Limited","critical_battery","69272","4","0","Gold/Copper/Cobalt","3","researched_no_channel"
"Tehila Milling Limited","critical_battery","69059","1","0","Lead/Nickel/Zinc","1","never_researched"
"pumbaa ventures limited","critical_battery","68971","2","0","Iron Ore/Copper/Cobalt","2","researched_no_channel"
"Pacific Minerals Limited","gemstones","68628","4","0","Niobium (Columbium)/Gold/Copper","0","researched_no_channel"
"Muvalu Mining Company Limited","base_metals","68627","1","0","Copper","1","researched_no_channel"
"Hidden Treasures Mining Limited","gemstones","67979","4","0","Quartz/Copper/Gold","3","researched_no_channel"
"Kulwant Investments Limited","gemstones","67393","2","0","Copper/Iron Ore/Gold","0","researched_no_channel"
"STRAMIN AFRICA ZAMBIA LIMITED","gemstones","67104","1","0","Rare EarthsElements/Quartz/Niobium (Columbium)","0","researched_no_channel"
"Liuris Resources Limited","critical_battery","66988","2","0","Manganese/Malachite/Zinc","0","researched_no_channel"
"BLACK TIGER MINING LIMITED","gemstones","66417","3","0","Gold/Nickel/Cobalt","2","researched_no_channel"
"Nalukui Investments  Limited","gold","66132","2","0","Lead/Palladium/Platinum","0","researched_no_channel"
"imwater technologies zambia limited","critical_battery","66040","2","0","Malachite/Lead/Zinc","2","researched_no_channel"
"Datong Industry Corporation Limited","critical_battery","65884","1","0","Iron Ore/Manganese/Copper","0","never_researched"
"Vienco Industries Limited","gemstones","65817","3","0","Copper/Gold/Silver","1","researched_no_channel"
"Ciba International Limited","gemstones","64779","2","0","Feldspar/Garnet/Nickel","0","researched_no_channel"
"SK Rural Development Company Limited","critical_battery","64773","1","0","Silver/Manganese/Tantalum","0","never_researched"
"ATL Exploration and Mining Limited","gemstones","64429","3","0","Nickel/Manganese/Malachite","0","researched_no_channel"
"Mukoleku Security Services Limited","critical_battery","64075","1","0","Silica/Rare EarthsElements/Platinum","0","never_researched"
"Zam O Fresh Product Limited","gemstones","64053","4","0","Anhydrite/Limestone (General)/Gypsum","3","researched_no_channel"
"Shindumba Mining Limited","critical_battery","63901","1","0","Nickel/Silver/Zinc","0","researched_no_channel"
"Guohua Mining Company Limited","gemstones","63837","4","0","Emerald/Gold/Nickel","3","researched_no_channel"
"Jingdao Mining Limited","gemstones","62433","5","0","Copper/Manganese/Cobalt","0","researched_no_channel"
"Droplex Industrial System Limited","critical_battery","62193","2","0","Manganese/Tin/Lithium","1","researched_no_channel"
"Wealthfields Minerals And Metals Limited","critical_battery","62144","3","0","Iron Ore/Manganese/Silver","3","researched_no_channel"
"Hadaean Minerals Limited","gemstones","61665","2","0","Iron Ore/Gold/Niobium (Columbium)","1","researched_no_channel"
"Faith Mountain Investments Company Limited","gemstones","61063","3","0","Gold/Copper/Nickel","0","researched_no_channel"
"Ulubwe Mining Limited","gemstones","60417","5","1","Gold/Copper/Zinc","1","researched_no_channel"
"Achilles Mining Limited","critical_battery","60231","3","0","Silver/Manganese/Platinum","1","researched_no_channel"
"Eagles Holding Limited","gemstones","59800","4","1","Lead/Silver/Zinc","2","researched_no_channel"
"Gold Trap World Resources Limited","gemstones","59726","1","0","Iron Ore/Nickel/Tin","0","never_researched"
"Mount Putuo Copper Mine Limited","gemstones","59237","4","0","Lead/Gold/Silver","0","researched_no_channel"
"SHINETH RESOURCE MINING LIMITED","gemstones","57617","3","0","Malachite/Gold/Copper","0","researched_no_channel"
"Golden Horse Investements Limited","critical_battery","57611","1","0","Iron Ore/Manganese/Copper","1","never_researched"
"BRUDAS INVESTMENTS LIMITED","gemstones","57584","2","0","Quartz/Fluorine-Fluorite/Feldspar","0","researched_no_channel"
"Lusasha Mining and Contractors Limited","critical_battery","57465","1","0","Quartz/Manganese/Zinc","1","never_researched"
"Frontier Generations Limited","gemstones","56706","1","0","Gold/Quartz/Emerald","1","never_researched"
"Hongyida Investment Limited","critical_battery","56652","5","0","Copper/Silver/Zinc","2","researched_no_channel"
"Zambian Anglo Copper Limited","gemstones","56648","6","0","Gold/Copper/Cobalt","3","researched_no_channel"
"Irenka Limited","critical_battery","55795","3","0","Gold/Zinc/Cobalt","0","researched_no_channel"
"Kango Trading Limited","critical_battery","55527","1","0","Niobium (Columbium)/Silver/Zinc","1","never_researched"
"New-MC Investment Limited","gemstones","55412","5","0","Gold/Copper/Cobalt","0","researched_no_channel"
"L and I Investments Limited","critical_battery","55208","1","0","Nickel/Silver/Gold","0","never_researched"
"Cob Global Printers and Suppliers Limited","critical_battery","55058","3","0","Iron Ore/Zinc/Quartz","1","researched_no_channel"
"Kambole Minerals Limited","critical_battery","54982","2","0","Dolomite/Zinc/Nickel","1","researched_no_channel"
"Fort Jameson Gold Fields Limited","critical_battery","54790","2","0","Iron Ore/Lead/Zinc","1","researched_no_channel"
"JP MINERAL AND REFINERY LIMITED","gemstones","54672","3","0","Silver/Gypsum/Graphite","0","researched_no_channel"
"African Pearl Estates Limited","gemstones","53996","6","1","Gold/Copper/Cobalt","5","researched_no_channel"
"Zammao Mining Investment Company Limited","critical_battery","53947","3","0","Copper/Manganese/Gold","2","researched_no_channel"
"Black Dolphin Natural Resources Limited","critical_battery","53694","4","0","Iron Ore/Manganese/Copper","3","researched_no_channel"
"Amabwe Mineral Ventures Limited","gemstones","53280","3","0","Silver/Emerald/Nickel","0","researched_no_channel"
"Interprochan Enterprises Limited","critical_battery","53108","1","0","Nickel/Silver/Zinc","0","never_researched"
"HOTA MINING COMPANY LIMITED","gemstones","52900","1","0","Silver/Rare EarthsElements/Quartz","0","never_researched"
"Nova Capital Solutions Limited","gemstones","52295","1","0","Gravel/Iron Ore/Gold","0","never_researched"
"Chibaris International (Zambia) Limited","gemstones","52051","2","0","Quartz/Palladium/Niobium (Columbium)","1","researched_no_channel"
"OOLITIC INVESTMENTS LIMITED","gemstones","51686","4","0","Gold/Copper/Zinc","0","researched_no_channel"
"TAAZ MINING LIMITED","critical_battery","51653","2","0","Nickel/Zinc/Gold","0","researched_no_channel"
"Auroma Mining and Minerals Zambia Limited","gemstones","51363","4","0","Iron Ore/Manganese/Gold","0","researched_no_channel"
"Zambia Investments Connections Limited","gold","51300","1","0","Gold/Copper/Cobalt","0","researched_no_channel"
"Pridegems Mines Limited","gemstones","51091","3","2","Emerald/Copper/Gold","1","researched_no_channel"
"Kawachi Minerals Limited","gemstones","50997","3","0","Manganese/Gold/Copper","0","researched_no_channel"
"Constantinou Menelaos Agathoklis Mining Company Limited","gold","50978","3","0","Gold/Copper/Cobalt","3","researched_no_channel"
"Digital African Company Limited","gemstones","50964","2","0","Iron Ore/Manganese/Gold","0","researched_no_channel"
"LOBITO RESOURCES LIMITED","gemstones","50657","1","0","Garnet/Gemstones/Feldspar","0","never_researched"
"Golden Baobab Investments Limited","gemstones","50626","5","0","Copper/Gold/Cobalt","3","researched_no_channel"
"Danita Import and Export Logistics Limited","critical_battery","50152","4","0","Iron Ore/Manganese/Copper","4","researched_no_channel"
"CHADIZA MINERAL RESOURCES LIMITED","critical_battery","50079","4","0","Gold/Copper/Cobalt","2","researched_no_channel"
"Mwekuna Estate Limited","critical_battery","49764","2","0","Iron Ore/Manganese/Gold","2","researched_no_channel"
"Dason Zambia Limited","gemstones","49731","3","2","Gold/Copper/Cobalt","1","researched_no_channel"
"Unene Trading Limited","critical_battery","49669","2","0","Manganese/Copper/Cobalt","2","researched_no_channel"
"Hammer-Land Construction and Mining Limited","gemstones","49225","4","0","Iron Ore/Coal/Lead","0","researched_no_channel"
"Bountiful Blessing Investments Limited","critical_battery","49058","2","2","Gold/Nickel/Copper","0","researched_no_channel"
"Chikaban Corporation Zambia Limited","critical_battery","48918","1","0","Iron Ore/Manganese/Gold","0","never_researched"
"Innovative Mining Limited","critical_battery","48880","1","0","Titanium/Nickel/Zinc","0","never_researched"
"Fifty Nine Investments Limited","critical_battery","48290","2","0","Gold/Manganese/Cobalt","1","researched_no_channel"
"Intergration Zambia Limited","gemstones","48235","1","0","Manganese/Iron Ore/Platinum","1","never_researched"
"Mwenshi Resources Limited","critical_battery","48217","2","0","Nickel/Quartz/Zinc","0","researched_no_channel"
"SILVER JACKET GENERAL DEALERS LIMITED","critical_battery","48061","3","0","Iron Ore/Manganese/Copper","2","researched_no_channel"
"P & C PRACH INVESTMENTS ZAMBIA LIMITED","critical_battery","48014","1","0","Iron Ore/Manganese/Zinc","0","researched_no_channel"
"Siraj Solutions Company Limited","gemstones","47951","5","0","Copper/Cobalt/Gold","0","researched_no_channel"
"Hemings Investments Limited","critical_battery","47808","3","0","Copper/Cobalt/Silver","2","researched_no_channel"
"Magnum Gulf Resources (Zambia) Limited","critical_battery","47698","2","0","Manganese/Limestone (General)/Dolomite","0","researched_no_channel"
"TCB Mines & Minerals Limited","gemstones","47659","3","0","Lead/Gold/Tourmaline","0","researched_no_channel"
"Kafue Copper Limited","gemstones","47544","4","0","Copper/Silver/Cobalt","1","researched_no_channel"
"Supernova Mining and Exploration Limited","critical_battery","47478","1","0","Nickel/Rare EarthsElements/Uranium","0","never_researched"
"MAKOOLA RESOURCES LIMITED","gemstones","46834","2","0","Emerald/Manganese/Nickel","0","researched_no_channel"
"Omex Mining(ZAMBIA) Limited","critical_battery","46639","3","0","Gold/Zinc/Cobalt","2","researched_no_channel"
"Navratan Enterprise Limited","critical_battery","46605","1","0","Nickel/Manganese/Silver","0","never_researched"
"Fontainebleau Zambia Limited","gemstones","46242","5","0","Gold/Nickel/Zinc","0","researched_no_channel"
"Zman Zambia Limited","gemstones","46116","4","0","Cobalt/Copper/Gold","0","researched_no_channel"
"Salman mining Enterprises Limited","gemstones","46115","4","1","Silver/Nickel/Platinum Group Metals","4","researched_no_channel"
"SUNRIDGE ENERGIES LIMITED","gemstones","46106","2","0","Copper/Sugilite/Tourmaline","0","researched_no_channel"
"BuildFreca Construction Limited","critical_battery","45791","1","0","Gold/Nickel/Cobalt","1","never_researched"
"UNI METALS AND MINERALS LIMITED","critical_battery","45772","3","0","Lead/Tin/Manganese","0","researched_no_channel"
"Golden Flame International  Company Limited","critical_battery","45722","4","0","Copper/Cobalt/Gold","0","researched_no_channel"
"JFS Resources Limited","gold","45706","2","0","Silver/Gold","1","researched_no_channel"
"GANUNA MINERALS LIMITED","gold","45429","1","0","Quartz/Zinc/Gold","0","never_researched"
"Mulundu Holdings Limited","critical_battery","45149","3","0","Rare EarthsElements/Manganese/Zinc","2","researched_no_channel"
"CORE LODE INVESTMENTS LIMITED","gemstones","44689","5","0","Emerald/Gold/Nickel","0","researched_no_channel"
"Musenga Mining Zambia Limited","gold","44644","2","0","Iron Ore/Copper/Gold","0","researched_no_channel"
"Meridian Mining & Exploration Limited","gemstones","44322","1","0","Gold/Lithium/Manganese","0","researched_no_channel"
"Drift Mining Limited","gold","43964","1","0","Gold/Silver/Cobalt","1","never_researched"
"Aquilagreen Resource Limited","critical_battery","43625","3","0","Copper/Gold/Nickel","1","researched_no_channel"
"Matsimu Investment Limited","critical_battery","43617","1","0","Tin/Tantalum","1","never_researched"
"Lusan Indusries Ltd","gemstones","43555","2","0","Gold/Iron Ore/Cobalt","0","researched_no_channel"
"Far-North Enterprise Limited","critical_battery","43433","2","0","Manganese/Silver/Cobalt","0","researched_no_channel"
"Zahori Company Limited","gemstones","43226","3","0","Lead/Quartz/Rare EarthsElements","1","researched_no_channel"
"Ngucha Energy Corporation Limited","critical_battery","42726","1","0","Nickel/Manganese/Platinum","1","never_researched"
"Trade Zone Limited","critical_battery","42662","3","0","Anhydrite/Gypsum/Talc-Soapstone","2","researched_no_channel"
"Grand Seven Limited","gemstones","42652","4","0","Quartz/Copper/Cobalt","4","researched_no_channel"
"Zambian United Mining Corporation Limited","critical_battery","42623","2","0","Manganese/Lead/Zinc","1","researched_no_channel"
"Diars Mining Limited","gemstones","42610","1","0","Manganese/Limestone (General)/Iron Ore","1","never_researched"
"Sunlight Estates Natural Development Limited","gemstones","42539","1","0","Lead/Mercury/Zinc","1","never_researched"
"Pendwe Mining Company Limited","gemstones","42439","2","1","Iron Ore/Gold/Copper","1","researched_no_channel"
"Samfuel Limited","gemstones","42435","2","0","Tantalum/Iron Ore/Tin","0","researched_no_channel"
"Black Impala Resources Limited","gemstones","42313","1","0","Malachite/Limestone (General)/Lead","0","never_researched"
"Cherish Minerals Zambia Limited","gemstones","42246","4","0","Gold/Nickel/Silver","0","researched_no_channel"
"KHAYBAR RESOURCES LIMITED","gemstones","42182","5","0","Gold/Manganese/Cobalt","0","researched_no_channel"
"Zambian West Mining Corporation","critical_battery","42085","1","0","Silver/Manganese/Zinc","0","never_researched"
"Kalupa Resources Limited","critical_battery","42005","2","0","Manganese/Silver/Gold","0","researched_no_channel"
"Luano Agricultural Development Limited","critical_battery","41856","1","0","Manganese/Silver/Zinc","0","never_researched"
"GOLD STONE MINING LIMITED","gemstones","41678","4","0","Quartz/Zinc/Nickel","0","researched_no_channel"
"Kabula Mining Resources Limited","base_metals","41621","2","2","Copper/","2","researched_no_channel"
"Cibakent Lithium Technology Limited","gemstones","41469","4","0","Gold/Copper/Cobalt","2","researched_no_channel"
"Together Resources Limited","gemstones","41417","4","0","Zinc/Iron Ore/Lead","0","researched_no_channel"
"G & G National Wide Import And Export Limited","critical_battery","41394","2","0","Tantalum/Nickel/Silver","2","researched_no_channel"
"Minetech Resources Limited","critical_battery","41187","2","1","Iron Ore/Silver/Zinc","1","researched_no_channel"
"Mujimanzovu Resources Limited","gemstones","41155","1","0","Mica/Gold/Quartz","0","never_researched"
"W.M.M Investments Limited","critical_battery","41010","1","0","Manganese/Lead/Nickel","0","never_researched"
"Commstack Investments Zambia Limited","critical_battery","40902","2","0","Nickel/Silver/Zinc","0","researched_no_channel"
"Famagusta Mining Corporation Limited","critical_battery","40623","4","0","Manganese/Iron Ore/Mica","4","researched_no_channel"
"Chereb Investment Limited","gold","40583","1","0","Lead/Silver/Zinc","1","never_researched"
"Kula Resources Limited","critical_battery","40464","1","0","Platinum Group Metals/Nickel/Zinc","0","never_researched"
"Abege Investments Limited","gemstones","40400","4","0","Copper/Gold/Cobalt","2","researched_no_channel"
"Handa Resources Limited","critical_battery","40217","2","1","Gold/Zinc/Cobalt","1","researched_no_channel"
"KINGBLUE INVESTMENTS LIMITED","gemstones","40197","3","0","Iron Ore/Zinc/Gold","1","researched_no_channel"
"GABBRO VENTURES LIMITED","gemstones","40136","5","0","Copper/Gold/Malachite","0","researched_no_channel"
"DIEN MINING COMPANY LIMITED","gold","39718","2","0","Gold/Zinc/Cobalt","0","researched_no_channel"
"OMNI METALS LIMITED","critical_battery","39632","1","0","Manganese/Silver/Zinc","1","never_researched"
"Goldline Mining Limited","gold","39508","4","0","Silver/Copper/Cobalt","1","researched_no_channel"
"Mwinu Mines Limited","gemstones","39371","1","0","Lead/Iron Ore/Anhydrite","1","never_researched"
"Sunhouse Investment Limited","critical_battery","39340","1","0","Limestone (General)/Lead/Zinc","1","never_researched"
"EZULU Mining Limited","gemstones","38775","5","0","Copper/Gold/Iron Ore","0","researched_no_channel"
"Sino Great Logistics Company Limited","gemstones","38558","4","2","Talc-Soapstone/Coal/Limestone (General)","0","researched_no_channel"
"FAMS Mining Zambia Limited","critical_battery","38442","2","0","Nickel/Manganese/Silver","1","researched_no_channel"
"Afro Wealth Limited","gemstones","38410","2","0","Gold/Zinc/Coal","2","researched_no_channel"
"Wise Suppliers Company Limited","gemstones","38124","3","0","Cobalt/Copper/Gold","0","researched_no_channel"
"elements mining development and innovation limited","critical_battery","37936","3","0","Gold/Copper/Cobalt","0","researched_no_channel"
"Investec Technical Services Limited","gemstones","37767","1","0","Limestone (General)/Lead/Iron Ore","1","never_researched"
"Insofu Mining Limited","gold","37255","1","0","Silver/Uranium/Gold","0","never_researched"
"Kangila Investments Limited","gemstones","37033","3","0","Gold/Zinc/Cobalt","0","researched_no_channel"
"Miratorg Investments Limited","gemstones","37009","2","0","Lithium/Manganese/Lead","0","researched_no_channel"
"Bespoke Mining Limited","gemstones","37008","4","0","Gold/Copper/Manganese","0","researched_no_channel"
"Lucky crystal investments Limited","gemstones","36896","4","0","Copper/Cobalt/Amethyst","1","researched_no_channel"
"Magnus Mining Limited","gemstones","36804","2","0","Manganese/Quartz/Limestone (General)","1","researched_no_channel"
"Big Bang Minerals Limited","gemstones","36791","2","0","Quartz/Tourmaline/Zinc","1","researched_no_channel"
"San He Manufacturing Zambia Limited","gemstones","36732","8","3","Copper/Zinc/Manganese","3","researched_no_channel"
"Zambezi Mint Investment Limited","critical_battery","36662","1","0","Nickel/Silver/Zinc","0","never_researched"
"BONSE MINING LIMITED","critical_battery","36389","1","0","Quartz/Manganese/Zinc","1","never_researched"
"Changa Mining Limited","critical_battery","36386","1","0","Iron Ore/Manganese/Gold","0","never_researched"
"Growth Box Investment Limited","critical_battery","36087","3","0","Lead/Manganese/Zinc","3","researched_no_channel"
"Unirate Investments Limited","gemstones","36066","2","0","Iron Ore/Gold/Manganese","2","researched_no_channel"
"Sino-Kasempa Minerals Limited","critical_battery","35820","2","1","Gold/Zinc/Copper","1","researched_no_channel"
"ZCCM IH Plc","gemstones","35819","1","0","Manganese/Limestone (General)/Silver","1","never_researched"
"Dharti Mining Limited","gemstones","35704","2","1","Zinc/Beryllium/Emerald","2","researched_no_channel"
"OSPREY RESOURCES LIMITED","critical_battery","35560","2","2","Silver/Uranium/Gold","2","researched_no_channel"
"Radiant King Mining Zambia Limited","gemstones","35544","2","0","Manganese/Iron Ore/Rare EarthsElements","1","researched_no_channel"
"Geotech Mining Limited","gemstones","35418","3","0","Gold/Zinc/Cobalt","0","researched_no_channel"
"Likanta Resources Limited","critical_battery","35395","1","0","Sand and Gravel/Rare EarthsElements/Niobium (Columbium)","1","never_researched"
"Basmel Mining and Construction Limited","critical_battery","35206","3","0","Manganese/Gold/Copper","2","researched_no_channel"
"CHITETA MINING COMPANY LIMITED","gold","34574","1","0","Gold/Copper/Cobalt","0","researched_no_channel"
"MM Homes Management Limited","gemstones","34473","4","0","Manganese/Lead/Copper","3","researched_no_channel"
"Rajeev Minerals Limited","critical_battery","34360","4","0","Limestone (General)/Iron Ore/Molding","1","researched_no_channel"
"Srinibash Resources Zambia Limited","gemstones","34337","4","0","Copper/Gold/Lead","1","researched_no_channel"
"Brooks Commodities Limited","gold","34225","1","0","Iron Ore/Lead/Limestone (General)","1","researched_no_channel"
"Central Africa Renewable Energy Corporation Limited","critical_battery","34181","1","0","Nickel/Uranium/Zinc","1","never_researched"
"Neptune  Iron Ore Mining LTD","gemstones","33788","2","0","Zinc/Gold/Copper","0","researched_no_channel"
"THORAS RESOURCES AND MINERALS LIMITED","gemstones","33590","3","0","Cobalt/Gold/Copper","0","researched_no_channel"
"Ganzhou Investments Limited","gemstones","33383","3","0","Manganese/Lead/Zinc","0","researched_no_channel"
"Freca Mining & Manufacturing Limited","critical_battery","32964","3","2","Copper/Nickel/Silver","2","researched_no_channel"
"DAMATECH MINING LIMITED","gemstones","32817","4","0","Platinum/Lead/Zinc","0","researched_no_channel"
"Mabwetuba Investments Limited","gemstones","32705","4","0","Gold/Copper/Cobalt","2","researched_no_channel"
"Century Minerals And Metals Mining Limited","critical_battery","32666","1","0","Nickel/Manganese/Limestone (General)","0","researched_no_channel"
"Momentum  Mining Services  Limited","critical_battery","32597","1","0","Nickel/Manganese/Zinc","1","never_researched"
"Yuanhua Investment Limited","gemstones","32357","4","2","Cobalt/Copper/Quartz","2","researched_no_channel"
"Environmental Spirit Strategies Limited","gold","32314","1","0","Gold/Zinc/Cobalt","1","never_researched"
"Prasine Mineral Limited","gemstones","32279","5","0","Gold/Copper/Cobalt","0","researched_no_channel"
"San He (Zambia) Limited","critical_battery","32155","6","4","Manganese/Copper/Cobalt","4","researched_no_channel"
"HANSI MINING ZAMBIA LIMITED","gemstones","31933","4","0","Cobalt/Copper/Gold","0","researched_no_channel"
"Israma Ventures Limited","gemstones","31754","3","0","Copper/Gold/Nickel","0","researched_no_channel"
"Zhongdi Mining Group Corp.Ltd","critical_battery","31535","1","0","Silver/Manganese/Zinc","1","never_researched"
"Mining Ventures Company Limited","gemstones","31304","4","0","Manganese/Zinc/Gold","4","researched_no_channel"
"Randn Cooperate Zambia Limited","critical_battery","31299","2","0","Nickel/Anhydrite/Zinc","2","researched_no_channel"
"Kwisano Resources Limited","gemstones","31237","4","0","Silver/Manganese/Nickel","0","researched_no_channel"
"Zhengying Mining Limited","gemstones","30768","3","0","Iron Ore/Lead/Manganese","0","researched_no_channel"
"Rio Resources Zambia Limited","critical_battery","30759","7","2","Manganese/Cobalt/Zinc","4","researched_no_channel"
"Zambian North Mining Corporation Limited","critical_battery","30723","1","0","Manganese/Uranium/Zinc","0","never_researched"
"Sundell Investment Limited","critical_battery","30496","2","0","Manganese/Copper/Iron Ore","0","researched_no_channel"
"Crustern Investments Limited","critical_battery","30495","4","0","Gold/Copper/Cobalt","1","researched_no_channel"
"Tawakkal Mining Equipments & Auto Spares Limited","gemstones","30460","1","0","Manganese/Limestone (General)/Tin","0","never_researched"
"Muzatinva Investments Limited","gemstones","30241","4","0","Copper/Cobalt/Nickel","1","researched_no_channel"
"Ramt Mining Zambia Limited","gemstones","30221","3","0","Gold/Cobalt/Copper","0","researched_no_channel"
"Nakuru Logistics Limited","gemstones","30155","5","1","Copper/Gold/Nickel","1","researched_no_channel"
"Rainsun Allena Mining Limited","gemstones","29991","3","0","Gold/Copper/Cobalt","0","researched_no_channel"
"Walicho Enterprise Limited","critical_battery","29934","2","0","Gold/Iron Ore/Nickel","2","researched_no_channel"
"Buffalo Hill Investments Limited","critical_battery","29780","1","0","Silver/Manganese/Zinc","0","never_researched"
"MARESTHER MINERAL RESOURCES LIMITED","gold","29724","1","0","Gold/Copper/Cobalt","0","never_researched"
"Diverse Minerals Limited","gemstones","29681","1","0","Silver/Nickel/Manganese","0","never_researched"
"Neba Resources Limited","gemstones","29433","3","0","Manganese/Silver/Zinc","0","researched_no_channel"
"CLS World Link Limited","gemstones","29302","1","0","Niobium (Columbium)/Nickel/Manganese","1","never_researched"
"Armada Minerals Limited","critical_battery","29208","1","0","Platinum/Palladium/Nickel","0","never_researched"
"Elatis Investment Limited","critical_battery","28921","2","0","Quartz/Manganese/Zinc","2","researched_no_channel"
"Pangeni Mineral Resources Limited","gold","28913","1","0","Lead/Zinc/Gold","1","researched_no_channel"
"Wildrock Resources Limited","gemstones","28655","1","0","Quartz/Lead/Iron Ore","1","researched_no_channel"
"Pinak Resources Zambia Limited","critical_battery","28644","1","0","Lead/Manganese/Iron Ore","0","never_researched"
"SELEAD MINING AND QUARRIES LIMITED","gemstones","28576","3","0","Silver/Tourmaline/Copper","0","researched_no_channel"
"Big 3 Lithium Investments Limited","critical_battery","28549","1","0","Tin/Titanium/Niobium (Columbium)","1","researched_no_channel"
"Riverbed Resources Limited","gemstones","28507","3","0","Gold/Malachite/Copper","0","researched_no_channel"
"DIAMOND RESOURCES HOLDING LIMITED","gemstones","28463","2","0","Silver/Gold/Nickel","2","researched_no_channel"
"IVANHOE INVESTMENT LIMITED","gemstones","28406","3","0","Cobalt/Copper/Silver","0","researched_no_channel"
"Lubona Mining Company","gemstones","28347","5","0","Gold/Zinc/Manganese","5","researched_no_channel"
"Chindende Chindende Mineral Company Limited","critical_battery","28273","1","0","Gold/Manganese/Cobalt","0","never_researched"
"KASUNGA MINING LIMITED","gemstones","28224","2","0","Manganese/Zinc/Quartz","0","researched_no_channel"
"Bangweulu Batteries Limited","critical_battery","28191","1","0","Manganese/Lead/Uranium","0","never_researched"
"NTUBU MINERALS LIMITED","gemstones","27978","3","0","Manganese/Zinc/Lead","1","researched_no_channel"
"KATUBELEKE MINING LIMITED","gemstones","27976","2","0","Tin/Copper/Coal","0","researched_no_channel"
"Lekwa Investments Limited","critical_battery","27964","2","0","Gold/Iron Ore/Rare EarthsElements","1","researched_no_channel"
"Alpine  Mining & Exploration Limited","critical_battery","27847","3","0","Coal/Nickel/Silver","2","researched_no_channel"
"Horizon Alliance Resources Limited","gemstones","27771","2","0","Platinum/Nickel/Tantalum","0","researched_no_channel"
"Wayne Investment Limited","critical_battery","27705","4","0","Tin/Cobalt/Copper","3","researched_no_channel"
"Satwant Mining Limited","critical_battery","27689","1","0","Tantalum/Manganese/Tungsten","1","never_researched"
"Agrivas Mineral and Metals Limited","gemstones","27672","3","0","Manganese/Gold/Iron Ore","0","researched_no_channel"
"Tauraus Mineral Resources Limited","critical_battery","27651","6","1","Gold/Copper/Cobalt","1","researched_no_channel"
"Anantaa Mining Limited","critical_battery","27498","2","0","Zinc/Limestone (General)/Manganese","2","researched_no_channel"
"Masccor Construction And Plant Limited","critical_battery","27481","1","0","Manganese/Silver/Copper","1","researched_no_channel"
"Nyami Resources Limited","critical_battery","27472","4","1","Gold/Copper/Cobalt","3","researched_no_channel"
"Zamvictory Investments Limited","gemstones","27386","4","0","Copper/Cobalt/Manganese","1","researched_no_channel"
"PSI MINING LIMITED","critical_battery","27296","1","0","Malachite/Nickel/Zinc","0","never_researched"
"Copper X Resources Limited","base_metals","27254","1","0","Copper","1","researched_no_channel"
"Strong Tower Mining Ltd","gemstones","27227","2","1","Zinc/Nickel/Quartz","1","researched_no_channel"
"Sunrain Purified Construction Limited","gemstones","27217","3","1","Copper/Manganese/Gold","2","researched_no_channel"
"GSY Construction Zambia Limited","critical_battery","27180","3","1","Silver/Zinc/Gold","1","researched_no_channel"
"Buildridge Construction Limited","gemstones","27172","2","0","Iron Ore/Silver/Copper","1","researched_no_channel"
"ZAMDA INDUSTRIES LIMITED","gemstones","27049","2","0","Iron Ore/Silver/Zinc","0","researched_no_channel"
"Kamikochi Mining Zambia Limited","critical_battery","26819","1","0","Lead/Manganese/Zinc","1","never_researched"
"Sabs Global Limited","critical_battery","26753","1","0","Nickel/Uranium/Zinc","1","never_researched"
"MALUNECHA RESOURCES LIMITED","gemstones","26645","4","0","Gold/Copper/Cobalt","0","researched_no_channel"
"TGC Mineral Resources Limited","critical_battery","26187","2","0","Nickel/Zinc/Manganese","2","researched_no_channel"
"Mirkal Enterprises Limited","critical_battery","26060","2","0","Gold/Iron Ore/Cobalt","2","researched_no_channel"
"ZL Mining One Company Limited","critical_battery","26054","4","2","Copper/Iron Ore/Gold","3","researched_no_channel"
"Rishi Resources Limited","critical_battery","25880","1","0","Manganese","1","never_researched"
"Blue Ocean Minerals and Metals Limited","gemstones","25666","6","2","Manganese/Quartz/Copper","1","researched_no_channel"
"Ishmu Mining Company Limited","gemstones","25649","2","1","Malachite/Lead/Iron Ore","0","researched_no_channel"
"Newlight Nominees Zambia Limited","gold","25511","1","0","Limestone (General)/Silver/Zinc","1","never_researched"
"Lekima Zambia Limited","critical_battery","25464","1","0","Lead/Manganese/Zinc","1","never_researched"
"Tsavo Flour Mills Limited","gemstones","25300","4","0","Gold/Copper/Cobalt","0","researched_no_channel"
"Lwibbe Energy Company Limited","critical_battery","25273","3","0","Tin/Coal/Copper","0","researched_no_channel"
"TECHURATE SOLUTIONS LIMITED","critical_battery","25271","2","0","Gold/Copper/Cobalt","0","researched_no_channel"
"Monet Geo Resources Limited","gemstones","25241","2","0","Gold/Silver/Diamond","2","researched_no_channel"
"MJF Exploration & Mining Limited","critical_battery","25238","3","0","Limestone (General)/Lead/Zinc","2","researched_no_channel"
"Dynamo Mining Limited","critical_battery","24987","2","0","Gold/Iron Ore/Rare EarthsElements","0","researched_no_channel"
"Lian Chao and Yue Ventures Limited","critical_battery","24977","1","0","Lead/Manganese/Zinc","0","never_researched"
"Lubuto Landscaping Limited","critical_battery","24866","1","0","Manganese/Silver/Zinc","1","never_researched"
"Raah Women Mining Enterprises","critical_battery","24855","1","1","Manganese/Copper/Cobalt","1","researched_no_channel"
"Bravo Mining Investment Limited","gemstones","24817","1","1","Gold/Tourmaline/Copper","1","researched_no_channel"
"TANAROCK ENTERPRISES LIMITED","gold","24578","1","0","Gold","0","never_researched"
"Mwembeshi Resources Limited","critical_battery","24531","1","1","Platinum Group Metals/Nickel/Zinc","1","researched_no_channel"
"Vinmic Investments Limited","critical_battery","24528","1","0","Iron Ore/Nickel/Silver","1","researched_no_channel"
"Dharani Mining Limited","base_metals","24453","1","1","Lead/Zinc/Iron Ore","0","researched_no_channel"
"EM Mining Corporation Limited","critical_battery","24444","1","0","Nickel/Manganese/Zinc","0","never_researched"
"Musia Minerals Limited","gemstones","24420","1","0","Limestone (General)/Iron Ore/Manganese","0","never_researched"
"F-Net Zambia Limited","critical_battery","24385","2","0","Iron Ore/Lead/Manganese","2","researched_no_channel"
"Musamu Resources ltd","critical_battery","24229","1","1","Nickel/Manganese/Rare EarthsElements","1","researched_no_channel"
"Kashime Copper Limited","unknown","24177","1","1","","1","researched_no_channel"
"Goldenfly Investment Zambia Limited","critical_battery","24085","2","0","Quartz/Zinc/Gold","0","researched_no_channel"
"LIHAAN MINING COMPANY LIMITED","gemstones","24081","3","0","Manganese/Lead/Nickel","0","researched_no_channel"
"Eagles Eye Transformation Limited","critical_battery","24074","3","2","Copper/Cobalt/Manganese","2","researched_no_channel"
"Mahamu Holdings Limited","gold","24017","1","0","Gold/Silver/Coal","0","never_researched"
"JUZNI MINERAL RESOURCES LIMITED","critical_battery","23818","2","0","Copper/Cobalt/Nickel","0","researched_no_channel"
"KIKANA MINERALS LIMITED","critical_battery","23702","1","0","Lead/Manganese/Silver","0","never_researched"
"Lying Dragon Investment Company Limited","critical_battery","23614","1","0","Manganese/Zinc/Gold","0","researched_no_channel"
"Growmax Mining Limited","critical_battery","23577","1","0","Lead/Manganese/Silver","0","never_researched"
"Copa Investments Zambia Limited","base_metals","23414","1","1","Copper","1","researched_no_channel"
"Katenge Resources Limited","critical_battery","23333","1","1","Nickel/Silver/Zinc","1","researched_no_channel"
"Statunga Investments Limited","critical_battery","23159","5","4","Gold/Copper/Cobalt","5","researched_no_channel"
"Jeco Investment Limited","gold","23142","2","0","Silver/Zinc/Gold","1","researched_no_channel"
"IMSS Mining and Engineering Company Limited","gemstones","23057","5","0","Gold/Silver/Copper","5","researched_no_channel"
"Manvin Minerals Limited","gold","23044","1","0","Iron Ore/Lead/Zinc","0","never_researched"
"Tradium Resources Limited","critical_battery","22993","2","0","Iron Ore/Lead/Manganese","1","researched_no_channel"
"Nkanza Resources Limited","critical_battery","22942","1","0","Lead/Nickel/Platinum","0","never_researched"
"Waxman Enterprises Limited","critical_battery","22878","1","0","Manganese/Silver/Zinc","0","never_researched"
"HAMBLOCKS LOGISTICS LIMITED","gemstones","22696","1","0","Quartz/Manganese/Limestone (General)","0","researched_no_channel"
"Grey Copper Mining Limited","critical_battery","22664","4","0","Gold/Copper/Iron Ore","2","researched_no_channel"
"Afromi Investments Limited","critical_battery","22588","1","0","Iron Ore/Nickel/Uranium","0","never_researched"
"Jisanshi Investments Limited","critical_battery","22568","1","0","Manganese/Silver/Zinc","0","never_researched"
"Ecotrade Resources Limited","critical_battery","22523","1","0","Granite/Manganese/Silver","0","never_researched"
"HONG YUN MINING COMPANY LIMITED","gemstones","22413","1","0","Gold/Garnet/Iron Ore","0","never_researched"
"African Minerals and Metals Corporation Limited","gemstones","22338","1","0","Silver/Zinc/Gold","1","never_researched"
"Kyandanshi Investment Limited","gemstones","22287","2","0","Manganese/Malachite/Limestone (General)","0","researched_no_channel"
"Forward Mining Limited","gemstones","22243","5","0","Gold/Copper/Cobalt","1","researched_no_channel"
"Sino-Metals Leach Zambia Limited","base_metals","22096","3","3","Copper/","2","researched_no_channel"
"Coherent Company Limited","gemstones","22019","2","0","Gold/Copper/Talc-Soapstone","1","researched_no_channel"
"Ntamba Mweru Copper Mines Limited","critical_battery","21990","4","0","Iron Ore/Rare EarthsElements/Quartz","1","researched_no_channel"
"Zeopoint Resources Limited","gemstones","21942","2","0","Copper/Iron Ore/Aquamarine","2","researched_no_channel"
"KAVOD MINING LIMITED","gemstones","21936","1","0","Limestone (General)/Iron Ore/Manganese","0","never_researched"
"RENO HILLS GENERAL DEALERS LIMITED","gemstones","21917","1","0","Quartz/Mica/Zinc","0","never_researched"
"Longvee industry Limited","gemstones","21917","3","0","Copper/Feldspar/Iron Ore","0","researched_no_channel"
"Axor Mineral Resources Limited","gemstones","21858","5","2","Gold/Manganese/Quartz","1","researched_no_channel"
"Shagra Mining Company Limited","gemstones","21854","3","0","Nickel/Sugilite/Copper","0","researched_no_channel"
"Easiearth Resources Limited","critical_battery","21849","1","0","Limestone (General)/Lithium/Manganese","1","never_researched"
"Shearzone Resources Limited","gemstones","21685","1","0","Gold/Nickel/Platinum Group Metals","1","never_researched"
"GEO-LOGIC RESOURCES ZAMBIA LIMITED","gemstones","21682","1","0","Gold/Tourmaline/Zinc","0","never_researched"
"CHIPELWA GENERAL DEALERS LIMITED","critical_battery","21643","1","0","Nickel/Malachite/Zinc","0","never_researched"
"Africamark Company Limited","gemstones","21530","2","0","Copper/Nickel/Tantalum","2","researched_no_channel"
"Montauk Mining & Minerals Limited","gold","21488","1","0","Iron Ore/Silver/Gold","0","researched_no_channel"
"Envisage Minerals and Resources Limited","gemstones","21419","3","0","Gold/Copper/Cobalt","1","researched_no_channel"
"Hao Ming Investment Company Limited","gemstones","21389","2","0","Manganese/Limestone (General)/Lead","1","researched_no_channel"
"Yabonse Investment Limited","gemstones","21342","4","0","Nickel/Iron Ore/Zinc","0","researched_no_channel"
"Karma Processing Services and Rural Development Limited","critical_battery","21249","1","0","Lead/Manganese/Nickel","1","never_researched"
"kalafya mining Investment Limited","gemstones","21146","2","0","Manganese/Rare EarthsElements/Iron Ore","1","researched_no_channel"
"Ngetill Resources Company Limited","critical_battery","21122","3","0","Gold/Manganese/Cobalt","2","researched_no_channel"
"Nkisu Minerals and Mining Limited","gold","20954","1","0","Platinum/Silica/Silver","1","never_researched"
"Trimble Spatial Zen Ltd Test","base_metals","20905","5","0","Copper","0","researched_no_channel"
"Hakoda Resources Limited","gemstones","20888","4","0","Gold/Copper/Cobalt","1","researched_no_channel"
"Alamo Resources limited","critical_battery","20883","4","0","Malachite/Zinc/Copper","1","researched_no_channel"
"Dow Distributors Limited","gold","20820","2","0","Iron Ore/Limestone (General)/Copper","0","researched_no_channel"
"Epitome Mining Limited","gemstones","20817","2","0","Copper/Gold/Cobalt","2","researched_no_channel"
"R and R Matunga Logistics Limited","critical_battery","20752","2","1","Gold/Silver/Cobalt","1","researched_no_channel"
"Sofitel Investments Limited","gemstones","20682","1","0","Manganese/Malachite/Nickel","1","never_researched"
"Nkulo Innovations Limited","critical_battery","20650","2","0","Limestone (General)/Nickel/Zinc","0","researched_no_channel"
"Pssreddy Mining Limited","gemstones","20611","4","0","Zinc/Lead/Gold","1","researched_no_channel"
"Amin Mining Limited","gemstones","20271","2","0","Copper/Gold/Zinc","2","researched_no_channel"
"Luckking Star Investment Limited","gemstones","20259","4","0","Gold/Copper/Lead","1","researched_no_channel"
"Abeydo Investment Limited","critical_battery","20136","1","0","Nickel/Manganese/Zinc","1","never_researched"
"MOUNT WATAI COPPER MINE LIMITED","gemstones","20102","1","0","Nickel/Lead/Silver","0","never_researched"
"Silver creek  Mining Limited","gold","20066","1","0","Silver/Zinc/Gold","0","never_researched"
"Yangzijiang Investments Limited","gemstones","20062","1","0","Nickel/Mica/Zinc","0","never_researched"
"Kalene Minerals Zambia Limited","gold","20043","1","0","Silver/Zinc/Gold","0","never_researched"
"NEWCORE MINING ZAMBIA LIMITED","gemstones","20028","1","0","Malachite/Manganese/Lead","0","never_researched"
"Mega Press Limited","gemstones","19962","1","0","Iron Ore/Manganese/Zinc","1","never_researched"
"Zeno Investments Limited","critical_battery","19924","4","0","Gold/Copper/Manganese","0","researched_no_channel"
"Iimba Enterprises Limited","critical_battery","19880","3","0","Manganese/Iron Ore/Zinc","0","researched_no_channel"
"Quality Circles General Trade Limited","critical_battery","19863","1","0","Manganese/Copper/Cobalt","1","never_researched"
"Ganfeng Mining Group Limited","gemstones","19751","1","0","Molybdenum/Niobium (Columbium)/Gold","1","researched_no_channel"
"Zabullir Investment Limited","critical_battery","19723","4","0","Lead/Manganese/Zinc","1","researched_no_channel"
"Zerlin Mining Limited","critical_battery","19704","2","0","Limestone (General)/Manganese/Zinc","2","researched_no_channel"
"Shoe Bill Resources Limited","critical_battery","19633","5","0","Copper/Gold/Iron Ore","0","researched_no_channel"
"Omni Contractors Limited","critical_battery","19620","1","0","Manganese/Silver/Zinc","1","never_researched"
"Tamarisk Investments Ltd","gemstones","19616","1","0","Diamond","0","never_researched"
"Kasote International Limited","critical_battery","19491","1","0","Gold/Iron Ore/Tin","0","never_researched"
"KEKI MINING LIMITED","gemstones","19488","5","0","Manganese/Copper/Gold","0","researched_no_channel"
"Lanxing Investment Limited","gemstones","19472","2","1","Copper/Magnesium (Brucit)/Iron Ore","1","researched_no_channel"
"Capstone Management Company Limited","gemstones","19356","5","0","Gold/Copper/Cobalt","2","researched_no_channel"
"OUEST BUSINESS LIMITED","gemstones","19356","3","0","Manganese/Gold/Lead","0","researched_no_channel"
"VANBUROCK RESOURCES LIMITED","critical_battery","19351","1","0","Iron Ore/Nickel/Gold","0","never_researched"
"Dam Carriers And Logistics Zambia Limited","gemstones","19336","1","0","Rare EarthsElements/Lithium/Zinc","1","never_researched"
"DONOVAN MINERAL RESOURCES ZAMBIA LIMITED","critical_battery","19315","1","0","Iron Ore/Manganese/Uranium","0","never_researched"
"Orein Resources Limited","gemstones","19306","4","1","Gold/Copper/Zinc","0","researched_no_channel"
"Angel Dust Investments Limited","gemstones","19204","2","0","Limestone (General)/Silver/Diamond","0","researched_no_channel"
"Kumbele Mining Company Limited","critical_battery","19165","3","1","Gold/Cobalt/Copper","2","researched_no_channel"
"Geiya Mining Limited","gemstones","19144","2","1","Emerald/Gold/Diamond","1","researched_no_channel"
"Bans Country wide Tours Limited","critical_battery","19002","1","0","Lead/Iron Ore/Lithium","1","never_researched"
"Kamugo Mineral Resources Limited","critical_battery","18925","1","0","Iron Ore/Nickel/Uranium","0","never_researched"
"China Copper Mines Limited","critical_battery","18903","2","0","Nickel/Lead/Zinc","2","researched_no_channel"
"Global Dynamics Mining Limited","gemstones","18876","2","0","Rare EarthsElements/Phosphorus-Phosphates/Silver","1","researched_no_channel"
"Taelu Mining and Investments Limited","gemstones","18798","1","0","Limestone (General)/Iron Ore/Gold","0","never_researched"
"Overseas Minerals And Metals Mining Limited","critical_battery","18766","1","0","Nickel/Manganese/Limestone (General)","0","never_researched"
"Mulungushi Corporation Limited","gold","18659","3","1","Gold/Copper/Cobalt","2","researched_no_channel"
"Ulemu Mining Limited","critical_battery","18615","4","0","Iron Ore/Manganese/Gold","4","researched_no_channel"
"Costele Mining Limited","gemstones","18604","2","0","Iron Ore/Silver/Copper","0","researched_no_channel"
"Zibeline Investment Limited","gemstones","18586","4","0","Copper/Gold/Lead","2","researched_no_channel"
"Rio Tinto Exploration Zambia Ltd","gemstones","18514","1","0","Rare EarthsElements/Niobium (Columbium)/Nickel","1","never_researched"
"SHAN MINING LIMITED","gemstones","18371","1","0","Malachite/Manganese/Lead","0","never_researched"
"Luwan Excellency Investments Limited","critical_battery","18362","5","1","Silver/Limestone (General)/Zinc","3","researched_no_channel"
"Govinda Construction and Investments Limited","critical_battery","18335","1","0","Manganese/Silver/Zinc","1","never_researched"
"Wushuang Mining Company Limited","gemstones","18317","3","0","Gold/Silver/Cobalt","0","researched_no_channel"
"Zambian Goldcommon Resources Holdings Ltd","critical_battery","18237","1","0","Iron Ore/Nickel/Uranium","0","never_researched"
"Chimban  Investments Limited","gemstones","18124","1","0","Lithium/Iron Ore/Gold","1","never_researched"
"EASYPATH INVESTMENTS LIMITED","base_metals","18117","1","0","Anhydrite/Gypsum/Copper","0","researched_no_channel"
"MINEGEM RESOURCES LIMITED","critical_battery","18020","1","0","Nickel/Manganese/Zinc","1","never_researched"
"DONZAM EXPLORATION & MINING ZAMBIA LIMITED","gemstones","17950","3","0","Iron Ore/Nickel/Zinc","0","researched_no_channel"
"BHAVANI MINING LIMITED","critical_battery","17931","1","0","Manganese/Lead/Zinc","0","never_researched"
"CENTICUS ENERGY LIMITED","gemstones","17903","1","0","Nickel/Manganese/Quartz","0","researched_no_channel"
"African Brothers Corporation Limited","critical_battery","17801","3","1","Copper/Zinc/Lead","2","researched_no_channel"
"Fankel Mineral Resources Limited","critical_battery","17788","3","0","Silver/Gold/Copper","0","researched_no_channel"
"GOLD HARVEST MINERALS LIMITED","gemstones","17772","2","0","Gold/Sugilite/Nickel","0","researched_no_channel"
"Madi Resources Limited","critical_battery","17680","2","0","Quartz/Nickel/Zinc","2","researched_no_channel"
"LIIBAN INVESTMENTS ZAMBIA LIMITED","critical_battery","17519","1","0","Manganese/Limestone (General)/Silver","0","never_researched"
"Happy Time Investments Limited","gemstones","17467","3","0","Iron Ore/Copper/Gold","0","researched_no_channel"
"Afrimuk Company Limited","gemstones","17452","5","0","Gold/Iron Ore/Manganese","0","researched_no_channel"
"Mkushi Stones Zambia Limited","gemstones","17322","1","0","Nickel/Manganese/Quartz","1","never_researched"
"Longhorn Global Commodities Limited","gemstones","17292","1","0","Silver/Tourmaline/Zinc","0","never_researched"
"Opulent Wealthy Investment Limited","critical_battery","17233","3","1","Quartz/Iron Ore/Manganese","2","researched_no_channel"
"Zamco Global Tradings Limited","base_metals","17225","1","0","Silver/Zinc/Cobalt","0","researched_no_channel"
"Kaoma Mining Limited","gold","17083","1","0","Silver/Zinc/Gold","0","never_researched"
"Yetu Mining Limited","critical_battery","16948","2","0","Silver/Manganese/Gold","0","researched_no_channel"
"Global Blessing Exploration Limited","critical_battery","16916","1","0","Lithium/Nickel/Uranium","1","never_researched"
"Lupande Investements Limited","gemstones","16843","3","0","Gypsum/Iron Ore/Gold","2","researched_no_channel"
"Simum General Dealers and Construction Limited","gemstones","16769","3","0","Copper/Gold/Manganese","0","researched_no_channel"
"Grandrock Resources Limited","critical_battery","16765","3","0","Nickel/Gold/Copper","0","researched_no_channel"
"Virunga Biotech and Mining Limited","critical_battery","16597","2","0","Lead/Manganese/Zinc","2","researched_no_channel"
"Tiger Zambezi Investment Limited","gemstones","16484","4","1","Gold/Copper/Nickel","1","researched_no_channel"
"Yatani Holdings Limited","critical_battery","16450","1","0","Manganese/Silver/Zinc","0","never_researched"
"PATCHO Continental Resources Limited","critical_battery","16412","2","0","Gold/Nickel/Cobalt","0","researched_no_channel"
"Mbadwa Mining Limited","gemstones","16400","2","0","Gold/Lithium/Cobalt","2","researched_no_channel"
"CBK Holding and Mineral Resources Limited","gemstones","16398","1","0","Manganese/Mica/Limestone (General)","0","never_researched"
"City Junction Limited","critical_battery","16366","1","0","Manganese/Silver/Zinc","1","never_researched"
"Golden Nuggets Investments Limited","gemstones","16310","3","1","Copper/Quartz/Gold","2","researched_no_channel"
"RANONG MINING AND MINERALS COMPANY LIMITED","gemstones","16283","2","0","Malachite/Lead/Tin","0","researched_no_channel"
"Sezic Minerals Limited","critical_battery","16068","1","0","Manganese/Nickel/Lead","0","never_researched"
"Tantalum Niobium Mining Company Limited","gemstones","15979","1","0","Copper/Gold/Lead","0","never_researched"
"MAY FLOWERS MINING LIMITED","gemstones","15912","4","0","Gold/Copper/Silver","0","researched_no_channel"
"Tasdemir Mining Limited","critical_battery","15908","1","0","Lead/Manganese/Zinc","1","never_researched"
"Gold Co Corporation Zambia Limited","critical_battery","15889","1","0","Molybdenum/Iron Ore/Tin","0","researched_no_channel"
"Kingda Mining Limited","gemstones","15838","3","1","Quartz/Iron Ore/Lithium","1","researched_no_channel"
"Kadaiah Resources Limited","critical_battery","15798","4","0","Manganese/Lead/Zinc","2","researched_no_channel"
"Abilene Mining Limited","gemstones","15774","2","0","Iron Ore/Zinc/Gold","0","never_researched"
"Jeal Investments Limited","gemstones","15770","2","0","Iron Ore/Gold/Copper","0","never_researched"
"Interprochan Developments Limited","gemstones","15732","2","0","Limestone (General)/Lead/Iron Ore","1","researched_no_channel"
"AMPERSAND INVESTMENTS LIMITED","gemstones","15717","2","0","Gold/Cobalt/Copper","1","never_researched"
"KAYANGES VENTURES LIMITED","critical_battery","15672","1","0","Manganese/Lithium/Zinc","1","never_researched"
"Luwi Business Resources Limited","critical_battery","15672","1","0","Silver/Manganese/Tin","0","never_researched"
"DAWOOD GEMS AND JEWELRY LIMITED","gemstones","15651","1","0","Lead/Iron Ore/Manganese","0","never_researched"
"Huo Yan Investment Limited","gemstones","15565","4","0","Copper/Gold/Zinc","0","researched_no_channel"
"NASH INVESTMENTS LIMITED","gemstones","15498","4","0","Copper/Gold/Cobalt","0","researched_no_channel"
"Brick Smart Zambia Investment Limited","gemstones","15457","1","0","Lead/Iron Ore/Manganese","0","never_researched"
"Tasheni Mining and Engineering Solutions Limited","critical_battery","15449","1","0","Nickel/Manganese/Silver","1","never_researched"
"Headframe Resources (Z) Ltd","critical_battery","15341","2","0","Rare EarthsElements/Nickel/Zinc","1","never_researched"
"CJZ Mineral Resources Limited","critical_battery","15167","1","0","Quartz/Nickel/Silver","0","never_researched"
"Treasures of Wealth Mining Limited","gemstones","15125","5","0","Gold/Copper/Quartz","5","researched_no_channel"
"Hwaeuro Investments Limited","critical_battery","15113","1","0","Manganese/Lead/Nickel","0","never_researched"
"Maliot Goldhill Zambia Limited","critical_battery","15091","2","0","Gold/Lead/Cobalt","1","never_researched"
"Eastern Granites Limited","gold","15082","2","0","Limestone (General)/Gold/Amazonite","1","never_researched"
"Huake Mining Zambia Company Limited","critical_battery","15011","5","1","Copper/Gold/Manganese","0","researched_no_channel"
"Quality Beef Trading and General Dealers Limited","critical_battery","14906","1","0","Malachite/Limestone (General)/Nickel","0","never_researched"
"Maxglobal Ferro Alloys Limited","critical_battery","14903","2","1","Manganese","2","researched_no_channel"
"Karma Rean Investments Limited","gold","14893","1","0","Iron Ore/Silver/Gold","0","never_researched"
"Myth Minerals Limited","critical_battery","14886","3","0","Gold/Silver/Cobalt","2","researched_no_channel"
"Kabotu Resources Limited","critical_battery","14797","1","0","Iron Ore/Manganese/Copper","1","never_researched"
"Kafre Enterprises Limited","gold","14725","1","1","Silver/Zinc/Gold","1","researched_no_channel"
"Mpanga Yabusasa Investment Limited","critical_battery","14699","1","0","Lead/Lithium/Manganese","0","never_researched"
"Clestmark Investment Limited","gemstones","14514","1","0","Lead/Iron Ore/Manganese","0","never_researched"
"Vietnam Zambia Corporation Limited","critical_battery","14468","2","0","Nickel/Quartz/Silver","2","never_researched"
"SGC Investments Limited","critical_battery","14285","2","0","Lithium/Limestone (General)/Lead","0","never_researched"
"Clestmark Hardware Suppliers Limited","critical_battery","14280","5","0","Gold/Copper/Cobalt","0","researched_no_channel"
"Afwino Investment Limited","gemstones","14279","2","0","Iron Ore/Lead/Tourmaline","0","never_researched"
"Coolstone Resources Limited","base_metals","14232","1","0","Copper/Cobalt","1","researched_no_channel"
"Mfumu Property Group Limited","critical_battery","14180","1","0","Gold/Fluorine-Fluorite/Quartz","0","never_researched"
"LUKANKO INVESTMENTS LIMITED","gemstones","14174","2","0","Zinc/Copper/Gold","0","researched_no_channel"
"Dcvictory Investements Limited","critical_battery","14119","1","0","Manganese/Lead/Zinc","0","never_researched"
"Panda Mineral Resources Limited","critical_battery","14046","2","0","Silver/Gold/Copper","1","never_researched"
"One Candle (Zambia) Limited","critical_battery","14025","1","0","Manganese/Lead/Nickel","0","never_researched"
"Mohafra Mining Limited","gemstones","13959","7","2","Copper/Manganese/Iron Ore","5","researched_no_channel"
"Sumwa Construction and Suppliers Limited","gold","13832","1","0","Gold/Zinc/Cobalt","0","never_researched"
"JC Infinity Stone Zambia Limited","critical_battery","13667","1","0","Platinum Group Metals/Molybdenum/Quartz","1","never_researched"
"Red Rats Minerals Limited","critical_battery","13624","1","0","Iron Ore/Manganese/Nickel","1","never_researched"
"Headframe Resources (Zambia) Limited","critical_battery","13549","1","0","Nickel/Lead/Zinc","1","never_researched"
"Cz Environmental Solutions Limited","gemstones","13499","2","0","Quartz/Precious Gems/Rare EarthsElements","2","never_researched"
"Pasture Mining Company Limited","gemstones","13488","1","0","Gold/Manganese/Copper","1","never_researched"
"Marriot Industries Limited","critical_battery","13482","3","0","Iron Ore/Manganese/Copper","3","researched_no_channel"
"Lukamantano Energy Company Limited","energy_minerals","13407","1","0","Iron Ore/Lead/Zinc","0","researched_no_channel"
"Devaberakhah Mining Zambia Limited","gemstones","13346","1","0","Nickel/Lead/Zinc","0","never_researched"
"Afreca Gold City Limited","critical_battery","13321","1","0","Lithium/Tungsten/Zinc","0","researched_no_channel"
"Super Rising Sun Mining Company Limited","critical_battery","13083","3","0","Iron Ore/Manganese/Gold","0","researched_no_channel"
"ADYA Enterprises Limited","critical_battery","13029","3","1","Manganese/Copper/Cobalt","0","researched_no_channel"
"Greenhub Enterprises Limited","critical_battery","12977","1","0","Manganese/Zinc/Gold","0","never_researched"
"Hillington Mining Zambia Limited","critical_battery","12955","2","0","Nickel/Manganese/Silver","0","never_researched"
"Chrizo General Dealers Limited","critical_battery","12943","2","0","Copper/Cobalt/Limestone (General)","0","never_researched"
"Homeland Builder Limited","critical_battery","12931","1","0","Tantalum/Niobium (Columbium)/Tungsten","0","never_researched"
"Aspire Mining Limited","critical_battery","12898","1","0","Manganese/Nickel/Iron Ore","0","never_researched"
"Kabundi Manganese Company Limited","unknown","12862","1","0","","0","researched_no_channel"
"Shree  Agro Farm Limited","gemstones","12593","1","0","Quartz/Manganese/Rare EarthsElements","1","never_researched"
"Sudha Mining Resources Zambia Limited","critical_battery","12542","1","0","Manganese/Limestone (General)/Sand","0","researched_no_channel"
"Pydustone Resources Limited","gemstones","12486","1","0","Lead/Iron Ore/Zinc","1","never_researched"
"Truststars Mining Investments Limited","gemstones","12468","3","0","Nickel/Iron Ore/Copper","1","researched_no_channel"
"Jilham Civil Cross Engineering Limited","gemstones","12431","2","0","Nickel/Molybdenum/Gold","2","never_researched"
"Bans Countrywide Tours Limited","critical_battery","12424","1","0","Rare EarthsElements/Silica/Platinum Group Metals","0","researched_no_channel"
"Alcor International Limited","critical_battery","12356","4","0","Quartz/Gold/Iron Ore","4","researched_no_channel"
"Litinta Resources Limited","critical_battery","12237","2","0","Copper/Cobalt/Manganese","0","researched_no_channel"
"Kalomo Resources Limited","gemstones","12222","1","0","Nickel/Tantalum/Lithium","0","never_researched"
"jiwei mining zambia limited","gemstones","12198","3","0","Lead/Nickel/Zinc","0","researched_no_channel"
"Fahrenheit Twenty Four Limited","gemstones","12185","2","0","Gold/Iron Ore/Cobalt","0","never_researched"
"MSANZALA RESOURCES LIMITED","gemstones","12175","2","0","Nickel/Manganese/Zinc","0","researched_no_channel"
"YUE ZAN MINING COMPANY LIMITED","gemstones","12161","2","0","Gold/Copper/Platinum","0","never_researched"
"TUGWASHANE MINING LIMITED","critical_battery","12145","2","0","Copper/Coal/Zinc","0","researched_no_channel"
"Sino West Mining Company","critical_battery","12079","1","0","Manganese/Silver/Gold","0","never_researched"
"Abdahom Mining Limited","critical_battery","12073","2","0","Iron Ore/Anhydrite/Manganese","0","never_researched"
"NYAMAZA INVESTMENTS LIMITED","gemstones","12037","1","0","Lead/Iron Ore/Nickel","1","never_researched"
"Chem Mining Limited","gold","12020","2","0","Gold/Copper/Anhydrite","1","never_researched"
"Chikaso Industries Limited","critical_battery","11904","3","0","Gold/Copper/Cobalt","0","researched_no_channel"
"KELINK GENERAL DEALERS LIMITED","critical_battery","11881","1","0","Sugilite/Silver/Titanium","1","researched_no_channel"
"Solid Connections Zambia Limited","critical_battery","11847","1","0","Nickel/Manganese/Quartz","0","never_researched"
"Malica Enterprises Limited","gemstones","11832","1","0","Lithium/Manganese/Kyanite","0","never_researched"
"Sachi Ventures Limited","critical_battery","11831","1","0","Silver/Platinum/Manganese","1","never_researched"
"BRAJOC MINERALS RESOURCES SUPPLY LIMITED","critical_battery","11809","3","0","Gold/Copper/Zinc","0","researched_no_channel"
"Afron Mining Limited","gemstones","11738","4","0","Iron Ore/Lead/Zinc","1","researched_no_channel"
"Jomoas Corporation Limited","gold","11642","2","0","Gold/Cobalt/Copper","2","never_researched"
"B.C.N INTERNATIONAL LIMITED","gemstones","11585","1","0","Gold/Lithium/Copper","0","never_researched"
"Litohonolo Resources Limited","gemstones","11512","3","0","Copper/Zinc/Manganese","1","researched_no_channel"
"Ahadi Mining Limited","gemstones","11489","3","0","Lithium/Lead/Manganese","3","researched_no_channel"
"Tawakkal Gems Investments Co. Limited","gemstones","11423","4","1","Copper/Gold/Zinc","2","researched_no_channel"
"Sixtus Trading Limited","gemstones","11399","4","0","Gold/Copper/Rare EarthsElements","0","researched_no_channel"
"Musulumba Investments Limited","critical_battery","11398","2","0","Gold/Copper/Iron Ore","2","researched_no_channel"
"LSS Corporate World Limited","gemstones","11230","1","0","Nickel/Platinum Group Metals/Granite","0","never_researched"
"Green Earth Metals Limited","critical_battery","11217","1","0","Rare EarthsElements/Nickel/Zinc","1","never_researched"
"KUYUMA YUMA INVESTMENTS LIMITED","critical_battery","11181","3","0","Gold/Manganese/Cobalt","3","researched_no_channel"
"Pacific Blues Mining Limited","critical_battery","11125","3","0","Lead/Iron Ore/Zinc","2","researched_no_channel"
"The Diamond Rock Mining Limited","critical_battery","11125","1","0","Limestone (General)/Lead/Silver","1","never_researched"
"Makeni College School of Nursing","critical_battery","11073","1","0","Tantalum/Thallium/Silver","0","never_researched"
"Regal Ferro Alloys Limited","critical_battery","11056","2","1","Manganese/Silver/Iron Ore","2","researched_no_channel"
"Sinseong Development Company Limited","gemstones","11053","2","0","Gold/Copper/Cobalt","0","never_researched"
"Adonai Exploration and Mining Company Limited","gemstones","10866","1","0","Tin/Tourmaline/Copper","1","never_researched"
"Rahmid Engineering Limited","gold","10762","1","0","Gold/Copper/Cobalt","0","never_researched"
"Tumbo Mining And Exploration Limited","critical_battery","10704","1","0","Silver/Platinum/Tin","0","researched_no_channel"
"Brockworth Exploration & Mining Limited","industrial_minerals","10696","1","0","Anhydrite/Gypsum","0","researched_no_channel"
"Geophysics Explo Zambia Limited","critical_battery","10673","4","0","Manganese/Lead/Zinc","3","researched_no_channel"
"Safearth Mining Limited","critical_battery","10647","4","1","Manganese/Copper/Iron Ore","2","researched_no_channel"
"JOUVENCE PETROLEUM ZAMBIA LIMITED","gemstones","10603","2","0","Gold/Tourmaline/Manganese","0","never_researched"
"Leza Njavwa Resources Company Limited","critical_battery","10572","4","0","Manganese/Copper/Silver","4","researched_no_channel"
"KASCCO Limited","gemstones","10567","1","0","Lithium/Lead/Platinum","0","never_researched"
"CMRB Civil Service  and Consultancy Limited","critical_battery","10561","2","0","Nickel/Lithium/Quartz","2","never_researched"
"Daylight Technologies Zambia Limited","gemstones","10556","1","0","Niobium (Columbium)/Manganese/Silver","1","never_researched"
"Athena Energy Limited","critical_battery","10475","2","0","Lead/Manganese/Zinc","0","researched_no_channel"
"Baudot Cement Zambia Limited","industrial_minerals","10435","2","2","Limestone (General)","2","researched_no_channel"
"ECM PROPERTY GROUP LIMITED","critical_battery","10303","1","0","Malachite/Nickel/Zinc","0","never_researched"
"Josmas Enterprises Limited","gemstones","10293","2","0","Copper/Coal/Beryllium","1","researched_no_channel"
"Goldquest Resources Limited","gemstones","10290","1","0","Nickel/Mineral Sands/Sand and Gravel","1","never_researched"
"Teragem Mining Limited","gemstones","10270","3","0","Amethyst/Iron Ore/Gold","1","researched_no_channel"
"JOHSTEK MINING INVESTMENTS LIMITED","critical_battery","10203","1","0","Manganese/Nickel/Gold","0","never_researched"
"Zambian  Jiangte Mining  Company Limited","gemstones","10194","1","0","Tantalum/Lithium/Tungsten","0","never_researched"
"Sabi Minerals Limited","critical_battery","10185","4","3","Gold/Copper/Silver","4","researched_no_channel"
"LUNAREDGE VENTURES LIMITED","gemstones","10185","1","0","Manganese/Malachite/Lead","0","never_researched"
"Mundala Corporation Limited","critical_battery","10144","1","0","Magnesium (Brucit)/Limestone (General)/Lead","1","never_researched"
"Hatam Mining Company Limited","gemstones","10118","1","0","Lead/Iron Ore/Nickel","0","never_researched"
"Showplus Investments Limited","gemstones","10103","4","3","Amethyst/Aquamarine/Coal","4","researched_no_channel"
"ASTER SAPPHIRE IMPORT AND EXPORT LIMITED","gemstones","10093","1","0","Manganese/Lead/Nickel","0","never_researched"
"Peco Limited","critical_battery","10084","2","2","Manganese/Copper","1","researched_no_channel"
"North Western estates Limited","gemstones","10039","4","0","Gold/Zinc/Nickel","2","researched_no_channel"
"Truestone Mineral Processing Limited","critical_battery","10034","4","1","Lead/Manganese/Zinc","3","researched_no_channel"
"WEALTHYBAY MINING COMPANY LIMITED","critical_battery","10009","1","0","Nickel/Silver/Zinc","0","never_researched"
"Indica Resources Limited","gemstones","9958","4","0","Iron Ore/Zinc/Manganese","3","researched_no_channel"
"Liyez Enterprises Limited","critical_battery","9830","1","0","Lithium/Manganese/Copper","1","never_researched"
"Earthshine Mining Corporation Limited","critical_battery","9749","2","0","Copper/Gold/Niobium (Columbium)","0","never_researched"
"UPRISE INVESTMENT LIMITED","base_metals","9732","1","0","Copper","1","researched_no_channel"
"HONLOE SERVICES LIMITED","gemstones","9699","1","0","Manganese/Malachite/Limestone (General)","1","researched_no_channel"
"Afrimin Resources Limited","critical_battery","9690","1","0","Nickel/Platinum Group Metals/Gold","0","never_researched"
"Sherco investment limited","critical_battery","9671","5","0","Gold/Copper/Cobalt","0","researched_no_channel"
"Digidrill Exploration Resources Limited","critical_battery","9665","1","0","Manganese/Malachite/Quartz","0","never_researched"
"Momentsky Company Limited","gemstones","9642","5","2","Fluorine-Fluorite/Cobalt/Copper","4","researched_no_channel"
"Feliz Mineral Resources Limited","critical_battery","9638","2","0","Iron Ore/Lead/Gold","0","never_researched"
"Heartland Commodities Limited","critical_battery","9624","2","1","Rare EarthsElements/Silver/Zinc","1","researched_no_channel"
"Magnificent  Mining Limited","critical_battery","9539","1","0","Quartz/Marble/Zinc","0","never_researched"
"Triad Logistics","gemstones","9535","1","0","Limestone (General)/Manganese/Anhydrite","0","never_researched"
"NATRAJ MINING AND MINERALS LIMITED","critical_battery","9524","1","0","Limestone (General)/Manganese/Iron Ore","0","never_researched"
"Zaaminco Mining Limited","critical_battery","9487","1","0","Manganese/Lead/Zinc","0","never_researched"
"Hidden Treasure Zambia Company Limited","critical_battery","9467","1","0","Tin/Zinc/Gold","1","never_researched"
"Monoliths Mining Group Limited","gemstones","9432","2","0","Iron Ore/Gold/Zinc","0","never_researched"
"Emmacho Enterprises Limited","critical_battery","9382","1","0","Lead/Manganese/Zinc","1","never_researched"
"Muzuri Sana Mining Limited","critical_battery","9367","1","0","Nickel/Lead/Zinc","0","never_researched"
"Sun Park Development Limited","critical_battery","9351","1","0","Tin/Zinc/Silver","0","researched_no_channel"
"Tedafluo Investment Company Limited","critical_battery","9346","1","0","Scrap Mica/Quartz/Zinc","0","never_researched"
"Garbo Resource Zambia Limited","critical_battery","9324","1","0","Nickel/Lead/Zinc","0","never_researched"
"Beyond Borders Resources Limited","critical_battery","9303","1","0","Gold/Manganese/Cobalt","0","researched_no_channel"
"Rockvalley Mining Zambia Limited","gemstones","9296","1","0","Tantalum/Quartz/Tin","1","researched_no_channel"
"TSSG Mining Limited","gemstones","9276","5","0","Quartz/Tourmaline/Aquamarine","5","researched_no_channel"
"Marriott Industries Limited","critical_battery","9220","1","0","Iron Ore/Manganese/Copper","1","never_researched"
"Aman Processing Zambia Limited","gemstones","9197","2","1","Iron Ore/Anhydrite/Tantalum","1","researched_no_channel"
"Jedna Agri-Trade Limited","critical_battery","9182","1","0","Iron Ore/Anhydrite/Manganese","0","never_researched"
"LION ZONE DEVELOPMENT LIMITED","gemstones","9142","1","0","Rare EarthsElements/Sheet Mica/Manganese","0","never_researched"
"Moxico Amadoda Mining Limited","critical_battery","9141","1","0","Nickel/Manganese/Zinc","1","never_researched"
"Haoyang Resources Limited","gold","9128","3","1","Gold/Copper/Silver","1","researched_no_channel"
"V.L Investment Company Limited","gemstones","9111","1","0","Malachite/Lead/Nickel","0","never_researched"
"PETRUSHKA TRADING LINIITED","gemstones","9097","1","0","Gold/Nickel/Diamond","0","never_researched"
"Showplus Investment Limited","gemstones","8993","1","0","Tantalum/Lithium/Tin","1","never_researched"
"SOWETO MINING ZAMBIA LIMITED","critical_battery","8969","4","0","Gold/Copper/Nickel","0","researched_no_channel"
"Dabun Mining Company Limited","gold","8941","1","0","Gold/Copper/Cobalt","0","researched_no_channel"
"Jing De Zham Enterprises Ltd","critical_battery","8935","1","0","Platinum Group Metals/Nickel/Silver","1","never_researched"
"Geohunters Mining Limited","gemstones","8910","3","0","Quartz/Niobium (Columbium)/Tantalum","0","researched_no_channel"
"Southern Africa Copper Company Limited","gemstones","8909","4","0","Iron Ore/Manganese/Zinc","4","researched_no_channel"
"maraed Mining Contractors and General Suppliers Limited","critical_battery","8862","1","0","Iron Ore/Manganese/Copper","1","never_researched"
"Morton Enterprises Limited","critical_battery","8835","2","0","Manganese/Zinc/Copper","0","never_researched"
"Xingda Company Limited","critical_battery","8829","1","0","Manganese/Sand and Gravel/Copper","1","never_researched"
"Southern Latitude Company Limited","gemstones","8798","1","0","Tantalum/Quartz/Vanadium","1","never_researched"
"Ofia Investments Limited","critical_battery","8794","2","0","Nickel/Silver/Gold","1","never_researched"
"Luongo Mineral Resources Limited","gemstones","8785","1","0","Platinum/Rubidium/Manganese","0","researched_no_channel"
"Ashvan Construction Limited","gemstones","8748","1","0","Gold/Silver/Tourmaline","0","never_researched"
"Cabral Mining Minerals Limited","critical_battery","8712","1","0","Manganese/Silver/Zinc","0","never_researched"
"Elimoas Corporation Limited","gold","8689","2","0","Iron Ore/Copper/Gold","2","never_researched"
"Mukema Minerals Limited","gold","8684","1","0","Iron Ore/Lead/Zinc","1","researched_no_channel"
"South Vale Coal Limited","energy_minerals","8677","2","1","Quartz/Coal","1","researched_no_channel"
"Temachi Mineral Resources Limited","base_metals","8535","1","0","Iron Ore/Copper/Cobalt","0","researched_no_channel"
"Fleissig Investments Company Limited","critical_battery","8511","1","0","Tantalum/Niobium (Columbium)/Tungsten","0","never_researched"
"Lukusashi Company Limited","critical_battery","8410","1","0","Manganese/Silver/Uranium","0","never_researched"
"Filtrak Zambia Limited","critical_battery","8392","1","0","Iron Ore/Manganese/Silver","0","researched_no_channel"
"Mwaphi Investmnet limited","gemstones","8369","1","0","Gold/Manganese/Zinc","0","researched_no_channel"
"Fu Da Resource Management Limited","critical_battery","8348","1","0","Manganese/Zinc/Gold","1","never_researched"
"Ndalumba  Resources Limited","critical_battery","8302","4","0","Iron Ore/Manganese/Quartz","4","researched_no_channel"
"Mboo Investments Limited","gemstones","8283","5","0","Copper/Gold/Cobalt","0","researched_no_channel"
"Redspot Intertrade Limited","critical_battery","8265","1","0","Lead/Iron Ore/Lithium","1","never_researched"
"Copperbelt University Investments Holdings Limited","critical_battery","8242","2","0","Manganese","0","never_researched"
"AFRICA BASE METALS HOLDING LIMITED","gemstones","8241","1","0","Mineral Sands/Nickel/Manganese","0","researched_no_channel"
"Gansu Mining Company Limited","gemstones","8235","3","0","Titanium/Niobium (Columbium)/Zinc","2","researched_no_channel"
"Natural Precious Resources Company Limited","critical_battery","8231","1","0","Nickel/Molybdenum/Silver","0","never_researched"
"Hot-Spring Oils Company Limited","critical_battery","8225","2","0","Lead/Manganese/Zinc","1","never_researched"
"Nelna Suppliers and General Works Limited","critical_battery","8220","1","0","Quartz/Nickel/Manganese","0","never_researched"
"Choice Minerals Limited","gold","8166","1","0","Iron Ore/Silver/Zinc","1","never_researched"
"SJ KINGDOM METALS LIMITED","critical_battery","8152","1","0","Manganese/Limestone (General)/Silver","0","researched_no_channel"
"Novo Resouces Zambia Limited","gemstones","8134","3","0","Gold/Copper/Cobalt","1","researched_no_channel"
"Kilonga Investment Limited","gemstones","8118","1","0","Manganese/Limestone (General)/Zinc","0","never_researched"
"Grassburg Mining Limited","critical_battery","8117","2","0","Manganese/Silver/Zinc","2","never_researched"
"Myanango Enterprises Company Limited","industrial_minerals","8089","2","0","Silica/Granite","2","researched_no_channel"
"Gesso Mining & Investment Lilmited","industrial_minerals","8064","1","0","Anhydrite/Gypsum","0","never_researched"
"Rigo Minerals Company Limited","critical_battery","8007","1","0","Silver/Zinc/Nickel","0","never_researched"
"Siam Mining Zambia Limited","gemstones","7997","3","0","Tin/Copper/Coal","0","researched_no_channel"
"Gracious Green Farm Limited","critical_battery","7959","2","0","Lead/Iron Ore/Zinc","0","researched_no_channel"
"Uni-African Mining and Energy Corporation Limited","gemstones","7949","2","0","Iron Ore/Lead/Zinc","1","never_researched"
"Kawachi Drilling and Exploration Limited","gemstones","7928","1","0","Lead/Limestone (General)/Graphite","1","never_researched"
"Careys Health Services Limited","critical_battery","7920","1","0","Manganese/Silica/Copper","1","never_researched"
"Liuzh Company Limited","gemstones","7911","2","0","Copper/Gold/Aquamarine","2","never_researched"
"RockModeller Company Limited","gemstones","7907","2","0","Gold/Copper/Cobalt","0","never_researched"
"Tawakkal Resources Limited","gemstones","7857","5","0","Copper/Gold/Tantalum","1","researched_no_channel"
"Zambian East Mining Corporation Ltd","gemstones","7792","1","0","Manganese/Iron Ore/Zinc","1","never_researched"
"NIANG MINING VENTURES LIMITED","gemstones","7774","3","0","Iron Ore/Lead/Manganese","1","researched_no_channel"
"Hamsa Resources Limited","critical_battery","7691","2","0","Gold/Silver/Cobalt","0","never_researched"
"Helmwa Cooperation Limited","gemstones","7681","1","0","Nickel/Iron Ore/Gold","1","never_researched"
"Mulennsali Investment Limited","gemstones","7677","5","1","Copper/Manganese/Quartz","0","researched_no_channel"
"Vikram Investments Limited","industrial_minerals","7670","1","1","Limestone (General)/Dolomite","1","researched_no_channel"
"Meihua International Mining Limited","gemstones","7658","1","0","Lead/Iron Ore/Tin","1","never_researched"
"Chitubula Investments Limited","gemstones","7638","2","0","Gold/Nickel/Copper","1","never_researched"
"Nsangi Mineral Resources Limited","critical_battery","7635","4","0","Manganese/Nickel/Silver","0","researched_no_channel"
"Sino Great Development Company(Zambia) Limited","critical_battery","7592","1","0","Tin/Tantalum/Zinc","0","never_researched"
"GEELY ALLIANCE MINING INVESTMENT COMPANY LIMITED","critical_battery","7585","4","0","Silica/Cobalt/Nickel","0","researched_no_channel"
"Jehji Zambia Limited","critical_battery","7575","1","0","Limestone (General)/Manganese/Zinc","1","never_researched"
"Anointed Mining and Drilling Company Limited","gold","7557","2","0","Gold/Platinum/Cobalt","2","never_researched"
"DINS Ventures Limited","gemstones","7427","2","0","Coal/Lithium/Mica","0","never_researched"
"Lords Craftsmen Enterprises Limited","critical_battery","7390","1","0","Nickel/Silver/Zinc","1","never_researched"
"Sunpeak Investments Limited","critical_battery","7371","1","0","Nickel/Manganese/Zinc","1","never_researched"
"USHA INVESTMENT LIMITED","gemstones","7366","2","0","Emerald/Quartz/Rare EarthsElements","0","never_researched"
"Turuma Mining Limited","gemstones","7350","5","0","Gold/Manganese/Cobalt","5","researched_no_channel"
"Prime  Rock Mining and Logistics Solutions Limited","critical_battery","7333","3","0","Manganese/Gold/Copper","3","researched_no_channel"
"Doriffa Investment Import and Export Limited","critical_battery","7321","3","0","Iron Ore/Copper/Gold","1","researched_no_channel"
"Nkana Alloy Smelting Company Limited","critical_battery","7304","4","1","Gold/Copper/Cobalt","0","researched_no_channel"
"Starcom Mining Company Limited","gemstones","7286","1","0","Diamond/Copper/Columbite","0","never_researched"
"Din Di Mining Development Company Zambia Limited","gold","7271","1","0","Lead/Iron Ore/Magnesium (Brucit)","0","researched_no_channel"
"PRIMEQUEST MINERALS LIMITED","gemstones","7205","2","0","Titanium/Nickel/Coal","2","never_researched"
"African Fluorite Mining Limited","gemstones","7201","1","1","Limestone (General)/Lead/Anhydrite","1","researched_no_channel"
"Chambishi Milling Company Limited","critical_battery","7193","2","0","Iron Ore/Manganese/Silver","2","never_researched"
"Cornerstone Resources Mining & Explorations Limited","critical_battery","7175","1","0","Gold/Manganese/Silver","1","never_researched"
"CQL Investments Zambia Limited","gemstones","7165","2","0","Copper/Cobalt/Coal","0","never_researched"
"Copper Zone Resources Ltd","critical_battery","7147","1","0","Rare EarthsElements/Manganese/Uranium","0","never_researched"
"Formula Minerals and General Supplies Company Limited","critical_battery","7015","1","0","Manganese/Malachite/Nickel","0","never_researched"
"Kavuluvulu Ventures Limited","gemstones","7002","3","2","Coal/Quartz/Nickel","2","researched_no_channel"
"Legacy Innovations Limited","gemstones","6979","1","0","Manganese/Nickel/Silver","1","never_researched"
"Kalundu Student Hostel Limited","gemstones","6958","2","0","Zinc/Limestone (General)/Copper","1","never_researched"
"Ashira Enterprise Limited","gold","6940","1","0","Lead/Silver/Zinc","0","never_researched"
"Hanfu Mining Company Limited","gemstones","6931","2","0","Gold/Silver/Copper","0","never_researched"
"Changa-Changa Exploration Limited","critical_battery","6911","1","0","Lead/Manganese/Zinc","0","researched_no_channel"
"Misambo Enterprise & agro Limited","critical_battery","6900","1","0","Manganese/Silver/Gold","0","never_researched"
"Paradime Corporation Limited","gemstones","6876","2","0","Gold/Iron Ore/Rare EarthsElements","0","never_researched"
"Jakosa Investments Limited","gemstones","6829","1","0","Rare EarthsElements/Quartz/Tourmaline","1","never_researched"
"Tropical Mine Investments Zambia Limited","critical_battery","6825","3","0","Copper/Zinc/Gold","3","researched_no_channel"
"Nthanda Investments Limited","gemstones","6823","1","0","Anhydrite/Gypsum/Manganese","1","never_researched"
"Ula Minerals Limited","critical_battery","6801","1","0","Silver/Nickel/Zinc","0","never_researched"
"Tripple M Mining Limited","gold","6799","1","0","Gold/Zinc/Cobalt","1","never_researched"
"Elysium Resources Limited","gemstones","6767","3","0","Copper/Tourmaline/Manganese","0","researched_no_channel"
"Chipepo Aquaculture and Tourism Enterprise Limited","critical_battery","6728","2","0","Gold/Copper/Manganese","1","never_researched"
"Leopards Hill Quarry Limited","base_metals","6706","1","0","Silver/Phosphorus-Phosphates/Copper","0","researched_no_channel"
"Mowen Resourses Limited","gemstones","6560","1","0","Malachite/Iron Ore/Zinc","0","researched_no_channel"
"Zima Transport and Supply Limited","critical_battery","6496","1","0","Nickel/Manganese/Quartz","1","never_researched"
"Inspire Mineral Resources Company Limited","critical_battery","6469","4","0","Lead/Manganese/Zinc","4","researched_no_channel"
"Afrique Nama Mining Limited","critical_battery","6409","2","1","Iron Ore/Nickel/Gold","1","researched_no_channel"
"Yatra Enterprise Limited","gemstones","6370","3","0","Diamond/Copper/Citrine","0","researched_no_channel"
"Gold tech resources zambia limited","gold","6311","1","0","Iron Ore/Limestone (General)/Gold","1","never_researched"
"Epic Solutions Limited","critical_battery","6270","2","0","Gold/Copper/Cobalt","2","never_researched"
"Penguin Resources Limited","critical_battery","6255","1","0","Granite/Manganese/Silver","1","never_researched"
"Shikuha Minerals Limited","critical_battery","6253","1","0","Nickel/Manganese/Silver","1","never_researched"
"Afro Asia Mining Zambia Limited","critical_battery","6190","1","0","Iron Ore/Manganese/Silver","0","never_researched"
"Rochris Investments Limited","critical_battery","6169","1","0","Manganese/Lithium/Platinum Group Metals","0","researched_no_channel"
"Nalucha Resources Limited","gold","6167","1","0","Lead/Quartz/Zinc","0","never_researched"
"Hommies Investments Limited","gemstones","6116","2","0","Gold/Manganese/Cobalt","2","never_researched"
"Kuchomwetu Mining company Limited","gemstones","6091","1","0","Nickel/Manganese/Gravel","0","never_researched"
"Metalix Mining Limited","gemstones","6034","1","0","Limestone (General)/Anhydrite/Tantalum","0","researched_no_channel"
"Feldon & Camara Mining Limited","critical_battery","5984","2","0","Nickel/Zinc/Iron Ore","0","researched_no_channel"
"Maxsma Minerals Limited","critical_battery","5952","1","0","Limestone (General)/Lead/Iron Ore","1","never_researched"
"Triology Mining Limited","gemstones","5897","1","0","Manganese/Iron Ore/Silver","1","never_researched"
"Climax resources Zambia Limited","critical_battery","5839","4","0","Zinc/Copper/Gold","0","researched_no_channel"
"Zamgem International Limited","gemstones","5828","1","1","Tin/Quartz/Zinc","1","researched_no_channel"
"Medha Consultancy Limited","critical_battery","5817","3","0","Manganese/Zinc/Lead","0","researched_no_channel"
"Sedhost Minerals Limited","gemstones","5816","4","0","Nickel/Copper/Silver","2","researched_no_channel"
"Kemose Mining Limited","gemstones","5780","1","0","Lead/Iron Ore/Limestone (General)","1","researched_no_channel"
"Sino Great Development Company Zambia Limited","critical_battery","5747","1","0","Tin/Tantalum/Zinc","0","never_researched"
"Linkstone Investments Limited","gemstones","5731","1","0","Manganese/Quartz/Silver","0","never_researched"
"Kiddies University Limited","critical_battery","5549","2","0","Manganese/Zinc/Gold","1","never_researched"
"Zambian High light Mining Investment Limited","critical_battery","5522","1","0","Iron Ore/Nickel/Uranium","1","never_researched"
"SKY AKM Trading Limited","critical_battery","5512","2","0","Platinum/Lead/Zinc","2","never_researched"
"Manasa Mining Associates Limited","gemstones","5474","2","0","Quartz/Nickel/Zinc","0","never_researched"
"Shi and Yan Mining Development Limited","critical_battery","5442","1","1","Iron Ore/Manganese/Silver","1","researched_no_channel"
"Yabuzam Investment Limited","gemstones","5431","1","0","Gold/Quartz/Tourmaline","1","never_researched"
"Alnajah Investments Limited","gold","5421","2","1","Gold/Copper/Zinc","0","researched_no_channel"
"Hainan Xing Zhe New Material Technology Limited","gemstones","5378","3","0","Quartz/Mica/Lithium","3","researched_no_channel"
"Kubeleka Natural Resources Limited","critical_battery","5361","4","0","Iron Ore/Manganese/Copper","4","researched_no_channel"
"Munyaka Investments Limited","industrial_minerals","5333","2","0","Sand/Feldspar/Clay (General)","0","researched_no_channel"
"Kilajits Engineering & Logistics Zambia Limited","critical_battery","5289","2","0","Lead/Copper/Cobalt","2","never_researched"
"Krisos Manufacturing Limited","critical_battery","5277","1","0","Manganese/Zinc/Cobalt","1","researched_no_channel"
"Validus Mining Corporation Limited","critical_battery","5244","1","0","Manganese/Lead/Zinc","1","never_researched"
"Stewes Mineral Resources Limited","critical_battery","5227","1","0","Lithium/Manganese/Gold","0","researched_no_channel"
"BHASCORE MINING ZAMBIA LIMITED","critical_battery","5208","2","0","Iron Ore/Copper/Gold","0","never_researched"
"lianneng mining limited","gemstones","5199","2","0","Gold/Anhydrite/Gypsum","0","never_researched"
"MODIBO RESOURCES LIMITED","gemstones","5198","4","0","Gold/Zinc/Manganese","0","researched_no_channel"
"Zamland Resources Management Limited","gemstones","5162","2","0","Zinc/Silver/Aquamarine","2","never_researched"
"ALINAFE WB INVESTMENTS LIMITED","critical_battery","5122","1","0","Iron Ore/Manganese/Gold","1","never_researched"
"Nairaw Mining Services Limited","gemstones","5117","5","0","Copper/Iron Ore/Gold","5","researched_no_channel"
"Pentagon Resources Limited","gold","5111","1","0","Phosphorus-Phosphates/Quartz/Limestone (General)","1","never_researched"
"TSAHAYI AUGUST LIMITED","critical_battery","5099","1","0","Nickel/Manganese/Zinc","1","never_researched"
"Wizmanso Mineral  Resources Limited","gold","5082","1","0","Lead/Zinc/Gold","1","never_researched"
"Milz Mining and Construction Limited","gemstones","5075","5","0","Gold/Copper/Cobalt","4","researched_no_channel"
"SHihong Minerals Limited","critical_battery","5070","3","0","Silver/Zinc/Gold","1","researched_no_channel"
"Zamqlik Logistics Limited","critical_battery","5062","2","0","Iron Ore/Nickel/Gold","1","never_researched"
"Chidunkulu  Resources Limited","gemstones","5026","2","0","Lead/Manganese/Gold","2","never_researched"
"Clito Construction Limited","critical_battery","5025","2","0","Iron Ore/Manganese/Zinc","2","researched_no_channel"
"Matil Distributors Limited","gemstones","5015","3","0","Cobalt/Copper/Gold","3","researched_no_channel"
"Prime Gold Mining Limited","critical_battery","4982","1","0","Iron Ore/Manganese/Silver","1","never_researched"
"Yasun Investments limited","industrial_minerals","4934","1","1","Kaolin/Limestone (General)/Sand","0","researched_no_channel"
"Chambre Mining Company Limited","gemstones","4898","1","0","Nickel/Gold/Zinc","0","never_researched"
"Crescent Mineral Resources Limited","critical_battery","4887","2","1","Gold/Silver/Manganese","1","researched_no_channel"
"Top Stone Mining Limited","gemstones","4873","1","0","Lead/Iron Ore/Manganese","1","researched_no_channel"
"Madar Mining Industry Zambia Limited","gemstones","4860","4","0","Manganese/Lead/Silver","0","researched_no_channel"
"Anglo Exploration Zambia Limited","critical_battery","4833","1","0","Rare EarthsElements/Manganese/Uranium","0","researched_no_channel"
"Ilola Investments Limited","critical_battery","4807","2","0","Manganese/Limestone (General)/Zinc","1","never_researched"
"Xanadu Commodities Limited","critical_battery","4798","2","0","Nickel/Manganese/Gold","0","never_researched"
"Mlima Mining Investment Limited","critical_battery","4792","1","0","Lead/Manganese/Zinc","1","never_researched"
"Starland Mining Limited","gemstones","4783","4","0","Manganese/Mineral Sands/Malachite","0","researched_no_channel"
"Serengeti Lodge Limited","gemstones","4767","1","0","Manganese/Silver/Zinc","0","researched_no_channel"
"Premiere Consolidated Mining Limited","critical_battery","4731","3","0","Gold/Copper/Silver","2","researched_no_channel"
"CHARFIN INVESTMENT LIMITED","gemstones","4730","1","0","Gold/Iron Ore/Silver","0","never_researched"
"Mijeko Mining Limited","critical_battery","4729","2","0","Manganese/Nickel/Iron Ore","0","researched_no_channel"
"Sunflower Resources Limited","critical_battery","4728","1","0","Nickel/Manganese/Zinc","1","researched_no_channel"
"Ezra Energy Limited","critical_battery","4726","1","0","Silver/Rare EarthsElements/Tin","0","never_researched"
"Amet Mining Zambia Limited","critical_battery","4721","2","0","Quartz/Limestone (General)/Lead","2","never_researched"
"Nkuti Ventures Limited","gemstones","4718","2","0","Manganese/Gold/Copper","0","researched_no_channel"
"Bandar Investments Limited","critical_battery","4678","3","1","Gold/Copper/Cobalt","0","researched_no_channel"
"Webs Electrical Engineering Limited","critical_battery","4654","1","0","Iron Ore/Manganese/Zinc","1","never_researched"
"Oscarios Mining & Exploration Limited","critical_battery","4649","3","0","Lead/Manganese/Zinc","2","researched_no_channel"
"Golden  Horse Investment Limited","critical_battery","4634","1","0","Iron Ore/Manganese/Copper","0","never_researched"
"Musakashi Farms Limited","gemstones","4597","3","1","Emerald/Gold/Quartz","1","researched_no_channel"
"MAVIKEM RESOURCES COMPANY LIMITED","gemstones","4586","4","0","Gold/Copper/Manganese","0","researched_no_channel"
"Alfmega Solutions Limited","gemstones","4559","1","0","Diamond/Gold/Cobalt","1","researched_no_channel"
"Sun Avenue Partners Corp Zambia Limited","critical_battery","4543","2","0","Silver/Zinc/Gold","1","never_researched"
"Lakucho Enterprise Limited","gemstones","4532","4","0","Manganese/Copper/Gold","2","researched_no_channel"
"Sulwaitech Services Limited","gemstones","4519","8","0","Copper/Zinc/Gold","8","researched_no_channel"
"Dias Minerals Mining Company Limited","critical_battery","4516","1","0","Mica/Iron Ore/Silver","0","never_researched"
"Mabula Mining Company Limited","gemstones","4496","7","0","Limestone (General)/Granite/Copper","0","researched_no_channel"
"New Power Industries Limited","gemstones","4490","1","0","Manganese/Limestone (General)/Lead","1","never_researched"
"Falling Star Investments Limited","gold","4488","1","0","Molybdenum/Platinum/Uranium","0","never_researched"
"Kubanta Investements Limited","gemstones","4452","1","0","Gold/Iron Ore/Tourmaline","1","never_researched"
"Kainshen Investments Limited","critical_battery","4419","2","0","Silver/Nickel/Gold","2","never_researched"
"Gold Hunters Mining Limited","gemstones","4417","7","3","Gold/Copper/Iron Ore","0","researched_no_channel"
"Taiyuan Mining Limited","gemstones","4400","1","0","Manganese/Nickel/Limestone (General)","0","never_researched"
"EKAA Hrim Earth Resources Minerals and Management Limited","critical_battery","4351","1","0","Nickel/Manganese/Zinc","1","never_researched"
"Belmt Resources Mining Company Limited","gemstones","4349","1","0","Silver/Quartz/Zinc","0","never_researched"
"African Crane Hiring and Logistics Limited","critical_battery","4307","1","0","Nickel/Manganese/Zinc","1","never_researched"
"MEDICI RESOURCES LIMITED","gemstones","4297","1","0","Silver/Niobium (Columbium)/Nickel","0","never_researched"
"Dexing Zambia Metallurgical Mining Company Limited","gold","4275","1","0","Malachite/Silver/Zinc","0","researched_no_channel"
"Bwana Mdogo Exploration and Mining Company Limited","critical_battery","4259","4","0","Nickel/Tantalum/Zinc","2","researched_no_channel"
"Fulgent Mining Limited","critical_battery","4257","1","0","Lithium/Silver/Gold","1","never_researched"
"Noralta Resources Limited","gemstones","4253","1","0","Nickel/Lead/Quartz","0","never_researched"
"Mkushi-Serenje Investments Limited","gemstones","4239","3","0","Quartz/Gold/Copper","3","researched_no_channel"
"Izachak General Dealers Limited","gemstones","4205","1","0","Manganese/Quartz/Tourmaline","1","never_researched"
"Sri Maan Resources Limited","gemstones","4168","1","0","Niobium (Columbium)/Nickel/Molybdenum","0","never_researched"
"RED HEARTY MINING COMPANY LIMITED","critical_battery","4157","3","0","Iron Ore/Silver/Nickel","3","researched_no_channel"
"Afro Dynamics Limited","gemstones","4156","3","0","Limestone (General)/Tourmaline/Gold","1","researched_no_channel"
"Longvee Investments Limited","gemstones","4149","4","0","Gold/Cobalt/Copper","0","researched_no_channel"
"Unito Limited","gold","4147","1","0","Silver/Zinc/Gold","1","never_researched"
"Deacons Mines Limited","gemstones","4145","5","1","Copper/Gold/Iron Ore","0","researched_no_channel"
"Iwin Group Limited; Iwin Minerals Limited","critical_battery","4136","1","0","Nickel/Quartz/Silver","1","never_researched"
"Pantanshi Gold Limited","gemstones","4128","1","0","Lead/Tin/Zinc","1","researched_no_channel"
"Mukoleku Security Services LTD","critical_battery","4124","1","0","Platinum/Mineral Sands/Rare EarthsElements","1","never_researched"
"Gemaguo Mining and Contractors Limited","gemstones","4113","1","0","Silver/Manganese/Zinc","1","researched_no_channel"
"Finest Mineral Resources Company Limited","gemstones","4101","2","0","Gold/Copper/Amethyst","0","researched_no_channel"
"Benja Innovations Zambia Limited","critical_battery","4090","1","0","Manganese/Malachite/Zinc","0","never_researched"
"Lakki Reddy Mining Limited","critical_battery","4054","4","0","Lead/Manganese/Zinc","0","researched_no_channel"
"Blue Copper Mining Limited","critical_battery","4034","2","1","Iron Ore/Manganese/Copper","2","researched_no_channel"
"Nalume Mining Limited","base_metals","4012","1","0","Copper","0","researched_no_channel"
"Zejun Investment Limited","gemstones","4001","3","2","Quartz/Beryllium/Tourmaline","2","researched_no_channel"
"Shuumbwa Resources Limited","gemstones","3983","1","0","Nickel/Quartz/Malachite","0","never_researched"
"Kunigal Murthy Minerals limited","critical_battery","3977","3","0","Lead/Manganese/Zinc","2","researched_no_channel"
"Huaxiang Investment Company Limited","gemstones","3975","1","0","Nickel/Manganese/Silver","0","never_researched"
"Kameha Resources Limited","gemstones","3963","2","0","Coal/Amethyst/Zinc","0","never_researched"
"Trustnet Consultancy Limited","gemstones","3962","2","0","Iron Ore/Manganese/Gold","1","never_researched"
"RUVIT INVESTMENTS LIMITED","gemstones","3952","1","0","Manganese/Malachite/Nickel","0","researched_no_channel"
"Manvi Mining Associates Limited","gemstones","3937","6","0","Lead/Copper/Manganese","2","researched_no_channel"
"Zoomlion Copper Mine Company Limited","critical_battery","3922","1","0","Manganese/Iron Ore/Quartz","1","never_researched"
"Lyon Mining Zambia Limited","gemstones","3912","1","0","Quartz/Platinum/Tantalum","1","never_researched"
"Wash Zambia Limited","gold","3900","1","0","Lead/Palladium/Zinc","0","never_researched"
"Kounnas Zambia Limited","critical_battery","3876","2","0","Nickel/Silver/Gold","1","never_researched"
"Ndola Quarries Limited","critical_battery","3872","3","2","Limestone (General)/Zinc/Silver","2","researched_no_channel"
"Bimbe Mines Limited","critical_battery","3847","1","0","Manganese/Lead/Uranium","1","never_researched"
"Overland Supplies Limited","gemstones","3804","1","0","Quartz/Rare EarthsElements/Tourmaline","1","researched_no_channel"
"Aarey Mining Limited","gemstones","3774","4","0","Limestone (General)/Copper/Emerald","0","researched_no_channel"
"WISKANSIK INVESTMENT LIMITED","gemstones","3756","1","0","Tin/Tungsten/Amethyst","0","never_researched"
"Zuri Mineral Resources Limited","critical_battery","3735","1","0","Nickel/Silver/Zinc","0","researched_no_channel"
"Silver Pearl Motors Limited","gemstones","3712","5","0","Gold/Copper/Cobalt","0","researched_no_channel"
"KSP Investements Limited","gemstones","3701","1","0","Iron Ore/Graphite/Zinc","1","never_researched"
"Matka Technical Services Limited","critical_battery","3698","1","0","Manganese/Lead/Zinc","0","never_researched"
"Green Mineral Zambia Limited","critical_battery","3692","4","0","Silver/Copper/Cobalt","0","researched_no_channel"
"Lochiku Logistics Limited","gemstones","3664","1","0","Manganese/Iron Ore/Tourmaline","1","never_researched"
"Shamin Resources Limited","gemstones","3659","1","0","Manganese/Malachite/Nickel","0","never_researched"
"Shimabu Mining Limited","energy_minerals","3653","1","0","Coal","0","researched_no_channel"
"WANTU RESOURCES COMPANY LIMITED","gold","3636","1","0","Quartz/Gold/Copper","0","researched_no_channel"
"Melaot Zones Mining and Engineering Limited","critical_battery","3620","1","0","Lead/Manganese/Zinc","0","never_researched"
"Pine Investments Limited","gold","3608","1","0","Iron Ore/Zinc/Gold","1","never_researched"
"EAGLES HOLDINGS LIMITED","gemstones","3604","1","0","Niobium (Columbium)/Nickel/Molybdenum","0","never_researched"
"Galnet Construction Limited","gemstones","3603","5","0","Copper/Cobalt/Manganese","0","researched_no_channel"
"Gold Tree Investment Limited","gemstones","3585","1","0","Manganese/Limestone (General)/Quartz","0","never_researched"
"Phyllite Resources Limited","gemstones","3585","5","0","Gold/Copper/Cobalt","0","researched_no_channel"
"Mwashia Resources Limited","critical_battery","3573","1","0","Manganese/Nickel/Zinc","1","researched_no_channel"
"Lanorth Zambia Limited","industrial_minerals","3567","1","0","Anhydrite/Gypsum/Feldspar","1","researched_no_channel"
"Marjohn Lukeka Mining & Exploration Company Limited","critical_battery","3555","1","0","Iron Ore/Manganese/Zinc","0","never_researched"
"Musokamuka Kasempa Mining and Construction Limited","gold","3555","1","0","Gold/Copper","0","researched_no_channel"
"BASE METAL EXPLORATION CONSULTANCY LIMITED","gemstones","3537","1","0","Quartz/Manganese/Sugilite","0","researched_no_channel"
"Concrete Structures Limited","gemstones","3531","1","0","Iron Ore/Granite/Rare EarthsElements","1","researched_no_channel"
"NAVEX MINING AND CONTRACTORS LIMITED","critical_battery","3530","1","0","Nickel/Malachite/Zinc","0","never_researched"
"Geonatics Investment Limited","gemstones","3529","2","0","Tin/Tantalum/Quartz","0","never_researched"
"Yatu Equity Limited","gemstones","3518","1","0","Manganese/Iron Ore/Tourmaline","1","never_researched"
"Ilambalimo Mining Limited","critical_battery","3464","1","0","Nickel/Molybdenum/Marble","0","never_researched"
"Phenomenal Mining Company Limited","critical_battery","3455","4","0","Manganese/Malachite/Feldspar","0","researched_no_channel"
"Larrys Lorrys Limited","gold","3448","1","0","Iron Ore/Lead/Limestone (General)","0","researched_no_channel"
"Tilaves Investment Limited","critical_battery","3433","5","0","Iron Ore/Silver/Gold","5","researched_no_channel"
"NSALU MINING LIMITED","critical_battery","3405","1","0","Manganese/Nickel/Lead","0","never_researched"
"NUBIACREEK RESOURCES LIMITED","critical_battery","3393","2","0","Gold/Quartz/Cobalt","1","researched_no_channel"
"Amiel Partners Limited","critical_battery","3385","3","0","Gold/Copper/Cobalt","1","researched_no_channel"
"MIAHS Auto and General Trading Limited","critical_battery","3379","1","0","Lithium/Iron Ore/Manganese","1","never_researched"
"JINDI MINING LIMITED","gemstones","3376","1","0","Nickel/Manganese/Silver","0","never_researched"
"Millenium Business systems Ltd","critical_battery","3314","2","0","Manganese/Gold/Niobium (Columbium)","2","never_researched"
"Gypsum Mining Limited","gemstones","3301","1","0","Gold/Gravel/Copper","0","never_researched"
"Dr Ice Enterprise Limited","gemstones","3299","1","0","Manganese/Tourmaline/Zinc","1","never_researched"
"Arcon Mining Limited","gemstones","3280","4","0","Gold/Copper/Lead","1","researched_no_channel"
"Chitina Copper Mines Limited","critical_battery","3271","1","0","Gold/Manganese/Cobalt","0","researched_no_channel"
"Sino Superstar Investment Limited","gemstones","3229","1","0","Nickel/Manganese/Zinc","0","never_researched"
"Nguzu Mining Limited","critical_battery","3228","1","0","Manganese/Silver/Zinc","1","researched_no_channel"
"TAURUS MINERAL RESOURCES LIMITED","gold","3207","1","0","Limestone (General)/Zinc/Gold","0","never_researched"
"Libonene Enterprises Limited","critical_battery","3191","1","0","Gold/Nickel/Cobalt","0","never_researched"
"Metacorp Exploration and Mining Investment Limited","gemstones","3190","6","1","Copper/Gold/Iron Ore","4","researched_no_channel"
"ARACELEE HOLDINGS LIMITED","critical_battery","3190","1","0","Gold/Manganese/Zinc","0","never_researched"
"Happy Hills Minerals Limited","critical_battery","3150","1","0","Gold/Manganese/Cobalt","1","never_researched"
"OREMARK RESOURCES ZAMBIA LIMITED","gemstones","3150","3","0","Cobalt/Gold/Iron Ore","0","researched_no_channel"
"Huayi Investments Limited","critical_battery","3147","1","1","Platinum/Nickel/Silver","1","researched_no_channel"
"Africon Mining and Minerals Limited","gemstones","3143","1","0","Manganese/Niobium (Columbium)/Quartz","0","never_researched"
"damashi resources limited.","gemstones","3141","1","0","Limestone (General)/Iron Ore/Quartz","0","never_researched"
"Bin Ajilu Enterprises Limited","gemstones","3141","3","0","Gold/Tourmaline/Nickel","2","researched_no_channel"
"Heki Timbers Limited","gemstones","3140","1","0","Iron Ore/Manganese/Zinc","1","never_researched"
"Minerox Resources Limited","gemstones","3111","6","0","Gold/Iron Ore/Copper","1","researched_no_channel"
"Hangubi General Dealers Limited","gold","3110","1","0","Gold/Silver/Cobalt","1","never_researched"
"Vundu Minerals Limited","critical_battery","3092","1","0","Manganese/Silver/Zinc","1","never_researched"
"Joe's Earthworks and Mining Ltd","critical_battery","3086","1","0","Molybdenum/Manganese/Nickel","0","never_researched"
"KLR Drilling Technologies Limited","critical_battery","3084","2","0","Nickel/Manganese/Zinc","0","never_researched"
"Baochuan Industry Company Limited","gemstones","3079","1","0","Gypsum/Anhydrite/Granite","1","never_researched"
"Kabwe Kapumpe Mine Limited","base_metals","3072","1","1","Silver/Zinc/Mineral Sands","1","researched_no_channel"
"Betamin Investments Limited","gemstones","3056","2","0","Talc-Soapstone/Granite/Limestone (General)","1","researched_no_channel"
"Broken Hill Merchants Limited","critical_battery","3055","1","0","Nickel/Silver/Zinc","0","never_researched"
"Guoli Energy Zambia Limited","critical_battery","3050","3","0","Cobalt/Copper/Manganese","0","researched_no_channel"
"Kadam Manja Mining Company Limited","gold","3045","1","0","Gold/Silver/Cobalt","0","never_researched"
"White Lion Mining Limited","critical_battery","3032","1","0","Gold/Manganese/Cobalt","0","never_researched"
"Legacy Resources Limited","gemstones","3010","1","0","Rare EarthsElements/Lithium/Zinc","1","never_researched"
"Magna Vita Investments Limited","critical_battery","2981","4","0","Gold/Silver/Cobalt","4","researched_no_channel"
"Archean Xplore Limited","gemstones","2976","3","0","Tantalum/Tourmaline/Tin","3","researched_no_channel"
"Bambelela Solutions Limited","gemstones","2973","1","0","Iron Ore/Gold/Limestone (General)","1","never_researched"
"Chumams Mining Limited","critical_battery","2959","3","0","Iron Ore/Gold/Copper","3","researched_no_channel"
"Uni Mining and Construction Zambia Limited","gemstones","2941","1","1","Garnet/Tantalum/Tin","1","researched_no_channel"
"Sunion Investments Limited","critical_battery","2914","3","1","Gold/Copper/Tantalum","1","researched_no_channel"
"Infra Mining Consultants Limited","gemstones","2912","1","0","Nickel/Manganese/Malachite","0","researched_no_channel"
"Grasam General Dealers Limited","critical_battery","2909","3","0","Lead/Manganese/Zinc","2","researched_no_channel"
"SK Civil Worksmen and Construction LTD","gemstones","2909","4","0","Nickel/Lead/Zinc","3","researched_no_channel"
"Sparkler Mining and Exploration Limited","gemstones","2897","1","0","Platinum/Ruby/Zinc","1","never_researched"
"Jufa Transport & Logistics Limited","critical_battery","2885","2","0","Silver/Zinc/Gold","0","researched_no_channel"
"Woodpeckers Mining Company Limited","critical_battery","2884","1","0","Iron Ore/Limestone (General)/Titanium","1","researched_no_channel"
"Ngwerere General Merchants Limited","gemstones","2878","3","0","Copper/Gold/Zinc","0","researched_no_channel"
"Jin Ding Mining Limited","base_metals","2870","1","1","Copper","1","researched_no_channel"
"Glacier Mining Limited","gemstones","2864","4","0","Lead/Manganese/Zinc","3","researched_no_channel"
"Height Supply and General Dealers Limited","gemstones","2847","1","0","Lithium/Manganese/Lead","1","never_researched"
"Anchor Resources Limited","gemstones","2808","4","0","Copper/Gold/Iron Ore","1","researched_no_channel"
"Verona Investments Limited","gold","2800","3","0","Clay (General)/Silica/Talc-Soapstone","0","researched_no_channel"
"Industrial Resources Limited","critical_battery","2790","2","0","Malachite/Silver/Gold","0","never_researched"
"Rothrock Zambia Limited","critical_battery","2789","1","0","Manganese/Zinc/Gold","1","never_researched"
"S.One Enterprises Limited","gemstones","2768","2","0","Iron Ore/Manganese/Zinc","0","never_researched"
"Joysam Enterprise Limited","gemstones","2765","3","0","Nickel/Manganese/Tourmaline","3","researched_no_channel"
"Kalembo Mining Exploration and Consultancy Limited","gemstones","2761","4","0","Gold/Copper/Zinc","0","researched_no_channel"
"Nikars Mining Limited","gemstones","2739","1","0","Manganese/Limestone (General)/Lead","1","never_researched"
"Dumle Mining Limited","gemstones","2728","3","0","Gold/Lead/Copper","2","researched_no_channel"
"Psalms Auto Spares Limited","gold","2720","3","0","Iron Ore/Silver/Zinc","2","researched_no_channel"
"Mingi Investments Holdings Limited","critical_battery","2714","2","0","Copper/Talc-Soapstone/Gold","1","never_researched"
"Black Toned Mining Limited","critical_battery","2704","4","0","Copper/Gold/Manganese","2","researched_no_channel"
"Yu Chuan Mining Zambia Limited","gemstones","2697","1","0","Mica/Niobium (Columbium)/Fluorine-Fluorite","0","never_researched"
"Divine Booker Limited","gemstones","2690","3","1","Gold/Copper/Iron Ore","2","researched_no_channel"
"Shree Agro Farm Limited","gemstones","2687","1","0","Quartz/Manganese/Rare EarthsElements","0","never_researched"
"Brilliant Exploration and Mining Limited","gemstones","2677","1","0","Silica/Quartz/Manganese","1","never_researched"
"Panshi Zambian Mining Company Limited","critical_battery","2674","1","0","Silver/Nickel/Tantalum","0","never_researched"
"Chilushyana Mining Limited","gemstones","2648","3","0","Iron Ore/Zinc/Silver","3","researched_no_channel"
"Chido's Civil Engineering Limited","critical_battery","2634","1","0","Quartz/Rare EarthsElements/Nickel","1","never_researched"
"Hounslow Investments Zambia Limited","critical_battery","2634","6","4","Copper/Gold/Manganese","2","researched_no_channel"
"Zan Mining company Limited","critical_battery","2630","3","0","Tungsten/Zinc/Nickel","3","researched_no_channel"
"Mafula Minerals Resources  Limited","critical_battery","2623","1","0","Manganese/Silver/Zinc","1","never_researched"
"LOBO GENERAL DEALERS LIMITED","gemstones","2622","1","0","Tantalum/Quartz/Titanium","0","researched_no_channel"
"Kuaisu Auto Service Limited","gold","2609","1","0","Iron Ore/Zinc/Gold","0","never_researched"
"Aztec Mining Limited","critical_battery","2593","1","0","Manganese/Silver/Lead","1","never_researched"
"Golden King Investment Company Limited","gold","2578","1","0","Silver/Zinc/Gold","1","never_researched"
"Katiso Resources Limited","gemstones","2566","6","2","Copper/Gold/Manganese","2","researched_no_channel"
"Zhonghui Mining Group Limited","gold","2558","2","0","Gold/Copper/Cobalt","0","never_researched"
"Supix Minerals Limited","critical_battery","2557","1","0","Lead/Manganese/Zinc","0","researched_no_channel"
"Quantella Resources Limited","critical_battery","2551","1","0","Rare EarthsElements/Nickel/Zinc","1","never_researched"
"Yosef Ventures Company Limited","gemstones","2549","4","1","Cobalt/Gold/Copper","4","researched_no_channel"
"Yathu Resources Limited","gold","2536","1","0","Iron Ore/Limestone (General)/Zinc","0","never_researched"
"Kamawusa Mining Limited","gold","2523","1","0","Gold/Silver/Cobalt","0","never_researched"
"Family Industries Mining Company Limited","critical_battery","2520","1","0","Iron Ore/Gold/Nickel","1","never_researched"
"Giant Rock Mining Limited","gemstones","2519","1","0","Malachite/Lead/Nickel","1","never_researched"
"Naneson Enterprise Limited","critical_battery","2489","1","0","Manganese/Lead/Nickel","1","researched_no_channel"
"Proquest Minerals and Exploration Limited","gemstones","2472","1","0","Copper/Gold/Quartz","1","researched_no_channel"
"Madibba Resources  And Exploration Company Limited","gemstones","2463","1","0","Radium/Silver/Quartz","0","never_researched"
"Grand Prosperous Company Limited","energy_minerals","2436","1","0","Lead/Anhydrite/Quartz","0","researched_no_channel"
"Lukanga Quarries Limited","critical_battery","2434","3","1","Limestone (General)/Silver/Quartz","1","researched_no_channel"
"Victory Resources Limited","base_metals","2432","1","0","Copper","0","researched_no_channel"
"Koinonia Zambia Limited","gemstones","2423","4","0","Lead/Tourmaline/Silver","4","researched_no_channel"
"Geofreight Clearing, Forwarding and Trucking Limited","critical_battery","2415","2","0","Manganese/Silver/Tin","0","never_researched"
"Gotrays Mining Zambia Limited","critical_battery","2410","2","0","Silver/Manganese/Zinc","1","never_researched"
"Leonk Mining Consultants Limited","gold","2402","1","0","Silver/Zinc/Gold","1","researched_no_channel"
"MNS Global World import and Export Limited","gemstones","2399","1","0","Nickel/Niobium (Columbium)/Kaolin","1","never_researched"
"Maricep Investments Zambia Limited","gemstones","2395","4","0","Gold/Iron Ore/Zinc","0","researched_no_channel"
"SIMWAMI MINERAL RESOURCES LIMITED","gold","2385","2","0","Gold/Iron Ore/Cobalt","0","never_researched"
"Misoler Investment Limited","critical_battery","2371","2","0","Manganese/Silver/Zinc","1","never_researched"
"Global Ore Core Resources Limited","critical_battery","2356","4","0","Gold/Limestone (General)/Cobalt","4","researched_no_channel"
"Kratos Mining Limited","critical_battery","2356","1","1","Iron Ore/Manganese/Zinc","0","researched_no_channel"
"D.M Transport & Logistics Limited","gemstones","2344","2","0","Rare EarthsElements/Quartz/Manganese","1","never_researched"
"ZAMJIE TRANSPOTATION LIMITED","critical_battery","2296","1","0","Nickel/Manganese/Zinc","0","never_researched"
"Precise Mining Solutions Limited","critical_battery","2286","1","0","Mineral Sands/Sand/Silver","0","never_researched"
"Golden Leopard Mining Industry Limited","critical_battery","2281","3","0","Tin/Coal/Tungsten","0","researched_no_channel"
"Leroy Minerals Logistics And Construction Limited","critical_battery","2253","4","0","Gold/Silver/Manganese","1","researched_no_channel"
"Distinction Group Limited","gemstones","2234","3","0","Manganese/Gold/Amethyst","3","researched_no_channel"
"Goldmap Investments Limited","gemstones","2219","3","1","Emerald/Diamond/Gold","3","researched_no_channel"
"Hachintusanmei Mineral Resources Limited","gemstones","2212","1","0","Fluorine-Fluorite/Feldspar/Tourmaline","0","never_researched"
"Attarah Resources Limited","critical_battery","2201","3","0","Limestone (General)/Quartz/Manganese","0","researched_no_channel"
"Wamar Mining Consultancy Limited","gemstones","2199","2","0","Aquamarine/Amethyst/Zinc","0","never_researched"
"Marengo Limited","critical_battery","2179","2","0","Lithium/Limestone (General)/Lead","2","never_researched"
"Mulopwe Metals Mining Limited","gold","2176","2","2","Gold/Copper/Lead","1","researched_no_channel"
"Momentum Mining Services Limited","critical_battery","2166","1","0","Nickel/Manganese/Quartz","0","never_researched"
"Secure Mines and Minerals Limited","critical_battery","2153","1","0","Selenium/Quartz/Vanadium","0","never_researched"
"Weevol Limited","critical_battery","2147","1","0","Manganese/Lead/Silver","1","never_researched"
"Kilimanjaro Mining Limited","gemstones","2147","2","0","Manganese/Lead/Quartz","0","never_researched"
"Kamwenshya Mineral Zambia Limited","gemstones","2146","3","1","Gold/Copper/Iron Ore","1","researched_no_channel"
"Zamafa Natural Resources Limited","gemstones","2131","4","0","Manganese/Nickel/Zinc","2","researched_no_channel"
"Tushiya Mining And General Trading Limited","gemstones","2127","1","0","Quartz/Silica/Mica","1","never_researched"
"Newmont Industries Limited","critical_battery","2100","5","1","Limestone (General)/Marble/Granite","1","researched_no_channel"
"Chao Chao Construction Limited","gemstones","2098","2","0","Tin/Tantalum/Copper","1","never_researched"
"MTDK INVESTMENT LIMITED","gemstones","2097","1","0","Nickel/Lead/Zinc","0","never_researched"
"Aimstrike Resources Limited","gold","2089","1","0","Lead/Silver/Zinc","1","never_researched"
"One Belt Mining Limited","critical_battery","2085","3","0","Iron Ore/Manganese/Gold","2","researched_no_channel"
"Upendo Resources Limited","gemstones","2075","3","1","Gold/Copper/Manganese","2","researched_no_channel"
"HRM MINING INVESTMENTS LIMITED","gemstones","2069","4","0","Copper/Zinc/Manganese","0","researched_no_channel"
"Stavin Investements Limited","critical_battery","2056","2","0","Gold/Copper/Cobalt","2","never_researched"
"Tianle Mineral Development Company Limited","gemstones","2052","1","0","Manganese/Limestone (General)/Iron Ore","0","never_researched"
"MUKULIKA MINING AND GENERAL DEALERS LIMITED","gemstones","2048","1","0","Precious Gems/Quartz/Green tourmaline","1","never_researched"
"Africoal Investment Company Limited","gold","2044","1","0","Gold/Silver/Copper","0","never_researched"
"Chatupa Lesa Mining Limited","critical_battery","2034","1","1","Anhydrite/Iron Ore/Rare EarthsElements","1","researched_no_channel"
"Chitoshi Chiefdom Mineral Resources Limited","critical_battery","2023","1","0","Iron Ore/Manganese/Copper","1","never_researched"
"Gulf Africa MInerals Limited","critical_battery","2020","3","2","Gold/Nickel/Manganese","2","researched_no_channel"
"Metro Mining Limited","gemstones","2012","11","9","Emerald/Beryllium/Aquamarine","10","researched_no_channel"
"Bonway Investments Limited","critical_battery","2006","1","0","Nickel/Manganese/Uranium","1","researched_no_channel"
"Giant Plus Limited","gold","2004","1","0","Silver/Zinc/Gold","0","never_researched"
"Katema Malolwa Resources Limited","critical_battery","2000","1","0","Manganese/Nickel/Rare EarthsElements","1","researched_no_channel"
"Black Diamond Mining & Minerals Limited","critical_battery","1998","4","1","Manganese/Copper/Gold","1","researched_no_channel"
"MERACLUS INVESTMENTS LIMITED","gemstones","1997","2","0","Copper/Gold/Nickel","0","never_researched"
"Mistique Trading Limited","critical_battery","1997","1","0","Manganese/Zinc/Gold","1","never_researched"
"TRUSTROCK RESOURCES LIMITED","gemstones","1992","1","0","Silver/Manganese/Zinc","0","never_researched"
"Akamaru General Dealers Limited","gemstones","1991","3","0","Gold/Copper/Malachite","3","researched_no_channel"
"Chisungusho Investments Limited","critical_battery","1991","2","0","Silver/Quartz/Gold","2","never_researched"
"XINHONGTAI MINING LIMITED","gemstones","1974","1","0","Anhydrite/Manganese/Graphite","1","never_researched"
"Longvee Mining Limited","critical_battery","1970","2","0","Copper/Cobalt/Gold","0","never_researched"
"Muchenga Resources Limited","critical_battery","1964","2","0","Zinc/Iron Ore/Lead","2","never_researched"
"Chipanshya Construction Limited","critical_battery","1953","3","0","Gold/Copper/Cobalt","0","researched_no_channel"
"Jamboree Investments Limited","critical_battery","1946","2","0","Nickel/Manganese/Zinc","2","researched_no_channel"
"Sellome Investment Limited","critical_battery","1934","1","0","Lithium/Silver/Zinc","1","never_researched"
"Spearnet Zambia Limited","gemstones","1928","1","1","Gemstones","0","researched_no_channel"
"Luwi Investments Limited","gemstones","1917","6","4","Gold/Copper/Quartz","1","researched_no_channel"
"IDWALA MINERAL RESOURCES LIMITED","gemstones","1914","4","0","Iron Ore/Silver/Lead","3","researched_no_channel"
"Lulea Mining Engineering Limited","industrial_minerals","1907","2","0","Limestone (General)/Kaolin/Silica","1","researched_no_channel"
"Vetoxy  Investments Limited","gemstones","1885","6","0","Copper/Cobalt/Iron Ore","3","researched_no_channel"
"REDSTONE MACHINERY COMPANY","critical_battery","1883","2","0","Manganese/Rare EarthsElements/Zinc","2","never_researched"
"Grand Osk Limited","gemstones","1881","1","0","Rare EarthsElements/Limestone (General)/Lead","1","never_researched"
"Newcrest Mining Limited","critical_battery","1869","1","0","Manganese/Iron Ore/Silver","1","never_researched"
"Chipanshya Construction Limited; Chipanshya Construction Limited","critical_battery","1869","2","0","Gold/Copper/Cobalt","1","never_researched"
"Tangshan Resources Limited","critical_battery","1854","2","0","Lithium/Limestone (General)/Molybdenum","0","never_researched"
"Zamzinc Industry Company Limited","critical_battery","1852","2","1","Manganese/Lead/Silver","1","researched_no_channel"
"Redstone Resources Limited","critical_battery","1849","3","1","Gold/Copper/Zinc","3","researched_no_channel"
"SDLG INVESTMENTS LIMITED","critical_battery","1847","2","0","Manganese/Nickel/Zinc","1","never_researched"
"SOngachi Mining and Supplies Services Limited","gemstones","1843","4","0","Copper/Gold/Iron Ore","1","researched_no_channel"
"Gadiel Mining Limited","gold","1835","1","0","Silver/Zinc/Gold","1","never_researched"
"Walson General Dealers Limited","gold","1832","1","0","Gold","1","never_researched"
"PDV METALS LIMITED","critical_battery","1832","1","0","Nickel/Lead/Zinc","0","never_researched"
"Metmin Limited","gemstones","1831","1","0","Talc-Soapstone/Silver/Rare EarthsElements","1","never_researched"
"Freshstart Emerald Mining Limited","gemstones","1820","2","0","Limestone (General)/Anhydrite/Tourmaline","1","never_researched"
"Addulum Cave Investments Limited","critical_battery","1819","1","0","Quartz/Manganese/Zinc","1","never_researched"
"Lukabu Westlake enterprises","gemstones","1818","2","0","Iron Ore/Lead/Gold","0","never_researched"
"Silondwa Safaris Limited","gold","1816","2","0","Iron Ore/Gold/Copper","0","never_researched"
"Royal Chamuka Mining Limited","critical_battery","1815","1","0","Silver/Manganese/Zinc","0","researched_no_channel"
"Flying Lion Mining Company Limited","gemstones","1805","2","0","Manganese/Malachite/Nickel","0","never_researched"
"Kabile Mining Limited","critical_battery","1803","1","0","Manganese/Silver/Zinc","1","never_researched"
"Carly Prints International Limited","critical_battery","1801","1","0","Manganese/Nickel/Rare EarthsElements","0","never_researched"
"Lorella Products Limited","critical_battery","1800","1","0","Granite/Manganese/Silver","1","researched_no_channel"
"Fouta Mining Limited","gemstones","1798","2","0","Iron Ore/Lead/Manganese","0","never_researched"
"Motomine Zambia Limited","gemstones","1797","3","0","Manganese/Lead/Iron Ore","3","researched_no_channel"
"Malambo Mining Limited","gemstones","1765","3","0","Lithium/Silver/Quartz","3","researched_no_channel"
"HAMBURG EXPLORATION LIMITED","gemstones","1764","2","0","Gold/Tin/Sugilite","0","never_researched"
"Koala Mining Limited","gemstones","1756","1","0","Lithium/Gold/Quartz","1","never_researched"
"Zumran Mining and Exploration Limited","critical_battery","1755","1","0","Manganese/Zinc/Gold","1","never_researched"
"Alliance Minerals Limited","gemstones","1754","2","0","Manganese/Silver/Zinc","2","never_researched"
"Maretec Investments Limited","critical_battery","1752","2","0","Gold/Copper/Cobalt","2","never_researched"
"Nalikolo Mining Limited","critical_battery","1752","1","0","Malachite/Iron Ore/Manganese","0","never_researched"
"Chamula Resources Limited","gold","1747","1","0","Gold/Copper/Barium-Barite","1","never_researched"
"Goldfields Resources Limited","critical_battery","1740","3","0","Quartz/Zinc/Iron Ore","0","researched_no_channel"
"Nuels Construction Zambia Limited","critical_battery","1736","3","0","Phosphorus-Phosphates/Niobium (Columbium)/Manganese","0","researched_no_channel"
"Lipostide Resources Limited","gemstones","1733","1","0","Gold/Lithium/Aquamarine","1","never_researched"
"Mother Land Resources Limited","critical_battery","1723","2","0","Granite/Limestone (General)/Nickel","1","never_researched"
"KYLIN NONFERROUS MINING ZAMBIA LIMITED","gemstones","1714","4","0","Copper/Cobalt/Gold","0","researched_no_channel"
"Midstream Capital Limited","critical_battery","1707","1","0","Manganese/Platinum/Tantalum","0","never_researched"
"Jinfeng Mining Company Limited","gemstones","1704","1","0","Rare EarthsElements/Manganese/Silver","1","never_researched"
"Kekedar Investment Zambia Company Limited","industrial_minerals","1699","1","0","Sand/Molding/Talc-Soapstone","1","researched_no_channel"
"Ezed Mines Limited","critical_battery","1689","1","0","Nickel/Silver/Zinc","1","never_researched"
"Kapinga and Sons Investments Limited","gemstones","1689","2","0","Gold/Copper/Iron Ore","0","never_researched"
"Uniwide Logistics Limited","critical_battery","1685","1","0","Manganese/Iron Ore/Silver","0","never_researched"
"Leveka Mining Ltd","gemstones","1665","3","1","Gold/Copper/Manganese","1","researched_no_channel"
"Mobile Shaft Metals Limited","critical_battery","1661","2","0","Iron Ore/Anhydrite/Manganese","2","researched_no_channel"
"Mulangi Investments Limited","critical_battery","1652","3","2","Tungsten/Tin/Titanium","1","researched_no_channel"
"BLS Mining Limited","critical_battery","1649","2","0","Lead/Manganese/Zinc","0","never_researched"
"Rontex Minerals  Limited","critical_battery","1641","1","0","Gold/Iron Ore/Lithium","0","never_researched"
"White Rock Marketing Limited","critical_battery","1640","4","0","Zinc/Manganese/Nickel","3","researched_no_channel"
"Global Mag Solutions Limited","gemstones","1633","5","0","Copper/Gold/Manganese","2","researched_no_channel"
"Chamin General Suppliers Limited","gemstones","1632","3","0","Quartz/Amethyst/Aquamarine","1","researched_no_channel"
"Simba Ventures Limited","critical_battery","1631","2","0","Lead/Manganese/Zinc","1","never_researched"
"Horizon Properties Limited","gemstones","1631","1","0","Niobium (Columbium)/Talc-Soapstone/Lithium","0","never_researched"
"Uluse Minerals Limited","gold","1628","1","0","Iron Ore/Zinc/Gold","0","never_researched"
"Collum Coal Mining Industries Limited","energy_minerals","1628","1","1","Coal","1","researched_no_channel"
"Tropics Surveying Technical Services Limited","critical_battery","1624","1","0","Gold/Manganese/Cobalt","0","never_researched"
"STREET WISE MINING LIMITED","gemstones","1610","2","0","Manganese/Gold/Copper","1","never_researched"
"Shamrock Mining Limited","critical_battery","1607","1","1","Silver/Sulfuric Acid/Zinc","1","researched_no_channel"
"Yang Mining Company Limited","critical_battery","1601","2","0","Lead/Zinc/Gold","1","never_researched"
"Brimamwa Mining and Explorations Limited","critical_battery","1592","3","0","Gold/Lead/Manganese","1","researched_no_channel"
"Sacko Resources Limited","critical_battery","1575","2","0","Lead/Nickel/Zinc","2","never_researched"
"IBAS Trades Limited","critical_battery","1553","3","3","Gold/Nickel/Silver","1","researched_no_channel"
"Nyolelo Investments Limited","industrial_minerals","1539","3","0","Limestone (General)/Feldspar/Clay (General)","1","researched_no_channel"
"Mindeco Small Mines Limited","gemstones","1537","1","1","Quartz/Tantalum/Tourmaline","1","researched_no_channel"
"TECHPRO MINING LIMITED","gemstones","1531","2","0","Iron Ore/Lead/Manganese","1","never_researched"
"Minol Insights Investments Limited","gemstones","1531","3","0","Emerald/Diamond","1","never_researched"
"Silver Rock Mining Limited","gemstones","1528","1","0","Silica/Quartz/Mica","1","researched_no_channel"
"Bema Mining Services Limited","gemstones","1526","2","0","Cobalt/Gold/Copper","1","never_researched"
"Salmar Zambia Limited","gemstones","1525","2","0","Manganese/Limestone (General)/Lead","1","researched_no_channel"
"Fertilizer Commodities (Z) Limited","gold","1512","1","0","Gold/Iron Ore/Cobalt","1","never_researched"
"TRISHUL MINES AND MINERALS LIMITED","gemstones","1508","2","0","Malachite/Manganese/Zinc","0","never_researched"
"Quick Copper Mining Limited","critical_battery","1498","1","0","Iron Ore/Silver/Tin","1","never_researched"
"Qayshuan International Zambia Limited","critical_battery","1479","1","0","Iron Ore/Nickel/Gold","1","never_researched"
"African Metals and  Mining Limited","gemstones","1479","1","0","Limestone (General)/Lead/Manganese","1","never_researched"
"CHQI INVESTMENTS LIMITED","gold","1475","2","0","Malachite/Gold/Copper","0","researched_no_channel"
"Hyperion Corporation Limited","critical_battery","1475","1","0","Iron Ore/Manganese/Silver","0","never_researched"
"Rajeshwari Resources Limited","critical_battery","1471","3","0","Lead/Manganese/Zinc","2","never_researched"
"Sezic Resources Limited","energy_minerals","1470","4","3","Coal/Anhydrite/Quartz","3","researched_no_channel"
"Mutivals Company Limited","critical_battery","1458","2","0","Manganese/Gold/Copper","1","never_researched"
"Kabulyeni Mining Limited","gold","1450","1","0","Gold/Zinc/Cobalt","1","never_researched"
"Zambia Minerals Investment Corporation Limited","unknown","1436","1","0","","0","researched_no_channel"
"Zam-Kirin Mining Limited","gemstones","1436","2","0","Quartz/Tourmaline/Aquamarine","2","researched_no_channel"
"Compstat Limited","gemstones","1425","1","0","Quartz/Manganese/Tantalum","1","never_researched"
"Gulf Drilling Limited","gold","1422","1","0","Gold/Quartz/Copper","1","never_researched"
"Timna Valley Resources Limited","gemstones","1417","3","0","Iron Ore/Gold/Copper","0","never_researched"
"YUSEN INVESTMENTS LIMITED","gemstones","1396","1","0","Platinum/Quartz/Manganese","1","never_researched"
"Sandspring Ventures Limited","gemstones","1396","2","0","Manganese/Lead/Silver","0","researched_no_channel"
"GREAT TECH ZAMBIA LIMITED","critical_battery","1386","4","0","Gold/Manganese/Copper","0","researched_no_channel"
"FIERCE DRAGON INVESTMENT LIMITED","critical_battery","1382","2","0","Tungsten/Tin/Niobium (Columbium)","0","never_researched"
"Vitumbo Investments Limited","gemstones","1381","3","0","Gold/Copper/Rare EarthsElements","0","never_researched"
"Kyulu Development Trust","gemstones","1379","5","5","Sandstone/Malachite/Manganese","4","researched_no_channel"
"S.B Mineral Resources Limited","gemstones","1375","2","0","Rare EarthsElements/Manganese/Quartz","2","never_researched"
"Bomal Mining & Agriculture Enterprises Limited","gemstones","1369","2","0","Tin/Tourmaline/Tungsten","0","never_researched"
"Kuzata Investments Limited","critical_battery","1364","2","0","Manganese/Nickel/Silver","0","never_researched"
"Glemo Investments Limited","critical_battery","1359","2","0","Zinc/Malachite/Nickel","1","never_researched"
"Mumfunshya Mining Limited","gemstones","1357","2","1","Emerald/Rare EarthsElements/Copper","0","researched_no_channel"
"Pigeon Mineral Resources Limited","gemstones","1352","2","0","Tourmaline/Garnet/Quartz","2","never_researched"
"KAPICHILA INVESTMENTS LIMITED","gemstones","1351","2","0","Zinc/Malachite/Nickel","2","never_researched"
"Lumuno Enterprises Limited","gemstones","1350","2","0","Iron Ore/Tourmaline/Gold","2","never_researched"
"Talang Mining Company Limited","critical_battery","1348","2","1","Copper/Manganese/Iron Ore","1","researched_no_channel"
"SMR Construction Limited","gemstones","1344","1","0","Silver/Nickel/Zinc","0","never_researched"
"Zamtech Minerals Limited","critical_battery","1340","2","0","Molybdenum/Silver/Tin","2","never_researched"
"Huios Mining and Minerals Explorations Limited","critical_battery","1337","1","0","Manganese/Limestone (General)/Zinc","1","never_researched"
"FEDAR INVESTMENT COMPANY LIMITED","gemstones","1336","2","0","Coal/Amethyst/Granite","0","never_researched"
"ALDI Agro  and General Dealers Zambia Limited","gemstones","1329","2","0","Quartz/Gold/Zinc","2","never_researched"
"Sajarke Resources Limited","critical_battery","1324","1","0","Iron Ore/Manganese/Copper","1","never_researched"
"A.Argente and Company Limited","critical_battery","1318","3","0","Iron Ore/Manganese/Gold","1","researched_no_channel"
"Flow Valve Limited","gemstones","1311","2","0","Gold/Manganese/Zinc","2","never_researched"
"Freshpoint Mining Enterprises & General Suppliers Limited","gemstones","1300","2","0","Gold/Copper/Amethyst","2","never_researched"
"Bangaram Mining Limited","gemstones","1297","2","0","Iron Ore/Zinc/Manganese","2","never_researched"
"MJAC Minerals Company Limited","gemstones","1288","1","0","Green tourmaline/Iron Ore/Quartz","0","never_researched"
"Bumpekete Mining & Exploration Limited","critical_battery","1286","2","1","Iron Ore/Manganese/Zinc","1","researched_no_channel"
"Wecare Resources Limited","critical_battery","1280","1","0","Manganese/Mica/Rare EarthsElements","0","never_researched"
"Gehaanto Enterprises Limited","gemstones","1278","1","0","Silver/Tourmaline/Iron Ore","0","never_researched"
"Trendy Enterprises Limited","critical_battery","1256","2","0","Lead/Limestone (General)/Manganese","2","never_researched"
"Red Copper Resources Limited","critical_battery","1255","3","0","Silver/Gold/Copper","2","never_researched"
"Neon Mining Limited","critical_battery","1250","4","0","Limestone (General)/Manganese/Zinc","4","researched_no_channel"
"Xtract Mines and Mineral Resources Limited","critical_battery","1247","3","0","Manganese/Gypsum/Anhydrite","1","never_researched"
"Silazo Enterprises Limited","gemstones","1246","4","0","Gold/Copper/Aquamarine","4","researched_no_channel"
"Chama Minerals Resources Limited","gemstones","1238","2","1","Titanium/Zinc/Tantalum","1","researched_no_channel"
"Evergreat Investment Company Limited","industrial_minerals","1237","1","0","Limestone (General)/Granite/Dolomite","0","never_researched"
"Zohara Mining Limited","critical_battery","1237","3","0","Iron Ore/Manganese/Gold","0","never_researched"
"Luban Engineering Zambia Limited","gemstones","1237","2","0","Iron Ore/Nickel/Gold","0","never_researched"
"Kerson Resources Limited","gemstones","1235","2","0","Malachite/Manganese/Lead","1","never_researched"
"Africoin Investment Limited","gemstones","1229","2","0","Copper/Gold/Aquamarine","2","never_researched"
"GRN Constructions Zambia Limited","gemstones","1228","1","0","Iron Ore/Gold/Lead","0","never_researched"
"J.S.Moyo Farms Limited","critical_battery","1219","4","4","Sand and Gravel/Iron Ore/Silica","4","researched_no_channel"
"Chalemba Investments Limited","gemstones","1219","3","0","Iron Ore/Lithium/Copper","2","never_researched"
"Stonecore Mine Limited","gemstones","1202","2","0","Titanium/Tantalum/Sugilite","0","never_researched"
"Forest Mining Limited","gemstones","1196","3","1","Iron Ore/Manganese/Lead","1","researched_no_channel"
"Lintai Mining Company Limited","critical_battery","1176","1","0","Manganese/Lead/Zinc","0","never_researched"
"AMS Commodities Limited","critical_battery","1160","3","0","Copper/Silver/Zinc","1","never_researched"
"Mango Grove Investments Limited","critical_battery","1159","2","0","Lead/Quartz/Zinc","2","never_researched"
"Mkula Mining Limited","gold","1154","3","3","Gold","0","researched_no_channel"
"Northcut Mining Limited","gemstones","1146","1","0","Silver/Gold/Tin","1","never_researched"
"China Zhong Yuan International Limited","critical_battery","1136","2","0","Manganese/Silver/Lead","2","never_researched"
"KAMPELEMBE CSS MINES LIMITED","critical_battery","1129","4","4","Manganese/Iron Ore/Copper","3","researched_no_channel"
"Shri Subh Metals Limited","critical_battery","1127","1","0","Malachite/Lead/Zinc","0","never_researched"
"Colchi Farms Limited","gold","1118","3","3","Limestone (General)/Gold/Cobalt","3","researched_no_channel"
"Heshunda Mining Company Limited","critical_battery","1118","1","0","Rare EarthsElements/Nickel/Tin","1","never_researched"
"Selmat Investments Limited","gold","1115","1","0","Quartz/Gold/Copper","1","never_researched"
"Scirocco Enterprises Limited","gold","1111","3","3","Limestone (General)/Gold/Silver","3","researched_no_channel"
"ZANAVI INVESTMENTS GROUP LIMITED","critical_battery","1109","1","0","Manganese/Lead/Zinc","0","never_researched"
"Mulundu Mineral Resources Limited","gemstones","1109","2","0","Gold/Nickel/Silver","1","researched_no_channel"
"Sidhi Vinayak Base Metal Limited","critical_battery","1106","3","0","Manganese","0","never_researched"
"Haizhou Mining Resources Co. Limited","gold","1104","2","0","Iron Ore/Silver/Gold","1","never_researched"
"Jiuda Investment Limited","critical_battery","1103","2","1","Zinc/Lead/Manganese","1","researched_no_channel"
"Mineworth Investments Limited","critical_battery","1099","2","0","Iron Ore/Nickel/Zinc","0","never_researched"
"Mapp Mining Limited","critical_battery","1099","1","0","Manganese/Lead/Zinc","1","never_researched"
"XL Waste Management and Green Energy","gemstones","1099","5","1","Limestone (General)/Copper/Feldspar","1","researched_no_channel"
"HUA HUI INVESTMENT LIMITED","gemstones","1098","1","0","Malachite/Lead/Iron Ore","0","never_researched"
"Mvuu Resources Limited","gold","1094","1","0","Iron Ore/Zinc/Gold","0","never_researched"
"Hua-Jiang Investments Limited","critical_battery","1094","1","0","Nickel/Lead/Silver","0","never_researched"
"AFTHONI METALS CONSORTIUM LIMITED","gemstones","1090","1","0","Manganese/Mineral Sands/Iron Ore","0","never_researched"
"Munanzuki Resources","gemstones","1085","1","0","Limestone (General)/Anhydrite/Quartz","0","researched_no_channel"
"Zambold Properties Limited","critical_battery","1084","1","0","Silver/Selenium/Platinum Group Metals","0","never_researched"
"Pamodzi Investments Limited","gemstones","1082","2","0","Copper/Gold/Silver","0","never_researched"
"Sichipema Resources Limited","critical_battery","1082","6","1","Gold/Manganese/Cobalt","2","researched_no_channel"
"Chavuma Mineral Resources Limited","gemstones","1075","1","0","Anhydrite/Gypsum/Gold","1","never_researched"
"Vista Cotlands Consultants Limited","critical_battery","1074","2","0","Nickel/Silver/Zinc","1","never_researched"
"Tancol Minerals Limited","gemstones","1072","5","4","Quartz/Tourmaline/Tantalum","3","researched_no_channel"
"Athena Investments Limited","gold","1069","2","0","Iron Ore/Silver/Gold","2","never_researched"
"Aeon Engineering Limited","critical_battery","1064","2","0","Gold/Copper/Nickel","1","never_researched"
"Red Bell Construction Limited","gemstones","1063","1","0","Manganese/Nickel/Iron Ore","1","never_researched"
"Makgowan Resources Limited","critical_battery","1057","2","0","Granite/Iron Ore/Manganese","0","researched_no_channel"
"Kesya Resources Limited","gemstones","1053","1","0","Iron Ore/Coal/Amethyst","1","never_researched"
"Gold Lookers Mining Limited","critical_battery","1053","3","0","Manganese/Tin/Iron Ore","1","never_researched"
"Chazychilz Investments Limited","gemstones","1043","3","0","Gold/Iron Ore/Copper","2","never_researched"
"Clarma Resources Limited","gemstones","1036","3","0","Cobalt/Gold/Iron Ore","2","researched_no_channel"
"ENOSARS CONSTRUCTION LIMITED","gemstones","1033","2","0","Manganese/Limestone (General)/Lead","0","researched_no_channel"
"Trailblazer Minerals Company","gemstones","1027","2","1","Copper/Gold/Sugilite","0","researched_no_channel"
"Divine Mimuvelyn Mining and Exploration Company  Limited","critical_battery","1006","3","0","Lead/Manganese/Silver","3","never_researched"
"Wilna Enterprises Limited","critical_battery","1005","2","0","Iron Ore/Manganese/Quartz","2","never_researched"
"Proactive Youths Construction Limited","gemstones","1002","1","0","Anhydrite/Gypsum/Iron Ore","0","never_researched"
"Afristones Resources Limited","gemstones","1000","1","0","Lead/Iron Ore/Manganese","1","never_researched"
"Hoshen Mining and Exploration Limited","gold","998","1","0","Malachite/Silver/Zinc","1","never_researched"
"Raptor Mining Limited","gemstones","998","1","0","Gold/Silver/Tourmaline","0","never_researched"
"Tawakkal Gems Investments Co. Ltd","gemstones","997","3","1","Emerald/Quartz/Manganese","1","researched_no_channel"
"Lutebwe Mining Zambia Limited","gold","997","1","0","Lead/Quartz/Zinc","0","never_researched"
"Blueware Investments Limited","critical_battery","995","1","0","Iron Ore/Manganese/Gold","1","never_researched"
"Luambulu Mining Limited","gemstones","994","1","0","Gold/Quartz/Tourmaline","1","never_researched"
"Chilindi Investment Limited","critical_battery","993","1","0","Iron Ore/Manganese/Copper","1","never_researched"
"Titamenji Construction Limited","gemstones","993","1","0","Phosphorus-Phosphates/Niobium (Columbium)/Nickel","1","never_researched"
"Angra Resources Limited","critical_battery","992","1","0","Manganese/Limestone (General)/Zinc","0","never_researched"
"Ecomine Exploration Company Limited","gemstones","992","2","0","Copper/Iron Ore/Tantalum","0","never_researched"
"Mwepago Mineral Resources","base_metals","991","1","0","Talc-Soapstone/Zinc/Kaolin","0","researched_no_channel"
"Kaystech Zambia Limited","critical_battery","990","1","0","Rare EarthsElements/Zinc/Iron Ore","1","never_researched"
"Majeed Pasha Investments Limited","gold","990","1","0","Gold/Iron Ore/Cobalt","0","never_researched"
"ADHI SHIVA ENTERPRISES LIMITED","critical_battery","990","1","0","Malachite/Manganese/Zinc","0","never_researched"
"Hardrock Investments Limited","critical_battery","990","1","0","Nickel/Silver/Copper","1","never_researched"
"AZANIA MINING COMPANY LIMITED","gemstones","990","1","0","Iron Ore/Lead/Manganese","1","never_researched"
"KMCI Mining Limited","critical_battery","990","1","0","Lead/Manganese/Zinc","1","never_researched"
"Mublecha Enteprises Limited","critical_battery","989","1","0","Manganese/Zinc/Gold","1","researched_no_channel"
"Shimumu Investment Limited","critical_battery","988","2","0","Quartz/Zinc/Manganese","2","researched_no_channel"
"Whirlpool Minerals Limited","critical_battery","986","1","0","Tin/Zinc/Copper","1","never_researched"
"Minsundu Gemstone Mining Limited","gemstones","984","1","0","Manganese/Quartz/Tourmaline","1","researched_no_channel"
"Kabompo Mineral Resources Limited","gemstones","983","2","1","Gold/Zinc/Cobalt","2","researched_no_channel"
"ECOSAN Development and Trading Limited","gemstones","982","1","0","Mica/Gold/Tantalum","1","never_researched"
"Rimond Mining Resources Limited","gold","982","1","0","Gold/Iron Ore/Cobalt","1","researched_no_channel"
"Firmato Investiment Limited","critical_battery","982","1","0","Manganese/Zinc/Iron Ore","1","researched_no_channel"
"Kenlen Minerals Limited","gold","981","1","0","Quartz/Zinc/Gold","1","never_researched"
"Northdale Explorations & Logistics Limited","industrial_minerals","979","1","0","Stone/Silica/Crushed/Broken Stone","0","researched_no_channel"
"Xingstone Resources Limited","gemstones","977","2","0","Quartz/Tourmaline/Zinc","2","researched_no_channel"
"MWILA  J. CIVILS LIMITED","gemstones","976","2","0","Limestone (General)/Malachite/Manganese","0","never_researched"
"Mise Mining Limited","critical_battery","973","1","0","Anhydrite/Iron Ore/Rare EarthsElements","1","researched_no_channel"
"Alpine Prperties Limited","critical_battery","972","1","0","Iron Ore/Nickel/Zinc","1","never_researched"
"Prekas Company Limited","gold","970","3","2","Iron Ore/Gold/Copper","1","researched_no_channel"
"Afritrans Global Investments Limited","gemstones","969","1","0","Lead/Iron Ore/Zinc","0","researched_no_channel"
"Lifestone Minerals Limited","gemstones","966","1","0","Quartz/Manganese/Zinc","1","never_researched"
"Greenvelt Mining Limited","critical_battery","965","1","0","Gold/Nickel/Cobalt","1","never_researched"
"Harvest Inn Limited","gemstones","964","1","0","Manganese/Lead/Zinc","1","never_researched"
"Chakam Mining Limited","critical_battery","962","1","0","Platinum/Manganese/Silver","0","never_researched"
"Cales Investment Limited","critical_battery","959","1","0","Silver/Nickel/Zinc","1","researched_no_channel"
"Tulututwe Mining Limited","critical_battery","957","1","0","Lead/Manganese/Zinc","1","never_researched"
"Muchaba Enterprises Company Limited","energy_minerals","956","2","0","Limestone (General)/Sand/Molding","1","researched_no_channel"
"Geljam Mineral Company Limited","critical_battery","956","1","0","Manganese/Limestone (General)/Tin","1","never_researched"
"Salute Small Mining Limited","critical_battery","955","1","0","Manganese/Silver/Talc-Soapstone","0","never_researched"
"Sibir Investment Limited","critical_battery","955","1","0","Rare EarthsElements/Tantalum/Zinc","1","never_researched"
"ADAKOLE VENTURES LIMITED","gemstones","954","1","0","Lead/Iron Ore/Granite","0","never_researched"
"Karaka Mineral Resources Limited","critical_battery","954","2","0","Gold/Silver/Cobalt","0","never_researched"
"Winkalu Limited","gold","954","1","0","Gold/Copper","1","never_researched"
"Pragmatic Investments Limited","gold","953","1","0","Gold/Silver/Cobalt","1","researched_no_channel"
"Merjun Explorations Limited","gemstones","953","1","0","Diamond","1","never_researched"
"Negro F-Solutions Limited","critical_battery","952","1","0","Manganese/Lead/Zinc","1","never_researched"
"Abida Seed Consulting Limited","gemstones","952","1","0","Rare EarthsElements/Manganese/Zinc","1","never_researched"
"Kuhimpika Mining Company Limited","gold","952","1","0","Iron Ore/Silver/Gold","1","never_researched"
"Integrity Mining Limited","critical_battery","952","1","0","Nickel/Zinc/Gold","0","researched_no_channel"
"Chibilika Mines Limited","gemstones","951","1","0","Magnesium (Brucit)/Iron Ore/Quartz","0","never_researched"
"Delta-Zone Mining & Exploration Limited","gemstones","951","1","0","Nickel/Manganese/Quartz","0","never_researched"
"Mafota Minerals and Mines Limited","critical_battery","949","1","0","Manganese/Gold/Copper","1","researched_no_channel"
"Cherery Mining Company Limited","critical_battery","949","1","0","Manganese/Nickel/Iron Ore","1","never_researched"
"Newmark Resources Limited","gemstones","949","1","0","Manganese/Nickel/Anhydrite","1","never_researched"
"Bright Sky Mining Limited","gemstones","949","1","0","Manganese/Malachite/Limestone (General)","0","researched_no_channel"
"Saleforce General Dealers Limited","gemstones","948","1","0","Gold/Tourmaline/Copper","1","never_researched"
"Jinhui Minerals Limited","gemstones","948","1","0","Silver/Quartz/Tourmaline","1","never_researched"
"Qwatu Construction Limited","critical_battery","948","1","0","Iron Ore/Lead/Nickel","1","never_researched"
"DINOEL INVESTMENTS LIMITED","critical_battery","948","1","0","Iron Ore/Manganese/Zinc","0","never_researched"
"Vorezat Investment Limited","gemstones","947","1","0","Manganese/Limestone (General)/Lead","0","never_researched"
"JASRA Mines and Investments Limited","gemstones","946","1","0","Mineral Sands/Nickel/Malachite","0","never_researched"
"Pensulo Ferro Alloys Limited","critical_battery","945","1","0","Manganese/Quartz/Limestone (General)","0","never_researched"
"Mutobo Mining & General Dealers Limited","gemstones","945","1","0","Diamond/Emerald/Quartz","1","never_researched"
"KMC Engineering & Construction Limited","critical_battery","944","1","0","Nickel/Manganese/Quartz","0","never_researched"
"Lwebitech Farms Limited","gold","944","1","0","Gold/Copper/Cobalt","1","never_researched"
"Bukema Mining Limited","gemstones","943","1","0","Manganese/Iron Ore/Quartz","1","never_researched"
"BUterla Investment Holdings Limited","gold","942","1","0","Limestone (General)/High Calcium Limestone/Talc-Soapstone","0","researched_no_channel"
"Sabi Lodges and Adventures Limited","gold","940","2","1","Gold/Copper/Silver","2","researched_no_channel"
"OSCOL Zambia Limited","gemstones","939","1","0","Nickel/Manganese/Lithium","0","never_researched"
"Machiba Computers Limited","critical_battery","937","1","0","Silica/Zinc/Manganese","0","never_researched"
"Josong Mining Limited","gemstones","936","1","0","Quartz/Tourmaline/Aquamarine","1","never_researched"
"Ridochi Mining Limited","gemstones","933","1","0","Gypsum/Gold/Quartz","0","never_researched"
"Mulala Farms Limited","critical_battery","933","1","0","Manganese/Phosphorus-Phosphates/Lead","1","never_researched"
"Ghoso Mining Hub Limited","critical_battery","932","1","0","Lead/Manganese/Silver","0","never_researched"
"Mumbachala Mines Company Limited","gemstones","928","1","0","Limestone (General)/Manganese/Quartz","1","never_researched"
"SKY GROW INVESTMENTS LIMITED","critical_battery","922","1","0","Malachite/Manganese/Zinc","0","never_researched"
"Sachi National Wide Suppliers Limited","critical_battery","920","1","0","Nickel/Manganese/Zinc","1","never_researched"
"Luchat Business Company Limited","gemstones","919","1","0","Emerald/Quartz/Copper","1","never_researched"
"Afro Development Services Limited","gemstones","917","1","0","Iron Ore/Manganese/Quartz","1","never_researched"
"Anathoth Resources Limited","critical_battery","913","1","0","Tin/Manganese/Coal","1","never_researched"
"East-Tech Investments Limited","critical_battery","912","1","0","Tin/Coal","1","never_researched"
"Srinibash Metals Zambia Limited","gemstones","911","1","0","Manganese/Malachite/Lead","0","never_researched"
"Laka Mining Resources LIMITED","critical_battery","911","1","0","Gold/Nickel/Cobalt","0","never_researched"
"MUKAPELWA SMALL SCALE MINING LIMITED","gemstones","911","1","0","Manganese/Lead/Iron Ore","0","never_researched"
"Twenty Ten Investments Limited","gemstones","910","3","1","Iron Ore/Manganese/Quartz","0","researched_no_channel"
"Palosha Investments Limited","gemstones","910","1","0","Tantalum/Quartz/Tourmaline","0","never_researched"
"Green Orange Mining Limited","gemstones","905","2","1","Quartz/Gold/Ruby","0","researched_no_channel"
"Ubuntu Small Scale Mining Company Limited","critical_battery","905","1","0","Quartz/Nickel/Zinc","0","researched_no_channel"
"Belipajaali Enterprises Limited","gold","904","1","0","Zinc/Gold/Copper","0","never_researched"
"KLC Investments Limited","gemstones","903","1","0","Limestone (General)/Rare EarthsElements/Ruby","0","never_researched"
"Mafula Mining Limited","gemstones","902","1","0","Platinum/Nickel/Silver","0","never_researched"
"Roan Sable Limited","critical_battery","901","1","0","Manganese","1","never_researched"
"Pladoc Enterprises Limited","gemstones","901","1","0","Limestone (General)/Lead/Iron Ore","0","never_researched"
"AGS Pneumatics Services Limited","gemstones","900","1","0","Platinum/Nickel/Manganese","1","never_researched"
"Malibu Mining Limited","gold","900","3","1","Gold/Silver/Zinc","0","researched_no_channel"
"Vatech Limited","critical_battery","900","2","0","Malachite/Limestone (General)/Nickel","0","never_researched"
"Kabundi Minerals Limited","gemstones","900","2","0","Iron Ore/Manganese/Copper","0","never_researched"
"Kuza Investments Limited","critical_battery","899","1","0","Nickel/Manganese/Talc-Soapstone","1","never_researched"
"Johowen Contractors and Suppliers Limited","critical_battery","898","1","0","Manganese/Lead/Zinc","1","never_researched"
"Expat Management Services Limited","critical_battery","892","1","0","Quartz/Nickel/Zinc","0","never_researched"
"Munjiwe Enterprises Limited","critical_battery","891","1","0","Lead/Manganese/Silver","1","never_researched"
"SRI DURGA VINAYAKA MINES AND MINERALS LIMITED","critical_battery","887","1","0","Quartz/Manganese/Sand","0","never_researched"
"Talang Mining Co. Limited","gemstones","887","2","1","Amethyst/Quartz","1","researched_no_channel"
"Kindred Mining Limited","industrial_minerals","887","1","0","Silica/Quartz/Limestone (General)","1","researched_no_channel"
"Hilron Innovations Zambia Limited","gemstones","886","1","0","Anhydrite/Gypsum/Gold","1","never_researched"
"Chipmonic General Dealers Limited","critical_battery","885","1","0","Nickel/Silver/Gold","1","never_researched"
"Newport Marketing Company Limited","gemstones","882","1","0","Iron Ore/Anhydrite/Gypsum","0","never_researched"
"Tayu Metals Mining Limited","critical_battery","879","1","0","Iron Ore/Manganese/Quartz","1","never_researched"
"Nebula Mining Limited","critical_battery","878","1","0","Manganese/Quartz/Copper","0","researched_no_channel"
"Jothe Luombe Limited","gemstones","877","1","0","Marble/Manganese/Silver","0","never_researched"
"Workman Mining Industries Zambia Limited","critical_battery","876","2","1","Gold/Copper/Manganese","2","researched_no_channel"
"Grhin Mine Limited","critical_battery","875","1","0","Iron Ore/Graphite/Manganese","1","never_researched"
"ALGLOBAL NATURAL RESOURCES LIMITED","critical_battery","873","1","0","Quartz/Manganese/Zinc","0","never_researched"
"Brinewlam Mining Limited","gemstones","872","1","0","Manganese/Quartz/Iron Ore","1","never_researched"
"Summit Minerals Limited","critical_battery","872","2","0","Silver/Zinc/Manganese","0","never_researched"
"Mayiko Mining Limited","critical_battery","871","1","0","Iron Ore/Manganese/Zinc","0","never_researched"
"BNV Holdings Limited","critical_battery","871","1","0","Iron Ore/Manganese/Zinc","0","never_researched"
"Kunachi Northwest Investements Limited","gemstones","870","1","0","Rare EarthsElements/Manganese/Zinc","1","never_researched"
"Freeway Minerals Limited","gemstones","866","2","0","Copper/Cobalt/Tourmaline","1","never_researched"
"Genem MINERAL LIMITED","critical_battery","865","4","0","Gold/Copper/Iron Ore","2","researched_no_channel"
"Kaykas Investements Limited","gemstones","864","2","0","Copper/Manganese/Rare EarthsElements","2","never_researched"
"Samre Mining Resources Limited","gold","864","1","0","Gold/Copper/Cobalt","0","never_researched"
"Smart Deal Tech Limited","gold","860","1","0","Gold/Copper/Cobalt","1","never_researched"
"Mwakali Mining Limited","gemstones","852","1","0","Iridium/Lead/Anhydrite","0","never_researched"
"Surgitech Enterprise Limited","critical_battery","850","1","0","Quartz/Manganese/Stone","0","never_researched"
"JMK Venture Limited","critical_battery","848","1","0","Lead/Iron Ore/Limestone (General)","0","never_researched"
"Maxping Mining Limited","gemstones","845","1","0","Quartz/Gold/Silver","1","researched_no_channel"
"Katoka Mema Corporation Limited","gold","843","1","0","Gold/Iron Ore/Cobalt","0","never_researched"
"Mugla Mining Investment Zambia Limited","critical_battery","842","1","0","Lead/Manganese/Zinc","1","researched_no_channel"
"Lufwambula Small Scale Mining Limited","gemstones","840","3","3","Gold/Copper/Cobalt","0","researched_no_channel"
"A.M Aggeliki Maria Consulting Solutions Limited","critical_battery","839","1","1","Palladium/Nickel/Platinum","1","researched_no_channel"
"Milindi Sanitation and General Dealers Limited","gemstones","836","1","0","Quartz/Silver/Tourmaline","1","never_researched"
"Dhoonde Logistics Limited","gold","835","1","0","Iron Ore/Silver/Copper","0","researched_no_channel"
"Chamat Suppliers and General Dealers Limited","critical_battery","834","1","0","Nickel/Silver/Zinc","1","never_researched"
"Kingslight Minerals Limited","gemstones","830","1","0","Manganese/Quartz/Silver","1","never_researched"
"Jeff's Farms and General Dealers Limited","gold","830","1","0","Iron Ore/Silver/Gold","1","never_researched"
"Rock Trapper mining Limited","gemstones","829","1","0","Quartz/Manganese/Zinc","0","never_researched"
"Engco Civils Limited","critical_battery","827","1","0","Iron Ore/Manganese/Cobalt","0","never_researched"
"Astrome Solutions Zambia Limited","critical_battery","820","1","0","Granite/Manganese/Silver","1","never_researched"
"Misheck Minerals Exploration Limited","gold","820","1","0","Iron Ore/Silver/Gold","1","researched_no_channel"
"CHAKRA MINES AND MINERALS LIMITED","critical_battery","819","1","0","Manganese/Zinc/Gold","0","researched_no_channel"
"Arlinton Investment Limited","critical_battery","815","1","0","Tantalum/Tin/Lithium","1","never_researched"
"Tinco Zambia Limited","gemstones","815","2","0","Silver/Lithium/Lead","0","never_researched"
"Tiana Tia Manufacturing Zambia Limited","critical_battery","814","2","1","Rare EarthsElements/Tin/Tungsten","0","researched_no_channel"
"Seagreen Mining Company Limited","critical_battery","811","1","0","Lead/Manganese/Zinc","1","never_researched"
"Dashun Industry Company Limited","critical_battery","810","2","1","Zinc/Silica/Limestone (General)","0","researched_no_channel"
"ADEMUKO MINING CONTRACTORS AND ENGINEERING  SERVICES LIMITED","critical_battery","800","1","0","Quartz/Mica/Manganese","0","never_researched"
"Zombe-Tec Investments Ltd","critical_battery","799","2","1","Manganese/Zinc/Iron Ore","0","researched_no_channel"
"Workman Construction Zambia Limited","critical_battery","799","2","2","Palladium/Manganese/Zinc","2","researched_no_channel"
"Bubala Mining and Construction Limited","base_metals","798","1","0","Anhydrite/Gypsum/Iron Ore","1","researched_no_channel"
"Badiye Limited","gold","797","3","2","Copper/Gold/Silver","1","researched_no_channel"
"Lunda Resources Limited","critical_battery","796","2","2","Gold/Silver/Cobalt","2","researched_no_channel"
"Eagle Line Investment Limited","critical_battery","795","2","2","Gold/Copper/Cobalt","2","researched_no_channel"
"Lusangazi Nyakulemba Gold Minerals Resources Limited","gemstones","791","1","0","Tourmaline/Gold/Copper","0","never_researched"
"Dalobelt Zambia Limited","critical_battery","787","2","2","Lead/Manganese/Zinc","1","researched_no_channel"
"Mufwashi Mining and Resources Limited","gemstones","779","2","2","Manganese/Iron Ore/Silver","2","researched_no_channel"
"ROX  METAL INVESTMENT LIMITED","critical_battery","775","1","0","Malachite/Nickel/Zinc","0","never_researched"
"Incara Company (Zambia) Limited","gemstones","769","1","0","Quartz/Tourmaline/Gold","1","never_researched"
"Mon Fuel and Oil Investment","critical_battery","767","1","0","Manganese/Limestone (General)/Zinc","1","never_researched"
"Artificial Intelligent Product Limited","gemstones","766","2","2","Quartz/Manganese/Lead","1","researched_no_channel"
"LENTASIM LOGISTICS LIMITED","gemstones","766","1","0","Copper/Gold/Aquamarine","1","researched_no_channel"
"Damayacha Mining Limited","gemstones","765","1","0","Tantalum/Tourmaline/Quartz","0","researched_no_channel"
"VALZ MINERALS LIMITED COMPANY","gemstones","765","1","0","Gold/Iron Ore/Manganese","0","never_researched"
"Kapsims Mining Company Limited","critical_battery","763","1","0","Manganese/Silver/Zinc","0","never_researched"
"Shachizulu Enterprise Limited","gemstones","762","1","0","Nickel/Manganese/Tourmaline","1","never_researched"
"Cheban Mining Limited","gold","761","1","0","Palladium/Silver/Gold","1","never_researched"
"Roseberry Stone & Tile Limited","construction_materials","754","2","2","Stone","2","researched_no_channel"
"Praja Minerals Zambia Limited","gold","754","1","0","Gold/Silver/Cobalt","0","researched_no_channel"
"Array Metals And Natural Resources Limited","gold","753","3","3","Gold/Copper","3","researched_no_channel"
"PCB Mining Limited","critical_battery","751","2","1","Manganese/Lead/Zinc","2","researched_no_channel"
"Lwimbo Copper Mine Limited","gold","750","2","2","Copper/Cobalt/Silver","2","researched_no_channel"
"Naoje Boarder World Zambia Limited","critical_battery","749","1","0","Quartz/Rare EarthsElements/Nickel","1","never_researched"
"Frichyl General Dealers Limited","construction_materials","747","1","0","Granite","1","researched_no_channel"
"Unirite Investments Limited","critical_battery","747","1","0","Manganese/Quartz/Iron Ore","1","never_researched"
"Samstone crushing limited","gold","747","1","0","Lead/Limestone (General)/Uranium","1","never_researched"
"AgenaCorp Zambia Ltd","critical_battery","745","1","0","Silver/Tantalum/Palladium","1","never_researched"
"Jejeva Logistics Limited","gemstones","744","1","0","Manganese/Iron Ore/Silver","1","never_researched"
"Ruida Investments Limited","base_metals","743","1","1","Copper","1","researched_no_channel"
"Chozi Mining Limited","gemstones","736","2","2","Gold/Quartz/Aquamarine","1","researched_no_channel"
"Polar Petroleum Limited","critical_battery","735","1","0","Nickel/Manganese/Silver","0","researched_no_channel"
"Roan Mineral Resources Company Ltd","critical_battery","731","1","0","Nickel/Manganese/Zinc","1","researched_no_channel"
"Front Runners Solutions Limited","critical_battery","730","1","0","Platinum/Manganese/Tantalum","0","researched_no_channel"
"Purple Pegmine Limited","gemstones","723","2","2","Quartz/Silica/Tourmaline","1","researched_no_channel"
"WI-PAY FINANCE LIMITED","gemstones","719","1","0","Gravel/Fluorine-Fluorite/Limestone (General)","0","never_researched"
"Octane Investments Limited","gemstones","718","1","0","Gold/Tourmaline/Aquamarine","1","never_researched"
"STC Transport and Farming Limited","critical_battery","712","1","0","Iron Ore/Manganese/Gold","1","never_researched"
"MJK Resources Zambia Limited","critical_battery","711","2","0","Lithium/Manganese/Gold","1","never_researched"
"Aore Vein Minerals Limited","gemstones","707","1","0","Precious Gems/Platinum Group Metals/Palladium","0","researched_no_channel"
"Gracegem Mining Limited","gemstones","706","2","2","Emerald/Beryllium","0","researched_no_channel"
"Wise Focus Mining Limited","gemstones","702","2","2","Quartz/Tourmaline/Amethyst","1","researched_no_channel"
"Zambull Mining Limited","gemstones","701","1","0","Manganese/Lead/Rare EarthsElements","1","never_researched"
"Bengemor Mining Limited","critical_battery","701","2","2","Iron Ore/Manganese/Copper","1","researched_no_channel"
"Hoyden Investment Limited","gemstones","698","2","1","Quartz/Tourmaline/Emerald","0","researched_no_channel"
"Meraki Mining Limited","gemstones","691","1","0","Manganese/Lead/Rare EarthsElements","0","never_researched"
"Baza Resources Limited","critical_battery","690","2","0","Zinc/Manganese/Lead","1","never_researched"
"Texxon Energies Limited","energy_minerals","689","2","2","Coal","2","researched_no_channel"
"Luambe Resources Zambia Limited","critical_battery","688","2","2","Iron Ore/Manganese/Zinc","2","researched_no_channel"
"TECHA Mining and Consultancy Services Limited","critical_battery","683","2","1","Silver/Uranium/Gold","1","researched_no_channel"
"Sekanji Suppliers Limited","critical_battery","680","1","0","Silica/Quartz/Titanium","1","never_researched"
"Auto Africa Motors Limited","energy_minerals","679","2","1","Coal/Uranium","1","researched_no_channel"
"Pamabwe Minerals Limited","gemstones","673","1","0","Iron Ore/Gold/Tourmaline","0","never_researched"
"SINO-ARAB Investments Limited","critical_battery","670","1","0","Iron Ore/Manganese/Zinc","0","never_researched"
"Langtasee Mining Company Limited","gemstones","666","2","0","Iron Ore/Manganese/Gold","2","never_researched"
"Lxco investment Company Limited","gold","661","2","1","Gold/Copper/Cobalt","0","researched_no_channel"
"Mingeli Resources Limited","critical_battery","661","1","0","Rare EarthsElements/Quartz/Platinum Group Metals","1","never_researched"
"Blue Desert Engineering Consultancy Limited","critical_battery","658","1","0","Manganese/Quartz/Zinc","1","never_researched"
"Casa Grande Construction Limited","gemstones","658","3","1","Iron Ore/Zinc/Copper","1","researched_no_channel"
"Lubuchi geo-consultancy Limited","critical_battery","653","1","0","Iron Ore/Manganese/Gold","0","never_researched"
"B&G Holdings Limited","gold","652","1","0","Iron Ore/Malachite/Gold","1","never_researched"
"Nantube Investment Limited","gold","651","1","0","Phosphorus-Phosphates/Quartz/Gold","0","never_researched"
"Pereti Farming Limited","critical_battery","648","1","0","Manganese/Silver/Uranium","1","never_researched"
"Sensele Enterprises Limited","base_metals","647","2","2","Copper/Cobalt","2","researched_no_channel"
"Kenjess general Dealers Limited","gold","644","1","0","Gold/Copper","0","never_researched"
"New Generation Invesment Limited","gemstones","642","1","0","Rare EarthsElements/Niobium (Columbium)/Nickel","0","never_researched"
"Kampelembe CSS Mines Ltd","critical_battery","638","2","2","Manganese/Iron Ore/Copper","2","researched_no_channel"
"Sapphire Mining Limited","critical_battery","637","2","0","Iron Ore/Anhydrite/Manganese","2","never_researched"
"Umushili Earth Treasures Limited","gemstones","635","1","0","Quartz/Lead/Zinc","0","never_researched"
"Kamwewa Investments Limited","base_metals","633","1","0","Silver/Zinc/Copper","1","never_researched"
"Kinghorse Investment Limited","industrial_minerals","632","1","0","Limestone (General)/Sand and Gravel/Clay (General)","1","researched_no_channel"
"RENES MINING LIMITED","gemstones","631","2","0","Copper/Zinc/Tourmaline","0","never_researched"
"Silgram Energy and Mining Suppliers Limited","critical_battery","624","2","0","Gold/Copper/Cobalt","0","never_researched"
"Ushi Logistics Limited","gemstones","617","2","0","Platinum/Quartz/Niobium (Columbium)","2","never_researched"
"Gramajo Mining Limited","gemstones","615","2","1","Silver/Gold/Copper","1","researched_no_channel"
"Wila Mining Solutions Limited","critical_battery","602","2","0","Zinc/Gold/Copper","0","never_researched"
"Autogalaxy Associates Limited","gemstones","596","3","1","Tungsten/Coal/Tin","2","researched_no_channel"
"Polo Technologies Import and Exports Limited","gemstones","596","1","0","Nickel/Manganese/Lithium","1","never_researched"
"Alanbeier Investments Zambia Limited","critical_battery","596","1","0","Iron Ore/Manganese/Copper","0","never_researched"
"Queludha Limited","gold","596","1","0","Silica/Iron Ore/Zinc","1","never_researched"
"Northern Salt Limited","gemstones","596","2","0","Lead/Iron Ore/Granite","2","never_researched"
"M & L Prudent Solutions Limited","gold","594","2","2","Gold/Quartz/Fluorine-Fluorite","2","researched_no_channel"
"Global Culture Network Solutions","gold","583","1","0","Copper/Gold/Iron Ore","1","never_researched"
"MELKON MINERALS LIMITED","critical_battery","572","1","0","Tantalum/Nickel/Uranium","0","never_researched"
"Chilibwino Investment Limited","gemstones","570","1","0","Manganese/Rare EarthsElements/Lead","0","never_researched"
"Drip Engineering and Construction Limited","critical_battery","569","1","0","Iron Ore/Nickel/Copper","0","never_researched"
"Nsamba Farms Limited","gold","569","1","0","Lead/Platinum/Zinc","1","never_researched"
"Nicho Cargo Services Limited","gemstones","565","1","0","Iron Ore/Quartz/Zinc","0","never_researched"
"Pure Stone Mining Limited","gold","564","1","0","Gold/Iron Ore/Cobalt","0","researched_no_channel"
"Khasavasa Resources Limited","critical_battery","563","1","0","Lead/Manganese/Zinc","0","never_researched"
"Pricems Mining & Trading Limited","critical_battery","563","1","0","Iron Ore/Manganese/Silver","0","never_researched"
"Blinkasset Enterprises Limited","gemstones","555","1","0","Nickel/Manganese/Zinc","0","never_researched"
"Mijo Mining Limited","gold","550","1","0","Granite/Limestone (General)/Gold","0","never_researched"
"Luamba Investment Company Limited","critical_battery","549","1","0","Quartz/Silver/Tin","1","never_researched"
"Chofita Mwala Limited","construction_materials","548","2","1","Granite","2","researched_no_channel"
"Towing Logistic Limited","gemstones","546","1","0","Manganese/Lithium/Nickel","1","never_researched"
"AMADON INVESTMENT LIMITED","base_metals","543","2","0","Limestone (General)/Sand/Feldspar","0","researched_no_channel"
"Kalungwishi Ventures Limited","critical_battery","543","1","0","Lead/Manganese/Zinc","1","never_researched"
"Lisko Logistics Limited","gemstones","533","1","0","Manganese/Iron Ore/Silver","1","never_researched"
"Bulongo Mining Zambia Limited","gemstones","532","1","0","Titanium/Tourmaline/Tungsten","0","never_researched"
"Kajila Mabembe Mining Limited","gold","532","2","2","Iron Ore/Silver/Zinc","0","researched_no_channel"
"Bonum Investments Limited","gemstones","532","1","0","Emerald","0","never_researched"
"ZHEJIANG INTERNATIONAL ENGINEERING CONSTRUCTION COMPANY LIMITED","construction_materials","530","1","0","Sand and Gravel/Granite","1","researched_no_channel"
"Diversity Metal Limited","critical_battery","530","1","0","Nickel/Silver/Gold","1","never_researched"
"Broken Hill Marketing Limited","critical_battery","530","3","2","Copper/Manganese/Silver","1","researched_no_channel"
"Geejoyblo Mining Company Limited","critical_battery","528","2","0","Nickel/Manganese/Zinc","2","never_researched"
"Lwantete Mining Limited","critical_battery","526","2","2","Iron Ore/Manganese/Gold","2","researched_no_channel"
"Malibata Investments Limited","critical_battery","524","1","0","Lithium/Manganese/Gold","1","never_researched"
"Midway Mining Limited","critical_battery","523","1","0","Manganese/Malachite/Sand","0","never_researched"
"Given Resources Limited","critical_battery","523","1","0","Manganese","1","never_researched"
"Kabijiba Mining Company Limited","critical_battery","521","1","0","Limestone (General)/Manganese/Zinc","0","never_researched"
"Muchenge African Power Traders International Limited","gemstones","520","2","0","Nickel/Iron Ore/Silver","2","never_researched"
"Mfunshi Enterprise Limited","critical_battery","519","1","0","Nickel/Malachite/Zinc","1","never_researched"
"Wandsworth Company Limited","gold","517","1","0","Granite/Iron Ore/Silver","0","never_researched"
"Copper Tree Minerals Limited","base_metals","517","2","2","Copper/Cobalt","0","researched_no_channel"
"Mokha Investment Zambia Limited","critical_battery","517","1","0","Manganese/Iron Ore/Silver","1","researched_no_channel"
"LIGHTSTONE MINING COMPANY LIMITED","critical_battery","517","2","0","Tantalum/Tin/Rare EarthsElements","0","never_researched"
"Royal Carats Gems Limited","critical_battery","516","2","2","Manganese/Silver/Zinc","2","researched_no_channel"
"Gatis Freight International Limited","gemstones","513","1","0","Gold/Nickel/Silver","0","researched_no_channel"
"Nyakaula Gemstones (2019) Limited","gemstones","512","2","2","Gold/Manganese/Cobalt","2","researched_no_channel"
"Sitonia Limited","gemstones","512","1","0","Beryllium","0","never_researched"
"Chibote Mining Company Limited","gold","511","1","0","Gold/Silver/Cobalt","0","researched_no_channel"
"Mirene Investments Limited","gemstones","510","2","0","Quartz/Garnet","0","never_researched"
"Kapesika Mining & Gold Processing","gemstones","509","2","0","Gold/Lead/Copper","2","never_researched"
"Kantobo Mining Company Limited","base_metals","508","1","1","Copper/Cobalt","1","researched_no_channel"
"Mwakabanga Investments","gemstones","507","2","0","Gold/Lead/Nickel","2","never_researched"
"Mubaich Resources Limited","gemstones","501","1","0","Lithium/Manganese/Lead","1","never_researched"
"Cynatra Trading Limited","gemstones","499","1","0","Manganese/Lithium/Quartz","1","never_researched"
"Kathel Mining Limited","gemstones","499","2","2","Quartz/Tourmaline/Amazonite","2","researched_no_channel"
"Mojo Commodities Limited","gold","497","2","0","Gold/Copper/Iron Ore","2","never_researched"
"Gesso Mining And Investments Limited","gold","497","2","0","Gold/Copper/Cobalt","2","researched_no_channel"
"KWICK CHEKS MINES LIMITED","gemstones","494","1","0","Manganese/Sand/Limestone (General)","0","never_researched"
"Azadi Investment Limited","critical_battery","493","1","0","Lead/Manganese/Zinc","1","never_researched"
"Meltap Enterprise Limited","gold","493","1","0","Anhydrite/Gypsum/Quartz","1","researched_no_channel"
"Pact Mineral Resources Limited","gemstones","482","1","0","Silver/Titanium/Zinc","1","never_researched"
"Andych Auto Garage Limited","gemstones","481","1","0","Iron Ore/Gold/Zinc","0","never_researched"
"Puissance Resources Limited","critical_battery","480","1","0","Limestone (General)/Manganese/Zinc","1","never_researched"
"ZDP Mineral Resources Limited","critical_battery","480","1","0","Lead/Manganese/Gold","1","researched_no_channel"
"Global Mining Limited","gemstones","479","1","0","Gold/Quartz/Copper","1","never_researched"
"Jezreel investments Limited","base_metals","478","1","0","Laterite/Iron Ore/Limestone (General)","0","never_researched"
"Musamani Minerals and Agric. Limited","base_metals","476","1","1","Copper","1","researched_no_channel"
"Brand Equity Limited","critical_battery","476","1","0","Manganese/Nickel/Gold","1","never_researched"
"Nikajo Enterprises Limited","critical_battery","476","2","2","Copper/Cobalt/Lead","2","researched_no_channel"
"Southlink Resources limited","gold","473","1","0","Gold/Copper/Cobalt","1","never_researched"
"Munkotachi Investments Limited","gemstones","472","1","0","Limestone (General)/Lead/Iron Ore","0","never_researched"
"Lithachi Logistics Limited","gemstones","461","1","0","Precious Gems/Semi-Precious Gems/Platinum","1","never_researched"
"Pike Tech Engineering Limited","critical_battery","461","1","0","Iron Ore/Manganese/Quartz","1","never_researched"
"Vanisa Mining Limited","critical_battery","459","1","0","Manganese/Lead/Zinc","1","never_researched"
"LINPU PAT MINING LIMITED","gemstones","455","1","0","Quartz/Emerald/Amethyst","0","researched_no_channel"
"AFRICAN GOLD TRADERS LIMITED","gemstones","451","1","0","Quartz/Silica/Manganese","1","never_researched"
"V.L Coal Mine Company Limited","gemstones","451","1","0","Tantalum/Granite/Tourmaline","1","never_researched"
"Clestep General Dealers Limited","gemstones","448","1","0","Gold/Lead/Zinc","0","never_researched"
"Khlozo Construction And General Dealers Limited","critical_battery","447","1","0","Nickel/Silver/Zinc","0","never_researched"
"Chun Chun Mining Zambia Limited","gemstones","446","1","0","Garnet/Quartz/Fluorine-Fluorite","1","never_researched"
"Griffins Mining Limited","gemstones","444","1","0","Mineral Sands/Manganese/Sugilite","0","never_researched"
"quantum Leap Mining Limited","base_metals","441","1","0","Copper/Cobalt","1","researched_no_channel"
"Chitunda agencies Limited","gemstones","441","1","0","Garnet","0","researched_no_channel"
"Maks Hill Investment Limited","critical_battery","440","1","0","Gold/Manganese/Cobalt","0","never_researched"
"Inchkwakwa Enterprises Limited","gemstones","439","3","0","Iron Ore/Malachite/Nickel","1","researched_no_channel"
"Delta Electrical Work and Suppliers Limited","gold","439","1","0","Gold/Iron Ore/Cobalt","0","never_researched"
"Plate Techtonics Zambia Limited","gemstones","439","2","0","Lead/Limestone (General)/Anhydrite","0","researched_no_channel"
"WIDE FOCUS LIMITED","gemstones","438","1","0","Tantalum/Silver/Tungsten","0","never_researched"
"Tamjeth General Dealers Limited","critical_battery","437","1","0","Iron Ore/Manganese/Gold","0","never_researched"
"Zamrock Investment Limited","critical_battery","431","1","0","Manganese/Lead/Zinc","0","never_researched"
"Syra Enterprises Limited","critical_battery","430","1","0","Limestone (General)/Manganese/Silica","0","never_researched"
"Bwamu Mining Company Limited","gemstones","429","2","1","Tin/Silver/Aquamarine","1","researched_no_channel"
"Chumu Mining Company Limited","gemstones","428","2","0","Diamond/Emerald/Cobalt","2","researched_no_channel"
"Tundamo Gem Mine Limited","gemstones","422","1","0","Tourmaline","1","researched_no_channel"
"Abar International Investments Limited","gemstones","421","2","2","Quartz/Garnet","2","researched_no_channel"
"Mpaso Mining Company Ltd","gemstones","417","1","0","Quartz/Gold/Tourmaline","1","never_researched"
"Rodger The Badger Ventures Limited","critical_battery","417","1","0","Manganese/Limestone (General)/Nickel","1","never_researched"
"Vanzetti Mining Limited","gemstones","410","1","0","Silver/Tourmaline/Zinc","1","never_researched"
"WANHAO MINING ZAMBIA LIMITED","gemstones","409","2","0","Copper/Tantalum/Quartz","0","never_researched"
"Sthomax Mining Company Limited","critical_battery","406","1","0","Limestone (General)/Lead/Sand","1","never_researched"
"Sookol Enterprises Limited","gemstones","406","2","0","Nickel/Gold/Zinc","2","never_researched"
"Tikumbe Tonse Investments Limited","industrial_minerals","402","1","0","Limestone (General)/Sand and Gravel/Talc-Soapstone","0","researched_no_channel"
"Kezram Minerals and Chemical Limited","gold","402","1","0","Gold/Copper","1","never_researched"
"Mopti Company Limited","industrial_minerals","402","1","1","Quartz","1","researched_no_channel"
"TRALCOM INVESTMENT LIMITED","gemstones","401","1","0","Limestone (General)/Lead/Rare EarthsElements","0","never_researched"
"Dukim Mineral Resources Limited","gemstones","401","1","0","Tourmaline/Zinc/Copper","1","never_researched"
"Dibri Investment Limited","gemstones","401","1","0","Lithium/Manganese/Lead","1","never_researched"
"Vortexzam Import and Export Limited","gemstones","401","2","0","Gold/Silver/Copper","2","never_researched"
"Kampoko Resources Ltd","critical_battery","401","2","2","Copper/Iron Ore/Manganese","2","researched_no_channel"
"Gulf Kuwait Haulage and Mining Equipment Limited","gemstones","400","1","0","Manganese/Tin/Zinc","1","never_researched"
"Mupangarwa Copper Mines","gold","400","1","1","Gold/Copper/Cobalt","1","researched_no_channel"
"Kend Engineering Limited","gold","400","1","0","Gold/Copper","1","never_researched"
"Chrispar Mines Limited","gemstones","400","1","0","Aquamarine","0","never_researched"
"ChisaKa Metals Limited","critical_battery","399","2","1","Nickel/Manganese/Zinc","1","researched_no_channel"
"ZAHAV FLAGE MINING LIMITED","critical_battery","399","1","1","Manganese/Gold/Copper","1","researched_no_channel"
"Roadwork Contsruction Limited","industrial_minerals","399","1","1","Limestone (General)/Granite/Dolomite","1","researched_no_channel"
"Jeb Business Solutions and Mining Limited","critical_battery","399","1","1","Manganese","1","researched_no_channel"
"Chakuza Mining & Exploration Limited","critical_battery","399","1","1","Manganese","1","researched_no_channel"
"Mzanga Enterprises Limited","critical_battery","399","1","0","Lithium/Nickel/Tin","1","never_researched"
"Sulphur Creek Resources Limited","critical_battery","399","1","0","Platinum/Manganese/Silver","1","never_researched"
"Sele Investements Limited","critical_battery","399","1","0","Manganese/Iron Ore/Copper","0","never_researched"
"Maleka Mining & Farming Resources Limited","critical_battery","399","1","1","Silica/Manganese/Silver","1","researched_no_channel"
"Nkinsu Gold and Platinum Enterprises Limited","gold","399","1","1","Platinum Group Metals/Gold/Copper","0","researched_no_channel"
"Siege Mining Limited","critical_battery","399","1","1","Zinc/Manganese","1","researched_no_channel"
"Ta yu Mining Ltd","critical_battery","399","1","1","Manganese","1","researched_no_channel"
"Jalusi Investments Limited","gemstones","399","1","1","Amethyst","1","researched_no_channel"
"Zamchrom Investment Limited","gemstones","399","1","0","Anhydrite/Gypsum/Lithium","1","never_researched"
"Eriboma Enterprises Limited","gold","399","1","1","Lead/Silica/Zinc","1","researched_no_channel"
"Vedas Investment Limited","gold","398","1","1","Iron Ore/Silver/Gold","0","researched_no_channel"
"Matrix Mining Limited","gold","398","1","1","Gold/Copper","1","researched_no_channel"
"Stone Edge Mining Zambia Limited","gemstones","398","1","1","Lead/Iron Ore/Gold","1","researched_no_channel"
"Tradeco Mineral Resources Limited","gemstones","398","1","0","Quartz/Tourmaline/Garnet","1","researched_no_channel"
"King of Ore Mine Limited","gemstones","398","1","1","Quartz/Gold/Tourmaline","1","researched_no_channel"
"Tongyi Lead and zinc Mining Zambia Limited","critical_battery","398","1","1","Manganese","1","researched_no_channel"
"Musanya Quarries Limited","construction_materials","398","1","1","Sand and Gravel","1","researched_no_channel"
"Simba Venture Limited","gemstones","398","2","0","Iron Ore/Zinc/Manganese","1","never_researched"
"Kasanjiku Mining Company Limited","gold","398","1","1","Gold/Copper/Cobalt","1","researched_no_channel"
"MUTINONDO INVESTMENTS LIMITED","gold","398","1","1","Anhydrite/Quartz/Silica","1","researched_no_channel"
"Betele Small Miners Limited","base_metals","398","1","1","Copper","1","researched_no_channel"
"Gold Tungsten Progress Africa Limited","critical_battery","397","1","0","Manganese/Lead/Zinc","1","never_researched"
"Ilola Mining Company Limited","critical_battery","397","1","1","Manganese/Iron Ore/Silver","1","researched_no_channel"
"Red Jakect Zambia Limited","base_metals","397","1","1","Copper","1","researched_no_channel"
"W.J.W Construction Limited","gold","397","1","1","Gold/Silver/Cobalt","0","researched_no_channel"
"AC and G Njanji Mining Company Limited","gold","397","1","1","Zinc/Gold/Copper","1","researched_no_channel"
"Manseba Mine Ltd","critical_battery","397","1","1","Manganese/Silver/Zinc","0","researched_no_channel"
"Munkoyo Mining Limited","critical_battery","397","1","1","Manganese/Silver/Gold","1","researched_no_channel"
"Azarel Investments Limited","critical_battery","397","1","1","Iron Ore/Tantalum/Tin","1","researched_no_channel"
"Sandland Resources Limited","critical_battery","396","1","1","Silver/Nickel/Vanadium","1","researched_no_channel"
"Ledge Mining and Logistics Limited","gemstones","396","1","1","Gold/Manganese/Silver","0","researched_no_channel"
"Duwaco Mining Minerals Limited","critical_battery","396","1","0","Manganese","1","researched_no_channel"
"Eyethu Sonke Mining Limited","base_metals","396","1","1","Copper","1","researched_no_channel"
"Dash Logistics & Mining Services Limited","base_metals","396","1","1","Silica/Copper/Cobalt","1","researched_no_channel"
"Jenipher Ng'andu Mining & Services Limited","gold","396","1","1","Iron Ore/Quartz/Gold","0","researched_no_channel"
"SW & GVA Mining Company Ltd","base_metals","396","1","1","Copper","1","researched_no_channel"
"Bekazulu Mining Limited","gold","395","1","1","Limestone (General)/Phosphorus-Phosphates/Copper","1","researched_no_channel"
"Nicho Investments Limited","critical_battery","395","1","0","Iron Ore/Manganese/Quartz","1","never_researched"
"TERRAFORGE RESOURCES LIMITED","gold","395","1","1","Gold/Copper/Cobalt","0","researched_no_channel"
"Zamfluospar Limited","industrial_minerals","394","1","1","Fluorine-Fluorite","1","researched_no_channel"
"Tian Investments Limited","gold","394","1","1","Silver/Zinc/Iron Ore","1","researched_no_channel"
"Muchenga Industrial Minerals Limited","construction_materials","394","1","1","Lightweight Aggregate/Crushed/Broken Stone","1","researched_no_channel"
"Afrix Enterprises Limited","gold","394","2","0","Iron Ore/Silver/Titanium","2","never_researched"
"Kesava Mineral Limited","gemstones","394","1","0","Gold/Nickel/Emerald","0","researched_no_channel"
"Hi- Qualime Mining Limited","industrial_minerals","393","1","1","Limestone (General)","1","researched_no_channel"
"Ghirrys Mining Limited","critical_battery","393","1","1","Manganese","1","researched_no_channel"
"Terra Nova Resources Company Limited","critical_battery","393","1","1","Manganese","1","researched_no_channel"
"Sakeji Mining Limited","gemstones","393","1","1","Copper/Manganese/Beryllium","0","researched_no_channel"
"Motherland Resources Limited","critical_battery","393","1","0","Lithium/Limestone (General)/Nickel","0","never_researched"
"Nathania Investments Limited","gold","393","1","0","Gold/Malachite/Copper","1","researched_no_channel"
"Jamrob Enterprises Limited","gemstones","392","1","0","Silver/Rare EarthsElements/Nickel","0","never_researched"
"Sonkolo Mines & General Dealers Ltd","critical_battery","392","1","1","Gold/Manganese/Cobalt","1","researched_no_channel"
"Changa Flouirite Mine Limited","gemstones","391","1","1","Gemstones/Gold/Fluorine-Fluorite","1","researched_no_channel"
"Nkundalila Small Scale Mines Ltd","gemstones","390","1","1","Manganese/Quartz/Tourmaline","0","researched_no_channel"
"Bengold Minerals Limited","gemstones","390","1","0","Manganese/Lead/Zinc","0","never_researched"
"Zametal Corporation Limited","critical_battery","390","1","0","Manganese/Zinc/Cobalt","1","never_researched"
"Bwigem Mining Limited","gemstones","390","1","1","Mica/Silica/Emerald","1","researched_no_channel"
"Auszam Mining Limited","industrial_minerals","390","1","1","Silica","1","researched_no_channel"
"PODASAK EXTRACT MINING LIMITED","critical_battery","389","1","1","Manganese/Nickel/Zinc","1","researched_no_channel"
"Covenant King Mining Limited","base_metals","389","1","1","Copper","1","researched_no_channel"
"Faheids Zambia Limited","gold","388","1","0","Gold/Copper/Cobalt","0","researched_no_channel"
"Picovolt Engineering Limited","critical_battery","388","1","0","Quartz/Molybdenum/Rare EarthsElements","1","never_researched"
"Chesu Mining Limited","gemstones","386","1","0","Manganese/Iron Ore/Silver","0","never_researched"
"Zamphos Mineral Resources Limited","industrial_minerals","385","1","1","Phosphorus-Phosphates","0","researched_no_channel"
"Kukwatakana Community Initiative Foundation","critical_battery","385","1","0","Nickel/Lead/Zinc","1","never_researched"
"Kuchime Mining Company Limited","base_metals","384","1","1","Copper","1","researched_no_channel"
"Phoenix Materials Ltd","base_metals","384","1","1","Lightweight Aggregate/Stone/Crushed/Broken Stone","1","researched_no_channel"
"Mukabamo Copper Mines Limited","critical_battery","384","1","1","Manganese/Silver/Lead","1","researched_no_channel"
"Twatota Mining Company Limited","gemstones","384","1","1","Quartz/Monazite/Ruby","1","researched_no_channel"
"Ngwanda Limited","gemstones","383","2","2","Emerald/Beryllium","2","researched_no_channel"
"Chiba World Link Zambia Limited","gemstones","379","1","0","Granite/Graphite/Fluorine-Fluorite","1","never_researched"
"Lilume E.K.M Investment Limited","critical_battery","379","1","1","Limestone (General)/Tin/Zinc","1","researched_no_channel"
"Chipapa Mining Investments Limited","gemstones","379","1","1","Quartz/Ruby/Tourmaline","0","researched_no_channel"
"Nachingwali Enterprises Limited","gemstones","378","1","1","Emerald","1","researched_no_channel"
"Trovel distributors Limited","critical_battery","378","1","1","Manganese/Lead/Zinc","1","researched_no_channel"
"Glajo Vision Limited","gemstones","378","1","0","Manganese/Iron Ore/Quartz","0","never_researched"
"MECS Service Limited","gemstones","377","1","0","Gold/Quartz/Silver","0","never_researched"
"Purple Zan Mining Limited","gold","377","1","1","Iron Ore/Gold/Copper","0","researched_no_channel"
"Hillcam Mining Limited","critical_battery","376","1","1","Manganese","1","researched_no_channel"
"Tecchinify Geographics Enterprise Limited","gemstones","376","1","0","Gold/Malachite/Silver","0","never_researched"
"Sonda Resources Limited","critical_battery","375","1","1","Pyrite/Quartz/Manganese","0","researched_no_channel"
"Ming De Yu Yang Mining Company Limited","critical_battery","373","1","1","Manganese/Nickel/Silver","1","researched_no_channel"
"Petejax Thrill Limited","gemstones","373","1","0","Manganese/Lead/Tourmaline","0","never_researched"
"GMC Technologies Zambia Limited","gold","372","1","1","Gold/Copper/Cobalt","1","researched_no_channel"
"ROGMAT ENTERPRISES & GENERAL DEALERS LIMITED","critical_battery","371","1","0","Nickel/Manganese/Zinc","1","never_researched"
"Lupansa Mining And Exploration Limited","gemstones","371","1","0","Iron Ore/Manganese/Quartz","1","never_researched"
"Malimba East Quardz Mine Limited","gemstones","370","1","1","Quartz/Iron Ore/Tourmaline","1","researched_no_channel"
"Blue Hill Mining Limited","gemstones","369","1","1","Manganese/Quartz/Iron Ore","1","researched_no_channel"
"Octonel Mining Limited","gold","369","1","1","Gold/Silver/Cobalt","1","researched_no_channel"
"Fortified Mining and General Dealers Limited","industrial_minerals","368","1","1","Limestone (General)/Lightweight Aggregate","1","researched_no_channel"
"Ralphjoe Ferro Alloy Limited","gemstones","368","1","0","Tourmaline/Niobium (Columbium)/Zirconium","0","never_researched"
"Butemwe Farming Services Limited","gold","367","1","0","Molding/Sand/Silver","1","researched_no_channel"
"Eagle Joseph International Investments Limited","gemstones","367","1","1","Tourmaline/Quartz/Aquamarine","1","researched_no_channel"
"Chikola Royal Establishment Resources Limited","critical_battery","365","1","0","Manganese/Lead/Zinc","0","researched_no_channel"
"KAISHENI INVESTMENTS LIMITED","gemstones","365","1","1","Copper/Manganese/Beryllium","1","researched_no_channel"
"Galileo Mining Limited","critical_battery","364","2","1","Zinc/Manganese/Lightweight Aggregate","1","researched_no_channel"
"Kaka Eagles Wings Resources Limited","critical_battery","363","1","1","Manganese","1","researched_no_channel"
"Zambia Amalgamated Metals and Minerals Group Limited","critical_battery","363","1","1","Manganese/Lead/Rare EarthsElements","1","researched_no_channel"
"Mackford General Works Limited","gemstones","363","1","0","Manganese/Quartz/Copper","1","never_researched"
"Chifotoma Tiles & Paint Manufucturing Enterprise Limited","construction_materials","363","1","0","Lightweight Aggregate","1","researched_no_channel"
"Ganitlines Zambia Limited","critical_battery","362","1","0","Limestone (General)/Iron Ore/Silver","1","never_researched"
"Sachin Limited","gemstones","361","2","1","Emerald","1","researched_no_channel"
"Mighte General Dealers and Suppliers","gold","359","1","0","Gold","0","researched_no_channel"
"Tiger Distributors Limited","gemstones","358","4","1","Tourmaline/Zinc/Iron Ore","1","researched_no_channel"
"Chikaseka Gemstone Mining Limited","gemstones","356","1","1","Emerald/Beryllium","0","researched_no_channel"
"Longpula Investments Limited","gold","354","1","0","Iron Ore/Silver/Gold","1","never_researched"
"Teviem Enterprises Limited","gemstones","354","1","0","Iron Ore/Gold/Tourmaline","0","researched_no_channel"
"Nizam minerals Limited","industrial_minerals","353","1","1","Limestone (General)","0","researched_no_channel"
"MLG Resources Limited","industrial_minerals","353","1","0","Silica/Quartz","1","researched_no_channel"
"Adept Services Zambia Limited","base_metals","350","1","0","Copper","1","researched_no_channel"
"Tanda INVESTMENTS LIMITED","gold","349","1","0","Gold/Copper/Cobalt","0","researched_no_channel"
"Chichele Mining Limited","industrial_minerals","347","1","1","Anhydrite/Gypsum","1","researched_no_channel"
"Katizo Mining Company Limited","critical_battery","346","1","0","Nickel/Tantalum/Titanium","0","never_researched"
"Mululu Minerals Limited","critical_battery","346","1","0","Quartz/Manganese/Silver","0","never_researched"
"Blue Oceans Minerals & Metals Ltd","critical_battery","346","1","1","Manganese","0","researched_no_channel"
"Jordan Fresh Farms Limited","gold","345","1","0","Silver/Zinc/Gold","1","never_researched"
"Falcon Mineral Processing Limited","critical_battery","345","1","1","Manganese/Silver/Zinc","1","researched_no_channel"
"Israjah Enterprises Limited","gold","343","1","0","Limestone (General)/Silica/Gold","0","never_researched"
"Macro Mining Africa Limited","critical_battery","342","4","1","Gold/Nickel/Zinc","1","researched_no_channel"
"Mwizerwa and Sons Mineral Trading Company Limited","critical_battery","339","1","1","Tin/Tantalum","1","researched_no_channel"
"Portking Investments Limited","critical_battery","338","1","0","Manganese/Quartz/Silver","1","never_researched"
"Lotus Mining Limited","critical_battery","336","1","1","Iron Ore/Manganese/Copper","1","researched_no_channel"
"Yellowstone Mining Limited","critical_battery","335","1","1","Gold/Nickel/Cobalt","1","researched_no_channel"
"Apeiron Mining Limited","gold","335","1","0","Quartz/Zinc/Gold","0","never_researched"
"BigHope Mining Ltd","gemstones","335","1","1","Emerald/Tourmaline/Amethyst","1","researched_no_channel"
"Rudra Mining Limited","gold","335","1","1","Gold/Copper","1","researched_no_channel"
"DIMARBU RESOURCES LIMITED","critical_battery","331","1","0","Limestone (General)/Manganese/Silica","1","researched_no_channel"
"Cipembele Exploration and Mining Services Limited","gemstones","329","1","0","Lead/Nickel/Silver","0","never_researched"
"kafulenzhi mining limited","critical_battery","328","1","0","Lead/Nickel/Zinc","1","never_researched"
"Yengo Investments Limited","gold","327","1","1","Gold/Copper","1","researched_no_channel"
"Azarel Investment Limited","base_metals","326","1","1","Copper","1","researched_no_channel"
"Luco Mines Company Limited","gemstones","325","2","1","Emerald/Copper/Quartz","0","researched_no_channel"
"Coles Logistics Limited","industrial_minerals","323","1","0","Quartz/Sandstone/Limestone (General)","1","researched_no_channel"
"Zanase Investments Limited","gemstones","323","1","1","Quartz/Tourmaline/Beryllium","1","researched_no_channel"
"Goldstone Investments Zambia Company Limited","gold","323","1","1","Granite/Limestone (General)/Copper","1","researched_no_channel"
"Bupe Transit Home Foundation Limited","critical_battery","322","1","1","Sugilite/Manganese/Zinc","1","researched_no_channel"
"Techno Mines And Minerals Limited","critical_battery","322","1","0","Gold/Manganese/Cobalt","1","never_researched"
"Weleyange Investment Limited","gemstones","322","2","0","Sand and Gravel/Feldspar/Beryllium","0","never_researched"
"Minerals & Metals Corporation Zambia Limited","gemstones","321","1","0","Amethyst","1","never_researched"
"Base Metalic Zambia Limited","base_metals","320","1","1","Copper/Cobalt","1","researched_no_channel"
"BASEMETALLIC ZAMBIA LIMITED","base_metals","320","1","1","Copper/Cobalt","1","researched_no_channel"
"Trenfort Investments Zambia Limited","gemstones","318","1","0","Quartz/Gold/Tourmaline","1","never_researched"
"Chisamba Quarries Limited","unknown","317","1","1","","0","researched_no_channel"
"Giemme Zambia Limited","gemstones","314","3","0","Silver/Quartz/Silica","1","never_researched"
"Bondagcor Zambia Mining Limited","base_metals","311","1","1","Zinc/Lead","1","researched_no_channel"
"Busanya Mining Limited","gemstones","309","2","0","Manganese/Copper/Cobalt","0","never_researched"
"Kasonta Resources Limited","gemstones","308","4","0","Iron Ore/Silver/Zinc","3","researched_no_channel"
"Eastlands Materials Limited","industrial_minerals","307","1","1","Sand and Gravel/Limestone (General)/Dolomite","0","researched_no_channel"
"Kamisambe Investments and General Dealers LImited","gemstones","306","1","1","Silica/Sand and Gravel/Quartz","1","researched_no_channel"
"Sea Green Mining Limited","gemstones","305","2","1","Gold/Copper/Emerald","0","researched_no_channel"
"Butemwe Mulutula Investments Limited","gemstones","303","1","0","Manganese/Lithium/Granite","1","researched_no_channel"
"Katken Enterprises Limited","gemstones","303","1","0","Nickel/Quartz/Manganese","1","never_researched"
"Benox Investments Limited","critical_battery","301","1","0","Nickel/Manganese/Zinc","1","never_researched"
"SUSTAINABLE MINING ZAMBIA LIMITED","gemstones","300","1","0","Mineral Sands/Nickel/Manganese","1","never_researched"
"Vortan Innovations Limited","critical_battery","300","1","0","Manganese/Gold/Copper","1","never_researched"
"Jilin Nonferous Mining zambia Limited","base_metals","299","1","0","Copper/Cobalt","0","researched_no_channel"
"Nachibila Resources Limited","gemstones","299","3","0","Gold/Tourmaline/Cobalt","1","researched_no_channel"
"Prowave  Investments  Limited","gold","298","2","0","Gold/Copper/Cobalt","2","researched_no_channel"
"Vade Ventures Limited","gemstones","297","1","0","Rare EarthsElements/Nickel/Molybdenum","1","never_researched"
"Copperhead Company Limited","critical_battery","297","1","1","Tin/Zinc/Silver","1","researched_no_channel"
"Hapa Development Zambia Limited","gemstones","297","1","1","Quartz/Emerald/Beryllium","0","researched_no_channel"
"Basemetalic Zambia Limited","industrial_minerals","297","1","0","Marble/Limestone (General)","1","researched_no_channel"
"Cedar Rock Gold Limited","critical_battery","295","1","1","Manganese/Nickel/Copper","1","researched_no_channel"
"Jalyn Investments Limited","critical_battery","294","1","1","Marble/Limestone (General)/Zinc","1","researched_no_channel"
"Kamamu Engineering Limited","industrial_minerals","293","2","0","Limestone (General)/Marble/Dolomite","2","researched_no_channel"
"Sajakle Resources Limited","critical_battery","293","1","0","Iron Ore/Manganese/Copper","1","researched_no_channel"
"Gesta Mines Limited","critical_battery","290","1","0","Manganese/Lithium/Zinc","1","never_researched"
"Flight Mining Limited","gemstones","286","2","1","Manganese/Quartz/Copper","1","researched_no_channel"
"Proximity Mining and Engineering Company Ltd","gemstones","284","2","2","Tourmaline/Emerald/Beryllium","1","researched_no_channel"
"Mahadebe Enterprises Limited","base_metals","284","1","0","Phosphorus-Phosphates/Zinc/Cobalt","1","researched_no_channel"
"Minache Resources Limited","gold","282","1","0","Gold","0","never_researched"
"New Decade Mining and Exploration Limited","critical_battery","280","1","0","Iron Ore/Manganese/Gold","1","never_researched"
"Samther General Services Limited","critical_battery","278","1","0","Nickel/Manganese/Tin","1","never_researched"
"Meadow Processing Technologies Limited","gemstones","277","2","0","Quartz/Rare EarthsElements/Manganese","0","researched_no_channel"
"Cross Country Mining Ltd","gemstones","275","2","1","Emerald","1","researched_no_channel"
"Zeemi Miners and Suppliers Limited","critical_battery","270","1","1","Manganese","1","researched_no_channel"
"Darijo Mining Limited","gemstones","269","1","0","Gold/Gemstones/Malachite","0","never_researched"
"Klay Investements Limited","industrial_minerals","268","1","0","Limestone (General)/Granite/Dolomite","1","researched_no_channel"
"Minicom Technologies Limited","critical_battery","268","1","0","Nickel/Quartz/Zinc","0","never_researched"
"Zimasi Resources Limited","critical_battery","265","2","0","Iron Ore/Gold/Copper","1","never_researched"
"GREEN ACRE MINING LIMITED","gemstones","262","3","3","Emerald/Beryllium","3","researched_no_channel"
"Ntamba Mweru Copper Mine Limited","gemstones","261","1","0","Manganese/Quartz/Tourmaline","1","researched_no_channel"
"Sky Africa Engineering & Construction Limited","construction_materials","261","1","1","Sand and Gravel","0","researched_no_channel"
"Shibala Central Mining Limited","critical_battery","260","1","1","Manganese/Iron Ore","1","researched_no_channel"
"Solidstone Construction Limited","critical_battery","260","1","0","Manganese","0","never_researched"
"Ileje Suppliers and Generals Dealers Limited","gemstones","258","2","2","Silver/Gold/Copper","2","researched_no_channel"
"Chavuma Mining Cooperative Limited","gemstones","258","2","1","Emerald","1","researched_no_channel"
"Tubombeshe Mining Limited","gemstones","257","3","3","Emerald/Copper/Cobalt","1","researched_no_channel"
"Lunga Minerals and Geological Limited","base_metals","256","1","1","Copper","1","researched_no_channel"
"JBK Mining Compant LTD","gemstones","256","1","1","Quartz/Tourmaline/Garnet","1","researched_no_channel"
"ROB and NAT Mining Limited","gemstones","255","1","0","Sand/Quartz/Nickel","1","never_researched"
"Shack Trading Limited","gemstones","254","2","1","Iron Ore/Gold/Copper","0","researched_no_channel"
"Rabya Machining Ltd","industrial_minerals","254","1","1","Silica/Sand and Gravel/Quartz","1","researched_no_channel"
"Bilonda Mining Limited","gemstones","251","1","1","Malachite/Quartz/Tourmaline","1","researched_no_channel"
"Elatis Investements Limited","critical_battery","249","1","0","Manganese/Quartz/Silver","1","never_researched"
"Holly Group Zambia Limited","critical_battery","247","2","1","Manganese/Marble/Talc-Soapstone","1","researched_no_channel"
"Buffalo Consortium Limited","gold","247","1","1","Limestone (General)/Silver/Zinc","1","researched_no_channel"
"Izulu Lethu Mining & Trading Academy Limited","critical_battery","242","1","0","Manganese/Gold/Copper","1","never_researched"
"Brevimm Mines Limited","gemstones","241","1","1","Quartz/Tantalum/Tin","1","researched_no_channel"
"Mountlisa Minerals Limited","gemstones","239","2","0","Iron Ore/Lead/Gypsum","0","researched_no_channel"
"Moersis Enterprises Limited","gemstones","239","1","0","Sand/Nickel/Manganese","0","never_researched"
"SOS Metals and Resources Limited","base_metals","237","1","0","Zinc","1","researched_no_channel"
"Zindi Mining Limted","gemstones","235","1","0","Mineral Sands/Nickel/Limestone (General)","0","never_researched"
"Newhorizons Mineral Resources Limited","critical_battery","234","1","0","Nickel/Silver/Zinc","0","never_researched"
"Yida Mining Zambia Limited","critical_battery","234","1","0","Manganese/Zinc/Lead","1","never_researched"
"Zambian Limo Tours & Travel Limited","gemstones","233","2","0","Limestone (General)/Manganese/Quartz","2","never_researched"
"Wealth Front Resources Limited","critical_battery","233","1","0","Iron Ore/Manganese/Gold","0","never_researched"
"Copper Rockfield Mines Ltd","critical_battery","229","1","0","Silver/Tin/Uranium","1","researched_no_channel"
"Rarefind Zambia Limited","critical_battery","229","1","0","Tin/Tantalum","1","never_researched"
"Alois Enterprise  Limited","gemstones","227","2","0","Emerald","0","never_researched"
"Huios Mining and Mineral Explorations","critical_battery","226","4","0","Gold/Copper/Cobalt","1","researched_no_channel"
"Mathkat General Dealers Limited","critical_battery","221","1","1","Manganese","0","researched_no_channel"
"Fiand Mineral Processing Limited","critical_battery","220","1","0","Lead/Manganese/Silver","1","researched_no_channel"
"Qomolangma Resources Limited","critical_battery","220","2","0","Tin/Zinc/Copper","2","never_researched"
"Zamroyal Investments Limited","gemstones","220","1","0","Silica/Quartz/Tourmaline","0","researched_no_channel"
"MC Mining Limited","critical_battery","217","1","0","Nickel/Manganese/Quartz","1","never_researched"
"KMR Geo Resources Limited","gold","217","1","0","Iron Ore/Quartz/Silver","1","never_researched"
"Dolomite Aggregate Limited","industrial_minerals","214","1","1","Dolomite","1","researched_no_channel"
"Bluerald Mining Zambia Limited","gemstones","213","1","1","Emerald","1","researched_no_channel"
"Mapalo Quarries Limited","gold","213","1","0","Platinum/Silver/Zinc","0","never_researched"
"Kanshimba Development Company Limited","industrial_minerals","212","1","0","Silica/Granite","1","researched_no_channel"
"Valecrest Mining Limited","gemstones","212","1","0","Copper/Manganese/Silver","1","never_researched"
"Chisaka Estates Limited","critical_battery","211","1","0","Nickel/Silver/Zinc","1","never_researched"
"Maggie Kashinakazhi Mine Limited","gold","211","1","0","Lead/Silver/Zinc","1","never_researched"
"Gandari Mining Limited","gold","211","1","1","Iron Ore/Limestone (General)/Platinum","0","researched_no_channel"
"Pum Copper Mining Limited","gold","210","1","0","Gold/Zinc/Copper","0","never_researched"
"Chikana Mining Limited","gemstones","210","1","1","Emerald","1","researched_no_channel"
"Kapetu Quarry Limited","critical_battery","210","1","0","Iron Ore/Manganese/Zinc","0","never_researched"
"Gootal Enterprise Limited","gemstones","209","1","0","Gold/Fluorine-Fluorite/Tin","0","never_researched"
"alkhazana mining company limited","gemstones","209","1","1","Emerald","1","researched_no_channel"
"Kasumili Mine  Limited","gemstones","208","1","0","Quartz/Emerald/Citrine","1","never_researched"
"Lizamwe Enterprises Limited","gemstones","206","5","0","Gold/Silver/Manganese","0","researched_no_channel"
"Awesome Diamonds Corporation Limited","gemstones","206","1","0","Silver/Quartz/Nickel","0","never_researched"
"Tinglong Investments Limited","gold","206","2","2","Copper/Zinc/Lead","2","researched_no_channel"
"Astro-Gem Industries Limited","gemstones","203","1","1","Quartz/Tourmaline/Garnet","1","researched_no_channel"
"Mlema Mining Limited","critical_battery","199","2","0","Tantalum/Manganese/Zinc","1","never_researched"
"Sokotela Investments Ltd","gold","198","2","1","Granite/Limestone (General)/Copper","0","researched_no_channel"
"Liakaz  Investment Limited","gemstones","198","1","0","Quartz/Tourmaline/Manganese","1","never_researched"
"Mother Load Deposits Limited","critical_battery","197","1","0","Lithium/Tin/Cobalt","1","never_researched"
"Day Break Mining and Exploration Limited","critical_battery","197","2","0","Malachite/Lead/Iron Ore","0","researched_no_channel"
"Gem Link Africa Limited","critical_battery","195","1","0","Nickel/Quartz/Silver","1","never_researched"
"Caingu Gem Mines Lapidary Limited","gemstones","195","1","0","Rare EarthsElements/Tantalum/Tin","0","never_researched"
"True Ore Mines and Mineral (Zambia) Limited","gemstones","195","1","0","Nickel/Sugilite/Zinc","0","never_researched"
"Hexagon Investments Limited","gemstones","195","2","0","Emerald/Beryllium","1","never_researched"
"Highway Industries Limited","critical_battery","194","1","0","Iron Ore/Anhydrite/Limestone (General)","1","never_researched"
"Blackfire Mining Limited","base_metals","193","1","1","Copper","1","researched_no_channel"
"Kalimon Mining Company Limited","gemstones","189","1","1","Emerald","1","researched_no_channel"
"M.A.C General Dealers Limited","gemstones","189","1","1","Emerald/Beryllium","1","researched_no_channel"
"Prime Marble Ltd","industrial_minerals","188","2","2","Marble/Limestone (General)","2","researched_no_channel"
"Australian Mining Company Zambia Limited","critical_battery","187","1","1","Silver/Nickel/Zinc","1","researched_no_channel"
"The Big Shofolo Enterprises Limited","critical_battery","187","1","0","Tantalum/Iron Ore/Gold","0","never_researched"
"GWK Earth Movers.Com Limited","gemstones","187","1","0","Quartz/Silica/Gold","1","researched_no_channel"
"Vector Mining Limited","gemstones","183","1","0","Nickel/Manganese/Zinc","1","never_researched"
"Amoho Mining Limited","gemstones","183","2","0","Gold/Rare EarthsElements/Cobalt","2","never_researched"
"Mulberry Mining Company LIMITED","critical_battery","183","1","0","Manganese/Silver/Zinc","0","never_researched"
"Orbit Drilling and Exploration Limited","critical_battery","183","2","0","Lead/Manganese/Zinc","2","never_researched"
"Masuku Copper Development Limited","gemstones","182","1","0","Tantalum/Tin/Gold","0","researched_no_channel"
"Mmkaz Mining Company","gemstones","181","2","1","Emerald","0","researched_no_channel"
"Kang Investements Limited","gemstones","181","1","0","Rare EarthsElements/Manganese/Zinc","1","never_researched"
"Nyize Enterprises Ltd","gemstones","180","1","1","Emerald/Beryllium","0","researched_no_channel"
"Luwi Gemstone Mining Limited","gemstones","180","1","0","Tourmaline/Emerald/Amethyst","0","never_researched"
"Joint Mining Limited","industrial_minerals","178","1","1","Limestone (General)/Stone/Dolomite","0","researched_no_channel"
"Gramiraj Investments Ltd","gemstones","178","1","1","Iron Ore/Quartz/Gold","1","researched_no_channel"
"SANDSTONE PROJECTS LIMITED","critical_battery","178","1","0","Manganese/Silver/Zinc","0","researched_no_channel"
"Mukamandu Mining Limited","base_metals","177","1","1","Copper/Cobalt","0","researched_no_channel"
"Shelo Company Limited","gemstones","177","1","1","Emerald/Beryllium","0","researched_no_channel"
"Ronsin Minerals Limited","critical_battery","176","1","0","Tantalum/Tin/Tungsten","0","never_researched"
"Asalaam Zambia Limited","industrial_minerals","175","1","0","Limestone (General)/Sand/Dolomite","0","researched_no_channel"
"Nyengo Resources Limited","critical_battery","174","3","0","Iron Ore/Fluorine-Fluorite/Coal","0","researched_no_channel"
"Elikace Mining Limited","gold","174","1","0","Gold/Copper","0","never_researched"
"Ramfield Mining Limited","gemstones","171","1","1","Emerald/Beryllium","0","researched_no_channel"
"JS Moyo Farms Limited","construction_materials","170","1","0","Granite/Crushed/Broken Stone","0","researched_no_channel"
"Myala City Company Limited","base_metals","170","2","0","Granite/Copper","1","researched_no_channel"
"Lulamba Quarries Limited","construction_materials","169","1","0","Sand and Gravel/Crushed/Broken Stone","1","researched_no_channel"
"Mangal Mine Limited","gemstones","169","1","1","Emerald","1","researched_no_channel"
"Denny Nyoni Enterprise Limited","industrial_minerals","167","1","0","Quartz/Sand and Gravel/Stone","1","never_researched"
"Chifyalwa Mining Company Limited","gemstones","167","1","1","Emerald","0","researched_no_channel"
"Beagem Mining Limited","gemstones","167","2","0","Quartz/Emerald","2","never_researched"
"Chapemba Capitals Limited","gemstones","167","2","1","Emerald","0","researched_no_channel"
"Jakaya Mining Limited","critical_battery","167","1","0","Manganese/Lead/Zinc","0","never_researched"
"Wana Emerald Mining Company Ltd","gemstones","163","1","1","Emerald/Beryllium","1","researched_no_channel"
"Meloks Agencies Limited","gold","162","1","1","Gold/Silver/Cobalt","1","researched_no_channel"
"Mwalkan Investments Limited","critical_battery","162","1","0","Manganese/Lead/Zinc","0","never_researched"
"KANONGO MINING LIMITED","critical_battery","160","1","0","Manganese/Limestone (General)/Zinc","0","researched_no_channel"
"Garuda Resources Limited","gemstones","159","3","0","Manganese/Iron Ore/Quartz","3","never_researched"
"Fanamu Mining Company","gold","155","1","1","Silver/Gold/Copper","0","never_researched"
"Mwangeli Emerald Mining Limited","gemstones","155","1","1","Emerald","0","never_researched"
"Sulocha Mines Limited","gemstones","155","1","0","Emerald","0","researched_no_channel"
"Twapenga mining and Prospecting Limited","gemstones","155","1","1","Emerald","1","never_researched"
"Lusinde Investments Limited","other","155","1","1","Diatomite","1","researched_no_channel"
"LA Tashen Limited","critical_battery","154","1","0","Manganese/Lead/Silver","1","never_researched"
"J.L.Cole Investments Limited","base_metals","153","1","0","Copper","1","never_researched"
"Mambombu Mining Limited","gold","151","1","0","Granite/Iron Ore/Limestone (General)","1","researched_no_channel"
"EKS Mining International Ltd","gemstones","150","1","1","Emerald/Beryllium","1","never_researched"
"Top Feng Investments Limited","energy_minerals","150","1","0","Coal","0","researched_no_channel"
"Kantobo Mining Limited","base_metals","149","1","1","Copper/Cobalt","1","never_researched"
"Mediterranean Mining Limited","gold","149","1","1","Gold/Copper","1","never_researched"
"Santas Mining Limited","gemstones","148","1","1","Emerald","1","never_researched"
"Sulicol Trading Limited","critical_battery","148","1","0","Nickel/Malachite/Zinc","1","never_researched"
"Provential Investments Limited","gemstones","147","1","0","Tantalum/Tin/Amethyst","1","never_researched"
"Maxchi Cargo Services Zambia Limited","gemstones","144","1","0","Manganese/Nickel/Anhydrite","0","never_researched"
"Ndodzomuyaco Mining Limited","gemstones","144","1","1","Emerald/Beryllium","1","never_researched"
"Build Gene Mining and Construction Limited","gemstones","144","1","1","Manganese/Tourmaline/Gold","1","never_researched"
"Muamba and Company Ltd","gemstones","143","1","1","Tourmaline/Quartz/Aquamarine","1","never_researched"
"NTHANZI MINERAL LIMITED","gemstones","142","1","0","Rhodium/Rubidium/Malachite","0","never_researched"
"Royal Mines Limited","unknown","140","1","1","","1","researched_no_channel"
"Junza Limited","gemstones","140","1","1","Tantalum/Tin/Amethyst","0","never_researched"
"Hume Stone Limited","base_metals","140","1","1","Copper","1","never_researched"
"Kaur Suppliers Limited","base_metals","140","1","1","Quartz/Sand and Gravel/Silica","0","researched_no_channel"
"Nkana Mining and Mineral Processing Limited","base_metals","140","1","1","Copper/Cobalt","0","researched_no_channel"
"Paulgil Check Enterprises Limited","gemstones","139","1","1","Emerald","1","never_researched"
"Goldbelt Mining Industries Limited","critical_battery","139","1","0","Lead/Iron Ore/Graphite","0","never_researched"
"AJM Construction Limited","construction_materials","137","1","0","Sand and Gravel/Crushed/Broken Stone","1","researched_no_channel"
"Tukongote Mining Limited","gemstones","137","1","0","Garnet/Gold/Quartz","0","never_researched"
"Gemgarden Mining Limited","gemstones","135","1","1","Emerald/Garnet/Amethyst","1","never_researched"
"Prolight Investment Limited","critical_battery","135","1","0","Silver/Manganese/Zinc","1","researched_no_channel"
"Diakite Minerals Purple Gem Limited","gemstones","134","1","1","Tantalum/Tin/Zinc","1","never_researched"
"Namadan General Trading Limited","gold","133","1","0","Gold/Copper/Cobalt","1","researched_no_channel"
"Dekalb General Dealers Limited","critical_battery","133","1","0","Malachite/Nickel/Gold","1","never_researched"
"Mwema Mining Investment Limited","critical_battery","133","1","0","Limestone (General)/Manganese/Zinc","1","never_researched"
"Mechross enterprises limited","critical_battery","133","1","0","Manganese/Lead/Zinc","1","researched_no_channel"
"Khazma Investments Limited","gemstones","130","1","0","Tantalum/Tin/Quartz","0","never_researched"
"Shultz Mining  Limited","gemstones","128","1","1","Emerald/Beryllium","1","never_researched"
"Reality Real Estate Limited","gemstones","127","2","0","Emerald/Beryllium","1","never_researched"
"Victory Mining Company Limited","gemstones","123","1","0","Emerald/Beryllium","0","researched_no_channel"
"Kailjee Construction Zambia Limited","construction_materials","121","1","1","Sand and Gravel/Granite","1","researched_no_channel"
"AAkala Investment Limited","gemstones","121","1","0","Amethyst","0","never_researched"
"Melai Company Limited","gemstones","121","1","1","Emerald/Beryllium","1","never_researched"
"Bwino Mining Limited","gemstones","120","1","0","Lead/Iron Ore/Zinc","1","never_researched"
"Franciscan Mineals Zambia Limited","gemstones","120","1","1","Emerald/Beryllium","1","never_researched"
"ZAKOR Metals Ltd","other","120","1","1","Malachite","1","researched_no_channel"
"Chema Mining Limited","gemstones","120","1","0","Emerald","1","never_researched"
"Chuvubwe Mining Limited","gemstones","119","1","0","Quartz/Emerald/Beryllium","0","never_researched"
"Bestgrade Mining Investments Limited","gemstones","119","2","2","Emerald/Beryllium","2","researched_no_channel"
"Nachilala Mining Company Limited","gemstones","118","1","0","Garnet/Gold/Tourmaline","1","never_researched"
"Kalukana Investments Limited","gemstones","118","1","0","Emerald/Beryllium","1","never_researched"
"Mukanjaka Mining Industries Company Limited","gemstones","117","1","1","Emerald","0","never_researched"
"Kayayi Investments Limited","gemstones","117","1","1","Emerald","1","never_researched"
"Mamala Enterprises Limited","gemstones","117","1","0","Amethyst","0","never_researched"
"Luangwa Gemfields Mining Company Limited","gemstones","116","1","0","Phosphorus-Phosphates/Nickel/Quartz","1","never_researched"
"G & G National Wide Zambia Ltd","gemstones","113","1","1","Emerald/Beryllium","1","never_researched"
"Nkana General Delalers Ltd","gemstones","113","1","1","Emerald/Beryllium","0","never_researched"
"Firestone Mining Limited","gemstones","112","1","1","Emerald/Beryllium","0","never_researched"
"Mofwe Gemstone mining","gemstones","112","1","0","Emerald","0","never_researched"
"Alumbwe Emerald Mines Limited","gemstones","111","1","1","Quartz/Tourmaline/Beryllium","1","never_researched"
"LSL CONSULTANCY & INVESTMENT LIMITED","critical_battery","111","1","0","Quartz/Nickel/Zinc","1","researched_no_channel"
"Wang Sheng Mining Limited","gemstones","111","1","1","Emerald","1","never_researched"
"GoodRock Zambia Limited","critical_battery","110","1","1","Manganese","0","researched_no_channel"
"Distinction Work Wear Garments Limited","critical_battery","110","1","0","Manganese/Zinc/Gold","0","never_researched"
"Rong Xing Investments Limited","critical_battery","110","1","1","Manganese/Zinc/Gold","0","never_researched"
"Ndulumba Mines Limited","gemstones","110","1","1","Emerald","1","never_researched"
"Skopos Resources Limited","gemstones","110","1","0","Quartz/Emerald/Beryllium","0","researched_no_channel"
"Kasimure Enterprises Limited","gemstones","110","1","0","Emerald/Beryllium","1","never_researched"
"Albany Logistics Limited","critical_battery","109","1","0","Nickel/Manganese/Zinc","1","researched_no_channel"
"Khadela Mining Limited","gemstones","109","3","3","Amethyst/","0","researched_no_channel"
"Vermark General Engineering Limited","gemstones","108","1","0","Manganese/Rare EarthsElements/Lead","1","never_researched"
"Katima Stones Limited","construction_materials","108","1","1","Stone","1","researched_no_channel"
"CHISUMA MINING LIMITED","gemstones","108","1","1","Emerald","1","never_researched"
"Jearmy Enterprises Limited","gemstones","107","1","0","Emerald/Gold/Copper","1","never_researched"
"Chanosi Enterprises and General Dealers Limited","gemstones","107","1","0","Mica/Nickel/Limestone (General)","0","never_researched"
"Zamway Mining Limited","gemstones","107","1","1","Emerald","1","never_researched"
"Haroons Minerals Limited","gemstones","107","1","0","Silver/Phosphorus-Phosphates/Nickel","0","never_researched"
"Nachingwali Enterprises Ltd","gemstones","106","1","0","Emerald","0","never_researched"
"DRM Limited","gemstones","104","1","1","Emerald/Beryllium","1","never_researched"
"John Matongo Mine Limited","gemstones","102","1","1","Emerald/Beryllium","0","never_researched"
"Chisunka Mining and Natural Resources Foundation Limited","critical_battery","101","1","0","Lead/Manganese/Silver","1","never_researched"
"Jewel Of africa","gemstones","100","1","1","Emerald","1","never_researched"
"Thrio Consulting and Management Services Limited","gemstones","100","1","0","Silver/Quartz/Zinc","1","never_researched"
"Omei Investments Limited","gemstones","100","1","1","Emerald","1","never_researched"
"Wizamar General Dealers Ltd","gemstones","100","1","0","Emerald","0","never_researched"
"Bakwalufu Enterprises Ltd","critical_battery","100","1","1","Nickel/Silver/Uranium","0","never_researched"
"Fleuve Stones Limited","gemstones","99","1","1","Quartz/Tourmaline/Amazonite","1","never_researched"
"ALD Plant & Fleet Management Limited","construction_materials","99","1","1","Granite/Crushed/Broken Stone","1","researched_no_channel"
"Panamba Mining Limited","gemstones","98","1","1","Emerald","0","never_researched"
"MGB Mining Limited","gemstones","97","1","1","Emerald","1","researched_no_channel"
"Louis Mining Company Limited","critical_battery","97","1","0","Manganese/Silver/Copper","0","never_researched"
"Juta Investment Limited","gemstones","96","1","0","Silver/Zinc/Diamond","0","never_researched"
"Malabwe Mine Limited","gemstones","96","1","1","Emerald/Beryllium","1","never_researched"
"Ramada Trade Investment Limited","gold","96","1","0","Gold/Copper/Cobalt","0","never_researched"
"A.L. IMPORTERS AND EXPORTERS LIMITED","gemstones","95","1","0","Manganese/Malachite/Limestone (General)","0","researched_no_channel"
"Lincolnsabrina Equity Limited","gemstones","94","1","0","Quartz/Lithium/Tin","0","never_researched"
"TERRANEX RESOURCES LIMITED","gold","94","1","1","Gold","0","never_researched"
"Buyaco Intergrated Limited","base_metals","93","1","0","Zinc/Iron Ore/Copper","1","researched_no_channel"
"FiveWood Mining International Limited","gemstones","92","1","0","Emerald/Beryllium","0","never_researched"
"Chizam Explosives and Mining Limited","critical_battery","92","1","0","Sand/Quartz/Silver","0","never_researched"
"Paragon   Exploration  and Mining Company Zambia  Limited","gemstones","92","1","0","Iron Ore/Manganese/Zinc","1","never_researched"
"Chumwe Mining Limited","gemstones","91","1","1","Emerald/Beryllium","1","never_researched"
"Chaka's Mining and Suppliers Limited","gemstones","91","1","1","Quartz/Aquamarine/Amethyst","0","never_researched"
"Sunkutu Engineering Contractors Limited","gemstones","90","1","1","Emerald/Beryllium","1","never_researched"
"Yasac Investments Limited","critical_battery","90","1","0","Lead/Tin/Zinc","0","never_researched"
"Southern Africa Ferro Alloys Limited","critical_battery","90","1","1","Manganese/Tin/Zinc","0","never_researched"
"Gabmans Limited","gemstones","90","1","1","Emerald/Beryllium","0","never_researched"
"Gulnoor Mining Limited","gemstones","90","1","0","Iron Ore/Gold/Tourmaline","1","never_researched"
"Jolunde Agro Services Limited","gemstones","89","1","0","Emerald/Beryllium","1","never_researched"
"Batizateck Youth Investments Limited","gemstones","89","2","0","Copper/Cobalt/Gold","0","never_researched"
"Aupie Mining Company Limited","gemstones","89","1","0","Tourmaline/Quartz/Aquamarine","0","never_researched"
"Roche Investments Limited","critical_battery","89","1","0","Iron Ore/Anhydrite/Manganese","1","never_researched"
"Novatrade Investments Limited","gemstones","88","1","0","Coal/Feldspar/Fluorine-Fluorite","0","researched_no_channel"
"Mitondo Mining Company Limited","gemstones","88","1","1","Emerald/Beryllium","1","researched_no_channel"
"Tikumbe Mining Limited","base_metals","87","1","0","Copper","0","researched_no_channel"
"Wincyril Enterprises Limited","gemstones","86","1","0","Manganese/Gold/Zinc","1","never_researched"
"Closet Enterprises Limited","critical_battery","86","1","0","Manganese/Silver/Gold","1","never_researched"
"Mount Horeb Investments Limited","gemstones","85","1","1","Tin/Titanium/Tungsten","1","researched_no_channel"
"One Pride Small Mining limited","critical_battery","83","1","1","Manganese/Lead/Zinc","1","never_researched"
"Kasempa Copper Mines Zambia Limited","gold","83","1","0","Gold/Copper/Cobalt","0","never_researched"
"Lawgum Investments Limited","gemstones","83","1","0","Manganese/Malachite/Limestone (General)","0","never_researched"
"Trendy Enterprise Limited","gemstones","83","1","0","Emerald/Beryllium","1","never_researched"
"Suanni mining limited.","gemstones","83","1","0","Emerald/Gold/Cobalt","0","never_researched"
"Anantha Minerals Limited","gemstones","81","1","0","Niobium (Columbium)/Nickel/Molybdenum","0","never_researched"
"Memory Kambulu Resources Limited","gemstones","81","1","1","Tin/Quartz/Tungsten","1","never_researched"
"MUKWARUWANDI MINING AND CONSTRUCTION LIMITED","gemstones","80","1","0","Quartz/Kyanite/Tourmaline","1","researched_no_channel"
"Swarna Metals Zambia Limited","critical_battery","80","1","1","Manganese/Malachite/Nickel","0","never_researched"
"Epitomatic General Trade Limited","critical_battery","80","1","0","Nickel/Manganese/Malachite","0","researched_no_channel"
"Jomemu Rockyview Logistics Limited","gemstones","79","1","0","Quartz/Nickel/Manganese","0","never_researched"
"Shen Zhou Investment Compmay Limited","industrial_minerals","79","1","1","Limestone (General)/Granite/Crushed/Broken Stone","1","researched_no_channel"
"Mano Yachilamaka Mining Company Limited","gemstones","78","1","1","Emerald/Beryllium","1","never_researched"
"Mano Yachila Maka Mining Cooperative","gemstones","78","1","0","Emerald","0","never_researched"
"GOLDENROCK  RESOURCES ZAMBIA LIMITED","gold","77","1","0","Iron Ore/Lead/Copper","0","never_researched"
"Favourite Emerald Mine Limited","gemstones","77","1","1","Emerald/Beryllium","1","researched_no_channel"
"USTAWI INVESTMENT LIMITED","gemstones","77","1","0","Copper/Emerald/Zinc","0","researched_no_channel"
"Mukulu Mining Limited","gemstones","77","1","1","Tourmaline/Emerald/Beryllium","1","researched_no_channel"
"Precious Transparency Limited","gemstones","76","1","1","Anhydrite/Tourmaline/Aquamarine","1","researched_no_channel"
"KUTANGA MINING LIMITED","gemstones","76","1","0","Manganese/Malachite/Zinc","0","never_researched"
"Mapompo Investements Limited","critical_battery","76","1","1","Manganese/Limestone (General)/Talc-Soapstone","1","never_researched"
"Makali Enterprises Limited","gemstones","75","1","1","Emerald/Beryllium","1","researched_no_channel"
"Frank Shewitt Enterprises Limited","gemstones","75","1","0","Amethyst","1","never_researched"
"Fitole Gem Mines Limited","gemstones","74","1","1","Emerald","0","never_researched"
"Asbelow Mining & Business Consultancy Limited","critical_battery","73","1","0","Manganese/Nickel/Zinc","1","never_researched"
"Mwabombeni Resources Limited","energy_minerals","72","1","0","Fluorine-Fluorite/Iron Ore/Feldspar","0","researched_no_channel"
"Ashira Mining Limited","gemstones","72","1","0","Gold/Emerald/Silver","1","researched_no_channel"
"Jamba Mining & Marketing Ltd","gemstones","72","1","1","Emerald/Beryllium","1","never_researched"
"Kandi Mining and General Dealers Limited","gold","70","1","0","Quartz/Silica/Silver","1","never_researched"
"Project For Agricultural And Individual Development Limited","critical_battery","69","1","0","Iron Ore/Manganese/Rare EarthsElements","1","never_researched"
"NALILIMA MINING LIMITED","gemstones","69","1","0","Fluorine-Fluorite/Gold/Dolomite","0","never_researched"
"Kankan Mining Co. Limited","gemstones","68","1","1","Amethyst","1","researched_no_channel"
"NISS SKY Spares and Accessories (1996) Limited","gemstones","67","1","0","Nickel/Manganese/Tourmaline","0","never_researched"
"SIRMUSA MINERALS LIMITED","gemstones","67","2","0","Manganese/Silver/Zinc","0","never_researched"
"Bendu Transport Limited","industrial_minerals","67","1","1","Silica/Sand and Gravel","1","researched_no_channel"
"Giltyra Investements Limited","gold","67","1","0","Gold/Copper/Cobalt","0","never_researched"
"Rech Mining Limited","gemstones","67","1","0","Emerald/Beryllium","0","researched_no_channel"
"Bonita Logistics Limited","gold","67","1","0","Quartz/Silica/Silver","1","never_researched"
"Musi Gems Limited","gemstones","66","1","1","Emerald","1","never_researched"
"Bauxite Mining Limited","gold","66","1","0","Silica/Silver/Zinc","1","never_researched"
"Kasiya Mining Company Limited","gemstones","65","1","0","Marble/Magnesium (Brucit)/Lithium","1","never_researched"
"Samaka Gemstone Mining Company Limited","gemstones","65","1","1","Quartz/Mica/Silica","1","never_researched"
"Smart Wood Limited","critical_battery","63","2","2","Silver/Tantalum/Tin","1","researched_no_channel"
"Kuti Foods Company Limited","gemstones","63","1","0","Tantalum/Quartz/Tourmaline","1","never_researched"
"Kabungu Mining and Prospecting Limited","gemstones","63","1","0","Garnet/Quartz/Tourmaline","1","never_researched"
"Mapelo Gemstone Export Co. Limited","gemstones","60","1","1","Garnet","1","never_researched"
"Kalubwe Mining Limited","gemstones","60","1","1","Emerald","1","never_researched"
"Mara Benefit Logistics Limited","gemstones","60","2","0","Nickel/Manganese/Zinc","0","never_researched"
"The New Vision Newspapers Limited","critical_battery","60","1","1","Zinc/Manganese/Lead","1","never_researched"
"Mirage Investments Limited","critical_battery","60","1","0","Manganese/Copper","1","never_researched"
"Starmiles Enterprises Limited","industrial_minerals","59","1","1","Talc-Soapstone/Marble/Limestone (General)","1","researched_no_channel"
"SIMBARA MINING LIMITED","gemstones","59","2","0","Aquamarine/Amethyst/Zinc","0","never_researched"
"Lotuno Enterprises Limited","gemstones","57","1","1","Tin/Tourmaline/Amethyst","0","never_researched"
"Chifwala Mabula Small Mines Company Limited","gemstones","56","1","0","Emerald/Beryllium","1","never_researched"
"Beatis Ventura Limited","gemstones","56","1","0","Tantalum/Silver/Quartz","1","never_researched"
"Sikum Agencies Limited","critical_battery","56","1","0","Manganese/Iron Ore/Copper","0","never_researched"
"EMPRIRIC TRADING LIMITED","gold","54","1","1","Gold","1","never_researched"
"Musenga Resources Limited","gold","53","1","1","Gold/Zinc/Cobalt","1","researched_no_channel"
"PAMU MINING LIMITED","gold","53","1","0","Iron Ore/Zinc/Copper","0","researched_no_channel"
"Leixin  Renewable Resources Limited","gold","53","1","1","Gold/Copper","1","never_researched"
"Maosheng Mineral Resources Zambia Limited","critical_battery","53","1","1","Gold/Manganese/Cobalt","0","never_researched"
"Sanchembe Gem And Minerals Limited","gemstones","53","1","0","Limestone (General)/Iron Ore/Anhydrite","0","never_researched"
"Wacha Mining Limited","gemstones","52","1","0","Manganese/Quartz/Copper","1","never_researched"
"Gertina Mines Limited","gemstones","51","1","1","Emerald/Beryllium","1","never_researched"
"Kanfield Limited","industrial_minerals","51","1","0","Anhydrite/Gypsum","1","researched_no_channel"
"SELMIN MINERALS LIMITED","gold","50","1","1","Gold/Copper/Cobalt","1","never_researched"
"Bruhati Mining and Minerals Limited","critical_battery","50","1","1","Manganese","1","never_researched"
"PLR Projects Zambia Ltd","critical_battery","50","1","1","Manganese/Quartz/Coal","1","never_researched"
"One Stop Tyre Express Limited","gold","50","1","0","Gold/Copper/Cobalt","0","never_researched"
"Chimetal Zambia Limited","critical_battery","50","1","1","Manganese","1","never_researched"
"Kayden Investments Limited","gemstones","50","1","0","Emerald","1","never_researched"
"United Alloys (Z) Limited","critical_battery","47","1","1","Manganese","1","never_researched"
"Lumezi Mining Limited","gemstones","47","1","0","Garnet","1","never_researched"
"Garba Trading Limited","gemstones","47","1","0","Emerald/Beryllium","1","never_researched"
"Solanga Enterprise Limited","gemstones","46","1","0","Gold/Iron Ore/Silver","0","never_researched"
"Lusa Small Mines Limited","gemstones","46","1","1","Emerald/Beryllium","1","researched_no_channel"
"Charizma Enterprises Limited","industrial_minerals","46","1","1","Limestone (General)/Dolomite","1","researched_no_channel"
"Tirupati Investment Limited","gemstones","45","1","0","Emerald/Quartz/Corundum","0","never_researched"
"H and K Investments Limited","gemstones","45","1","1","Emerald/Beryllium","1","researched_no_channel"
"Fitwama Mining Cooperative Society","gemstones","45","1","1","Emerald","0","never_researched"
"Mupasi Mining Company Limited","gemstones","45","1","0","Emerald","0","never_researched"
"Double ""C"" Investments Limited","gemstones","45","1","1","Tourmaline/Emerald","1","never_researched"
"Nyatungu  Multipurpose Coorperative  Society","gold","44","2","2","Copper/Cobalt/Silver","2","researched_no_channel"
"MC Chewe Building and General Contractors Limit","gemstones","44","1","0","Emerald","0","never_researched"
"M.G Mwanjisi Auto Parts Limited","gemstones","44","1","0","Emerald","1","researched_no_channel"
"Aurum Trading Limited","gemstones","43","1","0","Quartz/Nickel/Tantalum","1","never_researched"
"TRYTON CONSTRUCTION & ENGINEERING COMPANY LIMITED","industrial_minerals","43","1","0","Limestone (General)/Dolomite","1","researched_no_channel"
"CLASSACT VENTURES LIMITED","gold","43","1","0","Gold/Iron Ore/Cobalt","0","researched_no_channel"
"Fransia Investments Limited","critical_battery","40","1","0","Manganese/Silver/Zinc","0","never_researched"
"Emmanuel and Joseph Scrap Metal Co. Ltd.","gemstones","40","1","1","Emerald","1","never_researched"
"Chimanabubwe Business Enterprises Limited","critical_battery","40","1","0","Iron Ore/Manganese/Gold","1","never_researched"
"KANCHIBIYA METALS LIMITED","base_metals","40","1","0","Malachite/Copper/Cobalt","0","never_researched"
"Umetal Investments Limited","gold","40","1","1","Gold/Copper","0","researched_no_channel"
"Remmy Contractors And General Dealers Limited","gemstones","40","1","1","Quartz/Aquamarine","1","never_researched"
"Arinus Limited","gemstones","39","1","1","Emerald","1","never_researched"
"Rukwa Mines Limited","gemstones","37","1","0","Emerald/Copper","1","never_researched"
"Max Global Ferro Alloys Limited","critical_battery","37","1","1","Silica/Manganese","1","never_researched"
"Solwezi Cement Limited","critical_battery","37","1","1","Manganese/Silica/Limestone (General)","1","never_researched"
"Twalubuka Mineral Resources Limited","critical_battery","37","1","0","Manganese/Silver/Zinc","1","never_researched"
"Aggregates Limited","industrial_minerals","36","1","1","Dolomite","0","researched_no_channel"
"Empire Rock Limited","gemstones","36","1","0","Limestone (General)/Iron Ore/Anhydrite","1","never_researched"
"Ifisuma Tafisa Bwangu Mining Company Ltd","gold","36","2","1","Gold/Sulfur/Cobalt","1","researched_no_channel"
"BED-ROCK MINE LIMITED","gemstones","35","1","1","Emerald","0","never_researched"
"Farmers Development Cooperaative Union Society Limited","gold","34","5","5","Gold/Copper","0","researched_no_channel"
"Feedstock and Nutrition Manufactures Co-operative Society Limited","gold","34","5","5","Gold/Copper","0","researched_no_channel"
"Big ponds Zambia Limited","gold","33","1","0","Limestone (General)/Lead/Zinc","0","researched_no_channel"
"Lead Way Youth Multi Purpose Cooperative Society Limited","base_metals","33","1","0","Copper","1","researched_no_channel"
"Faren Mining and Metalllurgy Zambia Company Limited","gold","33","1","1","Gold/Copper","1","never_researched"
"Puza Investments Limited","gemstones","33","1","0","Manganese/Niobium (Columbium)/Limestone (General)","1","never_researched"
"Horeb  Investment Limited","gold","33","1","0","Silver/Uranium/Gold","0","never_researched"
"Abracha Zambia Limited","gemstones","32","1","0","Emerald/Beryllium","0","never_researched"
"Rifranto Mining Limited","gemstones","31","1","1","Emerald","1","never_researched"
"Golden Hill Industry Limited","base_metals","30","1","1","Copper/Cobalt","0","researched_no_channel"
"Huacheng Mining Zambia Limited","critical_battery","30","1","1","Manganese","0","researched_no_channel"
"Zambo Industrial Company Limited","critical_battery","30","1","1","Nickel/Mica/Manganese","1","never_researched"
"CHABOOTA INNOVATIONS LIMITED","gold","30","1","1","Gold/Copper","0","researched_no_channel"
"Henev Mining Limited","gold","30","1","0","Lead/Silica/Zinc","1","never_researched"
"SINKING MINING LIMITED","critical_battery","30","1","0","Malachite/Limestone (General)/Nickel","0","never_researched"
"Musanza Mining and Exploration Company Limited","critical_battery","30","1","0","Lead/Iron Ore/Limestone (General)","1","never_researched"
"Point & Line Technology Ltd","construction_materials","30","1","1","Stone","0","researched_no_channel"
"Kabula Exploration Limited","construction_materials","29","1","1","Stone","1","researched_no_channel"
"Kavs Equipment Limited","gemstones","28","1","1","Emerald","1","never_researched"
"Topglory Mining Company Limited","critical_battery","27","1","1","Manganese","1","researched_no_channel"
"Tawampa Multi-purpose Co-operative Society Limited","industrial_minerals","27","4","4","Dolomite/Granite","4","researched_no_channel"
"Omax Ferro Alloys Zambia Limited","critical_battery","27","1","1","Manganese/Quartz/Copper","1","never_researched"
"Aqu-Desert Zambia Limited","gold","27","1","0","Stone/Gold/Copper","1","never_researched"
"Zhixing Investment Limited","gold","27","1","1","Gold/Copper","0","researched_no_channel"
"Kushinshika Investments Limited","gemstones","27","1","1","Quartz/Emerald/Citrine","1","researched_no_channel"
"Kovichi Contractors and Suppliers Limited","industrial_minerals","27","1","1","Silica/Sand and Gravel","1","researched_no_channel"
"Zabwino-Ndidi Multi-Purpose Co-operative Society Limited","gold","26","4","4","Gold/Copper","3","researched_no_channel"
"WALALAHA INVESTMENT LIMITED","gold","26","1","1","Sand/Zinc/Iron Ore","1","never_researched"
"Matala Gold Hero Multi-Purpose Society Limited","gemstones","26","4","4","Gold/Silver/Zinc","4","researched_no_channel"
"Light Man Tours General Dealers Limited","gemstones","26","1","0","Quartz/Gold/Garnet","0","never_researched"
"One Palm Mining Limited","industrial_minerals","26","1","1","Limestone (General)","1","researched_no_channel"
"ZM and P (B.V.I) Holdings Limited","critical_battery","26","1","1","Tantalum/Silver/Tin","0","never_researched"
"Sichanzu Multipurpose Cooperative  society Limited","critical_battery","26","4","4","Iron Ore/Zinc/Gold","0","researched_no_channel"
"Moyo Chiefdom Multi purpose Cooperative Society Limited","gemstones","26","4","4","Feldspar/Emerald/Beryllium","0","researched_no_channel"
"Libra Mining Multi-Purpose Cooperative Society Limited","gold","26","4","4","Quartz/Silica/Limestone (General)","4","researched_no_channel"
"Continental Mining Limited","energy_minerals","26","2","1","Coal","1","researched_no_channel"
"Melzer Mining Limited","gemstones","25","1","1","Emerald","1","never_researched"
"EKS Mining International Limited","gemstones","24","1","1","Emerald","1","never_researched"
"Kasoma Mining Project Limited","critical_battery","23","1","0","Iron Ore/Lithium/Manganese","0","never_researched"
"Olipe Investments Limited","gemstones","23","1","0","Niobium (Columbium)/Nickel/Molybdenum","1","researched_no_channel"
"Novel Ferro Alloys Limited","critical_battery","23","1","1","Manganese/Quartz/Iron Ore","1","never_researched"
"Katanda Natural Resources Limited","critical_battery","23","1","0","Nickel/Manganese/Uranium","0","never_researched"
"Chikonka copper mines Limited","gemstones","23","1","0","Malachite/Iron Ore/Manganese","0","never_researched"
"Easy Resources Limited","gold","23","1","1","Gold/Silver/Cobalt","1","researched_no_channel"
"Thandizo Lathu Multipurpose Co-operative Society Limited","gemstones","22","4","4","Iron Ore/Manganese/Quartz","4","researched_no_channel"
"Luiri Miners Cooperative Society","critical_battery","20","3","3","Gold/Copper/Silver","3","researched_no_channel"
"Asal Trading Limited","gold","20","1","1","Gold","1","researched_no_channel"
"African Ferro Alloys Limited","critical_battery","20","1","1","Manganese","1","never_researched"
"Bubanji Resources Limited","gold","20","1","1","Gold","1","never_researched"
"Huan Yu Mining Mining Limited","gold","20","1","1","Gold/Copper/Cobalt","1","never_researched"
"Spaxs Mining Limited","critical_battery","20","1","0","Manganese/Sand and Gravel/Silica","1","never_researched"
"Golden Palace International Limited","industrial_minerals","20","1","0","Quartz","0","never_researched"
"MANFUIL MINING COMPANY LIMITED","base_metals","20","1","1","Sand/Zinc/Gravel","0","researched_no_channel"
"LELO Mult-Purpose Co-operative Society Limited","gemstones","20","3","3","Manganese/Gold/Copper","2","researched_no_channel"
"Goldtec Investment Limited","base_metals","20","1","1","Copper/Cobalt","1","never_researched"
"Mukala Mineral co-operative Society Limited","gold","20","3","3","Copper/Cobalt/Gold","3","researched_no_channel"
"MineralXplore Multi-Purpose  Cooperative Society limited","gold","20","3","3","Sand/Limestone (General)/Gold","2","researched_no_channel"
"ZAMKELA MINING LIMITED","gemstones","20","1","0","Ruby/Quartz/Niobium (Columbium)","0","never_researched"
"Auriga Minerals Limited","gold","20","1","1","Silver/Gold/Copper","1","researched_no_channel"
"CHALO MBANTHU YOUNG WOMEN MULTI-CO-OPERATIVE SOCIETY LIMITED","gemstones","20","3","3","Gold/Quartz/Copper","0","researched_no_channel"
"ZAMSERE YOUTHS MINING COOPERATIVE SOCIETY LIMITED","gemstones","20","3","3","Quartz/Manganese/Iron Ore","2","researched_no_channel"
"Dee Bees Store Limited","gemstones","20","1","0","Limestone (General)/Iron Ore/Anhydrite","0","never_researched"
"Lukomaria Mining Investment Limited","gemstones","20","1","0","Emerald/Beryllium","0","never_researched"
"Namita Construction and Mining Limited","gold","20","1","0","Silver/Gold","0","never_researched"
"Learn To Share Mining Co-Operative Society Limited","gemstones","20","3","3","Gold/Quartz/Tin","3","researched_no_channel"
"Chelekapa Mult-Purpose Co-operative Society Limited","gemstones","19","4","4","Copper/Zinc/Tourmaline","0","researched_no_channel"
"Makaasa Multi-Purpose Co-operative Society Limited","critical_battery","17","3","3","Quartz/Nickel/Rare EarthsElements","2","researched_no_channel"
"Millenium Business Systems Limited","gemstones","17","1","0","Quartz/Amethyst","0","never_researched"
"kamutumba mining company ltd","critical_battery","17","1","0","Manganese/Silver/Zinc","1","never_researched"
"Gladpal Investment Limited","critical_battery","17","1","1","Lead/Manganese/Zinc","1","researched_no_channel"
"Benchmark Mining Limited","critical_battery","16","1","0","Lead/Iron Ore/Manganese","1","never_researched"
"Honesty Mining Company Limited","gemstones","14","1","0","Rare EarthsElements/Silver/Lead","1","never_researched"
"Daxing Mining Company Limited","critical_battery","13","1","1","Manganese","1","never_researched"
"Front Page Multi-Purpose Cooperative Society Limited","gemstones","13","2","2","Clay (General)/Mineral Sands/Feldspar","2","researched_no_channel"
"Fyakufolobolafye Mining Cooperative Society Limited","gemstones","13","2","2","Gold/Silver/Zinc","2","researched_no_channel"
"Nyamphende Small Scale Mining Cooperative Society","gold","13","2","2","Quartz/Gold/Copper","0","researched_no_channel"
"Daron Mining and Exploration Limited","gemstones","13","1","0","Garnet/Emerald/Gold","0","never_researched"
"LUKUNKA CENTRAL MULTI -PURPOSE CO-OPERATIVE SOCIETY LIMITED","gold","13","2","2","Iron Ore/Gold/Copper","0","researched_no_channel"
"City Mine Multi-purpose Cooperative Society Limited","gemstones","13","2","2","Tungsten/Lithium/Rare EarthsElements","2","researched_no_channel"
"Endeavor Rise Multi-Purpose Co-operative Society Limited","gemstones","13","2","2","Gold/Gemstones/Copper","0","researched_no_channel"
"E-Stone Works Enterprises Limited","gemstones","13","1","0","Lithium/Manganese/Iron Ore","1","never_researched"
"DZ Trading and Logistics Company Limited","gold","13","1","1","Gold/Copper","1","never_researched"
"AAL- Grace Mining Co-operative Society Limited","gold","13","2","2","Iron Ore/Zinc/Copper","0","researched_no_channel"
"Elijah Moomba General Dealers Limited","gemstones","13","1","1","Iron Ore/Silver/Zinc","1","researched_no_channel"
"Twawilwa Multi Purpose Cooperative  Limited","gold","13","2","2","Gold","2","researched_no_channel"
"Lumbeni Multi-purpose Co-operative Society Limited","critical_battery","13","2","2","Lead/Manganese/Zinc","1","researched_no_channel"
"COMETOGETHER MULTI-PURPOSED CO-OPERATIVE SOCIETY LIMITED","gemstones","13","2","2","Rare EarthsElements/Silver/Quartz","0","researched_no_channel"
"Twafwilishane Multi-Purpose Co-operative Society Limited","critical_battery","13","2","2","Zinc/Lead/Copper","1","researched_no_channel"
"Makgreen Consultant Limited","gemstones","13","1","0","Manganese/Laterite/Nickel","0","never_researched"
"New Norodom Mines Limited","gemstones","13","1","1","Emerald/Beryllium","1","never_researched"
"LUSAC BUILDERS MULTI- PURPOSE  CO-OPERATIVE SOCIETY LIMITED","gemstones","13","2","2","Nickel/Anhydrite/Zinc","1","researched_no_channel"
"Orin Resources Limited","gold","13","1","1","Silver/Gold/Copper","0","never_researched"
"Founded Business Trust Holdings Zambia Limited","critical_battery","13","1","1","Lead/Iron Ore/Manganese","1","never_researched"
"Lubalashi Co-operative Limited","industrial_minerals","13","2","2","Limestone (General)","2","researched_no_channel"
"NORTHWEST - LINE MULTIPURPOSE CO-OPERATIVE SOCIETY LIMITED","gemstones","13","2","2","Zinc/Anhydrite/Quartz","1","researched_no_channel"
"Nordic Mineral Traders Limited","critical_battery","13","1","1","Manganese/Zinc/Cobalt","1","researched_no_channel"
"Ethical Exim Investments Limited","critical_battery","13","1","1","Manganese/Aluminum (Other)","1","never_researched"
"Unified Mining Limited","gold","13","1","1","Silver/Gold/Copper","1","researched_no_channel"
"True Ore Mines and Minerals (Tomm) Private Limited","critical_battery","13","1","1","Manganese/Gold/Copper","1","never_researched"
"Elikato General Dealers Limited","gold","13","1","0","Limestone (General)/Lead/Zinc","0","never_researched"
"Faith Womens Mining Cooperative Society Limited","gemstones","13","2","2","Gold/Iron Ore/Quartz","0","researched_no_channel"
"Tongxin Metal Company Limited","gold","13","1","1","Gold/Lead/Cobalt","1","never_researched"
"Ikondo Mining Cooperative Society (IMCS)","gold","13","2","2","Gold/Zinc/Copper","2","researched_no_channel"
"Redeem Investments Company Limited","gold","13","1","1","Gold","1","researched_no_channel"
"SIXM ENTERPRISE LIMITED","critical_battery","13","1","0","Manganese/Silver/Zinc","0","never_researched"
"Chibechatu Multi-purpose Co-operative Society Limited","gemstones","13","2","2","Nickel/Lithium/Zinc","1","researched_no_channel"
"Mulonga Mining Cooperative Society Limited","gemstones","13","2","2","Lead/Anhydrite/Manganese","1","researched_no_channel"
"Chikoti Khisa-Mining Co-operative Society Limited","critical_battery","13","2","2","Quartz/Rare EarthsElements/Cobalt","0","researched_no_channel"
"MBOOZIBATEBULI MULTI- PURPOSE CO-OPERATIVE SOCIETY LIMITED","industrial_minerals","13","2","2","Quartz/Stone/Granite","2","researched_no_channel"
"CHINTUCHOMWE MULTI-PURPOSE CO-OPERATIVE SOCIETY LIMITED","gemstones","13","2","2","Quartz/Nickel/Zinc","0","researched_no_channel"
"Muchinga Route Multi-purpose Co-operative Society Limited","gemstones","13","2","2","Nickel/Anhydrite/Zinc","2","researched_no_channel"
"HORMAR TRADING LIMITED","gold","13","1","1","Gold/Copper","0","never_researched"
"Bwesu Ubunoshi Multipurpose Cooperative Society","critical_battery","13","2","2","Rare EarthsElements/Tantalum/Copper","1","researched_no_channel"
"KYASALAULA MULTIPURPOSE CO-OPERATIVE SOCIETY","critical_battery","13","2","2","Zinc/Gold/Copper","0","researched_no_channel"
"PROGRESSION YOUTH MULTI PURPOSE COOPERATIVE SOCIETY LIMITED","gold","13","2","2","Gold/Copper/Zinc","0","researched_no_channel"
"Kaaf Investment Limited","gold","13","1","1","Gold/Copper","1","never_researched"
"Atlas Alloys Zambia Limited","critical_battery","13","1","1","Manganese","1","never_researched"
"Marumunachi Mining Company Limited","gemstones","13","1","0","Emerald/Aquamarine","0","never_researched"
"Solola Multi-purpose Co-operative","gold","13","2","2","Gold/Copper/Silver","0","researched_no_channel"
"Kalomona Mining Cooperative Society Limited","industrial_minerals","13","2","2","Quartz","2","researched_no_channel"
"Kamabanga Mining Limited","gold","13","1","0","Gold/Silver/Cobalt","1","never_researched"
"Serenje Smelting Zambia Limited","critical_battery","13","1","1","Manganese/Copper/Cobalt","1","never_researched"
"Central Mining Local Multi-Purpose Co-operative Society Limited","critical_battery","13","2","2","Nickel/Silver/Zinc","0","researched_no_channel"
"Junsheng Industry Company Limited","base_metals","13","1","1","Copper/Cobalt","0","researched_no_channel"
"Chengde Mining Limited","critical_battery","13","1","1","Lead/Iron Ore/Manganese","1","never_researched"
"MEDIBUK INVESTMENTS LIMITED","gemstones","13","1","0","Lithium/Manganese/Iron Ore","0","never_researched"
"QUICK SQUAD MULTI-PURPOSE COOPERATIVE LIMITED","gold","13","2","2","Copper/Cobalt/Gold","0","researched_no_channel"
"Mwapo Business Solutions Limited","critical_battery","13","1","0","Nickel/Silver/Zinc","0","never_researched"
"Green Machinery Suppiers Limited","unknown","13","1","1","","1","researched_no_channel"
"Hilaac Company Limited","gold","13","1","1","Gold","1","never_researched"
"Taysiir Investments Limited","gold","13","1","1","Gold","1","never_researched"
"Real Oil Investment Limited","gold","13","1","1","Silver/Zinc/Iron Ore","1","never_researched"
"Benecho Women Multi-purpose Co-operative Society Limited","gemstones","13","2","2","Limestone (General)/Manganese/Anhydrite","2","researched_no_channel"
"Ramoji Resources Limited","base_metals","13","1","1","Copper","1","researched_no_channel"
"Aku Resources Limited","gold","13","1","1","Gold/Copper","1","never_researched"
"Silver Grown Investment Limited","gold","13","2","2","Gold/Copper","2","researched_no_channel"
"Zambia Savings and Credit Union Cooperative Society Limited","gemstones","13","2","2","Iron Ore/Anhydrite/Gypsum","2","researched_no_channel"
"Grhhin Mine Limited","gold","13","1","0","Iron Ore/Silver/Zinc","1","never_researched"
"H.G High Grade Resources Limited","base_metals","13","1","1","Copper/Cobalt","1","never_researched"
"Mwandanga Mining And Crushing Multi-purpose Co-operative Society Limited","gemstones","13","2","2","Quartz/Iron Ore/Manganese","1","researched_no_channel"
"Double impacty Construction Company Ltd","industrial_minerals","11","1","1","Marble/Limestone (General)","1","never_researched"
"Havfree International Trade (pty) Limited","critical_battery","11","1","0","Nickel/Manganese/Zinc","1","never_researched"
"Hartebeest Resources Limited","critical_battery","11","1","0","Lead/Iron Ore/Manganese","1","researched_no_channel"
"Kasompe Mining Limited","other","10","1","1","Laterite","1","researched_no_channel"
"Nasteho Investment Limited","gold","10","1","1","Gold/Copper","0","never_researched"
"GALHARUR INVESTMENT LIMITED","gold","10","1","1","Gold","1","never_researched"
"House of Minerals Limited","gold","10","1","0","Silver/Zinc/Gold","1","never_researched"
"Des Export Zambia Limited","gold","10","1","1","Gold","1","never_researched"
"Kevmich Resources Limited","gold","10","1","1","Gold/Copper/Cobalt","1","never_researched"
"Taida Resources Limited","gold","10","1","0","Malachite/Silver/Zinc","0","researched_no_channel"
"Chakumbila Mining Co-operative Society Limited","gold","7","1","1","Iron Ore/Gold/Copper","0","never_researched"
"Chakumbila Multi-Purpose Co-operative Society Limited","gold","7","1","1","Iron Ore/Gold/Copper","0","never_researched"
"Zoncor Mining Limited","gold","7","1","1","Silver/Gold/Copper","1","never_researched"
"Chipe Chipe Youth Multi-Purpose Co-operative Society Limited","gold","7","1","1","Gold/Copper/Cobalt","1","researched_no_channel"
"CHAKWANGA MULTI PURPOSE COOPERATION SOCIETY LIMITED","critical_battery","7","1","1","Gold/Manganese/Cobalt","0","never_researched"
"Centralpit Learn Multi-purpose Co-operative Society Limited","critical_battery","7","1","1","Silica/Graphite","0","never_researched"
"Vic-Chafi MultIpurpose Cooperative Society Limited","gemstones","7","1","1","Quartz/Aquamarine","0","never_researched"
"Broadway Mining Cooperative Society Limited","gold","7","1","1","Gold/Copper","0","researched_no_channel"
"Baalgoray Trading Limited","gold","7","1","1","Gold","1","never_researched"
"Bwesu Ubunonshi Multi-Purpose Cooperative Society Limited","critical_battery","7","1","1","Tantalum/Tin/Rare EarthsElements","0","never_researched"
"Dalmar Investments Limited","gold","7","1","1","Gold/Copper","0","never_researched"
"5 stars Multi Purpose Coopérative Society Limited","critical_battery","7","1","1","Sand and Gravel/Quartz/Zinc","1","never_researched"
"Central Youth Muilt Purpose Cooperative Society Limited","critical_battery","7","1","1","Zinc/Manganese/Lead","1","never_researched"
"Central Province Co-operative Union Limited","critical_battery","7","1","1","Manganese/Lead/Zinc","1","never_researched"
"AZMI MINING CO OPERATIVE SOCIETY LIMITED","gold","7","1","1","Gold","0","researched_no_channel"
"Buneme Multi-Purpose Cooperative Society Limited","gold","7","1","1","Iron Ore/Lead/Silver","0","never_researched"
"CHOOLWE INVESTMENT LIMITED","gold","7","1","1","Silver/Gold/Copper","0","never_researched"
"Wanshida International Investments Company Limited","base_metals","7","1","1","Copper/Cobalt","0","researched_no_channel"
"Ahom Investments Limited","gold","7","1","1","Gold","1","never_researched"
"Alphaone Investments Limited","gold","7","1","1","Sand/Silver/Zinc","0","never_researched"
"Anahela Gold Mining Co-operative Society Limited","critical_battery","7","1","1","Lead/Manganese/Zinc","1","never_researched"
"Chimwelelende Mining Cooperative LTD","gold","7","1","1","Mineral Sands/Quartz/Gold","1","never_researched"
"Chimwelelende Mining Cooperative Society Limited","gemstones","7","1","1","Quartz/Sand and Gravel/Granite","1","never_researched"
"Zao Mining Cooperative Society Limited","gemstones","7","1","1","Quartz/Manganese/Rare EarthsElements","1","researched_no_channel"
"Akainga Multi-purpose Co-operative Society Limited","critical_battery","7","1","1","Iron Ore/Lead/Nickel","1","researched_no_channel"
"Balume Mining Co-operative Society Limited","gemstones","7","1","1","Gold/Iron Ore/Zinc","0","never_researched"
"Benechishi Mining Co-operative Society Limited","critical_battery","7","1","1","Rare EarthsElements/Feldspar/Chromium","1","never_researched"
"AIGLE MULTI-PURPOSE COOPERATIVE SOCIETY LIMITED","gemstones","7","1","1","Quartz/Gold/Zinc","1","never_researched"
"Chisokota Multi-purpose Co-operative Society Limited","critical_battery","7","1","1","Lead/Manganese/Zinc","1","never_researched"
"Albino Multipurpose Cooperative Society Limited","gemstones","7","1","1","Quartz/Manganese/Limestone (General)","1","never_researched"
"Beunasha Multi Purpose Cooperative Society Limited","critical_battery","7","1","1","Lead/Tin/Zinc","1","never_researched"
"Wabanganya Multipurpose Cooperative Society","gemstones","7","1","1","Nickel/Magnesium (Brucit)/Rare EarthsElements","1","never_researched"
"Vyane Mult-Purpose Co-operative Society Limited","critical_battery","7","1","1","Manganese/Lead/Nickel","1","never_researched"
"Virgin Blue Company","critical_battery","7","1","1","Malachite/Manganese/Lead","1","never_researched"
"Collussion Mining Co-cooperative Society Limited","gemstones","7","1","1","Manganese/Lithium/Lead","0","never_researched"
"BOMAS Mining Cooperative Society","gemstones","7","1","1","Silver/Tourmaline/Gold","0","never_researched"
"Chau Ubuntu Multi- Purpose Co-operative Limited","gemstones","7","1","1","Iron Ore/Anhydrite/Gypsum","1","never_researched"
"BOMBA ULYA MINING COOPERATIVE SOCIETY LIMITED","gemstones","7","1","1","Quartz/Sugilite/Tourmaline","1","never_researched"
"VINEYARD MULTI-PURPOSE CO-OPERATIVE SOCIETY LIMITED","gold","7","1","1","Gold/Silver/Cobalt","1","never_researched"
"Chao Chikupi Mining Cooperative","gold","7","1","1","Gold/Copper/Cobalt","1","never_researched"
"Activeone Investment Limited","gold","7","1","1","Iron Ore/Sand/Copper","1","never_researched"
"CHIHAFE MULTI PURPOSE  CO-OPERATIVE","critical_battery","7","1","1","Manganese/Rhodium/Gold","1","never_researched"
"Chibulu Tulipamo Mining Co-operative Society Limited","gemstones","7","1","1","Manganese/Zinc/Gold","1","researched_no_channel"
"Zambian Gold Tiger Construction and Materials Limited","industrial_minerals","7","1","1","Limestone (General)/Granite/Dolomite","1","researched_no_channel"
"APP STAR  INVESTMENTS LIMITED","gold","7","1","1","Gold","1","never_researched"
"Chetu Multi-Purpose Co-Operative Society Limited","gemstones","7","1","1","Silver/Quartz/Nickel","1","never_researched"
"Bachoba Multi-Purpose Co-operative Society Limited","critical_battery","7","1","1","Silica/Manganese/Silver","1","never_researched"
"Zagema Mining and Mineral Trading Corperative","gemstones","7","1","1","Sand and Gravel/Clay (General)/Aquamarine","1","researched_no_channel"
"Classic Future Development Company Limited","gold","7","1","1","Gold","1","never_researched"
"Makandwe Multi-purpose cooperative Society Limited","gold","7","1","1","Iron Ore/Silver/Gold","1","never_researched"
"Madibba Resources Multipurpose Cooperative Society","gemstones","7","1","1","Quartz/Radium/Nickel","1","never_researched"
"Malemashi Copper Mult Purpose Cooperative Society Limited","gemstones","7","1","1","Quartz/Silver/Tourmaline","0","never_researched"
"Mandala Multi-purpose Co-operative Society Limited","industrial_minerals","7","1","1","Quartz","0","researched_no_channel"
"Malota Multpurpose Cooperative Society Limited","critical_battery","7","1","1","Limestone (General)/Lead/Zinc","1","researched_no_channel"
"Lukalia Mining Co-operative Society Limited","critical_battery","7","1","1","Manganese/Sand/Sugilite","1","researched_no_channel"
"Lugubbe Multi-Purpose Co-operative Society Limited","gold","7","1","1","Mica/Limestone (General)/Silica","1","researched_no_channel"
"Lukamantano Youth Multi-Purpose Cooperative","critical_battery","7","1","1","Pyrite/Tin/Zinc","1","never_researched"
"Rufunsa Green Multi-purpose Co-operative Society Limited","critical_battery","7","1","1","Manganese/Gold/Copper","0","never_researched"
"Safe Haven Investments Limited","gold","7","1","1","Gold/Copper","1","researched_no_channel"
"Mango Mining Co-operative Society Limited","critical_battery","7","1","1","Gold/Nickel/Cobalt","1","never_researched"
"QUICK SQUADMULTI-PURPOSE COOPERATIVE LIMITED","critical_battery","7","1","1","Manganese/Quartz/Copper","0","never_researched"
"Mindende Mult-purpose Cooperative Society Limited","gold","7","1","1","Silver/Zinc/Gold","1","researched_no_channel"
"Mkumbacanoka Mining Co-operatives  Society Limited","gemstones","7","1","1","Silica/Quartz/Manganese","0","never_researched"
"Mpanga Mining Cooperative Society Limited","gold","7","1","1","Platinum Group Metals/Silver/Uranium","0","never_researched"
"Moyan Services Limited","gold","7","1","1","Gold","1","never_researched"
"Mapatizya Central Multi-Purpose Cooperative Society","gemstones","7","1","1","Lithium/Lead/Mica","1","never_researched"
"Risers Mining Cooperative Society Limited","critical_battery","7","1","1","Lead/Manganese/Gold","1","never_researched"
"RHEMA MINING COOPERATIVE SOCIETY LIMITED","critical_battery","7","1","1","Malachite/Lead/Zinc","0","researched_no_channel"
"MIHA MINING INVESTMENT LIMITED","gold","7","1","1","Gold","1","researched_no_channel"
"Mazalazambwe Multi-purpose Co-operative Society Limited","critical_battery","7","1","1","Iron Ore/Lead/Nickel","0","researched_no_channel"
"Luchisaka Mining and Development Cooperative Limited","gemstones","7","1","1","Granite/Mica/Gold","0","never_researched"
"Kilobo Multi-purpose Cooperative Society Limited","gold","7","1","1","Gold/Copper/Cobalt","0","never_researched"
"Kennados Mining Ventures Co-operative Society Limited","gemstones","7","1","1","Silica/Tantalum/Tin","0","never_researched"
"Kozoo mining multi -purpose cooperative society Limited","gold","7","1","1","Sand/Limestone (General)/Gold","0","never_researched"
"Shalom Wesu Multi-purpose Co-operative Society Limited","critical_battery","7","1","1","Sand/Manganese/Zinc","0","never_researched"
"Kudinkaku Multi-Purpose Society Limited","critical_battery","7","1","1","Limestone (General)/Lead/Zinc","1","never_researched"
"Katotebujo Mullti-Purpose Co-operative Limited","gemstones","7","1","1","Iron Ore/Manganese/Silver","0","never_researched"
"Sianzovu Community Mining Cooperative","gemstones","7","1","1","Quartz/Nickel/Manganese","1","researched_no_channel"
"Katuzumanana Mining Co-operative Society Limited","gold","7","1","1","Gold","1","never_researched"
"SHIWANGANDU MULTI PURPOSE CO-OPERATIVE SOCIETY LIMITED","critical_battery","7","1","1","Manganese/Quartz/Limestone (General)","0","never_researched"
"Kauzu Nkhunzi Mining Cooperative Society Limited","gemstones","7","1","1","Quartz/Tourmaline/Gold","0","never_researched"
"Kwetu Multi Purpose Co-operative Society Limited","gold","7","1","1","Quartz/Gold","1","never_researched"
"Lilayi Talc Mine Association","gold","7","1","1","Gold","0","never_researched"
"Save Lives Multi- Purpose Co-operative Limited","critical_battery","7","1","1","Gold/Manganese/Cobalt","1","never_researched"
"Sangalala General Trading Limited","gold","7","1","1","Gold/Copper","1","researched_no_channel"
"Luapula Women In Extractive Mining Co-operative Society Limited","critical_battery","7","1","1","Iron Ore/Manganese/Quartz","0","never_researched"
"SANAABIL INVESTMENTS LIMITED","gold","7","1","1","Gold","1","never_researched"
"Kyuulu Mutezhi Multi-purpose Co-operative Society Limited","gemstones","7","1","1","Iron Ore/Gold/Zinc","0","never_researched"
"Kyasalaula Multi-Purpose Co-operative Society Limited","gemstones","7","1","1","Nickel/Quartz/Gold","1","researched_no_channel"
"Lavuponde Multi - Cooperative Society Limited","gemstones","7","1","1","Gold/Iron Ore/Manganese","1","never_researched"
"Libra Mining Limited","gold","7","1","1","Gold","1","never_researched"
"Liang Yun Company Limited","base_metals","7","1","1","Copper/Cobalt","1","researched_no_channel"
"Mpavu Multi-Purpose Cooperative Society Limited","gemstones","7","1","1","Quartz/Niobium (Columbium)/Aquamarine","1","never_researched"
"namundela mining co-operative society limited","gemstones","7","1","1","Gold/Emerald/Manganese","1","never_researched"
"NALEYE BLOCKS AND MINING MINERAL PROCESSING LIMITED","gold","7","1","1","Gold/Copper","1","never_researched"
"Pachida Mining Cooperative Society Limited","gemstones","7","1","1","Iron Ore/Quartz/Tourmaline","1","never_researched"
"New Generation Multi-purpose Co-operative Society Limited","gemstones","7","1","1","Emerald/Copper/Cobalt","0","never_researched"
"NELEMU MULTI-PURPOSE  CO-OPERATIVE LIMITED","gemstones","7","1","1","Lead/Iron Ore/Anhydrite","0","never_researched"
"Mwaze Village Multi Purpose Cooperative","gold","7","1","1","Gold/Copper","1","researched_no_channel"
"Mwaze Multipurpose Co-operative Society Limited","gold","7","1","1","Iron Ore/Gold/Copper","0","researched_no_channel"
"Mweengwe Multi-Purpose Cooperative","gold","7","1","1","Gold/Lead/Cobalt","0","researched_no_channel"
"Nabasuntwe Mining Ventures Co-operative Society Limited","gemstones","7","1","1","Garnet/Feldspar/Iron Ore","0","never_researched"
"Myafi Mining Co-orperative Multi- Purpose Society","gemstones","7","1","1","Saprolite/Rare EarthsElements/Tourmaline","1","never_researched"
"NGABWE KAPANDE MINING CO-OPERATIVE SOCIETY  LIMITED","gemstones","7","1","1","Quartz/Manganese/Tin","0","never_researched"
"NKUSULULU MULTPURPOSE CO-OPERATIVE SOCIETY LIMITED","gemstones","7","1","1","Mineral Sands/Silver/Gold","0","never_researched"
"Nkulundundu Multi-purpose Cooperative","gold","7","1","1","Quartz/Silica/Zinc","0","never_researched"
"NOK Mining Co-Operative Society Limited","gemstones","7","1","1","Manganese/Granite/Tourmaline","1","never_researched"
"Nyanswa Mining Multi-Purpose Co-Operative Society Limited","gold","7","1","1","Iron Ore/Lead/Zinc","1","never_researched"
"Nyungu Artisanal Mining Multipurpose Co-operative Society Limited","gold","7","1","1","Mineral Sands/Silica/Gold","1","never_researched"
"ONKOT SOLUTIONS LIMITED","gold","7","1","1","Gold/Copper","1","researched_no_channel"
"N'gandu Mining Co-operative Society Limited","gemstones","7","1","1","Iron Ore/Gravel/Lead","1","never_researched"
"Onkod Investments Limited","gold","7","1","1","Gold/Copper","1","never_researched"
"Nkasekelela Multi-purpose Cooperative Society Limited","gold","7","1","1","Iron Ore/Lead/Silver","0","never_researched"
"Nkasekelela Multi-purpose cooperative society","gemstones","7","1","1","Gold/Malachite/Copper","0","researched_no_channel"
"Mwaze Mining Co-operative Society Limited","gold","7","1","1","Iron Ore/Gold/Copper","0","never_researched"
"Mukuni Mining Cooperative Society Limited","gemstones","7","1","1","Tourmaline/Zinc/Copper","1","never_researched"
"MUKUNGULE MULTI PURPOSE CO-OPERATIVE SOCIETY LIMITED","gold","7","1","1","Gold/Copper","0","never_researched"
"Mukuta Bulongo Multipurpose Society Limited","gold","7","1","1","Gold","1","never_researched"
"Munalu Small Scale Mining Co-operative Society Limited","critical_battery","7","1","1","Tantalum/Tin/Tungsten","1","researched_no_channel"
"Mulev Mining And Agricultural Multi Purpose Cooperative Society Limited","gemstones","7","1","1","Manganese/Quartz/Silica","1","never_researched"
"Mufwashi Mining Cooperative Society Limited","gemstones","7","1","1","Gold/Iron Ore/Tourmaline","1","never_researched"
"Mufumbwe Mining Multi-purpose Co-operative Society Limited","critical_battery","7","1","1","Quartz/Nickel/Rare EarthsElements","1","never_researched"
"Mufwashi New Multi-purpose Co-operative Society Limited","gold","7","1","1","Lead/Zinc/Gold","1","never_researched"
"Mukala Mineral  Co-operation Society Limited","gold","7","1","1","Gold/Copper/Cobalt","1","never_researched"
"Mugwazo Mining Co-operative Society Limited","gold","7","1","1","Gold/Copper/Cobalt","1","researched_no_channel"
"Munyumakazi Mining Cooperative Limited","critical_battery","7","1","1","Iron Ore/Manganese/Copper","0","never_researched"
"Muyongo Shilenga Small Scale Mining Co-operative Society Limited","critical_battery","7","1","1","Lead/Manganese/Zinc","1","never_researched"
"Muwamba Nyama Mining & Agricultural Cooperative Society","gemstones","7","1","1","Tourmaline","1","never_researched"
"PEOPLE'S MULTI- PURPOSE CO-OPERATIVE SOCIETY LIMITED","gemstones","7","1","1","Nickel/Anhydrite/Zinc","0","never_researched"
"Mwatwiinda Multi Purpose Co-operative Society Limited","gemstones","7","1","1","Gold/Quartz/Amethyst","0","never_researched"
"Mwapanda Corner Multi-Purpose Co-operative Society Limited","critical_battery","7","1","1","Mineral Sands/Manganese/Sand","0","never_researched"
"MUTABI MUTANZI MULTI-PURPOSE CO-OPERATIVE SOCIETY","critical_battery","7","1","1","Manganese/Gold/Copper","1","never_researched"
"MUSOKONTWELELE MINING CO-OPERATIVE SOCIETY LIMITED","critical_battery","7","1","1","Manganese/Gold/Copper","0","never_researched"
"Mutane Akose Mining Coorperative Society Limited","critical_battery","7","1","1","Manganese/Sand/Silica","1","researched_no_channel"
"Phillip Mining Cooperative Society Limited","gemstones","7","1","1","Limestone (General)/Gold/Manganese","1","never_researched"
"MUTUPA MINING MULT-PURPOSE COOPERATIVE SOCIETY LIMITED","construction_materials","7","1","1","Stone/Sand/Granite","0","researched_no_channel"
"Siavonga Mining Multi-Purpose Co-operative Limited","gemstones","7","1","1","Gold/Silica/Tantalum","0","never_researched"
"Graspers  Multi- Purpose Co-Operative Society Limited","gold","7","1","1","Iron Ore/Lead/Zinc","1","never_researched"
"golden silk multi-purpose co-operative society limited","critical_battery","7","1","1","Manganese/Gold/Copper","0","never_researched"
"GULF RESOURCES INTERNATIONAL LIMITED","base_metals","7","1","1","Copper/Aluminum (Other)/Aluminum (General)","1","never_researched"
"Hanuunka Mining Cooperative Society LIMITED","industrial_minerals","7","1","1","Sandstone/Stone/Sand and Gravel","1","never_researched"
"Habib Bey Logistics Limited","gold","7","1","1","Gold","1","never_researched"
"Towhid Trading Limited","gold","7","1","1","Gold","0","never_researched"
"Fromlight Investments Limited","gold","7","1","1","Gold","1","never_researched"
"TILITOSE CHIMUTENGO MULTIPURPOSE COOPERATIVE SOCIETY LIMITED","gemstones","7","1","1","Nickel/Anhydrite/Zinc","1","never_researched"
"GEO HUB ENTERPRISE LIMITED","gold","7","1","1","Gold/Copper","0","never_researched"
"Gateway Express Logistics Limited","gold","7","1","1","Gold","1","never_researched"
"Happening Multi-purpose Co-operative Society Limited","critical_battery","7","1","1","Silica/Manganese/Copper","1","never_researched"
"David Chikopa Enterprises","gold","7","1","1","Iron Ore/Lead/Zinc","1","never_researched"
"Howler Construction Limited","gold","7","1","0","Silica/Silver/Quartz","1","never_researched"
"Ilola Datamuka Multi Purpose Co-operative Limited","critical_battery","7","1","1","Nickel/Gold/Copper","1","never_researched"
"INTERNAL MINDSET CO-OPERTIVE LIMITED","gold","7","1","1","Gold","1","never_researched"
"ILYAS INVESTMENTS LIMITED","gold","7","1","1","Gold","1","never_researched"
"Helment Boot-Mining Multi-purpose Cooperative Society Limited","gemstones","7","1","1","Mica/Lithium/Tantalum","1","never_researched"
"Havillah Multi-purpose Co-operative Limited","gemstones","7","1","1","Gemstones/Gold/Cobalt","0","never_researched"
"Hillpot Mining Multipurpose Cooperative","critical_battery","7","1","1","Manganese/Gold/Copper","1","researched_no_channel"
"Superdeal Investments Limited","base_metals","7","1","1","Zinc/Lead","1","researched_no_channel"
"Honley Investment Limited","gold","7","1","1","Lead/Gold/Copper","1","never_researched"
"EASTNET MULTI-PURPOSE CO-OPERATIVE SOCIETY LIMITED","gemstones","7","1","1","Nickel/Anhydrite/Zinc","0","never_researched"
"Eagle Eye Mining Multi-purpose Co-operative Society","gemstones","7","1","1","Lead/Iron Ore/Silica","1","researched_no_channel"
"ECO MINING CO-OPERATIVE SOCIETY LIMITED","gold","7","1","1","Iron Ore/Silver/Zinc","0","never_researched"
"TWAYUKA MINING COOPERATIVE SOCIETY LIMITED","gemstones","7","1","1","Limestone (General)/Lead/Nickel","1","never_researched"
"TWEENDE CHILOBE MULTIPURPOSE COOPERATIVE SOCIETY LIMITED","gemstones","7","1","1","Mica/Fluorine-Fluorite/Tourmaline","1","researched_no_channel"
"Upper Hands Mining Co-operative Society Limited","industrial_minerals","7","1","1","Quartz/Granite","1","researched_no_channel"
"DIGI MINERALS MULTI-PURPOSE COOPERATIVE","gold","7","1","1","Gold","0","never_researched"
"Doug Morgar Multi Purpose Co-operate Society","gemstones","7","1","1","Amethyst","0","researched_no_channel"
"DPKF Commercial Limited","gold","7","1","1","Gold/Copper","1","never_researched"
"Doug-Morgar Mult-Purpose Co-operative Society","gemstones","7","1","1","Tantalum/Tin/Amethyst","0","never_researched"
"Twaima Youth Muilti Purpose Co-operative","critical_battery","7","1","1","Manganese","1","researched_no_channel"
"Equitable Zambian Mining and Minerals Cooperative Society Limited","gemstones","7","1","1","Gold/Manganese/Mineral Sands","1","never_researched"
"Tukali Youth Multi-Purpose Co-operative","gold","7","1","1","Gold/Copper/Cobalt","0","never_researched"
"Fair People Multi-Purpose Cooperative Society Limited","gemstones","7","1","1","Coal/Cobalt/Citrine","1","never_researched"
"Founded Business Trust Refineries Zambia Limited","gold","7","1","1","Gold","1","never_researched"
"Fisanamano Multi-Purpose Co-operative Society Limited","critical_battery","7","1","1","Manganese/Gold/Copper","1","never_researched"
"Tusuwa Multipurpose Cooperative Society Limited","gemstones","7","1","1","Beryllium/Feldspar/Amethyst","1","never_researched"
"Twaboola Multi-purpose Co-operative Society Limited","critical_battery","7","1","1","Iron Ore/Lead/Nickel","0","never_researched"
"Tunjile Multi-Purpose Co-operative Society Limited","base_metals","7","1","1","Malachite/Copper","1","researched_no_channel"
"Equitable Zambian Mining and Minerals Cooperative Society","industrial_minerals","7","1","1","Fluorine-Fluorite/Quartz/Clay (General)","1","never_researched"
"Tumelo Mining Cooperative Society Limited","gemstones","7","1","1","Iron Ore/Gold/Quartz","1","never_researched"
"Kamwambizi Small Scale Miners Co-operative Society Limited","gemstones","7","1","1","Quartz/Tourmaline/Aquamarine","1","never_researched"
"Kamwambizi Small Scale Mines Mining Cooperative Society","unknown","7","1","1","","1","researched_no_channel"
"KAFWA MULT-PURPOSE CO-OPERATIVE SOCIETY LIMITED","gemstones","7","1","1","Gold/Mineral Sands/Amethyst","0","never_researched"
"Kamuselula Mining Co- operative Society Limited","gold","7","1","1","Silver/Zinc/Gold","0","never_researched"
"Kadesh Multi Purpose Cooperative Society Limited","industrial_minerals","7","1","1","Feldspar/Clay (General)","1","researched_no_channel"
"Kaole New  Dawn Mining Multipurpose  Cooperative Society Limited","critical_battery","7","1","1","Manganese/Copper","1","never_researched"
"SINANKUMBI MINING COOPERATIVE SOCIETY LIMITED","gemstones","7","1","1","Tin/Gemstones/Tourmaline","0","never_researched"
"Kafubu Limestone Limited","industrial_minerals","7","1","1","Stone/Limestone (General)","1","researched_no_channel"
"SOMNOR INVESTMENT LIMITED","gold","7","1","1","Gold/Copper","1","never_researched"
"Kamaluba Youth Mult-purpose Cooperative Society Limited","gold","7","1","1","Iron Ore/Lead/Silver","1","never_researched"
"Kalundu Minerals Limited","gold","7","1","1","Gold","1","never_researched"
"Kambishi Multi-purpose Co-operative Society Limited","gemstones","7","1","1","Emerald/Copper/Cobalt","0","never_researched"
"Sitepe Cooperative Society Limited","gemstones","7","1","1","Manganese/Malachite/Nickel","0","never_researched"
"Kakafita Multi-Purpose Co-Operative Society Limited","base_metals","7","1","1","Iron Ore/Zinc/Cobalt","0","researched_no_channel"
"Kamdothi Mining Cooperative","gemstones","7","1","1","Silver/Tourmaline/Gold","1","never_researched"
"Kalumbila Multi-purpose Cooperative Society","gemstones","7","1","1","Limestone (General)/Iron Ore/Anhydrite","1","never_researched"
"Kalonga Community Muilti-Purpose Co-operative Society","critical_battery","7","1","1","Silver/Tin/Zinc","1","researched_no_channel"
"JIYAD INVESTMENTS LIMITED","gold","7","1","1","Gold","1","never_researched"
"Jesmu Industry Company Limited","base_metals","7","1","1","Malachite/Mineral Sands/Sand","1","never_researched"
"Jungle Lion Mining Co-operative","gold","7","1","1","Gold/Copper/Cobalt","0","never_researched"
"Jach Multi-Purpose Cooperative","critical_battery","7","1","1","Lead/Manganese/Zinc","1","never_researched"
"Jesu Multi Purpose Cooperative Society Limited","gold","7","1","1","Gold/Copper","1","never_researched"
"Sunrain Purifield Construction Ltd","construction_materials","7","1","1","Granite","1","researched_no_channel"
"Kasafya Youth Multi-purpose Co-operative Society Limited","critical_battery","7","1","1","Manganese/Copper/Cobalt","1","never_researched"
"kachiba-biyo Multipurpose Cooperative Society","gemstones","7","1","1","Lithium/Gemstones/Tin","0","never_researched"
"Southern Minerals And Mining Cooperative Society Limited","gemstones","7","1","1","Quartz/Manganese/Lithium","1","never_researched"
"Kajila-Nkeke Mining Multi-Purpose Co-Operative Society Limited","critical_battery","7","1","1","Nickel/Magnesite/Quartz","0","researched_no_channel"
"Kapanda Maano Multi- Purpose Co-operative Society Limited","critical_battery","7","1","1","Lead/Manganese/Zinc","0","never_researched"
"Kabipupu Multi Purpose Co-operative Society Limited","industrial_minerals","7","1","1","Silica/Stone/Sand and Gravel","1","researched_no_channel"
"speedy waters mining cooperative society ltd","critical_battery","7","1","1","Manganese/Gold/Copper","0","never_researched"
"Southern Minerals Co-operative Society Limited","construction_materials","7","1","1","Sand and Gravel/Granite/Crushed/Broken Stone","0","researched_no_channel"
"Sunshine Eagle Mining Ltd","gold","4","1","1","Gold/Silver/Cobalt","1","researched_no_channel"
"Stamojan Limited","unknown","4","1","0","","0","researched_no_channel"
"Doug Morgar Multi-Purpose Co-operative Society Limited","gemstones","3","1","1","Amethyst","0","never_researched"
"Kroup Mining and Processing Limited","base_metals","3","1","1","Copper/Cobalt","1","researched_no_channel"
"Twavwane Multi-Purpose Cooperative Society Limited","gemstones","3","1","1","Emerald/Diamond/Manganese","1","never_researched"
"City Multipurpose Cooperative Society","gemstones","3","1","1","Tin/Tantalum/Tungsten","1","researched_no_channel"
"Golden Bridge Investment Zambia Limited","base_metals","3","1","1","Lead/Zinc/Cobalt","1","researched_no_channel"
"Silchil Construction Solutions Ltd","construction_materials","3","1","1","Sandstone/Lightweight Aggregate","0","researched_no_channel"
"Poly In Alliance Limited","base_metals","3","1","1","Copper","0","researched_no_channel"
"Kafunyi Mining Multi purpose Cooperative Society Limited","gold","3","1","1","Gold/Copper","1","researched_no_channel"
"IFTIN INVESTMENTS LIMITED","gold","3","1","1","Gold","1","never_researched"
"Champalesa Nemwine Multi-Purpose Co-operative Limited","gemstones","2","1","1","Gold/Mineral Sands/Amethyst","1","never_researched"
"Musanza Exploration and Mining Co-operative Society Limited","construction_materials","2","1","1","Stone/Granite","1","researched_no_channel"
"RIVA INVESTMENTS LIMITED","gold","2","1","1","Gold","0","never_researched"
"Kachoma Mining Cooperative Society Limited","gemstones","2","1","1","Silver/Nickel/Manganese","0","never_researched"
"KUKUMBA NA KULIMA MULTI-PURPOSE CO-OPERATIVE SOCIETY LIMITED","gemstones","2","1","1","Palladium/Nickel/Manganese","0","never_researched"
"Blue Dream Investment Limited","industrial_minerals","2","1","1","Laterite/Limestone (General)/Dolomite","1","researched_no_channel"
"Kaka Eagles Eye Investment Limited","critical_battery","2","1","0","Manganese/Copper","0","researched_no_channel"
"SHABEELE GOLD INVESTMENTS LIMITED","critical_battery","2","1","1","Gold/Manganese/Cobalt","1","never_researched"
"Irchi Investment Limited","gemstones","1","1","1","Emerald/Beryllium/Aquamarine","0","never_researched"
"Tianyu Mining Zambia Limited","industrial_minerals","1","1","1","Limestone (General)/Granite/Dolomite","1","researched_no_channel"
"Sckm Mining Company Limited","gemstones","1","1","0","Emerald","1","never_researched"
