"holder","holder_class","segment","licenses","mining_lics","hectares","main_commodities","lics_in_default_2025","lics_cancelled_2024"
"Timna Valley Resources Limited","organization","gemstones","3","0","1417","Iron Ore/Gold/Copper","0","1"
"Nyengo Resources Limited","organization","critical_battery","3","0","174","Iron Ore/Fluorine-Fluorite/Coal","0","0"
"Giemme Zambia Limited","organization","gemstones","3","0","314","Silver/Quartz/Silica","1","3"
"Rajeshwari Resources Limited","organization","critical_battery","3","0","1471","Lead/Manganese/Zinc","2","2"
"Vitumbo Investments Limited","organization","gemstones","3","0","1381","Gold/Copper/Rare EarthsElements","0","0"
"Clarma Resources Limited","organization","gemstones","3","0","1036","Cobalt/Gold/Iron Ore","2","0"
"Nyolelo Investments Limited","organization","industrial_minerals","3","0","1539","Limestone (General)/Feldspar/Clay (General)","1","0"
"Sidhi Vinayak Base Metal Limited","organization","critical_battery","3","0","1106","Manganese","0","0"
"Chazychilz Investments Limited","organization","gemstones","3","0","1043","Gold/Iron Ore/Copper","2","0"
"Gold Lookers Mining Limited","organization","critical_battery","3","0","1053","Manganese/Tin/Iron Ore","1","0"
"Divine Mimuvelyn Mining and Exploration Company  Limited","organization","critical_battery","3","0","1006","Lead/Manganese/Silver","3","0"
"Brimamwa Mining and Explorations Limited","organization","critical_battery","3","0","1592","Gold/Lead/Manganese","1","3"
"Garuda Resources Limited","organization","gemstones","3","0","159","Manganese/Iron Ore/Quartz","3","0"
"Red Copper Resources Limited","organization","critical_battery","3","0","1255","Silver/Gold/Copper","2","2"
"Nachibila Resources Limited","organization","gemstones","3","0","299","Gold/Tourmaline/Cobalt","1","0"
"AMS Commodities Limited","organization","critical_battery","3","0","1160","Copper/Silver/Zinc","1","1"
"Minol Insights Investments Limited","organization","gemstones","3","0","1531","Emerald/Diamond","1","1"
"Inchkwakwa Enterprises Limited","organization","gemstones","3","0","439","Iron Ore/Malachite/Nickel","1","0"
"Xtract Mines and Mineral Resources Limited","organization","critical_battery","3","0","1247","Manganese/Gypsum/Anhydrite","1","0"
"Zohara Mining Limited","organization","critical_battery","3","0","1237","Iron Ore/Manganese/Gold","0","0"
"A.Argente and Company Limited","organization","critical_battery","3","0","1318","Iron Ore/Manganese/Gold","1","0"
"Chalemba Investments Limited","organization","gemstones","3","0","1219","Iron Ore/Lithium/Copper","2","0"
"Trustnet Consultancy Limited","organization","gemstones","2","0","3962","Iron Ore/Manganese/Gold","1","0"
"KLR Drilling Technologies Limited","organization","critical_battery","2","0","3084","Nickel/Manganese/Zinc","0","0"
"Copperbelt University Investments Holdings Limited","organization","critical_battery","2","0","8242","Manganese","0","2"
"CQL Investments Zambia Limited","organization","gemstones","2","0","7165","Copper/Cobalt/Coal","0","0"
"Monoliths Mining Group Limited","organization","gemstones","2","0","9432","Iron Ore/Gold/Zinc","0","0"
"Busanya Mining Limited","organization","gemstones","2","0","309","Manganese/Copper/Cobalt","0","0"
"Mojo Commodities Limited","organization","gold","2","0","497","Gold/Copper/Iron Ore","2","0"
"Edenvale Investments Limited","organization","gemstones","2","0","7066","Quartz/Zinc/Gold","0","0"
"RockModeller Company Limited","organization","gemstones","2","0","7907","Gold/Copper/Cobalt","0","0"
"JOUVENCE PETROLEUM ZAMBIA LIMITED","organization","gemstones","2","0","10603","Gold/Tourmaline/Manganese","0","0"
"TUGWASHANE MINING LIMITED","organization","critical_battery","2","0","12145","Copper/Coal/Zinc","0","0"
"Northern Salt Limited","organization","gemstones","2","0","596","Lead/Iron Ore/Granite","2","0"
"Mother Land Resources Limited","organization","critical_battery","2","0","1723","Granite/Limestone (General)/Nickel","1","0"
"Freshstart Emerald Mining Limited","organization","gemstones","2","0","1820","Limestone (General)/Anhydrite/Tourmaline","1","1"
"Kounnas Zambia Limited","organization","critical_battery","2","0","3876","Nickel/Silver/Gold","1","0"
"Josmas Enterprises Limited","organization","gemstones","2","0","10293","Copper/Coal/Beryllium","1","0"
"Morton Enterprises Limited","organization","critical_battery","2","0","8835","Manganese/Zinc/Copper","0","0"
"TRISHUL MINES AND MINERALS LIMITED","organization","gemstones","2","0","1508","Malachite/Manganese/Zinc","0","0"
"Mwakabanga Investments","organization","gemstones","2","0","507","Gold/Lead/Nickel","2","0"
"Mountlisa Minerals Limited","organization","gemstones","2","0","239","Iron Ore/Lead/Gypsum","0","0"
"Freshpoint Mining Enterprises & General Suppliers Limited","organization","gemstones","2","0","1300","Gold/Copper/Amethyst","2","0"
"Freeway Minerals Limited","organization","gemstones","2","0","866","Copper/Cobalt/Tourmaline","1","0"
"Mobile Shaft Metals Limited","organization","critical_battery","2","0","1661","Iron Ore/Anhydrite/Manganese","2","1"
"Bomal Mining & Agriculture Enterprises Limited","organization","gemstones","2","0","1369","Tin/Tourmaline/Tungsten","0","0"
"Industrial Resources Limited","organization","critical_battery","2","0","2790","Malachite/Silver/Gold","0","0"
"BLS Mining Limited","organization","critical_battery","2","0","1649","Lead/Manganese/Zinc","0","0"
"Mirene Investments Limited","organization","gemstones","2","0","510","Quartz/Garnet","0","0"
"USHA INVESTMENT LIMITED","organization","gemstones","2","0","7366","Emerald/Quartz/Rare EarthsElements","0","0"
"Ushi Logistics Limited","organization","gemstones","2","0","617","Platinum/Quartz/Niobium (Columbium)","2","0"
"Ecomine Exploration Company Limited","organization","gemstones","2","0","992","Copper/Iron Ore/Tantalum","0","0"
"Vatech Limited","organization","critical_battery","2","0","900","Malachite/Limestone (General)/Nickel","0","0"
"Ilola Investments Limited","organization","critical_battery","2","0","4807","Manganese/Limestone (General)/Zinc","1","0"
"Geofreight Clearing, Forwarding and Trucking Limited","organization","critical_battery","2","0","2415","Manganese/Silver/Tin","0","0"
"Mineworth Investments Limited","organization","critical_battery","2","0","1099","Iron Ore/Nickel/Zinc","0","0"
"Mingi Investments Holdings Limited","organization","critical_battery","2","0","2714","Copper/Talc-Soapstone/Gold","1","1"
"Lemba Resources Limited","organization","gold","2","0","1334","Gold/Cobalt/Iron Ore","2","0"
"Ofia Investments Limited","organization","critical_battery","2","0","8794","Nickel/Silver/Gold","1","0"
"Geejoyblo Mining Company Limited","organization","critical_battery","2","0","528","Nickel/Manganese/Zinc","2","0"
"Kuzata Investments Limited","organization","critical_battery","2","0","1364","Manganese/Nickel/Silver","0","0"
"NUBIACREEK RESOURCES LIMITED","organization","critical_battery","2","0","3393","Gold/Quartz/Cobalt","1","0"
"Jufa Transport & Logistics Limited","organization","critical_battery","2","0","2885","Silver/Zinc/Gold","0","0"
"Mlema Mining Limited","organization","critical_battery","2","0","199","Tantalum/Manganese/Zinc","1","0"
"Cz Environmental Solutions Limited","organization","gemstones","2","0","13499","Quartz/Precious Gems/Rare EarthsElements","2","0"
"D.M Transport & Logistics Limited","organization","gemstones","2","0","2344","Rare EarthsElements/Quartz/Manganese","1","0"
"Interprochan Developments Limited","organization","gemstones","2","0","15732","Limestone (General)/Lead/Iron Ore","1","0"
"Misoler Investment Limited","organization","critical_battery","2","0","2371","Manganese/Silver/Zinc","1","0"
"Uniturtle Industries Zambia Limited","organization","industrial_minerals","2","0","222","Limestone (General)/Dolomite","1","1"
"Langtasee Mining Company Limited","organization","gemstones","2","0","666","Iron Ore/Manganese/Gold","2","0"
"Mitchell Cotts Mining Limited","organization","gemstones","2","0","1965","Lithium/Quartz/Tourmaline","0","0"
"Uni-African Mining and Energy Corporation Limited","organization","gemstones","2","0","7949","Iron Ore/Lead/Zinc","1","0"
"MJK Resources Zambia Limited","organization","critical_battery","2","0","711","Lithium/Manganese/Gold","1","0"
"Kameha Resources Limited","organization","gemstones","2","0","3963","Coal/Amethyst/Zinc","0","0"
"Jamboree Investments Limited","organization","critical_battery","2","0","1946","Nickel/Manganese/Zinc","2","2"
"Mulundu Mineral Resources Limited","organization","gemstones","2","0","1109","Gold/Nickel/Silver","1","0"
"Fahrenheit Twenty Four Limited","organization","gemstones","2","0","12185","Gold/Iron Ore/Cobalt","0","0"
"STREET WISE MINING LIMITED","organization","gemstones","2","0","1610","Manganese/Gold/Copper","1","0"
"Mutivals Company Limited","organization","critical_battery","2","0","1458","Manganese/Gold/Copper","1","0"
"Chipanshya Construction Limited; Chipanshya Construction Limited","organization","critical_battery","2","0","1869","Gold/Copper/Cobalt","1","0"
"Chipepo Aquaculture and Tourism Enterprise Limited","organization","critical_battery","2","0","6728","Gold/Copper/Manganese","1","0"
"Sandspring Ventures Limited","organization","gemstones","2","0","1396","Manganese/Lead/Silver","0","0"
"China Zhong Yuan International Limited","organization","critical_battery","2","0","1136","Manganese/Silver/Lead","2","0"
"Feliz Mineral Resources Limited","organization","critical_battery","2","0","9638","Iron Ore/Lead/Gold","0","0"
"Feldon & Camara Mining Limited","organization","critical_battery","2","0","5984","Nickel/Zinc/Iron Ore","0","0"
"Salmar Zambia Limited","organization","gemstones","2","0","1525","Manganese/Limestone (General)/Lead","1","0"
"Clito Construction Limited","organization","critical_battery","2","0","5025","Iron Ore/Manganese/Zinc","2","0"
"Tangshan Resources Limited","organization","critical_battery","2","0","1854","Lithium/Limestone (General)/Molybdenum","0","0"
"Jilham Civil Cross Engineering Limited","organization","gemstones","2","0","12431","Nickel/Molybdenum/Gold","2","0"
"FEDAR INVESTMENT COMPANY LIMITED","organization","gemstones","2","0","1336","Coal/Amethyst/Granite","0","0"
"Stonecore Mine Limited","organization","gemstones","2","0","1202","Titanium/Tantalum/Sugilite","0","0"
"Sun Avenue Partners Corp Zambia Limited","organization","critical_battery","2","0","4543","Silver/Zinc/Gold","1","0"
"Epic Solutions Limited","organization","critical_battery","2","0","6270","Gold/Copper/Cobalt","2","0"
"KAPICHILA INVESTMENTS LIMITED","organization","gemstones","2","0","1351","Zinc/Malachite/Nickel","2","0"
"Chitubula Investments Limited","organization","gemstones","2","0","7638","Gold/Nickel/Copper","1","0"
"CHQI INVESTMENTS LIMITED","organization","gold","2","0","1475","Malachite/Gold/Copper","0","0"
"ENOSARS CONSTRUCTION LIMITED","organization","gemstones","2","0","1033","Manganese/Limestone (General)/Lead","0","0"
"Chumu Mining Company Limited","organization","gemstones","2","0","428","Diamond/Emerald/Cobalt","2","0"
"Karaka Mineral Resources Limited","organization","critical_battery","2","0","954","Gold/Silver/Cobalt","0","0"
"Kapesika Mining & Gold Processing","organization","gemstones","2","0","509","Gold/Lead/Copper","2","0"
"Musulumba Investments Limited","organization","critical_battery","2","0","11398","Gold/Copper/Iron Ore","2","0"
"Sapphire Mining Limited","organization","critical_battery","2","0","637","Iron Ore/Anhydrite/Manganese","2","2"
"Munyaka Investments Limited","organization","industrial_minerals","2","0","5333","Sand/Feldspar/Clay (General)","0","0"
"Summit Minerals Limited","organization","critical_battery","2","0","872","Silver/Zinc/Manganese","0","0"
"SDLG INVESTMENTS LIMITED","organization","critical_battery","2","0","1847","Manganese/Nickel/Zinc","1","0"
"Chisungusho Investments Limited","organization","critical_battery","2","0","1991","Silver/Quartz/Gold","2","1"
"Mupika Sericulture Company Limited","organization","industrial_minerals","2","0","1910","Silica/Feldspar/Clay (General)","0","0"
"Kaykas Investements Limited","organization","gemstones","2","0","864","Copper/Manganese/Rare EarthsElements","2","0"
"Kilajits Engineering & Logistics Zambia Limited","organization","critical_battery","2","0","5289","Lead/Copper/Cobalt","2","1"
"Flying Lion Mining Company Limited","organization","gemstones","2","0","1805","Manganese/Malachite/Nickel","0","0"
"S.One Enterprises Limited","organization","gemstones","2","0","2768","Iron Ore/Manganese/Zinc","0","0"
"Kilimanjaro Mining Limited","organization","gemstones","2","0","2147","Manganese/Lead/Quartz","0","0"
"Chao Chao Construction Limited","organization","gemstones","2","0","2098","Tin/Tantalum/Copper","1","0"
"Tinco Zambia Limited","organization","gemstones","2","0","815","Silver/Lithium/Lead","0","0"
"Kiddies University Limited","organization","critical_battery","2","0","5549","Manganese/Zinc/Gold","1","0"
"Flow Valve Limited","organization","gemstones","2","0","1311","Gold/Manganese/Zinc","2","1"
"Fouta Mining Limited","organization","gemstones","2","0","1798","Iron Ore/Lead/Manganese","0","0"
"Kings Centre Limited","organization","gold","2","0","554","Sand/Limestone (General)/Gravel","2","0"
"SGC Investments Limited","organization","critical_battery","2","0","14285","Lithium/Limestone (General)/Lead","0","0"
"Trendy Enterprises Limited","organization","critical_battery","2","0","1256","Lead/Limestone (General)/Manganese","2","0"
"Chambishi Milling Company Limited","organization","critical_battery","2","0","7193","Iron Ore/Manganese/Silver","2","0"
"S.B Mineral Resources Limited","organization","gemstones","2","0","1375","Rare EarthsElements/Manganese/Quartz","2","0"
"Kapinga and Sons Investments Limited","organization","gemstones","2","0","1689","Gold/Copper/Iron Ore","0","0"
"MSANZALA RESOURCES LIMITED","organization","gemstones","2","0","12175","Nickel/Manganese/Zinc","0","0"
"Elimoas Corporation Limited","organization","gold","2","0","8689","Iron Ore/Copper/Gold","2","0"
"CMRB Civil Service  and Consultancy Limited","organization","critical_battery","2","0","10561","Nickel/Lithium/Quartz","2","0"
"Stavin Investements Limited","organization","critical_battery","2","0","2056","Gold/Copper/Cobalt","2","2"
"Sacko Resources Limited","organization","critical_battery","2","0","1575","Lead/Nickel/Zinc","2","0"
"TECHPRO MINING LIMITED","organization","gemstones","2","0","1531","Iron Ore/Lead/Manganese","1","0"
"Chidunkulu  Resources Limited","organization","gemstones","2","0","5026","Lead/Manganese/Gold","2","0"
"Finest Mineral Resources Company Limited","organization","gemstones","2","0","4101","Gold/Copper/Amethyst","0","0"
"FIERCE DRAGON INVESTMENT LIMITED","organization","critical_battery","2","0","1382","Tungsten/Tin/Niobium (Columbium)","0","0"
"Muchenge African Power Traders International Limited","organization","gemstones","2","0","520","Nickel/Iron Ore/Silver","2","0"
"Jomoas Corporation Limited","organization","gold","2","0","11642","Gold/Cobalt/Copper","2","0"
"Muchaba Enterprises Company Limited","organization","energy_minerals","2","0","956","Limestone (General)/Sand/Molding","1","0"
"Muchenga Resources Limited","organization","critical_battery","2","0","1964","Zinc/Iron Ore/Lead","2","0"
"Jeal Investments Limited","organization","gemstones","2","0","15770","Iron Ore/Gold/Copper","0","0"
"Kerson Resources Limited","organization","gemstones","2","0","1235","Malachite/Manganese/Lead","1","0"
"Chem Mining Limited","organization","gold","2","0","12020","Gold/Copper/Anhydrite","1","0"
"Nkuti Ventures Limited","organization","gemstones","2","0","4718","Manganese/Gold/Copper","0","0"
"ALDI Agro  and General Dealers Zambia Limited","organization","gemstones","2","0","1329","Quartz/Gold/Zinc","2","0"
"Grassburg Mining Limited","organization","critical_battery","2","0","8117","Manganese/Silver/Zinc","2","0"
"Prowave  Investments  Limited","organization","gold","2","0","298","Gold/Copper/Cobalt","2","0"
"Lumuno Enterprises Limited","organization","gemstones","2","0","1350","Iron Ore/Tourmaline/Gold","2","2"
"Alliance Minerals Limited","organization","gemstones","2","0","1754","Manganese/Silver/Zinc","2","1"
"Lulea Mining Engineering Limited","organization","industrial_minerals","2","0","1907","Limestone (General)/Kaolin/Silica","1","0"
"Hillington Mining Zambia Limited","organization","critical_battery","2","0","12955","Nickel/Manganese/Silver","0","0"
"Paradime Corporation Limited","organization","gemstones","2","0","6876","Gold/Iron Ore/Rare EarthsElements","0","0"
"Marengo Limited","organization","critical_battery","2","0","2179","Lithium/Limestone (General)/Lead","2","0"
"PRIMEQUEST MINERALS LIMITED","organization","gemstones","2","0","7205","Titanium/Nickel/Coal","2","0"
"Mara Benefit Logistics Limited","organization","gemstones","2","0","60","Nickel/Manganese/Zinc","0","0"
"Kabundi Minerals Limited","organization","gemstones","2","0","900","Iron Ore/Manganese/Copper","0","0"
"Hexagon Investments Limited","organization","gemstones","2","0","195","Emerald/Beryllium","1","0"
"Zambian Limo Tours & Travel Limited","organization","gemstones","2","0","233","Limestone (General)/Manganese/Quartz","2","0"
"Maretec Investments Limited","organization","critical_battery","2","0","1752","Gold/Copper/Cobalt","2","0"
"Alois Enterprise  Limited","organization","gemstones","2","0","227","Emerald","0","0"
"Hommies Investments Limited","organization","gemstones","2","0","6116","Gold/Manganese/Cobalt","2","0"
"Gotrays Mining Zambia Limited","organization","critical_battery","2","0","2410","Silver/Manganese/Zinc","1","0"
"Panda Mineral Resources Limited","organization","critical_battery","2","0","14046","Silver/Gold/Copper","1","0"
"Lukabu Westlake enterprises","organization","gemstones","2","0","1818","Iron Ore/Lead/Gold","0","0"
"Yang Mining Company Limited","organization","critical_battery","2","0","1601","Lead/Zinc/Gold","1","1"
"Anointed Mining and Drilling Company Limited","organization","gold","2","0","7557","Gold/Platinum/Cobalt","2","0"
"Qomolangma Resources Limited","organization","critical_battery","2","0","220","Tin/Zinc/Copper","2","0"
"AMPERSAND INVESTMENTS LIMITED","organization","gemstones","2","0","15717","Gold/Cobalt/Copper","1","0"
"AMADON INVESTMENT LIMITED","organization","base_metals","2","0","543","Limestone (General)/Sand/Feldspar","0","0"
"Gracious Green Farm Limited","organization","critical_battery","2","0","7959","Lead/Iron Ore/Zinc","0","0"
"Kainshen Investments Limited","organization","critical_battery","2","0","4419","Silver/Nickel/Gold","2","0"
"YUE ZAN MINING COMPANY LIMITED","organization","gemstones","2","0","12161","Gold/Copper/Platinum","0","0"
"Amoho Mining Limited","organization","gemstones","2","0","183","Gold/Rare EarthsElements/Cobalt","2","0"
"LUKANKO INVESTMENTS LIMITED","organization","gemstones","2","0","14174","Zinc/Copper/Gold","0","0"
"Amet Mining Zambia Limited","organization","critical_battery","2","0","4721","Quartz/Limestone (General)/Lead","2","0"
"Zhonghui Mining Group Limited","organization","gold","2","0","2558","Gold/Copper/Cobalt","0","0"
"Hamsa Resources Limited","organization","critical_battery","2","0","7691","Gold/Silver/Cobalt","0","0"
"Zimasi Resources Limited","organization","critical_battery","2","0","265","Iron Ore/Gold/Copper","1","0"
"HAMBURG EXPLORATION LIMITED","organization","gemstones","2","0","1764","Gold/Tin/Sugilite","0","0"
"Aeon Engineering Limited","organization","critical_battery","2","0","1064","Gold/Copper/Nickel","1","0"
"Pigeon Mineral Resources Limited","organization","gemstones","2","0","1352","Tourmaline/Garnet/Quartz","2","0"
"Manasa Mining Associates Limited","organization","gemstones","2","0","5474","Quartz/Nickel/Zinc","0","0"
"Zincom Mineral Resources Limited","organization","critical_battery","2","0","706","Manganese/Lead/Zinc","1","0"
"Makgowan Resources Limited","organization","critical_battery","2","0","1057","Granite/Iron Ore/Manganese","0","0"
"Plate Techtonics Zambia Limited","organization","gemstones","2","0","439","Lead/Limestone (General)/Anhydrite","0","0"
"Silgram Energy and Mining Suppliers Limited","organization","critical_battery","2","0","624","Gold/Copper/Cobalt","0","0"
"Abdahom Mining Limited","organization","critical_battery","2","0","12073","Iron Ore/Anhydrite/Manganese","0","2"
"Hanfu Mining Company Limited","organization","gemstones","2","0","6931","Gold/Silver/Copper","0","0"
"Abilene Mining Limited","organization","gemstones","2","0","15774","Iron Ore/Zinc/Gold","0","1"
"Maliot Goldhill Zambia Limited","organization","critical_battery","2","0","15091","Gold/Lead/Cobalt","1","2"
"Haizhou Mining Resources Co. Limited","organization","gold","2","0","1104","Iron Ore/Silver/Gold","1","0"
"Afrix Enterprises Limited","organization","gold","2","0","394","Iron Ore/Silver/Titanium","2","0"
"Zam-Kirin Mining Limited","organization","gemstones","2","0","1436","Quartz/Tourmaline/Aquamarine","2","0"
"Zamland Resources Management Limited","organization","gemstones","2","0","5162","Zinc/Silver/Aquamarine","2","0"
"SIMBARA MINING LIMITED","organization","gemstones","2","0","59","Aquamarine/Amethyst/Zinc","0","0"
"DINS Ventures Limited","organization","gemstones","2","0","7427","Coal/Lithium/Mica","0","0"
"Afwino Investment Limited","organization","gemstones","2","0","14279","Iron Ore/Lead/Tourmaline","0","0"
"SIMWAMI MINERAL RESOURCES LIMITED","organization","gold","2","0","2385","Gold/Iron Ore/Cobalt","0","0"
"Zamqlik Logistics Limited","organization","critical_battery","2","0","5062","Iron Ore/Nickel/Gold","1","0"
"Simba Venture Limited","organization","gemstones","2","0","398","Iron Ore/Zinc/Manganese","1","0"
"Mango Grove Investments Limited","organization","critical_battery","2","0","1159","Lead/Quartz/Zinc","2","2"
"Silondwa Safaris Limited","organization","gold","2","0","1816","Iron Ore/Gold/Copper","0","0"
"Zamtech Minerals Limited","organization","critical_battery","2","0","1340","Molybdenum/Silver/Tin","2","0"
"Headframe Resources (Z) Ltd","organization","critical_battery","2","0","15341","Rare EarthsElements/Nickel/Zinc","1","1"
"Africoin Investment Limited","organization","gemstones","2","0","1229","Copper/Gold/Aquamarine","2","0"
"Simba Ventures Limited","organization","critical_battery","2","0","1631","Lead/Manganese/Zinc","1","0"
"Kalundu Student Hostel Limited","organization","gemstones","2","0","6958","Zinc/Limestone (General)/Copper","1","0"
"Shimumu Investment Limited","organization","critical_battery","2","0","988","Quartz/Zinc/Manganese","2","0"
"Bangaram Mining Limited","organization","gemstones","2","0","1297","Iron Ore/Zinc/Manganese","2","0"
"Wamar Mining Consultancy Limited","organization","gemstones","2","0","2199","Aquamarine/Amethyst/Zinc","0","0"
"Baza Resources Limited","organization","critical_battery","2","0","690","Zinc/Manganese/Lead","1","0"
"Beagem Mining Limited","organization","gemstones","2","0","167","Quartz/Emerald","2","0"
"Batizateck Youth Investments Limited","organization","gemstones","2","0","89","Copper/Cobalt/Gold","0","0"
"REDSTONE MACHINERY COMPANY","organization","critical_battery","2","0","1883","Manganese/Rare EarthsElements/Zinc","2","0"
"Reality Real Estate Limited","organization","gemstones","2","0","127","Emerald/Beryllium","1","0"
"Liuzh Company Limited","organization","gemstones","2","0","7911","Copper/Gold/Aquamarine","2","0"
"Eastern Granites Limited","organization","gold","2","0","15082","Limestone (General)/Gold/Amazonite","1","1"
"MWILA  J. CIVILS LIMITED","organization","gemstones","2","0","976","Limestone (General)/Malachite/Manganese","0","0"
"WANHAO MINING ZAMBIA LIMITED","organization","gemstones","2","0","409","Copper/Tantalum/Quartz","0","0"
"Day Break Mining and Exploration Limited","organization","critical_battery","2","0","197","Malachite/Lead/Iron Ore","0","0"
"Litinta Resources Limited","organization","critical_battery","2","0","12237","Copper/Cobalt/Manganese","0","0"
"Glemo Investments Limited","organization","critical_battery","2","0","1359","Zinc/Malachite/Nickel","1","0"
"Sookol Enterprises Limited","organization","gemstones","2","0","406","Nickel/Gold/Zinc","2","0"
"Betamin Investments Limited","organization","gemstones","2","0","3056","Talc-Soapstone/Granite/Limestone (General)","1","0"
"Millenium Business systems Ltd","organization","critical_battery","2","0","3314","Manganese/Gold/Niobium (Columbium)","2","1"
"Vietnam Zambia Corporation Limited","organization","critical_battery","2","0","14468","Nickel/Quartz/Silver","2","0"
"BHASCORE MINING ZAMBIA LIMITED","organization","critical_battery","2","0","5208","Iron Ore/Copper/Gold","0","0"
"Chrizo General Dealers Limited","organization","critical_battery","2","0","12943","Copper/Cobalt/Limestone (General)","0","0"
"lianneng mining limited","organization","gemstones","2","0","5199","Gold/Anhydrite/Gypsum","0","0"
"Geonatics Investment Limited","organization","gemstones","2","0","3529","Tin/Tantalum/Quartz","0","0"
"RENES MINING LIMITED","organization","gemstones","2","0","631","Copper/Zinc/Tourmaline","0","0"
"LIGHTSTONE MINING COMPANY LIMITED","organization","critical_battery","2","0","517","Tantalum/Tin/Rare EarthsElements","0","0"
"Mijeko Mining Limited","organization","critical_battery","2","0","4729","Manganese/Nickel/Iron Ore","0","0"
"Vortexzam Import and Export Limited","organization","gemstones","2","0","401","Gold/Silver/Copper","2","0"
"Gesso Mining And Investments Limited","organization","gold","2","0","497","Gold/Copper/Cobalt","2","0"
"Kamamu Engineering Limited","organization","industrial_minerals","2","0","293","Limestone (General)/Marble/Dolomite","2","0"
"Bema Mining Services Limited","organization","gemstones","2","0","1526","Cobalt/Gold/Copper","1","0"
"Vista Cotlands Consultants Limited","organization","critical_battery","2","0","1074","Nickel/Silver/Zinc","1","2"
"SKY AKM Trading Limited","organization","critical_battery","2","0","5512","Platinum/Lead/Zinc","2","0"
"Athena Investments Limited","organization","gold","2","0","1069","Iron Ore/Silver/Gold","2","2"
"Xanadu Commodities Limited","organization","critical_battery","2","0","4798","Nickel/Manganese/Gold","0","0"
"Wila Mining Solutions Limited","organization","critical_battery","2","0","602","Zinc/Gold/Copper","0","0"
"Myala City Company Limited","organization","base_metals","2","0","170","Granite/Copper","1","1"
"Athena Energy Limited","organization","critical_battery","2","0","10475","Lead/Manganese/Zinc","0","0"
"Wilna Enterprises Limited","organization","critical_battery","2","0","1005","Iron Ore/Manganese/Quartz","2","0"
"Hot-Spring Oils Company Limited","organization","critical_battery","2","0","8225","Lead/Manganese/Zinc","1","0"
"Myanango Enterprises Company Limited","organization","industrial_minerals","2","0","8089","Silica/Granite","2","0"
"SIRMUSA MINERALS LIMITED","organization","gemstones","2","0","67","Manganese/Silver/Zinc","0","0"
"Earthshine Mining Corporation Limited","organization","critical_battery","2","0","9749","Copper/Gold/Niobium (Columbium)","0","0"
"Pamodzi Investments Limited","organization","gemstones","2","0","1082","Copper/Gold/Silver","0","0"
"Luban Engineering Zambia Limited","organization","gemstones","2","0","1237","Iron Ore/Nickel/Gold","0","0"
"Sinseong Development Company Limited","organization","gemstones","2","0","11053","Gold/Copper/Cobalt","0","1"
"Meadow Processing Technologies Limited","organization","gemstones","2","0","277","Quartz/Rare EarthsElements/Manganese","0","0"
"MERACLUS INVESTMENTS LIMITED","organization","gemstones","2","0","1997","Copper/Gold/Nickel","0","0"
"Weleyange Investment Limited","organization","gemstones","2","0","322","Sand and Gravel/Feldspar/Beryllium","0","0"
"Orbit Drilling and Exploration Limited","organization","critical_battery","2","0","183","Lead/Manganese/Zinc","2","2"
"Xingstone Resources Limited","organization","gemstones","2","0","977","Quartz/Tourmaline/Zinc","2","2"
"Longvee Mining Limited","organization","critical_battery","2","0","1970","Copper/Cobalt/Gold","0","0"
"Negro F-Solutions Limited","organization","critical_battery","1","0","952","Manganese/Lead/Zinc","1","0"
"New Generation Invesment Limited","organization","gemstones","1","0","642","Rare EarthsElements/Niobium (Columbium)/Nickel","0","0"
"Pinak Resources Zambia Limited","organization","critical_battery","1","0","28644","Lead/Manganese/Iron Ore","0","0"
"NELEMU MULTI-PURPOSE  CO-OPERATIVE LIMITED","organization","gemstones","1","1","7","Lead/Iron Ore/Anhydrite","0","0"
"NATRAJ MINING AND MINERALS LIMITED","organization","critical_battery","1","0","9524","Limestone (General)/Manganese/Iron Ore","0","0"
"New Generation Multi-purpose Co-operative Society Limited","organization","gemstones","1","1","7","Emerald/Copper/Cobalt","0","0"
"NAVEX MINING AND CONTRACTORS LIMITED","organization","critical_battery","1","0","3530","Nickel/Malachite/Zinc","0","0"
"Natural Precious Resources Company Limited","organization","critical_battery","1","0","8231","Nickel/Molybdenum/Silver","0","0"
"Nasteho Investment Limited","organization","gold","1","1","10","Gold/Copper","0","0"
"Nelna Suppliers and General Works Limited","organization","critical_battery","1","0","8220","Quartz/Nickel/Manganese","0","0"
"NEWCORE MINING ZAMBIA LIMITED","organization","gemstones","1","0","20028","Malachite/Manganese/Lead","0","0"
"Navratan Enterprise Limited","organization","critical_battery","1","0","46605","Nickel/Manganese/Silver","0","0"
"Naoje Boarder World Zambia Limited","organization","critical_battery","1","0","749","Quartz/Rare EarthsElements/Nickel","1","0"
"New Power Industries Limited","organization","gemstones","1","0","4490","Manganese/Limestone (General)/Lead","1","0"
"New Norodom Mines Limited","organization","gemstones","1","1","13","Emerald/Beryllium","1","1"
"Ndodzomuyaco Mining Limited","organization","gemstones","1","1","144","Emerald/Beryllium","1","1"
"Nantube Investment Limited","organization","gold","1","0","651","Phosphorus-Phosphates/Quartz/Gold","0","0"
"namundela mining co-operative society limited","organization","gemstones","1","1","7","Gold/Emerald/Manganese","1","0"
"Naneson Enterprise Limited","organization","critical_battery","1","0","2489","Manganese/Lead/Nickel","1","0"
"Newhorizons Mineral Resources Limited","organization","critical_battery","1","0","234","Nickel/Silver/Zinc","0","0"
"Newcrest Mining Limited","organization","critical_battery","1","0","1869","Manganese/Iron Ore/Silver","1","1"
"Nathania Investments Limited","organization","gold","1","0","393","Gold/Malachite/Copper","1","0"
"Ndulumba Mines Limited","organization","gemstones","1","1","110","Emerald","1","1"
"Newcrest Lime Limited","organization","industrial_minerals","1","1","92","Limestone (General)","1","0"
"Nebula Mining Limited","organization","critical_battery","1","0","878","Manganese/Quartz/Copper","0","0"
"New Decade Mining and Exploration Limited","organization","critical_battery","1","0","280","Iron Ore/Manganese/Gold","1","0"
"Overland Supplies Limited","organization","gemstones","1","0","3804","Quartz/Rare EarthsElements/Tourmaline","1","0"
"Overseas Minerals And Metals Mining Limited","organization","critical_battery","1","0","18766","Nickel/Manganese/Limestone (General)","0","0"
"Orin Resources Limited","organization","gold","1","1","13","Silver/Gold/Copper","0","0"
"OSCOL Zambia Limited","organization","gemstones","1","0","939","Nickel/Manganese/Lithium","0","0"
"P & C PRACH INVESTMENTS ZAMBIA LIMITED","organization","critical_battery","1","0","48014","Iron Ore/Manganese/Zinc","0","0"
"Palosha Investments Limited","organization","gemstones","1","0","910","Tantalum/Quartz/Tourmaline","0","1"
"Pamabwe Minerals Limited","organization","gemstones","1","0","673","Iron Ore/Gold/Tourmaline","0","0"
"Pachida Mining Cooperative Society Limited","organization","gemstones","1","1","7","Iron Ore/Quartz/Tourmaline","1","0"
"Pact Mineral Resources Limited","organization","gemstones","1","0","482","Silver/Titanium/Zinc","1","0"
"ONKOT SOLUTIONS LIMITED","organization","gold","1","1","7","Gold/Copper","1","0"
"Omni Contractors Limited","organization","critical_battery","1","0","19620","Manganese/Silver/Zinc","1","0"
"OMNI METALS LIMITED","organization","critical_battery","1","0","39632","Manganese/Silver/Zinc","1","1"
"Omax Ferro Alloys Zambia Limited","organization","critical_battery","1","1","27","Manganese/Quartz/Copper","1","0"
"Omei Investments Limited","organization","gemstones","1","1","100","Emerald","1","1"
"One Candle (Zambia) Limited","organization","critical_battery","1","0","14025","Manganese/Lead/Nickel","0","0"
"One Stop Tyre Express Limited","organization","gold","1","0","50","Gold/Copper/Cobalt","0","0"
"Onkod Investments Limited","organization","gold","1","1","7","Gold/Copper","1","0"
"One Palm Mining Limited","organization","industrial_minerals","1","1","26","Limestone (General)","1","0"
"One Pride Small Mining limited","organization","critical_battery","1","1","83","Manganese/Lead/Zinc","1","1"
"PEOPLE'S MULTI- PURPOSE CO-OPERATIVE SOCIETY LIMITED","organization","gemstones","1","1","7","Nickel/Anhydrite/Zinc","0","0"
"Pereti Farming Limited","organization","critical_battery","1","0","648","Manganese/Silver/Uranium","1","0"
"Pensulo Ferro Alloys Limited","organization","critical_battery","1","0","945","Manganese/Quartz/Limestone (General)","0","0"
"Pentagon Resources Limited","organization","gold","1","0","5111","Phosphorus-Phosphates/Quartz/Limestone (General)","1","0"
"Petejax Thrill Limited","organization","gemstones","1","0","373","Manganese/Lead/Tourmaline","0","1"
"Picovolt Engineering Limited","organization","critical_battery","1","0","388","Quartz/Molybdenum/Rare EarthsElements","1","0"
"Pike Tech Engineering Limited","organization","critical_battery","1","0","461","Iron Ore/Manganese/Quartz","1","0"
"PETRUSHKA TRADING LINIITED","organization","gemstones","1","0","9097","Gold/Nickel/Diamond","0","0"
"Phillip Mining Cooperative Society Limited","organization","gemstones","1","1","7","Limestone (General)/Gold/Manganese","1","0"
"Penguin Resources Limited","organization","critical_battery","1","0","6255","Granite/Manganese/Silver","1","0"
"Pangeni Mineral Resources Limited","organization","gold","1","0","28913","Lead/Zinc/Gold","1","1"
"Panshi Zambian Mining Company Limited","organization","critical_battery","1","0","2674","Silver/Nickel/Tantalum","0","0"
"PAMU MINING LIMITED","organization","gold","1","0","53","Iron Ore/Zinc/Copper","0","0"
"Panamba Mining Limited","organization","gemstones","1","1","98","Emerald","0","0"
"Pantanshi Gold Limited","organization","gemstones","1","0","4128","Lead/Tin/Zinc","1","0"
"Paulgil Check Enterprises Limited","organization","gemstones","1","1","139","Emerald","1","1"
"PDV METALS LIMITED","organization","critical_battery","1","0","1832","Nickel/Lead/Zinc","0","0"
"Paragon   Exploration  and Mining Company Zambia  Limited","organization","gemstones","1","0","92","Iron Ore/Manganese/Zinc","1","0"
"Pasture Mining Company Limited","organization","gemstones","1","0","13488","Gold/Manganese/Copper","1","0"
"Olipe Investments Limited","organization","gemstones","1","0","23","Niobium (Columbium)/Nickel/Molybdenum","1","0"
"Nkana General Delalers Ltd","organization","gemstones","1","1","113","Emerald/Beryllium","0","0"
"Nkana Mining and Mineral Processing Limited","organization","base_metals","1","1","140","Copper/Cobalt","0","1"
"Nisco Industries Limited","organization","critical_battery","1","0","46167","Lead/Tungsten/Bismuth","1","0"
"NISS SKY Spares and Accessories (1996) Limited","organization","gemstones","1","0","67","Nickel/Manganese/Tourmaline","0","0"
"Nkanza Resources Limited","organization","critical_battery","1","0","22942","Lead/Nickel/Platinum","0","0"
"Nkisu Minerals and Mining Limited","organization","gold","1","0","20954","Platinum/Silica/Silver","1","1"
"Nkulundundu Multi-purpose Cooperative","organization","gold","1","1","7","Quartz/Silica/Zinc","0","0"
"Nkasekelela Multi-purpose cooperative society","organization","gemstones","1","1","7","Gold/Malachite/Copper","0","0"
"Nkasekelela Multi-purpose Cooperative Society Limited","organization","gold","1","1","7","Iron Ore/Lead/Silver","0","0"
"Nikars Mining Limited","organization","gemstones","1","0","2739","Manganese/Limestone (General)/Lead","1","0"
"Newport Marketing Company Limited","organization","gemstones","1","0","882","Iron Ore/Anhydrite/Gypsum","0","0"
"NGABWE KAPANDE MINING CO-OPERATIVE SOCIETY  LIMITED","organization","gemstones","1","1","7","Quartz/Manganese/Tin","0","0"
"Newlight Nominees Zambia Limited","organization","gold","1","0","25511","Limestone (General)/Silver/Zinc","1","0"
"Newmark Resources Limited","organization","gemstones","1","0","949","Manganese/Nickel/Anhydrite","1","0"
"N'gandu Mining Co-operative Society Limited","organization","gemstones","1","1","7","Iron Ore/Gravel/Lead","1","0"
"Nicho Cargo Services Limited","organization","gemstones","1","0","565","Iron Ore/Quartz/Zinc","0","0"
"Nicho Investments Limited","organization","critical_battery","1","0","395","Iron Ore/Manganese/Quartz","1","0"
"Ngucha Energy Corporation Limited","organization","critical_battery","1","0","42726","Nickel/Manganese/Platinum","1","1"
"Nguzu Mining Limited","organization","critical_battery","1","0","3228","Manganese/Silver/Zinc","1","0"
"Ntamba Mweru Copper Mine Limited","organization","gemstones","1","0","261","Manganese/Quartz/Tourmaline","1","0"
"Nthanda Investments Limited","organization","gemstones","1","0","6823","Anhydrite/Gypsum/Manganese","1","1"
"NSALU MINING LIMITED","organization","critical_battery","1","0","3405","Manganese/Nickel/Lead","0","0"
"Nsamba Farms Limited","organization","gold","1","0","569","Lead/Platinum/Zinc","1","0"
"NTHANZI MINERAL LIMITED","organization","gemstones","1","0","142","Rhodium/Rubidium/Malachite","0","0"
"Nyungu Artisanal Mining Multipurpose Co-operative Society Limited","organization","gold","1","1","7","Mineral Sands/Silica/Gold","1","0"
"Octane Investments Limited","organization","gemstones","1","0","718","Gold/Tourmaline/Aquamarine","1","0"
"NYAMAZA INVESTMENTS LIMITED","organization","gemstones","1","0","12037","Lead/Iron Ore/Nickel","1","0"
"Nyanswa Mining Multi-Purpose Co-Operative Society Limited","organization","gold","1","1","7","Iron Ore/Lead/Zinc","1","0"
"Novel Ferro Alloys Limited","organization","critical_battery","1","1","23","Manganese/Quartz/Iron Ore","1","1"
"Noralta Resources Limited","organization","gemstones","1","0","4253","Nickel/Lead/Quartz","0","0"
"Nordic Mineral Traders Limited","organization","critical_battery","1","1","13","Manganese/Zinc/Cobalt","1","0"
"NKUSULULU MULTPURPOSE CO-OPERATIVE SOCIETY LIMITED","organization","gemstones","1","1","7","Mineral Sands/Silver/Gold","0","0"
"NOK Mining Co-Operative Society Limited","organization","gemstones","1","1","7","Manganese/Granite/Tourmaline","1","0"
"North Gypsum Mining Limited","organization","gemstones","1","0","78318","Rare EarthsElements/Manganese/Silver","0","0"
"Nova Capital Solutions Limited","organization","gemstones","1","0","52295","Gravel/Iron Ore/Gold","0","0"
"Novatrade Investments Limited","organization","gemstones","1","0","88","Coal/Feldspar/Fluorine-Fluorite","0","0"
"Northcut Mining Limited","organization","gemstones","1","0","1146","Silver/Gold/Tin","1","0"
"Northdale Explorations & Logistics Limited","organization","industrial_minerals","1","0","979","Stone/Silica/Crushed/Broken Stone","0","0"
"Midstream Capital Limited","organization","critical_battery","1","0","1707","Manganese/Platinum/Tantalum","0","0"
"Midway Mining Limited","organization","critical_battery","1","0","523","Manganese/Malachite/Sand","0","0"
"MIAHS Auto and General Trading Limited","organization","critical_battery","1","0","3379","Lithium/Iron Ore/Manganese","1","0"
"Mfunshi Enterprise Limited","organization","critical_battery","1","0","519","Nickel/Malachite/Zinc","1","1"
"MGB Mining Limited","organization","gemstones","1","1","97","Emerald","1","1"
"Mighte General Dealers and Suppliers","organization","gold","1","0","359","Gold","0","0"
"Millenium Business Systems Limited","organization","gemstones","1","0","17","Quartz/Amethyst","0","1"
"Minache Resources Limited","organization","gold","1","0","282","Gold","0","0"
"Milindi Sanitation and General Dealers Limited","organization","gemstones","1","0","836","Quartz/Silver/Tourmaline","1","0"
"MIHA MINING INVESTMENT LIMITED","organization","gold","1","1","7","Gold","1","0"
"Mijo Mining Limited","organization","gold","1","0","550","Granite/Limestone (General)/Gold","0","0"
"Mfumu Property Group Limited","organization","critical_battery","1","0","14180","Gold/Fluorine-Fluorite/Quartz","0","0"
"Melzer Mining Limited","organization","gemstones","1","1","25","Emerald","1","1"
"Memory Kambulu Resources Limited","organization","gemstones","1","1","81","Tin/Quartz/Tungsten","1","1"
"Meltap Enterprise Limited","organization","gold","1","0","493","Anhydrite/Gypsum/Quartz","1","0"
"Melesa Mining Limited","organization","gemstones","1","0","83388","Manganese/Iron Ore/Tourmaline","0","0"
"MELKON MINERALS LIMITED","organization","critical_battery","1","0","572","Tantalum/Nickel/Uranium","0","0"
"Menel Energy & Resources Limited","organization","gold","1","0","96168","Lead/Quartz/Zinc","0","0"
"Metalix Mining Limited","organization","gemstones","1","0","6034","Limestone (General)/Anhydrite/Tantalum","0","1"
"Metmin Limited","organization","gemstones","1","0","1831","Talc-Soapstone/Silver/Rare EarthsElements","1","0"
"Merjun Explorations Limited","organization","gemstones","1","0","953","Diamond","1","0"
"Meraki Mining Limited","organization","gemstones","1","0","691","Manganese/Lead/Rare EarthsElements","0","0"
"Meridian Mining & Exploration Limited","organization","gemstones","1","0","44322","Gold/Lithium/Manganese","0","0"
"Mkushi Stones Zambia Limited","organization","gemstones","1","0","17322","Nickel/Manganese/Quartz","1","0"
"MLG Resources Limited","organization","industrial_minerals","1","0","353","Silica/Quartz","1","0"
"Mkumbacanoka Mining Co-operatives  Society Limited","organization","gemstones","1","1","7","Silica/Quartz/Manganese","0","0"
"Mitondo Mining Company Limited","organization","gemstones","1","1","88","Emerald/Beryllium","1","1"
"MJAC Minerals Company Limited","organization","gemstones","1","0","1288","Green tourmaline/Iron Ore/Quartz","0","0"
"Mlima Mining Investment Limited","organization","critical_battery","1","0","4792","Lead/Manganese/Zinc","1","1"
"Mokha Investment Zambia Limited","organization","critical_battery","1","0","517","Manganese/Iron Ore/Silver","1","0"
"Momentum  Mining Services  Limited","organization","critical_battery","1","0","32597","Nickel/Manganese/Zinc","1","0"
"Mofwe Gemstone mining","organization","gemstones","1","0","112","Emerald","0","0"
"MNS Global World import and Export Limited","organization","gemstones","1","0","2399","Nickel/Niobium (Columbium)/Kaolin","1","0"
"Moersis Enterprises Limited","organization","gemstones","1","0","239","Sand/Nickel/Manganese","0","0"
"Mistique Trading Limited","organization","critical_battery","1","0","1997","Manganese/Zinc/Gold","1","1"
"Minerals & Metals Corporation Zambia Limited","organization","gemstones","1","0","321","Amethyst","1","0"
"Mingeli Resources Limited","organization","critical_battery","1","0","661","Rare EarthsElements/Quartz/Platinum Group Metals","1","0"
"Mineral Junxion And Transport Limited","organization","base_metals","1","1","10","Copper","1","1"
"Mindende Mult-purpose Cooperative Society Limited","organization","gold","1","1","7","Silver/Zinc/Gold","1","0"
"MINEGEM RESOURCES LIMITED","organization","critical_battery","1","0","18020","Nickel/Manganese/Zinc","1","0"
"Minicom Technologies Limited","organization","critical_battery","1","0","268","Nickel/Quartz/Zinc","0","0"
"Mise Mining Limited","organization","critical_battery","1","0","973","Anhydrite/Iron Ore/Rare EarthsElements","1","0"
"Misheck Minerals Exploration Limited","organization","gold","1","0","820","Iron Ore/Silver/Gold","1","0"
"Misambo Enterprise & agro Limited","organization","critical_battery","1","0","6900","Manganese/Silver/Gold","0","0"
"Minsundu Gemstone Mining Limited","organization","gemstones","1","0","984","Manganese/Quartz/Tourmaline","1","1"
"Mirage Investments Limited","organization","critical_battery","1","0","60","Manganese/Copper","1","0"
"Mapatizya Central Multi-Purpose Cooperative Society","organization","gemstones","1","1","7","Lithium/Lead/Mica","1","0"
"Mapelo Gemstone Export Co. Limited","organization","gemstones","1","1","60","Garnet","1","1"
"Mapalo Quarries Limited","organization","gold","1","0","213","Platinum/Silver/Zinc","0","0"
"Manvin Minerals Limited","organization","gold","1","0","23044","Iron Ore/Lead/Zinc","0","0"
"Maosheng Mineral Resources Zambia Limited","organization","critical_battery","1","1","53","Gold/Manganese/Cobalt","0","1"
"Mapompo Investements Limited","organization","critical_battery","1","1","76","Manganese/Limestone (General)/Talc-Soapstone","1","1"
"Marjohn Lukeka Mining & Exploration Company Limited","organization","critical_battery","1","0","3555","Iron Ore/Manganese/Zinc","0","0"
"Marriott Industries Limited","organization","critical_battery","1","0","9220","Iron Ore/Manganese/Copper","1","0"
"MARESTHER MINERAL RESOURCES LIMITED","organization","gold","1","0","29724","Gold/Copper/Cobalt","0","0"
"Mapp Mining Limited","organization","critical_battery","1","0","1099","Manganese/Lead/Zinc","1","0"
"maraed Mining Contractors and General Suppliers Limited","organization","critical_battery","1","0","8862","Iron Ore/Manganese/Copper","1","0"
"Mano Yachilamaka Mining Company Limited","organization","gemstones","1","1","78","Emerald/Beryllium","1","0"
"Malota Multpurpose Cooperative Society Limited","organization","critical_battery","1","1","7","Limestone (General)/Lead/Zinc","1","0"
"Mamala Enterprises Limited","organization","gemstones","1","0","117","Amethyst","0","0"
"Malica Enterprises Limited","organization","gemstones","1","0","11832","Lithium/Manganese/Kyanite","0","0"
"Malemashi Copper Mult Purpose Cooperative Society Limited","organization","gemstones","1","1","7","Quartz/Silver/Tourmaline","0","0"
"Malibata Investments Limited","organization","critical_battery","1","0","524","Lithium/Manganese/Gold","1","0"
"Mambombu Mining Limited","organization","gold","1","0","151","Granite/Iron Ore/Limestone (General)","1","0"
"Mango Mining Co-operative Society Limited","organization","critical_battery","1","1","7","Gold/Nickel/Cobalt","1","0"
"Mano Yachila Maka Mining Cooperative","organization","gemstones","1","0","78","Emerald","0","0"
"MANFUIL MINING COMPANY LIMITED","organization","base_metals","1","1","20","Sand/Zinc/Gravel","0","0"
"Mandala Multi-purpose Co-operative Society Limited","organization","industrial_minerals","1","1","7","Quartz","0","0"
"Mandlethu Zambia Ltd","organization","gemstones","1","1","121","Mica/Tourmaline/Emerald","0","0"
"MECS Service Limited","organization","gemstones","1","0","377","Gold/Quartz/Silver","0","0"
"MEDIBUK INVESTMENTS LIMITED","organization","gemstones","1","0","13","Lithium/Manganese/Iron Ore","0","0"
"Mechross enterprises limited","organization","critical_battery","1","0","133","Manganese/Lead/Zinc","1","0"
"MC Chewe Building and General Contractors Limit","organization","gemstones","1","0","44","Emerald","0","0"
"MC Mining Limited","organization","critical_battery","1","0","217","Nickel/Manganese/Quartz","1","0"
"MEDICI RESOURCES LIMITED","organization","gemstones","1","0","4297","Silver/Niobium (Columbium)/Nickel","0","0"
"Melai Company Limited","organization","gemstones","1","1","121","Emerald/Beryllium","1","0"
"Melaot Zones Mining and Engineering Limited","organization","critical_battery","1","0","3620","Lead/Manganese/Zinc","0","0"
"Meihua International Mining Limited","organization","gemstones","1","0","7658","Lead/Iron Ore/Tin","1","0"
"Mediterranean Mining Limited","organization","gold","1","1","149","Gold/Copper","1","1"
"Mega Press Limited","organization","gemstones","1","0","19962","Iron Ore/Manganese/Zinc","1","1"
"Mazalazambwe Multi-purpose Co-operative Society Limited","organization","critical_battery","1","1","7","Iron Ore/Lead/Nickel","0","0"
"Matalloy Company Limited","organization","base_metals","1","1","150","Copper","1","0"
"Matka Technical Services Limited","organization","critical_battery","1","0","3698","Manganese/Lead/Zinc","0","1"
"Masuku Copper Development Limited","organization","gemstones","1","0","182","Tantalum/Tin/Gold","0","0"
"Marumunachi Mining Company Limited","organization","gemstones","1","0","13","Emerald/Aquamarine","0","0"
"Masccor Construction And Plant Limited","organization","critical_battery","1","0","27481","Manganese/Silver/Copper","1","0"
"Matsimu Investment Limited","organization","critical_battery","1","0","43617","Tin/Tantalum","1","0"
"Maxsma Minerals Limited","organization","critical_battery","1","0","5952","Limestone (General)/Lead/Iron Ore","1","0"
"Mayiko Mining Limited","organization","critical_battery","1","0","871","Iron Ore/Manganese/Zinc","0","0"
"Maxping Mining Limited","organization","gemstones","1","0","845","Quartz/Gold/Silver","1","1"
"Max Global Ferro Alloys Limited","organization","critical_battery","1","1","37","Silica/Manganese","1","1"
"Maxchi Cargo Services Zambia Limited","organization","gemstones","1","0","144","Manganese/Nickel/Anhydrite","0","0"
"Momentum Mining Services Limited","organization","critical_battery","1","0","2166","Nickel/Manganese/Quartz","0","0"
"Muzuri Sana Mining Limited","organization","critical_battery","1","0","9367","Nickel/Lead/Zinc","0","0"
"Mvuu Resources Limited","organization","gold","1","0","1094","Iron Ore/Zinc/Gold","0","0"
"Muyongo Shilenga Small Scale Mining Co-operative Society Limited","organization","critical_battery","1","1","7","Lead/Manganese/Zinc","1","0"
"Muvalu Mining Company Limited","organization","base_metals","1","0","68627","Copper","1","0"
"Muwamba Nyama Mining & Agricultural Cooperative Society","organization","gemstones","1","1","7","Tourmaline","1","0"
"Mwabombeni Resources Limited","organization","energy_minerals","1","0","72","Fluorine-Fluorite/Iron Ore/Feldspar","0","0"
"Mwapanda Corner Multi-Purpose Co-operative Society Limited","organization","critical_battery","1","1","7","Mineral Sands/Manganese/Sand","0","0"
"Mwaphi Investmnet limited","organization","gemstones","1","0","8369","Gold/Manganese/Zinc","0","0"
"Mwangeli Emerald Mining Limited","organization","gemstones","1","1","155","Emerald","0","0"
"Mwakali Mining Limited","organization","gemstones","1","0","852","Iridium/Lead/Anhydrite","0","0"
"Mwalkan Investments Limited","organization","critical_battery","1","0","162","Manganese/Lead/Zinc","0","0"
"MUTUPA MINING MULT-PURPOSE COOPERATIVE SOCIETY LIMITED","organization","construction_materials","1","1","7","Stone/Sand/Granite","0","0"
"Musenga Resources Limited","organization","gold","1","1","53","Gold/Zinc/Cobalt","1","1"
"Musi Gems Limited","organization","gemstones","1","1","66","Emerald","1","1"
"Musanza Mining and Exploration Company Limited","organization","critical_battery","1","0","30","Lead/Iron Ore/Limestone (General)","1","0"
"Mupasi Mining Company Limited","organization","gemstones","1","0","45","Emerald","0","0"
"Musanza Exploration and Mining Co-operative Society Limited","organization","construction_materials","1","1","2","Stone/Granite","1","0"
"Musia Minerals Limited","organization","gemstones","1","0","24420","Limestone (General)/Iron Ore/Manganese","0","0"
"Mutane Akose Mining Coorperative Society Limited","organization","critical_battery","1","1","7","Manganese/Sand/Silica","1","0"
"Mutobo Mining & General Dealers Limited","organization","gemstones","1","0","945","Diamond/Emerald/Quartz","1","0"
"MUTABI MUTANZI MULTI-PURPOSE CO-OPERATIVE SOCIETY","organization","critical_battery","1","1","7","Manganese/Gold/Copper","1","0"
"Musokamuka Kasempa Mining and Construction Limited","organization","gold","1","0","3555","Gold/Copper","0","0"
"MUSOKONTWELELE MINING CO-OPERATIVE SOCIETY LIMITED","organization","critical_battery","1","1","7","Manganese/Gold/Copper","0","0"
"Nachingwali Enterprises Ltd","organization","gemstones","1","0","106","Emerald","0","0"
"NALEYE BLOCKS AND MINING MINERAL PROCESSING LIMITED","organization","gold","1","1","7","Gold/Copper","1","0"
"Nachilala Mining Company Limited","organization","gemstones","1","0","118","Garnet/Gold/Tourmaline","1","0"
"N.I.C Investments Limited","organization","critical_battery","1","0","77332","Nickel/Uranium/Zinc","1","1"
"Nabasuntwe Mining Ventures Co-operative Society Limited","organization","gemstones","1","1","7","Garnet/Feldspar/Iron Ore","0","0"
"Nalikolo Mining Limited","organization","critical_battery","1","0","1752","Malachite/Iron Ore/Manganese","0","0"
"Namadan General Trading Limited","organization","gold","1","0","133","Gold/Copper/Cobalt","1","0"
"Namita Construction and Mining Limited","organization","gold","1","0","20","Silver/Gold","0","1"
"Nalume Mining Limited","organization","base_metals","1","0","4012","Copper","0","0"
"NALILIMA MINING LIMITED","organization","gemstones","1","0","69","Fluorine-Fluorite/Gold/Dolomite","0","0"
"Nalucha Resources Limited","organization","gold","1","0","6167","Lead/Quartz/Zinc","0","0"
"Mzanga Enterprises Limited","organization","critical_battery","1","0","399","Lithium/Nickel/Tin","1","0"
"Mwaze Mining Co-operative Society Limited","organization","gold","1","1","7","Iron Ore/Gold/Copper","0","0"
"Mwaze Multipurpose Co-operative Society Limited","organization","gold","1","1","7","Iron Ore/Gold/Copper","0","0"
"Mwatwiinda Multi Purpose Co-operative Society Limited","organization","gemstones","1","1","7","Gold/Quartz/Amethyst","0","0"
"Mwapo Business Solutions Limited","organization","critical_battery","1","0","13","Nickel/Silver/Zinc","0","0"
"Mwashia Resources Limited","organization","critical_battery","1","0","3573","Manganese/Nickel/Zinc","1","0"
"Mwaze Village Multi Purpose Cooperative","organization","gold","1","1","7","Gold/Copper","1","0"
"Mwinu Mines Limited","organization","gemstones","1","0","39371","Lead/Iron Ore/Anhydrite","1","0"
"Myafi Mining Co-orperative Multi- Purpose Society","organization","gemstones","1","1","7","Saprolite/Rare EarthsElements/Tourmaline","1","0"
"Mwepago Mineral Resources","organization","base_metals","1","0","991","Talc-Soapstone/Zinc/Kaolin","0","0"
"Mweengwe Multi-Purpose Cooperative","organization","gold","1","1","7","Gold/Lead/Cobalt","0","0"
"Mwema Mining Investment Limited","organization","critical_battery","1","0","133","Limestone (General)/Manganese/Zinc","1","1"
"Mubaich Resources Limited","organization","gemstones","1","0","501","Lithium/Manganese/Lead","1","0"
"Mublecha Enteprises Limited","organization","critical_battery","1","0","989","Manganese/Zinc/Gold","1","0"
"Muamba and Company Ltd","organization","gemstones","1","1","143","Tourmaline/Quartz/Aquamarine","1","0"
"Mpavu Multi-Purpose Cooperative Society Limited","organization","gemstones","1","1","7","Quartz/Niobium (Columbium)/Aquamarine","1","0"
"MTDK INVESTMENT LIMITED","organization","gemstones","1","0","2097","Nickel/Lead/Zinc","0","0"
"Mufumbwe Mining Multi-purpose Co-operative Society Limited","organization","critical_battery","1","1","7","Quartz/Nickel/Rare EarthsElements","1","0"
"Mugwazo Mining Co-operative Society Limited","organization","gold","1","1","7","Gold/Copper/Cobalt","1","0"
"Mujimanzovu Resources Limited","organization","gemstones","1","0","41155","Mica/Gold/Quartz","0","0"
"Mugla Mining Investment Zambia Limited","organization","critical_battery","1","0","842","Lead/Manganese/Zinc","1","1"
"Mufwashi Mining Cooperative Society Limited","organization","gemstones","1","1","7","Gold/Iron Ore/Tourmaline","1","0"
"Mufwashi New Multi-purpose Co-operative Society Limited","organization","gold","1","1","7","Lead/Zinc/Gold","1","0"
"Mpaso Mining Company Ltd","organization","gemstones","1","0","417","Quartz/Gold/Tourmaline","1","1"
"Motherland Resources Limited","organization","critical_battery","1","0","393","Lithium/Limestone (General)/Nickel","0","1"
"Mount Horeb Investments Limited","organization","gemstones","1","1","85","Tin/Titanium/Tungsten","1","1"
"Mother Load Deposits Limited","organization","critical_battery","1","0","197","Lithium/Tin/Cobalt","1","1"
"Mon Fuel and Oil Investment","organization","critical_battery","1","0","767","Manganese/Limestone (General)/Zinc","1","0"
"Montauk Mining & Minerals Limited","organization","gold","1","0","21488","Iron Ore/Silver/Gold","0","1"
"MOUNT WATAI COPPER MINE LIMITED","organization","gemstones","1","0","20102","Nickel/Lead/Silver","0","0"
"Mpanga Mining Cooperative Society Limited","organization","gold","1","1","7","Platinum Group Metals/Silver/Uranium","0","0"
"Mpanga Yabusasa Investment Limited","organization","critical_battery","1","0","14699","Lead/Lithium/Manganese","0","0"
"Moyan Services Limited","organization","gold","1","1","7","Gold","1","0"
"Mowen Resourses Limited","organization","gemstones","1","0","6560","Malachite/Iron Ore/Zinc","0","0"
"Moxico Amadoda Mining Limited","organization","critical_battery","1","0","9141","Nickel/Manganese/Zinc","1","0"
"Mululu Minerals Limited","organization","critical_battery","1","0","346","Quartz/Manganese/Silver","0","0"
"Mumbachala Mines Company Limited","organization","gemstones","1","0","928","Limestone (General)/Manganese/Quartz","1","0"
"Mulev Mining And Agricultural Multi Purpose Cooperative Society Limited","organization","gemstones","1","1","7","Manganese/Quartz/Silica","1","0"
"Mulala Farms Limited","organization","critical_battery","1","0","933","Manganese/Phosphorus-Phosphates/Lead","1","0"
"Mulberry Mining Company LIMITED","organization","critical_battery","1","0","183","Manganese/Silver/Zinc","0","0"
"Munalu Small Scale Mining Co-operative Society Limited","organization","critical_battery","1","1","7","Tantalum/Tin/Tungsten","1","0"
"Munkotachi Investments Limited","organization","gemstones","1","0","472","Limestone (General)/Lead/Iron Ore","0","0"
"Munyumakazi Mining Cooperative Limited","organization","critical_battery","1","1","7","Iron Ore/Manganese/Copper","0","0"
"Munjiwe Enterprises Limited","organization","critical_battery","1","0","891","Lead/Manganese/Silver","1","0"
"Munanzuki Resources","organization","gemstones","1","0","1085","Limestone (General)/Anhydrite/Quartz","0","0"
"Mundala Corporation Limited","organization","critical_battery","1","0","10144","Magnesium (Brucit)/Limestone (General)/Lead","1","0"
"MUKWARUWANDI MINING AND CONSTRUCTION LIMITED","organization","gemstones","1","0","80","Quartz/Kyanite/Tourmaline","1","0"
"Mukema Minerals Limited","organization","gold","1","0","8684","Iron Ore/Lead/Zinc","1","1"
"Mukoleku Security Services Limited","organization","critical_battery","1","0","64075","Silica/Rare EarthsElements/Platinum","0","0"
"MUKAPELWA SMALL SCALE MINING LIMITED","organization","gemstones","1","0","911","Manganese/Lead/Iron Ore","0","0"
"Mukala Mineral  Co-operation Society Limited","organization","gold","1","1","7","Gold/Copper/Cobalt","1","0"
"Mukanjaka Mining Industries Company Limited","organization","gemstones","1","1","117","Emerald","0","1"
"Mukoleku Security Services LTD","organization","critical_battery","1","0","4124","Platinum/Mineral Sands/Rare EarthsElements","1","0"
"Mukuni Mining Cooperative Society Limited","organization","gemstones","1","1","7","Tourmaline/Zinc/Copper","1","0"
"Mukuta Bulongo Multipurpose Society Limited","organization","gold","1","1","7","Gold","1","0"
"MUKUNGULE MULTI PURPOSE CO-OPERATIVE SOCIETY LIMITED","organization","gold","1","1","7","Gold/Copper","0","0"
"MUKULIKA MINING AND GENERAL DEALERS LIMITED","organization","gemstones","1","0","2048","Precious Gems/Quartz/Green tourmaline","1","0"
"Mukulu Mining Limited","organization","gemstones","1","1","77","Tourmaline/Emerald/Beryllium","1","0"
"Tundamo Gem Mine Limited","organization","gemstones","1","0","422","Tourmaline","1","0"
"Tunjile Multi-Purpose Co-operative Society Limited","organization","base_metals","1","1","7","Malachite/Copper","1","0"
"Tushiya Mining And General Trading Limited","organization","gemstones","1","0","2127","Quartz/Silica/Mica","1","0"
"Tulututwe Mining Limited","organization","critical_battery","1","0","957","Lead/Manganese/Zinc","1","1"
"Tumbo Mining And Exploration Limited","organization","critical_battery","1","0","10704","Silver/Platinum/Tin","0","0"
"Tumelo Mining Cooperative Society Limited","organization","gemstones","1","1","7","Iron Ore/Gold/Quartz","1","0"
"Twalubuka Mineral Resources Limited","organization","critical_battery","1","0","37","Manganese/Silver/Zinc","1","0"
"Twapenga mining and Prospecting Limited","organization","gemstones","1","1","155","Emerald","1","0"
"Twavwane Multi-Purpose Cooperative Society Limited","organization","gemstones","1","1","3","Emerald/Diamond/Manganese","1","0"
"Tusuwa Multipurpose Cooperative Society Limited","organization","gemstones","1","1","7","Beryllium/Feldspar/Amethyst","1","0"
"Twaboola Multi-purpose Co-operative Society Limited","organization","critical_battery","1","1","7","Iron Ore/Lead/Nickel","0","0"
"Twaima Youth Muilti Purpose Co-operative","organization","critical_battery","1","1","7","Manganese","1","0"
"Tripple M Mining Limited","organization","gold","1","0","6799","Gold/Zinc/Cobalt","1","1"
"Tropics Surveying Technical Services Limited","organization","critical_battery","1","0","1624","Gold/Manganese/Cobalt","0","0"
"True Ore Mines and Mineral (Zambia) Limited","organization","gemstones","1","0","195","Nickel/Sugilite/Zinc","0","0"
"Trenfort Investments Zambia Limited","organization","gemstones","1","0","318","Quartz/Gold/Tourmaline","1","0"
"Triad Logistics","organization","gemstones","1","0","9535","Limestone (General)/Manganese/Anhydrite","0","0"
"Triology Mining Limited","organization","gemstones","1","0","5897","Manganese/Iron Ore/Silver","1","0"
"TSAHAYI AUGUST LIMITED","organization","critical_battery","1","0","5099","Nickel/Manganese/Zinc","1","0"
"Tukali Youth Multi-Purpose Co-operative","organization","gold","1","1","7","Gold/Copper/Cobalt","0","0"
"Tukongote Mining Limited","organization","gemstones","1","0","137","Garnet/Gold/Quartz","0","0"
"True Ore Mines and Minerals (Tomm) Private Limited","organization","critical_battery","1","1","13","Manganese/Gold/Copper","1","0"
"TRUSTROCK RESOURCES LIMITED","organization","gemstones","1","0","1992","Silver/Manganese/Zinc","0","0"
"TRYTON CONSTRUCTION & ENGINEERING COMPANY LIMITED","organization","industrial_minerals","1","0","43","Limestone (General)/Dolomite","1","0"
"UPRISE INVESTMENT LIMITED","organization","base_metals","1","0","9732","Copper","1","0"
"USTAWI INVESTMENT LIMITED","organization","gemstones","1","0","77","Copper/Emerald/Zinc","0","0"
"V.L Coal Mine Company Limited","organization","gemstones","1","0","451","Tantalum/Granite/Tourmaline","1","0"
"Unito Limited","organization","gold","1","0","4147","Silver/Zinc/Gold","1","0"
"Uniwide Logistics Limited","organization","critical_battery","1","0","1685","Manganese/Iron Ore/Silver","0","1"
"Upper Hands Mining Co-operative Society Limited","organization","industrial_minerals","1","1","7","Quartz/Granite","1","0"
"Validus Mining Corporation Limited","organization","critical_battery","1","0","5244","Manganese/Lead/Zinc","1","0"
"VALZ MINERALS LIMITED COMPANY","organization","gemstones","1","0","765","Gold/Iron Ore/Manganese","0","0"
"VANBUROCK RESOURCES LIMITED","organization","critical_battery","1","0","19351","Iron Ore/Nickel/Gold","0","0"
"V.L Investment Company Limited","organization","gemstones","1","0","9111","Malachite/Lead/Nickel","0","0"
"Vade Ventures Limited","organization","gemstones","1","0","297","Rare EarthsElements/Nickel/Molybdenum","1","0"
"Valecrest Mining Limited","organization","gemstones","1","0","212","Copper/Manganese/Silver","1","0"
"Ula Minerals Limited","organization","critical_battery","1","0","6801","Silver/Nickel/Zinc","0","0"
"Uluse Minerals Limited","organization","gold","1","0","1628","Iron Ore/Zinc/Gold","0","0"
"Umetal Investments Limited","organization","gold","1","1","40","Gold/Copper","0","0"
"TWAYUKA MINING COOPERATIVE SOCIETY LIMITED","organization","gemstones","1","1","7","Limestone (General)/Lead/Nickel","1","0"
"TWEENDE CHILOBE MULTIPURPOSE COOPERATIVE SOCIETY LIMITED","organization","gemstones","1","1","7","Mica/Fluorine-Fluorite/Tourmaline","1","0"
"Ubuntu Small Scale Mining Company Limited","organization","critical_battery","1","0","905","Quartz/Nickel/Zinc","0","0"
"Unirite Investments Limited","organization","critical_battery","1","0","747","Manganese/Quartz/Iron Ore","1","1"
"United Alloys (Z) Limited","organization","critical_battery","1","1","47","Manganese","1","1"
"United Quarries Limited","organization","industrial_minerals","1","1","96","Limestone (General)","1","1"
"Umushili Earth Treasures Limited","organization","gemstones","1","0","635","Quartz/Lead/Zinc","0","0"
"Unified Mining Limited","organization","gold","1","1","13","Silver/Gold/Copper","1","0"
"Union Star Industry Limited","organization","base_metals","1","1","33","Zinc/Lead/Copper","0","1"
"Tasheni Mining and Engineering Solutions Limited","organization","critical_battery","1","0","15449","Nickel/Manganese/Silver","1","0"
"TAURUS MINERAL RESOURCES LIMITED","organization","gold","1","0","3207","Limestone (General)/Zinc/Gold","0","0"
"Tawakkal Mining Equipments & Auto Spares Limited","organization","gemstones","1","0","30460","Manganese/Limestone (General)/Tin","0","0"
"Tanda INVESTMENTS LIMITED","organization","gold","1","0","349","Gold/Copper/Cobalt","0","0"
"Tantalum Niobium Mining Company Limited","organization","gemstones","1","0","15979","Copper/Gold/Lead","0","0"
"Tasdemir Mining Limited","organization","critical_battery","1","0","15908","Lead/Manganese/Zinc","1","0"
"Techno Mines And Minerals Limited","organization","critical_battery","1","0","322","Gold/Manganese/Cobalt","1","0"
"Tedafluo Investment Company Limited","organization","critical_battery","1","0","9346","Scrap Mica/Quartz/Zinc","0","0"
"Tehila Milling Limited","organization","critical_battery","1","0","69059","Lead/Nickel/Zinc","1","1"
"Taysiir Investments Limited","organization","gold","1","1","13","Gold","1","0"
"Tayu Metals Mining Limited","organization","critical_battery","1","0","879","Iron Ore/Manganese/Quartz","1","0"
"Tecchinify Geographics Enterprise Limited","organization","gemstones","1","0","376","Gold/Malachite/Silver","0","0"
"SUSTAINABLE MINING ZAMBIA LIMITED","organization","gemstones","1","0","300","Mineral Sands/Nickel/Manganese","1","0"
"Swarna Metals Zambia Limited","organization","critical_battery","1","1","80","Manganese/Malachite/Nickel","0","0"
"Syra Enterprises Limited","organization","critical_battery","1","0","430","Limestone (General)/Manganese/Silica","0","1"
"Supix Minerals Limited","organization","critical_battery","1","0","2557","Lead/Manganese/Zinc","0","0"
"Surgitech Enterprise Limited","organization","critical_battery","1","0","850","Quartz/Manganese/Stone","0","0"
"Surya Biofuels Limited","organization","industrial_minerals","1","0","1588","Mineral Sands/Silica/Clay (General)","0","0"
"Tamarisk Investments Ltd","organization","gemstones","1","0","19616","Diamond","0","0"
"Tamjeth General Dealers Limited","organization","critical_battery","1","0","437","Iron Ore/Manganese/Gold","0","0"
"TANAROCK ENTERPRISES LIMITED","organization","gold","1","0","24578","Gold","0","0"
"Taelu Mining and Investments Limited","organization","gemstones","1","0","18798","Limestone (General)/Iron Ore/Gold","0","0"
"Taida Resources Limited","organization","gold","1","0","10","Malachite/Silver/Zinc","0","0"
"Taiyuan Mining Limited","organization","gemstones","1","0","4400","Manganese/Nickel/Limestone (General)","0","0"
"Tongxin Metal Company Limited","organization","gold","1","1","13","Gold/Lead/Cobalt","1","1"
"Top Feng Investments Limited","organization","energy_minerals","1","0","150","Coal","0","0"
"Top Stone Mining Limited","organization","gemstones","1","0","4873","Lead/Iron Ore/Manganese","1","0"
"TILITOSE CHIMUTENGO MULTIPURPOSE COOPERATIVE SOCIETY LIMITED","organization","gemstones","1","1","7","Nickel/Anhydrite/Zinc","1","0"
"Tirupati Investment Limited","organization","gemstones","1","0","45","Emerald/Quartz/Corundum","0","0"
"Titamenji Construction Limited","organization","gemstones","1","0","993","Phosphorus-Phosphates/Niobium (Columbium)/Nickel","1","0"
"Tradeco Mineral Resources Limited","organization","gemstones","1","0","398","Quartz/Tourmaline/Garnet","1","1"
"TRALCOM INVESTMENT LIMITED","organization","gemstones","1","0","401","Limestone (General)/Lead/Rare EarthsElements","0","0"
"Trendy Enterprise Limited","organization","gemstones","1","0","83","Emerald/Beryllium","1","0"
"Topglory Mining Company Limited","organization","critical_battery","1","1","27","Manganese","1","1"
"Towhid Trading Limited","organization","gold","1","1","7","Gold","0","0"
"Towing Logistic Limited","organization","gemstones","1","0","546","Manganese/Lithium/Nickel","1","0"
"Teviem Enterprises Limited","organization","gemstones","1","0","354","Iron Ore/Gold/Tourmaline","0","0"
"The Big Shofolo Enterprises Limited","organization","critical_battery","1","0","187","Tantalum/Iron Ore/Gold","0","0"
"The Diamond Rock Mining Limited","organization","critical_battery","1","0","11125","Limestone (General)/Lead/Silver","1","0"
"Temachi Mineral Resources Limited","organization","base_metals","1","0","8535","Iron Ore/Copper/Cobalt","0","1"
"TERRANEX RESOURCES LIMITED","organization","gold","1","1","94","Gold","0","0"
"Tertiary Minerals  Zambia Limited","organization","gold","1","0","4116","Iron Ore/Lead/Zinc","0","0"
"Tianyu Mining Zambia Limited","organization","industrial_minerals","1","1","1","Limestone (General)/Granite/Dolomite","1","0"
"Tikumbe Mining Limited","organization","base_metals","1","0","87","Copper","0","0"
"Tikumbe Tonse Investments Limited","organization","industrial_minerals","1","0","402","Limestone (General)/Sand and Gravel/Talc-Soapstone","0","0"
"The New Vision Newspapers Limited","organization","critical_battery","1","1","60","Zinc/Manganese/Lead","1","0"
"Thrio Consulting and Management Services Limited","organization","gemstones","1","0","100","Silver/Quartz/Zinc","1","0"
"Tianle Mineral Development Company Limited","organization","gemstones","1","0","2052","Manganese/Limestone (General)/Iron Ore","0","0"
"Zambian  Jiangte Mining  Company Limited","organization","gemstones","1","0","10194","Tantalum/Lithium/Tungsten","0","0"
"Zambian East Mining Corporation Ltd","organization","gemstones","1","0","7792","Manganese/Iron Ore/Zinc","1","0"
"Zambian Gold Tiger Construction and Materials Limited","organization","industrial_minerals","1","1","7","Limestone (General)/Granite/Dolomite","1","1"
"Zambezi Natural Stone Company Limited","organization","industrial_minerals","1","1","4","Talc-Soapstone","1","1"
"Zambia Investments Connections Limited","organization","gold","1","0","51300","Gold/Copper/Cobalt","0","0"
"Zambia Minerals Investment Corporation Limited","organization","unknown","1","0","1436","","0","0"
"Zambian West Mining Corporation","organization","critical_battery","1","0","42085","Silver/Manganese/Zinc","0","0"
"Zambo Industrial Company Limited","organization","critical_battery","1","1","30","Nickel/Mica/Manganese","1","0"
"Zambold Properties Limited","organization","critical_battery","1","0","1084","Silver/Selenium/Platinum Group Metals","0","0"
"Zambian Goldcommon Resources Holdings Ltd","organization","critical_battery","1","0","18237","Iron Ore/Nickel/Uranium","0","0"
"Zambian High light Mining Investment Limited","organization","critical_battery","1","0","5522","Iron Ore/Nickel/Uranium","1","0"
"Zambian North Mining Corporation Limited","organization","critical_battery","1","0","30723","Manganese/Uranium/Zinc","0","0"
"Yathu Resources Limited","organization","gold","1","0","2536","Iron Ore/Limestone (General)/Zinc","0","0"
"Yatu Equity Limited","organization","gemstones","1","0","3518","Manganese/Iron Ore/Tourmaline","1","0"
"Yida Mining Zambia Limited","organization","critical_battery","1","0","234","Manganese/Zinc/Lead","1","0"
"Yangzijiang Investments Limited","organization","gemstones","1","0","20062","Nickel/Mica/Zinc","0","0"
"Yasac Investments Limited","organization","critical_battery","1","0","90","Lead/Tin/Zinc","0","0"
"Yatani Holdings Limited","organization","critical_battery","1","0","16450","Manganese/Silver/Zinc","0","0"
"Zagema Mining and Mineral Trading Corperative","organization","gemstones","1","1","7","Sand and Gravel/Clay (General)/Aquamarine","1","0"
"ZAKOR Metals Ltd","organization","other","1","1","120","Malachite","1","1"
"Zambezi Mint Investment Limited","organization","critical_battery","1","0","36662","Nickel/Silver/Zinc","0","0"
"Yu Chuan Mining Zambia Limited","organization","gemstones","1","0","2697","Mica/Niobium (Columbium)/Fluorine-Fluorite","0","0"
"YUSEN INVESTMENTS LIMITED","organization","gemstones","1","0","1396","Platinum/Quartz/Manganese","1","0"
"Zaaminco Mining Limited","organization","critical_battery","1","0","9487","Manganese/Lead/Zinc","0","1"
"Zhongdi Mining Group Corp.Ltd","organization","critical_battery","1","0","31535","Silver/Manganese/Zinc","1","0"
"Zhonghe Investment Group Coorperation Limited","organization","gemstones","1","0","79205","Manganese/Nickel/Zinc","0","0"
"Zima Transport and Supply Limited","organization","critical_battery","1","0","6496","Nickel/Manganese/Quartz","1","0"
"ZDP Mineral Resources Limited","organization","critical_battery","1","0","480","Lead/Manganese/Gold","1","1"
"ZHEJIANG INTERNATIONAL ENGINEERING CONSTRUCTION COMPANY LIMITED","organization","construction_materials","1","0","530","Sand and Gravel/Granite","1","0"
"Zhixing Investment Limited","organization","gold","1","1","27","Gold/Copper","0","0"
"Zoomlion Copper Mine Company Limited","organization","critical_battery","1","0","3922","Manganese/Iron Ore/Quartz","1","1"
"Zumran Mining and Exploration Limited","organization","critical_battery","1","0","1755","Manganese/Zinc/Gold","1","1"
"Zuri Mineral Resources Limited","organization","critical_battery","1","0","3735","Nickel/Silver/Zinc","0","0"
"Zindi Mining Limted","organization","gemstones","1","0","235","Mineral Sands/Nickel/Limestone (General)","0","0"
"ZM and P (B.V.I) Holdings Limited","organization","critical_battery","1","1","26","Tantalum/Silver/Tin","0","0"
"Zoncor Mining Limited","organization","gold","1","1","7","Silver/Gold/Copper","1","0"
"Zametal Corporation Limited","organization","critical_battery","1","0","390","Manganese/Zinc/Cobalt","1","1"
"ZAMJIE TRANSPOTATION LIMITED","organization","critical_battery","1","0","2296","Nickel/Manganese/Zinc","0","0"
"ZAMKELA MINING LIMITED","organization","gemstones","1","0","20","Ruby/Quartz/Niobium (Columbium)","0","0"
"Zambull Mining Limited","organization","gemstones","1","0","701","Manganese/Lead/Rare EarthsElements","1","0"
"Zamchrom Investment Limited","organization","gemstones","1","0","399","Anhydrite/Gypsum/Lithium","1","0"
"Zamco Global Tradings Limited","organization","base_metals","1","0","17225","Silver/Zinc/Cobalt","0","0"
"ZANAVI INVESTMENTS GROUP LIMITED","organization","critical_battery","1","0","1109","Manganese/Lead/Zinc","0","0"
"Zao Mining Cooperative Society Limited","organization","gemstones","1","1","7","Quartz/Manganese/Rare EarthsElements","1","0"
"ZCCM IH Plc","organization","gemstones","1","0","35819","Manganese/Limestone (General)/Silver","1","0"
"Zamrock Investment Limited","organization","critical_battery","1","0","431","Manganese/Lead/Zinc","0","0"
"Zamroyal Investments Limited","organization","gemstones","1","0","220","Silica/Quartz/Tourmaline","0","0"
"Zamway Mining Limited","organization","gemstones","1","1","107","Emerald","1","1"
"W.M.M Investments Limited","organization","critical_battery","1","0","41010","Manganese/Lead/Nickel","0","0"
"Wabanganya Multipurpose Cooperative Society","organization","gemstones","1","1","7","Nickel/Magnesium (Brucit)/Rare EarthsElements","1","0"
"Wacha Mining Limited","organization","gemstones","1","0","52","Manganese/Quartz/Copper","1","1"
"Vortan Innovations Limited","organization","critical_battery","1","0","300","Manganese/Gold/Copper","1","1"
"Vundu Minerals Limited","organization","critical_battery","1","0","3092","Manganese/Silver/Zinc","1","1"
"Vyane Mult-Purpose Co-operative Society Limited","organization","critical_battery","1","1","7","Manganese/Lead/Nickel","1","0"
"Wang Sheng Mining Limited","organization","gemstones","1","1","111","Emerald","1","1"
"Wanshida International Investments Company Limited","organization","base_metals","1","1","7","Copper/Cobalt","0","0"
"WANTU RESOURCES COMPANY LIMITED","organization","gold","1","0","3636","Quartz/Gold/Copper","0","0"
"WALALAHA INVESTMENT LIMITED","organization","gold","1","1","26","Sand/Zinc/Iron Ore","1","0"
"Walson General Dealers Limited","organization","gold","1","0","1832","Gold","1","0"
"Wandsworth Company Limited","organization","gold","1","0","517","Granite/Iron Ore/Silver","0","1"
"Veridical Integrity Limited","organization","critical_battery","1","0","980","Manganese/Quartz/Silver","1","1"
"Vermark General Engineering Limited","organization","gemstones","1","0","108","Manganese/Rare EarthsElements/Lead","1","0"
"Vic-Chafi MultIpurpose Cooperative Society Limited","organization","gemstones","1","1","7","Quartz/Aquamarine","0","0"
"Vanisa Mining Limited","organization","critical_battery","1","0","459","Manganese/Lead/Zinc","1","1"
"Vanzetti Mining Limited","organization","gemstones","1","0","410","Silver/Tourmaline/Zinc","1","1"
"Vector Mining Limited","organization","gemstones","1","0","183","Nickel/Manganese/Zinc","1","0"
"Vinmic Investments Limited","organization","critical_battery","1","0","24528","Iron Ore/Nickel/Silver","1","0"
"Virgin Blue Company","organization","critical_battery","1","1","7","Malachite/Manganese/Lead","1","0"
"Vorezat Investment Limited","organization","gemstones","1","0","947","Manganese/Limestone (General)/Lead","0","0"
"Victory Mining Company Limited","organization","gemstones","1","0","123","Emerald/Beryllium","0","0"
"Victory Resources Limited","organization","base_metals","1","0","2432","Copper","0","0"
"VINEYARD MULTI-PURPOSE CO-OPERATIVE SOCIETY LIMITED","organization","gold","1","1","7","Gold/Silver/Cobalt","1","0"
"WISKANSIK INVESTMENT LIMITED","organization","gemstones","1","0","3756","Tin/Tungsten/Amethyst","0","0"
"Wizamar General Dealers Ltd","organization","gemstones","1","0","100","Emerald","0","0"
"Wizmanso Mineral  Resources Limited","organization","gold","1","0","5082","Lead/Zinc/Gold","1","1"
"Winkalu Limited","organization","gold","1","0","954","Gold/Copper","1","0"
"Winter Libohole Limited","organization","gemstones","1","0","908","Talc-Soapstone/Quartz/Manganese","1","0"
"WI-PAY FINANCE LIMITED","organization","gemstones","1","0","719","Gravel/Fluorine-Fluorite/Limestone (General)","0","0"
"XINHONGTAI MINING LIMITED","organization","gemstones","1","0","1974","Anhydrite/Manganese/Graphite","1","0"
"Xpoint Investment Limited","organization","gold","1","1","69","Gold/Copper","1","0"
"Yabuzam Investment Limited","organization","gemstones","1","0","5431","Gold/Quartz/Tourmaline","1","0"
"Woodpeckers Mining Company Limited","organization","critical_battery","1","0","2884","Iron Ore/Limestone (General)/Titanium","1","0"
"Worthy Ventures Limited","organization","critical_battery","1","0","82581","Limestone (General)/Lead/Zinc","1","0"
"Xingda Company Limited","organization","critical_battery","1","0","8829","Manganese/Sand and Gravel/Copper","1","0"
"WEALTHYBAY MINING COMPANY LIMITED","organization","critical_battery","1","0","10009","Nickel/Silver/Zinc","0","0"
"Webs Electrical Engineering Limited","organization","critical_battery","1","0","4654","Iron Ore/Manganese/Zinc","1","0"
"Wecare Resources Limited","organization","critical_battery","1","0","1280","Manganese/Mica/Rare EarthsElements","0","0"
"Wash Zambia Limited","organization","gold","1","0","3900","Lead/Palladium/Zinc","0","0"
"Waxman Enterprises Limited","organization","critical_battery","1","0","22878","Manganese/Silver/Zinc","0","0"
"Wealth Front Resources Limited","organization","critical_battery","1","0","233","Iron Ore/Manganese/Gold","0","0"
"WIDE FOCUS LIMITED","organization","gemstones","1","0","438","Tantalum/Silver/Tungsten","0","0"
"Wildrock Resources Limited","organization","gemstones","1","0","28655","Quartz/Lead/Iron Ore","1","0"
"Wincyril Enterprises Limited","organization","gemstones","1","0","86","Manganese/Gold/Zinc","1","0"
"Weevol Limited","organization","critical_battery","1","0","2147","Manganese/Lead/Silver","1","0"
"Whirlpool Minerals Limited","organization","critical_battery","1","0","986","Tin/Zinc/Copper","1","1"
"White Lion Mining Limited","organization","critical_battery","1","0","3032","Gold/Manganese/Cobalt","0","0"
"Rock Trapper mining Limited","organization","gemstones","1","0","829","Quartz/Manganese/Zinc","0","0"
"Rockvalley Mining Zambia Limited","organization","gemstones","1","0","9296","Tantalum/Quartz/Tin","1","0"
"Rodger The Badger Ventures Limited","organization","critical_battery","1","0","417","Manganese/Limestone (General)/Nickel","1","0"
"ROB and NAT Mining Limited","organization","gemstones","1","0","255","Sand/Quartz/Nickel","1","0"
"Roche Investments Limited","organization","critical_battery","1","0","89","Iron Ore/Anhydrite/Manganese","1","0"
"Rochris Investments Limited","organization","critical_battery","1","0","6169","Manganese/Lithium/Platinum Group Metals","0","0"
"Rontex Minerals  Limited","organization","critical_battery","1","0","1641","Gold/Iron Ore/Lithium","0","0"
"Rothrock Zambia Limited","organization","critical_battery","1","0","2789","Manganese/Zinc/Gold","1","0"
"ROX  METAL INVESTMENT LIMITED","organization","critical_battery","1","0","775","Malachite/Nickel/Zinc","0","0"
"ROGMAT ENTERPRISES & GENERAL DEALERS LIMITED","organization","critical_battery","1","0","371","Nickel/Manganese/Zinc","1","0"
"Rong Xing Investments Limited","organization","critical_battery","1","1","110","Manganese/Zinc/Gold","0","1"
"Ronsin Minerals Limited","organization","critical_battery","1","0","176","Tantalum/Tin/Tungsten","0","0"
"Rigo Minerals Company Limited","organization","critical_battery","1","0","8007","Silver/Zinc/Nickel","0","0"
"Rimond Mining Resources Limited","organization","gold","1","0","982","Gold/Iron Ore/Cobalt","1","0"
"Rio Tinto Exploration Zambia Ltd","organization","gemstones","1","0","18514","Rare EarthsElements/Niobium (Columbium)/Nickel","1","0"
"RHEMA MINING COOPERATIVE SOCIETY LIMITED","organization","critical_battery","1","1","7","Malachite/Lead/Zinc","0","0"
"Ridochi Mining Limited","organization","gemstones","1","0","933","Gypsum/Gold/Quartz","0","0"
"Rifranto Mining Limited","organization","gemstones","1","1","31","Emerald","1","1"
"RIVA INVESTMENTS LIMITED","organization","gold","1","1","2","Gold","0","0"
"Roan Mineral Resources Company Ltd","organization","critical_battery","1","0","731","Nickel/Manganese/Zinc","1","1"
"Roan Sable Limited","organization","critical_battery","1","0","901","Manganese","1","0"
"Risers Mining Cooperative Society Limited","organization","critical_battery","1","1","7","Lead/Manganese/Gold","1","0"
"Rishi Resources Limited","organization","critical_battery","1","0","25880","Manganese","1","0"
"Rising Resources Limited","organization","critical_battery","1","0","146752","Quartz/Manganese/Sand","0","0"
"Samre Mining Resources Limited","organization","gold","1","0","864","Gold/Copper/Cobalt","0","0"
"Samstone crushing limited","organization","gold","1","0","747","Lead/Limestone (General)/Uranium","1","0"
"Samther General Services Limited","organization","critical_battery","1","0","278","Nickel/Manganese/Tin","1","0"
"Saleforce General Dealers Limited","organization","gemstones","1","0","948","Gold/Tourmaline/Copper","1","0"
"Salute Small Mining Limited","organization","critical_battery","1","0","955","Manganese/Silver/Talc-Soapstone","0","0"
"Samaka Gemstone Mining Company Limited","organization","gemstones","1","1","65","Quartz/Mica/Silica","1","1"
"Sangalala General Trading Limited","organization","gold","1","1","7","Gold/Copper","1","0"
"Santas Mining Limited","organization","gemstones","1","1","148","Emerald","1","1"
"Satwant Mining Limited","organization","critical_battery","1","0","27689","Tantalum/Manganese/Tungsten","1","0"
"SANAABIL INVESTMENTS LIMITED","organization","gold","1","1","7","Gold","1","0"
"Sanchembe Gem And Minerals Limited","organization","gemstones","1","0","53","Limestone (General)/Iron Ore/Anhydrite","0","0"
"SANDSTONE PROJECTS LIMITED","organization","critical_battery","1","0","178","Manganese/Silver/Zinc","0","0"
"Rukwa Mines Limited","organization","gemstones","1","0","37","Emerald/Copper","1","0"
"RUVIT INVESTMENTS LIMITED","organization","gemstones","1","0","3952","Manganese/Malachite/Nickel","0","0"
"Sable Zinc Kabwe Limited","organization","base_metals","1","1","43","Lead/Zinc/Cobalt","1","0"
"Royal Chamuka Mining Limited","organization","critical_battery","1","0","1815","Silver/Manganese/Zinc","0","1"
"Royal Mines Limited","organization","unknown","1","1","140","","1","0"
"Rufunsa Green Multi-purpose Co-operative Society Limited","organization","critical_battery","1","1","7","Manganese/Gold/Copper","0","0"
"Safe Haven Investments Limited","organization","gold","1","1","7","Gold/Copper","1","0"
"Sajakle Resources Limited","organization","critical_battery","1","0","293","Iron Ore/Manganese/Copper","1","0"
"Sajarke Resources Limited","organization","critical_battery","1","0","1324","Iron Ore/Manganese/Copper","1","0"
"Sabs Global Limited","organization","critical_battery","1","0","26753","Nickel/Uranium/Zinc","1","0"
"Sachi National Wide Suppliers Limited","organization","critical_battery","1","0","920","Nickel/Manganese/Zinc","1","0"
"Sachi Ventures Limited","organization","critical_battery","1","0","11831","Silver/Platinum/Manganese","1","0"
"Project For Agricultural And Individual Development Limited","organization","critical_battery","1","0","69","Iron Ore/Manganese/Rare EarthsElements","1","0"
"Prolight Investment Limited","organization","critical_battery","1","0","135","Silver/Manganese/Zinc","1","0"
"Proquest Minerals and Exploration Limited","organization","gemstones","1","0","2472","Copper/Gold/Quartz","1","0"
"Pricems Mining & Trading Limited","organization","critical_battery","1","0","563","Iron Ore/Manganese/Silver","0","1"
"Prime Gold Mining Limited","organization","critical_battery","1","0","4982","Iron Ore/Manganese/Silver","1","0"
"Proactive Youths Construction Limited","organization","gemstones","1","0","1002","Anhydrite/Gypsum/Iron Ore","0","0"
"Pum Copper Mining Limited","organization","gold","1","0","210","Gold/Zinc/Copper","0","0"
"Pure Stone Mining Limited","organization","gold","1","0","564","Gold/Iron Ore/Cobalt","0","0"
"Puza Investments Limited","organization","gemstones","1","0","33","Manganese/Niobium (Columbium)/Limestone (General)","1","0"
"Provential Investments Limited","organization","gemstones","1","0","147","Tantalum/Tin/Amethyst","1","0"
"PSI MINING LIMITED","organization","critical_battery","1","0","27296","Malachite/Nickel/Zinc","0","0"
"Puissance Resources Limited","organization","critical_battery","1","0","480","Limestone (General)/Manganese/Zinc","1","0"
"Point & Line Technology Ltd","organization","construction_materials","1","1","30","Stone","0","0"
"Polar Petroleum Limited","organization","critical_battery","1","0","735","Nickel/Manganese/Silver","0","0"
"Polo Technologies Import and Exports Limited","organization","gemstones","1","0","596","Nickel/Manganese/Lithium","1","0"
"Pine Investments Limited","organization","gold","1","0","3608","Iron Ore/Zinc/Gold","1","1"
"Pladoc Enterprises Limited","organization","gemstones","1","0","901","Limestone (General)/Lead/Iron Ore","0","0"
"PLR Projects Zambia Ltd","organization","critical_battery","1","1","50","Manganese/Quartz/Coal","1","0"
"Praja Minerals Zambia Limited","organization","gold","1","0","754","Gold/Silver/Cobalt","0","1"
"Precious Transparency Limited","organization","gemstones","1","1","76","Anhydrite/Tourmaline/Aquamarine","1","1"
"Precise Mining Solutions Limited","organization","critical_battery","1","0","2286","Mineral Sands/Sand/Silver","0","0"
"Poly In Alliance Limited","organization","base_metals","1","1","3","Copper","0","0"
"Portking Investments Limited","organization","critical_battery","1","0","338","Manganese/Quartz/Silver","1","1"
"Pragmatic Investments Limited","organization","gold","1","0","953","Gold/Silver/Cobalt","1","0"
"Rarefind Zambia Limited","organization","critical_battery","1","0","229","Tin/Tantalum","1","0"
"Real Oil Investment Limited","organization","gold","1","1","13","Silver/Zinc/Iron Ore","1","0"
"Rech Mining Limited","organization","gemstones","1","0","67","Emerald/Beryllium","0","0"
"Ramada Trade Investment Limited","organization","gold","1","0","96","Gold/Copper/Cobalt","0","0"
"Ramoji Resources Limited","organization","base_metals","1","1","13","Copper","1","1"
"Raptor Mining Limited","organization","gemstones","1","0","998","Gold/Silver/Tourmaline","0","0"
"Redspot Intertrade Limited","organization","critical_battery","1","0","8265","Lead/Iron Ore/Lithium","1","0"
"Remmy Contractors And General Dealers Limited","organization","gemstones","1","1","40","Quartz/Aquamarine","1","1"
"RENO HILLS GENERAL DEALERS LIMITED","organization","gemstones","1","0","21917","Quartz/Mica/Zinc","0","0"
"Red Bell Construction Limited","organization","gemstones","1","0","1063","Manganese/Nickel/Iron Ore","1","0"
"Red Rats Minerals Limited","organization","critical_battery","1","0","13624","Iron Ore/Manganese/Nickel","1","0"
"Redeem Investments Company Limited","organization","gold","1","1","13","Gold","1","0"
"Quality Circles General Trade Limited","organization","critical_battery","1","0","19863","Manganese/Copper/Cobalt","1","0"
"Quantella Resources Limited","organization","critical_battery","1","0","2551","Rare EarthsElements/Nickel/Zinc","1","0"
"quantum Leap Mining Limited","organization","base_metals","1","0","441","Copper/Cobalt","1","0"
"Pydustone Resources Limited","organization","gemstones","1","0","12486","Lead/Iron Ore/Zinc","1","0"
"Qayshuan International Zambia Limited","organization","critical_battery","1","0","1479","Iron Ore/Nickel/Gold","1","0"
"Quality Beef Trading and General Dealers Limited","organization","critical_battery","1","0","14906","Malachite/Limestone (General)/Nickel","0","0"
"Qwatu Construction Limited","organization","critical_battery","1","0","948","Iron Ore/Lead/Nickel","1","0"
"Rahmid Engineering Limited","organization","gold","1","0","10762","Gold/Copper/Cobalt","0","0"
"Ralphjoe Ferro Alloy Limited","organization","gemstones","1","0","368","Tourmaline/Niobium (Columbium)/Zirconium","0","0"
"Queludha Limited","organization","gold","1","0","596","Silica/Iron Ore/Zinc","1","1"
"Quick Copper Mining Limited","organization","critical_battery","1","0","1498","Iron Ore/Silver/Tin","1","0"
"QUICK SQUADMULTI-PURPOSE COOPERATIVE LIMITED","organization","critical_battery","1","1","7","Manganese/Quartz/Copper","0","0"
"Southern Minerals And Mining Cooperative Society Limited","organization","gemstones","1","1","7","Quartz/Manganese/Lithium","1","0"
"Southern Minerals Co-operative Society Limited","organization","construction_materials","1","1","7","Sand and Gravel/Granite/Crushed/Broken Stone","0","0"
"Southlink Resources limited","organization","gold","1","0","473","Gold/Copper/Cobalt","1","0"
"SOS Metals and Resources Limited","organization","base_metals","1","0","237","Zinc","1","0"
"Southern Africa Ferro Alloys Limited","organization","critical_battery","1","1","90","Manganese/Tin/Zinc","0","0"
"Southern Latitude Company Limited","organization","gemstones","1","0","8798","Tantalum/Quartz/Vanadium","1","0"
"SRI DURGA VINAYAKA MINES AND MINERALS LIMITED","organization","critical_battery","1","0","887","Quartz/Manganese/Sand","0","0"
"Sri Maan Resources Limited","organization","gemstones","1","0","4168","Niobium (Columbium)/Nickel/Molybdenum","0","0"
"Srinibash Metals Zambia Limited","organization","gemstones","1","0","911","Manganese/Malachite/Lead","0","0"
"Sparkler Mining and Exploration Limited","organization","gemstones","1","0","2897","Platinum/Ruby/Zinc","1","1"
"Spaxs Mining Limited","organization","critical_battery","1","0","20","Manganese/Sand and Gravel/Silica","1","1"
"speedy waters mining cooperative society ltd","organization","critical_battery","1","1","7","Manganese/Gold/Copper","0","0"
"SKY GROW INVESTMENTS LIMITED","organization","critical_battery","1","0","922","Malachite/Manganese/Zinc","0","0"
"Smart Deal Tech Limited","organization","gold","1","0","860","Gold/Copper/Cobalt","1","0"
"SMR Construction Limited","organization","gemstones","1","0","1344","Silver/Nickel/Zinc","0","0"
"SJ KINGDOM METALS LIMITED","organization","critical_battery","1","0","8152","Manganese/Limestone (General)/Silver","0","0"
"SK Rural Development Company Limited","organization","critical_battery","1","0","64773","Silver/Manganese/Tantalum","0","0"
"Skopos Resources Limited","organization","gemstones","1","0","110","Quartz/Emerald/Beryllium","0","0"
"Solidstone Construction Limited","organization","critical_battery","1","0","260","Manganese","0","1"
"Solwezi Cement Limited","organization","critical_battery","1","1","37","Manganese/Silica/Limestone (General)","1","1"
"SOMNOR INVESTMENT LIMITED","organization","gold","1","1","7","Gold/Copper","1","0"
"Sofitel Investments Limited","organization","gemstones","1","0","20682","Manganese/Malachite/Nickel","1","0"
"Solanga Enterprise Limited","organization","gemstones","1","0","46","Gold/Iron Ore/Silver","0","0"
"Solid Connections Zambia Limited","organization","critical_battery","1","0","11847","Nickel/Manganese/Quartz","0","0"
"Sunflower Resources Limited","organization","critical_battery","1","0","4728","Nickel/Manganese/Zinc","1","0"
"Sunhouse Investment Limited","organization","critical_battery","1","0","39340","Limestone (General)/Lead/Zinc","1","0"
"Sunkutu Engineering Contractors Limited","organization","gemstones","1","1","90","Emerald/Beryllium","1","0"
"Sulphur Creek Resources Limited","organization","critical_battery","1","0","399","Platinum/Manganese/Silver","1","1"
"Sumwa Construction and Suppliers Limited","organization","gold","1","0","13832","Gold/Zinc/Cobalt","0","1"
"Sun Park Development Limited","organization","critical_battery","1","0","9351","Tin/Zinc/Silver","0","0"
"Sunshine Eagle Mining Ltd","organization","gold","1","1","4","Gold/Silver/Cobalt","1","1"
"Superdeal Investments Limited","organization","base_metals","1","1","7","Zinc/Lead","1","0"
"Supernova Mining and Exploration Limited","organization","critical_battery","1","0","47478","Nickel/Rare EarthsElements/Uranium","0","0"
"Sunlight Estates Natural Development Limited","organization","gemstones","1","0","42539","Lead/Mercury/Zinc","1","0"
"Sunpeak Investments Limited","organization","critical_battery","1","0","7371","Nickel/Manganese/Zinc","1","1"
"Sunrain Purifield Construction Ltd","organization","construction_materials","1","1","7","Granite","1","1"
"STC Transport and Farming Limited","organization","critical_battery","1","0","712","Iron Ore/Manganese/Gold","1","1"
"Stewes Mineral Resources Limited","organization","critical_battery","1","0","5227","Lithium/Manganese/Gold","0","0"
"Sthomax Mining Company Limited","organization","critical_battery","1","0","406","Limestone (General)/Lead/Sand","1","0"
"Stamojan Limited","organization","unknown","1","0","4","","0","0"
"Starcom Mining Company Limited","organization","gemstones","1","0","7286","Diamond/Copper/Columbite","0","0"
"Starmiles Enterprises Limited","organization","industrial_minerals","1","1","59","Talc-Soapstone/Marble/Limestone (General)","1","1"
"Sudha Mining Resources Zambia Limited","organization","critical_battery","1","0","12542","Manganese/Limestone (General)/Sand","0","0"
"Sulicol Trading Limited","organization","critical_battery","1","0","148","Nickel/Malachite/Zinc","1","0"
"Sulocha Mines Limited","organization","gemstones","1","0","155","Emerald","0","0"
"STRAMIN AFRICA ZAMBIA LIMITED","organization","gemstones","1","0","67104","Rare EarthsElements/Quartz/Niobium (Columbium)","0","0"
"STREAMVILLE HOLDING LIMITED  i","organization","gold","1","1","2","Gold/Copper","0","0"
"Suanni mining limited.","organization","gemstones","1","0","83","Emerald/Gold/Cobalt","0","0"
"Shalom Wesu Multi-purpose Co-operative Society Limited","organization","critical_battery","1","1","7","Sand/Manganese/Zinc","0","0"
"Shamin Resources Limited","organization","gemstones","1","0","3659","Manganese/Malachite/Nickel","0","0"
"SHAN MINING LIMITED","organization","gemstones","1","0","18371","Malachite/Manganese/Lead","0","0"
"Sezic Minerals Limited","organization","critical_battery","1","0","16068","Manganese/Nickel/Lead","0","0"
"SHABEELE GOLD INVESTMENTS LIMITED","organization","critical_battery","1","1","2","Gold/Manganese/Cobalt","1","0"
"Shachizulu Enterprise Limited","organization","gemstones","1","0","762","Nickel/Manganese/Tourmaline","1","0"
"Shimabu Mining Limited","organization","energy_minerals","1","0","3653","Coal","0","0"
"Shindumba Mining Limited","organization","critical_battery","1","0","63901","Nickel/Silver/Zinc","0","0"
"SHIWANGANDU MULTI PURPOSE CO-OPERATIVE SOCIETY LIMITED","organization","critical_battery","1","1","7","Manganese/Quartz/Limestone (General)","0","0"
"Shearzone Resources Limited","organization","gemstones","1","0","21685","Gold/Nickel/Platinum Group Metals","1","0"
"Shen Zhou Investment Compmay Limited","organization","industrial_minerals","1","1","79","Limestone (General)/Granite/Crushed/Broken Stone","1","0"
"Shikuha Minerals Limited","organization","critical_battery","1","0","6253","Nickel/Manganese/Silver","1","0"
"Secure Mines and Minerals Limited","organization","critical_battery","1","0","2153","Selenium/Quartz/Vanadium","0","0"
"Sekanji Suppliers Limited","organization","critical_battery","1","0","680","Silica/Quartz/Titanium","1","0"
"Sele Investements Limited","organization","critical_battery","1","0","399","Manganese/Iron Ore/Copper","0","1"
"Save Lives Multi- Purpose Co-operative Limited","organization","critical_battery","1","1","7","Gold/Manganese/Cobalt","1","0"
"Sckm Mining Company Limited","organization","gemstones","1","0","1","Emerald","1","1"
"Seagreen Mining Company Limited","organization","critical_battery","1","0","811","Lead/Manganese/Zinc","1","0"
"Serengeti Lodge Limited","organization","gemstones","1","0","4767","Manganese/Silver/Zinc","0","0"
"Serenje Ferro Alloys Limited","organization","critical_battery","1","1","20","Manganese/Iron Ore","1","0"
"Serenje Smelting Zambia Limited","organization","critical_battery","1","1","13","Manganese/Copper/Cobalt","1","0"
"Sellome Investment Limited","organization","critical_battery","1","0","1934","Lithium/Silver/Zinc","1","0"
"Selmat Investments Limited","organization","gold","1","0","1115","Quartz/Gold/Copper","1","0"
"SELMIN MINERALS LIMITED","organization","gold","1","1","50","Gold/Copper/Cobalt","1","0"
"Sino Great Chemical Company Limited","organization","gemstones","1","0","72516","Malachite/Iron Ore/Nickel","0","0"
"Sino Great Development Company Zambia Limited","organization","critical_battery","1","0","5747","Tin/Tantalum/Zinc","0","0"
"Sino Great Development Company(Zambia) Limited","organization","critical_battery","1","0","7592","Tin/Tantalum/Zinc","0","0"
"Silver Rock Mining Limited","organization","gemstones","1","0","1528","Silica/Quartz/Mica","1","0"
"SINANKUMBI MINING COOPERATIVE SOCIETY LIMITED","organization","gemstones","1","1","7","Tin/Gemstones/Tourmaline","0","0"
"SINKING MINING LIMITED","organization","critical_battery","1","0","30","Malachite/Limestone (General)/Nickel","0","0"
"Sitepe Cooperative Society Limited","organization","gemstones","1","1","7","Manganese/Malachite/Nickel","0","0"
"Sitonia Limited","organization","gemstones","1","0","512","Beryllium","0","0"
"SIXM ENTERPRISE LIMITED","organization","critical_battery","1","0","13","Manganese/Silver/Zinc","0","0"
"Sino Superstar Investment Limited","organization","gemstones","1","0","3229","Nickel/Manganese/Zinc","0","0"
"Sino West Mining Company","organization","critical_battery","1","0","12079","Manganese/Silver/Gold","0","0"
"SINO-ARAB Investments Limited","organization","critical_battery","1","0","670","Iron Ore/Manganese/Zinc","0","0"
"Shri Subh Metals Limited","organization","critical_battery","1","0","1127","Malachite/Lead/Zinc","0","0"
"Shultz Mining  Limited","organization","gemstones","1","1","128","Emerald/Beryllium","1","1"
"Shuumbwa Resources Limited","organization","gemstones","1","0","3983","Nickel/Quartz/Malachite","0","0"
"Showplus Investment Limited","organization","gemstones","1","0","8993","Tantalum/Lithium/Tin","1","0"
"Shree  Agro Farm Limited","organization","gemstones","1","0","12593","Quartz/Manganese/Rare EarthsElements","1","0"
"Shree Agro Farm Limited","organization","gemstones","1","0","2687","Quartz/Manganese/Rare EarthsElements","0","0"
"Sikum Agencies Limited","organization","critical_battery","1","0","56","Manganese/Iron Ore/Copper","0","0"
"Silchil Construction Solutions Ltd","organization","construction_materials","1","1","3","Sandstone/Lightweight Aggregate","0","1"
"Silver creek  Mining Limited","organization","gold","1","0","20066","Silver/Zinc/Gold","0","0"
"Sianzovu Community Mining Cooperative","organization","gemstones","1","1","7","Quartz/Nickel/Manganese","1","0"
"Siavonga Mining Multi-Purpose Co-operative Limited","organization","gemstones","1","1","7","Gold/Silica/Tantalum","0","0"
"Sibir Investment Limited","organization","critical_battery","1","0","955","Rare EarthsElements/Tantalum/Zinc","1","0"
"Cynatra Trading Limited","organization","gemstones","1","0","499","Manganese/Lithium/Quartz","1","0"
"Dabun Mining Company Limited","organization","gold","1","0","8941","Gold/Copper/Cobalt","0","0"
"Dalmar Investments Limited","organization","gold","1","1","7","Gold/Copper","0","0"
"Copperbelt Chemicals Zambia Limited","organization","critical_battery","1","0","81311","Iron Ore/Manganese/Rare EarthsElements","0","0"
"Cornerstone Resources Mining & Explorations Limited","organization","critical_battery","1","0","7175","Gold/Manganese/Silver","1","0"
"COZ MINERALS LIMITED","organization","base_metals","1","1","53","Copper","1","0"
"Darijo Mining Limited","organization","gemstones","1","0","269","Gold/Gemstones/Malachite","0","0"
"Daron Mining and Exploration Limited","organization","gemstones","1","0","13","Garnet/Emerald/Gold","0","0"
"Datong Industry Corporation Limited","organization","critical_battery","1","0","65884","Iron Ore/Manganese/Copper","0","0"
"Dam Carriers And Logistics Zambia Limited","organization","gemstones","1","0","19336","Rare EarthsElements/Lithium/Zinc","1","0"
"damashi resources limited.","organization","gemstones","1","0","3141","Limestone (General)/Iron Ore/Quartz","0","0"
"Damayacha Mining Limited","organization","gemstones","1","0","765","Tantalum/Tourmaline/Quartz","0","0"
"CLS World Link Limited","organization","gemstones","1","0","29302","Niobium (Columbium)/Nickel/Manganese","1","0"
"Coles Logistics Limited","organization","industrial_minerals","1","0","323","Quartz/Sandstone/Limestone (General)","1","0"
"Collussion Mining Co-cooperative Society Limited","organization","gemstones","1","1","7","Manganese/Lithium/Lead","0","0"
"Clestep General Dealers Limited","organization","gemstones","1","0","448","Gold/Lead/Zinc","0","0"
"Clestmark Investment Limited","organization","gemstones","1","0","14514","Lead/Iron Ore/Manganese","0","0"
"Closet Enterprises Limited","organization","critical_battery","1","0","86","Manganese/Silver/Gold","1","0"
"Copper Rockfield Mines Ltd","organization","critical_battery","1","0","229","Silver/Tin/Uranium","1","0"
"Copper X Resources Limited","organization","base_metals","1","0","27254","Copper","1","0"
"Copper Zone Resources Ltd","organization","critical_battery","1","0","7147","Rare EarthsElements/Manganese/Uranium","0","0"
"Compstat Limited","organization","gemstones","1","0","1425","Quartz/Manganese/Tantalum","1","1"
"Concrete Structures Limited","organization","gemstones","1","0","3531","Iron Ore/Granite/Rare EarthsElements","1","0"
"Coolstone Resources Limited","organization","base_metals","1","0","14232","Copper/Cobalt","1","0"
"David Chikopa Enterprises","organization","gold","1","1","7","Iron Ore/Lead/Zinc","1","1"
"Dias Minerals Mining Company Limited","organization","critical_battery","1","0","4516","Mica/Iron Ore/Silver","0","0"
"Dibri Investment Limited","organization","gemstones","1","0","401","Lithium/Manganese/Lead","1","0"
"DIGI MINERALS MULTI-PURPOSE COOPERATIVE","organization","gold","1","1","7","Gold","0","0"
"Dhoonde Logistics Limited","organization","gold","1","0","835","Iron Ore/Silver/Copper","0","0"
"Diakite Minerals Purple Gem Limited","organization","gemstones","1","1","134","Tantalum/Tin/Zinc","1","1"
"Diars Mining Limited","organization","gemstones","1","0","42610","Manganese/Limestone (General)/Iron Ore","1","0"
"DINOEL INVESTMENTS LIMITED","organization","critical_battery","1","0","948","Iron Ore/Manganese/Zinc","0","0"
"Distinction Work Wear Garments Limited","organization","critical_battery","1","0","110","Manganese/Zinc/Gold","0","0"
"Diverse Minerals Limited","organization","gemstones","1","0","29681","Silver/Nickel/Manganese","0","0"
"Digidrill Exploration Resources Limited","organization","critical_battery","1","0","9665","Manganese/Malachite/Quartz","0","0"
"DIMARBU RESOURCES LIMITED","organization","critical_battery","1","0","331","Limestone (General)/Manganese/Silica","1","0"
"Din Di Mining Development Company Zambia Limited","organization","gold","1","0","7271","Lead/Iron Ore/Magnesium (Brucit)","0","0"
"Dcvictory Investements Limited","organization","critical_battery","1","0","14119","Manganese/Lead/Zinc","0","0"
"Dee Bees Store Limited","organization","gemstones","1","0","20","Limestone (General)/Iron Ore/Anhydrite","0","0"
"Dekalb General Dealers Limited","organization","critical_battery","1","0","133","Malachite/Nickel/Gold","1","0"
"DAWOOD GEMS AND JEWELRY LIMITED","organization","gemstones","1","0","15651","Lead/Iron Ore/Manganese","0","0"
"Daxing Mining Company Limited","organization","critical_battery","1","1","13","Manganese","1","0"
"Daylight Technologies Zambia Limited","organization","gemstones","1","0","10556","Niobium (Columbium)/Manganese/Silver","1","0"
"Des Export Zambia Limited","organization","gold","1","1","10","Gold","1","0"
"Devaberakhah Mining Zambia Limited","organization","gemstones","1","0","13346","Nickel/Lead/Zinc","0","1"
"Dexing Zambia Metallurgical Mining Company Limited","organization","gold","1","0","4275","Malachite/Silver/Zinc","0","0"
"Delta Electrical Work and Suppliers Limited","organization","gold","1","0","439","Gold/Iron Ore/Cobalt","0","0"
"Delta-Zone Mining & Exploration Limited","organization","gemstones","1","0","951","Nickel/Manganese/Quartz","0","0"
"Denny Nyoni Enterprise Limited","organization","industrial_minerals","1","0","167","Quartz/Sand and Gravel/Stone","1","1"
"Clean Lime Zambia Limited","organization","industrial_minerals","1","1","3","Limestone (General)","1","1"
"Chilindi Investment Limited","organization","critical_battery","1","0","993","Iron Ore/Manganese/Copper","1","1"
"Chimanabubwe Business Enterprises Limited","organization","critical_battery","1","0","40","Iron Ore/Manganese/Gold","1","0"
"Chimban  Investments Limited","organization","gemstones","1","0","18124","Lithium/Iron Ore/Gold","1","0"
"Chikonka copper mines Limited","organization","gemstones","1","0","23","Malachite/Iron Ore/Manganese","0","0"
"Chilanga Cement  Plc","organization","industrial_minerals","1","1","119","Limestone (General)","1","0"
"Chilibwino Investment Limited","organization","gemstones","1","0","570","Manganese/Rare EarthsElements/Lead","0","0"
"Chimwelelende Mining Cooperative Society Limited","organization","gemstones","1","1","7","Quartz/Sand and Gravel/Granite","1","0"
"China Hainan Zambia Limited","organization","gemstones","1","0","108918","Quartz/Lithium/Iron Ore","1","0"
"Chindende Chindende Mineral Company Limited","organization","critical_battery","1","0","28273","Gold/Manganese/Cobalt","0","0"
"Chimetal Zambia Limited","organization","critical_battery","1","1","50","Manganese","1","0"
"Chimsoro Farms Limited","organization","industrial_minerals","1","0","472","Silica/Sand and Gravel/Quartz","0","0"
"Chimwelelende Mining Cooperative LTD","organization","gold","1","1","7","Mineral Sands/Quartz/Gold","1","0"
"Chibilika Mines Limited","organization","gemstones","1","0","951","Magnesium (Brucit)/Iron Ore/Quartz","0","0"
"Chibote Mining Company Limited","organization","gold","1","0","511","Gold/Silver/Cobalt","0","0"
"Chibulu Tulipamo Mining Co-operative Society Limited","organization","gemstones","1","1","7","Manganese/Zinc/Gold","1","0"
"Chetu Multi-Purpose Co-Operative Society Limited","organization","gemstones","1","1","7","Silver/Quartz/Nickel","1","0"
"Chiba World Link Zambia Limited","organization","gemstones","1","0","379","Granite/Graphite/Fluorine-Fluorite","1","0"
"Chibaris International(Zambia)Limited","organization","gemstones","1","0","1776","Rare EarthsElements/Niobium (Columbium)/Nickel","1","0"
"CHIHAFE MULTI PURPOSE  CO-OPERATIVE","organization","critical_battery","1","1","7","Manganese/Rhodium/Gold","1","0"
"Chikaban Corporation Zambia Limited","organization","critical_battery","1","0","48918","Iron Ore/Manganese/Gold","0","0"
"Chikola Royal Establishment Resources Limited","organization","critical_battery","1","0","365","Manganese/Lead/Zinc","0","0"
"Chido's Civil Engineering Limited","organization","critical_battery","1","0","2634","Quartz/Rare EarthsElements/Nickel","1","0"
"Chifotoma Tiles & Paint Manufucturing Enterprise Limited","organization","construction_materials","1","0","363","Lightweight Aggregate","1","0"
"Chifwala Mabula Small Mines Company Limited","organization","gemstones","1","0","56","Emerald/Beryllium","1","1"
"Chipe Chipe Youth Multi-Purpose Co-operative Society Limited","organization","gold","1","1","7","Gold/Copper/Cobalt","1","0"
"Chumwe Mining Limited","organization","gemstones","1","1","91","Emerald/Beryllium","1","0"
"Chun Chun Mining Zambia Limited","organization","gemstones","1","0","446","Garnet/Quartz/Fluorine-Fluorite","1","1"
"Chuvubwe Mining Limited","organization","gemstones","1","0","119","Quartz/Emerald/Beryllium","0","0"
"CHOOLWE INVESTMENT LIMITED","organization","gold","1","1","7","Silver/Gold/Copper","0","0"
"Chrismar Earth Moving Equipment Limited","organization","gold","1","0","2047","Lead/Limestone (General)/Silver","0","0"
"Chrispar Mines Limited","organization","gemstones","1","0","400","Aquamarine","0","0"
"CJZ Mineral Resources Limited","organization","critical_battery","1","0","15167","Quartz/Nickel/Silver","0","0"
"CLASSACT VENTURES LIMITED","organization","gold","1","0","43","Gold/Iron Ore/Cobalt","0","0"
"Classic Future Development Company Limited","organization","gold","1","1","7","Gold","1","0"
"Cipembele Exploration and Mining Services Limited","organization","gemstones","1","0","329","Lead/Nickel/Silver","0","0"
"City Junction Limited","organization","critical_battery","1","0","16366","Manganese/Silver/Zinc","1","1"
"City Multipurpose Cooperative Society","organization","gemstones","1","1","3","Tin/Tantalum/Tungsten","1","0"
"Chisokota Multi-purpose Co-operative Society Limited","organization","critical_battery","1","1","7","Lead/Manganese/Zinc","1","0"
"CHISUMA MINING LIMITED","organization","gemstones","1","1","108","Emerald","1","0"
"Chisunka Mining and Natural Resources Foundation Limited","organization","critical_battery","1","0","101","Lead/Manganese/Silver","1","0"
"CHIPELWA GENERAL DEALERS LIMITED","organization","critical_battery","1","0","21643","Nickel/Malachite/Zinc","0","0"
"Chipmonic General Dealers Limited","organization","critical_battery","1","0","885","Nickel/Silver/Gold","1","0"
"Chisaka Estates Limited","organization","critical_battery","1","0","211","Nickel/Silver/Zinc","1","0"
"Chitunda agencies Limited","organization","gemstones","1","0","441","Garnet","0","0"
"Chizam Explosives and Mining Limited","organization","critical_battery","1","0","92","Sand/Quartz/Silver","0","0"
"Choice Minerals Limited","organization","gold","1","0","8166","Iron Ore/Silver/Zinc","1","1"
"CHITETA MINING COMPANY LIMITED","organization","gold","1","0","34574","Gold/Copper/Cobalt","0","0"
"Chitina Copper Mines Limited","organization","critical_battery","1","0","3271","Gold/Manganese/Cobalt","0","0"
"Chitoshi Chiefdom Mineral Resources Limited","organization","critical_battery","1","0","2023","Iron Ore/Manganese/Copper","1","0"
"Fitwama Mining Cooperative Society","organization","gemstones","1","1","45","Emerald","0","1"
"FiveWood Mining International Limited","organization","gemstones","1","0","92","Emerald/Beryllium","0","0"
"Fleissig Investments Company Limited","organization","critical_battery","1","0","8511","Tantalum/Niobium (Columbium)/Tungsten","0","0"
"Firmato Investiment Limited","organization","critical_battery","1","0","982","Manganese/Zinc/Iron Ore","1","0"
"Fisanamano Multi-Purpose Co-operative Society Limited","organization","critical_battery","1","1","7","Manganese/Gold/Copper","1","0"
"Fitole Gem Mines Limited","organization","gemstones","1","1","74","Emerald","0","0"
"Founded Business Trust Refineries Zambia Limited","organization","gold","1","1","7","Gold","1","1"
"Franciscan Mineals Zambia Limited","organization","gemstones","1","1","120","Emerald/Beryllium","1","0"
"Frank Shewitt Enterprises Limited","organization","gemstones","1","0","75","Amethyst","1","1"
"Fleuve Stones Limited","organization","gemstones","1","1","99","Quartz/Tourmaline/Amazonite","1","1"
"Formula Minerals and General Supplies Company Limited","organization","critical_battery","1","0","7015","Manganese/Malachite/Nickel","0","0"
"Founded Business Trust Holdings Zambia Limited","organization","critical_battery","1","1","13","Lead/Iron Ore/Manganese","1","1"
"Falling Star Investments Limited","organization","gold","1","0","4488","Molybdenum/Platinum/Uranium","0","0"
"Family Industries Mining Company Limited","organization","critical_battery","1","0","2520","Iron Ore/Gold/Nickel","1","1"
"Fanamu Mining Company","organization","gold","1","1","155","Silver/Gold/Copper","0","0"
"Ezra Energy Limited","organization","critical_battery","1","0","4726","Silver/Rare EarthsElements/Tin","0","0"
"Faheids Zambia Limited","organization","gold","1","0","388","Gold/Copper/Cobalt","0","0"
"Fair People Multi-Purpose Cooperative Society Limited","organization","gemstones","1","1","7","Coal/Cobalt/Citrine","1","0"
"Fiand Mineral Processing Limited","organization","critical_battery","1","0","220","Lead/Manganese/Silver","1","0"
"Filtrak Zambia Limited","organization","critical_battery","1","0","8392","Iron Ore/Manganese/Silver","0","0"
"Firestone Mining Limited","organization","gemstones","1","1","112","Emerald/Beryllium","0","0"
"Faren Mining and Metalllurgy Zambia Company Limited","organization","gold","1","1","33","Gold/Copper","1","0"
"Favourite Emerald Mine Limited","organization","gemstones","1","1","77","Emerald/Beryllium","1","1"
"Fertilizer Commodities (Z) Limited","organization","gold","1","0","1512","Gold/Iron Ore/Cobalt","1","1"
"Fransia Investments Limited","organization","critical_battery","1","0","40","Manganese/Silver/Zinc","0","0"
"Garbo Resource Zambia Limited","organization","critical_battery","1","0","9324","Nickel/Lead/Zinc","0","1"
"Gateway Express Logistics Limited","organization","gold","1","1","7","Gold","1","0"
"Gatis Freight International Limited","organization","gemstones","1","0","513","Gold/Nickel/Silver","0","0"
"Ganitlines Zambia Limited","organization","critical_battery","1","0","362","Limestone (General)/Iron Ore/Silver","1","1"
"GANUNA MINERALS LIMITED","organization","gold","1","0","45429","Quartz/Zinc/Gold","0","0"
"Garba Trading Limited","organization","gemstones","1","0","47","Emerald/Beryllium","1","0"
"Gemaguo Mining and Contractors Limited","organization","gemstones","1","0","4113","Silver/Manganese/Zinc","1","0"
"Gemgarden Mining Limited","organization","gemstones","1","1","135","Emerald/Garnet/Amethyst","1","0"
"GEO HUB ENTERPRISE LIMITED","organization","gold","1","1","7","Gold/Copper","0","0"
"Gehaanto Enterprises Limited","organization","gemstones","1","0","1278","Silver/Tourmaline/Iron Ore","0","1"
"Geljam Mineral Company Limited","organization","critical_battery","1","0","956","Manganese/Limestone (General)/Tin","1","0"
"Gem Link Africa Limited","organization","critical_battery","1","0","195","Nickel/Quartz/Silver","1","0"
"Frontier Generations Limited","organization","gemstones","1","0","56706","Gold/Quartz/Emerald","1","1"
"Fu Da Resource Management Limited","organization","critical_battery","1","0","8348","Manganese/Zinc/Gold","1","0"
"Fulgent Mining Limited","organization","critical_battery","1","0","4257","Lithium/Silver/Gold","1","0"
"Frichyl General Dealers Limited","organization","construction_materials","1","0","747","Granite","1","0"
"Fromlight Investments Limited","organization","gold","1","1","7","Gold","1","0"
"Front Runners Solutions Limited","organization","critical_battery","1","0","730","Platinum/Manganese/Tantalum","0","0"
"Gadiel Mining Limited","organization","gold","1","0","1835","Silver/Zinc/Gold","1","0"
"GALHARUR INVESTMENT LIMITED","organization","gold","1","1","10","Gold","1","0"
"Ganfeng Mining Group Limited","organization","gemstones","1","0","19751","Molybdenum/Niobium (Columbium)/Gold","1","0"
"G & G National Wide Mining Zambia Limited","organization","gemstones","1","0","102364","Silver/Talc-Soapstone/Quartz","1","0"
"G & G National Wide Zambia Ltd","organization","gemstones","1","1","113","Emerald/Beryllium","1","0"
"Gabmans Limited","organization","gemstones","1","1","90","Emerald/Beryllium","0","1"
"Ezed Mines Limited","organization","critical_battery","1","0","1689","Nickel/Silver/Zinc","1","0"
"DZ Trading and Logistics Company Limited","organization","gold","1","1","13","Gold/Copper","1","0"
"Eagle Eye Mining Multi-purpose Co-operative Society","organization","gemstones","1","1","7","Lead/Iron Ore/Silica","1","0"
"EAGLES HOLDINGS LIMITED","organization","gemstones","1","0","3604","Niobium (Columbium)/Nickel/Molybdenum","0","0"
"DRM Limited","organization","gemstones","1","1","104","Emerald/Beryllium","1","1"
"Dukim Mineral Resources Limited","organization","gemstones","1","0","401","Tourmaline/Zinc/Copper","1","0"
"Duwaco Mining Minerals Limited","organization","critical_battery","1","0","396","Manganese","1","1"
"Easy Resources Limited","organization","gold","1","1","23","Gold/Silver/Cobalt","1","1"
"EASYPATH INVESTMENTS LIMITED","organization","base_metals","1","0","18117","Anhydrite/Gypsum/Copper","0","0"
"ECM PROPERTY GROUP LIMITED","organization","critical_battery","1","0","10303","Malachite/Nickel/Zinc","0","0"
"Easiearth Resources Limited","organization","critical_battery","1","0","21849","Limestone (General)/Lithium/Manganese","1","0"
"EASTNET MULTI-PURPOSE CO-OPERATIVE SOCIETY LIMITED","organization","gemstones","1","1","7","Nickel/Anhydrite/Zinc","0","0"
"East-Tech Investments Limited","organization","critical_battery","1","0","912","Tin/Coal","1","1"
"Double ""C"" Investments Limited","organization","gemstones","1","1","45","Tourmaline/Emerald","1","0"
"Double impacty Construction Company Ltd","organization","industrial_minerals","1","1","11","Marble/Limestone (General)","1","1"
"Doug Morgar Multi Purpose Co-operate Society","organization","gemstones","1","1","7","Amethyst","0","0"
"Diversity Metal Limited","organization","critical_battery","1","0","530","Nickel/Silver/Gold","1","0"
"Dongsen Mining & Investment Limited","organization","gemstones","1","0","94683","Ruby/Quartz/Zinc","1","0"
"DONOVAN MINERAL RESOURCES ZAMBIA LIMITED","organization","critical_battery","1","0","19315","Iron Ore/Manganese/Uranium","0","0"
"Dr Ice Enterprise Limited","organization","gemstones","1","0","3299","Manganese/Tourmaline/Zinc","1","1"
"Drift Mining Limited","organization","gold","1","0","43964","Gold/Silver/Cobalt","1","0"
"Drip Engineering and Construction Limited","organization","critical_battery","1","0","569","Iron Ore/Nickel/Copper","0","0"
"Doug Morgar Multi-Purpose Co-operative Society Limited","organization","gemstones","1","1","3","Amethyst","0","0"
"Doug-Morgar Mult-Purpose Co-operative Society","organization","gemstones","1","1","7","Tantalum/Tin/Amethyst","0","0"
"DPKF Commercial Limited","organization","gold","1","1","7","Gold/Copper","1","0"
"ECO MINING CO-OPERATIVE SOCIETY LIMITED","organization","gold","1","1","7","Iron Ore/Silver/Zinc","0","0"
"Environmental Spirit Strategies Limited","organization","gold","1","0","32314","Gold/Zinc/Cobalt","1","0"
"Epitomatic General Trade Limited","organization","critical_battery","1","0","80","Nickel/Manganese/Malachite","0","0"
"Equitable Zambian Mining and Minerals Cooperative Society","organization","industrial_minerals","1","1","7","Fluorine-Fluorite/Quartz/Clay (General)","1","0"
"Empire Rock Limited","organization","gemstones","1","0","36","Limestone (General)/Iron Ore/Anhydrite","1","0"
"EMPRIRIC TRADING LIMITED","organization","gold","1","1","54","Gold","1","0"
"Engco Civils Limited","organization","critical_battery","1","0","827","Iron Ore/Manganese/Cobalt","0","1"
"Evergreat Investment Company Limited","organization","industrial_minerals","1","0","1237","Limestone (General)/Granite/Dolomite","0","1"
"EVONSE INVESTMENTS LIMITED","organization","base_metals","1","0","73417","Copper","0","0"
"Expat Management Services Limited","organization","critical_battery","1","0","892","Quartz/Nickel/Zinc","0","0"
"Equitable Zambian Mining and Minerals Cooperative Society Limited","organization","gemstones","1","1","7","Gold/Manganese/Mineral Sands","1","0"
"E-Stone Works Enterprises Limited","organization","gemstones","1","0","13","Lithium/Manganese/Iron Ore","1","0"
"Ethical Exim Investments Limited","organization","critical_battery","1","1","13","Manganese/Aluminum (Other)","1","0"
"EKS Mining International Limited","organization","gemstones","1","1","24","Emerald","1","0"
"EKS Mining International Ltd","organization","gemstones","1","1","150","Emerald/Beryllium","1","0"
"Elatis Investements Limited","organization","critical_battery","1","0","249","Manganese/Quartz/Silver","1","0"
"ECOSAN Development and Trading Limited","organization","gemstones","1","0","982","Mica/Gold/Tantalum","1","0"
"Ecotrade Resources Limited","organization","critical_battery","1","0","22523","Granite/Manganese/Silver","0","1"
"EKAA Hrim Earth Resources Minerals and Management Limited","organization","critical_battery","1","0","4351","Nickel/Manganese/Zinc","1","0"
"EM Mining Corporation Limited","organization","critical_battery","1","0","24444","Nickel/Manganese/Zinc","0","0"
"Emmacho Enterprises Limited","organization","critical_battery","1","0","9382","Lead/Manganese/Zinc","1","0"
"Emmanuel and Joseph Scrap Metal Co. Ltd.","organization","gemstones","1","1","40","Emerald","1","1"
"Elijah Moomba General Dealers Limited","organization","gemstones","1","1","13","Iron Ore/Silver/Zinc","1","0"
"Elikace Mining Limited","organization","gold","1","0","174","Gold/Copper","0","0"
"Elikato General Dealers Limited","organization","gold","1","0","13","Limestone (General)/Lead/Zinc","0","0"
"Armada Minerals Limited","organization","critical_battery","1","0","29208","Platinum/Palladium/Nickel","0","0"
"Asal Trading Limited","organization","gold","1","1","20","Gold","1","0"
"Asalaam Zambia Limited","organization","industrial_minerals","1","0","175","Limestone (General)/Sand/Dolomite","0","0"
"ARACELEE HOLDINGS LIMITED","organization","critical_battery","1","0","3190","Gold/Manganese/Zinc","0","0"
"Arinus Limited","organization","gemstones","1","1","39","Emerald","1","0"
"Arlinton Investment Limited","organization","critical_battery","1","0","815","Tantalum/Tin/Lithium","1","0"
"Ashvan Construction Limited","organization","gemstones","1","0","8748","Gold/Silver/Tourmaline","0","0"
"Aspire Mining Limited","organization","critical_battery","1","0","12898","Manganese/Nickel/Iron Ore","0","0"
"ASTER SAPPHIRE IMPORT AND EXPORT LIMITED","organization","gemstones","1","0","10093","Manganese/Lead/Nickel","0","0"
"Asbelow Mining & Business Consultancy Limited","organization","critical_battery","1","0","73","Manganese/Nickel/Zinc","1","0"
"Ashira Enterprise Limited","organization","gold","1","0","6940","Lead/Silver/Zinc","0","0"
"Ashira Mining Limited","organization","gemstones","1","0","72","Gold/Emerald/Silver","1","0"
"Anantha Minerals Limited","organization","gemstones","1","0","81","Niobium (Columbium)/Nickel/Molybdenum","0","0"
"Anathoth Resources Limited","organization","critical_battery","1","0","913","Tin/Manganese/Coal","1","1"
"Andych Auto Garage Limited","organization","gemstones","1","0","481","Iron Ore/Gold/Zinc","0","0"
"AMBER Investments & Mining Limited","organization","gold","1","0","20899","Lead/Silver/Zinc","0","0"
"Ameya Marble Limited","organization","industrial_minerals","1","1","3","Limestone (General)","1","0"
"Anahela Gold Mining Co-operative Society Limited","organization","critical_battery","1","1","7","Lead/Manganese/Zinc","1","0"
"Apeiron Mining Limited","organization","gold","1","0","335","Quartz/Zinc/Gold","0","0"
"APP STAR  INVESTMENTS LIMITED","organization","gold","1","1","7","Gold","1","0"
"Aqu-Desert Zambia Limited","organization","gold","1","0","27","Stone/Gold/Copper","1","0"
"Anglo Exploration Zambia Limited","organization","critical_battery","1","0","4833","Rare EarthsElements/Manganese/Uranium","0","0"
"Angra Resources Limited","organization","critical_battery","1","0","992","Manganese/Limestone (General)/Zinc","0","0"
"Aore Vein Minerals Limited","organization","gemstones","1","0","707","Precious Gems/Platinum Group Metals/Palladium","0","0"
"Astro Quarries Limited","organization","industrial_minerals","1","1","10","Limestone (General)","1","1"
"Baluba Minerals Limited","organization","gemstones","1","0","145005","Manganese/Limestone (General)/Lead","0","1"
"Balume Mining Co-operative Society Limited","organization","gemstones","1","1","7","Gold/Iron Ore/Zinc","0","0"
"Bambelela Solutions Limited","organization","gemstones","1","0","2973","Iron Ore/Gold/Limestone (General)","1","0"
"Baalgoray Trading Limited","organization","gold","1","1","7","Gold","1","0"
"Bachoba Multi-Purpose Co-operative Society Limited","organization","critical_battery","1","1","7","Silica/Manganese/Silver","1","0"
"Bakwalufu Enterprises Ltd","organization","critical_battery","1","1","100","Nickel/Silver/Uranium","0","0"
"Baochuan Industry Company Limited","organization","gemstones","1","0","3079","Gypsum/Anhydrite/Granite","1","0"
"BASE METAL EXPLORATION CONSULTANCY LIMITED","organization","gemstones","1","0","3537","Quartz/Manganese/Sugilite","0","0"
"Basemetalic Zambia Limited","organization","industrial_minerals","1","0","297","Marble/Limestone (General)","1","1"
"Bangweulu Batteries Limited","organization","critical_battery","1","0","28191","Manganese/Lead/Uranium","0","0"
"Bans Country wide Tours Limited","organization","critical_battery","1","0","19002","Lead/Iron Ore/Lithium","1","0"
"Bans Countrywide Tours Limited","organization","critical_battery","1","0","12424","Rare EarthsElements/Silica/Platinum Group Metals","0","0"
"Auriga Minerals Limited","organization","gold","1","1","20","Silver/Gold/Copper","1","0"
"Aurum Trading Limited","organization","gemstones","1","0","43","Quartz/Nickel/Tantalum","1","0"
"Awesome Diamonds Corporation Limited","organization","gemstones","1","0","206","Silver/Quartz/Nickel","0","0"
"Astrome Solutions Zambia Limited","organization","critical_battery","1","0","820","Granite/Manganese/Silver","1","1"
"Atlas Alloys Zambia Limited","organization","critical_battery","1","1","13","Manganese","1","1"
"Aupie Mining Company Limited","organization","gemstones","1","0","89","Tourmaline/Quartz/Aquamarine","0","0"
"Aztec Mining Limited","organization","critical_battery","1","0","2593","Manganese/Silver/Lead","1","0"
"B&G Holdings Limited","organization","gold","1","0","652","Iron Ore/Malachite/Gold","1","0"
"B.C.N INTERNATIONAL LIMITED","organization","gemstones","1","0","11585","Gold/Lithium/Copper","0","0"
"Azadi Investment Limited","organization","critical_battery","1","0","493","Lead/Manganese/Zinc","1","1"
"AZANIA MINING COMPANY LIMITED","organization","gemstones","1","0","990","Iron Ore/Lead/Manganese","1","0"
"AZMI MINING CO OPERATIVE SOCIETY LIMITED","organization","gold","1","1","7","Gold","0","0"
"Alumbwe Emerald Mines Limited","organization","gemstones","1","1","111","Quartz/Tourmaline/Beryllium","1","1"
"AFRICA BASE METALS HOLDING LIMITED","organization","gemstones","1","0","8241","Mineral Sands/Nickel/Manganese","0","0"
"African Crane Hiring and Logistics Limited","organization","critical_battery","1","0","4307","Nickel/Manganese/Zinc","1","0"
"African Ferro Alloys Limited","organization","critical_battery","1","1","20","Manganese","1","1"
"ADHI SHIVA ENTERPRISES LIMITED","organization","critical_battery","1","0","990","Malachite/Manganese/Zinc","0","0"
"Adonai Exploration and Mining Company Limited","organization","gemstones","1","0","10866","Tin/Tourmaline/Copper","1","0"
"Afreca Gold City Limited","organization","critical_battery","1","0","13321","Lithium/Tungsten/Zinc","0","0"
"Africoal Investment Company Limited","organization","gold","1","0","2044","Gold/Silver/Copper","0","0"
"Africon Mining and Minerals Limited","organization","gemstones","1","0","3143","Manganese/Niobium (Columbium)/Quartz","0","0"
"Afrimin Resources Limited","organization","critical_battery","1","0","9690","Nickel/Platinum Group Metals/Gold","0","0"
"AFRICAN GOLD TRADERS LIMITED","organization","gemstones","1","0","451","Quartz/Silica/Manganese","1","0"
"African Metals and  Mining Limited","organization","gemstones","1","0","1479","Limestone (General)/Lead/Manganese","1","1"
"African Minerals and Metals Corporation Limited","organization","gemstones","1","0","22338","Silver/Zinc/Gold","1","0"
"AAkala Investment Limited","organization","gemstones","1","0","121","Amethyst","0","0"
"Abeydo Investment Limited","organization","critical_battery","1","0","20136","Nickel/Manganese/Zinc","1","0"
"Abida Seed Consulting Limited","organization","gemstones","1","0","952","Rare EarthsElements/Manganese/Zinc","1","0"
"5 stars Multi Purpose Coopérative Society Limited","organization","critical_battery","1","1","7","Sand and Gravel/Quartz/Zinc","1","0"
"A.L. IMPORTERS AND EXPORTERS LIMITED","organization","gemstones","1","0","95","Manganese/Malachite/Limestone (General)","0","0"
"AA Ventures Company Limited","organization","base_metals","1","1","20","Copper","0","0"
"Addulum Cave Investments Limited","organization","critical_battery","1","0","1819","Quartz/Manganese/Zinc","1","0"
"ADEMUKO MINING CONTRACTORS AND ENGINEERING  SERVICES LIMITED","organization","critical_battery","1","0","800","Quartz/Mica/Manganese","0","0"
"Adept Services Zambia Limited","organization","base_metals","1","0","350","Copper","1","0"
"Abracha Zambia Limited","organization","gemstones","1","0","32","Emerald/Beryllium","0","0"
"Activeone Investment Limited","organization","gold","1","1","7","Iron Ore/Sand/Copper","1","0"
"ADAKOLE VENTURES LIMITED","organization","gemstones","1","0","954","Lead/Iron Ore/Granite","0","0"
"Afristones Resources Limited","organization","gemstones","1","0","1000","Lead/Iron Ore/Manganese","1","0"
"Alaska Solutions Limited","organization","base_metals","1","1","13","Copper","1","0"
"Albany Logistics Limited","organization","critical_battery","1","0","109","Nickel/Manganese/Zinc","1","0"
"Albino Multipurpose Cooperative Society Limited","organization","gemstones","1","1","7","Quartz/Manganese/Limestone (General)","1","0"
"Akainga Multi-purpose Co-operative Society Limited","organization","critical_battery","1","1","7","Iron Ore/Lead/Nickel","1","0"
"Aku Resources Limited","organization","gold","1","1","13","Gold/Copper","1","0"
"Alanbeier Investments Zambia Limited","organization","critical_battery","1","0","596","Iron Ore/Manganese/Copper","0","0"
"ALINAFE WB INVESTMENTS LIMITED","organization","critical_battery","1","0","5122","Iron Ore/Manganese/Gold","1","0"
"Alphaone Investments Limited","organization","gold","1","1","7","Sand/Silver/Zinc","0","0"
"Alpine Prperties Limited","organization","critical_battery","1","0","972","Iron Ore/Nickel/Zinc","1","1"
"ALD Plant & Fleet Management Limited","organization","construction_materials","1","1","99","Granite/Crushed/Broken Stone","1","0"
"Alfmega Solutions Limited","organization","gemstones","1","0","4559","Diamond/Gold/Cobalt","1","0"
"ALGLOBAL NATURAL RESOURCES LIMITED","organization","critical_battery","1","0","873","Quartz/Manganese/Zinc","0","0"
"Afromi Investments Limited","organization","critical_battery","1","0","22588","Iron Ore/Nickel/Uranium","0","0"
"AFTHONI METALS CONSORTIUM LIMITED","organization","gemstones","1","0","1090","Manganese/Mineral Sands/Iron Ore","0","0"
"AgenaCorp Zambia Ltd","organization","critical_battery","1","0","745","Silver/Tantalum/Palladium","1","0"
"Afritrans Global Investments Limited","organization","gemstones","1","0","969","Lead/Iron Ore/Zinc","0","1"
"Afro Asia Mining Zambia Limited","organization","critical_battery","1","0","6190","Iron Ore/Manganese/Silver","0","0"
"Afro Development Services Limited","organization","gemstones","1","0","917","Iron Ore/Manganese/Quartz","1","1"
"AIGLE MULTI-PURPOSE COOPERATIVE SOCIETY LIMITED","organization","gemstones","1","1","7","Quartz/Gold/Zinc","1","0"
"Aimstrike Resources Limited","organization","gold","1","0","2089","Lead/Silver/Zinc","1","0"
"AJM Construction Limited","organization","construction_materials","1","0","137","Sand and Gravel/Crushed/Broken Stone","1","0"
"Aggregates Limited","organization","industrial_minerals","1","1","36","Dolomite","0","0"
"AGS Pneumatics Services Limited","organization","gemstones","1","0","900","Platinum/Nickel/Manganese","1","0"
"Ahom Investments Limited","organization","gold","1","1","7","Gold","1","0"
"CCGM Geology and Mining (Z) Ltd","organization","critical_battery","1","0","85678","Manganese/Gold/Copper","0","0"
"CENTICUS ENERGY LIMITED","organization","gemstones","1","0","17903","Nickel/Manganese/Quartz","0","0"
"Central Africa Renewable Energy Corporation Limited","organization","critical_battery","1","0","34181","Nickel/Uranium/Zinc","1","0"
"Careys Health Services Limited","organization","critical_battery","1","0","7920","Manganese/Silica/Copper","1","0"
"Carly Prints International Limited","organization","critical_battery","1","0","1801","Manganese/Nickel/Rare EarthsElements","0","0"
"CBK Holding and Mineral Resources Limited","organization","gemstones","1","0","16398","Manganese/Mica/Limestone (General)","0","0"
"Centralpit Learn Multi-purpose Co-operative Society Limited","organization","critical_battery","1","1","7","Silica/Graphite","0","0"
"Century Minerals And Metals Mining Limited","organization","critical_battery","1","0","32666","Nickel/Manganese/Limestone (General)","0","0"
"CHABOOTA INNOVATIONS LIMITED","organization","gold","1","1","30","Gold/Copper","0","0"
"Central Province Agricultural Growth Scheme Of Zambia Limited","organization","base_metals","1","1","50","Copper/Cobalt","1","0"
"Central Province Co-operative Union Limited","organization","critical_battery","1","1","7","Manganese/Lead/Zinc","1","0"
"Central Youth Muilt Purpose Cooperative Society Limited","organization","critical_battery","1","1","7","Zinc/Manganese/Lead","1","0"
"Butemwe Mulutula Investments Limited","organization","gemstones","1","0","303","Manganese/Lithium/Granite","1","0"
"BUterla Investment Holdings Limited","organization","gold","1","0","942","Limestone (General)/High Calcium Limestone/Talc-Soapstone","0","0"
"Buyaco Intergrated Limited","organization","base_metals","1","0","93","Zinc/Iron Ore/Copper","1","1"
"Buneme Multi-Purpose Cooperative Society Limited","organization","gold","1","1","7","Iron Ore/Lead/Silver","0","0"
"BUNTINGWA RESOURCES LIMITED","organization","base_metals","1","1","70","Copper/Cobalt","1","0"
"Butemwe Farming Services Limited","organization","gold","1","0","367","Molding/Sand/Silver","1","1"
"Caingu Gem Mines Lapidary Limited","organization","gemstones","1","0","195","Rare EarthsElements/Tantalum/Tin","0","0"
"Cales Investment Limited","organization","critical_battery","1","0","959","Silver/Nickel/Zinc","1","0"
"Camland Construction Limited","organization","gold","1","0","81662","Gold/Zinc/Cobalt","1","0"
"Bwesu Ubunonshi Multi-Purpose Cooperative Society Limited","organization","critical_battery","1","1","7","Tantalum/Tin/Rare EarthsElements","0","0"
"Bwino Mining Limited","organization","gemstones","1","0","120","Lead/Iron Ore/Zinc","1","0"
"Cabral Mining Minerals Limited","organization","critical_battery","1","0","8712","Manganese/Silver/Zinc","0","1"
"Chakam Mining Limited","organization","critical_battery","1","0","962","Platinum/Manganese/Silver","0","0"
"Charizma Enterprises Limited","organization","industrial_minerals","1","1","46","Limestone (General)/Dolomite","1","1"
"Chau Ubuntu Multi- Purpose Co-operative Limited","organization","gemstones","1","1","7","Iron Ore/Anhydrite/Gypsum","1","0"
"Chavuma Mineral Resources Limited","organization","gemstones","1","0","1075","Anhydrite/Gypsum/Gold","1","0"
"Chanosi Enterprises and General Dealers Limited","organization","gemstones","1","0","107","Mica/Nickel/Limestone (General)","0","0"
"Chao Chikupi Mining Cooperative","organization","gold","1","1","7","Gold/Copper/Cobalt","1","0"
"CHARFIN INVESTMENT LIMITED","organization","gemstones","1","0","4730","Gold/Iron Ore/Silver","0","0"
"Chereb Investment Limited","organization","gold","1","0","40583","Lead/Silver/Zinc","1","0"
"Cherery Mining Company Limited","organization","critical_battery","1","0","949","Manganese/Nickel/Iron Ore","1","0"
"Chesu Mining Limited","organization","gemstones","1","0","386","Manganese/Iron Ore/Silver","0","0"
"Cheban Mining Limited","organization","gold","1","0","761","Palladium/Silver/Gold","1","1"
"Chema Mining Limited","organization","gemstones","1","0","120","Emerald","1","0"
"Chengde Mining Limited","organization","critical_battery","1","1","13","Lead/Iron Ore/Manganese","1","0"
"Chakumbila Multi-Purpose Co-operative Society Limited","organization","gold","1","1","7","Iron Ore/Gold/Copper","0","0"
"CHAKWANGA MULTI PURPOSE COOPERATION SOCIETY LIMITED","organization","critical_battery","1","1","7","Gold/Manganese/Cobalt","0","0"
"Chamat Suppliers and General Dealers Limited","organization","critical_battery","1","0","834","Nickel/Silver/Zinc","1","0"
"Chaka's Mining and Suppliers Limited","organization","gemstones","1","1","91","Quartz/Aquamarine/Amethyst","0","0"
"CHAKRA MINES AND MINERALS LIMITED","organization","critical_battery","1","0","819","Manganese/Zinc/Gold","0","0"
"Chakumbila Mining Co-operative Society Limited","organization","gold","1","1","7","Iron Ore/Gold/Copper","0","0"
"Changa Mining Limited","organization","critical_battery","1","0","36386","Iron Ore/Manganese/Gold","0","0"
"Changa-Changa Exploration Limited","organization","critical_battery","1","0","6911","Lead/Manganese/Zinc","0","1"
"Changzhou Zambia Resources Company Limited","organization","industrial_minerals","1","1","43","Limestone (General)","1","1"
"Chambre Mining Company Limited","organization","gemstones","1","0","4898","Nickel/Gold/Zinc","0","0"
"Champalesa Nemwine Multi-Purpose Co-operative Limited","organization","gemstones","1","1","2","Gold/Mineral Sands/Amethyst","1","0"
"Chamula Resources Limited","organization","gold","1","0","1747","Gold/Copper/Barium-Barite","1","0"
"Bulongo Mining Zambia Limited","organization","gemstones","1","0","532","Titanium/Tourmaline/Tungsten","0","0"
"BHAVANI MINING LIMITED","organization","critical_battery","1","0","17931","Manganese/Lead/Zinc","0","0"
"Bhavesh Overseas Zambia Limited","organization","base_metals","1","1","20","Lead/Copper/Aluminum (Other)","1","1"
"Big 3 Lithium Investments Limited","organization","critical_battery","1","0","28549","Tin/Titanium/Niobium (Columbium)","1","0"
"Benox Investments Limited","organization","critical_battery","1","0","301","Nickel/Manganese/Zinc","1","0"
"Beunasha Multi Purpose Cooperative Society Limited","organization","critical_battery","1","1","7","Lead/Tin/Zinc","1","0"
"Beyond Borders Resources Limited","organization","critical_battery","1","0","9303","Gold/Manganese/Cobalt","0","0"
"Blaze Metals Resources Limited","organization","gemstones","1","0","17671","Rare EarthsElements/Manganese/Zinc","0","0"
"Blinkasset Enterprises Limited","organization","gemstones","1","0","555","Nickel/Manganese/Zinc","0","0"
"Blue Desert Engineering Consultancy Limited","organization","critical_battery","1","0","658","Manganese/Quartz/Zinc","1","0"
"Big ponds Zambia Limited","organization","gold","1","0","33","Limestone (General)/Lead/Zinc","0","0"
"Bimbe Mines Limited","organization","critical_battery","1","0","3847","Manganese/Lead/Uranium","1","0"
"Black Impala Resources Limited","organization","gemstones","1","0","42313","Malachite/Limestone (General)/Lead","0","0"
"BED-ROCK MINE LIMITED","organization","gemstones","1","1","35","Emerald","0","1"
"Beker Mining Limited","organization","critical_battery","1","0","84261","Nickel/Lead/Zinc","1","1"
"Belipajaali Enterprises Limited","organization","gold","1","0","904","Zinc/Gold/Copper","0","1"
"Bauxite Mining Limited","organization","gold","1","0","66","Silica/Silver/Zinc","1","0"
"Bayaji Zambia Limited","organization","critical_battery","1","0","72657","Gold/Manganese/Cobalt","0","0"
"Beatis Ventura Limited","organization","gemstones","1","0","56","Tantalum/Silver/Quartz","1","0"
"Benechishi Mining Co-operative Society Limited","organization","critical_battery","1","1","7","Rare EarthsElements/Feldspar/Chromium","1","0"
"Bengold Minerals Limited","organization","gemstones","1","0","390","Manganese/Lead/Zinc","0","0"
"Benja Innovations Zambia Limited","organization","critical_battery","1","0","4090","Manganese/Malachite/Zinc","0","0"
"Belmt Resources Mining Company Limited","organization","gemstones","1","0","4349","Silver/Quartz/Zinc","0","0"
"Benchmark Mining Limited","organization","critical_battery","1","0","16","Lead/Iron Ore/Manganese","1","1"
"Bendu Transport Limited","organization","industrial_minerals","1","1","67","Silica/Sand and Gravel","1","1"
"Blue Dream Investment Limited","organization","industrial_minerals","1","1","2","Laterite/Limestone (General)/Dolomite","1","0"
"Broken Hill Merchants Limited","organization","critical_battery","1","0","3055","Nickel/Silver/Zinc","0","0"
"Brooks Commodities Limited","organization","gold","1","0","34225","Iron Ore/Lead/Limestone (General)","1","0"
"Bruhati Mining and Minerals Limited","organization","critical_battery","1","1","50","Manganese","1","0"
"Brinewlam Mining Limited","organization","gemstones","1","0","872","Manganese/Quartz/Iron Ore","1","0"
"Broadway Mining Cooperative Society Limited","organization","gold","1","1","7","Gold/Copper","0","0"
"Brockworth Exploration & Mining Limited","organization","industrial_minerals","1","0","10696","Anhydrite/Gypsum","0","1"
"Build Gene Mining and Construction Limited","organization","gemstones","1","1","144","Manganese/Tourmaline/Gold","1","1"
"BuildFreca Construction Limited","organization","critical_battery","1","0","45791","Gold/Nickel/Cobalt","1","0"
"Bukema Mining Limited","organization","gemstones","1","0","943","Manganese/Iron Ore/Quartz","1","1"
"Bubala Mining and Construction Limited","organization","base_metals","1","0","798","Anhydrite/Gypsum/Iron Ore","1","1"
"Bubanji Resources Limited","organization","gold","1","1","20","Gold","1","0"
"Buffalo Hill Investments Limited","organization","critical_battery","1","0","29780","Silver/Manganese/Zinc","0","0"
"BOMBA ULYA MINING COOPERATIVE SOCIETY LIMITED","organization","gemstones","1","1","7","Quartz/Sugilite/Tourmaline","1","0"
"Bonita Logistics Limited","organization","gold","1","0","67","Quartz/Silica/Silver","1","1"
"BONSE MINING LIMITED","organization","critical_battery","1","0","36389","Quartz/Manganese/Zinc","1","0"
"Blueware Investments Limited","organization","critical_battery","1","0","995","Iron Ore/Manganese/Gold","1","0"
"BNV Holdings Limited","organization","critical_battery","1","0","871","Iron Ore/Manganese/Zinc","0","0"
"BOMAS Mining Cooperative Society","organization","gemstones","1","1","7","Silver/Tourmaline/Gold","0","0"
"Brick Smart Zambia Investment Limited","organization","gemstones","1","0","15457","Lead/Iron Ore/Manganese","0","0"
"Bright Sky Mining Limited","organization","gemstones","1","0","949","Manganese/Malachite/Limestone (General)","0","0"
"Brilliant Exploration and Mining Limited","organization","gemstones","1","0","2677","Silica/Quartz/Manganese","1","0"
"Bonum Investments Limited","organization","gemstones","1","0","532","Emerald","0","1"
"Bonway Investments Limited","organization","critical_battery","1","0","2006","Nickel/Manganese/Uranium","1","0"
"Brand Equity Limited","organization","critical_battery","1","0","476","Manganese/Nickel/Gold","1","1"
"Kilobo Multi-purpose Cooperative Society Limited","organization","gold","1","1","7","Gold/Copper/Cobalt","0","0"
"Kilonga Investment Limited","organization","gemstones","1","0","8118","Manganese/Limestone (General)/Zinc","0","0"
"Kindred Mining Limited","organization","industrial_minerals","1","0","887","Silica/Quartz/Limestone (General)","1","0"
"Khazma Investments Limited","organization","gemstones","1","0","130","Tantalum/Tin/Quartz","0","0"
"Khlozo Construction And General Dealers Limited","organization","critical_battery","1","0","447","Nickel/Silver/Zinc","0","0"
"KIKANA MINERALS LIMITED","organization","critical_battery","1","0","23702","Lead/Manganese/Silver","0","0"
"KLC Investments Limited","organization","gemstones","1","0","903","Limestone (General)/Rare EarthsElements/Ruby","0","1"
"KMC Engineering & Construction Limited","organization","critical_battery","1","0","944","Nickel/Manganese/Quartz","0","0"
"KMCI Mining Limited","organization","critical_battery","1","0","990","Lead/Manganese/Zinc","1","0"
"Kinghorse Investment Limited","organization","industrial_minerals","1","0","632","Limestone (General)/Sand and Gravel/Clay (General)","1","0"
"Kingslight Minerals Limited","organization","gemstones","1","0","830","Manganese/Quartz/Silver","1","0"
"Klay Investements Limited","organization","industrial_minerals","1","0","268","Limestone (General)/Granite/Dolomite","1","0"
"Kend Engineering Limited","organization","gold","1","0","400","Gold/Copper","1","0"
"Kenjess general Dealers Limited","organization","gold","1","0","644","Gold/Copper","0","0"
"Kenlen Minerals Limited","organization","gold","1","0","981","Quartz/Zinc/Gold","1","1"
"Kekedar Investment Zambia Company Limited","organization","industrial_minerals","1","0","1699","Sand/Molding/Talc-Soapstone","1","0"
"KELINK GENERAL DEALERS LIMITED","organization","critical_battery","1","0","11881","Sugilite/Silver/Titanium","1","0"
"Kemose Mining Limited","organization","gemstones","1","0","5780","Lead/Iron Ore/Limestone (General)","1","0"
"Kevmich Resources Limited","organization","gold","1","1","10","Gold/Copper/Cobalt","1","0"
"Kezram Minerals and Chemical Limited","organization","gold","1","0","402","Gold/Copper","1","0"
"Khasavasa Resources Limited","organization","critical_battery","1","0","563","Lead/Manganese/Zinc","0","1"
"Kennados Mining Ventures Co-operative Society Limited","organization","gemstones","1","1","7","Silica/Tantalum/Tin","0","0"
"Kesava Mineral Limited","organization","gemstones","1","0","394","Gold/Nickel/Emerald","0","0"
"Kesya Resources Limited","organization","gemstones","1","0","1053","Iron Ore/Coal/Amethyst","1","0"
"KMR Geo Resources Limited","organization","gold","1","0","217","Iron Ore/Quartz/Silver","1","0"
"Kula Resources Limited","organization","critical_battery","1","0","40464","Platinum Group Metals/Nickel/Zinc","0","0"
"Kunachi Northwest Investements Limited","organization","gemstones","1","0","870","Rare EarthsElements/Manganese/Zinc","1","0"
"Kushinshika Investments Limited","organization","gemstones","1","1","27","Quartz/Emerald/Citrine","1","0"
"Kuhimpika Mining Company Limited","organization","gold","1","0","952","Iron Ore/Silver/Gold","1","0"
"KUKUMBA NA KULIMA MULTI-PURPOSE CO-OPERATIVE SOCIETY LIMITED","organization","gemstones","1","1","2","Palladium/Nickel/Manganese","0","0"
"Kukwatakana Community Initiative Foundation","organization","critical_battery","1","0","385","Nickel/Lead/Zinc","1","0"
"Kwetu Multi Purpose Co-operative Society Limited","organization","gold","1","1","7","Quartz/Gold","1","0"
"KWICK CHEKS MINES LIMITED","organization","gemstones","1","0","494","Manganese/Sand/Limestone (General)","0","0"
"Kwikfix Engineering Limited","organization","gold","1","0","18758","Gold/Copper/Cobalt","1","0"
"KUTANGA MINING LIMITED","organization","gemstones","1","0","76","Manganese/Malachite/Zinc","0","0"
"Kuti Foods Company Limited","organization","gemstones","1","0","63","Tantalum/Quartz/Tourmaline","1","0"
"Kuza Investments Limited","organization","critical_battery","1","0","899","Nickel/Manganese/Talc-Soapstone","1","1"
"Kozoo mining multi -purpose cooperative society Limited","organization","gold","1","1","7","Sand/Limestone (General)/Gold","0","0"
"KPR Investments Limited","organization","critical_battery","1","0","88396","Nickel/Manganese/Zinc","0","0"
"Krisos Manufacturing Limited","organization","critical_battery","1","0","5277","Manganese/Zinc/Cobalt","1","0"
"Koala Mining Limited","organization","gemstones","1","0","1756","Lithium/Gold/Quartz","1","0"
"Koeshma Business Ventures LTD","organization","critical_battery","1","0","524","Rare EarthsElements/Silica/Silver","0","0"
"Kovichi Contractors and Suppliers Limited","organization","industrial_minerals","1","1","27","Silica/Sand and Gravel","1","1"
"Kubanta Investements Limited","organization","gemstones","1","0","4452","Gold/Iron Ore/Tourmaline","1","1"
"Kuchomwetu Mining company Limited","organization","gemstones","1","0","6091","Nickel/Manganese/Gravel","0","0"
"Kudinkaku Multi-Purpose Society Limited","organization","critical_battery","1","1","7","Limestone (General)/Lead/Zinc","1","0"
"Kroup Mining and Processing Limited","organization","base_metals","1","1","3","Copper/Cobalt","1","0"
"KSP Investements Limited","organization","gemstones","1","0","3701","Iron Ore/Graphite/Zinc","1","0"
"Kuaisu Auto Service Limited","organization","gold","1","0","2609","Iron Ore/Zinc/Gold","0","0"
"Kaystech Zambia Limited","organization","critical_battery","1","0","990","Rare EarthsElements/Zinc/Iron Ore","1","0"
"Kantobo Mining Limited","organization","base_metals","1","1","149","Copper/Cobalt","1","0"
"Kaole New  Dawn Mining Multipurpose  Cooperative Society Limited","organization","critical_battery","1","1","7","Manganese/Copper","1","0"
"Kaoma Mining Limited","organization","gold","1","0","17083","Silver/Zinc/Gold","0","0"
"Kankan Mining Co. Limited","organization","gemstones","1","1","68","Amethyst","1","0"
"KANONGO MINING LIMITED","organization","critical_battery","1","0","160","Manganese/Limestone (General)/Zinc","0","0"
"Kanshimba Development Company Limited","organization","industrial_minerals","1","0","212","Silica/Granite","1","0"
"Karamay Investment Company Limited","organization","gemstones","1","0","74530","Quartz/Platinum/Niobium (Columbium)","0","0"
"Karma Processing Services and Rural Development Limited","organization","critical_battery","1","0","21249","Lead/Manganese/Nickel","1","0"
"Karma Rean Investments Limited","organization","gold","1","0","14893","Iron Ore/Silver/Gold","0","0"
"Kapanda Maano Multi- Purpose Co-operative Society Limited","organization","critical_battery","1","1","7","Lead/Manganese/Zinc","0","0"
"Kapetu Quarry Limited","organization","critical_battery","1","0","210","Iron Ore/Manganese/Zinc","0","0"
"Kapsims Mining Company Limited","organization","critical_battery","1","0","763","Manganese/Silver/Zinc","0","0"
"kamutumba mining company ltd","organization","critical_battery","1","0","17","Manganese/Silver/Zinc","1","0"
"Kamwambizi Small Scale Miners Co-operative Society Limited","organization","gemstones","1","1","7","Quartz/Tourmaline/Aquamarine","1","0"
"Kamwambizi Small Scale Mines Mining Cooperative Society","organization","unknown","1","1","7","","1","0"
"Kamikochi Mining Zambia Limited","organization","critical_battery","1","0","26819","Lead/Manganese/Zinc","1","0"
"Kamugo Mineral Resources Limited","organization","critical_battery","1","0","18925","Iron Ore/Nickel/Uranium","0","0"
"Kamuselula Mining Co- operative Society Limited","organization","gold","1","1","7","Silver/Zinc/Gold","0","0"
"Kanfield Limited","organization","industrial_minerals","1","0","51","Anhydrite/Gypsum","1","1"
"Kang Investements Limited","organization","gemstones","1","0","181","Rare EarthsElements/Manganese/Zinc","1","0"
"Kango Trading Limited","organization","critical_battery","1","0","55527","Niobium (Columbium)/Silver/Zinc","1","0"
"Kamwewa Investments Limited","organization","base_metals","1","0","633","Silver/Zinc/Copper","1","0"
"KANCHIBIYA METALS LIMITED","organization","base_metals","1","0","40","Malachite/Copper/Cobalt","0","0"
"Kandi Mining and General Dealers Limited","organization","gold","1","0","70","Quartz/Silica/Silver","1","1"
"Kasafya Youth Multi-purpose Co-operative Society Limited","organization","critical_battery","1","1","7","Manganese/Copper/Cobalt","1","0"
"Katuzumanana Mining Co-operative Society Limited","organization","gold","1","1","7","Gold","1","0"
"Kaur Suppliers Limited","organization","base_metals","1","1","140","Quartz/Sand and Gravel/Silica","0","0"
"Kauzu Nkhunzi Mining Cooperative Society Limited","organization","gemstones","1","1","7","Quartz/Tourmaline/Gold","0","0"
"Katken Enterprises Limited","organization","gemstones","1","0","303","Nickel/Quartz/Manganese","1","0"
"Katoka Mema Corporation Limited","organization","gold","1","0","843","Gold/Iron Ore/Cobalt","0","0"
"Katotebujo Mullti-Purpose Co-operative Limited","organization","gemstones","1","1","7","Iron Ore/Manganese/Silver","0","0"
"KAYANGES VENTURES LIMITED","organization","critical_battery","1","0","15672","Manganese/Lithium/Zinc","1","0"
"Kayayi Investments Limited","organization","gemstones","1","1","117","Emerald","1","0"
"Kayden Investments Limited","organization","gemstones","1","0","50","Emerald","1","1"
"KAVOD MINING LIMITED","organization","gemstones","1","0","21936","Limestone (General)/Iron Ore/Manganese","0","0"
"Kavs Equipment Limited","organization","gemstones","1","1","28","Emerald","1","0"
"Kawachi Drilling and Exploration Limited","organization","gemstones","1","0","7928","Lead/Limestone (General)/Graphite","1","0"
"Kasiya Mining Company Limited","organization","gemstones","1","0","65","Marble/Magnesium (Brucit)/Lithium","1","0"
"Kasoma Mining Project Limited","organization","critical_battery","1","0","23","Iron Ore/Lithium/Manganese","0","0"
"Kasompe Mining Limited","organization","other","1","1","10","Laterite","1","1"
"KASCCO Limited","organization","gemstones","1","0","10567","Lithium/Lead/Platinum","0","0"
"Kasempa Copper Mines Zambia Limited","organization","gold","1","0","83","Gold/Copper/Cobalt","0","0"
"Kasimure Enterprises Limited","organization","gemstones","1","0","110","Emerald/Beryllium","1","1"
"Katema Malolwa Resources Limited","organization","critical_battery","1","0","2000","Manganese/Nickel/Rare EarthsElements","1","0"
"Katima Stones Limited","organization","construction_materials","1","1","108","Stone","1","0"
"Katizo Mining Company Limited","organization","critical_battery","1","0","346","Nickel/Tantalum/Titanium","0","1"
"Kasote International Limited","organization","critical_battery","1","0","19491","Gold/Iron Ore/Tin","0","1"
"Kasumili Mine  Limited","organization","gemstones","1","0","208","Quartz/Emerald/Citrine","1","0"
"Katanda Natural Resources Limited","organization","critical_battery","1","0","23","Nickel/Manganese/Uranium","0","1"
"LUNAREDGE VENTURES LIMITED","organization","gemstones","1","0","10185","Manganese/Malachite/Lead","0","0"
"Lunsongwa and Mining  Exploration  Resources Limited","organization","critical_battery","1","0","87354","Nickel/Zinc/Gold","0","0"
"Luongo Mineral Resources Limited","organization","gemstones","1","0","8785","Platinum/Rubidium/Manganese","0","0"
"Lukusashi Company Limited","organization","critical_battery","1","0","8410","Manganese/Silver/Uranium","0","1"
"Lulamba Quarries Limited","organization","construction_materials","1","0","169","Sand and Gravel/Crushed/Broken Stone","1","0"
"Lumezi Mining Limited","organization","gemstones","1","0","47","Garnet","1","0"
"Lusasha Mining and Contractors Limited","organization","critical_battery","1","0","57465","Quartz/Manganese/Zinc","1","1"
"Lusinde Investments Limited","organization","other","1","1","155","Diatomite","1","1"
"Lutebwe Mining Zambia Limited","organization","gold","1","0","997","Lead/Quartz/Zinc","0","0"
"Lupansa Mining And Exploration Limited","organization","gemstones","1","0","371","Iron Ore/Manganese/Quartz","1","0"
"Lusa Small Mines Limited","organization","gemstones","1","1","46","Emerald/Beryllium","1","0"
"Lusangazi Nyakulemba Gold Minerals Resources Limited","organization","gemstones","1","0","791","Tourmaline/Gold/Copper","0","1"
"Lubuchi geo-consultancy Limited","organization","critical_battery","1","0","653","Iron Ore/Manganese/Gold","0","0"
"Lubuto Landscaping Limited","organization","critical_battery","1","0","24866","Manganese/Silver/Zinc","1","0"
"Luchat Business Company Limited","organization","gemstones","1","0","919","Emerald/Quartz/Copper","1","0"
"Luangwa Gemfields Mining Company Limited","organization","gemstones","1","0","116","Phosphorus-Phosphates/Nickel/Quartz","1","0"
"Luano Agricultural Development Limited","organization","critical_battery","1","0","41856","Manganese/Silver/Zinc","0","0"
"Luapula Women In Extractive Mining Co-operative Society Limited","organization","critical_battery","1","1","7","Iron Ore/Manganese/Quartz","0","0"
"Lukamantano Energy Company Limited","organization","energy_minerals","1","0","13407","Iron Ore/Lead/Zinc","0","0"
"Lukamantano Youth Multi-Purpose Cooperative","organization","critical_battery","1","1","7","Pyrite/Tin/Zinc","1","0"
"Lukomaria Mining Investment Limited","organization","gemstones","1","0","20","Emerald/Beryllium","0","0"
"Luchisaka Mining and Development Cooperative Limited","organization","gemstones","1","1","7","Granite/Mica/Gold","0","0"
"Lugubbe Multi-Purpose Co-operative Society Limited","organization","gold","1","1","7","Mica/Limestone (General)/Silica","1","0"
"Lukalia Mining Co-operative Society Limited","organization","critical_battery","1","1","7","Manganese/Sand/Sugilite","1","0"
"Luwi Business Resources Limited","organization","critical_battery","1","0","15672","Silver/Manganese/Tin","0","0"
"Mahadebe Enterprises Limited","organization","base_metals","1","0","284","Phosphorus-Phosphates/Zinc/Cobalt","1","0"
"Mahamu Holdings Limited","organization","gold","1","0","24017","Gold/Silver/Coal","0","0"
"Majeed Pasha Investments Limited","organization","gold","1","0","990","Gold/Iron Ore/Cobalt","0","0"
"Mafula Mining Limited","organization","gemstones","1","0","902","Platinum/Nickel/Silver","0","1"
"Maggie Kashinakazhi Mine Limited","organization","gold","1","0","211","Lead/Silver/Zinc","1","0"
"Magnificent  Mining Limited","organization","critical_battery","1","0","9539","Quartz/Marble/Zinc","0","0"
"Makgreen Consultant Limited","organization","gemstones","1","0","13","Manganese/Laterite/Nickel","0","0"
"Maks Hill Investment Limited","organization","critical_battery","1","0","440","Gold/Manganese/Cobalt","0","0"
"Malabwe Mine Limited","organization","gemstones","1","1","96","Emerald/Beryllium","1","1"
"Makali Enterprises Limited","organization","gemstones","1","1","75","Emerald/Beryllium","1","1"
"Makandwe Multi-purpose cooperative Society Limited","organization","gold","1","1","7","Iron Ore/Silver/Gold","1","0"
"Makeni College School of Nursing","organization","critical_battery","1","0","11073","Tantalum/Thallium/Silver","0","0"
"Lyon Mining Zambia Limited","organization","gemstones","1","0","3912","Quartz/Platinum/Tantalum","1","1"
"M.G Mwanjisi Auto Parts Limited","organization","gemstones","1","0","44","Emerald","1","0"
"Machiba Computers Limited","organization","critical_battery","1","0","937","Silica/Zinc/Manganese","0","0"
"Luwi Gemstone Mining Limited","organization","gemstones","1","0","180","Tourmaline/Emerald/Amethyst","0","0"
"Lwebitech Farms Limited","organization","gold","1","0","944","Gold/Copper/Cobalt","1","0"
"Lying Dragon Investment Company Limited","organization","critical_battery","1","0","23614","Manganese/Zinc/Gold","0","0"
"Madibba Resources Multipurpose Cooperative Society","organization","gemstones","1","1","7","Quartz/Radium/Nickel","1","0"
"Mafota Minerals and Mines Limited","organization","critical_battery","1","0","949","Manganese/Gold/Copper","1","1"
"Mafula Minerals Resources  Limited","organization","critical_battery","1","0","2623","Manganese/Silver/Zinc","1","0"
"Mackford General Works Limited","organization","gemstones","1","0","363","Manganese/Quartz/Copper","1","0"
"Madar Mining Zambia Limited","organization","gemstones","1","0","79372","Rare EarthsElements/Manganese/Lead","0","0"
"Madibba Resources  And Exploration Company Limited","organization","gemstones","1","0","2463","Radium/Silver/Quartz","0","0"
"Luambulu Mining Limited","organization","gemstones","1","0","994","Gold/Quartz/Tourmaline","1","1"
"Leonk Mining Consultants Limited","organization","gold","1","0","2402","Silver/Zinc/Gold","1","0"
"Leopards Hill Quarry Limited","organization","base_metals","1","0","6706","Silver/Phosphorus-Phosphates/Copper","0","0"
"Liakaz  Investment Limited","organization","gemstones","1","0","198","Quartz/Tourmaline/Manganese","1","0"
"Leixin  Renewable Resources Limited","organization","gold","1","1","53","Gold/Copper","1","0"
"Lekima Zambia Limited","organization","critical_battery","1","0","25464","Lead/Manganese/Zinc","1","0"
"LENTASIM LOGISTICS LIMITED","organization","gemstones","1","0","766","Copper/Gold/Aquamarine","1","0"
"Libra Mining Limited","organization","gold","1","1","7","Gold","1","0"
"Lifestone Minerals Limited","organization","gemstones","1","0","966","Quartz/Manganese/Zinc","1","1"
"Light Man Tours General Dealers Limited","organization","gemstones","1","0","26","Quartz/Gold/Garnet","0","0"
"Lian Chao and Yue Ventures Limited","organization","critical_battery","1","0","24977","Lead/Manganese/Zinc","0","0"
"Liang Yun Company Limited","organization","base_metals","1","1","7","Copper/Cobalt","1","0"
"Libonene Enterprises Limited","organization","critical_battery","1","0","3191","Gold/Nickel/Cobalt","0","0"
"LA Tashen Limited","organization","critical_battery","1","0","154","Manganese/Lead/Silver","1","1"
"Laka Mining Resources LIMITED","organization","critical_battery","1","0","911","Gold/Nickel/Cobalt","0","0"
"Lanorth Zambia Limited","organization","industrial_minerals","1","0","3567","Anhydrite/Gypsum/Feldspar","1","0"
"Kyasalaula Multi-Purpose Co-operative Society Limited","organization","gemstones","1","1","7","Nickel/Quartz/Gold","1","0"
"Kyuulu Mutezhi Multi-purpose Co-operative Society Limited","organization","gemstones","1","1","7","Iron Ore/Gold/Zinc","0","0"
"L and I Investments Limited","organization","critical_battery","1","0","55208","Nickel/Silver/Gold","0","1"
"Lead Way Youth Multi Purpose Cooperative Society Limited","organization","base_metals","1","0","33","Copper","1","0"
"Legacy Innovations Limited","organization","gemstones","1","0","6979","Manganese/Nickel/Silver","1","0"
"Legacy Resources Limited","organization","gemstones","1","0","3010","Rare EarthsElements/Lithium/Zinc","1","0"
"Larrys Lorrys Limited","organization","gold","1","0","3448","Iron Ore/Lead/Limestone (General)","0","0"
"Lavuponde Multi - Cooperative Society Limited","organization","gemstones","1","1","7","Gold/Iron Ore/Manganese","1","0"
"Lawgum Investments Limited","organization","gemstones","1","0","83","Manganese/Malachite/Limestone (General)","0","0"
"LIIBAN INVESTMENTS ZAMBIA LIMITED","organization","critical_battery","1","0","17519","Manganese/Limestone (General)/Silver","0","0"
"Longpula Investments Limited","organization","gold","1","0","354","Iron Ore/Silver/Gold","1","1"
"Lords Craftsmen Enterprises Limited","organization","critical_battery","1","0","7390","Nickel/Silver/Zinc","1","0"
"Lorella Products Limited","organization","critical_battery","1","0","1800","Granite/Manganese/Silver","1","0"
"LOBO GENERAL DEALERS LIMITED","organization","gemstones","1","0","2622","Tantalum/Quartz/Titanium","0","0"
"Lochiku Logistics Limited","organization","gemstones","1","0","3664","Manganese/Iron Ore/Tourmaline","1","0"
"Longhorn Global Commodities Limited","organization","gemstones","1","0","17292","Silver/Tourmaline/Zinc","0","0"
"LSS Corporate World Limited","organization","gemstones","1","0","11230","Nickel/Platinum Group Metals/Granite","0","0"
"Lu Hang Stone Mining Company Limited","organization","industrial_minerals","1","1","96","Limestone (General)/Dolomite","1","0"
"Luamba Investment Company Limited","organization","critical_battery","1","0","549","Quartz/Silver/Tin","1","0"
"Lotuno Enterprises Limited","organization","gemstones","1","1","57","Tin/Tourmaline/Amethyst","0","0"
"Louis Mining Company Limited","organization","critical_battery","1","0","97","Manganese/Silver/Copper","0","0"
"LSL CONSULTANCY & INVESTMENT LIMITED","organization","critical_battery","1","0","111","Quartz/Nickel/Zinc","1","0"
"Linkstone Investments Limited","organization","gemstones","1","0","5731","Manganese/Quartz/Silver","0","0"
"LINPU PAT MINING LIMITED","organization","gemstones","1","0","455","Quartz/Emerald/Amethyst","0","0"
"Lintai Mining Company Limited","organization","critical_battery","1","0","1176","Manganese/Lead/Zinc","0","0"
"Likanta Resources Limited","organization","critical_battery","1","0","35395","Sand and Gravel/Rare EarthsElements/Niobium (Columbium)","1","0"
"Lilayi Talc Mine Association","organization","gold","1","1","7","Gold","0","0"
"Lincolnsabrina Equity Limited","organization","gemstones","1","0","94","Quartz/Lithium/Tin","0","1"
"Lithachi Logistics Limited","organization","gemstones","1","0","461","Precious Gems/Semi-Precious Gems/Platinum","1","0"
"Liyez Enterprises Limited","organization","critical_battery","1","0","9830","Lithium/Manganese/Copper","1","0"
"LOBITO RESOURCES LIMITED","organization","gemstones","1","0","50657","Garnet/Gemstones/Feldspar","0","0"
"LION ZONE DEVELOPMENT LIMITED","organization","gemstones","1","0","9142","Rare EarthsElements/Sheet Mica/Manganese","0","0"
"Lipostide Resources Limited","organization","gemstones","1","0","1733","Gold/Lithium/Aquamarine","1","0"
"Lisko Logistics Limited","organization","gemstones","1","0","533","Manganese/Iron Ore/Silver","1","1"
"Havfree International Trade (pty) Limited","organization","critical_battery","1","0","11","Nickel/Manganese/Zinc","1","1"
"Havillah Multi-purpose Co-operative Limited","organization","gemstones","1","1","7","Gemstones/Gold/Cobalt","0","0"
"Headframe Resources (Zambia) Limited","organization","critical_battery","1","0","13549","Nickel/Lead/Zinc","1","0"
"Hartebeest Resources Limited","organization","critical_battery","1","0","11","Lead/Iron Ore/Manganese","1","1"
"Harvest Inn Limited","organization","gemstones","1","0","964","Manganese/Lead/Zinc","1","1"
"Hatam Mining Company Limited","organization","gemstones","1","0","10118","Lead/Iron Ore/Nickel","0","0"
"Helmwa Cooperation Limited","organization","gemstones","1","0","7681","Nickel/Iron Ore/Gold","1","0"
"Henev Mining Limited","organization","gold","1","0","30","Lead/Silica/Zinc","1","1"
"Heshunda Mining Company Limited","organization","critical_battery","1","0","1118","Rare EarthsElements/Nickel/Tin","1","0"
"Height Supply and General Dealers Limited","organization","gemstones","1","0","2847","Lithium/Manganese/Lead","1","0"
"Heki Timbers Limited","organization","gemstones","1","0","3140","Iron Ore/Manganese/Zinc","1","0"
"Helment Boot-Mining Multi-purpose Cooperative Society Limited","organization","gemstones","1","1","7","Mica/Lithium/Tantalum","1","0"
"Habib Bey Logistics Limited","organization","gold","1","1","7","Gold","1","0"
"Hachintusanmei Mineral Resources Limited","organization","gemstones","1","0","2212","Fluorine-Fluorite/Feldspar/Tourmaline","0","0"
"HAMBLOCKS LOGISTICS LIMITED","organization","gemstones","1","0","22696","Quartz/Manganese/Limestone (General)","0","0"
"Gypsum Mining Limited","organization","gemstones","1","0","3301","Gold/Gravel/Copper","0","0"
"H and K Investments Limited","organization","gemstones","1","1","45","Emerald/Beryllium","1","0"
"H.G High Grade Resources Limited","organization","base_metals","1","1","13","Copper/Cobalt","1","0"
"Happy Hills Minerals Limited","organization","critical_battery","1","0","3150","Gold/Manganese/Cobalt","1","0"
"Hardrock Investments Limited","organization","critical_battery","1","0","990","Nickel/Silver/Copper","1","0"
"Haroons Minerals Limited","organization","gemstones","1","0","107","Silver/Phosphorus-Phosphates/Nickel","0","0"
"Hangubi General Dealers Limited","organization","gold","1","0","3110","Gold/Silver/Cobalt","1","0"
"Hanuunka Mining Cooperative Society LIMITED","organization","industrial_minerals","1","1","7","Sandstone/Stone/Sand and Gravel","1","0"
"Happening Multi-purpose Co-operative Society Limited","organization","critical_battery","1","1","7","Silica/Manganese/Copper","1","0"
"Hidden Treasure Zambia Company Limited","organization","critical_battery","1","0","9467","Tin/Zinc/Gold","1","0"
"House of Minerals Limited","organization","gold","1","0","10","Silver/Zinc/Gold","1","0"
"Howler Construction Limited","organization","gold","1","0","7","Silica/Silver/Quartz","1","0"
"HUA HUI INVESTMENT LIMITED","organization","gemstones","1","0","1098","Malachite/Lead/Iron Ore","0","0"
"Hoshen Mining and Exploration Limited","organization","gold","1","0","998","Malachite/Silver/Zinc","1","0"
"HOTA MINING COMPANY LIMITED","organization","gemstones","1","0","52900","Silver/Rare EarthsElements/Quartz","0","0"
"Hotspur Helium Zambia Limited","organization","other","1","0","160556","Helium/Nitrogen-Nitrates/Geothermal","0","0"
"Huaxiang Investment Company Limited","organization","gemstones","1","0","3975","Nickel/Manganese/Silver","0","0"
"Huios Mining and Minerals Explorations Limited","organization","critical_battery","1","0","1337","Manganese/Limestone (General)/Zinc","1","0"
"Hume Stone Limited","organization","base_metals","1","1","140","Copper","1","1"
"Huacheng Mining Zambia Limited","organization","critical_battery","1","1","30","Manganese","0","1"
"Hua-Jiang Investments Limited","organization","critical_battery","1","0","1094","Nickel/Lead/Silver","0","0"
"Huan Yu Mining Mining Limited","organization","gold","1","1","20","Gold/Copper/Cobalt","1","0"
"Hilron Innovations Zambia Limited","organization","gemstones","1","0","886","Anhydrite/Gypsum/Gold","1","0"
"Homeland Builder Limited","organization","critical_battery","1","0","12931","Tantalum/Niobium (Columbium)/Tungsten","0","0"
"Honesty Mining Company Limited","organization","gemstones","1","0","14","Rare EarthsElements/Silver/Lead","1","1"
"Highway Industries Limited","organization","critical_battery","1","0","194","Iron Ore/Anhydrite/Limestone (General)","1","1"
"Hilaac Company Limited","organization","gold","1","1","13","Gold","1","0"
"Hillpot Mining Multipurpose Cooperative","organization","critical_battery","1","1","7","Manganese/Gold/Copper","1","0"
"Horeb  Investment Limited","organization","gold","1","0","33","Silver/Uranium/Gold","0","0"
"Horizon Properties Limited","organization","gemstones","1","0","1631","Niobium (Columbium)/Talc-Soapstone/Lithium","0","0"
"HORMAR TRADING LIMITED","organization","gold","1","1","13","Gold/Copper","0","0"
"HONG YUN MINING COMPANY LIMITED","organization","gemstones","1","0","22413","Gold/Garnet/Iron Ore","0","0"
"Honley Investment Limited","organization","gold","1","1","7","Lead/Gold/Copper","1","0"
"HONLOE SERVICES LIMITED","organization","gemstones","1","0","9699","Manganese/Malachite/Limestone (General)","1","0"
"GWK Earth Movers.Com Limited","organization","gemstones","1","0","187","Quartz/Silica/Gold","1","0"
"Gold tech resources zambia limited","organization","gold","1","0","6311","Iron Ore/Limestone (General)/Gold","1","0"
"Gold Trap World Resources Limited","organization","gemstones","1","0","59726","Iron Ore/Nickel/Tin","0","0"
"Gold Tree Investment Limited","organization","gemstones","1","0","3585","Manganese/Limestone (General)/Quartz","0","0"
"Global Culture Network Solutions","organization","gold","1","0","583","Copper/Gold/Iron Ore","1","0"
"Global Mining Limited","organization","gemstones","1","0","479","Gold/Quartz/Copper","1","0"
"Gold Co Corporation Zambia Limited","organization","critical_battery","1","0","15889","Molybdenum/Iron Ore/Tin","0","0"
"Golden Bridge Investment Zambia Limited","organization","base_metals","1","1","3","Lead/Zinc/Cobalt","1","0"
"Golden Hill Industry Limited","organization","base_metals","1","1","30","Copper/Cobalt","0","0"
"Golden Horse Investements Limited","organization","critical_battery","1","0","57611","Iron Ore/Manganese/Copper","1","0"
"Gold Tungsten Progress Africa Limited","organization","critical_battery","1","0","397","Manganese/Lead/Zinc","1","0"
"Goldbelt Mining Industries Limited","organization","critical_battery","1","0","139","Lead/Iron Ore/Graphite","0","0"
"Golden  Horse Investment Limited","organization","critical_battery","1","0","4634","Iron Ore/Manganese/Copper","0","0"
"Gesta Mines Limited","organization","critical_battery","1","0","290","Manganese/Lithium/Zinc","1","0"
"Ghoso Mining Hub Limited","organization","critical_battery","1","0","932","Lead/Manganese/Silver","0","0"
"Giant Plus Limited","organization","gold","1","0","2004","Silver/Zinc/Gold","0","0"
"GEO-LOGIC RESOURCES ZAMBIA LIMITED","organization","gemstones","1","0","21682","Gold/Tourmaline/Zinc","0","0"
"Gertina Mines Limited","organization","gemstones","1","1","51","Emerald/Beryllium","1","1"
"Gesso Mining & Investment Lilmited","organization","industrial_minerals","1","0","8064","Anhydrite/Gypsum","0","0"
"Gladpal Investment Limited","organization","critical_battery","1","1","17","Lead/Manganese/Zinc","1","0"
"Glajo Vision Limited","organization","gemstones","1","0","378","Manganese/Iron Ore/Quartz","0","0"
"Global Blessing Exploration Limited","organization","critical_battery","1","0","16916","Lithium/Nickel/Uranium","1","0"
"Giant Rock Mining Limited","organization","gemstones","1","0","2519","Malachite/Lead/Nickel","1","0"
"Giltyra Investements Limited","organization","gold","1","0","67","Gold/Copper/Cobalt","0","0"
"Given Resources Limited","organization","critical_battery","1","0","523","Manganese","1","0"
"Golden King Investment Company Limited","organization","gold","1","0","2578","Silver/Zinc/Gold","1","0"
"Grhhin Mine Limited","organization","gold","1","0","13","Iron Ore/Silver/Zinc","1","1"
"Grhin Mine Limited","organization","critical_battery","1","0","875","Iron Ore/Graphite/Manganese","1","1"
"Griffins Mining Limited","organization","gemstones","1","0","444","Mineral Sands/Manganese/Sugilite","0","0"
"Green Machinery Suppiers Limited","organization","unknown","1","1","13","","1","0"
"Greenhub Enterprises Limited","organization","critical_battery","1","0","12977","Manganese/Zinc/Gold","0","0"
"Greenvelt Mining Limited","organization","critical_battery","1","0","965","Gold/Nickel/Cobalt","1","0"
"Gulf Kuwait Haulage and Mining Equipment Limited","organization","gemstones","1","0","400","Manganese/Tin/Zinc","1","0"
"GULF RESOURCES INTERNATIONAL LIMITED","organization","base_metals","1","1","7","Copper/Aluminum (Other)/Aluminum (General)","1","0"
"Gulnoor Mining Limited","organization","gemstones","1","0","90","Iron Ore/Gold/Tourmaline","1","1"
"GRN Constructions Zambia Limited","organization","gemstones","1","0","1228","Iron Ore/Gold/Lead","0","0"
"Growmax Mining Limited","organization","critical_battery","1","0","23577","Lead/Manganese/Silver","0","1"
"Gulf Drilling Limited","organization","gold","1","0","1422","Gold/Quartz/Copper","1","1"
"Goldquest Resources Limited","organization","gemstones","1","0","10290","Nickel/Mineral Sands/Sand and Gravel","1","0"
"Goldtec Investment Limited","organization","base_metals","1","1","20","Copper/Cobalt","1","0"
"GoodRock Zambia Limited","organization","critical_battery","1","1","110","Manganese","0","1"
"Golden Palace International Limited","organization","industrial_minerals","1","0","20","Quartz","0","0"
"golden silk multi-purpose co-operative society limited","organization","critical_battery","1","1","7","Manganese/Gold/Copper","0","0"
"GOLDENROCK  RESOURCES ZAMBIA LIMITED","organization","gold","1","0","77","Iron Ore/Lead/Copper","0","0"
"Grand Prosperous Company Limited","organization","energy_minerals","1","0","2436","Lead/Anhydrite/Quartz","0","0"
"Graspers  Multi- Purpose Co-Operative Society Limited","organization","gold","1","1","7","Iron Ore/Lead/Zinc","1","0"
"Green Earth Metals Limited","organization","critical_battery","1","0","11217","Rare EarthsElements/Nickel/Zinc","1","0"
"Gootal Enterprise Limited","organization","gemstones","1","0","209","Gold/Fluorine-Fluorite/Tin","0","0"
"Govinda Construction and Investments Limited","organization","critical_battery","1","0","18335","Manganese/Silver/Zinc","1","0"
"Grand Osk Limited","organization","gemstones","1","0","1881","Rare EarthsElements/Limestone (General)/Lead","1","0"
"Kabijiba Mining Company Limited","organization","critical_battery","1","0","521","Limestone (General)/Manganese/Zinc","0","0"
"Kabile Mining Limited","organization","critical_battery","1","0","1803","Manganese/Silver/Zinc","1","0"
"Kabipupu Multi Purpose Co-operative Society Limited","organization","industrial_minerals","1","1","7","Silica/Stone/Sand and Gravel","1","0"
"Junza Limited","organization","gemstones","1","1","140","Tantalum/Tin/Amethyst","0","0"
"Juta Investment Limited","organization","gemstones","1","0","96","Silver/Zinc/Diamond","0","0"
"Kaaf Investment Limited","organization","gold","1","1","13","Gold/Copper","1","0"
"Kabundi Manganese Company Limited","organization","unknown","1","0","12862","","0","0"
"Kabungu Mining and Prospecting Limited","organization","gemstones","1","0","63","Garnet/Quartz/Tourmaline","1","0"
"kachiba-biyo Multipurpose Cooperative Society","organization","gemstones","1","1","7","Lithium/Gemstones/Tin","0","0"
"Kabotu Resources Limited","organization","critical_battery","1","0","14797","Iron Ore/Manganese/Copper","1","0"
"Kabula Exploration Limited","organization","construction_materials","1","1","29","Stone","1","1"
"Kabulyeni Mining Limited","organization","gold","1","0","1450","Gold/Zinc/Cobalt","1","1"
"Jolunde Agro Services Limited","organization","gemstones","1","0","89","Emerald/Beryllium","1","0"
"Jomemu Rockyview Logistics Limited","organization","gemstones","1","0","79","Quartz/Nickel/Manganese","0","0"
"Jordan Fresh Farms Limited","organization","gold","1","0","345","Silver/Zinc/Gold","1","1"
"Johnny's Trading co. Limited","organization","critical_battery","1","0","96008","Manganese/Tin/Gold","0","0"
"Johowen Contractors and Suppliers Limited","organization","critical_battery","1","0","898","Manganese/Lead/Zinc","1","0"
"JOHSTEK MINING INVESTMENTS LIMITED","organization","critical_battery","1","0","10203","Manganese/Nickel/Gold","0","0"
"Jungle Lion Mining Co-operative","organization","gold","1","1","7","Gold/Copper/Cobalt","0","0"
"Junior Jala Holdings limited","organization","iron_ferro","1","0","59","Iron Ore","1","0"
"Junsheng Industry Company Limited","organization","base_metals","1","1","13","Copper/Cobalt","0","0"
"Josong Mining Limited","organization","gemstones","1","0","936","Quartz/Tourmaline/Aquamarine","1","1"
"Jothe Luombe Limited","organization","gemstones","1","0","877","Marble/Manganese/Silver","0","0"
"JS Moyo Farms Limited","organization","construction_materials","1","0","170","Granite/Crushed/Broken Stone","0","0"
"Kachoma Mining Cooperative Society Limited","organization","gemstones","1","1","2","Silver/Nickel/Manganese","0","0"
"Kalukana Investments Limited","organization","gemstones","1","0","118","Emerald/Beryllium","1","0"
"Kalumbila Multi-purpose Cooperative Society","organization","gemstones","1","1","7","Limestone (General)/Iron Ore/Anhydrite","1","0"
"Kalundu Minerals Limited","organization","gold","1","1","7","Gold","1","0"
"Kalomo Resources Limited","organization","gemstones","1","0","12222","Nickel/Tantalum/Lithium","0","0"
"Kalonga Community Muilti-Purpose Co-operative Society","organization","critical_battery","1","1","7","Silver/Tin/Zinc","1","0"
"Kalubwe Mining Limited","organization","gemstones","1","1","60","Emerald","1","1"
"Kamawusa Mining Limited","organization","gold","1","0","2523","Gold/Silver/Cobalt","0","1"
"Kambishi Multi-purpose Co-operative Society Limited","organization","gemstones","1","1","7","Emerald/Copper/Cobalt","0","0"
"Kamdothi Mining Cooperative","organization","gemstones","1","1","7","Silver/Tourmaline/Gold","1","0"
"Kalungwishi Ventures Limited","organization","critical_battery","1","0","543","Lead/Manganese/Zinc","1","0"
"Kamabanga Mining Limited","organization","gold","1","0","13","Gold/Silver/Cobalt","1","0"
"Kamaluba Youth Mult-purpose Cooperative Society Limited","organization","gold","1","1","7","Iron Ore/Lead/Silver","1","0"
"kafulenzhi mining limited","organization","critical_battery","1","0","328","Lead/Nickel/Zinc","1","0"
"Kafunyi Mining Multi purpose Cooperative Society Limited","organization","gold","1","1","3","Gold/Copper","1","0"
"KAFWA MULT-PURPOSE CO-OPERATIVE SOCIETY LIMITED","organization","gemstones","1","1","7","Gold/Mineral Sands/Amethyst","0","0"
"Kadam Manja Mining Company Limited","organization","gold","1","0","3045","Gold/Silver/Cobalt","0","0"
"Kadesh Multi Purpose Cooperative Society Limited","organization","industrial_minerals","1","1","7","Feldspar/Clay (General)","1","0"
"Kafubu Limestone Limited","organization","industrial_minerals","1","1","7","Stone/Limestone (General)","1","1"
"Kakafita Multi-Purpose Co-Operative Society Limited","organization","base_metals","1","1","7","Iron Ore/Zinc/Cobalt","0","0"
"Kalene Minerals Zambia Limited","organization","gold","1","0","20043","Silver/Zinc/Gold","0","0"
"Kalombwe Minerals Limited","organization","industrial_minerals","1","0","33","Sand and Gravel/Quartz/Limestone (General)","1","0"
"Kailjee Construction Zambia Limited","organization","construction_materials","1","1","121","Sand and Gravel/Granite","1","0"
"Kajila-Nkeke Mining Multi-Purpose Co-Operative Society Limited","organization","critical_battery","1","1","7","Nickel/Magnesite/Quartz","0","0"
"Kaka Eagles Eye Investment Limited","organization","critical_battery","1","0","2","Manganese/Copper","0","0"
"John Matongo Mine Limited","organization","gemstones","1","1","102","Emerald/Beryllium","0","1"
"Irchi Investment Limited","organization","gemstones","1","1","1","Emerald/Beryllium/Aquamarine","0","1"
"Israjah Enterprises Limited","organization","gold","1","0","343","Limestone (General)/Silica/Gold","0","0"
"Iwin Group Limited; Iwin Minerals Limited","organization","critical_battery","1","0","4136","Nickel/Quartz/Silver","1","0"
"INTERNAL MINDSET CO-OPERTIVE LIMITED","organization","gold","1","1","7","Gold","1","0"
"Interprochan Enterprises Limited","organization","critical_battery","1","0","53108","Nickel/Silver/Zinc","0","0"
"Investec Technical Services Limited","organization","gemstones","1","0","37767","Limestone (General)/Lead/Iron Ore","1","0"
"Jach Multi-Purpose Cooperative","organization","critical_battery","1","1","7","Lead/Manganese/Zinc","1","0"
"Jakaya Mining Limited","organization","critical_battery","1","0","167","Manganese/Lead/Zinc","0","0"
"Jakosa Investments Limited","organization","gemstones","1","0","6829","Rare EarthsElements/Quartz/Tourmaline","1","0"
"Izachak General Dealers Limited","organization","gemstones","1","0","4205","Manganese/Quartz/Tourmaline","1","0"
"Izulu Lethu Mining & Trading Academy Limited","organization","critical_battery","1","0","242","Manganese/Gold/Copper","1","0"
"J.L.Cole Investments Limited","organization","base_metals","1","0","153","Copper","1","0"
"Ilambalimo Mining Limited","organization","critical_battery","1","0","3464","Nickel/Molybdenum/Marble","0","0"
"Ilola Datamuka Multi Purpose Co-operative Limited","organization","critical_battery","1","1","7","Nickel/Gold/Copper","1","0"
"ILYAS INVESTMENTS LIMITED","organization","gold","1","1","7","Gold","1","0"
"Hwaeuro Investments Limited","organization","critical_battery","1","0","15113","Manganese/Lead/Nickel","0","0"
"Hyperion Corporation Limited","organization","critical_battery","1","0","1475","Iron Ore/Manganese/Silver","0","0"
"IFTIN INVESTMENTS LIMITED","organization","gold","1","1","3","Gold","1","0"
"Insofu Mining Limited","organization","gold","1","0","37255","Silver/Uranium/Gold","0","0"
"Integrity Mining Limited","organization","critical_battery","1","0","952","Nickel/Zinc/Gold","0","0"
"Intergration Zambia Limited","organization","gemstones","1","0","48235","Manganese/Iron Ore/Platinum","1","0"
"Incara Company (Zambia) Limited","organization","gemstones","1","0","769","Quartz/Tourmaline/Gold","1","0"
"Infra Mining Consultants Limited","organization","gemstones","1","0","2912","Nickel/Manganese/Malachite","0","0"
"Innovative Mining Limited","organization","critical_battery","1","0","48880","Titanium/Nickel/Zinc","0","0"
"Jamba Mining & Marketing Ltd","organization","gemstones","1","1","72","Emerald/Beryllium","1","1"
"Jinfeng Mining Company Limited","organization","gemstones","1","0","1704","Rare EarthsElements/Manganese/Silver","1","0"
"Jing De Zham Enterprises Ltd","organization","critical_battery","1","0","8935","Platinum Group Metals/Nickel/Silver","1","1"
"Jinhui Minerals Limited","organization","gemstones","1","0","948","Silver/Quartz/Tourmaline","1","1"
"Jezreel investments Limited","organization","base_metals","1","0","478","Laterite/Iron Ore/Limestone (General)","0","0"
"Jilin Nonferous Mining zambia Limited","organization","base_metals","1","0","299","Copper/Cobalt","0","0"
"JINDI MINING LIMITED","organization","gemstones","1","0","3376","Nickel/Manganese/Silver","0","0"
"JM Quarrying and Mining Limited","organization","gemstones","1","0","108975","Platinum/Silver/Gold","1","0"
"JMK Venture Limited","organization","critical_battery","1","0","848","Lead/Iron Ore/Limestone (General)","0","0"
"Joe's Earthworks and Mining Ltd","organization","critical_battery","1","0","3086","Molybdenum/Manganese/Nickel","0","0"
"Jisanshi Investments Limited","organization","critical_battery","1","0","22568","Manganese/Silver/Zinc","0","0"
"JIUYING INVESTMENTS LIMITED","organization","base_metals","1","1","33","Copper","0","0"
"JIYAD INVESTMENTS LIMITED","organization","gold","1","1","7","Gold","1","0"
"JC Infinity Stone Zambia Limited","organization","critical_battery","1","0","13667","Platinum Group Metals/Molybdenum/Quartz","1","0"
"Jearmy Enterprises Limited","organization","gemstones","1","0","107","Emerald/Gold/Copper","1","0"
"Jedna Agri-Trade Limited","organization","critical_battery","1","0","9182","Iron Ore/Anhydrite/Manganese","0","0"
"Jamrob Enterprises Limited","organization","gemstones","1","0","392","Silver/Rare EarthsElements/Nickel","0","0"
"JASRA Mines and Investments Limited","organization","gemstones","1","0","946","Mineral Sands/Nickel/Malachite","0","0"
"Jaswin Alloys Manufacturing Limited","organization","critical_battery","1","1","10","Silica/Manganese/Iron Ore","1","0"
"Jesmu Industry Company Limited","organization","base_metals","1","1","7","Malachite/Mineral Sands/Sand","1","0"
"Jesu Multi Purpose Cooperative Society Limited","organization","gold","1","1","7","Gold/Copper","1","0"
"Jewel Of africa","organization","gemstones","1","1","100","Emerald","1","1"
"Jeff's Farms and General Dealers Limited","organization","gold","1","0","830","Iron Ore/Silver/Gold","1","0"
"Jehji Zambia Limited","organization","critical_battery","1","0","7575","Limestone (General)/Manganese/Zinc","1","0"
"Jejeva Logistics Limited","organization","gemstones","1","0","744","Manganese/Iron Ore/Silver","1","0"
