"holder","segment","licenses","mining_lics","hectares","main_commodities","lics_in_default_2025"
"5 stars Multi Purpose Coopérative Society Limited","critical_battery","1","1","7","Sand and Gravel/Quartz/Zinc","1"
"AAkala Investment Limited","gemstones","1","0","121","Amethyst","0"
"Abdahom Mining Limited","critical_battery","2","0","12073","Iron Ore/Anhydrite/Manganese","0"
"Abeydo Investment Limited","critical_battery","1","0","20136","Nickel/Manganese/Zinc","1"
"Abida Seed Consulting Limited","gemstones","1","0","952","Rare EarthsElements/Manganese/Zinc","1"
"Abilene Mining Limited","gemstones","2","0","15774","Iron Ore/Zinc/Gold","0"
"Abracha Zambia Limited","gemstones","1","0","32","Emerald/Beryllium","0"
"Activeone Investment Limited","gold","1","1","7","Iron Ore/Sand/Copper","1"
"ADAKOLE VENTURES LIMITED","gemstones","1","0","954","Lead/Iron Ore/Granite","0"
"Addulum Cave Investments Limited","critical_battery","1","0","1819","Quartz/Manganese/Zinc","1"
"ADEMUKO MINING CONTRACTORS AND ENGINEERING  SERVICES LIMITED","critical_battery","1","0","800","Quartz/Mica/Manganese","0"
"ADHI SHIVA ENTERPRISES LIMITED","critical_battery","1","0","990","Malachite/Manganese/Zinc","0"
"Adonai Exploration and Mining Company Limited","gemstones","1","0","10866","Tin/Tourmaline/Copper","1"
"Aeon Engineering Limited","critical_battery","2","0","1064","Gold/Copper/Nickel","1"
"African Crane Hiring and Logistics Limited","critical_battery","1","0","4307","Nickel/Manganese/Zinc","1"
"African Ferro Alloys Limited","critical_battery","1","1","20","Manganese","1"
"AFRICAN GOLD TRADERS LIMITED","gemstones","1","0","451","Quartz/Silica/Manganese","1"
"African Metals and  Mining Limited","gemstones","1","0","1479","Limestone (General)/Lead/Manganese","1"
"African Minerals and Metals Corporation Limited","gemstones","1","0","22338","Silver/Zinc/Gold","1"
"Africoal Investment Company Limited","gold","1","0","2044","Gold/Silver/Copper","0"
"Africoin Investment Limited","gemstones","2","0","1229","Copper/Gold/Aquamarine","2"
"Africon Mining and Minerals Limited","gemstones","1","0","3143","Manganese/Niobium (Columbium)/Quartz","0"
"Afrimin Resources Limited","critical_battery","1","0","9690","Nickel/Platinum Group Metals/Gold","0"
"Afristones Resources Limited","gemstones","1","0","1000","Lead/Iron Ore/Manganese","1"
"Afrix Enterprises Limited","gold","2","0","394","Iron Ore/Silver/Titanium","2"
"Afro Asia Mining Zambia Limited","critical_battery","1","0","6190","Iron Ore/Manganese/Silver","0"
"Afro Development Services Limited","gemstones","1","0","917","Iron Ore/Manganese/Quartz","1"
"Afromi Investments Limited","critical_battery","1","0","22588","Iron Ore/Nickel/Uranium","0"
"AFTHONI METALS CONSORTIUM LIMITED","gemstones","1","0","1090","Manganese/Mineral Sands/Iron Ore","0"
"Afwino Investment Limited","gemstones","2","0","14279","Iron Ore/Lead/Tourmaline","0"
"AgenaCorp Zambia Ltd","critical_battery","1","0","745","Silver/Tantalum/Palladium","1"
"AGS Pneumatics Services Limited","gemstones","1","0","900","Platinum/Nickel/Manganese","1"
"Ahom Investments Limited","gold","1","1","7","Gold","1"
"AIGLE MULTI-PURPOSE COOPERATIVE SOCIETY LIMITED","gemstones","1","1","7","Quartz/Gold/Zinc","1"
"Aimstrike Resources Limited","gold","1","0","2089","Lead/Silver/Zinc","1"
"Aku Resources Limited","gold","1","1","13","Gold/Copper","1"
"Alanbeier Investments Zambia Limited","critical_battery","1","0","596","Iron Ore/Manganese/Copper","0"
"Albino Multipurpose Cooperative Society Limited","gemstones","1","1","7","Quartz/Manganese/Limestone (General)","1"
"ALDI Agro  and General Dealers Zambia Limited","gemstones","2","0","1329","Quartz/Gold/Zinc","2"
"ALGLOBAL NATURAL RESOURCES LIMITED","critical_battery","1","0","873","Quartz/Manganese/Zinc","0"
"ALINAFE WB INVESTMENTS LIMITED","critical_battery","1","0","5122","Iron Ore/Manganese/Gold","1"
"Alliance Minerals Limited","gemstones","2","0","1754","Manganese/Silver/Zinc","2"
"Alois Enterprise  Limited","gemstones","2","0","227","Emerald","0"
"Alphaone Investments Limited","gold","1","1","7","Sand/Silver/Zinc","0"
"Alpine Prperties Limited","critical_battery","1","0","972","Iron Ore/Nickel/Zinc","1"
"Alumbwe Emerald Mines Limited","gemstones","1","1","111","Quartz/Tourmaline/Beryllium","1"
"Amet Mining Zambia Limited","critical_battery","2","0","4721","Quartz/Limestone (General)/Lead","2"
"Amoho Mining Limited","gemstones","2","0","183","Gold/Rare EarthsElements/Cobalt","2"
"AMPERSAND INVESTMENTS LIMITED","gemstones","2","0","15717","Gold/Cobalt/Copper","1"
"AMS Commodities Limited","critical_battery","3","0","1160","Copper/Silver/Zinc","1"
"Anahela Gold Mining Co-operative Society Limited","critical_battery","1","1","7","Lead/Manganese/Zinc","1"
"Anantha Minerals Limited","gemstones","1","0","81","Niobium (Columbium)/Nickel/Molybdenum","0"
"Anathoth Resources Limited","critical_battery","1","0","913","Tin/Manganese/Coal","1"
"Andych Auto Garage Limited","gemstones","1","0","481","Iron Ore/Gold/Zinc","0"
"Angra Resources Limited","critical_battery","1","0","992","Manganese/Limestone (General)/Zinc","0"
"Anointed Mining and Drilling Company Limited","gold","2","0","7557","Gold/Platinum/Cobalt","2"
"Apeiron Mining Limited","gold","1","0","335","Quartz/Zinc/Gold","0"
"APP STAR  INVESTMENTS LIMITED","gold","1","1","7","Gold","1"
"Aqu-Desert Zambia Limited","gold","1","0","27","Stone/Gold/Copper","1"
"ARACELEE HOLDINGS LIMITED","critical_battery","1","0","3190","Gold/Manganese/Zinc","0"
"Arinus Limited","gemstones","1","1","39","Emerald","1"
"Arlinton Investment Limited","critical_battery","1","0","815","Tantalum/Tin/Lithium","1"
"Armada Minerals Limited","critical_battery","1","0","29208","Platinum/Palladium/Nickel","0"
"Asbelow Mining & Business Consultancy Limited","critical_battery","1","0","73","Manganese/Nickel/Zinc","1"
"Ashira Enterprise Limited","gold","1","0","6940","Lead/Silver/Zinc","0"
"Ashvan Construction Limited","gemstones","1","0","8748","Gold/Silver/Tourmaline","0"
"Aspire Mining Limited","critical_battery","1","0","12898","Manganese/Nickel/Iron Ore","0"
"ASTER SAPPHIRE IMPORT AND EXPORT LIMITED","gemstones","1","0","10093","Manganese/Lead/Nickel","0"
"Astrome Solutions Zambia Limited","critical_battery","1","0","820","Granite/Manganese/Silver","1"
"Athena Investments Limited","gold","2","0","1069","Iron Ore/Silver/Gold","2"
"Atlas Alloys Zambia Limited","critical_battery","1","1","13","Manganese","1"
"Aupie Mining Company Limited","gemstones","1","0","89","Tourmaline/Quartz/Aquamarine","0"
"Aurum Trading Limited","gemstones","1","0","43","Quartz/Nickel/Tantalum","1"
"Awesome Diamonds Corporation Limited","gemstones","1","0","206","Silver/Quartz/Nickel","0"
"Azadi Investment Limited","critical_battery","1","0","493","Lead/Manganese/Zinc","1"
"AZANIA MINING COMPANY LIMITED","gemstones","1","0","990","Iron Ore/Lead/Manganese","1"
"Aztec Mining Limited","critical_battery","1","0","2593","Manganese/Silver/Lead","1"
"B&G Holdings Limited","gold","1","0","652","Iron Ore/Malachite/Gold","1"
"B.C.N INTERNATIONAL LIMITED","gemstones","1","0","11585","Gold/Lithium/Copper","0"
"Baalgoray Trading Limited","gold","1","1","7","Gold","1"
"Bachoba Multi-Purpose Co-operative Society Limited","critical_battery","1","1","7","Silica/Manganese/Silver","1"
"Bakwalufu Enterprises Ltd","critical_battery","1","1","100","Nickel/Silver/Uranium","0"
"Baluba Minerals Limited","gemstones","1","0","145005","Manganese/Limestone (General)/Lead","0"
"Balume Mining Co-operative Society Limited","gemstones","1","1","7","Gold/Iron Ore/Zinc","0"
"Bambelela Solutions Limited","gemstones","1","0","2973","Iron Ore/Gold/Limestone (General)","1"
"Bangaram Mining Limited","gemstones","2","0","1297","Iron Ore/Zinc/Manganese","2"
"Bangweulu Batteries Limited","critical_battery","1","0","28191","Manganese/Lead/Uranium","0"
"Bans Country wide Tours Limited","critical_battery","1","0","19002","Lead/Iron Ore/Lithium","1"
"Baochuan Industry Company Limited","gemstones","1","0","3079","Gypsum/Anhydrite/Granite","1"
"Batizateck Youth Investments Limited","gemstones","2","0","89","Copper/Cobalt/Gold","0"
"Bauxite Mining Limited","gold","1","0","66","Silica/Silver/Zinc","1"
"Bayaji Zambia Limited","critical_battery","1","0","72657","Gold/Manganese/Cobalt","0"
"Baza Resources Limited","critical_battery","2","0","690","Zinc/Manganese/Lead","1"
"Beagem Mining Limited","gemstones","2","0","167","Quartz/Emerald","2"
"Beatis Ventura Limited","gemstones","1","0","56","Tantalum/Silver/Quartz","1"
"BED-ROCK MINE LIMITED","gemstones","1","1","35","Emerald","0"
"Beker Mining Limited","critical_battery","1","0","84261","Nickel/Lead/Zinc","1"
"Belipajaali Enterprises Limited","gold","1","0","904","Zinc/Gold/Copper","0"
"Belmt Resources Mining Company Limited","gemstones","1","0","4349","Silver/Quartz/Zinc","0"
"Bema Mining Services Limited","gemstones","2","0","1526","Cobalt/Gold/Copper","1"
"Benchmark Mining Limited","critical_battery","1","0","16","Lead/Iron Ore/Manganese","1"
"Benechishi Mining Co-operative Society Limited","critical_battery","1","1","7","Rare EarthsElements/Feldspar/Chromium","1"
"Bengold Minerals Limited","gemstones","1","0","390","Manganese/Lead/Zinc","0"
"Benja Innovations Zambia Limited","critical_battery","1","0","4090","Manganese/Malachite/Zinc","0"
"Benox Investments Limited","critical_battery","1","0","301","Nickel/Manganese/Zinc","1"
"Beunasha Multi Purpose Cooperative Society Limited","critical_battery","1","1","7","Lead/Tin/Zinc","1"
"BHASCORE MINING ZAMBIA LIMITED","critical_battery","2","0","5208","Iron Ore/Copper/Gold","0"
"BHAVANI MINING LIMITED","critical_battery","1","0","17931","Manganese/Lead/Zinc","0"
"Bimbe Mines Limited","critical_battery","1","0","3847","Manganese/Lead/Uranium","1"
"Black Impala Resources Limited","gemstones","1","0","42313","Malachite/Limestone (General)/Lead","0"
"Blinkasset Enterprises Limited","gemstones","1","0","555","Nickel/Manganese/Zinc","0"
"BLS Mining Limited","critical_battery","2","0","1649","Lead/Manganese/Zinc","0"
"Blue Desert Engineering Consultancy Limited","critical_battery","1","0","658","Manganese/Quartz/Zinc","1"
"Blueware Investments Limited","critical_battery","1","0","995","Iron Ore/Manganese/Gold","1"
"BNV Holdings Limited","critical_battery","1","0","871","Iron Ore/Manganese/Zinc","0"
"Bomal Mining & Agriculture Enterprises Limited","gemstones","2","0","1369","Tin/Tourmaline/Tungsten","0"
"BOMAS Mining Cooperative Society","gemstones","1","1","7","Silver/Tourmaline/Gold","0"
"BOMBA ULYA MINING COOPERATIVE SOCIETY LIMITED","gemstones","1","1","7","Quartz/Sugilite/Tourmaline","1"
"Bonita Logistics Limited","gold","1","0","67","Quartz/Silica/Silver","1"
"BONSE MINING LIMITED","critical_battery","1","0","36389","Quartz/Manganese/Zinc","1"
"Bonum Investments Limited","gemstones","1","0","532","Emerald","0"
"Brand Equity Limited","critical_battery","1","0","476","Manganese/Nickel/Gold","1"
"Brick Smart Zambia Investment Limited","gemstones","1","0","15457","Lead/Iron Ore/Manganese","0"
"Brilliant Exploration and Mining Limited","gemstones","1","0","2677","Silica/Quartz/Manganese","1"
"Brinewlam Mining Limited","gemstones","1","0","872","Manganese/Quartz/Iron Ore","1"
"Broken Hill Merchants Limited","critical_battery","1","0","3055","Nickel/Silver/Zinc","0"
"Bruhati Mining and Minerals Limited","critical_battery","1","1","50","Manganese","1"
"Bubanji Resources Limited","gold","1","1","20","Gold","1"
"Buffalo Hill Investments Limited","critical_battery","1","0","29780","Silver/Manganese/Zinc","0"
"Build Gene Mining and Construction Limited","gemstones","1","1","144","Manganese/Tourmaline/Gold","1"
"BuildFreca Construction Limited","critical_battery","1","0","45791","Gold/Nickel/Cobalt","1"
"Bukema Mining Limited","gemstones","1","0","943","Manganese/Iron Ore/Quartz","1"
"Bulongo Mining Zambia Limited","gemstones","1","0","532","Titanium/Tourmaline/Tungsten","0"
"Buneme Multi-Purpose Cooperative Society Limited","gold","1","1","7","Iron Ore/Lead/Silver","0"
"Busanya Mining Limited","gemstones","2","0","309","Manganese/Copper/Cobalt","0"
"Bwesu Ubunonshi Multi-Purpose Cooperative Society Limited","critical_battery","1","1","7","Tantalum/Tin/Rare EarthsElements","0"
"Bwino Mining Limited","gemstones","1","0","120","Lead/Iron Ore/Zinc","1"
"Cabral Mining Minerals Limited","critical_battery","1","0","8712","Manganese/Silver/Zinc","0"
"Caingu Gem Mines Lapidary Limited","gemstones","1","0","195","Rare EarthsElements/Tantalum/Tin","0"
"Camland Construction Limited","gold","1","0","81662","Gold/Zinc/Cobalt","1"
"Careys Health Services Limited","critical_battery","1","0","7920","Manganese/Silica/Copper","1"
"Carly Prints International Limited","critical_battery","1","0","1801","Manganese/Nickel/Rare EarthsElements","0"
"CBK Holding and Mineral Resources Limited","gemstones","1","0","16398","Manganese/Mica/Limestone (General)","0"
"CCGM Geology and Mining (Z) Ltd","critical_battery","1","0","85678","Manganese/Gold/Copper","0"
"Central Africa Renewable Energy Corporation Limited","critical_battery","1","0","34181","Nickel/Uranium/Zinc","1"
"Central Province Co-operative Union Limited","critical_battery","1","1","7","Manganese/Lead/Zinc","1"
"Central Youth Muilt Purpose Cooperative Society Limited","critical_battery","1","1","7","Zinc/Manganese/Lead","1"
"Centralpit Learn Multi-purpose Co-operative Society Limited","critical_battery","1","1","7","Silica/Graphite","0"
"Chakam Mining Limited","critical_battery","1","0","962","Platinum/Manganese/Silver","0"
"Chaka's Mining and Suppliers Limited","gemstones","1","1","91","Quartz/Aquamarine/Amethyst","0"
"Chakumbila Mining Co-operative Society Limited","gold","1","1","7","Iron Ore/Gold/Copper","0"
"Chakumbila Multi-Purpose Co-operative Society Limited","gold","1","1","7","Iron Ore/Gold/Copper","0"
"CHAKWANGA MULTI PURPOSE COOPERATION SOCIETY LIMITED","critical_battery","1","1","7","Gold/Manganese/Cobalt","0"
"Chalemba Investments Limited","gemstones","3","0","1219","Iron Ore/Lithium/Copper","2"
"Chamat Suppliers and General Dealers Limited","critical_battery","1","0","834","Nickel/Silver/Zinc","1"
"Chambishi Milling Company Limited","critical_battery","2","0","7193","Iron Ore/Manganese/Silver","2"
"Chambre Mining Company Limited","gemstones","1","0","4898","Nickel/Gold/Zinc","0"
"Champalesa Nemwine Multi-Purpose Co-operative Limited","gemstones","1","1","2","Gold/Mineral Sands/Amethyst","1"
"Chamula Resources Limited","gold","1","0","1747","Gold/Copper/Barium-Barite","1"
"Changa Mining Limited","critical_battery","1","0","36386","Iron Ore/Manganese/Gold","0"
"Chanosi Enterprises and General Dealers Limited","gemstones","1","0","107","Mica/Nickel/Limestone (General)","0"
"Chao Chao Construction Limited","gemstones","2","0","2098","Tin/Tantalum/Copper","1"
"Chao Chikupi Mining Cooperative","gold","1","1","7","Gold/Copper/Cobalt","1"
"CHARFIN INVESTMENT LIMITED","gemstones","1","0","4730","Gold/Iron Ore/Silver","0"
"Chau Ubuntu Multi- Purpose Co-operative Limited","gemstones","1","1","7","Iron Ore/Anhydrite/Gypsum","1"
"Chavuma Mineral Resources Limited","gemstones","1","0","1075","Anhydrite/Gypsum/Gold","1"
"Chazychilz Investments Limited","gemstones","3","0","1043","Gold/Iron Ore/Copper","2"
"Cheban Mining Limited","gold","1","0","761","Palladium/Silver/Gold","1"
"Chem Mining Limited","gold","2","0","12020","Gold/Copper/Anhydrite","1"
"Chema Mining Limited","gemstones","1","0","120","Emerald","1"
"Chengde Mining Limited","critical_battery","1","1","13","Lead/Iron Ore/Manganese","1"
"Chereb Investment Limited","gold","1","0","40583","Lead/Silver/Zinc","1"
"Cherery Mining Company Limited","critical_battery","1","0","949","Manganese/Nickel/Iron Ore","1"
"Chesu Mining Limited","gemstones","1","0","386","Manganese/Iron Ore/Silver","0"
"Chetu Multi-Purpose Co-Operative Society Limited","gemstones","1","1","7","Silver/Quartz/Nickel","1"
"Chiba World Link Zambia Limited","gemstones","1","0","379","Granite/Graphite/Fluorine-Fluorite","1"
"Chibilika Mines Limited","gemstones","1","0","951","Magnesium (Brucit)/Iron Ore/Quartz","0"
"Chido's Civil Engineering Limited","critical_battery","1","0","2634","Quartz/Rare EarthsElements/Nickel","1"
"Chidunkulu  Resources Limited","gemstones","2","0","5026","Lead/Manganese/Gold","2"
"Chifwala Mabula Small Mines Company Limited","gemstones","1","0","56","Emerald/Beryllium","1"
"CHIHAFE MULTI PURPOSE  CO-OPERATIVE","critical_battery","1","1","7","Manganese/Rhodium/Gold","1"
"Chikaban Corporation Zambia Limited","critical_battery","1","0","48918","Iron Ore/Manganese/Gold","0"
"Chikonka copper mines Limited","gemstones","1","0","23","Malachite/Iron Ore/Manganese","0"
"Chilibwino Investment Limited","gemstones","1","0","570","Manganese/Rare EarthsElements/Lead","0"
"Chilindi Investment Limited","critical_battery","1","0","993","Iron Ore/Manganese/Copper","1"
"Chimanabubwe Business Enterprises Limited","critical_battery","1","0","40","Iron Ore/Manganese/Gold","1"
"Chimban  Investments Limited","gemstones","1","0","18124","Lithium/Iron Ore/Gold","1"
"Chimetal Zambia Limited","critical_battery","1","1","50","Manganese","1"
"Chimwelelende Mining Cooperative LTD","gold","1","1","7","Mineral Sands/Quartz/Gold","1"
"Chimwelelende Mining Cooperative Society Limited","gemstones","1","1","7","Quartz/Sand and Gravel/Granite","1"
"China Hainan Zambia Limited","gemstones","1","0","108918","Quartz/Lithium/Iron Ore","1"
"China Zhong Yuan International Limited","critical_battery","2","0","1136","Manganese/Silver/Lead","2"
"Chindende Chindende Mineral Company Limited","critical_battery","1","0","28273","Gold/Manganese/Cobalt","0"
"Chipanshya Construction Limited; Chipanshya Construction Limited","critical_battery","2","0","1869","Gold/Copper/Cobalt","1"
"CHIPELWA GENERAL DEALERS LIMITED","critical_battery","1","0","21643","Nickel/Malachite/Zinc","0"
"Chipepo Aquaculture and Tourism Enterprise Limited","critical_battery","2","0","6728","Gold/Copper/Manganese","1"
"Chipmonic General Dealers Limited","critical_battery","1","0","885","Nickel/Silver/Gold","1"
"Chisaka Estates Limited","critical_battery","1","0","211","Nickel/Silver/Zinc","1"
"Chisokota Multi-purpose Co-operative Society Limited","critical_battery","1","1","7","Lead/Manganese/Zinc","1"
"CHISUMA MINING LIMITED","gemstones","1","1","108","Emerald","1"
"Chisungusho Investments Limited","critical_battery","2","0","1991","Silver/Quartz/Gold","2"
"Chisunka Mining and Natural Resources Foundation Limited","critical_battery","1","0","101","Lead/Manganese/Silver","1"
"Chitoshi Chiefdom Mineral Resources Limited","critical_battery","1","0","2023","Iron Ore/Manganese/Copper","1"
"Chitubula Investments Limited","gemstones","2","0","7638","Gold/Nickel/Copper","1"
"Chizam Explosives and Mining Limited","critical_battery","1","0","92","Sand/Quartz/Silver","0"
"Choice Minerals Limited","gold","1","0","8166","Iron Ore/Silver/Zinc","1"
"CHOOLWE INVESTMENT LIMITED","gold","1","1","7","Silver/Gold/Copper","0"
"Chrispar Mines Limited","gemstones","1","0","400","Aquamarine","0"
"Chrizo General Dealers Limited","critical_battery","2","0","12943","Copper/Cobalt/Limestone (General)","0"
"Chumwe Mining Limited","gemstones","1","1","91","Emerald/Beryllium","1"
"Chun Chun Mining Zambia Limited","gemstones","1","0","446","Garnet/Quartz/Fluorine-Fluorite","1"
"Chuvubwe Mining Limited","gemstones","1","0","119","Quartz/Emerald/Beryllium","0"
"Cipembele Exploration and Mining Services Limited","gemstones","1","0","329","Lead/Nickel/Silver","0"
"City Junction Limited","critical_battery","1","0","16366","Manganese/Silver/Zinc","1"
"CJZ Mineral Resources Limited","critical_battery","1","0","15167","Quartz/Nickel/Silver","0"
"Classic Future Development Company Limited","gold","1","1","7","Gold","1"
"Clestep General Dealers Limited","gemstones","1","0","448","Gold/Lead/Zinc","0"
"Clestmark Investment Limited","gemstones","1","0","14514","Lead/Iron Ore/Manganese","0"
"Closet Enterprises Limited","critical_battery","1","0","86","Manganese/Silver/Gold","1"
"CLS World Link Limited","gemstones","1","0","29302","Niobium (Columbium)/Nickel/Manganese","1"
"CMRB Civil Service  and Consultancy Limited","critical_battery","2","0","10561","Nickel/Lithium/Quartz","2"
"Collussion Mining Co-cooperative Society Limited","gemstones","1","1","7","Manganese/Lithium/Lead","0"
"Compstat Limited","gemstones","1","0","1425","Quartz/Manganese/Tantalum","1"
"Copper Zone Resources Ltd","critical_battery","1","0","7147","Rare EarthsElements/Manganese/Uranium","0"
"Copperbelt University Investments Holdings Limited","critical_battery","2","0","8242","Manganese","0"
"Cornerstone Resources Mining & Explorations Limited","critical_battery","1","0","7175","Gold/Manganese/Silver","1"
"CQL Investments Zambia Limited","gemstones","2","0","7165","Copper/Cobalt/Coal","0"
"Cynatra Trading Limited","gemstones","1","0","499","Manganese/Lithium/Quartz","1"
"Cz Environmental Solutions Limited","gemstones","2","0","13499","Quartz/Precious Gems/Rare EarthsElements","2"
"D.M Transport & Logistics Limited","gemstones","2","0","2344","Rare EarthsElements/Quartz/Manganese","1"
"Dalmar Investments Limited","gold","1","1","7","Gold/Copper","0"
"Dam Carriers And Logistics Zambia Limited","gemstones","1","0","19336","Rare EarthsElements/Lithium/Zinc","1"
"damashi resources limited.","gemstones","1","0","3141","Limestone (General)/Iron Ore/Quartz","0"
"Darijo Mining Limited","gemstones","1","0","269","Gold/Gemstones/Malachite","0"
"Daron Mining and Exploration Limited","gemstones","1","0","13","Garnet/Emerald/Gold","0"
"Datong Industry Corporation Limited","critical_battery","1","0","65884","Iron Ore/Manganese/Copper","0"
"David Chikopa Enterprises","gold","1","1","7","Iron Ore/Lead/Zinc","1"
"DAWOOD GEMS AND JEWELRY LIMITED","gemstones","1","0","15651","Lead/Iron Ore/Manganese","0"
"Daxing Mining Company Limited","critical_battery","1","1","13","Manganese","1"
"Daylight Technologies Zambia Limited","gemstones","1","0","10556","Niobium (Columbium)/Manganese/Silver","1"
"Dcvictory Investements Limited","critical_battery","1","0","14119","Manganese/Lead/Zinc","0"
"Dee Bees Store Limited","gemstones","1","0","20","Limestone (General)/Iron Ore/Anhydrite","0"
"Dekalb General Dealers Limited","critical_battery","1","0","133","Malachite/Nickel/Gold","1"
"Delta Electrical Work and Suppliers Limited","gold","1","0","439","Gold/Iron Ore/Cobalt","0"
"Delta-Zone Mining & Exploration Limited","gemstones","1","0","951","Nickel/Manganese/Quartz","0"
"Denny Nyoni Enterprise Limited","industrial_minerals","1","0","167","Quartz/Sand and Gravel/Stone","1"
"Des Export Zambia Limited","gold","1","1","10","Gold","1"
"Devaberakhah Mining Zambia Limited","gemstones","1","0","13346","Nickel/Lead/Zinc","0"
"Diakite Minerals Purple Gem Limited","gemstones","1","1","134","Tantalum/Tin/Zinc","1"
"Diars Mining Limited","gemstones","1","0","42610","Manganese/Limestone (General)/Iron Ore","1"
"Dias Minerals Mining Company Limited","critical_battery","1","0","4516","Mica/Iron Ore/Silver","0"
"Dibri Investment Limited","gemstones","1","0","401","Lithium/Manganese/Lead","1"
"DIGI MINERALS MULTI-PURPOSE COOPERATIVE","gold","1","1","7","Gold","0"
"Digidrill Exploration Resources Limited","critical_battery","1","0","9665","Manganese/Malachite/Quartz","0"
"DINOEL INVESTMENTS LIMITED","critical_battery","1","0","948","Iron Ore/Manganese/Zinc","0"
"DINS Ventures Limited","gemstones","2","0","7427","Coal/Lithium/Mica","0"
"Distinction Work Wear Garments Limited","critical_battery","1","0","110","Manganese/Zinc/Gold","0"
"Diverse Minerals Limited","gemstones","1","0","29681","Silver/Nickel/Manganese","0"
"Diversity Metal Limited","critical_battery","1","0","530","Nickel/Silver/Gold","1"
"Divine Mimuvelyn Mining and Exploration Company  Limited","critical_battery","3","0","1006","Lead/Manganese/Silver","3"
"DONOVAN MINERAL RESOURCES ZAMBIA LIMITED","critical_battery","1","0","19315","Iron Ore/Manganese/Uranium","0"
"Double ""C"" Investments Limited","gemstones","1","1","45","Tourmaline/Emerald","1"
"Double impacty Construction Company Ltd","industrial_minerals","1","1","11","Marble/Limestone (General)","1"
"Doug Morgar Multi-Purpose Co-operative Society Limited","gemstones","1","1","3","Amethyst","0"
"Doug-Morgar Mult-Purpose Co-operative Society","gemstones","1","1","7","Tantalum/Tin/Amethyst","0"
"DPKF Commercial Limited","gold","1","1","7","Gold/Copper","1"
"Dr Ice Enterprise Limited","gemstones","1","0","3299","Manganese/Tourmaline/Zinc","1"
"Drift Mining Limited","gold","1","0","43964","Gold/Silver/Cobalt","1"
"Drip Engineering and Construction Limited","critical_battery","1","0","569","Iron Ore/Nickel/Copper","0"
"DRM Limited","gemstones","1","1","104","Emerald/Beryllium","1"
"Dukim Mineral Resources Limited","gemstones","1","0","401","Tourmaline/Zinc/Copper","1"
"DZ Trading and Logistics Company Limited","gold","1","1","13","Gold/Copper","1"
"EAGLES HOLDINGS LIMITED","gemstones","1","0","3604","Niobium (Columbium)/Nickel/Molybdenum","0"
"Earthshine Mining Corporation Limited","critical_battery","2","0","9749","Copper/Gold/Niobium (Columbium)","0"
"Easiearth Resources Limited","critical_battery","1","0","21849","Limestone (General)/Lithium/Manganese","1"
"Eastern Granites Limited","gold","2","0","15082","Limestone (General)/Gold/Amazonite","1"
"EASTNET MULTI-PURPOSE CO-OPERATIVE SOCIETY LIMITED","gemstones","1","1","7","Nickel/Anhydrite/Zinc","0"
"East-Tech Investments Limited","critical_battery","1","0","912","Tin/Coal","1"
"ECM PROPERTY GROUP LIMITED","critical_battery","1","0","10303","Malachite/Nickel/Zinc","0"
"ECO MINING CO-OPERATIVE SOCIETY LIMITED","gold","1","1","7","Iron Ore/Silver/Zinc","0"
"Ecomine Exploration Company Limited","gemstones","2","0","992","Copper/Iron Ore/Tantalum","0"
"ECOSAN Development and Trading Limited","gemstones","1","0","982","Mica/Gold/Tantalum","1"
"Ecotrade Resources Limited","critical_battery","1","0","22523","Granite/Manganese/Silver","0"
"EKAA Hrim Earth Resources Minerals and Management Limited","critical_battery","1","0","4351","Nickel/Manganese/Zinc","1"
"EKS Mining International Limited","gemstones","1","1","24","Emerald","1"
"EKS Mining International Ltd","gemstones","1","1","150","Emerald/Beryllium","1"
"Elatis Investements Limited","critical_battery","1","0","249","Manganese/Quartz/Silver","1"
"Elikace Mining Limited","gold","1","0","174","Gold/Copper","0"
"Elikato General Dealers Limited","gold","1","0","13","Limestone (General)/Lead/Zinc","0"
"Elimoas Corporation Limited","gold","2","0","8689","Iron Ore/Copper/Gold","2"
"EM Mining Corporation Limited","critical_battery","1","0","24444","Nickel/Manganese/Zinc","0"
"Emmacho Enterprises Limited","critical_battery","1","0","9382","Lead/Manganese/Zinc","1"
"Emmanuel and Joseph Scrap Metal Co. Ltd.","gemstones","1","1","40","Emerald","1"
"Empire Rock Limited","gemstones","1","0","36","Limestone (General)/Iron Ore/Anhydrite","1"
"EMPRIRIC TRADING LIMITED","gold","1","1","54","Gold","1"
"Engco Civils Limited","critical_battery","1","0","827","Iron Ore/Manganese/Cobalt","0"
"Environmental Spirit Strategies Limited","gold","1","0","32314","Gold/Zinc/Cobalt","1"
"Epic Solutions Limited","critical_battery","2","0","6270","Gold/Copper/Cobalt","2"
"Equitable Zambian Mining and Minerals Cooperative Society","industrial_minerals","1","1","7","Fluorine-Fluorite/Quartz/Clay (General)","1"
"Equitable Zambian Mining and Minerals Cooperative Society Limited","gemstones","1","1","7","Gold/Manganese/Mineral Sands","1"
"E-Stone Works Enterprises Limited","gemstones","1","0","13","Lithium/Manganese/Iron Ore","1"
"Ethical Exim Investments Limited","critical_battery","1","1","13","Manganese/Aluminum (Other)","1"
"Evergreat Investment Company Limited","industrial_minerals","1","0","1237","Limestone (General)/Granite/Dolomite","0"
"Expat Management Services Limited","critical_battery","1","0","892","Quartz/Nickel/Zinc","0"
"Ezed Mines Limited","critical_battery","1","0","1689","Nickel/Silver/Zinc","1"
"Ezra Energy Limited","critical_battery","1","0","4726","Silver/Rare EarthsElements/Tin","0"
"Fahrenheit Twenty Four Limited","gemstones","2","0","12185","Gold/Iron Ore/Cobalt","0"
"Fair People Multi-Purpose Cooperative Society Limited","gemstones","1","1","7","Coal/Cobalt/Citrine","1"
"Falling Star Investments Limited","gold","1","0","4488","Molybdenum/Platinum/Uranium","0"
"Family Industries Mining Company Limited","critical_battery","1","0","2520","Iron Ore/Gold/Nickel","1"
"Fanamu Mining Company","gold","1","1","155","Silver/Gold/Copper","0"
"Faren Mining and Metalllurgy Zambia Company Limited","gold","1","1","33","Gold/Copper","1"
"FEDAR INVESTMENT COMPANY LIMITED","gemstones","2","0","1336","Coal/Amethyst/Granite","0"
"Feliz Mineral Resources Limited","critical_battery","2","0","9638","Iron Ore/Lead/Gold","0"
"Fertilizer Commodities (Z) Limited","gold","1","0","1512","Gold/Iron Ore/Cobalt","1"
"FIERCE DRAGON INVESTMENT LIMITED","critical_battery","2","0","1382","Tungsten/Tin/Niobium (Columbium)","0"
"Firestone Mining Limited","gemstones","1","1","112","Emerald/Beryllium","0"
"Fisanamano Multi-Purpose Co-operative Society Limited","critical_battery","1","1","7","Manganese/Gold/Copper","1"
"Fitole Gem Mines Limited","gemstones","1","1","74","Emerald","0"
"Fitwama Mining Cooperative Society","gemstones","1","1","45","Emerald","0"
"FiveWood Mining International Limited","gemstones","1","0","92","Emerald/Beryllium","0"
"Fleissig Investments Company Limited","critical_battery","1","0","8511","Tantalum/Niobium (Columbium)/Tungsten","0"
"Fleuve Stones Limited","gemstones","1","1","99","Quartz/Tourmaline/Amazonite","1"
"Flow Valve Limited","gemstones","2","0","1311","Gold/Manganese/Zinc","2"
"Flying Lion Mining Company Limited","gemstones","2","0","1805","Manganese/Malachite/Nickel","0"
"Formula Minerals and General Supplies Company Limited","critical_battery","1","0","7015","Manganese/Malachite/Nickel","0"
"Founded Business Trust Holdings Zambia Limited","critical_battery","1","1","13","Lead/Iron Ore/Manganese","1"
"Founded Business Trust Refineries Zambia Limited","gold","1","1","7","Gold","1"
"Fouta Mining Limited","gemstones","2","0","1798","Iron Ore/Lead/Manganese","0"
"Franciscan Mineals Zambia Limited","gemstones","1","1","120","Emerald/Beryllium","1"
"Frank Shewitt Enterprises Limited","gemstones","1","0","75","Amethyst","1"
"Fransia Investments Limited","critical_battery","1","0","40","Manganese/Silver/Zinc","0"
"Freeway Minerals Limited","gemstones","2","0","866","Copper/Cobalt/Tourmaline","1"
"Freshpoint Mining Enterprises & General Suppliers Limited","gemstones","2","0","1300","Gold/Copper/Amethyst","2"
"Freshstart Emerald Mining Limited","gemstones","2","0","1820","Limestone (General)/Anhydrite/Tourmaline","1"
"Fromlight Investments Limited","gold","1","1","7","Gold","1"
"Frontier Generations Limited","gemstones","1","0","56706","Gold/Quartz/Emerald","1"
"Fu Da Resource Management Limited","critical_battery","1","0","8348","Manganese/Zinc/Gold","1"
"Fulgent Mining Limited","critical_battery","1","0","4257","Lithium/Silver/Gold","1"
"G & G National Wide Mining Zambia Limited","gemstones","1","0","102364","Silver/Talc-Soapstone/Quartz","1"
"G & G National Wide Zambia Ltd","gemstones","1","1","113","Emerald/Beryllium","1"
"Gabmans Limited","gemstones","1","1","90","Emerald/Beryllium","0"
"Gadiel Mining Limited","gold","1","0","1835","Silver/Zinc/Gold","1"
"GALHARUR INVESTMENT LIMITED","gold","1","1","10","Gold","1"
"Ganitlines Zambia Limited","critical_battery","1","0","362","Limestone (General)/Iron Ore/Silver","1"
"GANUNA MINERALS LIMITED","gold","1","0","45429","Quartz/Zinc/Gold","0"
"Garba Trading Limited","gemstones","1","0","47","Emerald/Beryllium","1"
"Garbo Resource Zambia Limited","critical_battery","1","0","9324","Nickel/Lead/Zinc","0"
"Garuda Resources Limited","gemstones","3","0","159","Manganese/Iron Ore/Quartz","3"
"Gateway Express Logistics Limited","gold","1","1","7","Gold","1"
"Geejoyblo Mining Company Limited","critical_battery","2","0","528","Nickel/Manganese/Zinc","2"
"Gehaanto Enterprises Limited","gemstones","1","0","1278","Silver/Tourmaline/Iron Ore","0"
"Geljam Mineral Company Limited","critical_battery","1","0","956","Manganese/Limestone (General)/Tin","1"
"Gem Link Africa Limited","critical_battery","1","0","195","Nickel/Quartz/Silver","1"
"Gemgarden Mining Limited","gemstones","1","1","135","Emerald/Garnet/Amethyst","1"
"GEO HUB ENTERPRISE LIMITED","gold","1","1","7","Gold/Copper","0"
"Geofreight Clearing, Forwarding and Trucking Limited","critical_battery","2","0","2415","Manganese/Silver/Tin","0"
"GEO-LOGIC RESOURCES ZAMBIA LIMITED","gemstones","1","0","21682","Gold/Tourmaline/Zinc","0"
"Geonatics Investment Limited","gemstones","2","0","3529","Tin/Tantalum/Quartz","0"
"Gertina Mines Limited","gemstones","1","1","51","Emerald/Beryllium","1"
"Gesso Mining & Investment Lilmited","industrial_minerals","1","0","8064","Anhydrite/Gypsum","0"
"Gesta Mines Limited","critical_battery","1","0","290","Manganese/Lithium/Zinc","1"
"Ghoso Mining Hub Limited","critical_battery","1","0","932","Lead/Manganese/Silver","0"
"Giant Plus Limited","gold","1","0","2004","Silver/Zinc/Gold","0"
"Giant Rock Mining Limited","gemstones","1","0","2519","Malachite/Lead/Nickel","1"
"Giemme Zambia Limited","gemstones","3","0","314","Silver/Quartz/Silica","1"
"Giltyra Investements Limited","gold","1","0","67","Gold/Copper/Cobalt","0"
"Given Resources Limited","critical_battery","1","0","523","Manganese","1"
"Glajo Vision Limited","gemstones","1","0","378","Manganese/Iron Ore/Quartz","0"
"Glemo Investments Limited","critical_battery","2","0","1359","Zinc/Malachite/Nickel","1"
"Global Blessing Exploration Limited","critical_battery","1","0","16916","Lithium/Nickel/Uranium","1"
"Global Culture Network Solutions","gold","1","0","583","Copper/Gold/Iron Ore","1"
"Global Mining Limited","gemstones","1","0","479","Gold/Quartz/Copper","1"
"Gold Lookers Mining Limited","critical_battery","3","0","1053","Manganese/Tin/Iron Ore","1"
"Gold tech resources zambia limited","gold","1","0","6311","Iron Ore/Limestone (General)/Gold","1"
"Gold Trap World Resources Limited","gemstones","1","0","59726","Iron Ore/Nickel/Tin","0"
"Gold Tree Investment Limited","gemstones","1","0","3585","Manganese/Limestone (General)/Quartz","0"
"Gold Tungsten Progress Africa Limited","critical_battery","1","0","397","Manganese/Lead/Zinc","1"
"Goldbelt Mining Industries Limited","critical_battery","1","0","139","Lead/Iron Ore/Graphite","0"
"Golden  Horse Investment Limited","critical_battery","1","0","4634","Iron Ore/Manganese/Copper","0"
"Golden Horse Investements Limited","critical_battery","1","0","57611","Iron Ore/Manganese/Copper","1"
"Golden King Investment Company Limited","gold","1","0","2578","Silver/Zinc/Gold","1"
"Golden Palace International Limited","industrial_minerals","1","0","20","Quartz","0"
"golden silk multi-purpose co-operative society limited","critical_battery","1","1","7","Manganese/Gold/Copper","0"
"GOLDENROCK  RESOURCES ZAMBIA LIMITED","gold","1","0","77","Iron Ore/Lead/Copper","0"
"Goldquest Resources Limited","gemstones","1","0","10290","Nickel/Mineral Sands/Sand and Gravel","1"
"Goldtec Investment Limited","base_metals","1","1","20","Copper/Cobalt","1"
"Gootal Enterprise Limited","gemstones","1","0","209","Gold/Fluorine-Fluorite/Tin","0"
"Gotrays Mining Zambia Limited","critical_battery","2","0","2410","Silver/Manganese/Zinc","1"
"Govinda Construction and Investments Limited","critical_battery","1","0","18335","Manganese/Silver/Zinc","1"
"Grand Osk Limited","gemstones","1","0","1881","Rare EarthsElements/Limestone (General)/Lead","1"
"Graspers  Multi- Purpose Co-Operative Society Limited","gold","1","1","7","Iron Ore/Lead/Zinc","1"
"Grassburg Mining Limited","critical_battery","2","0","8117","Manganese/Silver/Zinc","2"
"Green Earth Metals Limited","critical_battery","1","0","11217","Rare EarthsElements/Nickel/Zinc","1"
"Greenhub Enterprises Limited","critical_battery","1","0","12977","Manganese/Zinc/Gold","0"
"Greenvelt Mining Limited","critical_battery","1","0","965","Gold/Nickel/Cobalt","1"
"Grhhin Mine Limited","gold","1","0","13","Iron Ore/Silver/Zinc","1"
"Grhin Mine Limited","critical_battery","1","0","875","Iron Ore/Graphite/Manganese","1"
"Griffins Mining Limited","gemstones","1","0","444","Mineral Sands/Manganese/Sugilite","0"
"GRN Constructions Zambia Limited","gemstones","1","0","1228","Iron Ore/Gold/Lead","0"
"Growmax Mining Limited","critical_battery","1","0","23577","Lead/Manganese/Silver","0"
"Gulf Drilling Limited","gold","1","0","1422","Gold/Quartz/Copper","1"
"Gulf Kuwait Haulage and Mining Equipment Limited","gemstones","1","0","400","Manganese/Tin/Zinc","1"
"GULF RESOURCES INTERNATIONAL LIMITED","base_metals","1","1","7","Copper/Aluminum (Other)/Aluminum (General)","1"
"Gulnoor Mining Limited","gemstones","1","0","90","Iron Ore/Gold/Tourmaline","1"
"Gypsum Mining Limited","gemstones","1","0","3301","Gold/Gravel/Copper","0"
"H.G High Grade Resources Limited","base_metals","1","1","13","Copper/Cobalt","1"
"Habib Bey Logistics Limited","gold","1","1","7","Gold","1"
"Hachintusanmei Mineral Resources Limited","gemstones","1","0","2212","Fluorine-Fluorite/Feldspar/Tourmaline","0"
"Haizhou Mining Resources Co. Limited","gold","2","0","1104","Iron Ore/Silver/Gold","1"
"HAMBURG EXPLORATION LIMITED","gemstones","2","0","1764","Gold/Tin/Sugilite","0"
"Hamsa Resources Limited","critical_battery","2","0","7691","Gold/Silver/Cobalt","0"
"Hanfu Mining Company Limited","gemstones","2","0","6931","Gold/Silver/Copper","0"
"Hangubi General Dealers Limited","gold","1","0","3110","Gold/Silver/Cobalt","1"
"Hanuunka Mining Cooperative Society LIMITED","industrial_minerals","1","1","7","Sandstone/Stone/Sand and Gravel","1"
"Happening Multi-purpose Co-operative Society Limited","critical_battery","1","1","7","Silica/Manganese/Copper","1"
"Happy Hills Minerals Limited","critical_battery","1","0","3150","Gold/Manganese/Cobalt","1"
"Hardrock Investments Limited","critical_battery","1","0","990","Nickel/Silver/Copper","1"
"Haroons Minerals Limited","gemstones","1","0","107","Silver/Phosphorus-Phosphates/Nickel","0"
"Harvest Inn Limited","gemstones","1","0","964","Manganese/Lead/Zinc","1"
"Hatam Mining Company Limited","gemstones","1","0","10118","Lead/Iron Ore/Nickel","0"
"Havfree International Trade (pty) Limited","critical_battery","1","0","11","Nickel/Manganese/Zinc","1"
"Havillah Multi-purpose Co-operative Limited","gemstones","1","1","7","Gemstones/Gold/Cobalt","0"
"Headframe Resources (Z) Ltd","critical_battery","2","0","15341","Rare EarthsElements/Nickel/Zinc","1"
"Headframe Resources (Zambia) Limited","critical_battery","1","0","13549","Nickel/Lead/Zinc","1"
"Height Supply and General Dealers Limited","gemstones","1","0","2847","Lithium/Manganese/Lead","1"
"Heki Timbers Limited","gemstones","1","0","3140","Iron Ore/Manganese/Zinc","1"
"Helment Boot-Mining Multi-purpose Cooperative Society Limited","gemstones","1","1","7","Mica/Lithium/Tantalum","1"
"Helmwa Cooperation Limited","gemstones","1","0","7681","Nickel/Iron Ore/Gold","1"
"Henev Mining Limited","gold","1","0","30","Lead/Silica/Zinc","1"
"Heshunda Mining Company Limited","critical_battery","1","0","1118","Rare EarthsElements/Nickel/Tin","1"
"Hexagon Investments Limited","gemstones","2","0","195","Emerald/Beryllium","1"
"Hidden Treasure Zambia Company Limited","critical_battery","1","0","9467","Tin/Zinc/Gold","1"
"Highway Industries Limited","critical_battery","1","0","194","Iron Ore/Anhydrite/Limestone (General)","1"
"Hilaac Company Limited","gold","1","1","13","Gold","1"
"Hillington Mining Zambia Limited","critical_battery","2","0","12955","Nickel/Manganese/Silver","0"
"Hilron Innovations Zambia Limited","gemstones","1","0","886","Anhydrite/Gypsum/Gold","1"
"Homeland Builder Limited","critical_battery","1","0","12931","Tantalum/Niobium (Columbium)/Tungsten","0"
"Hommies Investments Limited","gemstones","2","0","6116","Gold/Manganese/Cobalt","2"
"Honesty Mining Company Limited","gemstones","1","0","14","Rare EarthsElements/Silver/Lead","1"
"HONG YUN MINING COMPANY LIMITED","gemstones","1","0","22413","Gold/Garnet/Iron Ore","0"
"Honley Investment Limited","gold","1","1","7","Lead/Gold/Copper","1"
"Horeb  Investment Limited","gold","1","0","33","Silver/Uranium/Gold","0"
"Horizon Properties Limited","gemstones","1","0","1631","Niobium (Columbium)/Talc-Soapstone/Lithium","0"
"HORMAR TRADING LIMITED","gold","1","1","13","Gold/Copper","0"
"Hoshen Mining and Exploration Limited","gold","1","0","998","Malachite/Silver/Zinc","1"
"HOTA MINING COMPANY LIMITED","gemstones","1","0","52900","Silver/Rare EarthsElements/Quartz","0"
"Hot-Spring Oils Company Limited","critical_battery","2","0","8225","Lead/Manganese/Zinc","1"
"House of Minerals Limited","gold","1","0","10","Silver/Zinc/Gold","1"
"Howler Construction Limited","gold","1","0","7","Silica/Silver/Quartz","1"
"HUA HUI INVESTMENT LIMITED","gemstones","1","0","1098","Malachite/Lead/Iron Ore","0"
"Hua-Jiang Investments Limited","critical_battery","1","0","1094","Nickel/Lead/Silver","0"
"Huan Yu Mining Mining Limited","gold","1","1","20","Gold/Copper/Cobalt","1"
"Huaxiang Investment Company Limited","gemstones","1","0","3975","Nickel/Manganese/Silver","0"
"Huios Mining and Minerals Explorations Limited","critical_battery","1","0","1337","Manganese/Limestone (General)/Zinc","1"
"Hume Stone Limited","base_metals","1","1","140","Copper","1"
"Hwaeuro Investments Limited","critical_battery","1","0","15113","Manganese/Lead/Nickel","0"
"Hyperion Corporation Limited","critical_battery","1","0","1475","Iron Ore/Manganese/Silver","0"
"IFTIN INVESTMENTS LIMITED","gold","1","1","3","Gold","1"
"Ilambalimo Mining Limited","critical_battery","1","0","3464","Nickel/Molybdenum/Marble","0"
"Ilola Datamuka Multi Purpose Co-operative Limited","critical_battery","1","1","7","Nickel/Gold/Copper","1"
"Ilola Investments Limited","critical_battery","2","0","4807","Manganese/Limestone (General)/Zinc","1"
"ILYAS INVESTMENTS LIMITED","gold","1","1","7","Gold","1"
"Incara Company (Zambia) Limited","gemstones","1","0","769","Quartz/Tourmaline/Gold","1"
"Industrial Resources Limited","critical_battery","2","0","2790","Malachite/Silver/Gold","0"
"Innovative Mining Limited","critical_battery","1","0","48880","Titanium/Nickel/Zinc","0"
"Insofu Mining Limited","gold","1","0","37255","Silver/Uranium/Gold","0"
"Intergration Zambia Limited","gemstones","1","0","48235","Manganese/Iron Ore/Platinum","1"
"INTERNAL MINDSET CO-OPERTIVE LIMITED","gold","1","1","7","Gold","1"
"Interprochan Enterprises Limited","critical_battery","1","0","53108","Nickel/Silver/Zinc","0"
"Investec Technical Services Limited","gemstones","1","0","37767","Limestone (General)/Lead/Iron Ore","1"
"Irchi Investment Limited","gemstones","1","1","1","Emerald/Beryllium/Aquamarine","0"
"Israjah Enterprises Limited","gold","1","0","343","Limestone (General)/Silica/Gold","0"
"Iwin Group Limited; Iwin Minerals Limited","critical_battery","1","0","4136","Nickel/Quartz/Silver","1"
"Izachak General Dealers Limited","gemstones","1","0","4205","Manganese/Quartz/Tourmaline","1"
"Izulu Lethu Mining & Trading Academy Limited","critical_battery","1","0","242","Manganese/Gold/Copper","1"
"J.L.Cole Investments Limited","base_metals","1","0","153","Copper","1"
"Jach Multi-Purpose Cooperative","critical_battery","1","1","7","Lead/Manganese/Zinc","1"
"Jakaya Mining Limited","critical_battery","1","0","167","Manganese/Lead/Zinc","0"
"Jakosa Investments Limited","gemstones","1","0","6829","Rare EarthsElements/Quartz/Tourmaline","1"
"Jamba Mining & Marketing Ltd","gemstones","1","1","72","Emerald/Beryllium","1"
"Jamrob Enterprises Limited","gemstones","1","0","392","Silver/Rare EarthsElements/Nickel","0"
"JASRA Mines and Investments Limited","gemstones","1","0","946","Mineral Sands/Nickel/Malachite","0"
"JC Infinity Stone Zambia Limited","critical_battery","1","0","13667","Platinum Group Metals/Molybdenum/Quartz","1"
"Jeal Investments Limited","gemstones","2","0","15770","Iron Ore/Gold/Copper","0"
"Jearmy Enterprises Limited","gemstones","1","0","107","Emerald/Gold/Copper","1"
"Jedna Agri-Trade Limited","critical_battery","1","0","9182","Iron Ore/Anhydrite/Manganese","0"
"Jeff's Farms and General Dealers Limited","gold","1","0","830","Iron Ore/Silver/Gold","1"
"Jehji Zambia Limited","critical_battery","1","0","7575","Limestone (General)/Manganese/Zinc","1"
"Jejeva Logistics Limited","gemstones","1","0","744","Manganese/Iron Ore/Silver","1"
"Jesmu Industry Company Limited","base_metals","1","1","7","Malachite/Mineral Sands/Sand","1"
"Jesu Multi Purpose Cooperative Society Limited","gold","1","1","7","Gold/Copper","1"
"Jezreel investments Limited","base_metals","1","0","478","Laterite/Iron Ore/Limestone (General)","0"
"Jilham Civil Cross Engineering Limited","gemstones","2","0","12431","Nickel/Molybdenum/Gold","2"
"JINDI MINING LIMITED","gemstones","1","0","3376","Nickel/Manganese/Silver","0"
"Jinfeng Mining Company Limited","gemstones","1","0","1704","Rare EarthsElements/Manganese/Silver","1"
"Jinhui Minerals Limited","gemstones","1","0","948","Silver/Quartz/Tourmaline","1"
"Jisanshi Investments Limited","critical_battery","1","0","22568","Manganese/Silver/Zinc","0"
"JIYAD INVESTMENTS LIMITED","gold","1","1","7","Gold","1"
"JM Quarrying and Mining Limited","gemstones","1","0","108975","Platinum/Silver/Gold","1"
"JMK Venture Limited","critical_battery","1","0","848","Lead/Iron Ore/Limestone (General)","0"
"Joe's Earthworks and Mining Ltd","critical_battery","1","0","3086","Molybdenum/Manganese/Nickel","0"
"John Matongo Mine Limited","gemstones","1","1","102","Emerald/Beryllium","0"
"Johnny's Trading co. Limited","critical_battery","1","0","96008","Manganese/Tin/Gold","0"
"Johowen Contractors and Suppliers Limited","critical_battery","1","0","898","Manganese/Lead/Zinc","1"
"JOHSTEK MINING INVESTMENTS LIMITED","critical_battery","1","0","10203","Manganese/Nickel/Gold","0"
"Jolunde Agro Services Limited","gemstones","1","0","89","Emerald/Beryllium","1"
"Jomemu Rockyview Logistics Limited","gemstones","1","0","79","Quartz/Nickel/Manganese","0"
"Jomoas Corporation Limited","gold","2","0","11642","Gold/Cobalt/Copper","2"
"Jordan Fresh Farms Limited","gold","1","0","345","Silver/Zinc/Gold","1"
"Josong Mining Limited","gemstones","1","0","936","Quartz/Tourmaline/Aquamarine","1"
"Jothe Luombe Limited","gemstones","1","0","877","Marble/Manganese/Silver","0"
"JOUVENCE PETROLEUM ZAMBIA LIMITED","gemstones","2","0","10603","Gold/Tourmaline/Manganese","0"
"Jungle Lion Mining Co-operative","gold","1","1","7","Gold/Copper/Cobalt","0"
"Junza Limited","gemstones","1","1","140","Tantalum/Tin/Amethyst","0"
"Juta Investment Limited","gemstones","1","0","96","Silver/Zinc/Diamond","0"
"Kaaf Investment Limited","gold","1","1","13","Gold/Copper","1"
"Kabijiba Mining Company Limited","critical_battery","1","0","521","Limestone (General)/Manganese/Zinc","0"
"Kabile Mining Limited","critical_battery","1","0","1803","Manganese/Silver/Zinc","1"
"Kabotu Resources Limited","critical_battery","1","0","14797","Iron Ore/Manganese/Copper","1"
"Kabulyeni Mining Limited","gold","1","0","1450","Gold/Zinc/Cobalt","1"
"Kabundi Minerals Limited","gemstones","2","0","900","Iron Ore/Manganese/Copper","0"
"Kabungu Mining and Prospecting Limited","gemstones","1","0","63","Garnet/Quartz/Tourmaline","1"
"kachiba-biyo Multipurpose Cooperative Society","gemstones","1","1","7","Lithium/Gemstones/Tin","0"
"Kachoma Mining Cooperative Society Limited","gemstones","1","1","2","Silver/Nickel/Manganese","0"
"Kadam Manja Mining Company Limited","gold","1","0","3045","Gold/Silver/Cobalt","0"
"kafulenzhi mining limited","critical_battery","1","0","328","Lead/Nickel/Zinc","1"
"KAFWA MULT-PURPOSE CO-OPERATIVE SOCIETY LIMITED","gemstones","1","1","7","Gold/Mineral Sands/Amethyst","0"
"Kainshen Investments Limited","critical_battery","2","0","4419","Silver/Nickel/Gold","2"
"Kalene Minerals Zambia Limited","gold","1","0","20043","Silver/Zinc/Gold","0"
"Kalomo Resources Limited","gemstones","1","0","12222","Nickel/Tantalum/Lithium","0"
"Kalubwe Mining Limited","gemstones","1","1","60","Emerald","1"
"Kalukana Investments Limited","gemstones","1","0","118","Emerald/Beryllium","1"
"Kalumbila Multi-purpose Cooperative Society","gemstones","1","1","7","Limestone (General)/Iron Ore/Anhydrite","1"
"Kalundu Minerals Limited","gold","1","1","7","Gold","1"
"Kalundu Student Hostel Limited","gemstones","2","0","6958","Zinc/Limestone (General)/Copper","1"
"Kalungwishi Ventures Limited","critical_battery","1","0","543","Lead/Manganese/Zinc","1"
"Kamabanga Mining Limited","gold","1","0","13","Gold/Silver/Cobalt","1"
"Kamaluba Youth Mult-purpose Cooperative Society Limited","gold","1","1","7","Iron Ore/Lead/Silver","1"
"Kamawusa Mining Limited","gold","1","0","2523","Gold/Silver/Cobalt","0"
"Kambishi Multi-purpose Co-operative Society Limited","gemstones","1","1","7","Emerald/Copper/Cobalt","0"
"Kamdothi Mining Cooperative","gemstones","1","1","7","Silver/Tourmaline/Gold","1"
"Kameha Resources Limited","gemstones","2","0","3963","Coal/Amethyst/Zinc","0"
"Kamikochi Mining Zambia Limited","critical_battery","1","0","26819","Lead/Manganese/Zinc","1"
"Kamugo Mineral Resources Limited","critical_battery","1","0","18925","Iron Ore/Nickel/Uranium","0"
"Kamuselula Mining Co- operative Society Limited","gold","1","1","7","Silver/Zinc/Gold","0"
"kamutumba mining company ltd","critical_battery","1","0","17","Manganese/Silver/Zinc","1"
"Kamwambizi Small Scale Miners Co-operative Society Limited","gemstones","1","1","7","Quartz/Tourmaline/Aquamarine","1"
"Kamwewa Investments Limited","base_metals","1","0","633","Silver/Zinc/Copper","1"
"KANCHIBIYA METALS LIMITED","base_metals","1","0","40","Malachite/Copper/Cobalt","0"
"Kandi Mining and General Dealers Limited","gold","1","0","70","Quartz/Silica/Silver","1"
"Kang Investements Limited","gemstones","1","0","181","Rare EarthsElements/Manganese/Zinc","1"
"Kango Trading Limited","critical_battery","1","0","55527","Niobium (Columbium)/Silver/Zinc","1"
"Kaole New  Dawn Mining Multipurpose  Cooperative Society Limited","critical_battery","1","1","7","Manganese/Copper","1"
"Kaoma Mining Limited","gold","1","0","17083","Silver/Zinc/Gold","0"
"Kapanda Maano Multi- Purpose Co-operative Society Limited","critical_battery","1","1","7","Lead/Manganese/Zinc","0"
"Kapesika Mining & Gold Processing","gemstones","2","0","509","Gold/Lead/Copper","2"
"Kapetu Quarry Limited","critical_battery","1","0","210","Iron Ore/Manganese/Zinc","0"
"KAPICHILA INVESTMENTS LIMITED","gemstones","2","0","1351","Zinc/Malachite/Nickel","2"
"Kapinga and Sons Investments Limited","gemstones","2","0","1689","Gold/Copper/Iron Ore","0"
"Kapsims Mining Company Limited","critical_battery","1","0","763","Manganese/Silver/Zinc","0"
"Karaka Mineral Resources Limited","critical_battery","2","0","954","Gold/Silver/Cobalt","0"
"Karamay Investment Company Limited","gemstones","1","0","74530","Quartz/Platinum/Niobium (Columbium)","0"
"Karma Processing Services and Rural Development Limited","critical_battery","1","0","21249","Lead/Manganese/Nickel","1"
"Karma Rean Investments Limited","gold","1","0","14893","Iron Ore/Silver/Gold","0"
"Kasafya Youth Multi-purpose Co-operative Society Limited","critical_battery","1","1","7","Manganese/Copper/Cobalt","1"
"KASCCO Limited","gemstones","1","0","10567","Lithium/Lead/Platinum","0"
"Kasempa Copper Mines Zambia Limited","gold","1","0","83","Gold/Copper/Cobalt","0"
"Kasimure Enterprises Limited","gemstones","1","0","110","Emerald/Beryllium","1"
"Kasiya Mining Company Limited","gemstones","1","0","65","Marble/Magnesium (Brucit)/Lithium","1"
"Kasoma Mining Project Limited","critical_battery","1","0","23","Iron Ore/Lithium/Manganese","0"
"Kasote International Limited","critical_battery","1","0","19491","Gold/Iron Ore/Tin","0"
"Kasumili Mine  Limited","gemstones","1","0","208","Quartz/Emerald/Citrine","1"
"Katanda Natural Resources Limited","critical_battery","1","0","23","Nickel/Manganese/Uranium","0"
"Katizo Mining Company Limited","critical_battery","1","0","346","Nickel/Tantalum/Titanium","0"
"Katken Enterprises Limited","gemstones","1","0","303","Nickel/Quartz/Manganese","1"
"Katoka Mema Corporation Limited","gold","1","0","843","Gold/Iron Ore/Cobalt","0"
"Katotebujo Mullti-Purpose Co-operative Limited","gemstones","1","1","7","Iron Ore/Manganese/Silver","0"
"Katuzumanana Mining Co-operative Society Limited","gold","1","1","7","Gold","1"
"Kauzu Nkhunzi Mining Cooperative Society Limited","gemstones","1","1","7","Quartz/Tourmaline/Gold","0"
"KAVOD MINING LIMITED","gemstones","1","0","21936","Limestone (General)/Iron Ore/Manganese","0"
"Kavs Equipment Limited","gemstones","1","1","28","Emerald","1"
"Kawachi Drilling and Exploration Limited","gemstones","1","0","7928","Lead/Limestone (General)/Graphite","1"
"KAYANGES VENTURES LIMITED","critical_battery","1","0","15672","Manganese/Lithium/Zinc","1"
"Kayayi Investments Limited","gemstones","1","1","117","Emerald","1"
"Kayden Investments Limited","gemstones","1","0","50","Emerald","1"
"Kaykas Investements Limited","gemstones","2","0","864","Copper/Manganese/Rare EarthsElements","2"
"Kaystech Zambia Limited","critical_battery","1","0","990","Rare EarthsElements/Zinc/Iron Ore","1"
"Kend Engineering Limited","gold","1","0","400","Gold/Copper","1"
"Kenjess general Dealers Limited","gold","1","0","644","Gold/Copper","0"
"Kenlen Minerals Limited","gold","1","0","981","Quartz/Zinc/Gold","1"
"Kennados Mining Ventures Co-operative Society Limited","gemstones","1","1","7","Silica/Tantalum/Tin","0"
"Kerson Resources Limited","gemstones","2","0","1235","Malachite/Manganese/Lead","1"
"Kesya Resources Limited","gemstones","1","0","1053","Iron Ore/Coal/Amethyst","1"
"Kevmich Resources Limited","gold","1","1","10","Gold/Copper/Cobalt","1"
"Kezram Minerals and Chemical Limited","gold","1","0","402","Gold/Copper","1"
"Khasavasa Resources Limited","critical_battery","1","0","563","Lead/Manganese/Zinc","0"
"Khazma Investments Limited","gemstones","1","0","130","Tantalum/Tin/Quartz","0"
"Khlozo Construction And General Dealers Limited","critical_battery","1","0","447","Nickel/Silver/Zinc","0"
"Kiddies University Limited","critical_battery","2","0","5549","Manganese/Zinc/Gold","1"
"KIKANA MINERALS LIMITED","critical_battery","1","0","23702","Lead/Manganese/Silver","0"
"Kilajits Engineering & Logistics Zambia Limited","critical_battery","2","0","5289","Lead/Copper/Cobalt","2"
"Kilimanjaro Mining Limited","gemstones","2","0","2147","Manganese/Lead/Quartz","0"
"Kilobo Multi-purpose Cooperative Society Limited","gold","1","1","7","Gold/Copper/Cobalt","0"
"Kilonga Investment Limited","gemstones","1","0","8118","Manganese/Limestone (General)/Zinc","0"
"Kingslight Minerals Limited","gemstones","1","0","830","Manganese/Quartz/Silver","1"
"KLC Investments Limited","gemstones","1","0","903","Limestone (General)/Rare EarthsElements/Ruby","0"
"KLR Drilling Technologies Limited","critical_battery","2","0","3084","Nickel/Manganese/Zinc","0"
"KMC Engineering & Construction Limited","critical_battery","1","0","944","Nickel/Manganese/Quartz","0"
"KMCI Mining Limited","critical_battery","1","0","990","Lead/Manganese/Zinc","1"
"KMR Geo Resources Limited","gold","1","0","217","Iron Ore/Quartz/Silver","1"
"Koala Mining Limited","gemstones","1","0","1756","Lithium/Gold/Quartz","1"
"Kounnas Zambia Limited","critical_battery","2","0","3876","Nickel/Silver/Gold","1"
"Kozoo mining multi -purpose cooperative society Limited","gold","1","1","7","Sand/Limestone (General)/Gold","0"
"KPR Investments Limited","critical_battery","1","0","88396","Nickel/Manganese/Zinc","0"
"KSP Investements Limited","gemstones","1","0","3701","Iron Ore/Graphite/Zinc","1"
"Kuaisu Auto Service Limited","gold","1","0","2609","Iron Ore/Zinc/Gold","0"
"Kubanta Investements Limited","gemstones","1","0","4452","Gold/Iron Ore/Tourmaline","1"
"Kuchomwetu Mining company Limited","gemstones","1","0","6091","Nickel/Manganese/Gravel","0"
"Kudinkaku Multi-Purpose Society Limited","critical_battery","1","1","7","Limestone (General)/Lead/Zinc","1"
"Kuhimpika Mining Company Limited","gold","1","0","952","Iron Ore/Silver/Gold","1"
"KUKUMBA NA KULIMA MULTI-PURPOSE CO-OPERATIVE SOCIETY LIMITED","gemstones","1","1","2","Palladium/Nickel/Manganese","0"
"Kukwatakana Community Initiative Foundation","critical_battery","1","0","385","Nickel/Lead/Zinc","1"
"Kula Resources Limited","critical_battery","1","0","40464","Platinum Group Metals/Nickel/Zinc","0"
"Kunachi Northwest Investements Limited","gemstones","1","0","870","Rare EarthsElements/Manganese/Zinc","1"
"KUTANGA MINING LIMITED","gemstones","1","0","76","Manganese/Malachite/Zinc","0"
"Kuti Foods Company Limited","gemstones","1","0","63","Tantalum/Quartz/Tourmaline","1"
"Kuza Investments Limited","critical_battery","1","0","899","Nickel/Manganese/Talc-Soapstone","1"
"Kuzata Investments Limited","critical_battery","2","0","1364","Manganese/Nickel/Silver","0"
"Kwetu Multi Purpose Co-operative Society Limited","gold","1","1","7","Quartz/Gold","1"
"KWICK CHEKS MINES LIMITED","gemstones","1","0","494","Manganese/Sand/Limestone (General)","0"
"Kyuulu Mutezhi Multi-purpose Co-operative Society Limited","gemstones","1","1","7","Iron Ore/Gold/Zinc","0"
"L and I Investments Limited","critical_battery","1","0","55208","Nickel/Silver/Gold","0"
"LA Tashen Limited","critical_battery","1","0","154","Manganese/Lead/Silver","1"
"Laka Mining Resources LIMITED","critical_battery","1","0","911","Gold/Nickel/Cobalt","0"
"Langtasee Mining Company Limited","gemstones","2","0","666","Iron Ore/Manganese/Gold","2"
"Lavuponde Multi - Cooperative Society Limited","gemstones","1","1","7","Gold/Iron Ore/Manganese","1"
"Lawgum Investments Limited","gemstones","1","0","83","Manganese/Malachite/Limestone (General)","0"
"Legacy Innovations Limited","gemstones","1","0","6979","Manganese/Nickel/Silver","1"
"Legacy Resources Limited","gemstones","1","0","3010","Rare EarthsElements/Lithium/Zinc","1"
"Leixin  Renewable Resources Limited","gold","1","1","53","Gold/Copper","1"
"Lekima Zambia Limited","critical_battery","1","0","25464","Lead/Manganese/Zinc","1"
"Liakaz  Investment Limited","gemstones","1","0","198","Quartz/Tourmaline/Manganese","1"
"Lian Chao and Yue Ventures Limited","critical_battery","1","0","24977","Lead/Manganese/Zinc","0"
"lianneng mining limited","gemstones","2","0","5199","Gold/Anhydrite/Gypsum","0"
"Libonene Enterprises Limited","critical_battery","1","0","3191","Gold/Nickel/Cobalt","0"
"Libra Mining Limited","gold","1","1","7","Gold","1"
"Lifestone Minerals Limited","gemstones","1","0","966","Quartz/Manganese/Zinc","1"
"Light Man Tours General Dealers Limited","gemstones","1","0","26","Quartz/Gold/Garnet","0"
"LIGHTSTONE MINING COMPANY LIMITED","critical_battery","2","0","517","Tantalum/Tin/Rare EarthsElements","0"
"LIIBAN INVESTMENTS ZAMBIA LIMITED","critical_battery","1","0","17519","Manganese/Limestone (General)/Silver","0"
"Likanta Resources Limited","critical_battery","1","0","35395","Sand and Gravel/Rare EarthsElements/Niobium (Columbium)","1"
"Lilayi Talc Mine Association","gold","1","1","7","Gold","0"
"Lincolnsabrina Equity Limited","gemstones","1","0","94","Quartz/Lithium/Tin","0"
"Linkstone Investments Limited","gemstones","1","0","5731","Manganese/Quartz/Silver","0"
"Lintai Mining Company Limited","critical_battery","1","0","1176","Manganese/Lead/Zinc","0"
"LION ZONE DEVELOPMENT LIMITED","gemstones","1","0","9142","Rare EarthsElements/Sheet Mica/Manganese","0"
"Lipostide Resources Limited","gemstones","1","0","1733","Gold/Lithium/Aquamarine","1"
"Lisko Logistics Limited","gemstones","1","0","533","Manganese/Iron Ore/Silver","1"
"Lithachi Logistics Limited","gemstones","1","0","461","Precious Gems/Semi-Precious Gems/Platinum","1"
"Liuzh Company Limited","gemstones","2","0","7911","Copper/Gold/Aquamarine","2"
"Liyez Enterprises Limited","critical_battery","1","0","9830","Lithium/Manganese/Copper","1"
"LOBITO RESOURCES LIMITED","gemstones","1","0","50657","Garnet/Gemstones/Feldspar","0"
"Lochiku Logistics Limited","gemstones","1","0","3664","Manganese/Iron Ore/Tourmaline","1"
"Longhorn Global Commodities Limited","gemstones","1","0","17292","Silver/Tourmaline/Zinc","0"
"Longpula Investments Limited","gold","1","0","354","Iron Ore/Silver/Gold","1"
"Longvee Mining Limited","critical_battery","2","0","1970","Copper/Cobalt/Gold","0"
"Lords Craftsmen Enterprises Limited","critical_battery","1","0","7390","Nickel/Silver/Zinc","1"
"Lotuno Enterprises Limited","gemstones","1","1","57","Tin/Tourmaline/Amethyst","0"
"Louis Mining Company Limited","critical_battery","1","0","97","Manganese/Silver/Copper","0"
"LSS Corporate World Limited","gemstones","1","0","11230","Nickel/Platinum Group Metals/Granite","0"
"Luamba Investment Company Limited","critical_battery","1","0","549","Quartz/Silver/Tin","1"
"Luambulu Mining Limited","gemstones","1","0","994","Gold/Quartz/Tourmaline","1"
"Luangwa Gemfields Mining Company Limited","gemstones","1","0","116","Phosphorus-Phosphates/Nickel/Quartz","1"
"Luano Agricultural Development Limited","critical_battery","1","0","41856","Manganese/Silver/Zinc","0"
"Luapula Women In Extractive Mining Co-operative Society Limited","critical_battery","1","1","7","Iron Ore/Manganese/Quartz","0"
"Luban Engineering Zambia Limited","gemstones","2","0","1237","Iron Ore/Nickel/Gold","0"
"Lubuchi geo-consultancy Limited","critical_battery","1","0","653","Iron Ore/Manganese/Gold","0"
"Lubuto Landscaping Limited","critical_battery","1","0","24866","Manganese/Silver/Zinc","1"
"Luchat Business Company Limited","gemstones","1","0","919","Emerald/Quartz/Copper","1"
"Luchisaka Mining and Development Cooperative Limited","gemstones","1","1","7","Granite/Mica/Gold","0"
"Lukabu Westlake enterprises","gemstones","2","0","1818","Iron Ore/Lead/Gold","0"
"Lukamantano Youth Multi-Purpose Cooperative","critical_battery","1","1","7","Pyrite/Tin/Zinc","1"
"Lukomaria Mining Investment Limited","gemstones","1","0","20","Emerald/Beryllium","0"
"Lukusashi Company Limited","critical_battery","1","0","8410","Manganese/Silver/Uranium","0"
"Lumezi Mining Limited","gemstones","1","0","47","Garnet","1"
"Lumuno Enterprises Limited","gemstones","2","0","1350","Iron Ore/Tourmaline/Gold","2"
"LUNAREDGE VENTURES LIMITED","gemstones","1","0","10185","Manganese/Malachite/Lead","0"
"Lunsongwa and Mining  Exploration  Resources Limited","critical_battery","1","0","87354","Nickel/Zinc/Gold","0"
"Lupansa Mining And Exploration Limited","gemstones","1","0","371","Iron Ore/Manganese/Quartz","1"
"Lusangazi Nyakulemba Gold Minerals Resources Limited","gemstones","1","0","791","Tourmaline/Gold/Copper","0"
"Lusasha Mining and Contractors Limited","critical_battery","1","0","57465","Quartz/Manganese/Zinc","1"
"Lutebwe Mining Zambia Limited","gold","1","0","997","Lead/Quartz/Zinc","0"
"Luwi Business Resources Limited","critical_battery","1","0","15672","Silver/Manganese/Tin","0"
"Luwi Gemstone Mining Limited","gemstones","1","0","180","Tourmaline/Emerald/Amethyst","0"
"Lwebitech Farms Limited","gold","1","0","944","Gold/Copper/Cobalt","1"
"Lyon Mining Zambia Limited","gemstones","1","0","3912","Quartz/Platinum/Tantalum","1"
"Machiba Computers Limited","critical_battery","1","0","937","Silica/Zinc/Manganese","0"
"Mackford General Works Limited","gemstones","1","0","363","Manganese/Quartz/Copper","1"
"Madar Mining Zambia Limited","gemstones","1","0","79372","Rare EarthsElements/Manganese/Lead","0"
"Madibba Resources  And Exploration Company Limited","gemstones","1","0","2463","Radium/Silver/Quartz","0"
"Madibba Resources Multipurpose Cooperative Society","gemstones","1","1","7","Quartz/Radium/Nickel","1"
"Mafula Minerals Resources  Limited","critical_battery","1","0","2623","Manganese/Silver/Zinc","1"
"Mafula Mining Limited","gemstones","1","0","902","Platinum/Nickel/Silver","0"
"Maggie Kashinakazhi Mine Limited","gold","1","0","211","Lead/Silver/Zinc","1"
"Magnificent  Mining Limited","critical_battery","1","0","9539","Quartz/Marble/Zinc","0"
"Mahamu Holdings Limited","gold","1","0","24017","Gold/Silver/Coal","0"
"Majeed Pasha Investments Limited","gold","1","0","990","Gold/Iron Ore/Cobalt","0"
"Makandwe Multi-purpose cooperative Society Limited","gold","1","1","7","Iron Ore/Silver/Gold","1"
"Makeni College School of Nursing","critical_battery","1","0","11073","Tantalum/Thallium/Silver","0"
"Makgreen Consultant Limited","gemstones","1","0","13","Manganese/Laterite/Nickel","0"
"Maks Hill Investment Limited","critical_battery","1","0","440","Gold/Manganese/Cobalt","0"
"Malabwe Mine Limited","gemstones","1","1","96","Emerald/Beryllium","1"
"Malemashi Copper Mult Purpose Cooperative Society Limited","gemstones","1","1","7","Quartz/Silver/Tourmaline","0"
"Malibata Investments Limited","critical_battery","1","0","524","Lithium/Manganese/Gold","1"
"Malica Enterprises Limited","gemstones","1","0","11832","Lithium/Manganese/Kyanite","0"
"Maliot Goldhill Zambia Limited","critical_battery","2","0","15091","Gold/Lead/Cobalt","1"
"Mamala Enterprises Limited","gemstones","1","0","117","Amethyst","0"
"Manasa Mining Associates Limited","gemstones","2","0","5474","Quartz/Nickel/Zinc","0"
"Mango Grove Investments Limited","critical_battery","2","0","1159","Lead/Quartz/Zinc","2"
"Mango Mining Co-operative Society Limited","critical_battery","1","1","7","Gold/Nickel/Cobalt","1"
"Mano Yachila Maka Mining Cooperative","gemstones","1","0","78","Emerald","0"
"Mano Yachilamaka Mining Company Limited","gemstones","1","1","78","Emerald/Beryllium","1"
"Manvin Minerals Limited","gold","1","0","23044","Iron Ore/Lead/Zinc","0"
"Maosheng Mineral Resources Zambia Limited","critical_battery","1","1","53","Gold/Manganese/Cobalt","0"
"Mapalo Quarries Limited","gold","1","0","213","Platinum/Silver/Zinc","0"
"Mapatizya Central Multi-Purpose Cooperative Society","gemstones","1","1","7","Lithium/Lead/Mica","1"
"Mapelo Gemstone Export Co. Limited","gemstones","1","1","60","Garnet","1"
"Mapompo Investements Limited","critical_battery","1","1","76","Manganese/Limestone (General)/Talc-Soapstone","1"
"Mapp Mining Limited","critical_battery","1","0","1099","Manganese/Lead/Zinc","1"
"Mara Benefit Logistics Limited","gemstones","2","0","60","Nickel/Manganese/Zinc","0"
"maraed Mining Contractors and General Suppliers Limited","critical_battery","1","0","8862","Iron Ore/Manganese/Copper","1"
"Marengo Limited","critical_battery","2","0","2179","Lithium/Limestone (General)/Lead","2"
"MARESTHER MINERAL RESOURCES LIMITED","gold","1","0","29724","Gold/Copper/Cobalt","0"
"Maretec Investments Limited","critical_battery","2","0","1752","Gold/Copper/Cobalt","2"
"Marjohn Lukeka Mining & Exploration Company Limited","critical_battery","1","0","3555","Iron Ore/Manganese/Zinc","0"
"Marriott Industries Limited","critical_battery","1","0","9220","Iron Ore/Manganese/Copper","1"
"Marumunachi Mining Company Limited","gemstones","1","0","13","Emerald/Aquamarine","0"
"Matka Technical Services Limited","critical_battery","1","0","3698","Manganese/Lead/Zinc","0"
"Matsimu Investment Limited","critical_battery","1","0","43617","Tin/Tantalum","1"
"Max Global Ferro Alloys Limited","critical_battery","1","1","37","Silica/Manganese","1"
"Maxchi Cargo Services Zambia Limited","gemstones","1","0","144","Manganese/Nickel/Anhydrite","0"
"Maxsma Minerals Limited","critical_battery","1","0","5952","Limestone (General)/Lead/Iron Ore","1"
"Mayiko Mining Limited","critical_battery","1","0","871","Iron Ore/Manganese/Zinc","0"
"MC Chewe Building and General Contractors Limit","gemstones","1","0","44","Emerald","0"
"MC Mining Limited","critical_battery","1","0","217","Nickel/Manganese/Quartz","1"
"MECS Service Limited","gemstones","1","0","377","Gold/Quartz/Silver","0"
"MEDIBUK INVESTMENTS LIMITED","gemstones","1","0","13","Lithium/Manganese/Iron Ore","0"
"MEDICI RESOURCES LIMITED","gemstones","1","0","4297","Silver/Niobium (Columbium)/Nickel","0"
"Mediterranean Mining Limited","gold","1","1","149","Gold/Copper","1"
"Mega Press Limited","gemstones","1","0","19962","Iron Ore/Manganese/Zinc","1"
"Meihua International Mining Limited","gemstones","1","0","7658","Lead/Iron Ore/Tin","1"
"Melai Company Limited","gemstones","1","1","121","Emerald/Beryllium","1"
"Melaot Zones Mining and Engineering Limited","critical_battery","1","0","3620","Lead/Manganese/Zinc","0"
"Melesa Mining Limited","gemstones","1","0","83388","Manganese/Iron Ore/Tourmaline","0"
"MELKON MINERALS LIMITED","critical_battery","1","0","572","Tantalum/Nickel/Uranium","0"
"Melzer Mining Limited","gemstones","1","1","25","Emerald","1"
"Memory Kambulu Resources Limited","gemstones","1","1","81","Tin/Quartz/Tungsten","1"
"Menel Energy & Resources Limited","gold","1","0","96168","Lead/Quartz/Zinc","0"
"MERACLUS INVESTMENTS LIMITED","gemstones","2","0","1997","Copper/Gold/Nickel","0"
"Meraki Mining Limited","gemstones","1","0","691","Manganese/Lead/Rare EarthsElements","0"
"Merjun Explorations Limited","gemstones","1","0","953","Diamond","1"
"Metmin Limited","gemstones","1","0","1831","Talc-Soapstone/Silver/Rare EarthsElements","1"
"Mfumu Property Group Limited","critical_battery","1","0","14180","Gold/Fluorine-Fluorite/Quartz","0"
"Mfunshi Enterprise Limited","critical_battery","1","0","519","Nickel/Malachite/Zinc","1"
"MIAHS Auto and General Trading Limited","critical_battery","1","0","3379","Lithium/Iron Ore/Manganese","1"
"Midstream Capital Limited","critical_battery","1","0","1707","Manganese/Platinum/Tantalum","0"
"Midway Mining Limited","critical_battery","1","0","523","Manganese/Malachite/Sand","0"
"Mijo Mining Limited","gold","1","0","550","Granite/Limestone (General)/Gold","0"
"Milindi Sanitation and General Dealers Limited","gemstones","1","0","836","Quartz/Silver/Tourmaline","1"
"Millenium Business Systems Limited","gemstones","1","0","17","Quartz/Amethyst","0"
"Millenium Business systems Ltd","critical_battery","2","0","3314","Manganese/Gold/Niobium (Columbium)","2"
"Minache Resources Limited","gold","1","0","282","Gold","0"
"MINEGEM RESOURCES LIMITED","critical_battery","1","0","18020","Nickel/Manganese/Zinc","1"
"Minerals & Metals Corporation Zambia Limited","gemstones","1","0","321","Amethyst","1"
"Mineworth Investments Limited","critical_battery","2","0","1099","Iron Ore/Nickel/Zinc","0"
"Mingeli Resources Limited","critical_battery","1","0","661","Rare EarthsElements/Quartz/Platinum Group Metals","1"
"Mingi Investments Holdings Limited","critical_battery","2","0","2714","Copper/Talc-Soapstone/Gold","1"
"Minicom Technologies Limited","critical_battery","1","0","268","Nickel/Quartz/Zinc","0"
"Minol Insights Investments Limited","gemstones","3","0","1531","Emerald/Diamond","1"
"Mirage Investments Limited","critical_battery","1","0","60","Manganese/Copper","1"
"Mirene Investments Limited","gemstones","2","0","510","Quartz/Garnet","0"
"Misambo Enterprise & agro Limited","critical_battery","1","0","6900","Manganese/Silver/Gold","0"
"Misoler Investment Limited","critical_battery","2","0","2371","Manganese/Silver/Zinc","1"
"Mistique Trading Limited","critical_battery","1","0","1997","Manganese/Zinc/Gold","1"
"MJAC Minerals Company Limited","gemstones","1","0","1288","Green tourmaline/Iron Ore/Quartz","0"
"MJK Resources Zambia Limited","critical_battery","2","0","711","Lithium/Manganese/Gold","1"
"Mkumbacanoka Mining Co-operatives  Society Limited","gemstones","1","1","7","Silica/Quartz/Manganese","0"
"Mkushi Stones Zambia Limited","gemstones","1","0","17322","Nickel/Manganese/Quartz","1"
"Mlema Mining Limited","critical_battery","2","0","199","Tantalum/Manganese/Zinc","1"
"Mlima Mining Investment Limited","critical_battery","1","0","4792","Lead/Manganese/Zinc","1"
"MNS Global World import and Export Limited","gemstones","1","0","2399","Nickel/Niobium (Columbium)/Kaolin","1"
"Moersis Enterprises Limited","gemstones","1","0","239","Sand/Nickel/Manganese","0"
"Mofwe Gemstone mining","gemstones","1","0","112","Emerald","0"
"Mojo Commodities Limited","gold","2","0","497","Gold/Copper/Iron Ore","2"
"Momentum  Mining Services  Limited","critical_battery","1","0","32597","Nickel/Manganese/Zinc","1"
"Momentum Mining Services Limited","critical_battery","1","0","2166","Nickel/Manganese/Quartz","0"
"Mon Fuel and Oil Investment","critical_battery","1","0","767","Manganese/Limestone (General)/Zinc","1"
"Monoliths Mining Group Limited","gemstones","2","0","9432","Iron Ore/Gold/Zinc","0"
"Morton Enterprises Limited","critical_battery","2","0","8835","Manganese/Zinc/Copper","0"
"Mother Land Resources Limited","critical_battery","2","0","1723","Granite/Limestone (General)/Nickel","1"
"Mother Load Deposits Limited","critical_battery","1","0","197","Lithium/Tin/Cobalt","1"
"Motherland Resources Limited","critical_battery","1","0","393","Lithium/Limestone (General)/Nickel","0"
"MOUNT WATAI COPPER MINE LIMITED","gemstones","1","0","20102","Nickel/Lead/Silver","0"
"Moxico Amadoda Mining Limited","critical_battery","1","0","9141","Nickel/Manganese/Zinc","1"
"Moyan Services Limited","gold","1","1","7","Gold","1"
"Mpanga Mining Cooperative Society Limited","gold","1","1","7","Platinum Group Metals/Silver/Uranium","0"
"Mpanga Yabusasa Investment Limited","critical_battery","1","0","14699","Lead/Lithium/Manganese","0"
"Mpaso Mining Company Ltd","gemstones","1","0","417","Quartz/Gold/Tourmaline","1"
"Mpavu Multi-Purpose Cooperative Society Limited","gemstones","1","1","7","Quartz/Niobium (Columbium)/Aquamarine","1"
"MTDK INVESTMENT LIMITED","gemstones","1","0","2097","Nickel/Lead/Zinc","0"
"Muamba and Company Ltd","gemstones","1","1","143","Tourmaline/Quartz/Aquamarine","1"
"Mubaich Resources Limited","gemstones","1","0","501","Lithium/Manganese/Lead","1"
"Muchenga Resources Limited","critical_battery","2","0","1964","Zinc/Iron Ore/Lead","2"
"Muchenge African Power Traders International Limited","gemstones","2","0","520","Nickel/Iron Ore/Silver","2"
"Mufumbwe Mining Multi-purpose Co-operative Society Limited","critical_battery","1","1","7","Quartz/Nickel/Rare EarthsElements","1"
"Mufwashi Mining Cooperative Society Limited","gemstones","1","1","7","Gold/Iron Ore/Tourmaline","1"
"Mufwashi New Multi-purpose Co-operative Society Limited","gold","1","1","7","Lead/Zinc/Gold","1"
"Mujimanzovu Resources Limited","gemstones","1","0","41155","Mica/Gold/Quartz","0"
"Mukala Mineral  Co-operation Society Limited","gold","1","1","7","Gold/Copper/Cobalt","1"
"Mukanjaka Mining Industries Company Limited","gemstones","1","1","117","Emerald","0"
"MUKAPELWA SMALL SCALE MINING LIMITED","gemstones","1","0","911","Manganese/Lead/Iron Ore","0"
"Mukoleku Security Services Limited","critical_battery","1","0","64075","Silica/Rare EarthsElements/Platinum","0"
"Mukoleku Security Services LTD","critical_battery","1","0","4124","Platinum/Mineral Sands/Rare EarthsElements","1"
"MUKULIKA MINING AND GENERAL DEALERS LIMITED","gemstones","1","0","2048","Precious Gems/Quartz/Green tourmaline","1"
"MUKUNGULE MULTI PURPOSE CO-OPERATIVE SOCIETY LIMITED","gold","1","1","7","Gold/Copper","0"
"Mukuni Mining Cooperative Society Limited","gemstones","1","1","7","Tourmaline/Zinc/Copper","1"
"Mukuta Bulongo Multipurpose Society Limited","gold","1","1","7","Gold","1"
"Mulala Farms Limited","critical_battery","1","0","933","Manganese/Phosphorus-Phosphates/Lead","1"
"Mulberry Mining Company LIMITED","critical_battery","1","0","183","Manganese/Silver/Zinc","0"
"Mulev Mining And Agricultural Multi Purpose Cooperative Society Limited","gemstones","1","1","7","Manganese/Quartz/Silica","1"
"Mululu Minerals Limited","critical_battery","1","0","346","Quartz/Manganese/Silver","0"
"Mumbachala Mines Company Limited","gemstones","1","0","928","Limestone (General)/Manganese/Quartz","1"
"Mundala Corporation Limited","critical_battery","1","0","10144","Magnesium (Brucit)/Limestone (General)/Lead","1"
"Munjiwe Enterprises Limited","critical_battery","1","0","891","Lead/Manganese/Silver","1"
"Munkotachi Investments Limited","gemstones","1","0","472","Limestone (General)/Lead/Iron Ore","0"
"Munyumakazi Mining Cooperative Limited","critical_battery","1","1","7","Iron Ore/Manganese/Copper","0"
"Mupasi Mining Company Limited","gemstones","1","0","45","Emerald","0"
"Musanza Mining and Exploration Company Limited","critical_battery","1","0","30","Lead/Iron Ore/Limestone (General)","1"
"Musi Gems Limited","gemstones","1","1","66","Emerald","1"
"Musia Minerals Limited","gemstones","1","0","24420","Limestone (General)/Iron Ore/Manganese","0"
"MUSOKONTWELELE MINING CO-OPERATIVE SOCIETY LIMITED","critical_battery","1","1","7","Manganese/Gold/Copper","0"
"MUTABI MUTANZI MULTI-PURPOSE CO-OPERATIVE SOCIETY","critical_battery","1","1","7","Manganese/Gold/Copper","1"
"Mutivals Company Limited","critical_battery","2","0","1458","Manganese/Gold/Copper","1"
"Mutobo Mining & General Dealers Limited","gemstones","1","0","945","Diamond/Emerald/Quartz","1"
"Muwamba Nyama Mining & Agricultural Cooperative Society","gemstones","1","1","7","Tourmaline","1"
"Muyongo Shilenga Small Scale Mining Co-operative Society Limited","critical_battery","1","1","7","Lead/Manganese/Zinc","1"
"Muzuri Sana Mining Limited","critical_battery","1","0","9367","Nickel/Lead/Zinc","0"
"Mvuu Resources Limited","gold","1","0","1094","Iron Ore/Zinc/Gold","0"
"Mwakabanga Investments","gemstones","2","0","507","Gold/Lead/Nickel","2"
"Mwakali Mining Limited","gemstones","1","0","852","Iridium/Lead/Anhydrite","0"
"Mwalkan Investments Limited","critical_battery","1","0","162","Manganese/Lead/Zinc","0"
"Mwangeli Emerald Mining Limited","gemstones","1","1","155","Emerald","0"
"Mwapanda Corner Multi-Purpose Co-operative Society Limited","critical_battery","1","1","7","Mineral Sands/Manganese/Sand","0"
"Mwapo Business Solutions Limited","critical_battery","1","0","13","Nickel/Silver/Zinc","0"
"Mwatwiinda Multi Purpose Co-operative Society Limited","gemstones","1","1","7","Gold/Quartz/Amethyst","0"
"Mwaze Mining Co-operative Society Limited","gold","1","1","7","Iron Ore/Gold/Copper","0"
"Mwema Mining Investment Limited","critical_battery","1","0","133","Limestone (General)/Manganese/Zinc","1"
"MWILA  J. CIVILS LIMITED","gemstones","2","0","976","Limestone (General)/Malachite/Manganese","0"
"Mwinu Mines Limited","gemstones","1","0","39371","Lead/Iron Ore/Anhydrite","1"
"Myafi Mining Co-orperative Multi- Purpose Society","gemstones","1","1","7","Saprolite/Rare EarthsElements/Tourmaline","1"
"Mzanga Enterprises Limited","critical_battery","1","0","399","Lithium/Nickel/Tin","1"
"Nabasuntwe Mining Ventures Co-operative Society Limited","gemstones","1","1","7","Garnet/Feldspar/Iron Ore","0"
"Nachilala Mining Company Limited","gemstones","1","0","118","Garnet/Gold/Tourmaline","1"
"NALEYE BLOCKS AND MINING MINERAL PROCESSING LIMITED","gold","1","1","7","Gold/Copper","1"
"Nalikolo Mining Limited","critical_battery","1","0","1752","Malachite/Iron Ore/Manganese","0"
"NALILIMA MINING LIMITED","gemstones","1","0","69","Fluorine-Fluorite/Gold/Dolomite","0"
"Nalucha Resources Limited","gold","1","0","6167","Lead/Quartz/Zinc","0"
"Namita Construction and Mining Limited","gold","1","0","20","Silver/Gold","0"
"namundela mining co-operative society limited","gemstones","1","1","7","Gold/Emerald/Manganese","1"
"Nantube Investment Limited","gold","1","0","651","Phosphorus-Phosphates/Quartz/Gold","0"
"Naoje Boarder World Zambia Limited","critical_battery","1","0","749","Quartz/Rare EarthsElements/Nickel","1"
"Nasteho Investment Limited","gold","1","1","10","Gold/Copper","0"
"NATRAJ MINING AND MINERALS LIMITED","critical_battery","1","0","9524","Limestone (General)/Manganese/Iron Ore","0"
"Natural Precious Resources Company Limited","critical_battery","1","0","8231","Nickel/Molybdenum/Silver","0"
"NAVEX MINING AND CONTRACTORS LIMITED","critical_battery","1","0","3530","Nickel/Malachite/Zinc","0"
"Navratan Enterprise Limited","critical_battery","1","0","46605","Nickel/Manganese/Silver","0"
"Ndodzomuyaco Mining Limited","gemstones","1","1","144","Emerald/Beryllium","1"
"Ndulumba Mines Limited","gemstones","1","1","110","Emerald","1"
"Negro F-Solutions Limited","critical_battery","1","0","952","Manganese/Lead/Zinc","1"
"NELEMU MULTI-PURPOSE  CO-OPERATIVE LIMITED","gemstones","1","1","7","Lead/Iron Ore/Anhydrite","0"
"Nelna Suppliers and General Works Limited","critical_battery","1","0","8220","Quartz/Nickel/Manganese","0"
"New Decade Mining and Exploration Limited","critical_battery","1","0","280","Iron Ore/Manganese/Gold","1"
"New Generation Invesment Limited","gemstones","1","0","642","Rare EarthsElements/Niobium (Columbium)/Nickel","0"
"New Generation Multi-purpose Co-operative Society Limited","gemstones","1","1","7","Emerald/Copper/Cobalt","0"
"New Norodom Mines Limited","gemstones","1","1","13","Emerald/Beryllium","1"
"New Power Industries Limited","gemstones","1","0","4490","Manganese/Limestone (General)/Lead","1"
"NEWCORE MINING ZAMBIA LIMITED","gemstones","1","0","20028","Malachite/Manganese/Lead","0"
"Newcrest Mining Limited","critical_battery","1","0","1869","Manganese/Iron Ore/Silver","1"
"Newhorizons Mineral Resources Limited","critical_battery","1","0","234","Nickel/Silver/Zinc","0"
"Newlight Nominees Zambia Limited","gold","1","0","25511","Limestone (General)/Silver/Zinc","1"
"Newmark Resources Limited","gemstones","1","0","949","Manganese/Nickel/Anhydrite","1"
"Newport Marketing Company Limited","gemstones","1","0","882","Iron Ore/Anhydrite/Gypsum","0"
"NGABWE KAPANDE MINING CO-OPERATIVE SOCIETY  LIMITED","gemstones","1","1","7","Quartz/Manganese/Tin","0"
"N'gandu Mining Co-operative Society Limited","gemstones","1","1","7","Iron Ore/Gravel/Lead","1"
"Ngucha Energy Corporation Limited","critical_battery","1","0","42726","Nickel/Manganese/Platinum","1"
"Nicho Cargo Services Limited","gemstones","1","0","565","Iron Ore/Quartz/Zinc","0"
"Nicho Investments Limited","critical_battery","1","0","395","Iron Ore/Manganese/Quartz","1"
"Nikars Mining Limited","gemstones","1","0","2739","Manganese/Limestone (General)/Lead","1"
"NISS SKY Spares and Accessories (1996) Limited","gemstones","1","0","67","Nickel/Manganese/Tourmaline","0"
"Nkana General Delalers Ltd","gemstones","1","1","113","Emerald/Beryllium","0"
"Nkanza Resources Limited","critical_battery","1","0","22942","Lead/Nickel/Platinum","0"
"Nkisu Minerals and Mining Limited","gold","1","0","20954","Platinum/Silica/Silver","1"
"Nkulundundu Multi-purpose Cooperative","gold","1","1","7","Quartz/Silica/Zinc","0"
"NKUSULULU MULTPURPOSE CO-OPERATIVE SOCIETY LIMITED","gemstones","1","1","7","Mineral Sands/Silver/Gold","0"
"NOK Mining Co-Operative Society Limited","gemstones","1","1","7","Manganese/Granite/Tourmaline","1"
"Noralta Resources Limited","gemstones","1","0","4253","Nickel/Lead/Quartz","0"
"North Gypsum Mining Limited","gemstones","1","0","78318","Rare EarthsElements/Manganese/Silver","0"
"Northcut Mining Limited","gemstones","1","0","1146","Silver/Gold/Tin","1"
"Northern Salt Limited","gemstones","2","0","596","Lead/Iron Ore/Granite","2"
"Nova Capital Solutions Limited","gemstones","1","0","52295","Gravel/Iron Ore/Gold","0"
"Novel Ferro Alloys Limited","critical_battery","1","1","23","Manganese/Quartz/Iron Ore","1"
"NSALU MINING LIMITED","critical_battery","1","0","3405","Manganese/Nickel/Lead","0"
"Nsamba Farms Limited","gold","1","0","569","Lead/Platinum/Zinc","1"
"Nthanda Investments Limited","gemstones","1","0","6823","Anhydrite/Gypsum/Manganese","1"
"NTHANZI MINERAL LIMITED","gemstones","1","0","142","Rhodium/Rubidium/Malachite","0"
"NYAMAZA INVESTMENTS LIMITED","gemstones","1","0","12037","Lead/Iron Ore/Nickel","1"
"Nyanswa Mining Multi-Purpose Co-Operative Society Limited","gold","1","1","7","Iron Ore/Lead/Zinc","1"
"Nyungu Artisanal Mining Multipurpose Co-operative Society Limited","gold","1","1","7","Mineral Sands/Silica/Gold","1"
"Octane Investments Limited","gemstones","1","0","718","Gold/Tourmaline/Aquamarine","1"
"Ofia Investments Limited","critical_battery","2","0","8794","Nickel/Silver/Gold","1"
"Omax Ferro Alloys Zambia Limited","critical_battery","1","1","27","Manganese/Quartz/Copper","1"
"Omei Investments Limited","gemstones","1","1","100","Emerald","1"
"Omni Contractors Limited","critical_battery","1","0","19620","Manganese/Silver/Zinc","1"
"OMNI METALS LIMITED","critical_battery","1","0","39632","Manganese/Silver/Zinc","1"
"One Candle (Zambia) Limited","critical_battery","1","0","14025","Manganese/Lead/Nickel","0"
"One Pride Small Mining limited","critical_battery","1","1","83","Manganese/Lead/Zinc","1"
"One Stop Tyre Express Limited","gold","1","0","50","Gold/Copper/Cobalt","0"
"Onkod Investments Limited","gold","1","1","7","Gold/Copper","1"
"Orbit Drilling and Exploration Limited","critical_battery","2","0","183","Lead/Manganese/Zinc","2"
"Orin Resources Limited","gold","1","1","13","Silver/Gold/Copper","0"
"OSCOL Zambia Limited","gemstones","1","0","939","Nickel/Manganese/Lithium","0"
"Overseas Minerals And Metals Mining Limited","critical_battery","1","0","18766","Nickel/Manganese/Limestone (General)","0"
"Pachida Mining Cooperative Society Limited","gemstones","1","1","7","Iron Ore/Quartz/Tourmaline","1"
"Pact Mineral Resources Limited","gemstones","1","0","482","Silver/Titanium/Zinc","1"
"Palosha Investments Limited","gemstones","1","0","910","Tantalum/Quartz/Tourmaline","0"
"Pamabwe Minerals Limited","gemstones","1","0","673","Iron Ore/Gold/Tourmaline","0"
"Pamodzi Investments Limited","gemstones","2","0","1082","Copper/Gold/Silver","0"
"Panamba Mining Limited","gemstones","1","1","98","Emerald","0"
"Panda Mineral Resources Limited","critical_battery","2","0","14046","Silver/Gold/Copper","1"
"Panshi Zambian Mining Company Limited","critical_battery","1","0","2674","Silver/Nickel/Tantalum","0"
"Paradime Corporation Limited","gemstones","2","0","6876","Gold/Iron Ore/Rare EarthsElements","0"
"Paragon   Exploration  and Mining Company Zambia  Limited","gemstones","1","0","92","Iron Ore/Manganese/Zinc","1"
"Pasture Mining Company Limited","gemstones","1","0","13488","Gold/Manganese/Copper","1"
"Paulgil Check Enterprises Limited","gemstones","1","1","139","Emerald","1"
"PDV METALS LIMITED","critical_battery","1","0","1832","Nickel/Lead/Zinc","0"
"Penguin Resources Limited","critical_battery","1","0","6255","Granite/Manganese/Silver","1"
"Pensulo Ferro Alloys Limited","critical_battery","1","0","945","Manganese/Quartz/Limestone (General)","0"
"Pentagon Resources Limited","gold","1","0","5111","Phosphorus-Phosphates/Quartz/Limestone (General)","1"
"PEOPLE'S MULTI- PURPOSE CO-OPERATIVE SOCIETY LIMITED","gemstones","1","1","7","Nickel/Anhydrite/Zinc","0"
"Pereti Farming Limited","critical_battery","1","0","648","Manganese/Silver/Uranium","1"
"Petejax Thrill Limited","gemstones","1","0","373","Manganese/Lead/Tourmaline","0"
"PETRUSHKA TRADING LINIITED","gemstones","1","0","9097","Gold/Nickel/Diamond","0"
"Phillip Mining Cooperative Society Limited","gemstones","1","1","7","Limestone (General)/Gold/Manganese","1"
"Picovolt Engineering Limited","critical_battery","1","0","388","Quartz/Molybdenum/Rare EarthsElements","1"
"Pigeon Mineral Resources Limited","gemstones","2","0","1352","Tourmaline/Garnet/Quartz","2"
"Pike Tech Engineering Limited","critical_battery","1","0","461","Iron Ore/Manganese/Quartz","1"
"Pinak Resources Zambia Limited","critical_battery","1","0","28644","Lead/Manganese/Iron Ore","0"
"Pine Investments Limited","gold","1","0","3608","Iron Ore/Zinc/Gold","1"
"Pladoc Enterprises Limited","gemstones","1","0","901","Limestone (General)/Lead/Iron Ore","0"
"PLR Projects Zambia Ltd","critical_battery","1","1","50","Manganese/Quartz/Coal","1"
"Polo Technologies Import and Exports Limited","gemstones","1","0","596","Nickel/Manganese/Lithium","1"
"Portking Investments Limited","critical_battery","1","0","338","Manganese/Quartz/Silver","1"
"Precise Mining Solutions Limited","critical_battery","1","0","2286","Mineral Sands/Sand/Silver","0"
"Pricems Mining & Trading Limited","critical_battery","1","0","563","Iron Ore/Manganese/Silver","0"
"Prime Gold Mining Limited","critical_battery","1","0","4982","Iron Ore/Manganese/Silver","1"
"PRIMEQUEST MINERALS LIMITED","gemstones","2","0","7205","Titanium/Nickel/Coal","2"
"Proactive Youths Construction Limited","gemstones","1","0","1002","Anhydrite/Gypsum/Iron Ore","0"
"Project For Agricultural And Individual Development Limited","critical_battery","1","0","69","Iron Ore/Manganese/Rare EarthsElements","1"
"Provential Investments Limited","gemstones","1","0","147","Tantalum/Tin/Amethyst","1"
"PSI MINING LIMITED","critical_battery","1","0","27296","Malachite/Nickel/Zinc","0"
"Puissance Resources Limited","critical_battery","1","0","480","Limestone (General)/Manganese/Zinc","1"
"Pum Copper Mining Limited","gold","1","0","210","Gold/Zinc/Copper","0"
"Puza Investments Limited","gemstones","1","0","33","Manganese/Niobium (Columbium)/Limestone (General)","1"
"Pydustone Resources Limited","gemstones","1","0","12486","Lead/Iron Ore/Zinc","1"
"Qayshuan International Zambia Limited","critical_battery","1","0","1479","Iron Ore/Nickel/Gold","1"
"Qomolangma Resources Limited","critical_battery","2","0","220","Tin/Zinc/Copper","2"
"Quality Beef Trading and General Dealers Limited","critical_battery","1","0","14906","Malachite/Limestone (General)/Nickel","0"
"Quality Circles General Trade Limited","critical_battery","1","0","19863","Manganese/Copper/Cobalt","1"
"Quantella Resources Limited","critical_battery","1","0","2551","Rare EarthsElements/Nickel/Zinc","1"
"Queludha Limited","gold","1","0","596","Silica/Iron Ore/Zinc","1"
"Quick Copper Mining Limited","critical_battery","1","0","1498","Iron Ore/Silver/Tin","1"
"QUICK SQUADMULTI-PURPOSE COOPERATIVE LIMITED","critical_battery","1","1","7","Manganese/Quartz/Copper","0"
"Qwatu Construction Limited","critical_battery","1","0","948","Iron Ore/Lead/Nickel","1"
"Rahmid Engineering Limited","gold","1","0","10762","Gold/Copper/Cobalt","0"
"Rajeshwari Resources Limited","critical_battery","3","0","1471","Lead/Manganese/Zinc","2"
"Ralphjoe Ferro Alloy Limited","gemstones","1","0","368","Tourmaline/Niobium (Columbium)/Zirconium","0"
"Ramada Trade Investment Limited","gold","1","0","96","Gold/Copper/Cobalt","0"
"Raptor Mining Limited","gemstones","1","0","998","Gold/Silver/Tourmaline","0"
"Rarefind Zambia Limited","critical_battery","1","0","229","Tin/Tantalum","1"
"Real Oil Investment Limited","gold","1","1","13","Silver/Zinc/Iron Ore","1"
"Reality Real Estate Limited","gemstones","2","0","127","Emerald/Beryllium","1"
"Red Bell Construction Limited","gemstones","1","0","1063","Manganese/Nickel/Iron Ore","1"
"Red Copper Resources Limited","critical_battery","3","0","1255","Silver/Gold/Copper","2"
"Red Rats Minerals Limited","critical_battery","1","0","13624","Iron Ore/Manganese/Nickel","1"
"Redspot Intertrade Limited","critical_battery","1","0","8265","Lead/Iron Ore/Lithium","1"
"REDSTONE MACHINERY COMPANY","critical_battery","2","0","1883","Manganese/Rare EarthsElements/Zinc","2"
"Remmy Contractors And General Dealers Limited","gemstones","1","1","40","Quartz/Aquamarine","1"
"RENES MINING LIMITED","gemstones","2","0","631","Copper/Zinc/Tourmaline","0"
"RENO HILLS GENERAL DEALERS LIMITED","gemstones","1","0","21917","Quartz/Mica/Zinc","0"
"Ridochi Mining Limited","gemstones","1","0","933","Gypsum/Gold/Quartz","0"
"Rifranto Mining Limited","gemstones","1","1","31","Emerald","1"
"Rigo Minerals Company Limited","critical_battery","1","0","8007","Silver/Zinc/Nickel","0"
"Risers Mining Cooperative Society Limited","critical_battery","1","1","7","Lead/Manganese/Gold","1"
"Rishi Resources Limited","critical_battery","1","0","25880","Manganese","1"
"RIVA INVESTMENTS LIMITED","gold","1","1","2","Gold","0"
"Roan Sable Limited","critical_battery","1","0","901","Manganese","1"
"ROB and NAT Mining Limited","gemstones","1","0","255","Sand/Quartz/Nickel","1"
"Roche Investments Limited","critical_battery","1","0","89","Iron Ore/Anhydrite/Manganese","1"
"Rock Trapper mining Limited","gemstones","1","0","829","Quartz/Manganese/Zinc","0"
"RockModeller Company Limited","gemstones","2","0","7907","Gold/Copper/Cobalt","0"
"Rodger The Badger Ventures Limited","critical_battery","1","0","417","Manganese/Limestone (General)/Nickel","1"
"ROGMAT ENTERPRISES & GENERAL DEALERS LIMITED","critical_battery","1","0","371","Nickel/Manganese/Zinc","1"
"Rong Xing Investments Limited","critical_battery","1","1","110","Manganese/Zinc/Gold","0"
"Ronsin Minerals Limited","critical_battery","1","0","176","Tantalum/Tin/Tungsten","0"
"Rontex Minerals  Limited","critical_battery","1","0","1641","Gold/Iron Ore/Lithium","0"
"Rothrock Zambia Limited","critical_battery","1","0","2789","Manganese/Zinc/Gold","1"
"ROX  METAL INVESTMENT LIMITED","critical_battery","1","0","775","Malachite/Nickel/Zinc","0"
"Rufunsa Green Multi-purpose Co-operative Society Limited","critical_battery","1","1","7","Manganese/Gold/Copper","0"
"Rukwa Mines Limited","gemstones","1","0","37","Emerald/Copper","1"
"S.B Mineral Resources Limited","gemstones","2","0","1375","Rare EarthsElements/Manganese/Quartz","2"
"S.One Enterprises Limited","gemstones","2","0","2768","Iron Ore/Manganese/Zinc","0"
"Sabs Global Limited","critical_battery","1","0","26753","Nickel/Uranium/Zinc","1"
"Sachi National Wide Suppliers Limited","critical_battery","1","0","920","Nickel/Manganese/Zinc","1"
"Sachi Ventures Limited","critical_battery","1","0","11831","Silver/Platinum/Manganese","1"
"Sacko Resources Limited","critical_battery","2","0","1575","Lead/Nickel/Zinc","2"
"Sajarke Resources Limited","critical_battery","1","0","1324","Iron Ore/Manganese/Copper","1"
"Saleforce General Dealers Limited","gemstones","1","0","948","Gold/Tourmaline/Copper","1"
"Salute Small Mining Limited","critical_battery","1","0","955","Manganese/Silver/Talc-Soapstone","0"
"Samaka Gemstone Mining Company Limited","gemstones","1","1","65","Quartz/Mica/Silica","1"
"Samre Mining Resources Limited","gold","1","0","864","Gold/Copper/Cobalt","0"
"Samstone crushing limited","gold","1","0","747","Lead/Limestone (General)/Uranium","1"
"Samther General Services Limited","critical_battery","1","0","278","Nickel/Manganese/Tin","1"
"SANAABIL INVESTMENTS LIMITED","gold","1","1","7","Gold","1"
"Sanchembe Gem And Minerals Limited","gemstones","1","0","53","Limestone (General)/Iron Ore/Anhydrite","0"
"Santas Mining Limited","gemstones","1","1","148","Emerald","1"
"Sapphire Mining Limited","critical_battery","2","0","637","Iron Ore/Anhydrite/Manganese","2"
"Satwant Mining Limited","critical_battery","1","0","27689","Tantalum/Manganese/Tungsten","1"
"Save Lives Multi- Purpose Co-operative Limited","critical_battery","1","1","7","Gold/Manganese/Cobalt","1"
"Sckm Mining Company Limited","gemstones","1","0","1","Emerald","1"
"SDLG INVESTMENTS LIMITED","critical_battery","2","0","1847","Manganese/Nickel/Zinc","1"
"Seagreen Mining Company Limited","critical_battery","1","0","811","Lead/Manganese/Zinc","1"
"Secure Mines and Minerals Limited","critical_battery","1","0","2153","Selenium/Quartz/Vanadium","0"
"Sekanji Suppliers Limited","critical_battery","1","0","680","Silica/Quartz/Titanium","1"
"Sele Investements Limited","critical_battery","1","0","399","Manganese/Iron Ore/Copper","0"
"Sellome Investment Limited","critical_battery","1","0","1934","Lithium/Silver/Zinc","1"
"Selmat Investments Limited","gold","1","0","1115","Quartz/Gold/Copper","1"
"SELMIN MINERALS LIMITED","gold","1","1","50","Gold/Copper/Cobalt","1"
"Serenje Smelting Zambia Limited","critical_battery","1","1","13","Manganese/Copper/Cobalt","1"
"Sezic Minerals Limited","critical_battery","1","0","16068","Manganese/Nickel/Lead","0"
"SGC Investments Limited","critical_battery","2","0","14285","Lithium/Limestone (General)/Lead","0"
"SHABEELE GOLD INVESTMENTS LIMITED","critical_battery","1","1","2","Gold/Manganese/Cobalt","1"
"Shachizulu Enterprise Limited","gemstones","1","0","762","Nickel/Manganese/Tourmaline","1"
"Shalom Wesu Multi-purpose Co-operative Society Limited","critical_battery","1","1","7","Sand/Manganese/Zinc","0"
"Shamin Resources Limited","gemstones","1","0","3659","Manganese/Malachite/Nickel","0"
"SHAN MINING LIMITED","gemstones","1","0","18371","Malachite/Manganese/Lead","0"
"Shearzone Resources Limited","gemstones","1","0","21685","Gold/Nickel/Platinum Group Metals","1"
"Shikuha Minerals Limited","critical_battery","1","0","6253","Nickel/Manganese/Silver","1"
"SHIWANGANDU MULTI PURPOSE CO-OPERATIVE SOCIETY LIMITED","critical_battery","1","1","7","Manganese/Quartz/Limestone (General)","0"
"Showplus Investment Limited","gemstones","1","0","8993","Tantalum/Lithium/Tin","1"
"Shree  Agro Farm Limited","gemstones","1","0","12593","Quartz/Manganese/Rare EarthsElements","1"
"Shree Agro Farm Limited","gemstones","1","0","2687","Quartz/Manganese/Rare EarthsElements","0"
"Shri Subh Metals Limited","critical_battery","1","0","1127","Malachite/Lead/Zinc","0"
"Shultz Mining  Limited","gemstones","1","1","128","Emerald/Beryllium","1"
"Shuumbwa Resources Limited","gemstones","1","0","3983","Nickel/Quartz/Malachite","0"
"Siavonga Mining Multi-Purpose Co-operative Limited","gemstones","1","1","7","Gold/Silica/Tantalum","0"
"Sibir Investment Limited","critical_battery","1","0","955","Rare EarthsElements/Tantalum/Zinc","1"
"Sidhi Vinayak Base Metal Limited","critical_battery","3","0","1106","Manganese","0"
"Sikum Agencies Limited","critical_battery","1","0","56","Manganese/Iron Ore/Copper","0"
"Silgram Energy and Mining Suppliers Limited","critical_battery","2","0","624","Gold/Copper/Cobalt","0"
"Silondwa Safaris Limited","gold","2","0","1816","Iron Ore/Gold/Copper","0"
"Silver creek  Mining Limited","gold","1","0","20066","Silver/Zinc/Gold","0"
"Simba Venture Limited","gemstones","2","0","398","Iron Ore/Zinc/Manganese","1"
"Simba Ventures Limited","critical_battery","2","0","1631","Lead/Manganese/Zinc","1"
"SIMBARA MINING LIMITED","gemstones","2","0","59","Aquamarine/Amethyst/Zinc","0"
"SIMWAMI MINERAL RESOURCES LIMITED","gold","2","0","2385","Gold/Iron Ore/Cobalt","0"
"SINANKUMBI MINING COOPERATIVE SOCIETY LIMITED","gemstones","1","1","7","Tin/Gemstones/Tourmaline","0"
"SINKING MINING LIMITED","critical_battery","1","0","30","Malachite/Limestone (General)/Nickel","0"
"Sino Great Chemical Company Limited","gemstones","1","0","72516","Malachite/Iron Ore/Nickel","0"
"Sino Great Development Company Zambia Limited","critical_battery","1","0","5747","Tin/Tantalum/Zinc","0"
"Sino Great Development Company(Zambia) Limited","critical_battery","1","0","7592","Tin/Tantalum/Zinc","0"
"Sino Superstar Investment Limited","gemstones","1","0","3229","Nickel/Manganese/Zinc","0"
"Sino West Mining Company","critical_battery","1","0","12079","Manganese/Silver/Gold","0"
"SINO-ARAB Investments Limited","critical_battery","1","0","670","Iron Ore/Manganese/Zinc","0"
"Sinseong Development Company Limited","gemstones","2","0","11053","Gold/Copper/Cobalt","0"
"SIRMUSA MINERALS LIMITED","gemstones","2","0","67","Manganese/Silver/Zinc","0"
"Sitepe Cooperative Society Limited","gemstones","1","1","7","Manganese/Malachite/Nickel","0"
"Sitonia Limited","gemstones","1","0","512","Beryllium","0"
"SIXM ENTERPRISE LIMITED","critical_battery","1","0","13","Manganese/Silver/Zinc","0"
"SK Rural Development Company Limited","critical_battery","1","0","64773","Silver/Manganese/Tantalum","0"
"SKY AKM Trading Limited","critical_battery","2","0","5512","Platinum/Lead/Zinc","2"
"SKY GROW INVESTMENTS LIMITED","critical_battery","1","0","922","Malachite/Manganese/Zinc","0"
"Smart Deal Tech Limited","gold","1","0","860","Gold/Copper/Cobalt","1"
"SMR Construction Limited","gemstones","1","0","1344","Silver/Nickel/Zinc","0"
"Sofitel Investments Limited","gemstones","1","0","20682","Manganese/Malachite/Nickel","1"
"Solanga Enterprise Limited","gemstones","1","0","46","Gold/Iron Ore/Silver","0"
"Solid Connections Zambia Limited","critical_battery","1","0","11847","Nickel/Manganese/Quartz","0"
"Solidstone Construction Limited","critical_battery","1","0","260","Manganese","0"
"Solwezi Cement Limited","critical_battery","1","1","37","Manganese/Silica/Limestone (General)","1"
"SOMNOR INVESTMENT LIMITED","gold","1","1","7","Gold/Copper","1"
"Sookol Enterprises Limited","gemstones","2","0","406","Nickel/Gold/Zinc","2"
"Southern Africa Ferro Alloys Limited","critical_battery","1","1","90","Manganese/Tin/Zinc","0"
"Southern Latitude Company Limited","gemstones","1","0","8798","Tantalum/Quartz/Vanadium","1"
"Southern Minerals And Mining Cooperative Society Limited","gemstones","1","1","7","Quartz/Manganese/Lithium","1"
"Southlink Resources limited","gold","1","0","473","Gold/Copper/Cobalt","1"
"Sparkler Mining and Exploration Limited","gemstones","1","0","2897","Platinum/Ruby/Zinc","1"
"Spaxs Mining Limited","critical_battery","1","0","20","Manganese/Sand and Gravel/Silica","1"
"speedy waters mining cooperative society ltd","critical_battery","1","1","7","Manganese/Gold/Copper","0"
"SRI DURGA VINAYAKA MINES AND MINERALS LIMITED","critical_battery","1","0","887","Quartz/Manganese/Sand","0"
"Sri Maan Resources Limited","gemstones","1","0","4168","Niobium (Columbium)/Nickel/Molybdenum","0"
"Srinibash Metals Zambia Limited","gemstones","1","0","911","Manganese/Malachite/Lead","0"
"Starcom Mining Company Limited","gemstones","1","0","7286","Diamond/Copper/Columbite","0"
"Stavin Investements Limited","critical_battery","2","0","2056","Gold/Copper/Cobalt","2"
"STC Transport and Farming Limited","critical_battery","1","0","712","Iron Ore/Manganese/Gold","1"
"Sthomax Mining Company Limited","critical_battery","1","0","406","Limestone (General)/Lead/Sand","1"
"Stonecore Mine Limited","gemstones","2","0","1202","Titanium/Tantalum/Sugilite","0"
"STREET WISE MINING LIMITED","gemstones","2","0","1610","Manganese/Gold/Copper","1"
"Suanni mining limited.","gemstones","1","0","83","Emerald/Gold/Cobalt","0"
"Sulicol Trading Limited","critical_battery","1","0","148","Nickel/Malachite/Zinc","1"
"Sulphur Creek Resources Limited","critical_battery","1","0","399","Platinum/Manganese/Silver","1"
"Summit Minerals Limited","critical_battery","2","0","872","Silver/Zinc/Manganese","0"
"Sumwa Construction and Suppliers Limited","gold","1","0","13832","Gold/Zinc/Cobalt","0"
"Sun Avenue Partners Corp Zambia Limited","critical_battery","2","0","4543","Silver/Zinc/Gold","1"
"Sunhouse Investment Limited","critical_battery","1","0","39340","Limestone (General)/Lead/Zinc","1"
"Sunkutu Engineering Contractors Limited","gemstones","1","1","90","Emerald/Beryllium","1"
"Sunlight Estates Natural Development Limited","gemstones","1","0","42539","Lead/Mercury/Zinc","1"
"Sunpeak Investments Limited","critical_battery","1","0","7371","Nickel/Manganese/Zinc","1"
"Supernova Mining and Exploration Limited","critical_battery","1","0","47478","Nickel/Rare EarthsElements/Uranium","0"
"Surgitech Enterprise Limited","critical_battery","1","0","850","Quartz/Manganese/Stone","0"
"SUSTAINABLE MINING ZAMBIA LIMITED","gemstones","1","0","300","Mineral Sands/Nickel/Manganese","1"
"Swarna Metals Zambia Limited","critical_battery","1","1","80","Manganese/Malachite/Nickel","0"
"Syra Enterprises Limited","critical_battery","1","0","430","Limestone (General)/Manganese/Silica","0"
"Taelu Mining and Investments Limited","gemstones","1","0","18798","Limestone (General)/Iron Ore/Gold","0"
"Taiyuan Mining Limited","gemstones","1","0","4400","Manganese/Nickel/Limestone (General)","0"
"Tamarisk Investments Ltd","gemstones","1","0","19616","Diamond","0"
"Tamjeth General Dealers Limited","critical_battery","1","0","437","Iron Ore/Manganese/Gold","0"
"TANAROCK ENTERPRISES LIMITED","gold","1","0","24578","Gold","0"
"Tangshan Resources Limited","critical_battery","2","0","1854","Lithium/Limestone (General)/Molybdenum","0"
"Tantalum Niobium Mining Company Limited","gemstones","1","0","15979","Copper/Gold/Lead","0"
"Tasdemir Mining Limited","critical_battery","1","0","15908","Lead/Manganese/Zinc","1"
"Tasheni Mining and Engineering Solutions Limited","critical_battery","1","0","15449","Nickel/Manganese/Silver","1"
"TAURUS MINERAL RESOURCES LIMITED","gold","1","0","3207","Limestone (General)/Zinc/Gold","0"
"Tawakkal Mining Equipments & Auto Spares Limited","gemstones","1","0","30460","Manganese/Limestone (General)/Tin","0"
"Taysiir Investments Limited","gold","1","1","13","Gold","1"
"Tayu Metals Mining Limited","critical_battery","1","0","879","Iron Ore/Manganese/Quartz","1"
"Tecchinify Geographics Enterprise Limited","gemstones","1","0","376","Gold/Malachite/Silver","0"
"Techno Mines And Minerals Limited","critical_battery","1","0","322","Gold/Manganese/Cobalt","1"
"TECHPRO MINING LIMITED","gemstones","2","0","1531","Iron Ore/Lead/Manganese","1"
"Tedafluo Investment Company Limited","critical_battery","1","0","9346","Scrap Mica/Quartz/Zinc","0"
"Tehila Milling Limited","critical_battery","1","0","69059","Lead/Nickel/Zinc","1"
"TERRANEX RESOURCES LIMITED","gold","1","1","94","Gold","0"
"The Big Shofolo Enterprises Limited","critical_battery","1","0","187","Tantalum/Iron Ore/Gold","0"
"The Diamond Rock Mining Limited","critical_battery","1","0","11125","Limestone (General)/Lead/Silver","1"
"The New Vision Newspapers Limited","critical_battery","1","1","60","Zinc/Manganese/Lead","1"
"Thrio Consulting and Management Services Limited","gemstones","1","0","100","Silver/Quartz/Zinc","1"
"Tianle Mineral Development Company Limited","gemstones","1","0","2052","Manganese/Limestone (General)/Iron Ore","0"
"TILITOSE CHIMUTENGO MULTIPURPOSE COOPERATIVE SOCIETY LIMITED","gemstones","1","1","7","Nickel/Anhydrite/Zinc","1"
"Timna Valley Resources Limited","gemstones","3","0","1417","Iron Ore/Gold/Copper","0"
"Tinco Zambia Limited","gemstones","2","0","815","Silver/Lithium/Lead","0"
"Tirupati Investment Limited","gemstones","1","0","45","Emerald/Quartz/Corundum","0"
"Titamenji Construction Limited","gemstones","1","0","993","Phosphorus-Phosphates/Niobium (Columbium)/Nickel","1"
"Tongxin Metal Company Limited","gold","1","1","13","Gold/Lead/Cobalt","1"
"Towhid Trading Limited","gold","1","1","7","Gold","0"
"Towing Logistic Limited","gemstones","1","0","546","Manganese/Lithium/Nickel","1"
"TRALCOM INVESTMENT LIMITED","gemstones","1","0","401","Limestone (General)/Lead/Rare EarthsElements","0"
"Trendy Enterprise Limited","gemstones","1","0","83","Emerald/Beryllium","1"
"Trendy Enterprises Limited","critical_battery","2","0","1256","Lead/Limestone (General)/Manganese","2"
"Trenfort Investments Zambia Limited","gemstones","1","0","318","Quartz/Gold/Tourmaline","1"
"Triad Logistics","gemstones","1","0","9535","Limestone (General)/Manganese/Anhydrite","0"
"Triology Mining Limited","gemstones","1","0","5897","Manganese/Iron Ore/Silver","1"
"Tripple M Mining Limited","gold","1","0","6799","Gold/Zinc/Cobalt","1"
"TRISHUL MINES AND MINERALS LIMITED","gemstones","2","0","1508","Malachite/Manganese/Zinc","0"
"Tropics Surveying Technical Services Limited","critical_battery","1","0","1624","Gold/Manganese/Cobalt","0"
"True Ore Mines and Mineral (Zambia) Limited","gemstones","1","0","195","Nickel/Sugilite/Zinc","0"
"True Ore Mines and Minerals (Tomm) Private Limited","critical_battery","1","1","13","Manganese/Gold/Copper","1"
"Trustnet Consultancy Limited","gemstones","2","0","3962","Iron Ore/Manganese/Gold","1"
"TRUSTROCK RESOURCES LIMITED","gemstones","1","0","1992","Silver/Manganese/Zinc","0"
"TSAHAYI AUGUST LIMITED","critical_battery","1","0","5099","Nickel/Manganese/Zinc","1"
"Tukali Youth Multi-Purpose Co-operative","gold","1","1","7","Gold/Copper/Cobalt","0"
"Tukongote Mining Limited","gemstones","1","0","137","Garnet/Gold/Quartz","0"
"Tulututwe Mining Limited","critical_battery","1","0","957","Lead/Manganese/Zinc","1"
"Tumelo Mining Cooperative Society Limited","gemstones","1","1","7","Iron Ore/Gold/Quartz","1"
"Tushiya Mining And General Trading Limited","gemstones","1","0","2127","Quartz/Silica/Mica","1"
"Tusuwa Multipurpose Cooperative Society Limited","gemstones","1","1","7","Beryllium/Feldspar/Amethyst","1"
"Twaboola Multi-purpose Co-operative Society Limited","critical_battery","1","1","7","Iron Ore/Lead/Nickel","0"
"Twalubuka Mineral Resources Limited","critical_battery","1","0","37","Manganese/Silver/Zinc","1"
"Twapenga mining and Prospecting Limited","gemstones","1","1","155","Emerald","1"
"Twavwane Multi-Purpose Cooperative Society Limited","gemstones","1","1","3","Emerald/Diamond/Manganese","1"
"TWAYUKA MINING COOPERATIVE SOCIETY LIMITED","gemstones","1","1","7","Limestone (General)/Lead/Nickel","1"
"Ula Minerals Limited","critical_battery","1","0","6801","Silver/Nickel/Zinc","0"
"Uluse Minerals Limited","gold","1","0","1628","Iron Ore/Zinc/Gold","0"
"Umushili Earth Treasures Limited","gemstones","1","0","635","Quartz/Lead/Zinc","0"
"Uni-African Mining and Energy Corporation Limited","gemstones","2","0","7949","Iron Ore/Lead/Zinc","1"
"Unirite Investments Limited","critical_battery","1","0","747","Manganese/Quartz/Iron Ore","1"
"United Alloys (Z) Limited","critical_battery","1","1","47","Manganese","1"
"Unito Limited","gold","1","0","4147","Silver/Zinc/Gold","1"
"Uniwide Logistics Limited","critical_battery","1","0","1685","Manganese/Iron Ore/Silver","0"
"USHA INVESTMENT LIMITED","gemstones","2","0","7366","Emerald/Quartz/Rare EarthsElements","0"
"Ushi Logistics Limited","gemstones","2","0","617","Platinum/Quartz/Niobium (Columbium)","2"
"V.L Coal Mine Company Limited","gemstones","1","0","451","Tantalum/Granite/Tourmaline","1"
"V.L Investment Company Limited","gemstones","1","0","9111","Malachite/Lead/Nickel","0"
"Vade Ventures Limited","gemstones","1","0","297","Rare EarthsElements/Nickel/Molybdenum","1"
"Valecrest Mining Limited","gemstones","1","0","212","Copper/Manganese/Silver","1"
"Validus Mining Corporation Limited","critical_battery","1","0","5244","Manganese/Lead/Zinc","1"
"VALZ MINERALS LIMITED COMPANY","gemstones","1","0","765","Gold/Iron Ore/Manganese","0"
"VANBUROCK RESOURCES LIMITED","critical_battery","1","0","19351","Iron Ore/Nickel/Gold","0"
"Vanisa Mining Limited","critical_battery","1","0","459","Manganese/Lead/Zinc","1"
"Vanzetti Mining Limited","gemstones","1","0","410","Silver/Tourmaline/Zinc","1"
"Vatech Limited","critical_battery","2","0","900","Malachite/Limestone (General)/Nickel","0"
"Vector Mining Limited","gemstones","1","0","183","Nickel/Manganese/Zinc","1"
"Vermark General Engineering Limited","gemstones","1","0","108","Manganese/Rare EarthsElements/Lead","1"
"Vic-Chafi MultIpurpose Cooperative Society Limited","gemstones","1","1","7","Quartz/Aquamarine","0"
"Vietnam Zambia Corporation Limited","critical_battery","2","0","14468","Nickel/Quartz/Silver","2"
"VINEYARD MULTI-PURPOSE CO-OPERATIVE SOCIETY LIMITED","gold","1","1","7","Gold/Silver/Cobalt","1"
"Virgin Blue Company","critical_battery","1","1","7","Malachite/Manganese/Lead","1"
"Vista Cotlands Consultants Limited","critical_battery","2","0","1074","Nickel/Silver/Zinc","1"
"Vitumbo Investments Limited","gemstones","3","0","1381","Gold/Copper/Rare EarthsElements","0"
"Vorezat Investment Limited","gemstones","1","0","947","Manganese/Limestone (General)/Lead","0"
"Vortan Innovations Limited","critical_battery","1","0","300","Manganese/Gold/Copper","1"
"Vortexzam Import and Export Limited","gemstones","2","0","401","Gold/Silver/Copper","2"
"Vundu Minerals Limited","critical_battery","1","0","3092","Manganese/Silver/Zinc","1"
"Vyane Mult-Purpose Co-operative Society Limited","critical_battery","1","1","7","Manganese/Lead/Nickel","1"
"W.M.M Investments Limited","critical_battery","1","0","41010","Manganese/Lead/Nickel","0"
"Wabanganya Multipurpose Cooperative Society","gemstones","1","1","7","Nickel/Magnesium (Brucit)/Rare EarthsElements","1"
"Wacha Mining Limited","gemstones","1","0","52","Manganese/Quartz/Copper","1"
"WALALAHA INVESTMENT LIMITED","gold","1","1","26","Sand/Zinc/Iron Ore","1"
"Walson General Dealers Limited","gold","1","0","1832","Gold","1"
"Wamar Mining Consultancy Limited","gemstones","2","0","2199","Aquamarine/Amethyst/Zinc","0"
"Wandsworth Company Limited","gold","1","0","517","Granite/Iron Ore/Silver","0"
"Wang Sheng Mining Limited","gemstones","1","1","111","Emerald","1"
"WANHAO MINING ZAMBIA LIMITED","gemstones","2","0","409","Copper/Tantalum/Quartz","0"
"Wash Zambia Limited","gold","1","0","3900","Lead/Palladium/Zinc","0"
"Waxman Enterprises Limited","critical_battery","1","0","22878","Manganese/Silver/Zinc","0"
"Wealth Front Resources Limited","critical_battery","1","0","233","Iron Ore/Manganese/Gold","0"
"WEALTHYBAY MINING COMPANY LIMITED","critical_battery","1","0","10009","Nickel/Silver/Zinc","0"
"Webs Electrical Engineering Limited","critical_battery","1","0","4654","Iron Ore/Manganese/Zinc","1"
"Wecare Resources Limited","critical_battery","1","0","1280","Manganese/Mica/Rare EarthsElements","0"
"Weevol Limited","critical_battery","1","0","2147","Manganese/Lead/Silver","1"
"Weleyange Investment Limited","gemstones","2","0","322","Sand and Gravel/Feldspar/Beryllium","0"
"Whirlpool Minerals Limited","critical_battery","1","0","986","Tin/Zinc/Copper","1"
"White Lion Mining Limited","critical_battery","1","0","3032","Gold/Manganese/Cobalt","0"
"WIDE FOCUS LIMITED","gemstones","1","0","438","Tantalum/Silver/Tungsten","0"
"Wila Mining Solutions Limited","critical_battery","2","0","602","Zinc/Gold/Copper","0"
"Wilna Enterprises Limited","critical_battery","2","0","1005","Iron Ore/Manganese/Quartz","2"
"Wincyril Enterprises Limited","gemstones","1","0","86","Manganese/Gold/Zinc","1"
"Winkalu Limited","gold","1","0","954","Gold/Copper","1"
"WI-PAY FINANCE LIMITED","gemstones","1","0","719","Gravel/Fluorine-Fluorite/Limestone (General)","0"
"WISKANSIK INVESTMENT LIMITED","gemstones","1","0","3756","Tin/Tungsten/Amethyst","0"
"Wizamar General Dealers Ltd","gemstones","1","0","100","Emerald","0"
"Wizmanso Mineral  Resources Limited","gold","1","0","5082","Lead/Zinc/Gold","1"
"Worthy Ventures Limited","critical_battery","1","0","82581","Limestone (General)/Lead/Zinc","1"
"Xanadu Commodities Limited","critical_battery","2","0","4798","Nickel/Manganese/Gold","0"
"Xingda Company Limited","critical_battery","1","0","8829","Manganese/Sand and Gravel/Copper","1"
"XINHONGTAI MINING LIMITED","gemstones","1","0","1974","Anhydrite/Manganese/Graphite","1"
"Xtract Mines and Mineral Resources Limited","critical_battery","3","0","1247","Manganese/Gypsum/Anhydrite","1"
"Yabuzam Investment Limited","gemstones","1","0","5431","Gold/Quartz/Tourmaline","1"
"Yang Mining Company Limited","critical_battery","2","0","1601","Lead/Zinc/Gold","1"
"Yangzijiang Investments Limited","gemstones","1","0","20062","Nickel/Mica/Zinc","0"
"Yasac Investments Limited","critical_battery","1","0","90","Lead/Tin/Zinc","0"
"Yatani Holdings Limited","critical_battery","1","0","16450","Manganese/Silver/Zinc","0"
"Yathu Resources Limited","gold","1","0","2536","Iron Ore/Limestone (General)/Zinc","0"
"Yatu Equity Limited","gemstones","1","0","3518","Manganese/Iron Ore/Tourmaline","1"
"Yida Mining Zambia Limited","critical_battery","1","0","234","Manganese/Zinc/Lead","1"
"Yu Chuan Mining Zambia Limited","gemstones","1","0","2697","Mica/Niobium (Columbium)/Fluorine-Fluorite","0"
"YUE ZAN MINING COMPANY LIMITED","gemstones","2","0","12161","Gold/Copper/Platinum","0"
"YUSEN INVESTMENTS LIMITED","gemstones","1","0","1396","Platinum/Quartz/Manganese","1"
"Zaaminco Mining Limited","critical_battery","1","0","9487","Manganese/Lead/Zinc","0"
"Zambezi Mint Investment Limited","critical_battery","1","0","36662","Nickel/Silver/Zinc","0"
"Zambian  Jiangte Mining  Company Limited","gemstones","1","0","10194","Tantalum/Lithium/Tungsten","0"
"Zambian East Mining Corporation Ltd","gemstones","1","0","7792","Manganese/Iron Ore/Zinc","1"
"Zambian Goldcommon Resources Holdings Ltd","critical_battery","1","0","18237","Iron Ore/Nickel/Uranium","0"
"Zambian High light Mining Investment Limited","critical_battery","1","0","5522","Iron Ore/Nickel/Uranium","1"
"Zambian Limo Tours & Travel Limited","gemstones","2","0","233","Limestone (General)/Manganese/Quartz","2"
"Zambian North Mining Corporation Limited","critical_battery","1","0","30723","Manganese/Uranium/Zinc","0"
"Zambian West Mining Corporation","critical_battery","1","0","42085","Silver/Manganese/Zinc","0"
"Zambo Industrial Company Limited","critical_battery","1","1","30","Nickel/Mica/Manganese","1"
"Zambold Properties Limited","critical_battery","1","0","1084","Silver/Selenium/Platinum Group Metals","0"
"Zambull Mining Limited","gemstones","1","0","701","Manganese/Lead/Rare EarthsElements","1"
"Zamchrom Investment Limited","gemstones","1","0","399","Anhydrite/Gypsum/Lithium","1"
"Zametal Corporation Limited","critical_battery","1","0","390","Manganese/Zinc/Cobalt","1"
"ZAMJIE TRANSPOTATION LIMITED","critical_battery","1","0","2296","Nickel/Manganese/Zinc","0"
"ZAMKELA MINING LIMITED","gemstones","1","0","20","Ruby/Quartz/Niobium (Columbium)","0"
"Zamland Resources Management Limited","gemstones","2","0","5162","Zinc/Silver/Aquamarine","2"
"Zamqlik Logistics Limited","critical_battery","2","0","5062","Iron Ore/Nickel/Gold","1"
"Zamrock Investment Limited","critical_battery","1","0","431","Manganese/Lead/Zinc","0"
"Zamtech Minerals Limited","critical_battery","2","0","1340","Molybdenum/Silver/Tin","2"
"Zamway Mining Limited","gemstones","1","1","107","Emerald","1"
"ZANAVI INVESTMENTS GROUP LIMITED","critical_battery","1","0","1109","Manganese/Lead/Zinc","0"
"ZCCM IH Plc","gemstones","1","0","35819","Manganese/Limestone (General)/Silver","1"
"Zhongdi Mining Group Corp.Ltd","critical_battery","1","0","31535","Silver/Manganese/Zinc","1"
"Zhonghe Investment Group Coorperation Limited","gemstones","1","0","79205","Manganese/Nickel/Zinc","0"
"Zhonghui Mining Group Limited","gold","2","0","2558","Gold/Copper/Cobalt","0"
"Zima Transport and Supply Limited","critical_battery","1","0","6496","Nickel/Manganese/Quartz","1"
"Zimasi Resources Limited","critical_battery","2","0","265","Iron Ore/Gold/Copper","1"
"Zindi Mining Limted","gemstones","1","0","235","Mineral Sands/Nickel/Limestone (General)","0"
"ZM and P (B.V.I) Holdings Limited","critical_battery","1","1","26","Tantalum/Silver/Tin","0"
"Zohara Mining Limited","critical_battery","3","0","1237","Iron Ore/Manganese/Gold","0"
"Zoncor Mining Limited","gold","1","1","7","Silver/Gold/Copper","1"
"Zoomlion Copper Mine Company Limited","critical_battery","1","0","3922","Manganese/Iron Ore/Quartz","1"
"Zumran Mining and Exploration Limited","critical_battery","1","0","1755","Manganese/Zinc/Gold","1"
