"holder","match_confidence","district","province","town","licence_ref","office_phone","office_email","postal_address","physical_address","officeholder","parent_union","facebook","located","reachable","notes","sources"
"5 stars Multi Purpose Coopérative Society Limited","high","Mansa","Luapula","MMMD licence code 34446-HQ-AMR",,,,"yes","no","Located via MLC 83rd meeting results (30 Oct 2024), item 5: '5 stars Multi Purpose Coopérative Society Limited', 34446-HQ-AMR, 6.7130 ha, Luapula/Mansa, Approved with window to 9 Dec 2024. Numeric cross-check passes: notice commodities Au, Co, Cu, GRT, Mn, QTZ, SDG, SIL, Zn contain SDG (sand and gravel), QTZ and Zn matching the register's Sand and Gravel/Quartz/Zinc; area 6.7130 ha consistent with the register's rounded 7 ha; single artisanal mining right matches licences=1. Name match is exact including the anomalous French accent in 'Coopérative'. No office phone, email, postal address, officeholder or Facebook page exists for this society: it registers with the Registrar of Cooperatives rather than PACRA, and its 6.7 ha artisanal right is far below ZEMA's EIA threshold so no environmental impact statement was ever filed.","https://www.mmmd.gov.zm/?p=3515. RESULTS OF THE 83RD MINING LICENSING COMMITTEE (MLC) MEETING HELD ON 30TH OCTOBER, 2024"
"AAL- Grace Mining Co-operative Society Limited","high","Chinsali","Northern",,,,,"yes","no","Exact reconciliation with the CSV. MMMD 87th MLC: artisanal mining rights 40068-HQ-AMR (Au, Co, Cu, Fe, Pb, Zn) and 40069-HQ-AMR (Ag, Au, Cu, Fe, Zn), 6.7 ha each, Northern/Chinsali, both Approved. CSV records 2 licences, 13 ha, Iron Ore/Zinc/Copper - Fe, Zn and Cu all present, 2 x 6.7 = 13.4 ha.","https://www.mmmd.gov.zm/?p=4069"
"AIGLE MULTI-PURPOSE COOPERATIVE SOCIETY LIMITED","high","Kasempa","North Western","MMMD licence code 38239-HQ-AMR",,,,"yes","no","Located via MLC 83rd meeting results (30 Oct 2024), item 43: 'AIGLE MULTI-PURPOSE COOPERATIVE SOCIETY LIMITED (100%)', 38239-HQ-AMR, 6.6600 ha, North Western/Kasempa, Approved with window to 9 Dec 2024. Numeric cross-check passes: notice commodities AMT, Au, Co, Cu, EM, GAR, QTZ, TML, Zn contain QTZ, Au and Zn, matching all three of the register's Quartz/Gold/Zinc; area 6.6600 ha consistent with rounded 7 ha; one artisanal right matches licences=1. Exact name match, unique across the archive. No contacts exist for this population.","https://www.mmmd.gov.zm/?p=3515. RESULTS OF THE 83RD MINING LICENSING COMMITTEE (MLC) MEETING HELD ON 30TH OCTOBER, 2024"
"Akainga Multi-purpose Co-operative Society Limited","medium","Chibombo","Central","MMMD licence code 36632-HQ-AMR",,,,"yes","no","Located via the Extra Ordinary MLC meeting of 27 Oct 2023, item 92: 'Akainga Multi-purpose Society Limited', 36632-HQ-AMR, AMR, 6.5923 ha, Central/Chibombo, Approved. 'Akainga' is a distinctive name with exactly one occurrence across all 26 published MLC notices, and the area of 6.5923 ha is consistent with the register's rounded 7 ha. CAVEAT: minerals mismatch: the register lists Iron Ore/Lead/Nickel but the notice records Co, Cu, Au, with no overlap. The notice name also drops the words 'Co-operative'. Confidence held at medium on that basis; the district attribution rests on the unique name plus the area, not on the commodity list. Note this licence sits in a block (36627-36635) of similarly-named 6.5923 ha Central Province societies all recorded with Co/Cu/Au, which suggests a copy-forward in the notice's commodity column rather than a wrong society. No contacts exist for this population (Registrar of Cooperatives registration, sub-EIA-threshold artisanal right).","https://www.mmmd.gov.zm/?p=2626. RESULTS OF THE EXTRA ORDINARY MINING LICENSING COMMITTEE (MLC) MEETING HELD ON 27TH OCTOBER 2023"
"Albino Multipurpose Cooperative Society Limited","medium","Monze","Southern","MMMD licence code 34192-HQ-AMR",,,,"yes","no","Located via MLC 75th meeting results (27-29 Sep 2023) item 126: 'Albino Multipurpose Cooperative Society', 34192-HQ-AMR, Southern/Monze, Approved with window to 20 Nov 2023. Only one occurrence of 'Albino' across all 26 published notices, and the name matches the register entry. Confidence held at medium rather than high because the 75th meeting's artisanal table publishes only S/N, code, applicant, location, decision and window, it carries no commodity or area columns, so the register's Quartz/Manganese/Limestone (General) and 7 ha could not be cross-checked against any number. The district attribution itself is directly published and is not in doubt. No contacts exist for this population.","https://www.mmmd.gov.zm/?p=2618. RESULTS OF THE 75TH MINING LICENSING COMMITTEE (MLC) MEETING HELD FROM 27TH TO 29TH SEPTEMBER 2023"
"Anahela Gold Mining Co-operative Society Limited","medium",,,,,,"no","no","Confirmed as a licence holder by MMMD's Default Notice for non-compliance with conditions of grant, which lists 'Anahela Gold Mining Co-operative Society Limited' against licence 30035-HQ-SEL (a small-scale exploration licence). That notice publishes only holder name and licence code - no province or district - so location is left null. The society does not appear in any of the 22 MLC results notices from the 70th meeting (Feb 2023) onward, consistent with its licence having been granted before the online archive begins.","https://www.mmmd.gov.zm/?p=2635"
"AZMI MINING CO OPERATIVE SOCIETY LIMITED","high","Mumbwa","Central","MMMD licence code 40187-HQ-AMR",,,,"yes","no","Located via MLC 87th meeting results (7 May 2025) item 28: 'AZMI MINING CO OPERATIVE SOCIETY LIMITED (100%)', 40187-HQ-AMR, commodity Au, 6.6000 ha, Central/Mumbwa, Approved with window to 16 Jun 2025. Numeric cross-check is exact and unusually tight: the notice lists Au as the sole commodity and the register lists Gold as the sole commodity; area 6.6000 ha consistent with rounded 7 ha; one right matches licences=1. Exact name match including the spaced 'CO OPERATIVE', unique across the archive. No contacts exist for this population.","https://www.mmmd.gov.zm/?p=4069. RESULTS OF THE 87TH MINING LICENSING COMMITTEE (MLC) MEETING HELD ON 7TH MAY, 2025"
"Bachoba Multi-Purpose Co-operative Society Limited","high","Mkushi","Central","MMMD licence code 34191-HQ-AMR",,,,"yes","no","Located via the Extra Ordinary MLC meeting of 27 Oct 2023 item 8: 'Bachoba Multi-Purpose Co-operative Society Limited', 34191-HQ-AMR, AMR, commodities Ag, Au, Co, Cu, Fe, LST, Mn, SIL, Zn, Zr, 6.6421 ha, Central/Mkushi, Approved. Numeric cross-check passes on all three register minerals: SIL=Silica, Mn=Manganese, Ag=Silver; area 6.6421 ha consistent with rounded 7 ha; one right matches licences=1. Exact name match, unique across the archive. No contacts exist for this population.","https://www.mmmd.gov.zm/?p=2626. RESULTS OF THE EXTRA ORDINARY MINING LICENSING COMMITTEE (MLC) MEETING HELD ON 27TH OCTOBER 2023"
"Balume Mining Co-operative Society Limited","high","Mwinilunga","North Western","MMMD licence code 39934-HQ-AMR",,,,"yes","no","Located via MLC 85th meeting results (5 Mar 2025) item 113: 'Balume Mining Co-operative Society Limited (100%)', 39934-HQ-AMR, commodities Al, Au, Co, Cu, EM, Fe, Zn, 6.6900 ha, North Western/Mwinilunga, Approved with window to 13 Apr 2025. Numeric cross-check passes on all three register minerals: Au=Gold, Fe=Iron Ore, Zn=Zinc; area 6.6900 ha consistent with rounded 7 ha; one right matches licences=1. Exact name match, unique across the archive. No contacts exist for this population.","https://www.mmmd.gov.zm/?p=4013. RESULTS OF THE 85TH MINING LICENSING COMMITTEE (MLC) MEETING HELD ON 5TH MARCH, 2025"
"Benechishi Mining Co-operative Society Limited","medium","Kapiri Mposhi","Central","MMMD licence codes 36405-HQ-AMR and 36406-HQ-AMR (also 34873-HQ-AMR, 35582-HQ-AMR)",,,,"yes","no","Located in Central Province, Kapiri Mposhi District across two notices. MLC 75th (27-29 Sep 2023): item 176, 34873-HQ-AMR, Central/Kapiri Mposhi, Approved; item 151, 35582-HQ-AMR, location column not populated. Extra Ordinary meeting of 27 Oct 2023: items 75 and 76, 36405-HQ-AMR and 36406-HQ-AMR, commodity Cu, 6.6372 ha and 6.6371 ha, both Central/Kapiri Mposhi, Approved. Every located code agrees on district, so the province/district attribution is solid. Confidence held at medium for two reasons. First, minerals mismatch: the register lists Rare Earths Elements/Feldspar/Chromium but every notice row records Cu alone. Second, four licence codes are published against this name while the register records licences=1, so no single code can be tied to the register row. Explicit NON-match: this society is distinct from 'Benecho Mining & Building Corporation Ltd', a separate PACRA-registered company with its own website; that site was checked and contains no reference to any cooperative, so no contact details from it have been carried over here. No contacts exist for this cooperative.","https://www.mmmd.gov.zm/?p=2618. RESULTS OF THE 75TH MINING LICENSING COMMITTEE (MLC) MEETING HELD FROM 27TH TO 29TH SEPTEMBER 2023 | https://www.mmmd.gov.zm/?p=2626. RESULTS OF THE EXTRA ORDINARY MINING LICENSING COMMITTEE (MLC) MEETING HELD ON 27TH OCTOBER 2023"
"Benecho Women Multi-purpose Co-operative Society Limited","none",,,,,,"no","no","Documented negative. No occurrence of 'benecho' in any of the 22 MMMD MLC notices (the nearest, 'Benechishi Mining Co-operative Society Limited' of Kapiri Mposhi, is a different society and must not be conflated). IMPORTANT NON-MATCH: web search surfaces 'Benecho Mining & Building Corporation Ltd' (benechombc.com, Lusaka West), whose site was checked and contains no reference to any cooperative or women's society. Its contact details were therefore deliberately NOT recorded here - it is a separate PACRA-registered company that happens to share the 'Benecho' name root. Its 2 licences most likely predate the archive's start at the 70th MLC (Feb 2023).",
"Beunasha Multi Purpose Cooperative Society Limited","medium","Mumbwa","Central","MMMD licence code 34297-HQ-AMR (second application 34678-HQ-AMR deferred)",,,,"yes","no","Located via MLC 75th meeting results (27-29 Sep 2023): item 78, 'Beunasha Multi Purpose Cooperative Society Limited', 34297-HQ-AMR, Central/Mumbwa, Approved; and item 83, 34678-HQ-AMR, same name and district, Deferred. The register records licences=1, consistent with only 34297 having been approved. Exact name match, unique to this society across the archive. Confidence held at medium because the 75th meeting's artisanal table publishes no commodity or area columns, so the register's Lead/Tin/Zinc and 7 ha could not be numerically corroborated. Both codes sit in the same district so the location is unaffected. No contacts exist for this population.","https://www.mmmd.gov.zm/?p=2618. RESULTS OF THE 75TH MINING LICENSING COMMITTEE (MLC) MEETING HELD FROM 27TH TO 29TH SEPTEMBER 2023"
"BOMAS Mining Cooperative Society","high","Lundazi","Eastern","MMMD licence code 35959-HQ-AMR",,,,"yes","no","Located via the Extra Ordinary MLC meeting of 27 Oct 2023 item 45: 'BOMAS Mining Cooperative Society (100%)', 35959-HQ-AMR, AMR, commodities Ag, Au, Co, Cu, TML, 3.8534 ha, Eastern/Lundazi, Approved. Numeric cross-check passes on all three register minerals: Ag=Silver, TML=Tourmaline, Au=Gold. 'BOMAS' is a five-letter name that required a word-boundary search to isolate from substrings, and it resolves to exactly one row across the archive. CAVEAT on area: the published 3.8534 ha is roughly half the register's rounded 7 ha, so the register's hectares field appears to carry a nominal artisanal-right figure rather than the surveyed area for this society. The three-of-three mineral agreement and the unique name carry the match. No contacts exist for this population.","https://www.mmmd.gov.zm/?p=2626. RESULTS OF THE EXTRA ORDINARY MINING LICENSING COMMITTEE (MLC) MEETING HELD ON 27TH OCTOBER 2023"
"BOMBA ULYA MINING COOPERATIVE SOCIETY LIMITED","medium","Samfya","Luapula","MMMD licence code 37148-HQ-AMR",,,,"yes","no","Located via MLC 78th meeting results (27 Feb - 1 Mar 2024) item 77: 'BOMBA ULYA MINING COOPERATIVE SOCIETY LIMITED (100%)', 37148-HQ-AMR, commodity Mn, 6.7252 ha, Luapula/Samfya, Approved with window to 12 Apr 2024. Exact name match, unique across the archive, and area 6.7252 ha consistent with the register's rounded 7 ha. CAVEAT: minerals mismatch: the register lists Quartz/Sugilite/Tourmaline but the notice records Mn (manganese) alone, with no overlap at all. Confidence held at medium on that basis; the district rests on the exact unique name and the area. No contacts exist for this population.","https://www.mmmd.gov.zm/?p=2785. RESULTS OF THE 78TH MINING LICENSING COMMITTEE (MLC) MEETING HELD ON 27TH FEBRUARY TO 1ST MARCH 2024"
"Broadway Mining Cooperative Society Limited","high","Mumbwa","Central","MMMD licence code 36746-HQ-AMR",,,,"yes","no","Located via MLC 88th meeting results (30 May 2025) item 5: 'Broadway Mining Cooperative Society Limited', 36746-HQ-AMR, commodities Au, Cu, 6.6050 ha, Central/Mumbwa, Approved with window to 15 Jul 2025. Numeric cross-check is exact: Au and Cu correspond one-for-one to the register's Gold/Copper with no extra or missing minerals; area 6.6050 ha consistent with rounded 7 ha; one right matches licences=1. Exact name match, unique across the archive. No contacts exist for this population.","https://www.mmmd.gov.zm/?p=4111. RESULTS OF THE 88TH MINING LICENSING COMMITTEE (MLC) MEETING HELD ON 30TH MAY, 2025"
"Buneme Multi-Purpose Cooperative Society Limited","high","Kasempa","North Western","MMMD licence code 36187-HQ-AMR (sister code 36186-HQ-AMR also published)",,,,"yes","no","Located via the Extra Ordinary MLC meeting of 27 Oct 2023 item 62: 'Buneme Multi-Purpose Cooperative Society Limited (100%)', 36187-HQ-AMR, AMR, commodities Ag, Au, Co, Cu, Fe, Mn, Pb, 6.6523 ha, North Western/Kasempa, Approved. Numeric cross-check passes on all three register minerals: Ag=Silver, Fe=Iron Ore, Pb=Lead; area 6.6523 ha consistent with rounded 7 ha. Two codes exist for this society. 36186-HQ-AMR appears at MLC 75th item 153 as 'Buneme Multi-Purpose Co-0perative Society' (note the OCR-style zero) and again in the Extra Ordinary notice item 91 with all detail columns blank. The register records licences=1, so 36187-HQ-AMR is taken as the live right; 36186 is recorded here for completeness and may be a duplicate or lapsed application. Both are in the same district, so the location attribution is unaffected. No contacts exist for this population.","https://www.mmmd.gov.zm/?p=2626. RESULTS OF THE EXTRA ORDINARY MINING LICENSING COMMITTEE (MLC) MEETING HELD ON 27TH OCTOBER 2023 | https://www.mmmd.gov.zm/?p=2618. RESULTS OF THE 75TH MINING LICENSING COMMITTEE (MLC) MEETING HELD FROM 27TH TO 29TH SEPTEMBER 2023"
"Bwesu Ubunonshi Multi-Purpose Cooperative Society Limited","high","Mansa","Luapula","MMMD licence code 33306-HQ-AMR",,,,"yes","no","Located via MLC 82nd meeting results (11 Sep 2024) item 47: 'Bwesu Ubunonshi Multi-Purpose Cooperative Society Limited (100%)', 33306-HQ-AMR, commodities Cu, Mn, REE, Sn, Ta, 6.7049 ha, Luapula/Mansa, Approved with window to 21 Oct 2024. Numeric cross-check is exact on all three register minerals: Ta=Tantalum, Sn=Tin, REE=Rare Earths Elements; area 6.7049 ha consistent with rounded 7 ha. Name match is exact including the 'Ubunonshi' spelling. Note a near-twin in the same district spelled 'Bwesu Ubunoshi' (one fewer 'n') holding 33305-HQ-AMR (MLC 75th) and 32895-HQ-AMR (MLC 82nd, Cu/Fe/Mn/REE/Ta, 6.7045 ha), that spelling is a separate register entry and was NOT absorbed into this record. No contacts exist for this population.","https://www.mmmd.gov.zm/?p=3378. RESULTS OF THE 82ND MINING LICENSING COMMITTEE (MLC) MEETING HELD ON 11TH SEPTEMBER, 2024"
"Bwesu Ubunoshi Multipurpose Cooperative Society","high","Mansa","Luapula",,,,,"yes","no","Exact reconciliation with the CSV. MMMD artisanal mining rights 32895-HQ-AMR (Cu, Fe, Mn, REE, Ta; 6.7045 ha) and 33305/33306-HQ-AMR (Cu, Mn, REE, Sn, Ta; 6.7049 ha), Luapula/Mansa, Approved at the 75th and 82nd MLC. CSV records 2 licences, 13 ha, Rare EarthsElements/Tantalum/Copper - REE, Ta and Cu all present, areas sum to 13.4 ha. 33306 is listed under the spelling variant 'Bwesu Ubunonshi Multi-Purpose Cooperative Society Limited' in the same district.","https://www.mmmd.gov.zm/?p=3378 | https://www.mmmd.gov.zm/?p=2618"
"Central Mining Local Multi-Purpose Co-operative Society Limited","high","Chibombo","Central",,,,,"yes","no","Exact reconciliation with the CSV. MMMD Extra Ordinary Dec 2023 MLC: artisanal mining rights 35698 and 35699-HQ-AMR, commodities Ag, Au, Co, Cu, Ni, Zn, 6.6133 and 6.6131 ha, Central/Chibombo, both APPROVED. CSV records 2 licences, 13 ha, Nickel/Silver/Zinc - Ni, Ag and Zn all present, areas sum to 13.2 ha. CAUTION: 'Chasefu Central Mining and Development Co-operative Society Limited' (Lundazi, Eastern) is a different society and must not be conflated.","https://www.mmmd.gov.zm/?p=2626"
"Central Province Co-operative Union Limited","high","Mkushi","Central","33391-HQ-AMR",,,"this entity is itself a provincial co-operative union, not a member society","yes","no","Exact name match at the Extra Ordinary MLC sitting of 27 Oct 2023, window 6 Dec 2023. Artisanal Mining Right 33391-HQ-AMR, 6.6625 ha, Central Province, Mkushi District, APPROVED. Commodities published as Al, Au, Co, Cu, Fe, Mn, Pb, Sn, Zn - this confirms all three CSV commodities (Manganese = Mn, Lead = Pb, Zinc = Zn), plus licence count (1) and hectares (7 rounded from 6.6625). Structurally distinctive: this is a provincial apex co-operative union holding an artisanal mining right in its own name, so it is the parent body for member societies rather than having one. Explicit NON-MATCH: 'Central Province Agricultural Growth Scheme of Zambia Ltd' (27543-HQ-MPL, Solwezi) is unrelated. No contacts exist in any public source.","https://web.archive.org/web/20240423173009/https://www.mmmd.gov.zm/?p=2626"
"Central Youth Muilt Purpose Cooperative Society Limited","high","Kabwe","Central","32349-HQ-AMR",,,,"yes","no","Exact name match including the 'Muilt Purpose' misspelling, at the 73rd MLC meeting, 29-30 Jun 2023, window 24 Aug 2023. Artisanal Mining Right 32349-HQ-AMR, Central Province, Kabwe District, Approved. Licence count (1) matches and the misspelt name is unique across the MLC index. MINERALS CAVEAT: the 73rd MLC table publishes no commodity or area column, so the CSV's Zinc/Manganese/Lead and 7 ha are unverified; district/province are firm. No contacts exist in any public source.","https://web.archive.org/web/20241113140812/https://www.mmmd.gov.zm/?p=2583"
"Centralpit Learn Multi-purpose Co-operative Society Limited","high","Chinsali","Northern","37041-HQ-AMR (a second right, 37042-HQ-AMR, was approved at Central, Mkushi)",,,,"yes","no","Exact name match, and the commodity cross-check is what settles the district. Licence 37041-HQ-AMR appears twice with CONFLICTING details: the 77th MLC (11-12 Jan 2024) lists it at 6.6328 ha in Eastern Province, Chadiza District with commodities AQM, Au, Cu, GYP, Li, Ni, QTZ, Zn; the 87th MLC (7 May 2025, window 16 Jun 2025) lists the same code at 6.7299 ha in Northern Province, Chinsali District with commodities GRF (graphite) and SIL (silica). The CSV records Silica/Graphite - an exact, two-of-two match to the 87th MLC schedule and no match at all to the 77th - so the 2025 entry describes the current register state and Northern/Chinsali is adopted. The licence was evidently re-granted or materially amended between 2024 and 2025 (area and commodity schedule both changed). A keyword sweep that stopped at the 77th meeting would have placed this society in Chadiza, Eastern - flagged here as a trap. The same 77th notice also approved 37042-HQ-AMR to this society at 6.6593 ha in Central, Mkushi; the CSV carries only 1 licence, consistent with 37041 being the survivor. No contacts exist in any public source.","https://web.archive.org/web/20260418231600/https://www.mmmd.gov.zm/?p=4069 | https://web.archive.org/web/20240423173052/https://www.mmmd.gov.zm/?p=2675"
"Chakumbila Mining Co-operative Society Limited","high","Mumbwa","Central","37569-HQ-AMR and 37570-HQ-AMR",,,,"yes","no","Exact name match at the 79th MLC (11-12 Apr 2024, window 20 May 2024): two Artisanal Mining Rights, 37569-HQ-AMR and 37570-HQ-AMR, both at 6.6000 ha in Central Province, Mumbwa District, both Approved, both with commodities Au, Cu, Fe. That confirms all three CSV commodities (Iron Ore = Fe, Gold = Au, Copper = Cu) and the hectares (7 rounded from 6.60). Chakumbila is a recognised chiefdom in Mumbwa District, so the name and the location agree. The CSV carries 1 licence against these 2 codes; see the separate record for 'Chakumbila Multi-Purpose Co-operative Society Limited', which has an identical CSV profile and which these two codes most likely split between. No contacts exist in any public source.","https://web.archive.org/web/20240517085644/https://www.mmmd.gov.zm/?p=2794"
"Chakumbila Multi-Purpose Co-operative Society Limited","medium","Mumbwa","Central","37569-HQ-AMR or 37570-HQ-AMR (shared with the 'Chakumbila Mining' register string; which code attaches to which string is not published)",,,,"yes","no","PLACED BY INFERENCE, HENCE MEDIUM. This exact name string appears nowhere in the MLC notices: a search on 'chakumb' and 'kumbila' across the full 13,468-row index returns only 'Chakumbila Mining Co-operative Society Limited', to which the 79th MLC (11-12 Apr 2024, window 20 May 2024) granted TWO artisanal rights, 37569-HQ-AMR and 37570-HQ-AMR, both at 6.6000 ha in Central Province, Mumbwa District with commodities Au, Cu, Fe. This CSV row has a profile identical to the 'Chakumbila Mining' row - same segment (gold), 1 licence, 7 ha, same Iron Ore/Gold/Copper - which strongly suggests the register holds the two MLC codes under two slightly different renderings of one society's name, one per code. The district and province conclusion is safe under either reading because both codes sit in Mumbwa; only the code-to-name assignment is uncertain. Chakumbila is a recognised chiefdom in Mumbwa District, consistent with the placement. No contacts exist in any public source.","https://web.archive.org/web/20240517085644/https://www.mmmd.gov.zm/?p=2794"
"CHAKWANGA MULTI PURPOSE COOPERATION SOCIETY LIMITED","high","Chongwe","Lusaka","37573-HQ-AMR",,,,"yes","no","Exact name match, including the unusual 'COOPERATION' rather than 'CO-OPERATIVE', at the 79th MLC (11-12 Apr 2024, window 20 May 2024). Artisanal Mining Right 37573-HQ-AMR, 6.6100 ha, Lusaka Province, Chongwe District, Approved. Commodities published as Au, Co, Cu, Mn - this confirms all three CSV commodities (Gold = Au, Manganese = Mn, Cobalt = Co), plus licence count (1) and hectares (7 rounded from 6.61). Name is unique across the MLC index. No contacts exist in any public source.","https://web.archive.org/web/20240517085644/https://www.mmmd.gov.zm/?p=2794"
"CHALO MBANTHU YOUNG WOMEN MULTI-CO-OPERATIVE SOCIETY LIMITED","high","Isoka","Northern",,,,,"yes","no","A women's cooperative based in Isoka, Northern Province. MMMD 87th MLC: artisanal mining rights 40200-HQ-AMR and 40208-HQ-AMR (Northern/Isoka) and 40206-HQ-AMR (spanning Eastern/Chama and Northern/Isoka), all Approved, commodities Au, Cu, F, QTZ - matching the CSV's Gold/Quartz/Copper exactly, across the CSV's 3 licences. It later added 42187-HQ-AMR in Southern/Choma (Approved, 91st MLC, Nov 2025), a newer and geographically separate area.","https://www.mmmd.gov.zm/?p=4069 | https://www.mmmd.gov.zm/?p=6170"
"Champalesa Nemwine Multi-Purpose Co-operative Limited","high","Chinsali","Northern","37329-HQ-AMR",,,,"yes","no","Exact name match at the 80th MLC (6-7 and 10 Jun 2024, window 19 Jul 2024). Artisanal Mining Right 37329-HQ-AMR, 2.0100 cadastral units, Northern Province, Chinsali District, Approved. Commodities published as AMT (amethyst), Au, Cu, MS (mineral sands) - this confirms all three CSV commodities (Gold/Mineral Sands/Amethyst), plus licence count (1) and area (CSV 2 ha, notice 2.01 CU). Note the tight clustering: KAFWA MULT-PURPOSE CO-OPERATIVE SOCIETY LIMITED, also in this batch, holds 37331-HQ-AMR with the identical AMT/Au/Cu/MS schedule, also in Northern/Chinsali, approved at the same meeting - the two codes are two apart, so these are neighbouring units from one batch of Chinsali applications. Name is unique across the MLC index. No contacts exist in any public source.","https://web.archive.org/web/20240807050119/https://www.mmmd.gov.zm/?p=2849"
"Chao Chikupi Mining Cooperative","high","Petauke","Eastern","36128-HQ-AMR and 36129-HQ-AMR",,,,"yes","no","Exact name match, including the absence of 'Limited', at the 75th MLC (27-29 Sep 2023, window 20 Nov 2023): Artisanal Mining Rights 36128-HQ-AMR and 36129-HQ-AMR, both Eastern Province, Petauke District, both Approved. CSV records 1 licence against these 2 codes, so one was evidently relinquished; both sit in the same district so the placement is unaffected. MINERALS CAVEAT: the 75th table publishes no commodity column. Strong corroboration nonetheless from a closely related holder in the same district - 'Chikupi Mining Cooperative Society Limited' (36563-HQ-AMR and 36564-HQ-AMR, Extra Ordinary sitting of 27 Oct 2023, Eastern/Petauke) publishes Si, QTZ, Au, CO, CU, matching the CSV's Gold/Copper/Cobalt. That 'Chikupi Mining Cooperative Society Limited' is recorded as a SEPARATE register string, not absorbed into this one. Explicit NON-MATCHES on the 'Chao' stem: Chao Chao Construction Limited (30680-HQ-LEL, Sinazongwe) and Lian Chao and Yue Ventures Limited (25086-HQ-LEL). No contacts exist in any public source.","https://web.archive.org/web/20240423180313/https://www.mmmd.gov.zm/?p=2618 | https://web.archive.org/web/20240423173009/https://www.mmmd.gov.zm/?p=2626"
"Chau Ubuntu Multi- Purpose Co-operative Limited","medium",,"35648-HQ-AMR",,,,"no","no","LICENCE RESOLVED BUT NOT PLACED. Exact name match at the 75th MLC (27-29 Sep 2023, window 20 Nov 2023), reproducing even the stray space in 'Multi- Purpose': Artisanal Mining Right 35648-HQ-AMR, Approved. DOCUMENTED NEGATIVE on district/province: the LOCATION cell for this row is physically blank in the published notice. The society appears in no other MLC notice from the 70th to the 88th meeting, and the 82nd, 86th and 89th-91st notices were never archived, so no alternative placement exists. MINERALS CAVEAT: the 75th table publishes no commodity or area column, so Iron Ore/Anhydrite/Gypsum and 7 ha are unverified. Explicit NON-MATCH: 'Ubuntu Small Scale Mining Company Limited' (36240-HQ-SEL, 983.84 ha, Central, Mumbwa) is a separate limited company. No contacts exist in any public source.","https://web.archive.org/web/20240423180313/https://www.mmmd.gov.zm/?p=2618"
"Chavuma Mining Cooperative Limited","high",,,,,,"no","no","Identity certain (exact name) but NOT located. Appears only in the MMMD notice cancelling non-compliant mining rights: small-scale mining licence 7780-HQ-SML, CANCELLED, non-compliant. That notice has no district column. The low licence number is consistent with a pre-2023 grant, and the published MLC results archive begins at the 70th meeting (Feb 2023), so this society's grant leaves no locatable trace - a documented negative rather than a search failure. Name coincides with Chavuma district (North Western) but MMMD nowhere states it, so district left blank rather than inferred. Web search for the exact name returns no results at all.","https://www.mmmd.gov.zm/?p=2787"
"Chelekapa Mult-Purpose Co-operative Society Limited","high","Mwense","Luapula",,,,,"yes","no","Exact reconciliation with the CSV. MMMD 81st MLC: artisanal mining rights 37653 (amethyst, 2.02 CU), 37654 (clay, 6.73 ha), 37655 (Cu, 6.73 ha) and 37656-HQ-AMR (Au, Co, Cu, malachite, Fe, feldspar, Mn, tourmaline, Zn; 3.37 ha) - four licences, Luapula/Mwense, all Approved. CSV records 4 licences, 19 ha, Copper/Zinc/Tourmaline; Cu, Zn and tourmaline all appear, and the areas sum to about 19 ha. Web search for 'Chelekapa' returns no results.","https://www.mmmd.gov.zm/?p=2923"
"Chetu Multi-Purpose Co-Operative Society Limited","high","Chililabombwe","Copperbelt","MMMD licence code 37521-HQ-AMR",,,,"yes","no","Located via MLC 80th meeting results (6-7 and 10 Jun 2024) item 79: 'Chetu Multi-Purpose Co-Operative Society Limited (100%)', 37521-HQ-AMR, commodities Ag, AMT, Au, Co, Cu, EM, Fe, Ni, Pb, QTZ, Sn, TML, Zn, 6.6800 ha, Copperbelt/Chililabombwe, Approved with window to 19 Jul 2024. Numeric cross-check passes on all three register minerals: Ag=Silver, QTZ=Quartz, Ni=Nickel; area 6.6800 ha consistent with rounded 7 ha; one artisanal right matches licences=1. Exact name match, unique across the archive. No contacts exist for this population.","https://www.mmmd.gov.zm/?p=2849. RESULTS OF THE 80TH MINING LICENSING COMMITTEE (MLC) MEETING HELD ON 6TH TO 7TH AND 10TH JUNE 2024"
"Chibechatu Multi-purpose Co-operative Society Limited","none",,,,,,"no","no","Documented negative. No occurrence of 'chibechatu' in any of the 22 MMMD MLC notices (the nearest, 'CHIBELENGA MANUAL STONE CRUSHERS MULTI-PURPOSE CO-OPERATIVE SOCIETY' of Livingstone, is a different society). Web search returns no results for the name. Its 2 licences most likely predate the archive's start at the 70th MLC (Feb 2023).",
"Chibulu Tulipamo Mining Co-operative Society Limited","high","Chinsali","Northern","MMMD licence code 37076-HQ-AMR",,,,"yes","no","Located via MLC 81st meeting results (31 Jul 2024) item 28: 'Chibulu Tulipamo Mining Co-operative Society Limited (100%)', 37076-HQ-AMR, commodities Au, Cu, GEM, Mn, Zn, 6.7064 ha, Northern/Chinsali, Approved with window to 9 Sep 2024. Numeric cross-check passes on all three register minerals: Mn=Manganese, Zn=Zinc, Au=Gold; area 6.7064 ha consistent with rounded 7 ha; one right matches licences=1. Found on the 'Tulipamo' token, since 'Chibulu' alone collides with the unrelated large-scale producer Chibuluma Mines Plc. Explicit NON-matches: Chibuluma Mines Plc and 'Tulipamo Investments Limited' (41294-HQ-SEL, Eastern/Chama) are both separate entities. No contacts exist for this population.","https://www.mmmd.gov.zm/?p=2923. RESULTS OF THE 81ST MINING LICENSING COMMITTEE (MLC) MEETING HELD ON 31ST JULY, 2024"
"CHIHAFE MULTI PURPOSE  CO-OPERATIVE","high","Itezhi Tezhi","Southern","MMMD licence code 38727-HQ-AMR",,,,"yes","no","Located via MLC 84th meeting results (12 Dec 2024) item 35: 'CHIHAFE MULTI PURPOSE CO-OPERATIVE (100%)', 38727-HQ-AMR, commodities Au, Co, Cu, Mn, 6.5900 ha, Southern/Itezhi Tezhi, Approved with window to 23 Jan 2025. Numeric cross-check: Mn=Manganese and Au=Gold match two of the register's three minerals, and the area 6.5900 ha is consistent with the rounded 7 ha. Name match is exact, including the unusual absence of 'SOCIETY LIMITED', and 'CHIHAFE' is unique across the archive. CAVEAT: the register lists Rhodium as the third mineral but the notice records no Rh (it adds Co and Cu instead); Rhodium in an artisanal manganese/gold right is likely a register coding artefact. No contacts exist for this population.","https://www.mmmd.gov.zm/?p=3780. RESULTS OF THE 84TH MINING LICENSING COMMITTEE (MLC) MEETING HELD ON 12TH DECEMBER, 2024"
"Chikoti Khisa-Mining Co-operative Society Limited","high","Mbala","Northern",,,,,"yes","no","Exact reconciliation with the CSV. MMMD 85th MLC: artisanal mining rights 39230 and 39231-HQ-AMR, commodities Au, Co, QTZ, REE, 6.67 and 6.66 ha, Northern/Mbala, both Approved. CSV records 2 licences, 13 ha, Quartz/Rare EarthsElements/Cobalt - QTZ, REE and Co all present, areas sum to 13.3 ha.","https://www.mmmd.gov.zm/?p=4013"
"Chimwelelende Mining Cooperative LTD","medium","Chama","Eastern","MMMD licence code 34000-HQ-AMR",,,,"yes","no","Located via MLC 75th meeting results (27-29 Sep 2023) item 75: 'Chimwelelende Mining Cooperative LTD', 34000-HQ-AMR, Eastern/Chama, Approved with window to 20 Nov 2023. Name match is exact including the abbreviated 'LTD'. Item 125 of the same notice carries 'Chimwelelende Mining Cooperative Society Limited', 33984-HQ-AMR, also Eastern/Chama, the fuller style. Both are in the same district so the location holds either way; 34000 is selected because the register's holder string uses 'LTD'. Confidence held at medium because the 75th meeting's artisanal table has no commodity or area columns, leaving the register's Mineral Sands/Quartz/Gold and 7 ha uncorroborated, and because two codes share this stem. No contacts exist for this population.","https://www.mmmd.gov.zm/?p=2618. RESULTS OF THE 75TH MINING LICENSING COMMITTEE (MLC) MEETING HELD FROM 27TH TO 29TH SEPTEMBER 2023"
"Chimwelelende Mining Cooperative Society Limited","high","Chama","Eastern","33984-HQ-AMR (a second right, 34000-HQ-AMR, is held under the abbreviated name 'Chimwelelende Mining Cooperative LTD')",,,,"yes","no","Exact name match at the 75th MLC (27-29 Sep 2023, window 20 Nov 2023): Artisanal Mining Right 33984-HQ-AMR, Eastern Province, Chama District, APPROVED. The same notice also approves 34000-HQ-AMR to 'Chimwelelende Mining Cooperative LTD', again Eastern/Chama - almost certainly the same society entered twice with different name abbreviations. Either way the district and province are unambiguous because both rows agree. CSV records 1 licence, consistent with one of the two codes being the live right. MINERALS CAVEAT: the 75th MLC table publishes no commodity or area column, so the CSV's Quartz/Sand and Gravel/Granite and 7 ha are unverified. No office phone, email, postal address, officeholder or Facebook page exists in any public source.","https://web.archive.org/web/20240423180313/https://www.mmmd.gov.zm/?p=2618"
"CHINTUCHOMWE MULTI-PURPOSE CO-OPERATIVE SOCIETY LIMITED","none",,,,,,"no","no","Documented negative. No occurrence of 'chintuchomwe' or 'chintu' in any of the 22 MMMD MLC notices, and web search returns no results for the name. Its 2 licences most likely predate the archive's start at the 70th MLC (Feb 2023).",
"Chipe Chipe Youth Multi-Purpose Co-operative Society Limited","high","Mumbwa","Central","34988-HQ-AMR",,,,"yes","no","Exact name match in two notices. Artisanal Mining Right 34988-HQ-AMR, 6.6021 ha, Central Province, Mumbwa District: APPROVED at the Extra Ordinary MLC sitting of 27 Oct 2023 (window 6 Dec 2023), then recorded as Deferred at the 76th MLC (17 and 20 Nov 2023, window 26 Dec 2023). Commodities published as Au, Co, Cu - an exact match to the CSV's Gold/Copper/Cobalt, with licence count (1) and hectares (7 rounded from 6.6021) also matching. Explicit NON-MATCHES on the 'Chipe' stem: Chipepo Aquaculture and Tourism Enterprise Limited (34584/34585-HQ-LEL, Gwembe), Chipego Kapela (37305/37306-HQ-AMR, Kaoma), Henry Chipemba and Sichipema Resources Limited. No contacts exist in any public source.","https://web.archive.org/web/20240423173009/https://www.mmmd.gov.zm/?p=2626 | https://web.archive.org/web/20240423183834/https://www.mmmd.gov.zm/?p=2640"
"Chisokota Multi-purpose Co-operative Society Limited","medium",,"34108-HQ-AMR; also 35580-HQ-AMR and 35581-HQ-AMR",,,,"no","no","LICENCE CODES RESOLVED BUT NOT PLACED. Exact name match in two notices, three Artisanal Mining Rights in total: 34108-HQ-AMR, Approved at the 74th MLC (3-4 Aug 2023, window 15 Sep 2023), and 35580-HQ-AMR and 35581-HQ-AMR, both APPROVED at the 75th MLC (27-29 Sep 2023, window 20 Nov 2023). DOCUMENTED NEGATIVE on district/province, from two independent defects in the source: in the 74th notice the LOCATION cell is physically blank for the first nine Artisanal Mining Rights rows, this society being row 3; in the 75th notice the LOCATION cell for both 35580 and 35581 contains the literal string 'AMR' instead of a province and district. The society appears in no other archived MLC notice, and the 82nd, 86th and 89th-91st notices were never archived. Note the CSV records only 1 licence against 3 codes in the notices, so two were likely relinquished, refused on appeal or consolidated. MINERALS CAVEAT: neither notice publishes commodities or area, so Lead/Manganese/Zinc and 7 ha are unverified. No contacts exist in any public source.","https://web.archive.org/web/20241012062456/https://www.mmmd.gov.zm/?p=2598 | https://web.archive.org/web/20240423180313/https://www.mmmd.gov.zm/?p=2618"
"City Mine Multi-purpose Cooperative Society Limited","high","Kalomo","Southern",,,,,"yes","no","Exact reconciliation with the CSV. MMMD artisanal mining rights 33712 and 34169-HQ-AMR, commodities amethyst, beryl, Fe, REE, Sn, Ta, W, 6.5157 and 6.5159 ha, Southern/Kalomo, Approved at the 75th and Extra Ordinary Dec 2023 MLC. CSV records 2 licences, 13 ha, Tungsten/Lithium/Rare EarthsElements - W and REE both present in a tin-tantalum pegmatite suite consistent with lithium, and areas sum to 13.0 ha.","https://www.mmmd.gov.zm/?p=2626 | https://www.mmmd.gov.zm/?p=2618"
"City Multipurpose Cooperative Society","high","Kalomo","Southern","38503-HQ-AMR (an earlier right, 35278-HQ-AMR, was approved to the same name in the same district)",,,,"yes","no","Exact name match (no 'Limited', as in the CSV) in two notices, both Southern Province, Kalomo District. The hectares and commodities together identify which right the CSV row refers to: the 84th MLC (12 Dec 2024, window 23 Jan 2025) approved 38503-HQ-AMR at 3.2600 ha with commodities AMT, AQM, Cu, F, Sn, Ta, TML, W - matching the CSV's 3 ha and all three of Tin (Sn), Tantalum (Ta) and Tungsten (W). The earlier 35278-HQ-AMR, approved at the Extra Ordinary sitting of 27 Oct 2023, is 6.5201 ha with Au, Co, Cu, Fe, Sn, Ta and no tungsten, so it does NOT fit the CSV's 3 ha and is recorded here as a separate, presumably superseded right rather than the match. A name-only sweep would have picked the wrong code. No contacts exist in any public source.","https://web.archive.org/web/20250214103055/https://www.mmmd.gov.zm/?p=3780 | https://web.archive.org/web/20240423173009/https://www.mmmd.gov.zm/?p=2626"
"Collussion Mining Co-cooperative Society Limited","high","Chongwe","Lusaka","MMMD licence code 39507-HQ-AMR",,,,"yes","no","Located via MLC 87th meeting results (7 May 2025) item 2: 'Collussion Mining Co-cooperative Society Limited (100%)', 39507-HQ-AMR, commodities AQM, Co, Cu, EM, Fe, GYP, Li, MIC, Mn, Pb, QTZ, TML, Zn, 6.6100 ha, Lusaka/Chongwe, Approved with window to 16 Jun 2025. Numeric cross-check passes on all three register minerals: Mn=Manganese, Li=Lithium, Pb=Lead; area 6.6100 ha consistent with rounded 7 ha; one right matches licences=1. Name match is exact including the doubled 's' in 'Collussion' and the malformed 'Co-cooperative'; a search on the correct spelling 'Collusion' returns nothing, so the misspelling is load-bearing for finding this society. No contacts exist for this population.","https://www.mmmd.gov.zm/?p=4069. RESULTS OF THE 87TH MINING LICENSING COMMITTEE (MLC) MEETING HELD ON 7TH MAY, 2025"
"COMETOGETHER MULTI-PURPOSED CO-OPERATIVE SOCIETY LIMITED","high","Chongwe","Lusaka",,,,,"yes","no","Identity certain - the name string, including the unusual 'MULTI-PURPOSED' form, is reproduced exactly by MMMD. 87th MLC: artisanal mining right 37029-HQ-AMR, commodities GRF (graphite) and SIL (silica), 6.6171 ha, Lusaka/Chongwe, APPROVED. Honest caveat: only 1 of the CSV's 2 licences was traced, and the CSV's stated minerals (Rare EarthsElements/Silver/Quartz) do NOT match this licence beyond silica/quartz, so the mineral cross-check is weak here even though the name match is exact. District rests on this single licence.","https://www.mmmd.gov.zm/?p=4069"
"DIGI MINERALS MULTI-PURPOSE COOPERATIVE","high","Chibombo","Central","MMMD licence code 40144-HQ-AMR (second application 40181-HQ-AMR deferred)",,,,"yes","no","Located via MLC 87th meeting results (7 May 2025): item 17, 'DIGI MINERALS MULTI-PURPOSE COOPERATIVE (100%)', 40144-HQ-AMR, commodity Au, 6.6100 ha, Central/Chibombo, Approved with window to 16 Jun 2025; and item 25, 40181-HQ-AMR, commodities Au, Co, Cu, same area and district, Deferred. Numeric cross-check selects 40144 cleanly: the register lists Gold as the sole commodity and only 40144 is gold-only, and the register's licences=1 matches the single approval. Area 6.6100 ha consistent with rounded 7 ha. Explicit NON-matches: 'Digi Minerals Zambia Limited' (40833-HQ-MPL and 42044-HQ-SEL, also Central/Chibombo) is a separate PACRA-registered company operating in the same district and is NOT this cooperative, though the shared name and district suggest an associated venture; 'Digital African Company Limited', 'Dynamic digital', 'DIGIWAVE BRANDING' and 'Digidrill Exploration Resources Limited' are unrelated. No contacts exist for this cooperative.","https://www.mmmd.gov.zm/?p=4069. RESULTS OF THE 87TH MINING LICENSING COMMITTEE (MLC) MEETING HELD ON 7TH MAY, 2025"
"Doug Morgar Multi Purpose Co-operate Society","medium","Kalomo","Southern","MMMD licence code 35028-HQ-AMR (commodity-consistent sister code 35027-HQ-AMR)",,,,"yes","no","Located via MLC 75th meeting results (27-29 Sep 2023) item 136: 'Doug Morgar Multi Purpose Co-operate Society', 35028-HQ-AMR, Southern/Kalomo, Approved with window to 20 Nov 2023. The name matches character for character including the unspaced 'Doug Morgar' and the malformed 'Co-operate', which separates this register row from the hyphenated 'Doug-Morgar Mult-Purpose' entry also in this batch. Confidence held at medium because two codes compete for this row: 35028 matches the register's name exactly but the 75th notice publishes no commodities, while 35027-HQ-AMR ('Doug Morgar Multi-Purpose Co-operative Society Limited', MLC 85th, 5 Mar 2025) carries commodity AMT, an exact match for the register's sole mineral Amethyst, but at 3.2583 ha rather than the register's rounded 7 ha. Both codes are Southern Province, Kalomo District, so the location attribution holds either way. No contacts exist for this population.","https://www.mmmd.gov.zm/?p=2618. RESULTS OF THE 75TH MINING LICENSING COMMITTEE (MLC) MEETING HELD FROM 27TH TO 29TH SEPTEMBER 2023 | https://www.mmmd.gov.zm/?p=4013. RESULTS OF THE 85TH MINING LICENSING COMMITTEE (MLC) MEETING HELD ON 5TH MARCH, 2025"
"Doug Morgar Multi-Purpose Co-operative Society Limited","high","Kalomo","Southern","35027-HQ-AMR (near-identical name variants also hold 32576-HQ-AMR and 35028-HQ-AMR)",,,,"yes","no","Exact name match at the 85th MLC (5 Mar 2025, window 13 Apr 2025). Artisanal Mining Right 35027-HQ-AMR, 3.2583 ha, Southern Province, Kalomo District, Approved. The commodity schedule is the single entry AMT (amethyst) - an exact one-for-one match to the CSV's sole commodity Amethyst, with licence count (1) and hectares (3, from 3.2583) also matching. This is the cleanest numeric confirmation in the batch. The 75th MLC had approved two near-identical name variants in the same district: 'Doug-Morgar Mult-Purpose Co-operative Society' (32576-HQ-AMR) and 'Doug Morgar Multi Purpose Co-operate Society' (35028-HQ-AMR), both Southern/Kalomo - recorded so they are not mistaken for different societies, and note 35028 sits immediately beside 35027 in the code sequence. No contacts exist in any public source.","https://web.archive.org/web/20250717022002/https://www.mmmd.gov.zm/?p=4013 | https://web.archive.org/web/20240423180313/https://www.mmmd.gov.zm/?p=2618"
"Doug-Morgar Mult-Purpose Co-operative Society","medium","Kalomo","Southern","MMMD licence code 32576-HQ-AMR",,,,"yes","no","Located via MLC 75th meeting results (27-29 Sep 2023) item 114: 'Doug-Morgar Mult-Purpose Co-operative Society', 32576-HQ-AMR, Southern/Kalomo, Approved with window to 20 Nov 2023. Name match is exact including the hyphen in 'Doug-Morgar' and the contracted 'Mult-Purpose', which distinguishes this register row from the separate 'Doug Morgar Multi Purpose Co-operate Society' entry also in this batch. Confidence held at medium because the 75th meeting's artisanal table publishes no commodity or area columns, so the register's Tantalum/Tin/Amethyst and 7 ha could not be numerically corroborated. All three Doug-Morgar / Doug Morgar codes (32576, 35027, 35028) resolve to Southern Province, Kalomo District, so the location attribution is robust regardless of which code pairs to which register row. No contacts exist for this population.","https://www.mmmd.gov.zm/?p=2618. RESULTS OF THE 75TH MINING LICENSING COMMITTEE (MLC) MEETING HELD FROM 27TH TO 29TH SEPTEMBER 2023"
"Eagle Eye Mining Multi-purpose Co-operative Society","medium","Mwinilunga","North Western","MMMD licence code 36748-HQ-AMR",,,,"yes","no","Located in two notices with a visible decision history: MLC 88th meeting (30 May 2025) item 6, 'EAGLE EYE MINING MULTIPURPOSE COOPERATIVE SOCIETY LIMITED', 36748-HQ-AMR, 6.7051 ha, North Western/Mwinilunga, Deferred; then MLC 89th meeting (2 Jul 2025) item 16, same code and area and district, Approved with window to 22 Aug 2025. The area 6.7051 ha is consistent with the register's rounded 7 ha and 'Eagle Eye' occurs only for this society across the archive. CAVEAT: minerals mismatch: the register lists Lead/Iron Ore/Silica but the notice records Au, Co, Cu, DIA, EM, 'Gr tourm', Mn, QTZ, with no Pb, Fe or SIL among them. Confidence held at medium on that basis; the district rests on the unique name, the area and the consistent two-meeting record. Explicit NON-match: 'Eagles Eye Transformation Limited' (37023-HQ-LML, Copperbelt) is an unrelated large-scale company. No contacts exist for this population.","https://www.mmmd.gov.zm/?p=4111. RESULTS OF THE 88TH MINING LICENSING COMMITTEE (MLC) MEETING HELD ON 30TH MAY, 2025 | https://www.mmmd.gov.zm/?p=5497. RESULTS OF THE 89TH MINING LICENSING COMMITTEE (MLC) MEETING HELD ON 2ND JULY, 2025"
"EASTNET MULTI-PURPOSE CO-OPERATIVE SOCIETY LIMITED","high","Chadiza","Eastern","MMMD licence codes 37030-HQ-AMR and 37031-HQ-AMR",,,,"yes","no","Located via MLC 77th meeting results (11-12 Jan 2024), items 16 and 17: 'EASTNET MULTI-PURPOSE CO-OPERATIVE SOCIETY LIMITED (100%)', 37030-HQ-AMR at 6.6330 ha and 37031-HQ-AMR at 6.6322 ha, both commodities AQM, Au, Cu, GYP, Ni, QTZ, Zn, both Eastern/Chadiza, both Approved with window to 19 Feb 2024. Numeric cross-check: Ni=Nickel and Zn=Zinc match two of the register's three minerals, and the third, Anhydrite, is the anhydrous form of gypsum and is consistent with the notice's GYP; areas of 6.63 ha are consistent with the rounded 7 ha. Both adjacent codes sit in the same district, so location is unaffected, but note the register records licences=1 against two published rights, the second may be a duplicate application or a later surrender. Exact name match, unique across the archive. No contacts exist for this population.","https://www.mmmd.gov.zm/?p=2675. RESULTS OF THE 77TH MINING LICENSING COMMITTEE (MLC) MEETING HELD ON 11TH TO 12TH JANUARY 2024"
"ECO MINING CO-OPERATIVE SOCIETY LIMITED","high","Kafue","Lusaka",,,,,"yes","no","Exact name match in MMMD MLC 85th meeting results (05 Mar 2025). AMR 39482-HQ-AMR. Minerals: silver, gold, cobalt, copper, dolomite, iron, zinc - consistent with the target's Iron Ore/Silver/Zinc. One of the few in this batch located in Lusaka Province, so most reachable via Lusaka/Kafue district offices.","https://www.mmmd.gov.zm/?p=4013"
"Endeavor Rise Multi-Purpose Co-operative Society Limited","high","Milenge; Mpika","Luapula; Northern",,,,,"yes","no","Exact reconciliation with the CSV across two provinces. MMMD 85th MLC: artisanal mining right 38971-HQ-AMR (Au, Co, Cu, GEM, feldspar, Li, Mn, PGM, Sn, Ta, tourmaline, Zn), 6.7 ha, Luapula/Milenge, Approved. MMMD 84th MLC: 38820-HQ-AMR (Au, Cu, GEM), 6.69 ha, Northern/Mpika, Approved. CSV records 2 licences, 13 ha, Gold/Gemstones/Copper - Au, GEM (gemstones) and Cu all present in both, and the areas sum to 13.4 ha.","https://www.mmmd.gov.zm/?p=4013 | https://www.mmmd.gov.zm/?p=3780"
"Equitable Zambian Mining and Minerals Cooperative Society","medium","Siavonga","Southern",,,,,"yes","no","MMMD notice on the 70th and 71st MLC meetings (Feb-Mar 2023) lists 'Equitable Zambian Mining and Minerals Cooperative Society (100%)', Southern/Siavonga, AMR 30668-HQ-AMR. The source name has no 'Limited' so it maps to this target row rather than the near-duplicate 'Equitable Zambian Mining and Minerals Cooperative Society Limited' also in the target list; the two rows very likely describe the same society holding separate licences. Medium confidence on which row the district belongs to.","https://www.mmmd.gov.zm/?p=2555"
"Equitable Zambian Mining and Minerals Cooperative Society Limited","low","Siavonga","Southern",,,,,"yes","no","District/province inferred from the near-identical target row 'Equitable Zambian Mining and Minerals Cooperative Society' (no 'Limited'), which MMMD's 70th/71st MLC notice places in Southern/Siavonga with AMR 30668-HQ-AMR. No separate MLC entry carrying the exact 'Limited' form was found, so this is an inference from the sibling row, not a direct source. Treat the location as provisional.","https://www.mmmd.gov.zm/?p=2555"
"Fair People Multi-Purpose Cooperative Society Limited","high","Chibombo","Central",,,,,"yes","no","Exact name match in MMMD MLC 81st meeting results. AMR 37853-HQ-AMR, Central/Chibombo, with an extensive mineral list consistent with the target's Coal/Cobalt/Citrine. Same district as Musokontwelele and Mutabi Mutanzi cooperatives.","https://www.mmmd.gov.zm/?p=2923"
"Faith Womens Mining Cooperative Society Limited","high","Chibombo","Central",,,,,"yes","no","Exact reconciliation with the CSV. MMMD 80th and 81st MLC: artisanal mining rights 37796-HQ-AMR (amethyst, Au, Cu, diamond, emerald, Fe, garnet, Li, QTZ, ruby, tourmaline) and 37797-HQ-AMR (Au, Cu, emerald, Fe, Li, QTZ, tourmaline), 6.62 ha each, Central/Chibombo, both Approved. CSV records 2 licences, 13 ha, Gold/Iron Ore/Quartz - Au, Fe and QTZ all present, 2 x 6.62 = 13.2 ha. A women's cooperative working gemstone and gold ground.","https://www.mmmd.gov.zm/?p=2923 | https://www.mmmd.gov.zm/?p=2849"
"Farmers Development Cooperaative Union Society Limited","high","Mwinilunga; Chinsali","North Western; Northern",,,,,"yes","no","Operates in two provinces, and the areas reconcile to the CSV: North Western/Mwinilunga 35168-HQ-AMR (Au/Co/Cu, 20.6735 ha; Approved 86th MLC, later Rejected at 91st) plus Northern/Chinsali 39395, 39396, 39397, 39398, 39401-HQ-AMR (Au/Cu, 6.71 ha each, Approved 84th MLC). CSV records 5 licences, 34 ha, Gold/Copper - 20.67 ha + two 6.71 ha rights = 34.1 ha, and Au/Cu matches exactly. Also listed with the spelling variant 'Farmers`s Development Cooperative Union Society Limited' (35167/35169-HQ-AMR, Mwinilunga). Despite 'Union' in the name this is a primary cooperative society, not a cooperative union parent body, so parent_union is left null.","https://www.mmmd.gov.zm/?p=6170 | https://www.mmmd.gov.zm/?p=4061 | https://www.mmmd.gov.zm/?p=3780 | https://www.mmmd.gov.zm/?p=2626 | https://www.mmmd.gov.zm/?p=2618"
"Feedstock and Nutrition Manufactures Co-operative Society Limited","high","Chinsali","Northern",,,,,"yes","no","Exact reconciliation with the CSV. MMMD 84th MLC: artisanal mining rights 39400, 39402, 39404, 39405 and 39406-HQ-AMR - five licences, all Au/Cu, all 6.71 ha, Northern/Chinsali, all Approved. CSV records 5 licences, 34 ha, Gold/Copper (5 x 6.71 = 33.6 ha). Observation only: these licence numbers interleave with 39395-39401 held by 'Farmers Development Cooperaative Union Society Limited' in the same district at the same MLC sitting; the two societies were plainly processed together, but no source evidences a formal relationship, so none is asserted.","https://www.mmmd.gov.zm/?p=3780"
"Fisanamano Multi-Purpose Co-operative Society Limited","high","Mansa","Luapula",,,,,"yes","no","Name match in the MMMD Extra Ordinary MLC results (27 Oct 2023). AMR 35598-HQ-AMR. Minerals gold, copper, manganese - matches the target's Manganese/Gold/Copper.","https://www.mmmd.gov.zm/?p=2626"
"Fitwama Mining Cooperative Society","high",,,,,,"no","no","Identity certain (exact name) but NOT located. Appears only in the MMMD notice cancelling non-compliant mining rights: small-scale mining licence 7258-HQ-SML, CANCELLED, non-compliant. That notice has no district column. The low licence number indicates a pre-2023 grant, and the published MLC archive starts at the 70th meeting (Feb 2023), so no district is recoverable - a documented negative. Web search for 'Fitwama Mining' returns no results.","https://www.mmmd.gov.zm/?p=2787"
"Front Page Multi-Purpose Cooperative Society Limited","high","Chinsali; Siavonga","Northern; Southern",,,,,"yes","no","Two widely separated licence areas, matching the CSV's count of 2. MMMD 80th MLC: artisanal mining right 37283-HQ-AMR (amethyst, Au, malachite, Fe, Mn, MS), 6.72 ha, Northern/Chinsali, Approved. MMMD 70th/71st MLC: 30667-HQ-AMR, Southern/Siavonga, Approved. Partial mineral agreement only: the CSV's Clay (General)/Mineral Sands/Feldspar shares MS (mineral sands) with the MMMD list but not clay or feldspar. District is therefore given for both licence areas rather than resolved to one.","https://www.mmmd.gov.zm/?p=2849 | https://www.mmmd.gov.zm/?p=2555"
"Fyakufolobolafye Mining Cooperative Society Limited","high","Mpika","Northern",,,"Mutwe Wa Ngombe Gold Mine, Chief Mukwikile's customary area, Mpika District",,"yes","no","The best-documented society in this batch, with independent press corroboration. MMMD: artisanal mining rights 35850-HQ-AMR (Au; 6.7114 ha) and 39860-HQ-AMR (amethyst, Au, Cu, diamond, Fe, feldspar, Mn; 6.69 ha), Northern/Mpika - 35850 deferred Nov 2023 then Approved at the 81st MLC, 39860 deferred at the 85th and Rejected at the 86th. CSV records 2 licences, 13 ha, Gold/Silver/Zinc; areas sum to 13.4 ha and gold matches. Phoenix FM (17 Oct 2025) reports the cooperative's licensed area is the Mutwe Wa Ngombe Gold Mine in Mpika District and that it was blocked from operating pending customary consent from Chief Mukwikile; the Mukwikile Chiefdom Trust denied refusing access. The only person named in that report, Thomas Ng'andu, is Acting Spokesperson of the Mukwikile Chiefdom Trust - NOT an officeholder of this cooperative - so officeholder is left null.","https://www.mmmd.gov.zm/?p=4061 | https://www.mmmd.gov.zm/?p=4013 | https://www.mmmd.gov.zm/?p=2923 | https://www.mmmd.gov.zm/?p=2626 | https://phoenixfm.co.zm/mukwikile-chiefdom-trust-dismisses-allegations-of-denying-cooperatives-mining-access/"
"golden silk multi-purpose co-operative society limited","high","Chongwe","Lusaka",,,,,"yes","no","Exact name match (lowercase in the source too) in MMMD MLC 79th meeting results. AMR 37575-HQ-AMR. Minerals: gold, copper, manganese - matches the target's Manganese/Gold/Copper. Chongwe/Lusaka Province, part of a cluster with Rufunsa Green (37588), Mpavu (33661) and People's Multi-Purpose (37032).","https://www.mmmd.gov.zm/?p=2794"
"Graspers  Multi- Purpose Co-Operative Society Limited","high","Mkushi","Central",,,,,"yes","no","Identity certain - the distinctive name 'Graspers' appears once in the archive. MMMD Extra Ordinary Dec 2023 MLC: artisanal mining right 36484-HQ-AMR, commodity Au only, 6.6262 ha, Central/Mkushi, APPROVED, matching the CSV's count of 1 licence at 7 ha. Honest caveat: the CSV's minerals (Iron Ore/Lead/Zinc) do NOT match the MMMD entry's gold, so the mineral cross-check fails even though the name and licence count agree.","https://www.mmmd.gov.zm/?p=2626"
"Hanuunka Mining Cooperative Society LIMITED","not_found",,,,,,"no","no","Not found. All 22 online MMMD MLC notices plus the cancellation and default notices were searched - no match. General web searches return no page mentioning this society. The target's Sandstone/Stone/Sand and Gravel commodities suggest a quarry operation, which would normally file a ZEMA environmental project brief carrying proponent contact details, so ZEMA's document archive is the most promising next step - but ZEMA's project-brief listing pages returned HTTP 404 during this sweep and could not be browsed. Route of last resort: Registrar of Cooperatives, 9th Floor New Government Complex, Nasser Road, Lusaka, tel [Registrar of Cooperatives line: see private/dataset/asm_outreach_channels.csv](government office, not the society's own).",
"Happening Multi-purpose Co-operative Society Limited","not_found",,,,,,"no","no","Not found. All 22 online MMMD MLC notices plus the cancellation and default notices were searched - no match. General web searches return no page mentioning this society; the common-word name makes keyword search especially unproductive. The online MLC archive begins only with the 70th meeting (February 2023). Route of last resort: Registrar of Cooperatives, 9th Floor New Government Complex, Nasser Road, Lusaka, tel [Registrar of Cooperatives line: see private/dataset/asm_outreach_channels.csv](government office, deliberately not placed in office_phone).",
"Havillah Multi-purpose Co-operative Limited","high","Mpika","Northern",,,,,"yes","no","Exact name match in MMMD MLC 84th meeting results. AMR 38725-HQ-AMR. Minerals: gold, cobalt, copper, gemstones - matches the target's Gemstones/Gold/Cobalt.","https://www.mmmd.gov.zm/?p=3780"
"Helment Boot-Mining Multi-purpose Cooperative Society Limited","high","Kalomo","Southern",,,,,"yes","no","Exact name match in MMMD MLC 75th meeting results. AMR 32993-HQ-AMR, Southern/Kalomo. Target commodities Mica/Lithium/Tantalum indicate a pegmatite operation.","https://www.mmmd.gov.zm/?p=2618"
"Hillpot Mining Multipurpose Cooperative","not_found",,,,,,"no","no","Not found. All 22 online MMMD MLC notices plus the cancellation and default notices were searched - no match. General web searches return no page mentioning this society. The online MLC archive begins only with the 70th meeting (February 2023). Route of last resort: Registrar of Cooperatives, 9th Floor New Government Complex, Nasser Road, Lusaka, tel [Registrar of Cooperatives line: see private/dataset/asm_outreach_channels.csv](government office, deliberately not placed in office_phone).",
"Ikondo Mining Cooperative Society (IMCS)","high","Chongwe","Lusaka",,,,,"yes","no","MMMD 70th/71st MLC results: artisanal mining rights 31238 and 31239-HQ-AMR, Lusaka/Chongwe, both Approved - two licences, matching the CSV's count of 2 at 13 ha. The MMMD notice reproduces the acronym form 'Ikondo Mining Cooperative Society (IMCS)' exactly as in the CSV, making the identification certain. That notice prints no commodity column, so the CSV's Gold/Zinc/Copper could not be cross-checked. Web search for the name returns no results.","https://www.mmmd.gov.zm/?p=2555"
"Ilola Datamuka Multi Purpose Co-operative Limited","high","Mwinilunga","North Western",,,,,"yes","no","Exact name match in MMMD MLC 75th meeting results. AMR 34316-HQ-AMR, North Western/Mwinilunga. Distinct from 'Ilola Investments Limited', an unrelated company holding large-scale exploration licences in several provinces - do not conflate the two when searching.","https://www.mmmd.gov.zm/?p=2618"
"Jach Multi-Purpose Cooperative","high","Mansa","Luapula",,,,,"yes","no","Exact name match in MMMD MLC 74th meeting results (3-4 Aug 2023). AMR 34333-HQ-AMR. One of several target cooperatives concentrated in Mansa district, Luapula Province.","https://www.mmmd.gov.zm/?p=2598"
"Jesu Multi Purpose Cooperative Society Limited","high","Mumbwa","Central",,,,,"yes","no","Name match in the MMMD Extra Ordinary MLC results (27 Oct 2023). AMR 32792-HQ-AMR. Minerals gold and copper - matches the target's Gold/Copper. Distinct from the individual applicant 'Jesu Banda' (33948-HQ-AMR, Northern/Mpika) in MLC 82 - do not conflate.","https://www.mmmd.gov.zm/?p=2626"
"Jungle Lion Mining Co-operative","high","Petauke","Eastern",,,,,"yes","no","Exact name match in MMMD MLC 77th meeting results. AMR 34868-HQ-AMR. Minerals: gold, cobalt, copper - matches the target's Gold/Copper/Cobalt exactly.","https://www.mmmd.gov.zm/?p=2675"
"Kabipupu Multi Purpose Co-operative Society Limited","medium","Solwezi","North Western",,,,,"yes","no","MMMD MLC 73rd meeting lists 'Kabipupa Multi-Purpose Co-operative Society Ltd', North Western/Solwezi, AMR 34075-HQ-AMR. One-vowel spelling difference (Kabipupa vs Kabipupu) and the MLC entry does not itemise minerals, so the target's Silica/Stone/Sand and Gravel could not be cross-checked. Medium confidence - almost certainly the same society but not independently confirmed.","https://www.mmmd.gov.zm/?p=2583"
"kachiba-biyo Multipurpose Cooperative Society","high","Kalomo","Southern","38322-HQ-AMR (an earlier right, 33672-HQ-AMR, was approved to the same name in the same district)",,,,"yes","no","Exact name match, including the lower-case 'kachiba-biyo' rendering, in two notices. Southern Province, Kalomo District in both. The 81st MLC (31 Jul 2024, window 9 Sep 2024) approved 38322-HQ-AMR at 6.5200 ha with commodities AMT, AQM, Be3Al2(SiO3)6 (beryl), FLD, GAR, GEM, Li, Sn, Ta - this confirms all three CSV commodities (Lithium = Li, Gemstones = GEM, Tin = Sn) and the hectares (7 rounded from 6.52). The 75th MLC had earlier approved 33672-HQ-AMR to the same society in the same district (no commodity column published). The CSV records only 1 licence, so 38322-HQ-AMR is the live right and 33672 is presumed superseded or relinquished - recorded here so the second code is not mistaken for a different society. No contacts exist in any public source.","https://web.archive.org/web/20250214120733/https://www.mmmd.gov.zm/?p=2923 | https://web.archive.org/web/20240423180313/https://www.mmmd.gov.zm/?p=2618"
"Kachoma Mining Cooperative Society Limited","high","Kalomo","Southern","40167-HQ-AMR",,,,"yes","no","Exact name match at the 87th MLC (7 May 2025, window 16 Jun 2025). Artisanal Mining Right 40167-HQ-AMR, 1.9600 cadastral units, Southern Province, Kalomo District, Approved. Commodities published as Ag, AMT, AQM, Au, Co, COA, Cu, Fe, Mn, Ni, Sn, Ta, TML, Zn - this confirms all three CSV commodities (Silver = Ag, Nickel = Ni, Manganese = Mn), plus licence count (1) and area (CSV 2 ha, notice 1.96 CU). Name is unique across the MLC index. Joins the Kalomo cluster in this batch alongside Tunjile, Tusuwa, kachiba-biyo, City Multipurpose and Doug Morgar. No contacts exist in any public source.","https://web.archive.org/web/20260418231600/https://www.mmmd.gov.zm/?p=4069"
"Kadesh Multi Purpose Cooperative Society Limited","high","Kapiri Mposhi","Central","26663-HQ-AMR",,,,"yes","no","Artisanal Mining Right 26663-HQ-AMR, Central Province, Kapiri Mposhi District. Deferred at the 72nd MLC (17-22 May 2023) as 'Kadesh Multi-Purpose Cooperative Society Ltd', then approved at the 73rd MLC (29-30 Jun 2023, window 24 Aug 2023) as 'Kadesh Multi-Purpose Cooperative Society Limited'. Name is an exact match and the licence count (1) matches. MINERALS CAVEAT: neither the 72nd nor the 73rd notice publishes a commodity or area column, so the CSV's Feldspar/Clay and 7 ha could not be cross-checked; district/province are firm. No office phone, email, postal address, officeholder or Facebook page exists in any public source.","https://web.archive.org/web/20250124032724/https://www.mmmd.gov.zm/?p=2559 | https://web.archive.org/web/20241113140812/https://www.mmmd.gov.zm/?p=2583"
"Kafunyi Mining Multi purpose Cooperative Society Limited","high","Mwinilunga","North Western","29638-HQ-AMR",,,,"yes","no","Exact name match, right down to the lower-case 'purpose' in 'Multi purpose', in the reminder notice on the results of the 70th and 71st MLC meetings of February and March 2023 (window 16 Jun 2023): Artisanal Mining Right 29638-HQ-AMR, North Western Province, Mwinilunga District, Approved. Licence count (1) matches and the name is unique across the MLC index. This is the oldest grant in the batch and sits right at the edge of the archive - the 70th meeting is where MMMD's published MLC record begins. MINERALS CAVEAT: the 70th/71st reminder notice publishes no commodity or area column, so the CSV's Gold/Copper and 3 ha are unverified; district and province are firm. No contacts exist in any public source.","https://web.archive.org/web/20250214105424/https://www.mmmd.gov.zm/?p=2555"
"KAFWA MULT-PURPOSE CO-OPERATIVE SOCIETY LIMITED","high","Chinsali","Northern","37331-HQ-AMR",,,,"yes","no","Exact name match (including the 'MULT-PURPOSE' misspelling) at the 80th MLC meeting, 6-7 and 10 Jun 2024, window 19 Jul 2024. Artisanal Mining Right 37331-HQ-AMR, 6.7100 ha, Northern Province, Chinsali District, Approved. Commodities published as AMT (amethyst), Au, Cu, MS (mineral sands) - this confirms all three CSV commodities (Gold/Mineral Sands/Amethyst) plus licence count (1) and hectares (7 rounded from 6.71). No contacts exist in any public source.","https://web.archive.org/web/20240807050119/https://www.mmmd.gov.zm/?p=2849"
"Kajila-Nkeke Mining Multi-Purpose Co-Operative Society Limited","high","Solwezi","North Western","36263-HQ-AMR",,,,"yes","no","Exact name match in MMMD Mining Licensing Committee results. Artisanal Mining Right 36263-HQ-AMR, 6.6935 ha, North Western Province, Solwezi District. Approved at the Extra Ordinary MLC sitting of 27 Oct 2023 (window 6 Dec 2023) and re-listed as approved at the 80th MLC (19 Jul 2024). Commodities published as Ag, Au, Co, Cu, Fe, KYN (kyanite), MGS (magnesite), Ni, QTZ, REE - this confirms the CSV's Nickel/Magnesite/Quartz on all three, plus licence count (1) and hectares (7 rounded from 6.6935). No office phone, email, postal address, officeholder or Facebook page exists in any public source: the society registers with the Registrar of Cooperatives (outside PACRA) and its 6.69 ha artisanal right is below ZEMA's EIA threshold, so no EIS was ever filed. Sector-level channels only (ZFCM; Registrar of Cooperatives). Explicit NON-matches ruled out: Kajila Mabembe Mining Limited (28597-HQ-SEL, 39458/39468-HQ-SML, Mufumbwe) and Marko Kajilambinga (26776-HQ-AMR, individual).","https://web.archive.org/web/20240423173009/https://www.mmmd.gov.zm/?p=2626 | https://web.archive.org/web/20240807050119/https://www.mmmd.gov.zm/?p=2849"
"Kakafita Multi-Purpose Co-Operative Society Limited","high","Kasempa","North Western","36199-HQ-AMR",,,,"yes","no","Exact name match at the Extra Ordinary MLC sitting of 27 Oct 2023, window 6 Dec 2023. Artisanal Mining Right 36199-HQ-AMR, 6.6521 ha, North Western Province, Kasempa District, APPROVED. Commodities published as Co, Cu, Fe, Zn - this confirms all three CSV commodities (Iron Ore = Fe, Zinc = Zn, Cobalt = Co), plus licence count (1) and hectares (7 rounded from 6.6521). Name is unique across the whole MLC index. No contacts exist in any public source.","https://web.archive.org/web/20240423173009/https://www.mmmd.gov.zm/?p=2626"
"Kalomona Mining Cooperative Society Limited","high","Kasempa","North Western",,,,,"yes","no","Exact reconciliation with the CSV. MMMD Extra Ordinary Dec 2023 MLC: artisanal mining rights 36394 and 36395-HQ-AMR, sole commodity QTZ (quartz), 6.6617 and 6.6605 ha, North Western/Kasempa, both Approved. CSV records 2 licences, 13 ha, Quartz - sole commodity matches, areas sum to 13.3 ha. NOTE the district is Kasempa in North Western Province, NOT Kalomo in Southern Province, despite the similarity of the society's name to 'Kalomo'.","https://www.mmmd.gov.zm/?p=2626"
"Kalonga Community Muilti-Purpose Co-operative Society","medium","Mambwe","Eastern","36153-HQ-AMR (also 36154-HQ-AMR, 36158-HQ-AMR under the 'Limited' variant of the name)",,,,"yes","no","Located to Eastern Province, Mambwe District with high confidence; the licence-code assignment is what keeps this at medium. The 75th MLC (27-29 Sep 2023, window 20 Nov 2023) approved 36153-HQ-AMR to 'Kalonga Community Multipurpose Cooperative Society' (no 'Limited', matching the CSV holder string) and 36158-HQ-AMR to 'Kalonga Community Multipurpose Cooperative Society Limited'; the Extra Ordinary sitting of 27 Oct 2023 approved 36154-HQ-AMR to the 'Limited' variant with Au, Cu at 6.6573 ha. All three sit in Eastern, Mambwe. CSV records only 1 licence for this holder, so 36153-HQ-AMR is the best fit. MINERALS CAVEAT: the CSV gives Silver/Tin/Zinc but the 75th MLC table has no commodity column at all, and the one Kalonga Community row that does publish commodities (36154) shows Au, Cu - so minerals are unverified and the sibling code's minerals disagree. Explicit NON-matches: 'Kalonga Youth Muilti-Purpose Co-operative Society' (36152, 36155, 36156, 36157-HQ-AMR, also Eastern/Mambwe) and 'Kalonga Youths Multi-purpose Co-operative Society Limited' (36813-HQ-AMR, Central, Kabwe) are separate societies. No contacts exist in any public source.","https://web.archive.org/web/20240423180313/https://www.mmmd.gov.zm/?p=2618 | https://web.archive.org/web/20240423173009/https://www.mmmd.gov.zm/?p=2626"
"Kalumbila Multi-purpose Cooperative Society","high","Chongwe","Lusaka","35486-HQ-AMR",,,,"yes","no","Exact name match (no 'Limited', as in the CSV) at the 75th MLC (27-29 Sep 2023, window 20 Nov 2023). Artisanal Mining Right 35486-HQ-AMR, Approved. IMPORTANT - the location is Lusaka Province, Chongwe District, NOT Kalumbila/North Western as the name would suggest; the society name does not track its licence area. Licence count (1) matches. The CSV's Limestone (General)/Iron Ore/Anhydrite is independently consistent with Chongwe District, which is Zambia's main limestone and anhydrite belt, though the 75th MLC table publishes no commodity column so this is corroboration rather than confirmation. Explicit NON-MATCH: 'Kalumbila Small Scale Mining Limited' (28259-HQ-SEL) appears in the default notice and was Cancelled - Non Compliant in the MLC cancellation notice; that is a separate limited company. No contacts exist in any public source.","https://web.archive.org/web/20240423180313/https://www.mmmd.gov.zm/?p=2618 | https://web.archive.org/web/20240517085647/https://www.mmmd.gov.zm/?p=2787"
"Kamaluba Youth Mult-purpose Cooperative Society Limited","medium",,"34171-HQ-AMR",,,,"no","no","LICENCE RESOLVED BUT NOT PLACED. Exact name match (including the 'Mult-purpose' misspelling) at the 74th MLC meeting, 3-4 Aug 2023, window 15 Sep 2023: Artisanal Mining Right 34171-HQ-AMR, Approved. DOCUMENTED NEGATIVE on district/province: the 74th MLC notice left the LOCATION cell physically blank for the first nine rows of its Artisanal Mining Rights table (rows 1-9, including this one and Chisokota at row 3) - this is a defect in the published notice, not a parsing failure. The society appears in no other MLC notice from the 70th to the 88th meeting, and the 82nd, 86th and 89th-91st notices are absent from the Wayback Machine, so no alternative placement is available. MINERALS CAVEAT: the 74th notice publishes no commodity or area column either, so Iron Ore/Lead/Silver and 7 ha are unverified. No contacts exist in any public source.","https://web.archive.org/web/20241012062456/https://www.mmmd.gov.zm/?p=2598"
"Kambishi Multi-purpose Co-operative Society Limited","none",,,,,,"no","no","DOCUMENTED NEGATIVE: could not be placed. The society does not appear in any of the 26 published MMMD notices, which together comprise every Mining Licensing Committee results notice from the 70th and 71st meetings (Feb-Mar 2023) through the 91st (Oct 2025), plus the Extra Ordinary sitting of 27 Oct 2023, the 2023 default notice for non-compliance and the MLC cancellation notice. Searched on 'Kambishi', 'Kambish', 'ambishi' and a fuzzy 'Kamb.*operative' pattern across all 15,849 parsed table rows: zero hits. The most likely reason is that this artisanal right was granted before the 70th meeting of February 2023, which is where the online MLC archive begins, so no notice covers it. Ruled out as a false match: 'Chambishi Milling Company Limited' and 'Chambishi Copper Smelter Limited' contain the 'ambishi' substring but are unrelated large-scale companies, and Chambishi is a Copperbelt town, not this society. Register minerals Emerald/Copper/Cobalt and 7 ha could not be corroborated against any source. No contacts exist for this population.","https://www.mmmd.gov.zm/?s=MINING+LICENSING+COMMITTEE: full MMMD Mining Licensing Committee notice index, all 26 notices searched"
"Kamdothi Mining Cooperative","high","Chadiza","Eastern",,,,,"yes","no","MMMD 75th MLC: artisanal mining right 32826-HQ-AMR, Eastern/Chadiza, Approved - one licence, matching the CSV's count of 1 at 7 ha, and the name is reproduced exactly. That notice prints no commodity column, so the CSV's Silver/Tourmaline/Gold could not be cross-checked.","https://www.mmmd.gov.zm/?p=2618"
"Kamuselula Mining Co- operative Society Limited","high","Solwezi","North Western",,,,,"yes","no","Name match (target has a stray space in 'Co- operative') in MMMD MLC 85th meeting results. AMR 36313-HQ-AMR. Minerals: silver, gold, cobalt, copper, zinc - consistent with the target's Silver/Zinc/Gold.","https://www.mmmd.gov.zm/?p=4013"
"Kamwambizi Small Scale Miners Co-operative Society Limited","high","Nyimba","Eastern",,,,,"yes","no","MMMD 72nd MLC: listed as 'Kamwambizi Small Scale Miners Co-operative Society Ltd' holding artisanal mining right 32382-HQ-AMR, Eastern/Nyimba, Approved - one licence, matching the CSV's count of 1 at 7 ha. That notice prints no commodity column. IMPORTANT: the CSV separately lists 'Kamwambizi Small Scale Mines Mining Cooperative Society', which holds the adjacent licence 32383-HQ-AMR in the same district (73rd MLC). These are two distinct CSV entries and two distinct licences; do not merge them. Any relationship between the two bodies is unevidenced, so none is asserted. Both licences also appear in the MMMD public default notice of 18 June 2025.","https://www.mmmd.gov.zm/?p=2559 | https://www.mmmd.gov.zm/wp-content/uploads/2025/06/Final-Public-Default-Notice_18062025-updated.pdf"
"Kamwambizi Small Scale Mines Mining Cooperative Society","high","Nyimba","Eastern",,,,,"yes","no","Exact name match in MMMD MLC 73rd meeting results. AMR 32383-HQ-AMR. Approved with a window period to 24 August 2023.","https://www.mmmd.gov.zm/?p=2583"
"Kaole New  Dawn Mining Multipurpose  Cooperative Society Limited","high","Mansa","Luapula",,,,,"yes","no","Name match in the MMMD Extra Ordinary Mining Licensing Committee results (27 Oct 2023), listed as 'Kaole New Dawn Mining Multipurpose Cooperative Society Limited' (the target row carries doubled spaces). AMR 34375-HQ-AMR. Minerals copper and manganese - matches the target's Manganese/Copper exactly. One of six target cooperatives in Mansa district, Luapula Province.","https://www.mmmd.gov.zm/?p=2626"
"Kapanda Maano Multi- Purpose Co-operative Society Limited","not_found",,,,,,"no","no","Not found. Every MMMD Mining Licensing Committee notice published online was searched for this name: the 70th/71st reminder, 72nd, 73rd, 74th, 75th, Extra Ordinary (Oct 2023), 76th, 77th, 78th, 79th, 80th, 81st, 82nd, 83rd, 84th, 85th, 86th, 87th, 88th, 89th, 90th and 91st meeting results, plus the MLC cancellation notice and the default notice for non-compliance. No match. General web searches return no page mentioning this society at all. The online MLC archive only begins with the 70th meeting (February 2023), so a licence granted earlier would leave no trace there. Authoritative route for all rows in this batch: the Registrar of Cooperatives / Department of Cooperatives, 9th Floor New Government Complex, Nasser Road, Lusaka (P.O. Box 31968), tel [Registrar of Cooperatives line: see private/dataset/asm_outreach_channels.csv] a government office, deliberately NOT recorded in the office_phone field, which is reserved for the cooperative's own office.",
"Kasafya Youth Multi-purpose Co-operative Society Limited","high","Kawambwa","Luapula",,,,,"yes","no","Minerals match exactly. MMMD Extra Ordinary Dec 2023 MLC: artisanal mining right 35765-HQ-AMR, commodities Co, Cu, Mn, Luapula/Kawambwa, APPROVED (area not printed in the notice). CSV records 1 licence, 7 ha, Manganese/Copper/Cobalt - identical mineral set.","https://www.mmmd.gov.zm/?p=2626"
"Katotebujo Mullti-Purpose Co-operative Limited","high","Mufumbwe","North Western",,,,,"yes","no","Exact name match including the 'Mullti' typo in MMMD MLC 84th meeting results. AMR 39191-HQ-AMR. Minerals: silver, gold, cobalt, copper, diamond, iron, manganese - consistent with the target's Iron Ore/Manganese/Silver.","https://www.mmmd.gov.zm/?p=3780"
"Katuzumanana Mining Co-operative Society Limited","high","Mumbwa","Central",,,,,"yes","no","Exact name match in MMMD MLC 83rd meeting results. AMR 39020-HQ-AMR. Sole mineral listed is gold - matches the target's Gold-only entry.","https://www.mmmd.gov.zm/?p=3515"
"Kauzu Nkhunzi Mining Cooperative Society Limited","high","Chipata","Eastern",,,,,"yes","no","Exact name match in MMMD MLC 89th meeting results (02 Jul 2025). AMR 40780-HQ-AMR. Minerals: gold, copper, emerald, quartz, tourmaline - consistent with the target's Quartz/Tourmaline/Gold.","https://www.mmmd.gov.zm/?p=5497"
"Kennados Mining Ventures Co-operative Society Limited","high","Siavonga","Southern",,,,,"yes","no","Exact name match in MMMD MLC 84th meeting results (12 Dec 2024). AMR 38676-HQ-AMR. Minerals: beryl, fluorite, feldspar, silica, tin, tantalum - matches the target's Silica/Tantalum/Tin. Consecutive licence number with Nabasuntwe Mining Ventures Co-operative (38677-HQ-AMR, also Siavonga) indicates the two societies filed together and are probably linked.","https://www.mmmd.gov.zm/?p=3780"
"Kilobo Multi-purpose Cooperative Society Limited","not_found",,,,,,"no","no","Not found. All 22 online MMMD MLC notices plus the cancellation and default notices were searched - no match. General web searches return no page mentioning this society. The online MLC archive begins only with the 70th meeting (February 2023). Route of last resort: Registrar of Cooperatives, 9th Floor New Government Complex, Nasser Road, Lusaka, tel [Registrar of Cooperatives line: see private/dataset/asm_outreach_channels.csv](government office, deliberately not placed in office_phone).",
"Kozoo mining multi -purpose cooperative society Limited","not_found",,,,,,"no","no","Not found. All 22 online MMMD MLC notices plus the cancellation and default notices were searched - no match. General web searches return no page mentioning this society. The online MLC archive begins only with the 70th meeting (February 2023). Route of last resort: Registrar of Cooperatives, 9th Floor New Government Complex, Nasser Road, Lusaka, tel [Registrar of Cooperatives line: see private/dataset/asm_outreach_channels.csv](government office, deliberately not placed in office_phone).",
"Kudinkaku Multi-Purpose Society Limited","high","Mwinilunga","North Western",,,,,"yes","no","Exact name match in MMMD MLC 81st meeting results. AMR 29595-HQ-AMR. Minerals: gold, cobalt, copper, iron, limestone, manganese, lead, zinc - matches the target's Limestone (General)/Lead/Zinc.","https://www.mmmd.gov.zm/?p=2923"
"KUKUMBA NA KULIMA MULTI-PURPOSE CO-OPERATIVE SOCIETY LIMITED","high","Chibombo","Central","40436-HQ-AMR",,,,"yes","no","Exact name match at the 87th MLC (7 May 2025, window 16 Jun 2025). Artisanal Mining Right 40436-HQ-AMR, 1.9800 cadastral units, Central Province, Chibombo District, Approved. Commodities published as Ag, Au, Co, Cu, GAR, GEM, Gr tourm (green tourmaline), LST, Mn, Ni, Pd, Pt, Rh - this confirms all three CSV commodities (Palladium = Pd, Nickel = Ni, Manganese = Mn), plus licence count (1) and area (CSV 2 ha, notice 1.98 CU). The platinum-group listing (Pd, Pt, Rh) is unusual for an artisanal right and is what makes the commodity match distinctive. Name is unique across the MLC index. No contacts exist in any public source.","https://web.archive.org/web/20260418231600/https://www.mmmd.gov.zm/?p=4069"
"Kwetu Multi Purpose Co-operative Society Limited","high","Chibombo","Central",,,,,"yes","no","Exact name match in MMMD MLC 91st meeting results (08 Oct 2025). Artisanal Mining Right 33069-HQ-AMR. Minerals gold and quartz - consistent with the target's Quartz/Gold.","https://www.mmmd.gov.zm/?p=6170"
"KYASALAULA MULTIPURPOSE CO-OPERATIVE SOCIETY","high","Mufumbwe","North Western",,,,,"yes","no","Exact reconciliation with the CSV. MMMD 87th MLC: artisanal mining rights 40066-HQ-AMR (Au, Cu, Fe, Zn) and 40067-HQ-AMR (Au, Cu, Ni, Zn), 6.6439 ha each, North Western/Mufumbwe, both Approved. CSV records 2 licences, 13 ha, Zinc/Gold/Copper - Zn, Au and Cu all present, 2 x 6.6439 = 13.3 ha. Earlier listed as 'Kyasalaula Multi-Purpose Co-operative Society Limited' holding 35881-HQ-AMR in the same district (Extra Ordinary Dec 2023 MLC). Web search returns no results.","https://www.mmmd.gov.zm/?p=4069 | https://www.mmmd.gov.zm/?p=2626"
"Kyasalaula Multi-Purpose Co-operative Society Limited","high","Mufumbwe","North Western",,,,,"yes","no","Name match in the MMMD Extra Ordinary MLC results (27 Oct 2023). AMR 35881-HQ-AMR. Minerals gold, copper, emerald, nickel, quartz - matches the target's Nickel/Quartz/Gold. Same district as Katotebujo Mullti-Purpose Co-operative (Mufumbwe, North Western).","https://www.mmmd.gov.zm/?p=2626"
"Kyuulu Mutezhi Multi-purpose Co-operative Society Limited","high","Solwezi","North Western",,,,,"yes","no","Exact name match in MMMD MLC 85th meeting results. AMR 39947-HQ-AMR. Minerals include gold, cobalt, copper, diamond, emerald, iron, manganese, zinc - consistent with the target's Iron Ore/Gold/Zinc.","https://www.mmmd.gov.zm/?p=4013"
"Lavuponde Multi - Cooperative Society Limited","high","Mpika","Northern",,,,,"yes","no","Name match in MMMD MLC 83rd meeting results, listed as 'Lavuponde Multi - Cooperative Society Limited (100%)'. AMR 37599-HQ-AMR. Minerals: amethyst, gold, copper, emerald, iron, manganese - consistent with the target's Gold/Iron Ore/Manganese.","https://www.mmmd.gov.zm/?p=3515"
"Lead Way Youth Multi Purpose Cooperative Society Limited","high","Mumbwa","Central",,,,,"yes","no","Exact three-way reconciliation with the CSV. MMMD: small-scale exploration licence 34377-HQ-SEL, commodity Cu, 33.0043 ha, Central/Mumbwa - DEFERRED at the Nov 2023 MLC, Approved at the 81st MLC (Sept 2024). CSV records 1 licence, 33 ha, Copper. Unusually for this population it holds an exploration licence rather than a ~6.6 ha artisanal right, which is why the area is so much larger than its peers.","https://www.mmmd.gov.zm/?p=2923 | https://www.mmmd.gov.zm/?p=2626"
"Learn To Share Mining Co-Operative Society Limited","medium",,,,,,"no","no","Graded medium, not high: MMMD 75th MLC lists 'Learn to Share Mining' holding artisanal mining right 36409-HQ-AMR, Approved, but the name is truncated in the notice, that row prints neither district nor commodities, and only 1 of the CSV's 3 licences could be traced. Nothing therefore corroborates the identification beyond a partial name, and no location is recorded.","https://www.mmmd.gov.zm/?p=2618"
"LELO Mult-Purpose Co-operative Society Limited","none",,,,,,"no","no","Documented negative. No occurrence of 'lelo' in any of the 22 published MMMD MLC notices, and web search for the full name returns no results. Its 3 licences were most likely granted before the archive opens at the 70th MLC meeting (Feb 2023). The short name also makes it effectively unsearchable.",
"Libra Mining Multi-Purpose Cooperative Society Limited","high","Mumbwa","Central",,,,,"yes","no","Minerals match exactly. MMMD artisanal mining rights 34246, 34247, 34475, 34517 and 34518-HQ-AMR, all commodities LST/QTZ/SIL (limestone, quartz, silica), ~6.6 ha each, Central/Mumbwa; Approved at the 75th, 78th and 81st MLC, with 34246 DEFERRED again at the 91st. CSV records 4 licences, 26 ha, Quartz/Silica/Limestone (General) - identical mineral set, and 4 x 6.6 = 26.4 ha. CAUTION: 'Libra Mining Limited' (mineral processing licence 38440-HQ-MPL, gold, same district) is a separate limited company; no source evidences a link to this cooperative.","https://www.mmmd.gov.zm/?p=6170 | https://www.mmmd.gov.zm/?p=2923 | https://www.mmmd.gov.zm/?p=2785 | https://www.mmmd.gov.zm/?p=2618"
"Luapula Women In Extractive Mining Co-operative Society Limited","high","Mansa","Luapula",,,,,"yes","no","Exact name match in MMMD MLC 84th meeting results. AMR 34910-HQ-AMR. Minerals: gold, cobalt, copper, iron, manganese, quartz - matches the target's Iron Ore/Manganese/Quartz. A women's mining cooperative based in Mansa; likely reachable through Luapula provincial cooperative and women-in-mining structures.","https://www.mmmd.gov.zm/?p=3780"
"Lubalashi Co-operative Limited","high","Chongwe","Lusaka",,,,,"yes","no","MMMD 75th MLC: artisanal mining rights 33334 and 33338-HQ-AMR, Lusaka/Chongwe, both APPROVED - two licences, matching the CSV's count of 2 at 13 ha. That notice prints no commodity column, but the CSV's sole commodity, Limestone (General), is consistent with the Chongwe limestone belt. Web search returns only unrelated hits for the Lubalashi stream and a Rufunsa ward of that name.","https://www.mmmd.gov.zm/?p=2618"
"Luchisaka Mining and Development Cooperative Limited","not_found",,,,,,"no","no","Not found. All 22 online MMMD MLC notices plus the cancellation and default notices were searched - no match. General web searches return no page mentioning this society. The online MLC archive begins only with the 70th meeting (February 2023). Route of last resort: Registrar of Cooperatives, 9th Floor New Government Complex, Nasser Road, Lusaka, tel [Registrar of Cooperatives line: see private/dataset/asm_outreach_channels.csv](government office, deliberately not placed in office_phone).",
"Lugubbe Multi-Purpose Co-operative Society Limited","high","Choma","Southern",,,,,"yes","no","Exact reconciliation with the CSV. MMMD 82nd MLC: artisanal mining right 38404-HQ-AMR, commodities Au, Co, Cu, DOL, Fe, LST, MIC, QTZ, SIL, 6.56 ha, Southern/Choma, Approved. CSV records 1 licence, 7 ha, Mica/Limestone (General)/Silica - MIC (mica), LST (limestone) and SIL (silica) all present, and 6.56 ha rounds to 7.","https://www.mmmd.gov.zm/?p=3378"
"Luiri Miners Cooperative Society","high","Mumbwa","Central",,,,,"yes","no","MMMD artisanal mining rights 32385, 33049 and 33050-HQ-AMR (75th MLC) and 36942-HQ-AMR (78th MLC, Au/Cu, 6.6009 ha), all Central/Mumbwa, Approved. CSV records 3 licences, 20 ha, Gold/Copper/Silver - 3 x 6.6 = 19.8 ha and Au/Cu match. 'Luiri' is the historic Luiri Hill gold field in Mumbwa district, independently consistent with the licensed location. Licence 32385-HQ-AMR also appears in the MMMD public default notice of 18 June 2025, matching the CSV's default flag.","https://www.mmmd.gov.zm/?p=2785 | https://www.mmmd.gov.zm/?p=2618 | https://www.mmmd.gov.zm/wp-content/uploads/2025/06/Final-Public-Default-Notice_18062025-updated.pdf"
"Lukalia Mining Co-operative Society Limited","high","Mansa","Luapula",,,,,"yes","no","Exact reconciliation with the CSV. MMMD 83rd MLC: artisanal mining right 38634-HQ-AMR, commodities Au, Cu, Fe, gravel, feldspar, Mn, Sand, 6.71 ha, Luapula/Mansa, 'Condition Approved' (conditional approval). CSV records 1 licence, 7 ha, Manganese/Sand/Sugilite - Mn and Sand both present, and 6.71 ha rounds to 7.","https://www.mmmd.gov.zm/?p=3515"
"Lukamantano Youth Multi-Purpose Cooperative","high","Itezhi-Tezhi","Southern",,,,,"yes","no","MMMD 70th/71st MLC results: listed as 'Lukamantano Youth Mult-purpose Cooperative' holding artisanal mining right 27987-HQ-AMR, Southern/Itezhi Tezhi, Approved - one licence, matching the CSV's count of 1 at 7 ha. That notice prints no commodity column, so the CSV's Pyrite/Tin/Zinc could not be cross-checked. CAUTION: 'Lukamantano Energy Company Limited' (13,406 ha coal licence in Sinazongwe) is an unrelated company despite the shared name root, as is 'LUKAMANTANO AGRO SOLUTIONS'.","https://www.mmmd.gov.zm/?p=2555"
"LUKUNKA CENTRAL MULTI -PURPOSE CO-OPERATIVE SOCIETY LIMITED","high","Mumbwa","Central",,,,,"yes","no","Exact reconciliation with the CSV. MMMD 80th MLC: artisanal mining rights 37614 and 37615-HQ-AMR, commodities Au, Cu, Fe, 6.59 ha each, Central/Mumbwa, both Approved. CSV records 2 licences, 13 ha, Iron Ore/Gold/Copper - identical mineral set, 2 x 6.59 = 13.2 ha.","https://www.mmmd.gov.zm/?p=2849"
"Lumbeni Multi-purpose Co-operative Society Limited","high","Kabwe","Central",,,,,"yes","no","Exact reconciliation with the CSV. MMMD artisanal mining rights 38350-HQ-AMR (Au, Co, Cu, Fe, Mn, Pb, Zn; 82nd MLC) and 39462-HQ-AMR (Cu, Mn, Pb, Zn; 85th MLC), 6.63 ha each, Central/Kabwe, both Approved. CSV records 2 licences, 13 ha, Lead/Manganese/Zinc - Pb, Mn and Zn all present, 2 x 6.63 = 13.3 ha. Same district, area size and commodity suite as Twafwilishane MPCS, both on the Kabwe lead-zinc field.","https://www.mmmd.gov.zm/?p=4013 | https://www.mmmd.gov.zm/?p=3378"
"LUSAC BUILDERS MULTI- PURPOSE  CO-OPERATIVE SOCIETY LIMITED","none",,,,,,"no","no","Documented negative. No occurrence of 'lusac' in any of the 22 MMMD MLC notices; the only 'Builders' matches are unrelated companies (Builders Mining Corporation Limited, Landed Builders Construction Limited) which must not be conflated. Web search for 'LUSAC Builders' returns no results. Its 2 licences most likely predate the archive's start at the 70th MLC (Feb 2023).",
"Madibba Resources Multipurpose Cooperative Society","high","Kalomo","Southern",,,,,"yes","no","MMMD: artisanal mining rights 33612-HQ-AMR (75th MLC) and 38325-HQ-AMR (81st MLC, commodity AMT/amethyst, 6.52 ha), Southern/Kalomo, both Approved. CSV records 1 licence, 7 ha, Quartz/Radium/Nickel; amethyst is a quartz variety, so the mineral agreement is partial only. CAUTION: 'Madibba Resources And Exploration Company Limited' (large exploration licence 37565-HQ-LEL, 2,476 ha, same district) is a separate limited company; no source evidences a link to this cooperative, so none is asserted.","https://www.mmmd.gov.zm/?p=2923 | https://www.mmmd.gov.zm/?p=2618"
"Makaasa Multi-Purpose Co-operative Society Limited","high","Mwinilunga","North Western",,,,,"yes","no","Exact reconciliation with the CSV. MMMD artisanal mining rights 35294 (3.3516 ha), 35295 (6.7032 ha) and 35296-HQ-AMR (6.7037 ha), commodities Ag, Au, Co, Cu, Fe, Mg, Ni, QTZ, REE, SIL, North Western/Mwinilunga - Approved at the Extra Ordinary Dec 2023 MLC, deferred at the 84th, Approved again at the 86th. CSV records 3 licences, 17 ha, Quartz/Nickel/Rare EarthsElements - QTZ, Ni and REE all present, and the three areas sum to 16.8 ha. Web search returns only unrelated personal social-media accounts.","https://www.mmmd.gov.zm/?p=4061 | https://www.mmmd.gov.zm/?p=3780 | https://www.mmmd.gov.zm/?p=2626"
"Makandwe Multi-purpose cooperative Society Limited","high","Chibombo","Central",,,,,"yes","no","District consistent across two sittings six MLC meetings apart. MMMD Extra Ordinary Dec 2023 MLC: artisanal mining right 36638-HQ-AMR (Co, Cu, Au), 6.5923 ha, Central/Chibombo, APPROVED. MMMD 90th MLC: 41257-HQ-AMR (Au, Co, Cu, Fe, Ni, Pb, Zn), 6.62 ha, Central/Chibombo, Approved. CSV records 1 licence, 7 ha, Iron Ore/Silver/Gold - Au and Fe both present, and each area rounds to 7 ha.","https://www.mmmd.gov.zm/?p=5836 | https://www.mmmd.gov.zm/?p=2626"
"Malemashi Copper Mult Purpose Cooperative Society Limited","high","Mumbwa","Central",,,,,"yes","no","Exact reconciliation with the CSV. MMMD 73rd MLC: artisanal mining right 32997-HQ-AMR, Central/Mumbwa, Approved; the same licence is DEFERRED at the 91st MLC with commodities Ag, Au, Co, Cu, Fe, QTZ, TML and area 6.6057 ha. CSV records 1 licence, 7 ha, Quartz/Silver/Tourmaline - QTZ, Ag and TML all present, and 6.6057 ha rounds to 7.","https://www.mmmd.gov.zm/?p=6170 | https://www.mmmd.gov.zm/?p=2583"
"Malota Multpurpose Cooperative Society Limited","high","Mumbwa","Central",,,,,"yes","no","MMMD 75th MLC: artisanal mining rights 32573 and 33041-HQ-AMR, Central/Mumbwa, both Approved, with the CSV's exact spelling 'Multpurpose' reproduced. That notice prints no commodity column, so the CSV's Limestone (General)/Lead/Zinc could not be cross-checked. The CSV records 1 current licence at 7 ha, so one of these two has since lapsed.","https://www.mmmd.gov.zm/?p=2618"
"Mandala Multi-purpose Co-operative Society Limited","none",,,,,,"no","no","DOCUMENTED NEGATIVE: could not be placed. No cooperative bearing the name Mandala appears in any of the 26 published MMMD notices covering the 70th/71st meetings (Feb-Mar 2023) through the 91st (Oct 2025) plus the Extra Ordinary sitting, the default notice and the cancellation notice. Explicit NON-match, recorded rather than absorbed: the only 'Mandala' rows in the entire archive are two artisanal rights held by an individual named Misheck Mandala. 38787-HQ-AMR (Au, Cu, 6.7100 ha, Northern/Chinsali, MLC 84th) and 40403-HQ-AMR (AMT, Cu, 6.6200 ha, Central/Mumbwa, MLC 87th). Those are grants to a natural person, not to a cooperative society, they sit in two different provinces, and neither commodity list matches the register's Quartz. They must not be used to locate this society. The likely reason for absence is a pre-February-2023 grant, before the MLC archive begins. No contacts exist for this population.","https://www.mmmd.gov.zm/?s=MINING+LICENSING+COMMITTEE: full MMMD Mining Licensing Committee notice index, all 26 notices searched"
"Mango Mining Co-operative Society Limited","medium","Central","MMMD licence codes 36627-HQ-AMR and 36630-HQ-AMR",,,,"yes","no","Placed to province but NOT to a single district, the two published rights fall in different districts and cannot be separated. The Extra Ordinary MLC meeting of 27 Oct 2023 lists 'Mango Mining Co-operative Society Limited' twice: item 97, 36627-HQ-AMR, AMR, commodities Au, Co, Cu, 6.5923 Ha, Central/Kabwe, Approved; and item 114, 36630-HQ-AMR, AMR, commodities Co, Cu, Au, 6.5923 ha, Central/Chibombo, Approved. The register records licences=1, so one of the two is the live right, but nothing in the register distinguishes them: both areas are identical and both commodity lists are identical. Province is therefore recorded as Central with district left null rather than guessed. Numeric partial: Au=Gold and Co=Cobalt match two of the register's Gold/Nickel/Cobalt; Ni is absent from both notice rows. Note this pair sits in the same 36627-36635 block of identically-dimensioned Central Province societies as Akainga and Twaboola. Explicit NON-match: 'Mango Grove Investments Ltd' is an unrelated company. No contacts exist for this population.","https://www.mmmd.gov.zm/?p=2626. RESULTS OF THE EXTRA ORDINARY MINING LICENSING COMMITTEE (MLC) MEETING HELD ON 27TH OCTOBER 2023"
"Mano Yachila Maka Mining Cooperative","high","Lufwanyama","Copperbelt",,,,,"yes","no","Strongly corroborated: MMMD 82nd MLC lists this society holding gemstone licence GML 167, commodity EM (emerald), 77.5405 ha, Copperbelt/Lufwanyama, DEFERRED. CSV independently records 1 licence, 78 ha, Emerald - licence count, area and mineral all agree. CAUTION: 'Mano Yachilamaka Mining Company Limited' (30957-HQ-SML, 77.8964 ha, same district) is a separate limited company; despite the near-identical name and overlapping area no source evidences a relationship, so it is not treated as the same body. Web search returns no results for the cooperative name.","https://www.mmmd.gov.zm/?p=3378"
"Mapatizya Central Multi-Purpose Cooperative Society","medium","Kalomo","Southern","MMMD licence code 33884-HQ-AMR",,,,"yes","no","Located via MLC 75th meeting results (27-29 Sep 2023) item 124: 'Mapatizya Central Multi-Purpose Cooperative Society', 33884-HQ-AMR, Southern/Kalomo, Approved with window to 20 Nov 2023. Exact name match and 'Mapatizya' occurs exactly once across all 26 published notices. The attribution is internally consistent: Mapatizya is a mining locality within Kalomo District, Southern Province, so the society's name and its published district agree. Confidence held at medium because the 75th meeting's artisanal table publishes no commodity or area columns, so the register's Lithium/Lead/Mica and 7 ha could not be numerically corroborated. No contacts exist for this population.","https://www.mmmd.gov.zm/?p=2618. RESULTS OF THE 75TH MINING LICENSING COMMITTEE (MLC) MEETING HELD FROM 27TH TO 29TH SEPTEMBER 2023"
"Matala Gold Hero Multi-Purpose Society Limited","high","Mumbwa","Central",,,,,"yes","no","MMMD 79th MLC: artisanal mining rights 33383, 33384 and 33385-HQ-AMR (Ag, Au, Co, Cu, EM, Zn; ~6.601 ha each), Central/Mumbwa, Approved; 75th MLC adds 33386-HQ-AMR, and 33201-HQ-AMR appears under the short form 'Matala Gold Hero Cooperative', same district. CSV records 4 licences, 26 ha, Gold/Silver/Zinc - four rights of 6.6 ha = 26.4 ha, and Au/Ag/Zn all appear in the MMMD commodity list.","https://www.mmmd.gov.zm/?p=2794 | https://www.mmmd.gov.zm/?p=2618"
"Mazalazambwe Multi-purpose Co-operative Society Limited","none",,,,,,"no","no","DOCUMENTED NEGATIVE: could not be placed. The society is absent from all 26 published MMMD notices, covering every MLC meeting from the 70th and 71st (Feb-Mar 2023) to the 91st (Oct 2025), the Extra Ordinary sitting of 27 Oct 2023, the 2023 default notice and the MLC cancellation notice. Searched across all 15,849 parsed table rows on 'Mazalazambwe', 'Mazala', 'alazamb' and 'zambwe': zero hits on every pattern, including the bare '-zambwe' suffix, so this is not a spelling-variant miss. The likely reason is a grant predating the 70th meeting of February 2023, where the online archive starts. Register minerals Iron Ore/Lead/Nickel and 7 ha could not be corroborated. No contacts exist for this population.","https://www.mmmd.gov.zm/?s=MINING+LICENSING+COMMITTEE: full MMMD Mining Licensing Committee notice index, all 26 notices searched"
"MBOOZIBATEBULI MULTI- PURPOSE CO-OPERATIVE SOCIETY LIMITED","high","Siavonga","Southern",,,,,"yes","no","Exact reconciliation with the CSV. MMMD 81st MLC: artisanal mining rights 38319-HQ-AMR (gravel, GRT, sand, STN) and 38321-HQ-AMR (GRT, QTZ, SIL, STN, talc), 6.58 ha each, Southern/Siavonga, both Approved. CSV records 2 licences, 13 ha, Quartz/Stone/Granite - quartz, stone and granite all present, 2 x 6.58 = 13.2 ha. A quarry/aggregate operation. Web search for the name returns no results.","https://www.mmmd.gov.zm/?p=2923"
"Mindende Mult-purpose Cooperative Society Limited","none",,,,,,"no","no","DOCUMENTED NEGATIVE - not found. Zero hits for 'Mindende', and zero for the fuzzy variants m[ai]nd[ae]nd and nd[ae]nde, across a full local index of 13,468 table rows covering every archived MMMD Mining Licensing Committee notice from the 70th meeting (Feb 2023) to the 88th (30 May 2025), plus the Extra Ordinary sitting of 27 Oct 2023, the MLC cancellation notice and the default notice for non-compliance. Reasons for the absence: (a) the MLC archive begins at the 70th meeting, so any grant made before Feb 2023 leaves no trace in it, and (b) the 82nd, 86th and 89th-91st notices are absent from the Wayback Machine, and mmmd.gov.zm cannot be reached over HTTPS from this environment because the host is fronted by a FortiGate appliance presenting an expired certificate issued to the wrong principal, so those five meetings could not be checked. Nearest index string, 'Chindende Chindende Mineral Company Limited' (37438-HQ-LEL, 28,272 ha, North Western, Kabompo/Zambezi), is an explicit NON-MATCH - a large-scale exploration company, not an artisanal cooperative. No contacts exist for this population in any public source.","https://web.archive.org/web/20240517085644/https://www.mmmd.gov.zm/?p=2794"
"MineralXplore Multi-Purpose  Cooperative Society limited","high","Mumbwa","Central",,,,,"yes","no","Exact reconciliation with the CSV. MMMD 81st MLC: artisanal mining rights 38029 (LST/MS/Sand, Conditional Approval), 38030 (Au/LST/Sand, Conditional Approval) and 38031-HQ-AMR (LST/Sand, Approved) - three licences, 6.6 ha each, Central/Mumbwa. CSV records 3 licences, 20 ha, Sand/Limestone (General)/Gold - identical mineral set, 3 x 6.6 = 19.8 ha.","https://www.mmmd.gov.zm/?p=2923"
"Mkumbacanoka Mining Co-operatives  Society Limited","high","Petauke","Eastern","35160-HQ-AMR",,,,"yes","no","Artisanal Mining Right 35160-HQ-AMR, Eastern Province, Petauke District, Approved at the 85th MLC (5 Mar 2025, window 13 Apr 2025). Commodities published as Ag, AMT, AQM, Au, Co, Cu, Fe, Mn, QTZ, SIL, Ta, TML - this confirms all three CSV commodities (Silica = SIL, Quartz = QTZ, Manganese = Mn) and the licence count (1). The area cell is blank in the notice so the 7 ha could not be cross-checked, but the AMR class caps at roughly 6.7 ha. Explicit NON-MATCH: 'Mkumbacanoka Mining Company Limited' holds 24815-HQ-SEL, which appears in both the MMMD default notice for non-compliance and the MLC cancellation notice (Cancelled - Non Compliant); that is a separate limited company, not this cooperative, and its cancellation must not be attributed here. No contacts exist in any public source.","https://web.archive.org/web/20250717022002/https://www.mmmd.gov.zm/?p=4013 | https://web.archive.org/web/20240517085647/https://www.mmmd.gov.zm/?p=2787"
"Moyo Chiefdom Multi purpose Cooperative Society Limited","none",,,,,,"no","no","Documented negative. All 22 published MMMD MLC results notices (70th-91st plus the Extra Ordinary meeting, the cancellation notice and the default notice) were searched for 'moyo' and 'chiefdom multi' - the only matches are unrelated bodies (J.S.Moyo Farms Limited, Lushinga Chiefdom Mineral Resources, Chitoshi Chiefdom Mineral Resources). Web search for the name returns only unrelated Moyo-chiefdom news. Its 4 licences were most likely granted before the archive opens at the 70th meeting (Feb 2023).",
"Mpanga Mining Cooperative Society Limited","not_found",,,,,,"no","no","Not found. All 22 online MMMD MLC notices plus the cancellation and default notices were searched - no match. Two similarly-named but different entities were found and rejected: 'mpango mining cooperative society limited' (Southern/Mazabuka, 41778-HQ-AMR, MLC 91) - note mpangO not mpangA, and its minerals do not include the target's Platinum Group Metals/Silver/Uranium; and 'Mpanga Yabusasa Investment Limited' (North Western/Solwezi, 34308-HQ-LEL), a company rather than a cooperative. Neither is recorded as a match. Route of last resort: Registrar of Cooperatives, 9th Floor New Government Complex, Nasser Road, Lusaka, tel [Registrar of Cooperatives line: see private/dataset/asm_outreach_channels.csv](government office, not the society's own).",
"Mpavu Multi-Purpose Cooperative Society Limited","high","Chongwe","Lusaka",,,,,"yes","no","Exact name match in MMMD MLC 77th meeting results (11-12 Jan 2024). AMR 33661-HQ-AMR. Minerals: aquamarine, niobium, quartz - matches the target's Quartz/Niobium (Columbium)/Aquamarine exactly.","https://www.mmmd.gov.zm/?p=2675"
"Muchinga Route Multi-purpose Co-operative Society Limited","none",,,,,,"no","no","Documented negative. All 22 MMMD MLC notices searched for 'muchinga route' and 'muchinga' - the only matches are unrelated companies (Muchinga Energy Resources Limited, Muchinga Mining Consortium Limited), which must not be conflated with this society. Web search returns only road-route pages. Its 2 licences most likely predate the archive, which opens at the 70th MLC meeting (Feb 2023).",
"Mufumbwe Mining Multi-purpose Co-operative Society Limited","not_found",,,,,,"no","no","Not found. All 22 online MMMD MLC notices plus the cancellation and default notices were searched - no match; general web searches return nothing. The name points to Mufumbwe district, North Western Province (where the Katotebujo and Kyasalaula cooperatives are licensed), but 'Mufumbwe' occurs in the MLC notices only as a district name, never as this holder, so no location is recorded. Route of last resort: Registrar of Cooperatives, 9th Floor New Government Complex, Nasser Road, Lusaka, tel [Registrar of Cooperatives line: see private/dataset/asm_outreach_channels.csv](government office, deliberately not placed in office_phone).",
"Mufwashi Mining Cooperative Society Limited","not_found",,,,,,"no","no","Not found. All 22 online MMMD MLC notices plus the cancellation and default notices were searched - no match; general web searches return nothing for the cooperative. Do not conflate with 'Mufwashi Mining and Resources Limited' (North Western/Kasempa, 37214-HQ-SML and 37215-HQ-SML, MLC 80 and 79), which is a limited company, not a cooperative society, and so is a different legal person even if commercially related. Route of last resort: Registrar of Cooperatives, 9th Floor New Government Complex, Nasser Road, Lusaka, tel [Registrar of Cooperatives line: see private/dataset/asm_outreach_channels.csv](government office, not the society's own).",
"Mufwashi New Multi-purpose Co-operative Society Limited","medium","Kasempa","North Western","36579-HQ-AMR",,,,"yes","no","Name matches exactly, including the distinctive 'New' - 'Mufwashi New Multi-Purpose Cooperative Society Limited', Artisanal Mining Right 36579-HQ-AMR, North Western Province, Kasempa District, APPROVED at the Extra Ordinary MLC sitting of 27 Oct 2023 (window 6 Dec 2023). Licence count (1) matches. MINERALS MISMATCH - reason for medium: the notice publishes Co, Cu, Au whereas the CSV records Lead/Zinc/Gold; only Gold agrees. The area cell is blank in this notice so 7 ha could not be cross-checked. District/province rest on the exact name plus licence code. Explicit NON-MATCHES: 'Mufwashi Mining and Resources Limited' (37214/37215-HQ-SML, 389.3 ha, Kasempa) is a limited company on small-scale licences; 'Mufwashi Mining Cooperative Society Limited' (37670-HQ-AMR, 6.68 ha, North Western, Solwezi, Deferred at the 80th MLC) is a different cooperative in a different district. No contacts exist in any public source.","https://web.archive.org/web/20240423173009/https://www.mmmd.gov.zm/?p=2626 | https://web.archive.org/web/20240807050119/https://www.mmmd.gov.zm/?p=2849"
"Mugwazo Mining Co-operative Society Limited","high","Lundazi","Eastern","33001-HQ-AMR",,,,"yes","no","Exact name match at the 73rd MLC meeting, 29-30 Jun 2023, window 24 Aug 2023. Artisanal Mining Right 33001-HQ-AMR, Eastern Province, Lundazi District, Approved. Licence count (1) matches and the name is unique across all 13,468 MLC table rows indexed. MINERALS CAVEAT: the 73rd MLC table has no commodity or area column, so the CSV's Gold/Copper/Cobalt and 7 ha are unverified; district/province are firm. No contacts exist in any public source.","https://web.archive.org/web/20241113140812/https://www.mmmd.gov.zm/?p=2583"
"Mukala Mineral  Co-operation Society Limited","high","Mwinilunga","North Western","32776-HQ-AMR",,,,"yes","no","Exact name match on the unusual 'Co-operation' wording: the 75th MLC (27-29 Sep 2023, window 20 Nov 2023) approved 32776-HQ-AMR to 'Mukala Mineral Co-operation Society Limited (100%)', North Western Province, Mwinilunga District. Licence count (1) matches. The MLC notices also carry three rights under the near-identical spelling 'Mukala Mineral co-operative Society Limited' - 32834-HQ-AMR (75th) and 32819-HQ-AMR and 32823-HQ-AMR (Extra Ordinary sitting, 6.7028 ha and 6.7031 ha) - all likewise in North Western, Mwinilunga, and those two publish commodities Au, Co, Cu, an exact match to the CSV's Gold/Copper/Cobalt. Recorded as distinct register strings rather than absorbed, but note they may be the same real-world society transcribed inconsistently; either way the district and province conclusion is robust and the commodity cross-check on the sibling codes corroborates it. Explicit NON-MATCHES: Glory Mukala Kabwai (31166-HQ-AMR) and Lizzie Mukalati (34196-HQ-AMR) are individuals. No contacts exist in any public source.","https://web.archive.org/web/20240423180313/https://www.mmmd.gov.zm/?p=2618 | https://web.archive.org/web/20240423173009/https://www.mmmd.gov.zm/?p=2626"
"Mukala Mineral co-operative Society Limited","high","Mwinilunga","North Western",,,,,"yes","no","Minerals match exactly. MMMD artisanal mining rights 32819, 32823, 32834 and 32835-HQ-AMR, commodities Au/Co/Cu, ~6.70 ha each, North Western/Mwinilunga, Approved at the Extra Ordinary Dec 2023, 75th and 82nd MLC sittings. CSV records 3 licences, 20 ha, Copper/Cobalt/Gold - identical mineral set, 3 x 6.7 = 20.1 ha. Also appears once as 'Mukala Mineral Co-operation Society Limited' (32776-HQ-AMR, same district), a typo in the notice.","https://www.mmmd.gov.zm/?p=3378 | https://www.mmmd.gov.zm/?p=2626 | https://www.mmmd.gov.zm/?p=2618"
"MUKUNGULE MULTI PURPOSE CO-OPERATIVE SOCIETY LIMITED","high","Mpika","Northern","40398-HQ-AMR",,,,"yes","no","Exact name match at the 87th MLC (7 May 2025, window 16 Jun 2025). Artisanal Mining Right 40398-HQ-AMR, 6.7000 ha, Northern Province, Mpika District, Approved. Commodities published as Au, Cu - an exact match to the CSV's Gold/Copper, with licence count (1) and hectares (7 rounded from 6.70) also matching. Contextual corroboration: MMMD has run its artisanal-miner training programme in Mpika District. No office phone, email, postal address, officeholder or Facebook page exists in any public source.","https://web.archive.org/web/20260418231600/https://www.mmmd.gov.zm/?p=4069"
"Mukuni Mining Cooperative Society Limited","high","Kapiri Mposhi","Central","37865-HQ-AMR",,,,"yes","no","Exact name match at both the 80th MLC (window 19 Jul 2024) and the 81st MLC (31 Jul 2024, window 9 Sep 2024). Artisanal Mining Right 37865-HQ-AMR, 6.6300 ha, Central Province, Kapiri Mposhi District, Approved. Commodities published as Cu, Mn, TML, Zn - this confirms all three CSV commodities (Tourmaline = TML, Zinc = Zn, Copper = Cu), plus licence count (1) and hectares (7 rounded from 6.63). Note the name is geographically misleading: Mukuni is a chiefdom in Southern Province, but the licence sits in Central Province, Kapiri Mposhi. No contacts exist in any public source.","https://web.archive.org/web/20240807050119/https://www.mmmd.gov.zm/?p=2849 | https://web.archive.org/web/20250214120733/https://www.mmmd.gov.zm/?p=2923"
"Mukuta Bulongo Multipurpose Society Limited","high","Mumbwa","Central","32580-HQ-AMR",,,,"yes","no","Exact name match (an unusual name form - 'Multipurpose Society Limited' without 'Co-operative') at the 75th MLC (27-29 Sep 2023, window 20 Nov 2023). Artisanal Mining Right 32580-HQ-AMR, Central Province, Mumbwa District, Approved. Licence count (1) matches. MINERALS CAVEAT: the 75th MLC table has no commodity or area column, so the CSV's Gold and 7 ha could not be cross-checked; district/province are firm and the name is distinctive enough to be unambiguous. Explicit NON-MATCHES on the 'Bulongo' stem: Bulongo Mining Zambia Limited (40081-HQ-SEL, 40082-HQ-LEL, Isoka/Kalomo) and Charles Chibulongo (39394/40684-HQ-AMR, Chinsali) are unrelated. No contacts exist in any public source.","https://web.archive.org/web/20240423180313/https://www.mmmd.gov.zm/?p=2618"
"Mulev Mining And Agricultural Multi Purpose Cooperative Society Limited","high","Mumbwa","Central","33568-HQ-AMR",,,,"yes","no","Exact name match across two notices. Artisanal Mining Right 33568-HQ-AMR, Central Province, Mumbwa District: APPROVED at the 75th MLC (27-29 Sep 2023, window 20 Nov 2023) and again at the 79th MLC (11-12 Apr 2024, window 20 May 2024), the latter publishing 6.6010 ha and commodities AMT, Au, Cu, LST, Mn, QTZ, SIL. That confirms all three CSV commodities (Manganese = Mn, Quartz = QTZ, Silica = SIL), the licence count (1) and the hectares (7 rounded from 6.6010). No contacts exist in any public source.","https://web.archive.org/web/20240423180313/https://www.mmmd.gov.zm/?p=2618 | https://web.archive.org/web/20240517085644/https://www.mmmd.gov.zm/?p=2794"
"Mulonga Mining Cooperative Society Limited","high","Siavonga","Southern",,,,,"yes","no","MMMD 81st MLC: artisanal mining right 37658-HQ-AMR, a long commodity list (aquamarine, Au, Co, Cu, diamond, emerald, gypsum, feldspar, mica, Mn, Ni, Pb, QTZ, silica, Ti, tourmaline, Zn), 6.58 ha, Southern/Siavonga, Approved. CSV records 2 licences, 13 ha, Lead/Anhydrite/Manganese; Pb and Mn both appear. Only 1 of the 2 licences could be traced - the second is not in the published archive - so the area is half the CSV total, but the district is unambiguous for the licence that was found.","https://www.mmmd.gov.zm/?p=2923"
"Munalu Small Scale Mining Co-operative Society Limited","high","Kalomo","Southern",,,,,"yes","no","Exact name match in MMMD MLC 75th meeting results. Holds a Small Scale Mining Licence 33730-HQ-SML (not an artisanal right), which is a higher licence tier than most of this batch. Same district as Helment Boot-Mining cooperative (Kalomo, Southern Province).","https://www.mmmd.gov.zm/?p=2618"
"Munyumakazi Mining Cooperative Limited","not_found",,,,,,"no","no","Not found. All 22 online MMMD MLC notices plus the cancellation and default notices were searched - no match. General web searches return no page mentioning this society. The online MLC archive begins only with the 70th meeting (February 2023). Route of last resort: Registrar of Cooperatives, 9th Floor New Government Complex, Nasser Road, Lusaka, tel [Registrar of Cooperatives line: see private/dataset/asm_outreach_channels.csv](government office, deliberately not placed in office_phone).",
"Musanza Exploration and Mining Co-operative Society Limited","high","Choma","Southern","37749-HQ-AMR",,,,"yes","no","Exact name match at the 81st MLC (31 Jul 2024, window 9 Sep 2024). Artisanal Mining Right 37749-HQ-AMR, 1.9600 cadastral units, Southern Province, Choma District, Approved. Commodities published as GRT (granite) and STN (stone) - a complete, two-of-two match to the CSV's Stone/Granite, with licence count (1) and area (CSV 2 ha, notice 1.96 CU) also matching. Explicit NON-MATCH: 'Musanza Mining and Exploration Company Ltd' (30790-HQ-SEL, Central, Mumbwa, deferred at the 70th/71st then approved at the 72nd MLC) is a separate limited company on a small-scale exploration licence - the word order in the name is reversed, the licence class differs and the province differs. No contacts exist in any public source.","https://web.archive.org/web/20250214120733/https://www.mmmd.gov.zm/?p=2923 | https://web.archive.org/web/20250124032724/https://www.mmmd.gov.zm/?p=2559"
"MUSOKONTWELELE MINING CO-OPERATIVE SOCIETY LIMITED","high","Chibombo","Central",,,,,"yes","no","Exact name match in MMMD MLC 79th meeting results, holding two artisanal mining rights: 37591-HQ-AMR (Au, Cu, Fe, Mn) and 37592-HQ-AMR (Au, Cu, Mn), both Central/Chibombo - matches the target's Manganese/Gold/Copper. Filed in the same MLC round and same district as Mutabi Mutanzi Multi-Purpose Co-operative (37594) and Fair People (37853), suggesting a Chibombo cluster of societies applying together.","https://www.mmmd.gov.zm/?p=2794"
"MUTABI MUTANZI MULTI-PURPOSE CO-OPERATIVE SOCIETY","high","Chibombo","Central",,,,,"yes","no","Exact name match in MMMD MLC 79th meeting results. AMR 37594-HQ-AMR. Minerals: gold, copper, manganese - matches the target's Manganese/Gold/Copper. Licence number adjacent to Musokontwelele (37591/37592) in the same district and MLC round.","https://www.mmmd.gov.zm/?p=2794"
"Mutane Akose Mining Coorperative Society Limited","high","Mansa","Luapula",,,,,"yes","no","Exact name match including the 'Coorperative' typo in MMMD MLC 81st meeting results (31 Jul 2024). AMR 36969-HQ-AMR. Minerals: gold, cobalt, iron, manganese, sand, silica - matches the target's Manganese/Sand/Silica.","https://www.mmmd.gov.zm/?p=2923"
"MUTUPA MINING MULT-PURPOSE COOPERATIVE SOCIETY LIMITED","high","Kitwe; Mufulira","Copperbelt",,,,,"yes","no","Exact name match in MMMD MLC 77th meeting results. AMR 35928-HQ-AMR spanning Kitwe and Mufulira districts. Minerals: granite, sand, stone - matches the target's Stone/Sand/Granite exactly. A construction-materials quarry operator on the Copperbelt, so it is a good candidate for a ZEMA environmental project brief, which would carry proponent contact details.","https://www.mmmd.gov.zm/?p=2675"
"Muwamba Nyama Mining & Agricultural Cooperative Society","high",,,,,,"no","no","Exact name match in MMMD MLC 75th meeting results. AMR 35127-HQ-AMR. The province and district cells were not legible in the extracted table for this row, so location is left null rather than guessed. Name indicates a combined mining and agricultural society, so Ministry of Agriculture / cooperative-union listings may also carry it.","https://www.mmmd.gov.zm/?p=2618"
"Muyongo Shilenga Small Scale Mining Co-operative Society Limited","high","Choma; Namwala","Southern",,,,,"yes","no","Exact name match in MMMD Mining Licensing Committee 91st meeting results (08 Oct 2025). Artisanal Mining Right 41917-HQ-AMR. Minerals: aquamarine, gold, copper, malachite, iron, gravel, gypsum. MLC notices publish applicant, province, district, licence code and minerals only - no contact details.","https://www.mmmd.gov.zm/?p=6170"
"Mwandanga Mining And Crushing Multi-purpose Co-operative Society Limited","high","Lufwanyama","Copperbelt",,,,,"yes","no","Minerals match exactly. MMMD 79th MLC: artisanal mining right 36911-HQ-AMR, commodities Cr, Fe, Mn, QTZ, 6.6684 ha, Copperbelt/Lufwanyama, Approved. CSV records 2 licences, 13 ha, Quartz/Iron Ore/Manganese - QTZ, Fe and Mn all present. Only 1 of the 2 licences appears in the published archive, so the area is half the CSV total, but the district is unambiguous for the licence found. The name ('Mining And Crushing') indicates an aggregate/crushing operation.","https://www.mmmd.gov.zm/?p=2794"
"Mwapanda Corner Multi-Purpose Co-operative Society Limited","high","Mansa","Luapula",,,,,"yes","no","Exact name match in MMMD MLC 85th meeting results. AMR 39654-HQ-AMR. Minerals include mineral sands, manganese and sand - matches the target's Mineral Sands/Manganese/Sand exactly.","https://www.mmmd.gov.zm/?p=4013"
"Mwatwiinda Multi Purpose Co-operative Society Limited","not_found",,,,,,"no","no","Not found. All 22 online MMMD MLC notices plus the cancellation and default notices were searched - no match. General web searches return no page mentioning this society. The online MLC archive begins only with the 70th meeting (February 2023). Route of last resort: Registrar of Cooperatives, 9th Floor New Government Complex, Nasser Road, Lusaka, tel [Registrar of Cooperatives line: see private/dataset/asm_outreach_channels.csv](government office, deliberately not placed in office_phone).",
"Mwaze Mining Co-operative Society Limited","not_found",,,,,,"no","no","Not found. All 22 online MMMD MLC notices plus the cancellation and default notices were searched - no match for this exact name. Context worth carrying forward: the two sibling societies in the target list, Mwaze Multipurpose Co-operative Society Limited (37571/37572-HQ-AMR) and Mwaze Village Multi-Purpose (32908-HQ-AMR), are both licensed in Mumbwa district, Central Province, so this third Mwaze society is very likely Mumbwa as well - but that is an inference with no source, so district and province are left null. Route of last resort: Registrar of Cooperatives, 9th Floor New Government Complex, Nasser Road, Lusaka, tel [Registrar of Cooperatives line: see private/dataset/asm_outreach_channels.csv](government office, not the society's own).",
"Mwaze Multipurpose Co-operative Society Limited","high","Mumbwa","Central",,,,,"yes","no","Exact name match in MMMD MLC 79th meeting results (11-12 Apr 2024), holding two adjacent artisanal mining rights: 37571-HQ-AMR and 37572-HQ-AMR, both Central/Mumbwa, minerals gold, copper, iron - matches the target's Iron Ore/Gold/Copper.","https://www.mmmd.gov.zm/?p=2794"
"Mwaze Village Multi Purpose Cooperative","medium","Mumbwa","Central",,,,,"yes","no","MMMD MLC 91st meeting lists 'Mwaze Village Multi-Purpose Society Limited', Central/Mumbwa, AMR 32908-HQ-AMR, minerals gold and copper - matches the target's Gold/Copper. Medium confidence because the MLC entry omits 'Co-operative'. Note there are three distinct Mwaze cooperatives in the target list; this record is specific to the 'Village' entity. All three are in Mumbwa district, Central Province, suggesting a cluster of related village-level societies.","https://www.mmmd.gov.zm/?p=6170"
"Mweengwe Multi-Purpose Cooperative","high","Mumbwa","Central",,,,,"yes","no","Exact name match in MMMD MLC 79th meeting results. AMR 36714-HQ-AMR. Minerals: gold, cobalt, copper, lead - matches the target's Gold/Lead/Cobalt.","https://www.mmmd.gov.zm/?p=2794"
"Myafi Mining Co-orperative Multi- Purpose Society","high","Kawambwa","Luapula",,,,,"yes","no","Name match in MMMD MLC 75th meeting results as 'Myafi Mining Co-operative Multi- Purpose Society' (target row carries a 'Co-orperative' typo). AMR 34785-HQ-AMR, Luapula/Kawambwa.","https://www.mmmd.gov.zm/?p=2618"
"Nabasuntwe Mining Ventures Co-operative Society Limited","high","Siavonga","Southern",,,,,"yes","no","Exact name match in MMMD MLC 84th meeting results. AMR 38677-HQ-AMR. Minerals include garnet, feldspar, iron - matches the target's Garnet/Feldspar/Iron Ore. Consecutive licence number with Kennados Mining Ventures Co-operative (38676-HQ-AMR, same district) indicates a linked pair.","https://www.mmmd.gov.zm/?p=3780"
"namundela mining co-operative society limited","high","Mpika","Northern",,,,,"yes","no","Exact name match in MMMD MLC 83rd meeting results (30 Oct 2024). AMR 37630-HQ-AMR. Minerals include amethyst, gold, cobalt, copper, diamond, emerald, iron, manganese - consistent with the target's Gold/Emerald/Manganese.","https://www.mmmd.gov.zm/?p=3515"
"NELEMU MULTI-PURPOSE  CO-OPERATIVE LIMITED","low","Mpika","Northern",,,,,"yes","no","Possible match only. MMMD MLC 90th meeting lists 'Nalemu Mult-Purpose Cooperative Limited', Northern/Mpika, AMR 41460-HQ-AMR. Spelling differs (Nalemu vs Nelemu) and its minerals (amethyst, gold, coal) do not align with the target's Lead/Iron Ore/Anhydrite, so this may be a different society. Verify before use.","https://www.mmmd.gov.zm/?p=5836"
"New Generation Multi-purpose Co-operative Society Limited","not_found",,,,,,"no","no","Not found. All 22 online MMMD MLC notices plus the cancellation and default notices were searched - no match. Do not conflate with 'New Generation Investment Limited' (Lusaka/Chongwe, 32842-HQ-SEL, MLC 76), a company holding a small-scale exploration licence - a different legal form and a different entity. Route of last resort: Registrar of Cooperatives, 9th Floor New Government Complex, Nasser Road, Lusaka, tel [Registrar of Cooperatives line: see private/dataset/asm_outreach_channels.csv](government office, not the society's own).",
"NGABWE KAPANDE MINING CO-OPERATIVE SOCIETY  LIMITED","high","Kapiri Mposhi","Central",,,,,"yes","no","Exact name match in MMMD MLC 81st meeting results. AMR 38218-HQ-AMR. Minerals include quartz, manganese, tin, emerald, tourmaline, diamond - matches the target's Quartz/Manganese/Tin. Licensed in Kapiri Mposhi rather than Ngabwe district despite the name; both Central Province districts are worth checking for its office.","https://www.mmmd.gov.zm/?p=2923"
"N'gandu Mining Co-operative Society Limited","high","Mpika","Northern",,,,,"yes","no","Exact name match including apostrophe in MMMD MLC 90th meeting results (29 Aug 2025). AMR 41440-HQ-AMR. Minerals: gold, cobalt, copper, manganese, lead, zinc.","https://www.mmmd.gov.zm/?p=5836"
"Nkasekelela Multi-purpose cooperative society","high","Chavuma","North Western",,,,,"yes","no","Exact reconciliation with the CSV. MMMD 85th MLC: printed as 'Nkasekelela MUulti-purpose cooperative society' (typo in the notice) holding artisanal mining right 39530-HQ-AMR, commodities amethyst, Au, Co, Cu and Cu2CO3(OH)2 (malachite), 6.6661 ha, North Western/Chavuma, Approved. CSV records 1 licence, 7 ha, Gold/Malachite/Copper - Au, malachite and Cu all present. IMPORTANT: the CSV separately lists 'Nkasekelela Multi-purpose Cooperative Society Limited' with different minerals (Iron Ore/Lead/Silver); that is a distinct entry and this record is deliberately matched only to the un-suffixed name.","https://www.mmmd.gov.zm/?p=4013"
"Nkasekelela Multi-purpose Cooperative Society Limited","not_found",,,,,,"no","no","Not found. All 22 online MMMD Mining Licensing Committee notices (70th/71st through 91st, including the Extra Ordinary Oct 2023 meeting), the MLC cancellation notice and the default notice were searched - no match. General web searches return no page mentioning this society. The online MLC archive begins only with the 70th meeting (February 2023). Route of last resort: the Registrar of Cooperatives / Department of Cooperatives, 9th Floor New Government Complex, Nasser Road, Lusaka (P.O. Box 31968), tel [Registrar of Cooperatives line: see private/dataset/asm_outreach_channels.csv] a government office, deliberately not placed in office_phone.",
"Nkulundundu Multi-purpose Cooperative","high","Solwezi","North Western",,,,,"yes","no","Exact name match in MMMD MLC 81st meeting results. AMR 38109-HQ-AMR. Minerals: gold, cobalt, copper, malachite, quartz, silica, zinc - matches the target's Quartz/Silica/Zinc.","https://www.mmmd.gov.zm/?p=2923"
"NKUSULULU MULTPURPOSE CO-OPERATIVE SOCIETY LIMITED","high","Chinsali","Northern",,,,,"yes","no","Exact reconciliation with the CSV. MMMD 80th MLC: artisanal mining right 37333-HQ-AMR, commodities Ag, amethyst, Au, Cu, MS, 6.71 ha, Northern/Chinsali, Approved. CSV records 1 licence, 7 ha, Mineral Sands/Silver/Gold - MS (mineral sands), Ag and Au all present, and 6.71 ha rounds to 7. Web search for 'Nkusululu' returns no results.","https://www.mmmd.gov.zm/?p=2849"
"NOK Mining Co-Operative Society Limited","high","Mumbwa","Central",,,,,"yes","no","Exact reconciliation with the CSV. MMMD Extra Ordinary Dec 2023 MLC: artisanal mining right 36056-HQ-AMR, commodities aquamarine, Au, Co, Cu, garnet, GRT (granite), Mn, QTZ, TML, 6.6019 ha, Central/Mumbwa, APPROVED. CSV records 1 licence, 7 ha, Manganese/Granite/Tourmaline - Mn, granite and tourmaline all present, and 6.6019 ha rounds to 7. Found only by an exact word-boundary search on the short name 'NOK', which generic keyword searching misses entirely.","https://www.mmmd.gov.zm/?p=2626"
"NORTHWEST - LINE MULTIPURPOSE CO-OPERATIVE SOCIETY LIMITED","none",,,,,,"no","no","Documented negative. Searching the 22 MMMD MLC notices for 'northwest', 'west-line' and 'line multi' matched only the unrelated 'Kunachi Northwest Investements Limited'. Web search for the full name returns no results. Its 2 licences most likely predate the archive's start at the 70th MLC (Feb 2023).",
"Nyamphende Small Scale Mining Cooperative Society","high","Petauke","Eastern",,,,,"yes","no","Minerals match exactly. MMMD artisanal mining rights 36309, 36310 and 36312-HQ-AMR, commodities Au, Cu, QTZ, ~6.64 ha each, Eastern/Petauke - Approved at the Extra Ordinary Dec 2023 MLC, with 36309 deferred again at the 85th. CSV records 2 licences, 13 ha, Quartz/Gold/Copper - identical mineral set. Nyamphende is a chiefdom/area within Petauke district, independently consistent with the licensed location.","https://www.mmmd.gov.zm/?p=4013 | https://www.mmmd.gov.zm/?p=2626"
"Nyanswa Mining Multi-Purpose Co-Operative Society Limited","none",,,,,,"no","no","Documented negative. No occurrence of 'nyanswa' or 'wanswa' in any of the 22 MMMD MLC notices, and web search for 'Nyanswa Mining' returns no results. Its single licence most likely predates the archive's start at the 70th MLC (Feb 2023).",
"Nyatungu  Multipurpose Coorperative  Society","high","Mufumbwe","North Western",,,,,"yes","no","MMMD 74th MLC: artisanal mining right 33681-HQ-AMR, North Western/Mufumbwe, Approved; 72nd MLC: 33680-HQ-AMR, same district. Two licences, matching the CSV's licence count. Name matches exactly including the CSV's 'Coorperative' misspelling, which MMMD reproduces. Caveat: the CSV records 44 ha, larger than two standard ~6.6 ha artisanal rights, and neither MLC row prints commodities, so area and minerals could not be cross-checked. CAUTION: 'Nyatungu Resources Limited' (exploration licences 41670/41671/41924/41925-HQ-SEL in Kasempa, Solwezi and Mufumbwe) is a separate limited company; no source evidences any link to this cooperative.","https://www.mmmd.gov.zm/?p=2598 | https://www.mmmd.gov.zm/?p=2559"
"Nyungu Artisanal Mining Multipurpose Co-operative Society Limited","high","Solwezi","North Western",,,,,"yes","no","Name match across two MMMD MLC rounds: 'Nyungu Artisanal Mining Multipurpose Co-operative Society Limited' AMR 34036-HQ-AMR (MLC 74) and 'Nyungu Artisanal Mining Multi-purpose Cooperative Society Limited' AMR 35244-HQ-AMR (MLC 75), both North Western/Solwezi. Distinct from 'Nyungu Mining Multi-purpose Limited' (36990-HQ-SEL), a separate non-cooperative entity in the same district - do not conflate.","https://www.mmmd.gov.zm/?p=2598 | https://www.mmmd.gov.zm/?p=2618"
"Pachida Mining Cooperative Society Limited","not_found",,,,,,"no","no","Not found. All 22 online MMMD MLC notices plus the cancellation and default notices were searched - no match for the cooperative. MMMD's default notice does list 'Pachida Mining Company Limited' against 19738-HQ-SML; that is a limited company, not this cooperative society, and the licence class differs, so it is not recorded as a match even though the shared 'Pachida' name suggests the two may be commercially connected. Route of last resort: Registrar of Cooperatives, 9th Floor New Government Complex, Nasser Road, Lusaka, tel [Registrar of Cooperatives line: see private/dataset/asm_outreach_channels.csv](government office, not the society's own).",
"PEOPLE'S MULTI- PURPOSE CO-OPERATIVE SOCIETY LIMITED","high","Chongwe; Chadiza","Lusaka; Eastern",,,,,"yes","no","Name match in MMMD MLC 77th meeting results as 'People's Multi-Purpose Co-operative Society Limited', holding two artisanal mining rights: 37032-HQ-AMR (Lusaka/Chongwe) and 37033-HQ-AMR (Eastern/Chadiza). Minerals include nickel, zinc, gypsum and aquamarine - consistent with the target's Nickel/Anhydrite/Zinc (anhydrite and gypsum are the same mineral system). Two provinces, so no single district assigned.","https://www.mmmd.gov.zm/?p=2675"
"Phillip Mining Cooperative Society Limited","high","Chinsali","Northern",,,,,"yes","no","Name match in the MMMD Extra Ordinary MLC results (27 Oct 2023). AMR 35978-HQ-AMR. Minerals include limestone, gold and manganese - matches the target's Limestone (General)/Gold/Manganese. Distinct from the individual applicant 'Phillip Kosamu' (35439-HQ-AMR, Central/Serenje) in MLC 82 - do not conflate.","https://www.mmmd.gov.zm/?p=2626"
"PROGRESSION YOUTH MULTI PURPOSE COOPERATIVE SOCIETY LIMITED","high","Mumbwa","Central",,,,,"yes","no","Exact reconciliation with the CSV. MMMD 85th MLC: artisanal mining rights 39851-HQ-AMR (Au, Co, Cu, Zn) and 39852-HQ-AMR (Au, Cu), 6.6 ha each, Central/Mumbwa, both Approved. CSV records 2 licences, 13 ha, Gold/Copper/Zinc - Au, Cu and Zn all present, 2 x 6.6 = 13.2 ha.","https://www.mmmd.gov.zm/?p=4013"
"QUICK SQUAD MULTI-PURPOSE COOPERATIVE LIMITED","high","Mpika; Mumbwa","Northern; Central",,,,,"yes","no","Identity certain but district genuinely split - this society applied across four districts and most applications failed. MMMD: 39809-HQ-AMR Northern/Mpika and 39853-HQ-AMR Central/Mumbwa both Approved at the 85th MLC (these are the likely two current licences, matching the CSV's count of 2 at 13 ha); 38757-HQ-AMR Central/Mkushi Approved at the 84th (printed as 'QUICK SQUADMULTI-PURPOSE COOPERATIVE LIMITED'); 39806-HQ-AMR Northern/Chinsali and 39807-HQ-AMR Northern/Mpika deferred at the 88th; 39805-HQ-AMR Northern/Chinsali Rejected at the 89th. Commodities Au/Co/Cu match the CSV's Copper/Cobalt/Gold exactly.","https://www.mmmd.gov.zm/?p=5497 | https://www.mmmd.gov.zm/?p=4111 | https://www.mmmd.gov.zm/?p=4013 | https://www.mmmd.gov.zm/?p=3780"
"QUICK SQUADMULTI-PURPOSE COOPERATIVE LIMITED","high","Chinsali; Mpika; Mumbwa; Mkushi","Northern; Central",,,,,"yes","no","Target name is a run-together typo of 'Quick Squad Multi-Purpose Cooperative Limited', which appears in four MMMD MLC meetings with separate artisanal mining rights: 39805-HQ-AMR (Northern/Chinsali, MLC 89), 39809-HQ-AMR (Northern/Mpika, MLC 85), 39853-HQ-AMR (Central/Mumbwa, MLC 85), 38757-HQ-AMR (Central/Mkushi, MLC 84). A serial multi-district applicant, so no single district can be assigned. The target's Manganese/Quartz/Copper matches 38757 (Au, Cu, Mn, QTZ).","https://www.mmmd.gov.zm/?p=5497 | https://www.mmmd.gov.zm/?p=4013 | https://www.mmmd.gov.zm/?p=3780"
"RHEMA MINING COOPERATIVE SOCIETY LIMITED","not_found",,,,,,"no","no","Not found. All 22 online MMMD MLC notices plus the cancellation and default notices were searched - no match. The only 'Rhema Mining' web presence found is Rhema Mining Company Limited in Accra, Ghana - unrelated to Zambia and not recorded. Route of last resort: Registrar of Cooperatives, 9th Floor New Government Complex, Nasser Road, Lusaka, tel [Registrar of Cooperatives line: see private/dataset/asm_outreach_channels.csv](government office, deliberately not placed in office_phone).",
"Risers Mining Cooperative Society Limited","high","Mansa","Luapula",,,,,"yes","no","Exact name match in MMMD MLC 73rd meeting results (29-30 Jun 2023). AMR 33998-HQ-AMR. Approved with a window period to 24 August 2023.","https://www.mmmd.gov.zm/?p=2583"
"Rufunsa Green Multi-purpose Co-operative Society Limited","high","Chongwe","Lusaka",,,,,"yes","no","Exact name match in MMMD MLC 79th meeting results. AMR 37588-HQ-AMR. Minerals: gold, copper, manganese - matches the target's Manganese/Gold/Copper. Licensed in Chongwe district despite the 'Rufunsa' name (Rufunsa was carved out of Chongwe), so both districts are worth checking for its registered office.","https://www.mmmd.gov.zm/?p=2794"
"Save Lives Multi- Purpose Co-operative Limited","high","Ndola","Copperbelt","MMMD licence code 35671-HQ-AMR",,,,"yes","no","Located via the Extra Ordinary MLC meeting of 27 Oct 2023 item 29: 'Save Lives Multi- Purpose Co-operative Limited (100%)', 35671-HQ-AMR, AMR, commodities Au, Co, Cu, Mn, 6.6724 ha, Copperbelt/Ndola, Approved. Numeric cross-check passes on all three register minerals: Au=Gold, Mn=Manganese, Co=Cobalt; area 6.6724 ha consistent with rounded 7 ha; one right matches licences=1. Name match is exact including the stray space in 'Multi- Purpose'. No contacts exist for this population.","https://www.mmmd.gov.zm/?p=2626. RESULTS OF THE EXTRA ORDINARY MINING LICENSING COMMITTEE (MLC) MEETING HELD ON 27TH OCTOBER 2023"
"Shalom Wesu Multi-purpose Co-operative Society Limited","high","Mwense","Luapula","MMMD licence code 38745-HQ-AMR",,,,"yes","no","Located via MLC 84th meeting results (12 Dec 2024) item 43: 'Shalom Wesu Multi-purpose Co-operative Society Limited (100%)', 38745-HQ-AMR, commodities Au, Cu, Fe, KNa2, Mn, Pb, Sand, Zn, 6.7200 ha, Luapula/Mwense, Approved with window to 23 Jan 2025. Numeric cross-check passes on all three register minerals: Sand=Sand, Mn=Manganese, Zn=Zinc; area 6.7200 ha consistent with rounded 7 ha; one right matches licences=1. Exact name match. Explicit NON-match: 'Katula Wesu Mine Cooperative Society Limited' (36926-HQ-AMR, Luapula/Kawambwa) shares only the 'Wesu' token and is a different society. No contacts exist for this population.","https://www.mmmd.gov.zm/?p=3780. RESULTS OF THE 84TH MINING LICENSING COMMITTEE (MLC) MEETING HELD ON 12TH DECEMBER, 2024"
"SHIWANGANDU MULTI PURPOSE CO-OPERATIVE SOCIETY LIMITED","high","Chinsali","Northern","MMMD licence codes 36559-HQ-AMR and 36560-HQ-AMR",,,,"yes","no","Located via the Extra Ordinary MLC meeting of 27 Oct 2023, items 82 and 83: 'SHIWANGANDU MULTI PURPOSE CO-OPERATIVE SOCIETY LIMITED (100%)', 36559-HQ-AMR and 36560-HQ-AMR, both AMR, both commodities Au, Cu, LST, Mn, QTZ, both Northern/Chinsali, both Approved. Numeric cross-check passes on all three register minerals: Mn=Manganese, QTZ=Quartz, LST=Limestone (General). The area column is blank for both rows in this notice, so hectares could not be checked. Two adjacent codes are published against a register licences=1; both are in the same district so the location attribution is unaffected. Exact name match, unique across the archive. Note Shiwang'andu is also the name of a neighbouring district in Northern Province, but the notice explicitly assigns these rights to Chinsali. No contacts exist for this population.","https://www.mmmd.gov.zm/?p=2626. RESULTS OF THE EXTRA ORDINARY MINING LICENSING COMMITTEE (MLC) MEETING HELD ON 27TH OCTOBER 2023"
"Sianzovu Community Mining Cooperative","medium","Kalomo","Southern","MMMD licence code 33188-HQ-AMR",,,,"yes","no","Located via MLC 75th meeting results (27-29 Sep 2023) item 117: 'Sianzovu Community Mining Cooperative', 33188-HQ-AMR, Southern/Kalomo, Approved with window to 20 Nov 2023. Exact name match and 'Sianzovu' occurs exactly once across all 26 published notices. Confidence held at medium because the 75th meeting's artisanal table publishes no commodity or area columns, so the register's Quartz/Nickel/Manganese and 7 ha could not be numerically corroborated. The district itself is directly published. No contacts exist for this population.","https://www.mmmd.gov.zm/?p=2618. RESULTS OF THE 75TH MINING LICENSING COMMITTEE (MLC) MEETING HELD FROM 27TH TO 29TH SEPTEMBER 2023"
"Siavonga Mining Multi-Purpose Co-operative Limited","high","Siavonga","Southern","MMMD licence code 38675-HQ-AMR",,,,"yes","no","Located via MLC 84th meeting results (12 Dec 2024) item 27: 'Siavonga Mining Multi-Purpose Co-operative Limited', 38675-HQ-AMR, commodities AMT, AQM, Au, COA, Cu, SIL, Ta, 6.5700 ha, Southern/Siavonga, Approved with window to 23 Jan 2025. Numeric cross-check passes on all three register minerals: Au=Gold, SIL=Silica, Ta=Tantalum; area 6.5700 ha consistent with rounded 7 ha; one right matches licences=1. Exact name match. Note this name required a phrase search rather than a token search: 'Siavonga' is itself a district and returns several hundred unrelated rows across the archive, none of which is this society. No contacts exist for this population.","https://www.mmmd.gov.zm/?p=3780. RESULTS OF THE 84TH MINING LICENSING COMMITTEE (MLC) MEETING HELD ON 12TH DECEMBER, 2024"
"Sichanzu Multipurpose Cooperative  society Limited","high","Mumbwa","Central",,,,,"yes","no","MMMD 84th/85th/86th MLC: artisanal mining rights 38953, 38954, 38955 and 38958-HQ-AMR (Ag, Au, Co, Cu, malachite, Fe, Ni, Pb, Zn; 6.6 ha each), Central/Mumbwa - deferred at the 84th, Approved at the 85th and 86th. CSV records 4 licences, 26 ha, Iron Ore/Zinc/Gold - four rights of 6.6 ha = 26.4 ha, and Fe/Zn/Au all appear in the MMMD list. Corroborating detail: 'Sichanzu' is itself a named locality within Mumbwa district, Central Province, consistent with the licensed location.","https://www.mmmd.gov.zm/?p=4061 | https://www.mmmd.gov.zm/?p=4013 | https://www.mmmd.gov.zm/?p=3780"
"SINANKUMBI MINING COOPERATIVE SOCIETY LIMITED","high","Sinazongwe","Southern","MMMD licence code 38401-HQ-AMR",,,,"yes","no","Located via MLC 83rd meeting results (30 Oct 2024) item 55: 'SINANKUMBI MINING COOPERATIVE SOCIETY LIMITED', 38401-HQ-AMR, commodities AMT, COA, Cu, EM, F, GEM, Sn, TML, W, Zn, 6.5300 ha, Southern/Sinazongwe, Approved with window to 9 Dec 2024. Numeric cross-check passes on all three register minerals: Sn=Tin, GEM=Gemstones, TML=Tourmaline; area 6.5300 ha consistent with rounded 7 ha; one right matches licences=1. Exact name match, unique across the archive. No contacts exist for this population.","https://www.mmmd.gov.zm/?p=3515. RESULTS OF THE 83RD MINING LICENSING COMMITTEE (MLC) MEETING HELD ON 30TH OCTOBER, 2024"
"Sitepe Cooperative Society Limited","high","Kasempa","North Western","35554-HQ-AMR",,,,"yes","no","Exact name match in two notices, both giving 6.6385 ha in North Western Province, Kasempa District, Approved: the 77th MLC (11-12 Jan 2024, window 19 Feb 2024) and the 87th MLC (7 May 2025, window 16 Jun 2025). The 87th publishes commodities Cu, Cu2CO3(OH)2, Fe, Mn, Ni, Pb, Zn, where Cu2CO3(OH)2 is the chemical formula for malachite - this confirms all three CSV commodities (Manganese = Mn, Malachite, Nickel = Ni), plus licence count (1) and hectares (7 rounded from 6.6385). The 77th notice had listed the commodity as Ag only, so the schedule was evidently amended between 2024 and 2025. No contacts exist in any public source.","https://web.archive.org/web/20240423173052/https://www.mmmd.gov.zm/?p=2675 | https://web.archive.org/web/20260418231600/https://www.mmmd.gov.zm/?p=4069"
"Solola Multi-purpose Co-operative","high","Chavuma; Solwezi","North Western",,,,,"yes","no","Both licences are in North Western Province, matching the CSV's count of 2 at 13 ha. MMMD 85th MLC: artisanal mining right 39690-HQ-AMR (Au, Cu), 6.6657 ha, North Western/Chavuma, Approved. MMMD Extra Ordinary Dec 2023 MLC lists 'Solola Multi-purpose Cooperative Society Limited' holding 36032-HQ-AMR (Co, Cu, Au), North Western/Solwezi, Approved. CSV minerals Gold/Copper/Silver - Au and Cu both present.","https://www.mmmd.gov.zm/?p=4013 | https://www.mmmd.gov.zm/?p=2626"
"Southern Minerals And Mining Cooperative Society Limited","medium","Choma","Southern","35931-HQ-AMR",,,,"yes","no","Exact name match on licence 35931-HQ-AMR, but the two notices that carry it CONTRADICT each other on location, which is why this is medium. The Extra Ordinary MLC sitting of 27 Oct 2023 lists it as Northern Province, Chinsali District at 959.2569 ha; the 78th MLC (27 Feb - 1 Mar 2024, window 12 Apr 2024) lists the same code as Southern Province, Choma District at 6.5410 ha. Southern/Choma is adopted because 959 ha is impossible for an Artisanal Mining Right (the class caps at roughly 6.7 ha) and 6.5410 ha matches the CSV's 7 ha, so the Extra Ordinary row's province and area appear to be a transcription error. Both notices record the decision as Deferred, not granted. MINERALS CAVEAT: commodities are published as Au, Co, Cu, Mn, Sn, W whereas the CSV says Quartz/Manganese/Lithium - only Manganese agrees. Must be kept distinct from 'Southern Minerals Co-operative Society Limited' (35106-HQ-AMR), a separate holder also in this batch. No contacts exist in any public source.","https://web.archive.org/web/20240517085656/https://www.mmmd.gov.zm/?p=2785 | https://web.archive.org/web/20240423173009/https://www.mmmd.gov.zm/?p=2626"
"Southern Minerals Co-operative Society Limited","medium",,"35106-HQ-AMR",,,,"no","no","LICENCE RESOLVED BUT NOT PLACED. Exact name match at the 75th MLC (27-29 Sep 2023, window 20 Nov 2023): Artisanal Mining Right 35106-HQ-AMR, APPROVED. DOCUMENTED NEGATIVE on district/province: the LOCATION cell for this row contains the literal string 'AMR' instead of a province and district - a data-entry defect in the published notice. The society appears in no other archived MLC notice from the 70th to the 88th meeting, and the 82nd, 86th and 89th-91st notices were never archived. MINERALS CAVEAT: the 75th table publishes no commodity or area column, so the CSV's Sand and Gravel/Granite/Crushed Broken Stone and 7 ha are unverified. Must be kept distinct from 'Southern Minerals And Mining Cooperative Society Limited' (35931-HQ-AMR, Southern/Choma), a separate holder also in this batch - the names differ only by 'And Mining'. No contacts exist in any public source.","https://web.archive.org/web/20240423180313/https://www.mmmd.gov.zm/?p=2618"
"speedy waters mining cooperative society ltd","high","Chongwe","Lusaka","MMMD licence code 37576-HQ-AMR",,,,"yes","no","Located via MLC 79th meeting results (11-12 Apr 2024) item 92: 'speedy waters mining cooperative society ltd (100%)', 37576-HQ-AMR, commodities Au, Cu, Mn, 6.6100 ha, Lusaka/Chongwe, Approved with window to 20 May 2024. Numeric cross-check is exact: Au/Cu/Mn correspond one-for-one to the register's Manganese/Gold/Copper with no extra or missing minerals; area 6.6100 ha consistent with rounded 7 ha; one right matches licences=1. Name match exact including the all-lowercase styling. No contacts exist for this population.","https://www.mmmd.gov.zm/?p=2794. RESULTS OF THE 79TH MINING LICENSING COMMITTEE (MLC) MEETING HELD ON 11TH TO 12TH APRIL 2024"
"Tawampa Multi-purpose Co-operative Society Limited","high","Kabwe","Central",,,,,"yes","no","Exact reconciliation with the CSV. MMMD artisanal mining rights 36615 and 36616-HQ-AMR (commodities DOL, GRT - dolomite and granite - 6.626 ha, Central/Kabwe, Approved at the Extra Ordinary Dec 2023 MLC) plus 36378 and 36380-HQ-AMR (Central/Kabwe, Approved 75th MLC). CSV records 4 licences, 27 ha, Dolomite/Granite - four rights of ~6.6 ha = 26.5 ha, minerals identical. A dimension-stone/quarry operation. Web search returns only unrelated foreign hits ('Tawampa Pty Ltd', Toowoomba place-name pages); no Zambian web presence.","https://www.mmmd.gov.zm/?p=2626 | https://www.mmmd.gov.zm/?p=2618"
"Thandizo Lathu Multipurpose Co-operative Society Limited","high","Mumbwa","Central",,,,,"yes","no","MMMD: artisanal mining rights 41611 and 41623-HQ-AMR (amethyst, Au, Cu, Fe; 6.6011 ha each, Approved 90th MLC) and 37567-HQ-AMR (amethyst, Au, Co, Cu, Fe, Mn, tourmaline; deferred 83rd MLC, Approved 84th) - all Central/Mumbwa across four separate sittings. CSV records 4 licences, 22 ha, Iron Ore/Manganese/Quartz; Fe and Mn both appear in the MMMD commodity lists. Three of the four licences were traced; the district is consistent across every appearance.","https://www.mmmd.gov.zm/?p=5836 | https://www.mmmd.gov.zm/?p=3780 | https://www.mmmd.gov.zm/?p=3515"
"TILITOSE CHIMUTENGO MULTIPURPOSE COOPERATIVE SOCIETY LIMITED","medium",,"37055-HQ-AMR and 37056-HQ-AMR",,,,"no","no","SOCIETY AND LICENCES IDENTIFIED, DISTRICT NARROWED TO TWO CANDIDATES BUT NOT RESOLVED. Exact name match at the 77th MLC (11-12 Jan 2024, window 19 Feb 2024), which approved TWO artisanal rights to this society in two DIFFERENT provinces: 37055-HQ-AMR at 6.6060 ha in Lusaka Province, Chongwe District, and 37056-HQ-AMR at 6.6325 ha in Eastern Province, Chadiza District. Both rows publish identical commodities AQM (aquamarine), Au, Cu, GYP, Ni, QTZ, Zn, which corroborates the CSV's Nickel/Anhydrite/Zinc on Nickel and Zinc, with GYP (gypsum) the notice's rendering of the closely associated sulfate the CSV calls Anhydrite. Hectares also agree (both round to 7). Because the CSV carries only 1 licence for this holder, one of the two rights was evidently relinquished or refused, and nothing in the record indicates which - so province and district are deliberately left null rather than guessed. Neither code appears in the MLC cancellation notice or the default notice for non-compliance, and neither reappears in any later archived notice; the 82nd, 86th and 89th-91st notices were never archived. No contacts exist in any public source.","https://web.archive.org/web/20240423173052/https://www.mmmd.gov.zm/?p=2675"
"Tukali Youth Multi-Purpose Co-operative","none",,,,,,"no","no","DOCUMENTED NEGATIVE - not found. Zero hits for 'Tukali' across a full local index of 13,468 table rows drawn from every archived MMMD Mining Licensing Committee notice: the 70th/71st (both reminder notices), 72nd, 73rd, 74th, 75th, 76th, 77th, 78th, 79th, 80th, 81st, 83rd, 84th, 85th, 87th and 88th results notices, the Extra Ordinary sitting of 27 Oct 2023, the MLC cancellation notice and the default notice for non-compliance. Two reasons this society leaves no trace: (a) the MLC archive begins at the 70th meeting of February 2023, so any grant made before then is invisible, and (b) the 82nd, 86th and 89th-91st notices are absent from the Wayback Machine and mmmd.gov.zm is currently unreachable over HTTPS from this environment (the host is fronted by a FortiGate appliance presenting an expired, wrong-principal certificate), so those meetings could not be checked. The nearest string in the index, 'Lukalia Mining Co-operative Society Limited' (38634-HQ-AMR, Luapula, Mansa), is an explicit NON-MATCH - different name and different commodities. No contacts exist for this population in any public source.","https://web.archive.org/web/20240423180313/https://www.mmmd.gov.zm/?p=2618 | https://web.archive.org/web/20250214103847/https://www.mmmd.gov.zm/?p=3515"
"Tumelo Mining Cooperative Society Limited","none",,,,,,"no","no","DOCUMENTED NEGATIVE - not found. Zero hits for 'Tumelo', and zero for the fuzzy variants t[uo]m[ea]l, tumelu and thumelo, across a full local index of 13,468 table rows covering every archived MMMD Mining Licensing Committee notice from the 70th meeting (Feb 2023) through the 88th (30 May 2025), plus the Extra Ordinary sitting of 27 Oct 2023, the MLC cancellation notice and the default notice for non-compliance. Reasons for the absence: (a) the MLC archive begins at the 70th meeting, so a pre-February-2023 grant leaves no trace, and (b) the 82nd, 86th and 89th-91st notices were never captured by the Wayback Machine and mmmd.gov.zm is unreachable over HTTPS from this environment (FortiGate interception with an expired, wrong-principal certificate), so those meetings could not be checked. No contacts exist for this population in any public source.","https://web.archive.org/web/20250717022002/https://www.mmmd.gov.zm/?p=4013"
"Tunjile Multi-Purpose Co-operative Society Limited","high","Kalomo","Southern","39011-HQ-AMR",,,,"yes","no","Exact name match at the 83rd MLC (30 Oct 2024, window 9 Dec 2024). Artisanal Mining Right 39011-HQ-AMR, 6.5200 ha, Southern Province, Kalomo District, Approved. Commodities published as Cu and Cu2CO3(OH)2, the chemical formula for malachite - a complete, two-of-two match to the CSV's Malachite/Copper, with licence count (1) and hectares (7 rounded from 6.52) also matching. Name is unique across the MLC index. No contacts exist in any public source.","https://web.archive.org/web/20250214103847/https://www.mmmd.gov.zm/?p=3515"
"Tusuwa Multipurpose Cooperative Society Limited","high","Kalomo","Southern","38324-HQ-AMR",,,,"yes","no","Exact name match at the 81st MLC (31 Jul 2024, window 9 Sep 2024). Artisanal Mining Right 38324-HQ-AMR, 6.5200 ha, Southern Province, Kalomo District, Approved. Commodities published as AMT (amethyst), AQM (aquamarine), Be3Al2(SiO3)6 (beryl, the beryllium ore) and FLD (feldspar) - this confirms all three CSV commodities (Beryllium, Feldspar, Amethyst), plus licence count (1) and hectares (7 rounded from 6.52). Part of a cluster of Kalomo gemstone-pegmatite cooperatives licensed at the 81st MLC alongside kachiba-biyo Multipurpose Cooperative Society (38322-HQ-AMR), also in this batch, at the identical 6.5200 ha - the two are adjacent cadastral units. No contacts exist in any public source.","https://web.archive.org/web/20250214120733/https://www.mmmd.gov.zm/?p=2923"
"Twaboola Multi-purpose Co-operative Society Limited","medium","Chibombo","Central","MMMD licence code 36635-HQ-AMR",,,,"yes","no","Located via the Extra Ordinary MLC meeting of 27 Oct 2023 item 99: 'Twaboola Multi-purpose Cooperative Society Limited', 36635-HQ-AMR, AMR, commodities Co, Cu, Au, 6.5923 Ha, Central/Chibombo, Approved. 'Twaboola' occurs exactly once across all 26 notices and the area 6.5923 ha is consistent with the register's rounded 7 ha. CAVEAT: minerals mismatch: the register lists Iron Ore/Lead/Nickel against the notice's Co, Cu, Au, with no overlap. As with Akainga and Mango, this licence falls in the 36627-36635 block of Central Province societies all published at 6.5923 ha with identical Co/Cu/Au commodities, which points to a repeated commodity cell in the notice rather than a mis-identified society. Confidence held at medium. No contacts exist for this population.","https://www.mmmd.gov.zm/?p=2626. RESULTS OF THE EXTRA ORDINARY MINING LICENSING COMMITTEE (MLC) MEETING HELD ON 27TH OCTOBER 2023"
"Twafwilishane Multi-Purpose Co-operative Society Limited","high","Kabwe","Central",,,,,"yes","no","Exact reconciliation with the CSV. MMMD artisanal mining rights 38385-HQ-AMR (Au, Cu, Mn, Pb, Zn; 82nd MLC) and 39421-HQ-AMR (Cu, Pb, Zn; 85th MLC), 6.63 ha each, Central/Kabwe, both Approved. CSV records 2 licences, 13 ha, Zinc/Lead/Copper - identical mineral set, 2 x 6.63 = 13.3 ha. Consistent with the Kabwe lead-zinc field. Web search returns no results.","https://www.mmmd.gov.zm/?p=4013 | https://www.mmmd.gov.zm/?p=3378"
"Twaima Youth Muilti Purpose Co-operative","high","Kawambwa","Luapula","MMMD licence code 35773-HQ-AMR",,,,"yes","no","Located via the Extra Ordinary MLC meeting of 27 Oct 2023 item 39: 'Twaima Youth Muilti Purpose Co-operative (100%)', 35773-HQ-AMR, AMR, commodity Mn, 6.7461 ha, Luapula/Kawambwa, Approved. Numeric cross-check is exact: Mn is the sole notice commodity and Manganese is the sole register commodity; area 6.7461 ha consistent with rounded 7 ha; one right matches licences=1. The name matches character for character including the misspelling 'Muilti' for 'Multi', which is strong evidence the register and the notice were populated from the same application. No contacts exist for this population.","https://www.mmmd.gov.zm/?p=2626. RESULTS OF THE EXTRA ORDINARY MINING LICENSING COMMITTEE (MLC) MEETING HELD ON 27TH OCTOBER 2023"
"Twavwane Multi-Purpose Cooperative Society Limited","high","Mungwi","Northern","38509-HQ-AMR",,,,"yes","no","Exact name match at the 84th MLC (12 Dec 2024, window 23 Jan 2025). Artisanal Mining Right 38509-HQ-AMR, 3.3700 ha, Northern Province, Mungwi District, Approved. Commodities published as AMT, Au, Co, COA, Cu, DIA, EM, Mn - this confirms all three CSV commodities (Emerald = EM, Diamond = DIA, Manganese = Mn), plus licence count (1) and the unusual 3 ha area (3.3700, roughly half a standard cadastral unit). Name is unique across the MLC index. No contacts exist in any public source.","https://web.archive.org/web/20250214103055/https://www.mmmd.gov.zm/?p=3780"
"Twawilwa Multi Purpose Cooperative  Limited","high","Mumbwa","Central",,,,,"yes","no","Exact reconciliation with the CSV. MMMD artisanal mining rights 32976 and 32977-HQ-AMR (75th MLC) and 32978-HQ-AMR (78th MLC), commodity Au only, 6.6012 ha, Central/Mumbwa, Approved. CSV records 2 licences, 13 ha, Gold - sole commodity Gold matches, 2 x 6.6 = 13.2 ha.","https://www.mmmd.gov.zm/?p=2785 | https://www.mmmd.gov.zm/?p=2618"
"TWAYUKA MINING COOPERATIVE SOCIETY LIMITED","high","Solwezi","North Western","MMMD licence code 38289-HQ-AMR",,,,"yes","no","Located via MLC 81st meeting results (31 Jul 2024) item 103: 'TWAYUKA MINING COOPERATIVE SOCIETY LIMITED (100%)', 38289-HQ-AMR, commodities AMT, Au, Co, Cu, Fe, LST, Mn, Ni, Pb, 6.6800 ha, North Western/Solwezi, Approved with window to 9 Sep 2024. Numeric cross-check passes on all three register minerals: LST=Limestone (General), Pb=Lead, Ni=Nickel; area 6.6800 ha consistent with rounded 7 ha; one right matches licences=1. Exact name match, unique across the archive; distinguish from 'Twaima', 'Twaboola' and 'Twaima Youth' which are separate societies in this same batch. No contacts exist for this population.","https://www.mmmd.gov.zm/?p=2923. RESULTS OF THE 81ST MINING LICENSING COMMITTEE (MLC) MEETING HELD ON 31ST JULY, 2024"
"TWEENDE CHILOBE MULTIPURPOSE COOPERATIVE SOCIETY LIMITED","high","Kalomo","Southern","MMMD licence code 38317-HQ-AMR",,,,"yes","no","Located via MLC 81st meeting results (31 Jul 2024) item 109: 'TWEENDE CHILOBE MULTIPURPOSE COOPERATIVE SOCIETY LIMITED (100%)', 38317-HQ-AMR, commodities AMT, AQM, Be3Al2(SiO3)6, F, FLD, Li, MIC, Sn, TML, 6.5200 ha, Southern/Kalomo, Approved with window to 9 Sep 2024. Numeric cross-check passes on all three register minerals: MIC=Mica, F=Fluorine-Fluorite, TML=Tourmaline; area 6.5200 ha consistent with rounded 7 ha; one right matches licences=1. Exact name match, unique across the archive. No contacts exist for this population.","https://www.mmmd.gov.zm/?p=2923. RESULTS OF THE 81ST MINING LICENSING COMMITTEE (MLC) MEETING HELD ON 31ST JULY, 2024"
"Upper Hands Mining Co-operative Society Limited","high","Mansa","Luapula","MMMD licence code 34930-HQ-AMR",,,,"yes","no","Located in two independent notices: MLC 75th meeting (27-29 Sep 2023) item 134, 34930-HQ-AMR, Luapula/Mansa, Approved; and the Extra Ordinary meeting of 27 Oct 2023 item 14, same code, AMR, commodities GRT and QTZ, 6.7103 ha, Luapula/Mansa, Approved. Numeric cross-check is exact: GRT/QTZ correspond precisely to the register's Quartz/Granite with no extra or missing minerals; 6.7103 ha consistent with rounded 7 ha; single right matches licences=1. Distinguish from 'UPPER MUSOFU FUTURE BRIGHT MULTI-PURPOSE CO-OPERATIVE SOCIETY LIMITED' (41185-HQ-AMR, Central/Mkushi) and 'Upper Karoo Resources Ltd', which are different entities. No contacts exist for this population.","https://www.mmmd.gov.zm/?p=2618. RESULTS OF THE 75TH MINING LICENSING COMMITTEE (MLC) MEETING HELD FROM 27TH TO 29TH SEPTEMBER 2023 | https://www.mmmd.gov.zm/?p=2626. RESULTS OF THE EXTRA ORDINARY MINING LICENSING COMMITTEE (MLC) MEETING HELD ON 27TH OCTOBER 2023"
"Vic-Chafi MultIpurpose Cooperative Society Limited","high","Lundazi","Eastern","MMMD licence code 36810-HQ-AMR",,,,"yes","no","Located in two notices with a visible decision history: MLC 84th meeting (12 Dec 2024) item 10, 'Vic-Chafi MultIpurpose Cooperative Society Limited (100%)', 36810-HQ-AMR, commodities AQM and QTZ, 6.6809 ha, Eastern/Lundazi, Deferred; then MLC 85th meeting (5 Mar 2025) item 22, same code, commodities, area and district, Approved with window to 13 Apr 2025. Numeric cross-check is exact: AQM=Aquamarine and QTZ=Quartz correspond one-for-one to the register's Quartz/Aquamarine; area 6.6809 ha consistent with rounded 7 ha; one right matches licences=1. Name match exact including the internal capital in 'MultIpurpose'. No contacts exist for this population.","https://www.mmmd.gov.zm/?p=3780. RESULTS OF THE 84TH MINING LICENSING COMMITTEE (MLC) MEETING HELD ON 12TH DECEMBER, 2024 | https://www.mmmd.gov.zm/?p=4013. RESULTS OF THE 85TH MINING LICENSING COMMITTEE (MLC) MEETING HELD ON 5TH MARCH, 2025"
"VINEYARD MULTI-PURPOSE CO-OPERATIVE SOCIETY LIMITED","high","Kasempa","North Western","MMMD licence code 37161-HQ-AMR",,,,"yes","no","Located via MLC 84th meeting results (12 Dec 2024) item 11: 'VINEYARD MULTI-PURPOSE CO-OPERATIVE SOCIETY LIMITED (100%)', 37161-HQ-AMR, commodities Ag, Au, Co, Cu, 6.6375 ha, North Western/Kasempa, Approved with window to 23 Jan 2025. Numeric cross-check passes on all three register minerals: Au=Gold, Ag=Silver, Co=Cobalt; area 6.6375 ha consistent with rounded 7 ha; one right matches licences=1. Exact name match, unique across the archive. No contacts exist for this population.","https://www.mmmd.gov.zm/?p=3780. RESULTS OF THE 84TH MINING LICENSING COMMITTEE (MLC) MEETING HELD ON 12TH DECEMBER, 2024"
"Vyane Mult-Purpose Co-operative Society Limited","high","Mumbwa","Central","MMMD licence code 33274-HQ-AMR",,,,"yes","no","Located in two notices spanning two years. MLC 74th meeting (3-4 Aug 2023) item 39: 'Vyane Mult-Purpose Co-operative Society Limited', 33274-HQ-AMR, Central/Mumbwa, Approved with window to 15 Sep 2023. MLC 91st meeting (8 Oct 2025) item 87: same name and code, commodities Au, Co, Cu, Fe, GRT, Mn, Ni, Pb, QTZ, Zn, 6.6002 ha, Central/Mumbwa, DEFERRED with window to 26 Nov 2025. Numeric cross-check passes on all three register minerals: Mn=Manganese, Pb=Lead, Ni=Nickel; area 6.6002 ha consistent with rounded 7 ha; one right matches licences=1. The 2025 deferral independently corroborates the register's lics_in_default_2025 flag for this society. Exact name match including the contracted 'Mult-Purpose'. No contacts exist for this population.","https://www.mmmd.gov.zm/?p=2598. RESULTS OF THE 74TH MINING LICENSING COMMITTEE (MLC) MEETING HELD FROM 3RD TO 4TH AUGUST 2023 | https://www.mmmd.gov.zm/?p=6170. RESULTS OF THE 91ST MINING LICENSING COMMITTEE (MLC) MEETING HELD ON 08TH OCTOBER, 2025"
"Wabanganya Multipurpose Cooperative Society","medium",,"MMMD licence code 36274-HQ-AMR",,,,"no","no","Licence code resolved but NOT placed to a district: this is a documented negative on location, not an unchecked blank. The society appears exactly once across all 26 published MLC notices: MLC 75th meeting (27-29 Sep 2023) item 155, 'Wabanganya Multi-purpose Co-operative Society Limited', 36274-HQ-AMR, Approved with window to 20 Nov 2023. The published row was inspected cell by cell in the source HTML and contains six cells: 155 | 36274-HQ-AMR | Wabanganya Multi-purpose Co-operative Society Limited | AMR | APPROVED | 20th November, 2023. The LOCATION column carries the literal string 'AMR' (the licence type) instead of a province and district, so MMMD's own table omits the location for this applicant. The name was also swept across the 2023 default notice and the MLC cancellation notice with no further occurrence, and no later meeting re-lists the code. District and province are therefore genuinely unavailable from the only source that covers this population. No contacts exist for this population.","https://www.mmmd.gov.zm/?p=2618. RESULTS OF THE 75TH MINING LICENSING COMMITTEE (MLC) MEETING HELD FROM 27TH TO 29TH SEPTEMBER 2023"
"Zabwino-Ndidi Multi-Purpose Co-operative Society Limited","high","Mumbwa","Central",,,,,"yes","no","Exact reconciliation with the CSV. MMMD 83rd MLC: artisanal mining rights 38985, 38987, 38988 and 38990-HQ-AMR - four licences, commodities Au and Au/Cu, 6.6 ha each, Central/Mumbwa, all Approved. CSV records 4 licences, 26 ha, Gold/Copper (4 x 6.6 = 26.4 ha).","https://www.mmmd.gov.zm/?p=3515"
"Zambia Savings and Credit Union Cooperative Society Limited","high","Mumbwa","Central",,,,,"yes","no","Identity certain (exact name). MMMD: artisanal mining right 39930-HQ-AMR (Au, Cu, QTZ, 6.6 ha), Central/Mumbwa - Deferred at the 86th MLC then Rejected at the 89th; plus 35516 and 35517-HQ-AMR (75th MLC, Approved, district not printed). Two important caveats: (1) the CSV's minerals (Iron Ore/Anhydrite/Gypsum) do NOT match this licence's Au/Cu/QTZ, so the mineral cross-check fails here; (2) this is a savings and credit (SACCO-type) cooperative that has taken mining rights, so Mumbwa is the LICENCE LOCATION only and is very unlikely to be its registered office, which would normally be urban. Do not treat this district as a head-office address.","https://www.mmmd.gov.zm/?p=5497 | https://www.mmmd.gov.zm/?p=4061 | https://www.mmmd.gov.zm/?p=2618"
"ZAMSERE YOUTHS MINING COOPERATIVE SOCIETY LIMITED","high","Serenje","Central",,,,,"yes","no","Base is Serenje, Central Province: MMMD artisanal mining rights 38087 and 38223-HQ-AMR (81st MLC), 40170-HQ-AMR (87th MLC) and 40734-HQ-AMR (89th MLC), all Central/Serenje, Approved; commodity lists include QTZ, Mn and Fe, matching the CSV's Quartz/Manganese/Iron Ore exactly. Areas of 6.68 ha x 3 = 20.0 ha match the CSV's 3 licences / 20 ha. It also holds 40623-HQ-AMR in Northern/Mpika (Approved, 89th MLC), a secondary area. Web search on 'Zamsere' returns only unrelated foreign social-media accounts.","https://www.mmmd.gov.zm/?p=5497 | https://www.mmmd.gov.zm/?p=4069 | https://www.mmmd.gov.zm/?p=2923"
"Zao Mining Cooperative Society Limited","high","Petauke","Eastern",,,,,"yes","no","Exact name match in MMMD MLC 75th meeting results (27-29 Sep 2023). AMR 33333-HQ-AMR. Same district as Jungle Lion Mining Co-operative (Petauke, Eastern Province).","https://www.mmmd.gov.zm/?p=2618"
