"holder","declared_business","business_class","name_contradicts_declaration","entity_number","registration_date","hectares","licenses","mining_lics","main_commodities","beneficial_owner_declared","annual_return_filed","lics_in_default_2025"
"Mbeze Resources Limited","Other mining and quarrying n.e.c.","mining_related","no","120251020502","14/02/2025","776994","5","0","Lead/Gold/Molybdenum","1","1","0"
"Lumwana Mining Co. Limited","Support activities for other mining and quarrying","mining_related","no","119990043254","24/08/1999","699256","12","6","Gold/Silver/Cobalt","0","1","6"
"Antler Exploration Zambia Limited","Other mining and quarrying n.e.c.","mining_related","no","120210022546","21/10/2021","473627","3","0","Nickel/Manganese/Zinc","1","0","3"
"Osara Mining Limited","Support activities for other mining and quarrying","mining_related","no","120170004776","22/06/2017","346379","5","0","Copper/Cobalt/Silver","0","0","2"
"AA Minerals Limited","Mining of other non-ferrous metal ores","mining_related","no","120210023366","08/11/2021","283845","4","0","Manganese/Copper/Gold","1","1","1"
"ZIQUAN MINING LIMITED","Support activities for other mining and quarrying","mining_related","no","120241010539","30/07/2024","273168","5","0","Copper/Iron Ore/Nickel","1","0","0"
"Zambian Anglo Mining Limited","Mining of iron ores","mining_related","no","220200000064","03/12/2020","257798","6","2","Iron Ore/Manganese/Gold","1","1","3"
"Munamalu Resources Limited","Support activities for other mining and quarrying","mining_related","no","120180000654","23/01/2018","222946","2","0","Lithium/Manganese/Garnet","1","1","0"
"karakoram Resources Limited","Mining of other non-ferrous metal ores","mining_related","no","120220042913","07/12/2022","218213","3","0","Gold/Iron Ore/Zinc","1","1","3"
"ULAPA BUSINESS VENTURES LIMITED","Mining of other non-ferrous metal ores","mining_related","no","120241002327","16/02/2024","210459","2","0","Niobium (Columbium)/Mica/Manganese","1","1","2"
"Trentbridge Mining and Exploration Limited","Mining of iron ores","mining_related","no","120230045752","07/02/2023","197742","3","0","Gold/Manganese/Cobalt","1","1","0"
"Sekulu Mining Limited","Other mining and quarrying n.e.c.","mining_related","no","120220043596","22/12/2022","185687","2","0","Lithium/Manganese/Tin","1","0","2"
"Lyon Investment Zambia Limited","Other mining and quarrying n.e.c.","mining_related","no","120190005031","27/06/2019","179899","5","1","Manganese/Gold/Copper","0","1","5"
"MOONSHINE MINING LIMITED","Mining of other non-ferrous metal ores","mining_related","no","120241017876","30/12/2024","175120","5","0","Copper/Gold/Cobalt","1","0","0"
"Blue Fox Metals Limited"," Mining of other non-ferrous metal ores","mining_related","no","120210022616","22/10/2021","173966","4","0","Copper/Gold/Cobalt","1","0","0"
"Bangweulu Mining Limited","Other mining and quarrying n.e.c.","mining_related","no","120220033478","24/05/2022","164898","1","0","Platinum/Manganese/Ruby","1","0","0"
"Zanima Natural Resources Limited","Other mining and quarrying n.e.c.","mining_related","no","120220043581","22/12/2022","162888","4","0","Gold/Copper/Silver","1","0","2"
"Hotspur Helium Zambia Limited","Other mining and quarrying n.e.c.","mining_related","no","120241011942","28/08/2024","160556","1","0","Helium/Nitrogen-Nitrates/Geothermal","1","1","0"
"Viet Zam Diversified Development Corporation Limited","Other mining and quarrying n.e.c.","mining_related","no","120220034868","20/06/2022","158237","3","0","Nickel/Copper/Gold","1","0","2"
"Chibuluma Mines Plc","Mining of other non-ferrous metal ores","mining_related","no","119970039097","25/09/1997","158197","6","2","Zinc/Nickel/Copper","0","1","0"
"Earthcore Mining and Exploration Limited","Support activities for other mining and quarrying","mining_related","no","120230051649","06/06/2023","156376","4","0","Gold/Copper/Cobalt","1","1","0"
"Tuzikeni Mining and Construction Company Limited","Other mining and quarrying n.e.c.","mining_related","no","120220035426","29/06/2022","154746","6","0","Cobalt/Copper/Zinc","1","0","5"
"Builders Mining Corporation Limited","Other mining and quarrying n.e.c.","mining_related","no","120220041823","11/11/2022","152195","6","2","Tin/Tantalum/Tungsten","1","1","1"
"Gamma Resources Limited","Mining of other non-ferrous metal ores","mining_related","no","120230044461","13/01/2023","147738","4","0","Lead/Gold/Copper","1","1","0"
"Chiponde Mining Company Limited","Support activities for other mining and quarrying","mining_related","no","120210024420","30/11/2021","147381","5","1","Aquamarine/Copper/Manganese","1","0","4"
"Black Horse Mining Limited","Mining of other non-ferrous metal ores","mining_related","no","120230052332","20/06/2023","146792","2","1","Gold/Copper/Selenium","1","1","0"
"Rising Resources Limited","Mining of iron ores","mining_related","no","120190002726","02/04/2019","146752","1","0","Quartz/Manganese/Sand","1","0","0"
"BUTTERFLY COPPER MINING LIMITED","Other mining and quarrying n.e.c.","mining_related","no","120230060399","29/11/2023","146617","5","0","Copper/Gold/Emerald","1","0","0"
"Baluba Minerals Limited","Mining of other non-ferrous metal ores","mining_related","no","120200001256","12/02/2020","145005","1","0","Manganese/Limestone (General)/Lead","1","1","0"
"Vitreous Minerals Limited","Mining of other non-ferrous metal ores","mining_related","no","120180008983","23/10/2018","143792","2","0","Niobium (Columbium)/Rare EarthsElements/Molybdenum","0","1","0"
"KSR GLOBAL RESOURCES LIMITED","Support activities for other mining and quarrying","mining_related","no","120220029134","02/03/2022","142362","2","0","Manganese/Limestone (General)/Silver","1","1","2"
"Konkola Copper Mines Plc","Support activities for other mining and quarrying","mining_related","no","119990043628","10/11/1999","139197","7","5","/Gold/Silver","0","1","1"
"Omu Metals and Processing Limited","Mining of other non-ferrous metal ores","mining_related","no","120200000634","24/01/2020","132841","2","0","Gold/Manganese/Platinum Group Metals","1","1","2"
"CAMCO MINING ZAMBIA LIMITED","Other mining and quarrying n.e.c.","mining_related","no","120220043041","09/12/2022","132656","2","0","Manganese/Rare EarthsElements/Zinc","1","1","2"
"Grassroots Copper Limited","Support activities for other mining and quarrying","mining_related","no","120120099986","28/02/2012","130410","4","0","Platinum/Palladium/Silver","0","1","2"
"WHITE STALLION MINING LIMITED","Mining of other non-ferrous metal ores","mining_related","no","120251018257","06/01/2025","129399","5","0","Copper/Gold/Nickel","1","0","0"
"Zambian Anglo Mkushi Limited","Other mining and quarrying n.e.c.","mining_related","no","120190002749","03/04/2019","126058","5","1","Gold/Copper/Manganese","1","1","4"
"Primerose Resources Zambia Limited","Other mining and quarrying n.e.c.","mining_related","no","120230046266","16/02/2023","124986","3","0","Lead/Malachite/Nickel","1","0","1"
"KEMUFU MINING LIMITED","Other mining and quarrying n.e.c.","mining_related","no","120230060387","29/11/2023","122357","4","0","Emerald/Gold/Nickel","1","0","0"
"Landilani Natural Resources Limited","Other mining and quarrying n.e.c.","mining_related","no","120220043597","22/12/2022","120172","5","0","Gold/Silver/Cobalt","1","0","3"
"World Class Mineral Venture Limited","Other mining and quarrying n.e.c.","mining_related","no","120180001083","06/02/2018","119663","3","0","Copper/Nickel/Silver","0","1","2"
"Imperial Resources Limited","Mining of other non-ferrous metal ores","mining_related","no","120210022241","15/10/2021","119607","3","0","Iron Ore/Silver/Zinc","1","0","2"
"Mutand Resources Limited","Mining of other non-ferrous metal ores","mining_related","no","120190006045","06/08/2019","119266","4","0","Limestone (General)/Lead/Anhydrite","1","0","0"
"CHILILAMATAMBO MINING LIMITED","Other mining and quarrying n.e.c.","mining_related","no","120220034517","13/06/2022","118502","2","1","Iron Ore//Copper","1","0","1"
"African Pioneer Zambia Limited","Support activities for other mining and quarrying","mining_related","no","120200007992","23/09/2020","116980","4","0","Nickel/Copper/Cobalt","0","0","4"
"Elysium Minerals Limited","Other mining and quarrying n.e.c.","mining_related","no","120210013250","24/02/2021","115462","3","0","Copper/Manganese/Iron Ore","0","1","2"
"FQM Trident Limited","Mining of other non-ferrous metal ores","mining_related","no","120060064262","15/02/2006","114114","6","6","Platinum Group Metals/Nickel/Silver","1","1","1"
"Lebrenca Investments Limited","Support activities for other mining and quarrying","mining_related","no","120130116493","17/10/2013","112960","2","0","Silver/Zinc/Manganese","0","0","1"
"Pretium Resources Limited","Other mining and quarrying n.e.c.","mining_related","no","120220034855","17/06/2022","109911","2","0","Anhydrite/Gypsum/Graphite","1","0","2"
"JM Quarrying and Mining Limited"," Other mining and quarrying n.e.c.","mining_related","no","120210020658","15/09/2021","108975","1","0","Platinum/Silver/Gold","1","0","1"
"Westate Zambia Limited","Mining of other non-ferrous metal ores","mining_related","no","120200001152","07/02/2020","107136","3","0","Gold/Nickel/Cobalt","1","1","1"
"Tsavari Mining Limited","Mining of other non-ferrous metal ores","mining_related","no","120220033938","02/06/2022","103874","4","0","Gold/Silver/Lead","1","0","3"
"Polyplus Zambia Limited","Support activities for other mining and quarrying","mining_related","no","120230048180","23/03/2023","103051","5","0","Gold/Cobalt/Copper","1","0","0"
"G & G National Wide Mining Zambia Limited","Support activities for other mining and quarrying","mining_related","no","120130118230","19/12/2013","102364","1","0","Silver/Talc-Soapstone/Quartz","0","0","1"
"Mayfair Global Solutions Zambia Limited","Mining of other non-ferrous metal ores","mining_related","no","120180004939","13/06/2018","101321","4","0","Manganese/Silver/Zinc","0","0","2"
"Highland Mines and Minerals Limited","Other mining and quarrying n.e.c.","mining_related","no","120210014249","25/03/2021","98683","5","0","Lead/Manganese/Zinc","1","1","0"
"STRIKING STAR MINERAL RESOURCES LIMITED","Support activities for petroleum and natural gas extraction","mining_related","no","120241005599","23/04/2024","98405","2","0","Lead/Iron Ore/Zinc","1","0","2"
"Matpet Holdings Limited","Mining of other non-ferrous metal ores","mining_related","no","120220039957","30/09/2022","96611","2","0","Iron Ore/Manganese/Cobalt","1","0","2"
"DAHKANY MINING RESOURCES LIMITED","Other mining and quarrying n.e.c.","mining_related","no","120241012693","11/09/2024","95592","2","0","Copper/Tantalum/Tungsten","1","0","0"
"Dongsen Mining & Investment Limited","Mining of other non-ferrous metal ores","mining_related","no","120210024553","02/12/2021","94683","1","0","Ruby/Quartz/Zinc","1","0","1"
"Annapoorna Minerals Limited","Other mining and quarrying n.e.c.","mining_related","no","120190004841","20/06/2019","93421","4","0","Sand/Manganese/Limestone (General)","0","0","0"
"Gandi Natural Resources Company Zambia Limited","Mining of other non-ferrous metal ores","mining_related","no","120241001558","01/02/2024","93098","5","0","Gold/Copper/Silver","1","1","0"
"Chenjelani Resources Limited","Other mining and quarrying n.e.c.","mining_related","no","120220043591","22/12/2022","91336","4","0","Manganese/Gold/Iron Ore","1","0","3"
"WEIJU INVESTMENT LIMITED","Other mining and quarrying n.e.c.","mining_related","no","120230061661","29/12/2023","90061","4","0","Lead/Gold/Silver","1","1","2"
"EARTHZONE MINING LIMITED","Mining of other non-ferrous metal ores","mining_related","no","120251018407","10/01/2025","89929","3","0","Gold/Fluorine-Fluorite/Tin","1","0","0"
"GOLDEN GRIDLINES SOLUTIONS LIMITED","Other retail sale in non-specialized stores","mining_related","no","120241008942","25/06/2024","89491","3","0","Copper/Cobalt/Gold","1","0","0"
"Lunsongwa and Mining  Exploration  Resources Limited","Other mining and quarrying n.e.c.","mining_related","no","120230053937","25/07/2023","87354","1","0","Nickel/Zinc/Gold","1","0","0"
"Franciscan Minerals Zambia Limited","Support activities for other mining and quarrying","mining_related","no","120120108127","24/12/2012","86132","3","0","Tin/Zinc/Nickel","0","0","3"
"Winzan Mining Limited","Other mining and quarrying n.e.c.","mining_related","no","120200004437","09/06/2020","84382","2","0","Lead/Zinc/Gold","1","1","0"
"Melesa Mining Limited","Other mining and quarrying n.e.c.","mining_related","no","120241016208","24/11/2024","83388","1","0","Manganese/Iron Ore/Tourmaline","1","1","0"
"Africa Prospect Development Zambia Limited","Support activities for other mining and quarrying","mining_related","no","120170005080","06/07/2017","82657","2","0","Garnet/Feldspar/Corundum","0","0","1"
"Namonde Mining Limited","Mining of other non-ferrous metal ores","mining_related","no","120220042717","02/12/2022","82644","4","0","Iron Ore/Lead/Zinc","1","0","2"
"Mayiko Infrastructure Limited","Mining of other non-ferrous metal ores","mining_related","no","120220040364","10/10/2022","82244","2","0","Iron Ore/Zinc/Manganese","1","1","0"
"Jingneng Mining Limited","Other mining and quarrying n.e.c.","mining_related","no","120241012217","04/09/2024","82163","4","0","Copper/Zinc/Gold","1","0","0"
"Camland Construction Limited","Retail sale of hardware, paints and glass in specialized stores","mining_related","no","120080074456","21/08/2008","81662","1","0","Gold/Zinc/Cobalt","0","1","1"
"ELEGANTE MINERAL RESOURCES LIMITED","Other mining and quarrying n.e.c.","mining_related","no","120230054097","27/07/2023","79213","3","0","Gold/Zinc/Copper","1","0","0"
"Buccha Minerals Quest Limited","Mining of other non-ferrous metal ores","mining_related","no","120241011217","14/08/2024","78831","6","0","Copper/Gold/Iron Ore","1","1","0"
"North Gypsum Mining Limited","Mining of other non-ferrous metal ores","mining_related","no","120230044202","06/01/2023","78318","1","0","Rare EarthsElements/Manganese/Silver","1","0","0"
"Red Sea Resources Zambia Limited"," Support activities for other mining and quarrying","mining_related","no","120210018634","26/07/2021","78163","3","0","Lead/Manganese/Gold","1","0","2"
"Mudiwa Resources Limited","Mining of iron ores","mining_related","no","120230055193","18/08/2023","76943","3","0","Gold/Cobalt/Copper","1","1","2"
"BERECHIT RESOURCES LIMITED","Other mining and quarrying n.e.c.","mining_related","no","120241006059","03/05/2024","76343","2","0","Iron Ore/Zinc/Gold","1","0","0"
"Exoryxi Mining Limited","Other mining and quarrying n.e.c.","mining_related","no","120241003109","28/02/2024","75665","5","0","Gold/Copper/Cobalt","1","0","2"
"Pegma Mining Limited","Other mining and quarrying n.e.c.","mining_related","no","120220043395","16/12/2022","75010","4","0","Iron Ore/Zinc/Nickel","0","0","1"
"Nile Minerals Limited","Manufacture of basic precious and other non-ferrous metals","mining_related","no","120220032224","03/05/2022","74613","4","0","Manganese/Copper/Zinc","1","1","0"
"Copper Anode Zambia Limited","Mining of other non-ferrous metal ores","mining_related","no","120230061269","19/12/2023","74550","4","0","Lead/Zinc/Gold","1","1","0"
"Karamay Investment Company Limited","Mining of other non-ferrous metal ores","mining_related","no","120210015040","16/04/2021","74530","1","0","Quartz/Platinum/Niobium (Columbium)","1","1","0"
"CAMCO EQUIPMENT (ZAMBIA) LIMITED","Retail sale of electrical household appliances, furniture, lighting equipment and other household articles in specialized stores","mining_related","no","119980040840","16/06/1998","74514","2","0","Manganese/Rare EarthsElements/Zinc","0","1","1"
"SIBRU MINING INVESTMENTS LIMITED","Other mining and quarrying n.e.c.","mining_related","no","120241014167","12/10/2024","72300","4","0","Nickel/Silver/Zinc","1","0","0"
"Senke Investment Limited","Support activities for other mining and quarrying","mining_related","no","120200008308","01/10/2020","71981","6","0","Copper/Kaolin/Feldspar","1","0","1"
"Magna Mining Limited","Mining of other non-ferrous metal ores","mining_related","no","120170001553","24/02/2017","71697","5","0","Copper/Gold/Manganese","1","1","0"
"Avocado Mining Limited","Mining of hard coal","mining_related","no","120160004715","01/07/2016","69764","5","1","Copper/Gold/Iron Ore","0","0","5"
"pumbaa ventures limited","Mining of other non-ferrous metal ores","mining_related","no","120241002210","14/02/2024","68971","2","0","Iron Ore/Copper/Cobalt","1","0","2"
"Pacific Minerals Limited","Manufacture of basic precious and other non-ferrous metals","mining_related","no","120220032282","04/05/2022","68628","4","0","Niobium (Columbium)/Gold/Copper","1","1","0"
"Muvalu Mining Company Limited","Mining of other non-ferrous metal ores","mining_related","no","120230046280","17/02/2023","68627","1","0","Copper","1","0","1"
"Hidden Treasures Mining Limited","Mining of other non-ferrous metal ores","mining_related","no","120200006058","04/08/2020","67979","4","0","Quartz/Copper/Gold","1","0","3"
"STRAMIN AFRICA ZAMBIA LIMITED","Support activities for other mining and quarrying","mining_related","no","120241009168","28/06/2024","67104","1","0","Rare EarthsElements/Quartz/Niobium (Columbium)","1","1","0"
"Liuris Resources Limited","Mining of other non-ferrous metal ores","mining_related","no","120230052797","29/06/2023","66988","2","0","Manganese/Malachite/Zinc","1","0","0"
"BLACK TIGER MINING LIMITED","Other mining and quarrying n.e.c.","mining_related","no","120230060339","28/11/2023","66417","3","0","Gold/Nickel/Cobalt","1","0","2"
"Nalukui Investments  Limited","Mining of other non-ferrous metal ores","mining_related","no","120170009888","20/12/2017","66132","2","0","Lead/Palladium/Platinum","0","0","0"
"Vienco Industries Limited","Manufacture of basic precious and other non-ferrous metals","mining_related","no","120220037782","18/08/2022","65817","3","0","Copper/Gold/Silver","1","0","1"
"ATL Exploration and Mining Limited","Other mining and quarrying n.e.c.","mining_related","no","120241008318","12/06/2024","64429","3","0","Nickel/Manganese/Malachite","1","0","0"
"Shindumba Mining Limited","Mining of other non-ferrous metal ores","mining_related","no","120220027008","21/01/2022","63901","1","0","Nickel/Silver/Zinc","1","1","0"
"Guohua Mining Company Limited","Support activities for other mining and quarrying","mining_related","no","120241008081","10/06/2024","63837","4","0","Emerald/Gold/Nickel","1","0","3"
"Jingdao Mining Limited","Other mining and quarrying n.e.c.","mining_related","no","120241012080","31/08/2024","62433","5","0","Copper/Manganese/Cobalt","1","0","0"
"Droplex Industrial System Limited","Other retail sale not in stores, stalls or markets","mining_related","no","120110096511","20/10/2011","62193","2","0","Manganese/Tin/Lithium","0","0","1"
"Wealthfields Minerals And Metals Limited","Mining of other non-ferrous metal ores","mining_related","no","120230045428","01/02/2023","62144","3","0","Iron Ore/Manganese/Silver","1","0","3"
"Hadaean Minerals Limited","Mining of other non-ferrous metal ores","mining_related","no","120230047950","20/03/2023","61665","2","0","Iron Ore/Gold/Niobium (Columbium)","1","0","1"
"Ulubwe Mining Limited","Mining of other non-ferrous metal ores","mining_related","no","120230053756","20/07/2023","60417","5","1","Gold/Copper/Zinc","1","0","1"
"Achilles Mining Limited","Other mining and quarrying n.e.c.","mining_related","no","120190003245","25/04/2019","60231","3","0","Silver/Manganese/Platinum","1","1","1"
"Mount Putuo Copper Mine Limited","Other mining and quarrying n.e.c.","mining_related","no","120241013094","21/09/2024","59237","4","0","Lead/Gold/Silver","1","0","0"
"SHINETH RESOURCE MINING LIMITED","Mining of other non-ferrous metal ores","mining_related","no","120230060122","23/11/2023","57617","3","0","Malachite/Gold/Copper","1","0","0"
"Lusasha Mining and Contractors Limited","Support activities for other mining and quarrying","mining_related","no","120180005546","04/07/2018","57465","1","0","Quartz/Manganese/Zinc","0","0","1"
"Hongyida Investment Limited","Other mining and quarrying n.e.c.","mining_related","no","120210014471","31/03/2021","56652","5","0","Copper/Silver/Zinc","1","1","2"
"Zambian Anglo Copper Limited","Other mining and quarrying n.e.c.","mining_related","no","120230054667","09/08/2023","56648","6","0","Gold/Copper/Cobalt","1","1","3"
"Kambole Minerals Limited","Other mining and quarrying n.e.c.","mining_related","no","120220041090","27/10/2022","54982","2","0","Dolomite/Zinc/Nickel","1","1","1"
"Fort Jameson Gold Fields Limited","Mining of iron ores","mining_related","no","120160006497","15/09/2016","54790","2","0","Iron Ore/Lead/Zinc","0","1","1"
"JP MINERAL AND REFINERY LIMITED","Mining of other non-ferrous metal ores","mining_related","no","120241010672","02/08/2024","54672","3","0","Silver/Gypsum/Graphite","1","0","0"
"Moxico Resources Zambia Limited","Other mining and quarrying n.e.c.","mining_related","no","120150131669","22/04/2015","54121","2","0","Gold/Copper/Cobalt","0","1","0"
"Zammao Mining Investment Company Limited","Mining of other non-ferrous metal ores","mining_related","no","120230045826","08/02/2023","53947","3","0","Copper/Manganese/Gold","1","0","2"
"Black Dolphin Natural Resources Limited","Other mining and quarrying n.e.c.","mining_related","no","120220026967","21/01/2022","53694","4","0","Iron Ore/Manganese/Copper","1","0","3"
"Amabwe Mineral Ventures Limited","Other mining and quarrying n.e.c.","mining_related","no","120220043582","22/12/2022","53280","3","0","Silver/Emerald/Nickel","1","0","0"
"HOTA MINING COMPANY LIMITED","Other mining and quarrying n.e.c.","mining_related","no","120251019921","05/02/2025","52900","1","0","Silver/Rare EarthsElements/Quartz","1","0","0"
"Sinomine Resource Geological Engineering Company Limited","Retail sale of electrical household appliances, furniture, lighting equipment and other household articles in specialized stores","mining_related","no","120130113632","09/07/2013","52612","2","0","Gold/Manganese/Beryllium","1","1","0"
"TAAZ MINING LIMITED","Mining of other non-ferrous metal ores","mining_related","no","120251021831","06/03/2025","51653","2","0","Nickel/Zinc/Gold","1","1","0"
"Auroma Mining and Minerals Zambia Limited","Mining of other non-ferrous metal ores","mining_related","no","120230059632","14/11/2023","51363","4","0","Iron Ore/Manganese/Gold","1","1","0"
"Copperzone Resources Limited","Support activities for other mining and quarrying","mining_related","no","120080075362","13/10/2008","51357","4","0","Manganese/Uranium/Rare EarthsElements","0","0","1"
"Zamare Minerals ( Zambia) Limited","Other mining and quarrying n.e.c.","mining_related","no","120180009015","25/10/2018","51225","5","0","Gold/Copper/Cobalt","0","1","2"
"Pridegems Mines Limited","Other mining and quarrying n.e.c.","mining_related","no","120160005103","19/07/2016","51091","3","2","Emerald/Copper/Gold","1","0","1"
"Kawachi Minerals Limited","Other mining and quarrying n.e.c.","mining_related","no","120230047555","15/03/2023","50997","3","0","Manganese/Gold/Copper","1","1","0"
"Constantinou Menelaos Agathoklis Mining Company Limited","Mining of iron ores","mining_related","no","120210021999","12/10/2021","50978","3","0","Gold/Copper/Cobalt","1","1","3"
"LOBITO RESOURCES LIMITED","Support activities for other mining and quarrying","mining_related","no","120241015097","01/11/2024","50657","1","0","Garnet/Gemstones/Feldspar","1","1","0"
"CHADIZA MINERAL RESOURCES LIMITED","Mining of other non-ferrous metal ores","mining_related","no","120241005921","30/04/2024","50079","4","0","Gold/Copper/Cobalt","1","0","2"
"Unene Trading Limited","Retail sale in non-specialized stores with food, beverages or tobacco predominating","mining_related","no","120190007888","04/10/2019","49669","2","0","Manganese/Copper/Cobalt","1","0","2"
"Mwenshi Resources Limited","Other mining and quarrying n.e.c.","mining_related","no","120251020465","14/02/2025","48217","2","0","Nickel/Quartz/Zinc","1","1","0"
"SILVER JACKET GENERAL DEALERS LIMITED","Other retail sale in non-specialized stores","mining_related","no","120230055636","29/08/2023","48061","3","0","Iron Ore/Manganese/Copper","1","0","2"
"P & C PRACH INVESTMENTS ZAMBIA LIMITED","Support activities for other mining and quarrying","mining_related","no","120130117352","19/11/2013","48014","1","0","Iron Ore/Manganese/Zinc","0","0","0"
"Magnum Gulf Resources (Zambia) Limited","Mining of other non-ferrous metal ores","mining_related","no","220220000172","02/05/2022","47698","2","0","Manganese/Limestone (General)/Dolomite","1","1","0"
"TCB Mines & Minerals Limited","Other mining and quarrying n.e.c.","mining_related","no","120241004909","10/04/2024","47659","3","0","Lead/Gold/Tourmaline","1","0","0"
"Supernova Mining and Exploration Limited","Other mining and quarrying n.e.c.","mining_related","no","120220041026","26/10/2022","47478","1","0","Nickel/Rare EarthsElements/Uranium","1","1","0"
"MAKOOLA RESOURCES LIMITED","Other mining and quarrying n.e.c.","mining_related","no","120230060398","29/11/2023","46834","2","0","Emerald/Manganese/Nickel","1","0","0"
"Omex Mining(ZAMBIA) Limited","Support activities for other mining and quarrying","mining_related","no","120230061616","28/12/2023","46639","3","0","Gold/Zinc/Cobalt","1","0","2"
"Fontainebleau Zambia Limited","Support activities for other mining and quarrying","mining_related","no","120230058762","27/10/2023","46242","5","0","Gold/Nickel/Zinc","1","0","0"
"Salman mining Enterprises Limited","Other mining and quarrying n.e.c.","mining_related","no","120200001834","03/03/2020","46115","4","1","Silver/Nickel/Platinum Group Metals","1","0","4"
"DAS Overseas Limited","Other mining and quarrying n.e.c.","mining_related","no","120210012179","26/01/2021","45831","3","2","Manganese/Tin/Zinc","0","0","2"
"UNI METALS AND MINERALS LIMITED","Mining of other non-ferrous metal ores","mining_related","no","120220036058","14/07/2022","45772","3","0","Lead/Tin/Manganese","1","0","0"
"JFS Resources Limited","Other mining and quarrying n.e.c.","mining_related","no","120210016662","31/05/2021","45706","2","0","Silver/Gold","1","0","1"
"GANUNA MINERALS LIMITED","Other mining and quarrying n.e.c.","mining_related","no","120241005778","26/04/2024","45429","1","0","Quartz/Zinc/Gold","1","0","0"
"Chirundu Joint Venture Zambia Limited","Support activities for other mining and quarrying","mining_related","no","120080073553","02/07/2008","45312","2","1","Uranium/Coal","1","1","2"
"Copernicus Minerals Limited","Other mining and quarrying n.e.c.","mining_related","no","120241003440","06/03/2024","44858","3","0","Lead/Nickel/Zinc","1","1","3"
"CORE LODE INVESTMENTS LIMITED","Mining of other non-ferrous metal ores","mining_related","no","120241000974","22/01/2024","44689","5","0","Emerald/Gold/Nickel","1","0","0"
"Musenga Mining Zambia Limited","Other mining and quarrying n.e.c.","mining_related","no","120241015922","18/11/2024","44644","2","0","Iron Ore/Copper/Gold","1","1","0"
"Muchinga Energy Resources Limited","Support activities for other mining and quarrying","mining_related","no","120110091383","01/04/2011","44327","2","1","Uranium/Coal","1","1","2"
"Meridian Mining & Exploration Limited","Mining of other non-ferrous metal ores","mining_related","no","120160007151","05/10/2016","44322","1","0","Gold/Lithium/Manganese","0","0","0"
"Drift Mining Limited","Mining of other non-ferrous metal ores","mining_related","no","120220036634","26/07/2022","43964","1","0","Gold/Silver/Cobalt","1","0","1"
"Aquilagreen Resource Limited","Mining of other non-ferrous metal ores","mining_related","no","120220043440","19/12/2022","43625","3","0","Copper/Gold/Nickel","1","0","1"
"Zahori Company Limited","Mining of other non-ferrous metal ores","mining_related","no","120230046893","28/02/2023","43226","3","0","Lead/Quartz/Rare EarthsElements","1","1","1"
"Grand Seven Limited","Retail sale of electrical household appliances, furniture, lighting equipment and other household articles in specialized stores","mining_related","no","120130109218","06/02/2013","42652","4","0","Quartz/Copper/Cobalt","1","1","4"
"Zambian United Mining Corporation Limited","Retail sale of electrical household appliances, furniture, lighting equipment and other household articles in specialized stores","mining_related","no","120100086143","06/08/2010","42623","2","0","Manganese/Lead/Zinc","0","0","1"
"Diars Mining Limited","Mining of other non-ferrous metal ores","mining_related","no","120230048209","23/03/2023","42610","1","0","Manganese/Limestone (General)/Iron Ore","1","0","1"
"Pendwe Mining Company Limited","Other mining and quarrying n.e.c.","mining_related","no","120170008617","08/11/2017","42439","2","1","Iron Ore/Gold/Copper","0","0","1"
"Black Impala Resources Limited","Other mining and quarrying n.e.c.","mining_related","no","120220033799","31/05/2022","42313","1","0","Malachite/Limestone (General)/Lead","1","0","0"
"Centrifugal Metals Limited","Other mining and quarrying n.e.c.","mining_related","no","120241014864","27/10/2024","42297","2","0","Quartz/Nickel/Mica","1","0","2"
"Cherish Minerals Zambia Limited","Other mining and quarrying n.e.c.","mining_related","no","120241013731","05/10/2024","42246","4","0","Gold/Nickel/Silver","1","1","0"
"KHAYBAR RESOURCES LIMITED","Mining of other non-ferrous metal ores","mining_related","no","120241009737","10/07/2024","42182","5","0","Gold/Manganese/Cobalt","1","1","0"
"GOLD STONE MINING LIMITED","Other mining and quarrying n.e.c.","mining_related","no","120241014592","18/10/2024","41678","4","0","Quartz/Zinc/Nickel","1","0","0"
"Kabula Mining Resources Limited","Mining of other non-ferrous metal ores","mining_related","no","120230059531","13/11/2023","41621","2","2","Copper/","1","0","2"
"Cibakent Lithium Technology Limited","Mining of other non-ferrous metal ores","mining_related","no","120241003460","07/03/2024","41469","4","0","Gold/Copper/Cobalt","1","0","2"
"Together Resources Limited","Support activities for other mining and quarrying","mining_related","no","120241013838","07/10/2024","41417","4","0","Zinc/Iron Ore/Lead","1","0","0"
"Minetech Resources Limited","Mining of other non-ferrous metal ores","mining_related","no","120210018454","21/07/2021","41187","2","1","Iron Ore/Silver/Zinc","1","1","1"
"Mujimanzovu Resources Limited","Other mining and quarrying n.e.c.","mining_related","no","120230059439","10/11/2023","41155","1","0","Mica/Gold/Quartz","1","0","0"
"Commstack Investments Zambia Limited","Wholesale of metals and metal ores","mining_related","no","120241011161","12/08/2024","40902","2","0","Nickel/Silver/Zinc","1","0","0"
"Famagusta Mining Corporation Limited"," Mining of other non-ferrous metal ores","mining_related","no","120210018450","21/07/2021","40623","4","0","Manganese/Iron Ore/Mica","1","1","4"
"Chereb Investment Limited","Support activities for other mining and quarrying","mining_related","no","120230047735","17/03/2023","40583","1","0","Lead/Silver/Zinc","1","0","1"
"Kula Resources Limited","Other mining and quarrying n.e.c.","mining_related","no","120200003725","18/05/2020","40464","1","0","Platinum Group Metals/Nickel/Zinc","1","0","0"
"Abege Investments Limited","Wholesale of metals and metal ores","mining_related","no","120220028643","22/02/2022","40400","4","0","Copper/Gold/Cobalt","1","0","2"
"KINGBLUE INVESTMENTS LIMITED","Mining of other non-ferrous metal ores","mining_related","no","120241008422","13/06/2024","40197","3","0","Iron Ore/Zinc/Gold","1","1","1"
"DIEN MINING COMPANY LIMITED","Other mining and quarrying n.e.c.","mining_related","no","120241008802","21/06/2024","39718","2","0","Gold/Zinc/Cobalt","1","0","0"
"OMNI METALS LIMITED","Support activities for other mining and quarrying","mining_related","no","120241011176","13/08/2024","39632","1","0","Manganese/Silver/Zinc","1","0","1"
"Goldline Mining Limited","Other mining and quarrying n.e.c.","mining_related","no","120200005154","01/07/2020","39508","4","0","Silver/Copper/Cobalt","1","0","1"
"Sunhouse Investment Limited","Mining of other non-ferrous metal ores","mining_related","no","120200006136","05/08/2020","39340","1","0","Limestone (General)/Lead/Zinc","1","0","1"
"EZULU Mining Limited","Mining of other non-ferrous metal ores","mining_related","no","120241009930","12/07/2024","38775","5","0","Copper/Gold/Iron Ore","1","0","0"
"Phoenix Mining Services Limited","Support activities for other mining and quarrying","mining_related","no","120210024028","23/11/2021","38617","2","0","Lead/Iron Ore/Anhydrite","1","0","2"
"FAMS Mining Zambia Limited","Support activities for other mining and quarrying","mining_related","no","120220040029","30/09/2022","38442","2","0","Nickel/Manganese/Silver","1","0","1"
"elements mining development and innovation limited","Mining of other non-ferrous metal ores","mining_related","no","120210024816","08/12/2021","37936","3","0","Gold/Copper/Cobalt","1","1","0"
"Insofu Mining Limited"," Other mining and quarrying n.e.c.","mining_related","no","120210016120","14/05/2021","37255","1","0","Silver/Uranium/Gold","1","1","0"
"Bespoke Mining Limited","Other mining and quarrying n.e.c.","mining_related","no","120230061266","19/12/2023","37008","4","0","Gold/Copper/Manganese","0","1","0"
"Lucky crystal investments Limited","Support activities for other mining and quarrying","mining_related","no","120230058180","13/10/2023","36896","4","0","Copper/Cobalt/Amethyst","1","1","1"
"Magnus Mining Limited","Support activities for other mining and quarrying","mining_related","no","120241009833","10/07/2024","36804","2","0","Manganese/Quartz/Limestone (General)","1","1","1"
"Big Bang Minerals Limited","Mining of other non-ferrous metal ores","mining_related","no","120220031534","19/04/2022","36791","2","0","Quartz/Tourmaline/Zinc","1","0","1"
"BONSE MINING LIMITED","Support activities for other mining and quarrying","mining_related","no","120241009738","10/07/2024","36389","1","0","Quartz/Manganese/Zinc","1","0","1"
"Unirate Investments Limited","Retail sale of electrical household appliances, furniture, lighting equipment and other household articles in specialized stores","mining_related","no","119980039974","06/02/1998","36066","2","0","Iron Ore/Gold/Manganese","0","1","2"
"Dharti Mining Limited","Other mining and quarrying n.e.c.","mining_related","no","119950034894","10/10/1995","35704","2","1","Zinc/Beryllium/Emerald","0","0","2"
"OSPREY RESOURCES LIMITED","Other mining and quarrying n.e.c.","mining_related","no","120241006164","06/05/2024","35560","2","2","Silver/Uranium/Gold","1","1","2"
"Radiant King Mining Zambia Limited","Mining of hard coal","mining_related","no","120230060475","01/12/2023","35544","2","0","Manganese/Iron Ore/Rare EarthsElements","1","0","1"
"Geotech Mining Limited","Other mining and quarrying n.e.c.","mining_related","no","120220035558","06/07/2022","35418","3","0","Gold/Zinc/Cobalt","1","0","0"
"Likanta Resources Limited","Mining of other non-ferrous metal ores","mining_related","no","120230058674","25/10/2023","35395","1","0","Sand and Gravel/Rare EarthsElements/Niobium (Columbium)","1","1","1"
"Basmel Mining and Construction Limited","Other mining and quarrying n.e.c.","mining_related","no","120220042093","17/11/2022","35206","3","0","Manganese/Gold/Copper","1","0","2"
"CHITETA MINING COMPANY LIMITED","Support activities for other mining and quarrying","mining_related","no","120110090402","18/02/2011","34574","1","0","Gold/Copper/Cobalt","0","0","0"
"Konige Mining and Exploration Limited","Mining of iron ores","mining_related","no","120200003950","26/05/2020","34501","9","4","Gold/Copper/Cobalt","1","1","4"
"Rajeev Minerals Limited","Mining of other non-ferrous metal ores","mining_related","no","120200004963","25/06/2020","34360","4","0","Limestone (General)/Iron Ore/Molding","1","0","1"
"Srinibash Resources Zambia Limited","Mining of other non-ferrous metal ores","mining_related","no","120220041618","09/11/2022","34337","4","0","Copper/Gold/Lead","1","1","1"
"Brooks Commodities Limited","Other retail sale in non-specialized stores","mining_related","no","120220034084","03/06/2022","34225","1","0","Iron Ore/Lead/Limestone (General)","1","0","1"
"Neptune  Iron Ore Mining LTD","Mining of iron ores","mining_related","no","120241004361","27/03/2024","33788","2","0","Zinc/Gold/Copper","1","0","0"
"MMG (Zambia) Exploration Limited","Support activities for other mining and quarrying","mining_related","no","120110090255","14/02/2011","33639","4","0","Silver/Nickel/Zinc","0","0","1"
"THORAS RESOURCES AND MINERALS LIMITED","Mining of iron ores","mining_related","no","120241008916","25/06/2024","33590","3","0","Cobalt/Gold/Copper","1","0","0"
"DAMATECH MINING LIMITED","Mining of other non-ferrous metal ores","mining_related","no","120230057567","02/10/2023","32817","4","0","Platinum/Lead/Zinc","1","1","0"
"Mabwetuba Investments Limited","Support activities for other mining and quarrying","mining_related","no","120230061289","20/12/2023","32705","4","0","Gold/Copper/Cobalt","1","0","2"
"Century Minerals And Metals Mining Limited","Mining of other non-ferrous metal ores","mining_related","no","120230048868","05/04/2023","32666","1","0","Nickel/Manganese/Limestone (General)","1","1","0"
"Momentum  Mining Services  Limited","Support activities for other mining and quarrying","mining_related","no","120220043327","15/12/2022","32597","1","0","Nickel/Manganese/Zinc","1","1","1"
"Yuanhua Investment Limited","Mining of other non-ferrous metal ores","mining_related","no","120200001684","27/02/2020","32357","4","2","Cobalt/Copper/Quartz","1","0","2"
"Prasine Mineral Limited","Other mining and quarrying n.e.c.","mining_related","no","120230046897","28/02/2023","32279","5","0","Gold/Copper/Cobalt","1","0","0"
"San He (Zambia) Limited","Other mining and quarrying n.e.c.","mining_related","no","120040056213","23/08/2004","32155","6","4","Manganese/Copper/Cobalt","0","1","4"
"HANSI MINING ZAMBIA LIMITED","Mining of other non-ferrous metal ores","mining_related","no","120241015898","18/11/2024","31933","4","0","Cobalt/Copper/Gold","1","1","0"
"Mining Ventures Company Limited","Mining of other non-ferrous metal ores","mining_related","no","120230045390","31/01/2023","31304","4","0","Manganese/Zinc/Gold","1","0","4"
"Kwisano Resources Limited","Mining of other non-ferrous metal ores","mining_related","no","120241015736","14/11/2024","31237","4","0","Silver/Manganese/Nickel","1","0","0"
"Zhengying Mining Limited","Other mining and quarrying n.e.c.","mining_related","no","120241014964","30/10/2024","30768","3","0","Iron Ore/Lead/Manganese","1","0","0"
"Rio Resources Zambia Limited","Other mining and quarrying n.e.c.","mining_related","no","120200010912","17/12/2020","30759","7","2","Manganese/Cobalt/Zinc","1","1","4"
"Zambian North Mining Corporation Limited","Support activities for other mining and quarrying","mining_related","no","120100089015","20/12/2010","30723","1","0","Manganese/Uranium/Zinc","0","0","0"
"Crustern Investments Limited","Other mining and quarrying n.e.c.","mining_related","no","120230046548","21/02/2023","30495","4","0","Gold/Copper/Cobalt","1","1","1"
"Tawakkal Mining Equipments & Auto Spares Limited","Other mining and quarrying n.e.c.","mining_related","no","120130114143","25/07/2013","30460","1","0","Manganese/Limestone (General)/Tin","0","1","0"
"Muzatinva Investments Limited","Other retail sale in non-specialized stores","mining_related","no","120230044033","04/01/2023","30241","4","0","Copper/Cobalt/Nickel","1","0","1"
"Ramt Mining Zambia Limited"," Other mining and quarrying n.e.c.","mining_related","no","120210021147","24/09/2021","30221","3","0","Gold/Cobalt/Copper","1","0","0"
"Rainsun Allena Mining Limited","Mining of other non-ferrous metal ores","mining_related","no","120241007672","30/05/2024","29991","3","0","Gold/Copper/Cobalt","1","0","0"
"Walicho Enterprise Limited","Mining of other non-ferrous metal ores","mining_related","no","120190005652","22/07/2019","29934","2","0","Gold/Iron Ore/Nickel","1","0","2"
"Buffalo Hill Investments Limited","Other retail sale in non-specialized stores","mining_related","no","120220037863","19/08/2022","29780","1","0","Silver/Manganese/Zinc","1","1","0"
"Kopano Mineral Resources Limited","Mining of other non-ferrous metal ores","mining_related","no","120190008968","14/11/2019","29732","2","0","Copper/Manganese/Silver","1","1","0"
"MARESTHER MINERAL RESOURCES LIMITED","Support activities for other mining and quarrying","mining_related","no","120241010224","23/07/2024","29724","1","0","Gold/Copper/Cobalt","1","0","0"
"Diverse Minerals Limited","Support activities for other mining and quarrying","mining_related","no","120140119586","07/02/2014","29681","1","0","Silver/Nickel/Manganese","0","0","0"
"Neba Resources Limited","Mining of other non-ferrous metal ores","mining_related","no","120251019600","31/01/2025","29433","3","0","Manganese/Silver/Zinc","1","0","0"
"CLS World Link Limited","Other retail sale not in stores, stalls or markets","mining_related","no","120120108116","24/12/2012","29302","1","0","Niobium (Columbium)/Nickel/Manganese","0","0","1"
"KUNXIN MINETECH LIMITED","Support activities for other mining and quarrying","mining_related","no","120241003673","13/03/2024","29039","4","0","Quartz/Tourmaline/Aquamarine","1","1","4"
"Elatis Investment Limited","Other mining and quarrying n.e.c.","mining_related","no","120220027772","08/02/2022","28921","2","0","Quartz/Manganese/Zinc","1","0","2"
"Pangeni Mineral Resources Limited","Support activities for other mining and quarrying","mining_related","no","120110092024","29/04/2011","28913","1","0","Lead/Zinc/Gold","0","1","1"
"Wildrock Resources Limited"," Mining of other non-ferrous metal ores","mining_related","no","120210016429","21/05/2021","28655","1","0","Quartz/Lead/Iron Ore","1","1","1"
"Pinak Resources Zambia Limited","Mining of other non-ferrous metal ores","mining_related","no","120200010882","17/12/2020","28644","1","0","Lead/Manganese/Iron Ore","1","0","0"
"SELEAD MINING AND QUARRIES LIMITED","Other mining and quarrying n.e.c.","mining_related","no","120241001217","26/01/2024","28576","3","0","Silver/Tourmaline/Copper","1","0","0"
"Mopani Copper Mines Plc","Other mining and quarrying n.e.c.","mining_related","no","120000044139","10/02/2000","28547","2","2","","0","1","0"
"Riverbed Resources Limited","Mining of other non-ferrous metal ores","mining_related","no","120230060121","23/11/2023","28507","3","0","Gold/Malachite/Copper","1","0","0"
"DIAMOND RESOURCES HOLDING LIMITED","Mining of other non-ferrous metal ores","mining_related","no","120241006846","16/05/2024","28463","2","0","Silver/Gold/Nickel","1","0","2"
"IVANHOE INVESTMENT LIMITED","Support activities for other mining and quarrying","mining_related","no","120241014665","21/10/2024","28406","3","0","Cobalt/Copper/Silver","1","0","0"
"Lubona Mining Company","Mining of iron ores","mining_related","no","120230048975","06/04/2023","28347","5","0","Gold/Zinc/Manganese","1","0","5"
"Chindende Chindende Mineral Company Limited","Mining of other non-ferrous metal ores","mining_related","no","120230060558","04/12/2023","28273","1","0","Gold/Manganese/Cobalt","1","0","0"
"KASUNGA MINING LIMITED","Other mining and quarrying n.e.c.","mining_related","no","120251019658","01/02/2025","28224","2","0","Manganese/Zinc/Quartz","1","0","0"
"NTUBU MINERALS LIMITED","Mining of iron ores","mining_related","no","120241009598","09/07/2024","27978","3","0","Manganese/Zinc/Lead","1","0","1"
"KATUBELEKE MINING LIMITED","Other mining and quarrying n.e.c.","mining_related","no","120241015453","08/11/2024","27976","2","0","Tin/Copper/Coal","1","1","0"
"Lekwa Investments Limited"," Mining of hard coal","mining_related","no","120210018580","23/07/2021","27964","2","0","Gold/Iron Ore/Rare EarthsElements","1","0","1"
"Alpine  Mining & Exploration Limited","Support activities for other mining and quarrying","mining_related","no","120230051895","12/06/2023","27847","3","0","Coal/Nickel/Silver","1","1","2"
"Horizon Alliance Resources Limited","Manufacture of basic precious and other non-ferrous metals","mining_related","no","120241008441","13/06/2024","27771","2","0","Platinum/Nickel/Tantalum","1","0","0"
"Satwant Mining Limited","Mining of hard coal","mining_related","no","120220042014","16/11/2022","27689","1","0","Tantalum/Manganese/Tungsten","1","0","1"
"Calobogn Limited","Other retail sale in non-specialized stores","mining_related","no","120200000677","27/01/2020","27519","4","0","Gold/Iron Ore/Zinc","0","0","0"
"Anantaa Mining Limited","Other mining and quarrying n.e.c.","mining_related","no","120220026839","19/01/2022","27498","2","0","Zinc/Limestone (General)/Manganese","1","0","2"
"Masccor Construction And Plant Limited","Other mining and quarrying n.e.c.","mining_related","no","119990043769","08/12/1999","27481","1","0","Manganese/Silver/Copper","0","1","1"
"Nyami Resources Limited","Other mining and quarrying n.e.c.","mining_related","no","120180009014","25/10/2018","27472","4","1","Gold/Copper/Cobalt","0","1","3"
"PSI MINING LIMITED","Mining of iron ores","mining_related","no","120241016615","02/12/2024","27296","1","0","Malachite/Nickel/Zinc","1","1","0"
"ZAMDA INDUSTRIES LIMITED","Retail sale of hardware, paints and glass in specialized stores","mining_related","no","120241005572","23/04/2024","27049","2","0","Iron Ore/Silver/Zinc","1","0","0"
"Kamikochi Mining Zambia Limited","Other mining and quarrying n.e.c.","mining_related","no","120190004092","27/05/2019","26819","1","0","Lead/Manganese/Zinc","1","1","1"
"MALUNECHA RESOURCES LIMITED","Other mining and quarrying n.e.c.","mining_related","no","120241017342","16/12/2024","26645","4","0","Gold/Copper/Cobalt","1","0","0"
"TGC Mineral Resources Limited","Other mining and quarrying n.e.c.","mining_related","no","120220033173","19/05/2022","26187","2","0","Nickel/Zinc/Manganese","1","0","2"
"ZL Mining One Company Limited","Other mining and quarrying n.e.c.","mining_related","no","120241011026","09/08/2024","26054","4","2","Copper/Iron Ore/Gold","1","1","3"
"Rishi Resources Limited"," Mining of other non-ferrous metal ores","mining_related","no","120210018031","12/07/2021","25880","1","0","Manganese","1","0","1"
"Blue Ocean Minerals and Metals Limited","Support activities for other mining and quarrying","mining_related","no","120100087726","20/10/2010","25666","6","2","Manganese/Quartz/Copper","0","1","1"
"Ishmu Mining Company Limited","Mining of other non-ferrous metal ores","mining_related","no","120220042577","29/11/2022","25649","2","1","Malachite/Lead/Iron Ore","1","1","0"
"Newlight Nominees Zambia Limited","Mining of other non-ferrous metal ores","mining_related","no","120200006932","27/08/2020","25511","1","0","Limestone (General)/Silver/Zinc","1","1","1"
"Tsavo Flour Mills Limited","Retail sale of carpets, rugs, wall and floor coverings in specialized stores","mining_related","no","120210011552","11/01/2021","25300","4","0","Gold/Copper/Cobalt","1","1","0"
"Tawansangthong Mining Limited","Other mining and quarrying n.e.c.","mining_related","no","120200008286","01/10/2020","25299","2","2","Tin/Tantalum/Aquamarine","1","1","1"
"Monet Geo Resources Limited","Support activities for other mining and quarrying","mining_related","no","120210011834","19/01/2021","25241","2","0","Gold/Silver/Diamond","1","1","2"
"MJF Exploration & Mining Limited","Support activities for other mining and quarrying","mining_related","no","120210020138","03/09/2021","25238","3","0","Limestone (General)/Lead/Zinc","1","0","2"
"Dynamo Mining Limited","Other mining and quarrying n.e.c.","mining_related","no","120241009267","04/07/2024","24987","2","0","Gold/Iron Ore/Rare EarthsElements","1","0","0"
"Kansanshi Mining Plc","Support activities for other mining and quarrying","mining_related","no","119970037529","13/01/1997","24865","1","1","","0","1","0"
"Raah Women Mining Enterprises","Support activities for other mining and quarrying","mining_related","no","120090078813","26/05/2009","24855","1","1","Manganese/Copper/Cobalt","0","0","1"
"Harness Resources Limited","Extraction of crude petroleum","mining_related","no","120180001286","12/02/2018","24823","3","0","Cobalt/Silver/Gold","0","1","3"
"Bravo Mining Investment Limited","Mining of other non-ferrous metal ores","mining_related","no","120200001633","26/02/2020","24817","1","1","Gold/Tourmaline/Copper","1","1","1"
"Sinomine Kitumba Minerals Company Limited","Mining of other non-ferrous metal ores","mining_related","no","120230058252","16/10/2023","24817","1","1","","1","1","0"
"Mwembeshi Resources Limited","Support activities for other mining and quarrying","mining_related","no","120030051864","28/02/2003","24531","1","1","Platinum Group Metals/Nickel/Zinc","0","0","1"
"Vinmic Investments Limited","Retail sale of electrical household appliances, furniture, lighting equipment and other household articles in specialized stores","mining_related","no","120110090246","14/02/2011","24528","1","0","Iron Ore/Nickel/Silver","0","0","1"
"High Ville Mining and Construction Company Limited","Mining of other non-ferrous metal ores","mining_related","no","120210014283","25/03/2021","24456","2","0","Manganese/Cobalt/Copper","1","0","2"
"Dharani Mining Limited","Mining of iron ores","mining_related","no","120200005923","28/07/2020","24453","1","1","Lead/Zinc/Iron Ore","1","0","0"
"EM Mining Corporation Limited","Mining of other non-ferrous metal ores","mining_related","no","120210014584","06/04/2021","24444","1","0","Nickel/Manganese/Zinc","1","0","0"
"Musia Minerals Limited","Mining of other non-ferrous metal ores","mining_related","no","120220043920","30/12/2022","24420","1","0","Limestone (General)/Iron Ore/Manganese","1","0","0"
"Kashime Copper Limited","Support activities for other mining and quarrying","mining_related","no","120120107521","03/12/2012","24177","1","1","","0","1","1"
"Goldenfly Investment Zambia Limited","Mining of hard coal","mining_related","no","120200006064","04/08/2020","24085","2","0","Quartz/Zinc/Gold","1","1","0"
"LIHAAN MINING COMPANY LIMITED","Mining of other non-ferrous metal ores","mining_related","no","120241010322","25/07/2024","24081","3","0","Manganese/Lead/Nickel","1","0","0"
"Eagles Eye Transformation Limited","Support activities for other mining and quarrying","mining_related","no","120200001059","05/02/2020","24074","3","2","Copper/Cobalt/Manganese","1","0","2"
"Albidon Zambia Limited","Support activities for other mining and quarrying","mining_related","no","120000044523","18/04/2000","23869","1","1","","0","1","0"
"JUZNI MINERAL RESOURCES LIMITED","Mining of other non-ferrous metal ores","mining_related","no","120230054527","07/08/2023","23818","2","0","Copper/Cobalt/Nickel","1","0","0"
"KIKANA MINERALS LIMITED","Mining of other non-ferrous metal ores","mining_related","no","120230057121","22/09/2023","23702","1","0","Lead/Manganese/Silver","1","1","0"
"Growmax Mining Limited","Mining of iron ores","mining_related","no","120200006739","24/08/2020","23577","1","0","Lead/Manganese/Silver","1","0","0"
"Copa Investments Zambia Limited","Support activities for other mining and quarrying","mining_related","no","120070067930","09/08/2007","23414","1","1","Copper","0","1","1"
"IMSS Mining and Engineering Company Limited","Mining of other non-ferrous metal ores","mining_related","no","120230044249","09/01/2023","23057","5","0","Gold/Silver/Copper","1","0","5"
"Manvin Minerals Limited","Manufacture of basic precious and other non-ferrous metals","mining_related","no","120241009170","28/06/2024","23044","1","0","Iron Ore/Lead/Zinc","1","1","0"
"Tradium Resources Limited","Other mining and quarrying n.e.c.","mining_related","no","120200011138","28/12/2020","22993","2","0","Iron Ore/Lead/Manganese","1","0","1"
"Nkanza Resources Limited","Mining of iron ores","mining_related","no","120190007284","13/09/2019","22942","1","0","Lead/Nickel/Platinum","1","1","0"
"Grey Copper Mining Limited","Other mining and quarrying n.e.c.","mining_related","no","120210020447","10/09/2021","22664","4","0","Gold/Copper/Iron Ore","1","0","2"
"Chilram Enterprises Limited","Support activities for other mining and quarrying","mining_related","no","120220035201","24/06/2022","22560","2","0","Manganese/Quartz/Silver","1","0","2"
"Ecotrade Resources Limited","Mining of other non-ferrous metal ores","mining_related","no","120190009258","26/11/2019","22523","1","0","Granite/Manganese/Silver","0","0","0"
"HONG YUN MINING COMPANY LIMITED","Other mining and quarrying n.e.c.","mining_related","no","120241004309","26/03/2024","22413","1","0","Gold/Garnet/Iron Ore","1","0","0"
"African Minerals and Metals Corporation Limited","Other mining and quarrying n.e.c.","mining_related","no","120130108337","04/01/2013","22338","1","0","Silver/Zinc/Gold","0","0","1"
"Ntamba Mweru Copper Mines Limited","Extraction of salt","mining_related","no","120200010348","02/12/2020","21990","4","0","Iron Ore/Rare EarthsElements/Quartz","1","1","1"
"Zeopoint Resources Limited","Mining of other non-ferrous metal ores","mining_related","no","120200004828","19/06/2020","21942","2","0","Copper/Iron Ore/Aquamarine","1","0","2"
"KAVOD MINING LIMITED","Mining of other non-ferrous metal ores","mining_related","no","120230051178","26/05/2023","21936","1","0","Limestone (General)/Iron Ore/Manganese","1","0","0"
"Longvee industry Limited","Other mining and quarrying n.e.c.","mining_related","no","120241001758","06/02/2024","21917","3","0","Copper/Feldspar/Iron Ore","1","0","0"
"Axor Mineral Resources Limited","Mining of iron ores","mining_related","no","120180005781","12/07/2018","21858","5","2","Gold/Manganese/Quartz","0","1","1"
"Shagra Mining Company Limited","Mining of other non-ferrous metal ores","mining_related","no","120241017712","24/12/2024","21854","3","0","Nickel/Sugilite/Copper","1","0","0"
"Easiearth Resources Limited","Support activities for other mining and quarrying","mining_related","no","120200003737","18/05/2020","21849","1","0","Limestone (General)/Lithium/Manganese","0","0","1"
"Montauk Mining & Minerals Limited","Support activities for other mining and quarrying","mining_related","no","120030051861","27/02/2003","21488","1","0","Iron Ore/Silver/Gold","0","1","0"
"Envisage Minerals and Resources Limited","Wholesale of metals and metal ores","mining_related","no","120210023899","19/11/2021","21419","3","0","Gold/Copper/Cobalt","1","1","1"
"Hao Ming Investment Company Limited","Mining of iron ores","mining_related","no","120220040768","19/10/2022","21389","2","0","Manganese/Limestone (General)/Lead","1","0","1"
"Karma Processing Services and Rural Development Limited","Support activities for other mining and quarrying","mining_related","no","120180010449","12/12/2018","21249","1","0","Lead/Manganese/Nickel","1","1","1"
"kalafya mining Investment Limited","Other mining and quarrying n.e.c.","mining_related","no","120210025740","28/12/2021","21146","2","0","Manganese/Rare EarthsElements/Iron Ore","1","1","1"
"Ngetill Resources Company Limited","Other mining and quarrying n.e.c.","mining_related","no","120220032508","09/05/2022","21122","3","0","Gold/Manganese/Cobalt","1","0","2"
"Nkisu Minerals and Mining Limited","Mining of other non-ferrous metal ores","mining_related","no","120200006684","20/08/2020","20954","1","0","Platinum/Silica/Silver","0","0","1"
"AMBER Investments & Mining Limited","Other mining and quarrying n.e.c.","mining_related","no","120241000637","16/01/2024","20899","1","0","Lead/Silver/Zinc","1","1","0"
"Hakoda Resources Limited","Mining of other non-ferrous metal ores","mining_related","no","120220037076","04/08/2022","20888","4","0","Gold/Copper/Cobalt","1","1","1"
"Alamo Resources limited","Quarrying of stone, sand and clay","mining_related","no","120241005355","17/04/2024","20883","4","0","Malachite/Zinc/Copper","1","1","1"
"Epitome Mining Limited","Other mining and quarrying n.e.c.","mining_related","no","120230047225","06/03/2023","20817","2","0","Copper/Gold/Cobalt","1","0","2"
"Pssreddy Mining Limited","Other mining and quarrying n.e.c.","mining_related","no","120220029410","07/03/2022","20611","4","0","Zinc/Lead/Gold","1","0","1"
"Amin Mining Limited","Manufacture of basic precious and other non-ferrous metals","mining_related","no","120220042805","06/12/2022","20271","2","0","Copper/Gold/Zinc","1","0","2"
"Luckking Star Investment Limited","Other retail sale in non-specialized stores","mining_related","no","120220041958","15/11/2022","20259","4","0","Gold/Copper/Lead","1","0","1"
"MOUNT WATAI COPPER MINE LIMITED","Other mining and quarrying n.e.c.","mining_related","no","120241013768","05/10/2024","20102","1","0","Nickel/Lead/Silver","1","0","0"
"Silver creek  Mining Limited","Mining of other non-ferrous metal ores","mining_related","no","120220035256","27/06/2022","20066","1","0","Silver/Zinc/Gold","1","0","0"
"Yangzijiang Investments Limited","Mining of other non-ferrous metal ores","mining_related","no","120241014656","20/10/2024","20062","1","0","Nickel/Mica/Zinc","1","1","0"
"Kalene Minerals Zambia Limited","Mining of other non-ferrous metal ores","mining_related","no","120220031047","07/04/2022","20043","1","0","Silver/Zinc/Gold","1","0","0"
"NEWCORE MINING ZAMBIA LIMITED","Other mining and quarrying n.e.c.","mining_related","no","120241007552","29/05/2024","20028","1","0","Malachite/Manganese/Lead","1","0","0"
"Zeno Investments Limited","Support activities for other mining and quarrying","mining_related","no","120230045892","09/02/2023","19924","4","0","Gold/Copper/Manganese","1","1","0"
"Ganfeng Mining Group Limited","Other mining and quarrying n.e.c.","mining_related","no","120230045849","08/02/2023","19751","1","0","Molybdenum/Niobium (Columbium)/Gold","1","0","1"
"Zerlin Mining Limited","Other mining and quarrying n.e.c.","mining_related","no","120220027092","24/01/2022","19704","2","0","Limestone (General)/Manganese/Zinc","1","0","2"
"Kasote International Limited","Other mining and quarrying n.e.c.","mining_related","no","120180000389","15/01/2018","19491","1","0","Gold/Iron Ore/Tin","0","1","0"
"KEKI MINING LIMITED","Other mining and quarrying n.e.c.","mining_related","no","120230060389","29/11/2023","19488","5","0","Manganese/Copper/Gold","1","0","0"
"Geomin Coal Energy Limited","Support activities for other mining and quarrying","mining_related","no","120170009969","26/12/2017","19388","1","1","Lead/Manganese/Silver","0","1","1"
"Chillerton Group Limited","Support activities for other mining and quarrying","mining_related","no","120010046400","19/01/2001","19385","3","3","Nickel/Silver/Zinc","1","1","3"
"OUEST BUSINESS LIMITED","Other mining and quarrying n.e.c.","mining_related","no","120230061233","19/12/2023","19356","3","0","Manganese/Gold/Lead","1","0","0"
"DONOVAN MINERAL RESOURCES ZAMBIA LIMITED","Support activities for other mining and quarrying","mining_related","no","120090082106","31/12/2009","19315","1","0","Iron Ore/Manganese/Uranium","0","0","0"
"Orein Resources Limited","Mining of other non-ferrous metal ores","mining_related","no","120241002693","22/02/2024","19306","4","1","Gold/Copper/Zinc","1","1","0"
"Kena Kunj Mining Limited","Other mining and quarrying n.e.c.","mining_related","no","120230061116","14/12/2023","19254","1","1","Malachite/Limestone (General)/Nickel","1","1","0"
"Kumbele Mining Company Limited","Mining of other non-ferrous metal ores","mining_related","no","120190004017","23/05/2019","19165","3","1","Gold/Cobalt/Copper","1","0","2"
"Geiya Mining Limited","Mining of chemical and fertilizer minerals","mining_related","no","120200004253","02/06/2020","19144","2","1","Emerald/Gold/Diamond","1","0","1"
"Kamugo Mineral Resources Limited","Mining of other non-ferrous metal ores","mining_related","no","120220032246","04/05/2022","18925","1","0","Iron Ore/Nickel/Uranium","1","0","0"
"China Copper Mines Limited","Support activities for other mining and quarrying","mining_related","no","120100087065","20/09/2010","18903","2","0","Nickel/Lead/Zinc","0","1","2"
"Designer Rocks Zambia Limited","Support activities for other mining and quarrying","mining_related","no","120150129730","12/02/2015","18877","4","3","Limestone (General)/Marble/Dolomite","1","0","3"
"Global Dynamics Mining Limited","Mining of other non-ferrous metal ores","mining_related","no","120200001711","27/02/2020","18876","2","0","Rare EarthsElements/Phosphorus-Phosphates/Silver","0","0","1"
"Taelu Mining and Investments Limited","Mining of other non-ferrous metal ores","mining_related","no","120220031906","26/04/2022","18798","1","0","Limestone (General)/Iron Ore/Gold","1","0","0"
"Overseas Minerals And Metals Mining Limited","Mining of other non-ferrous metal ores","mining_related","no","120230048896","05/04/2023","18766","1","0","Nickel/Manganese/Limestone (General)","0","1","0"
"Ulemu Mining Limited","Mining of other non-ferrous metal ores","mining_related","no","120210025381","20/12/2021","18615","4","0","Iron Ore/Manganese/Gold","1","0","4"
"Costele Mining Limited","Mining of other non-ferrous metal ores","mining_related","no","120220042345","23/11/2022","18604","2","0","Iron Ore/Silver/Copper","1","1","0"
"Chibuli Investments Limited","Other mining and quarrying n.e.c.","mining_related","no","120190009305","28/11/2019","18495","5","0","Nickel/Manganese/Zinc","1","1","1"
"Luwan Excellency Investments Limited","Other mining and quarrying n.e.c.","mining_related","no","120200004599","12/06/2020","18362","5","1","Silver/Limestone (General)/Zinc","1","1","3"
"Wushuang Mining Company Limited","Support activities for other mining and quarrying","mining_related","no","120241008785","21/06/2024","18317","3","0","Gold/Silver/Cobalt","1","0","0"
"MINEGEM RESOURCES LIMITED","Support activities for other mining and quarrying","mining_related","no","120241010943","07/08/2024","18020","1","0","Nickel/Manganese/Zinc","1","0","1"
"DONZAM EXPLORATION & MINING ZAMBIA LIMITED","Mining of other non-ferrous metal ores","mining_related","no","120241012198","04/09/2024","17950","3","0","Iron Ore/Nickel/Zinc","1","1","0"
"BHAVANI MINING LIMITED","Mining of other non-ferrous metal ores","mining_related","no","120251022206","17/03/2025","17931","1","0","Manganese/Lead/Zinc","1","1","0"
"Fankel Mineral Resources Limited"," Other mining and quarrying n.e.c.","mining_related","no","120210022087","13/10/2021","17788","3","0","Silver/Gold/Copper","1","0","0"
"GOLD HARVEST MINERALS LIMITED","Mining of other non-ferrous metal ores","mining_related","no","120241016088","21/11/2024","17772","2","0","Gold/Sugilite/Nickel","1","0","0"
"Madi Resources Limited","Mining of other non-ferrous metal ores","mining_related","no","120241008426","13/06/2024","17680","2","0","Quartz/Nickel/Zinc","1","0","2"
"Blaze Metals Resources Limited","Other retail sale in non-specialized stores","mining_related","no","120160009509","29/12/2016","17671","1","0","Rare EarthsElements/Manganese/Zinc","0","0","0"
"Kuma Mining Company Limited","Other mining and quarrying n.e.c.","mining_related","no","120190003631","09/05/2019","17520","4","2","Granite/Marble/Limestone (General)","1","1","2"
"Happy Time Investments Limited","Other retail sale in non-specialized stores","mining_related","no","120220041183","31/10/2022","17467","3","0","Iron Ore/Copper/Gold","1","0","0"
"Afrimuk Company Limited","Other retail sale in non-specialized stores","mining_related","no","120220033307","20/05/2022","17452","5","0","Gold/Iron Ore/Manganese","1","0","0"
"Mkushi Stones Zambia Limited","Other mining and quarrying n.e.c.","mining_related","no","120180003420","25/04/2018","17322","1","0","Nickel/Manganese/Quartz","0","1","1"
"Kaoma Mining Limited","Mining of other non-ferrous metal ores","mining_related","no","120190008518","30/10/2019","17083","1","0","Silver/Zinc/Gold","0","1","0"
"Mingomba Mining Limited","Other mining and quarrying n.e.c.","mining_related","no","120220043147","12/12/2022","16996","1","1","Sulfur/Silver/Zinc","1","1","1"
"Global Blessing Exploration Limited","Mining of other non-ferrous metal ores","mining_related","no","120230044599","16/01/2023","16916","1","0","Lithium/Nickel/Uranium","1","0","1"
"Lupande Investements Limited"," Other mining and quarrying n.e.c.","mining_related","no","120210019613","25/08/2021","16843","3","0","Gypsum/Iron Ore/Gold","1","0","2"
"Grandrock Resources Limited","Mining of other non-ferrous metal ores","mining_related","no","120251023333","02/04/2025","16765","3","0","Nickel/Gold/Copper","1","0","0"
"Virunga Biotech and Mining Limited","Other mining and quarrying n.e.c.","mining_related","no","120190003954","21/05/2019","16597","2","0","Lead/Manganese/Zinc","1","1","2"
"Tiger Zambezi Investment Limited","Mining of other non-ferrous metal ores","mining_related","no","120220029381","07/03/2022","16484","4","1","Gold/Copper/Nickel","1","1","1"
"Mbadwa Mining Limited","Support activities for other mining and quarrying","mining_related","no","120220041561","08/11/2022","16400","2","0","Gold/Lithium/Cobalt","1","0","2"
"CBK Holding and Mineral Resources Limited","Mining of other non-ferrous metal ores","mining_related","no","120230058069","12/10/2023","16398","1","0","Manganese/Mica/Limestone (General)","1","0","0"
"Golden Nuggets Investments Limited","Other mining and quarrying n.e.c.","mining_related","no","120200001515","21/02/2020","16310","3","1","Copper/Quartz/Gold","1","0","2"
"RANONG MINING AND MINERALS COMPANY LIMITED","Mining of other non-ferrous metal ores","mining_related","no","120251019346","28/01/2025","16283","2","0","Malachite/Lead/Tin","1","1","0"
"Tantalum Niobium Mining Company Limited","Mining of other non-ferrous metal ores","mining_related","no","120241013954","09/10/2024","15979","1","0","Copper/Gold/Lead","1","1","0"
"MAY FLOWERS MINING LIMITED","Support activities for other mining and quarrying","mining_related","no","120230059212","06/11/2023","15912","4","0","Gold/Copper/Silver","1","0","0"
"Tasdemir Mining Limited","Mining of other non-ferrous metal ores","mining_related","no","120220026631","14/01/2022","15908","1","0","Lead/Manganese/Zinc","1","0","1"
"Kadaiah Resources Limited","Mining of other non-ferrous metal ores","mining_related","no","120210014792","12/04/2021","15798","4","0","Manganese/Lead/Zinc","1","0","2"
"Grizzly Copper Mines Limited","Mining of other non-ferrous metal ores","mining_related","no","120130111591","25/04/2013","15798","3","2","Copper/Gold/Silver","1","0","1"
"Abilene Mining Limited","Mining of other non-ferrous metal ores","mining_related","no","120200001937","06/03/2020","15774","2","0","Iron Ore/Zinc/Gold","1","1","0"
"Interprochan Developments Limited","Mining of iron ores","mining_related","no","120190009651","11/12/2019","15732","2","0","Limestone (General)/Lead/Iron Ore","0","1","1"
"Luwi Business Resources Limited","Support activities for other mining and quarrying","mining_related","no","120220042111","18/11/2022","15672","1","0","Silver/Manganese/Tin","1","0","0"
"DAWOOD GEMS AND JEWELRY LIMITED","Support activities for other mining and quarrying","mining_related","no","120230058933","31/10/2023","15651","1","0","Lead/Iron Ore/Manganese","1","0","0"
"Huo Yan Investment Limited","Mining of other non-ferrous metal ores","mining_related","no","120220034871","20/06/2022","15565","4","0","Copper/Gold/Zinc","1","0","0"
"Headframe Resources (Z) Ltd","Support activities for other mining and quarrying","mining_related","no","120110092133","05/05/2011","15341","2","0","Rare EarthsElements/Nickel/Zinc","0","0","1"
"CJZ Mineral Resources Limited","Other mining and quarrying n.e.c.","mining_related","no","120241009303","04/07/2024","15167","1","0","Quartz/Nickel/Silver","1","0","0"
"Treasures of Wealth Mining Limited","Mining of other non-ferrous metal ores","mining_related","no","120200006056","04/08/2020","15125","5","0","Gold/Copper/Quartz","1","0","5"
"Maliot Goldhill Zambia Limited","Other mining and quarrying n.e.c.","mining_related","no","120210016361","20/05/2021","15091","2","0","Gold/Lead/Cobalt","1","0","1"
"Eastern Granites Limited","Quarrying of stone, sand and clay","mining_related","no","120190005054","27/06/2019","15082","2","0","Limestone (General)/Gold/Amazonite","1","0","1"
"Huake Mining Zambia Company Limited","Other mining and quarrying n.e.c.","mining_related","no","120230049229","14/04/2023","15011","5","1","Copper/Gold/Manganese","1","0","0"
"Karma Rean Investments Limited","Other mining and quarrying n.e.c.","mining_related","no","120230045943","10/02/2023","14893","1","0","Iron Ore/Silver/Gold","1","1","0"
"Myth Minerals Limited","Other mining and quarrying n.e.c.","mining_related","no","120180003325","20/04/2018","14886","3","0","Gold/Silver/Cobalt","0","1","2"
"Kabotu Resources Limited","Other mining and quarrying n.e.c.","mining_related","no","120220043598","22/12/2022","14797","1","0","Iron Ore/Manganese/Copper","1","0","1"
"Mpanga Yabusasa Investment Limited","Mining of other non-ferrous metal ores","mining_related","no","120230046472","20/02/2023","14699","1","0","Lead/Lithium/Manganese","1","1","0"
"Clestmark Investment Limited","Retail sale of hardware, paints and glass in specialized stores","mining_related","no","120100084162","26/04/2010","14514","1","0","Lead/Iron Ore/Manganese","0","1","0"
"Vietnam Zambia Corporation Limited","Mining of other non-ferrous metal ores","mining_related","no","120230055343","23/08/2023","14468","2","0","Nickel/Quartz/Silver","1","1","2"
"Clestmark Hardware Suppliers Limited","Retail sale of hardware, paints and glass in specialized stores","mining_related","no","120150129511","05/02/2015","14280","5","0","Gold/Copper/Cobalt","1","1","0"
"Coolstone Resources Limited","Quarrying of stone, sand and clay","mining_related","no","120230055643","29/08/2023","14232","1","0","Copper/Cobalt","1","0","1"
"Zambian Weiye Limited","Other mining and quarrying n.e.c.","mining_related","no","120180007910","20/09/2018","14208","5","1","Nickel/Silver/Coal","0","0","2"
"Panda Mineral Resources Limited"," Other mining and quarrying n.e.c.","mining_related","no","120210022074","13/10/2021","14046","2","0","Silver/Gold/Copper","1","1","1"
"Mohafra Mining Limited","Other mining and quarrying n.e.c.","mining_related","no","120220026972","21/01/2022","13959","7","2","Copper/Manganese/Iron Ore","1","0","5"
"Deco Luck Investments Limited","Other mining and quarrying n.e.c.","mining_related","no","120220039061","13/09/2022","13844","2","1","Iron Ore/Nickel/Gold","0","0","1"
"JC Infinity Stone Zambia Limited","Mining of other non-ferrous metal ores","mining_related","no","120220041687","10/11/2022","13667","1","0","Platinum Group Metals/Molybdenum/Quartz","1","0","1"
"Red Rats Minerals Limited","Other mining and quarrying n.e.c.","mining_related","no","120210024029","23/11/2021","13624","1","0","Iron Ore/Manganese/Nickel","1","0","1"
"Olinda Minerals Limited","Mining of other non-ferrous metal ores","mining_related","no","120190009507","05/12/2019","13608","2","1","Gold/Iron Ore/Cobalt","1","1","2"
"Headframe Resources (Zambia) Limited","Support activities for other mining and quarrying","mining_related","no","120110092133","05/05/2011","13549","1","0","Nickel/Lead/Zinc","0","0","1"
"Cz Environmental Solutions Limited","Mining of other non-ferrous metal ores","mining_related","no","120230057255","26/09/2023","13499","2","0","Quartz/Precious Gems/Rare EarthsElements","1","1","2"
"Devaberakhah Mining Zambia Limited","Support activities for other mining and quarrying","mining_related","no","120200007826","21/09/2020","13346","1","0","Nickel/Lead/Zinc","1","0","0"
"Afreca Gold City Limited","Mining of other non-ferrous metal ores","mining_related","no","120210014387","29/03/2021","13321","1","0","Lithium/Tungsten/Zinc","1","0","0"
"Kagem Mining Limited","Other mining and quarrying n.e.c.","mining_related","no","119850012958","15/07/1985","13280","10","10","Emerald/Beryllium/Aquamarine","1","1","3"
"Super Rising Sun Mining Company Limited","Support activities for other mining and quarrying","mining_related","no","120241016406","27/11/2024","13083","3","0","Iron Ore/Manganese/Gold","1","1","0"
"ADYA Enterprises Limited","Other retail sale not in stores, stalls or markets","mining_related","no","120150134161","22/07/2015","13029","3","1","Manganese/Copper/Cobalt","0","0","0"
"Hillington Mining Zambia Limited","Mining of iron ores","mining_related","no","120251021986","11/03/2025","12955","2","0","Nickel/Manganese/Silver","1","0","0"
"Aspire Mining Limited","Support activities for other mining and quarrying","mining_related","no","120230044166","05/01/2023","12898","1","0","Manganese/Nickel/Iron Ore","1","0","0"
"Kabundi Manganese Company Limited","Wholesale of metals and metal ores","mining_related","no","120200002290","19/03/2020","12862","1","0","","1","1","0"
"CNMC Luanshya Copper Mines PLC","Mining of other non-ferrous metal ores","mining_related","no","120030052849","10/07/2003","12737","7","7","/Copper/Cobalt","0","1","0"
"Sudha Mining Resources Zambia Limited","Mining of other non-ferrous metal ores","mining_related","no","120241012195","04/09/2024","12542","1","0","Manganese/Limestone (General)/Sand","0","1","0"
"Pydustone Resources Limited","Other mining and quarrying n.e.c.","mining_related","no","120241005980","01/05/2024","12486","1","0","Lead/Iron Ore/Zinc","1","0","1"
"Truststars Mining Investments Limited","Mining of other non-ferrous metal ores","mining_related","no","120210012547","05/02/2021","12468","3","0","Nickel/Iron Ore/Copper","1","1","1"
"Litinta Resources Limited","Other mining and quarrying n.e.c.","mining_related","no","120220037014","04/08/2022","12237","2","0","Copper/Cobalt/Manganese","1","1","0"
"Kalomo Resources Limited","Other mining and quarrying n.e.c.","mining_related","no","120230061514","27/12/2023","12222","1","0","Nickel/Tantalum/Lithium","1","0","0"
"jiwei mining zambia limited","Other mining and quarrying n.e.c.","mining_related","no","120230058460","20/10/2023","12198","3","0","Lead/Nickel/Zinc","1","0","0"
"Fahrenheit Twenty Four Limited","Retail sale of books, newspapers and stationary in specialized stores","mining_related","no","120080074267","12/08/2008","12185","2","0","Gold/Iron Ore/Cobalt","0","0","0"
"MSANZALA RESOURCES LIMITED","Mining of iron ores","mining_related","no","120241015398","07/11/2024","12175","2","0","Nickel/Manganese/Zinc","1","0","0"
"YUE ZAN MINING COMPANY LIMITED","Mining of other non-ferrous metal ores","mining_related","no","120241014987","30/10/2024","12161","2","0","Gold/Copper/Platinum","1","0","0"
"TUGWASHANE MINING LIMITED","Other mining and quarrying n.e.c.","mining_related","no","120241015452","08/11/2024","12145","2","0","Copper/Coal/Zinc","1","1","0"
"Sino West Mining Company","Support activities for other mining and quarrying","mining_related","no","120100086666","01/09/2010","12079","1","0","Manganese/Silver/Gold","0","0","0"
"Abdahom Mining Limited"," Mining of other non-ferrous metal ores","mining_related","no","120210021817","07/10/2021","12073","2","0","Iron Ore/Anhydrite/Manganese","1","0","0"
"BRAJOC MINERALS RESOURCES SUPPLY LIMITED","Mining of other non-ferrous metal ores","mining_related","no","120241011050","09/08/2024","11809","3","0","Gold/Copper/Zinc","1","0","0"
"Afron Mining Limited","Other mining and quarrying n.e.c.","mining_related","no","120241001775","06/02/2024","11738","4","0","Iron Ore/Lead/Zinc","1","0","1"
"Jomoas Corporation Limited","Support activities for other mining and quarrying","mining_related","no","120230046155","15/02/2023","11642","2","0","Gold/Cobalt/Copper","1","0","2"
"Litohonolo Resources Limited","Support activities for other mining and quarrying","mining_related","no","120241011234","14/08/2024","11512","3","0","Copper/Zinc/Manganese","1","0","1"
"Ahadi Mining Limited","Mining of other non-ferrous metal ores","mining_related","no","120220041931","15/11/2022","11489","3","0","Lithium/Lead/Manganese","1","0","3"
"Tawakkal Gems Investments Co. Limited","Other retail sale not in stores, stalls or markets","mining_related","no","120070064886","03/01/2007","11423","4","1","Copper/Gold/Zinc","0","0","2"
"Green Earth Metals Limited","Wholesale of metals and metal ores","mining_related","no","120190009870","19/12/2019","11217","1","0","Rare EarthsElements/Nickel/Zinc","1","0","1"
"KUYUMA YUMA INVESTMENTS LIMITED","Other mining and quarrying n.e.c.","mining_related","no","120241005148","12/04/2024","11181","3","0","Gold/Manganese/Cobalt","1","0","3"
"Pacific Blues Mining Limited","Mining of iron ores","mining_related","no","120230048143","23/03/2023","11125","3","0","Lead/Iron Ore/Zinc","1","0","2"
"Regal Ferro Alloys Limited","Other mining and quarrying n.e.c.","mining_related","no","120210017196","14/06/2021","11056","2","1","Manganese/Silver/Iron Ore","1","1","2"
"Mpande Limestone Limited","Quarrying of stone, sand and clay","mining_related","no","120080073463","26/06/2008","10799","1","1","Limestone (General)","0","1","1"
"NFC Africa Mining Plc","Mining of other non-ferrous metal ores","mining_related","no","119980040172","05/03/1998","10759","1","1","","0","1","0"
"Tumbo Mining And Exploration Limited","Mining of other non-ferrous metal ores","mining_related","no","120230050830","18/05/2023","10704","1","0","Silver/Platinum/Tin","0","0","0"
"Brockworth Exploration & Mining Limited","Other mining and quarrying n.e.c.","mining_related","no","120160002630","08/04/2016","10696","1","0","Anhydrite/Gypsum","0","0","0"
"Safearth Mining Limited"," Other mining and quarrying n.e.c.","mining_related","no","120210018867","30/07/2021","10647","4","1","Manganese/Copper/Iron Ore","1","1","2"
"Leza Njavwa Resources Company Limited","Other mining and quarrying n.e.c.","mining_related","no","120220032362","05/05/2022","10572","4","0","Manganese/Copper/Silver","1","0","4"
"Goldquest Resources Limited","Support activities for other mining and quarrying","mining_related","no","120241005348","17/04/2024","10290","1","0","Nickel/Mineral Sands/Sand and Gravel","1","0","1"
"Teragem Mining Limited","Other mining and quarrying n.e.c.","mining_related","no","120180010426","12/12/2018","10270","3","0","Amethyst/Iron Ore/Gold","0","0","1"
"JOHSTEK MINING INVESTMENTS LIMITED","Other mining and quarrying n.e.c.","mining_related","no","120230058017","11/10/2023","10203","1","0","Manganese/Nickel/Gold","1","0","0"
"Zambian  Jiangte Mining  Company Limited","Mining of other non-ferrous metal ores","mining_related","no","120251020257","11/02/2025","10194","1","0","Tantalum/Lithium/Tungsten","1","1","0"
"LUNAREDGE VENTURES LIMITED","Other mining and quarrying n.e.c.","mining_related","no","120251018570","15/01/2025","10185","1","0","Manganese/Malachite/Lead","1","1","0"
"Sabi Minerals Limited","Retail sale of electrical household appliances, furniture, lighting equipment and other household articles in specialized stores","mining_related","no","120060062610","14/06/2006","10185","4","3","Gold/Copper/Silver","0","0","4"
"SINO XINYUAN MINING COMPANY LIMITED"," Mining of other non-ferrous metal ores","mining_related","no","120210015880","10/05/2021","10148","1","1","Gold/Nickel/Cobalt","1","0","1"
"Hatam Mining Company Limited","Other mining and quarrying n.e.c.","mining_related","no","120230058611","23/10/2023","10118","1","0","Lead/Iron Ore/Nickel","1","0","0"
"Showplus Investments Limited","Mining of other non-ferrous metal ores","mining_related","no","120230055780","31/08/2023","10103","4","3","Amethyst/Aquamarine/Coal","1","0","4"
"Truestone Mineral Processing Limited","Support activities for other mining and quarrying","mining_related","no","120210024905","09/12/2021","10034","4","1","Lead/Manganese/Zinc","1","0","3"
"Indica Resources Limited","Mining of iron ores","mining_related","no","120180005820","13/07/2018","9958","4","0","Iron Ore/Zinc/Manganese","0","0","3"
"Earthshine Mining Corporation Limited","Mining of other non-ferrous metal ores","mining_related","no","120241004373","27/03/2024","9749","2","0","Copper/Gold/Niobium (Columbium)","1","0","0"
"HONLOE SERVICES LIMITED","Support activities for other mining and quarrying","mining_related","no","120180009052","26/10/2018","9699","1","0","Manganese/Malachite/Limestone (General)","0","1","1"
"Sherco investment limited","Mining of other non-ferrous metal ores","mining_related","no","120241006514","10/05/2024","9671","5","0","Gold/Copper/Cobalt","1","0","0"
"Digidrill Exploration Resources Limited","Mining of other non-ferrous metal ores","mining_related","no","120241007213","22/05/2024","9665","1","0","Manganese/Malachite/Quartz","1","0","0"
"Feliz Mineral Resources Limited","Mining of other non-ferrous metal ores","mining_related","no","120220041614","09/11/2022","9638","2","0","Iron Ore/Lead/Gold","1","1","0"
"Heartland Commodities Limited","Other mining and quarrying n.e.c.","mining_related","no","120230061011","13/12/2023","9624","2","1","Rare EarthsElements/Silver/Zinc","1","0","1"
"Magnificent  Mining Limited","Mining of other non-ferrous metal ores","mining_related","no","220220000169","22/04/2022","9539","1","0","Quartz/Marble/Zinc","1","1","0"
"NATRAJ MINING AND MINERALS LIMITED","Other mining and quarrying n.e.c.","mining_related","no","120241013777","05/10/2024","9524","1","0","Limestone (General)/Manganese/Iron Ore","1","1","0"
"Hidden Treasure Zambia Company Limited"," Mining of other non-ferrous metal ores","mining_related","no","120210019189","10/08/2021","9467","1","0","Tin/Zinc/Gold","1","0","1"
"Monoliths Mining Group Limited","Other mining and quarrying n.e.c.","mining_related","no","120241010980","08/08/2024","9432","2","0","Iron Ore/Gold/Zinc","1","0","0"
"Muzuri Sana Mining Limited","Other mining and quarrying n.e.c.","mining_related","no","120200000164","08/01/2020","9367","1","0","Nickel/Lead/Zinc","0","0","0"
"Tedafluo Investment Company Limited","Mining of other non-ferrous metal ores","mining_related","no","120230058339","17/10/2023","9346","1","0","Scrap Mica/Quartz/Zinc","1","1","0"
"Garbo Resource Zambia Limited","Support activities for other mining and quarrying","mining_related","no","120180002415","22/03/2018","9324","1","0","Nickel/Lead/Zinc","0","1","0"
"Beyond Borders Resources Limited","Mining of other non-ferrous metal ores","mining_related","no","120230047764","17/03/2023","9303","1","0","Gold/Manganese/Cobalt","1","1","0"
"Rockvalley Mining Zambia Limited","Mining of iron ores","mining_related","no","120180010202","04/12/2018","9296","1","0","Tantalum/Quartz/Tin","1","0","1"
"TSSG Mining Limited","Mining of iron ores","mining_related","no","120200006043","04/08/2020","9276","5","0","Quartz/Tourmaline/Aquamarine","1","1","5"
"Aman Processing Zambia Limited","Manufacture of basic precious and other non-ferrous metals","mining_related","no","120180004280","22/05/2018","9197","2","1","Iron Ore/Anhydrite/Tantalum","0","0","1"
"Moxico Amadoda Mining Limited","Other mining and quarrying n.e.c.","mining_related","no","120190009515","05/12/2019","9141","1","0","Nickel/Manganese/Zinc","1","1","1"
"Haoyang Resources Limited","Support activities for other mining and quarrying","mining_related","no","120180006838","16/08/2018","9128","3","1","Gold/Copper/Silver","0","1","1"
"V.L Investment Company Limited","Other mining and quarrying n.e.c.","mining_related","no","120241010240","23/07/2024","9111","1","0","Malachite/Lead/Nickel","1","0","0"
"Showplus Investment Limited","Mining of other non-ferrous metal ores","mining_related","no","120230055780","31/08/2023","8993","1","0","Tantalum/Lithium/Tin","1","0","1"
"SOWETO MINING ZAMBIA LIMITED","Mining of other non-ferrous metal ores","mining_related","no","120241015940","19/11/2024","8969","4","0","Gold/Copper/Nickel","1","1","0"
"Dabun Mining Company Limited","Mining of iron ores","mining_related","no","120210021572","04/10/2021","8941","1","0","Gold/Copper/Cobalt","1","1","0"
"Geohunters Mining Limited","Support activities for other mining and quarrying","mining_related","no","120220027662","04/02/2022","8910","3","0","Quartz/Niobium (Columbium)/Tantalum","1","1","0"
"Southern Africa Copper Company Limited","Support activities for other mining and quarrying","mining_related","no","120070068317","29/08/2007","8909","4","0","Iron Ore/Manganese/Zinc","0","0","4"
"maraed Mining Contractors and General Suppliers Limited","Retail sale of hardware, paints and glass in specialized stores","mining_related","no","120150133736","03/07/2015","8862","1","0","Iron Ore/Manganese/Copper","0","0","1"
"Morton Enterprises Limited","Retail sale of electrical household appliances, furniture, lighting equipment and other household articles in specialized stores","mining_related","no","120030053461","25/09/2003","8835","2","0","Manganese/Zinc/Copper","1","0","0"
"Southern Latitude Company Limited","Support activities for other mining and quarrying","mining_related","no","120140122533","19/05/2014","8798","1","0","Tantalum/Quartz/Vanadium","0","0","1"
"Luongo Mineral Resources Limited","Mining of other non-ferrous metal ores","mining_related","no","120241010259","24/07/2024","8785","1","0","Platinum/Rubidium/Manganese","1","0","0"
"Cabral Mining Minerals Limited","Mining of other non-ferrous metal ores","mining_related","no","120200001044","05/02/2020","8712","1","0","Manganese/Silver/Zinc","1","1","0"
"Elimoas Corporation Limited","Mining of other non-ferrous metal ores","mining_related","no","120190008728","06/11/2019","8689","2","0","Iron Ore/Copper/Gold","0","1","2"
"Mukema Minerals Limited","Support activities for other mining and quarrying","mining_related","no","120200007561","11/09/2020","8684","1","0","Iron Ore/Lead/Zinc","1","1","1"
"South Vale Coal Limited","Other mining and quarrying n.e.c.","mining_related","no","120220027261","26/01/2022","8677","2","1","Quartz/Coal","1","0","1"
"Temachi Mineral Resources Limited","Other mining and quarrying n.e.c.","mining_related","no","120200004693","16/06/2020","8535","1","0","Iron Ore/Copper/Cobalt","1","0","0"
"Fleissig Investments Company Limited","Other mining and quarrying n.e.c.","mining_related","no","120200009924","18/11/2020","8511","1","0","Tantalum/Niobium (Columbium)/Tungsten","1","0","0"
"Filtrak Zambia Limited","Retail sale of hardware, paints and glass in specialized stores","mining_related","no","120010048082","06/09/2001","8392","1","0","Iron Ore/Manganese/Silver","0","1","0"
"Fu Da Resource Management Limited","Other mining and quarrying n.e.c.","mining_related","no","120210025255","16/12/2021","8348","1","0","Manganese/Zinc/Gold","1","0","1"
"Ndalumba  Resources Limited","Other retail sale in non-specialized stores","mining_related","no","120220027889","09/02/2022","8302","4","0","Iron Ore/Manganese/Quartz","1","0","4"
"AFRICA BASE METALS HOLDING LIMITED","Other mining and quarrying n.e.c.","mining_related","no","120241013698","04/10/2024","8241","1","0","Mineral Sands/Nickel/Manganese","1","1","0"
"Gansu Mining Company Limited","Support activities for other mining and quarrying","mining_related","no","120241007171","22/05/2024","8235","3","0","Titanium/Niobium (Columbium)/Zinc","1","1","2"
"Natural Precious Resources Company Limited","Support activities for other mining and quarrying","mining_related","no","120080074679","04/09/2008","8231","1","0","Nickel/Molybdenum/Silver","0","0","0"
"Grassburg Mining Limited","Mining of other non-ferrous metal ores","mining_related","no","120220038404","30/08/2022","8117","2","0","Manganese/Silver/Zinc","1","0","2"
"Rigo Minerals Company Limited","Other mining and quarrying n.e.c.","mining_related","no","120220036796","28/07/2022","8007","1","0","Silver/Zinc/Nickel","1","0","0"
"Siam Mining Zambia Limited","Other mining and quarrying n.e.c.","mining_related","no","120241005588","23/04/2024","7997","3","0","Tin/Copper/Coal","1","0","0"
"Kawachi Drilling and Exploration Limited","Support activities for other mining and quarrying","mining_related","no","120241002646","22/02/2024","7928","1","0","Lead/Limestone (General)/Graphite","1","1","1"
"RockModeller Company Limited","Other mining and quarrying n.e.c.","mining_related","no","120200006992","28/08/2020","7907","2","0","Gold/Copper/Cobalt","1","1","0"
"Tawakkal Resources Limited","Mining of other non-ferrous metal ores","mining_related","no","120220041853","14/11/2022","7857","5","0","Copper/Gold/Tantalum","1","1","1"
"Hamsa Resources Limited","Support activities for other mining and quarrying","mining_related","no","120241016755","06/12/2024","7691","2","0","Gold/Silver/Cobalt","1","1","0"
"Mulennsali Investment Limited","Support activities for other mining and quarrying","mining_related","no","120230056587","15/09/2023","7677","5","1","Copper/Manganese/Quartz","1","0","0"
"Meihua International Mining Limited","Support activities for other mining and quarrying","mining_related","no","120230057452","28/09/2023","7658","1","0","Lead/Iron Ore/Tin","1","0","1"
"Chitubula Investments Limited","Mining of iron ores","mining_related","no","120230047252","07/03/2023","7638","2","0","Gold/Nickel/Copper","1","1","1"
"Nsangi Mineral Resources Limited","Mining of other non-ferrous metal ores","mining_related","no","120180004368","24/05/2018","7635","4","0","Manganese/Nickel/Silver","0","0","0"
"Sino Great Development Company(Zambia) Limited","Manufacture of agricultural and forestry machinery","mining_related","no","120220042352","23/11/2022","7592","1","0","Tin/Tantalum/Zinc","0","0","0"
"GEELY ALLIANCE MINING INVESTMENT COMPANY LIMITED","Support activities for other mining and quarrying","mining_related","no","120230055253","22/08/2023","7585","4","0","Silica/Cobalt/Nickel","1","1","0"
"Jehji Zambia Limited","Mining of other non-ferrous metal ores","mining_related","no","120220026289","07/01/2022","7575","1","0","Limestone (General)/Manganese/Zinc","1","0","1"
"Anointed Mining and Drilling Company Limited","Mining of other non-ferrous metal ores","mining_related","no","120210020101","03/09/2021","7557","2","0","Gold/Platinum/Cobalt","1","0","2"
"DINS Ventures Limited","Support activities for other mining and quarrying","mining_related","no","120230060624","04/12/2023","7427","2","0","Coal/Lithium/Mica","1","1","0"
"USHA INVESTMENT LIMITED","Other mining and quarrying n.e.c.","mining_related","no","120241006240","07/05/2024","7366","2","0","Emerald/Quartz/Rare EarthsElements","1","1","0"
"Turuma Mining Limited","Other mining and quarrying n.e.c.","mining_related","no","120230046107","14/02/2023","7350","5","0","Gold/Manganese/Cobalt","1","0","5"
"Prime  Rock Mining and Logistics Solutions Limited","Mining of other non-ferrous metal ores","mining_related","no","120230045032","24/01/2023","7333","3","0","Manganese/Gold/Copper","1","0","3"
"Nkana Alloy Smelting Company Limited","Mining of other non-ferrous metal ores","mining_related","no","120120108175","27/12/2012","7304","4","1","Gold/Copper/Cobalt","0","1","0"
"Starcom Mining Company Limited","Mining of other non-ferrous metal ores","mining_related","no","120241000881","19/01/2024","7286","1","0","Diamond/Copper/Columbite","1","0","0"
"Din Di Mining Development Company Zambia Limited","Support activities for other mining and quarrying","mining_related","no","120230054781","11/08/2023","7271","1","0","Lead/Iron Ore/Magnesium (Brucit)","1","1","0"
"PRIMEQUEST MINERALS LIMITED","Other mining and quarrying n.e.c.","mining_related","no","120241008632","18/06/2024","7205","2","0","Titanium/Nickel/Coal","1","1","2"
"African Fluorite Mining Limited","Other mining and quarrying n.e.c.","mining_related","no","120230046287","17/02/2023","7201","1","1","Limestone (General)/Lead/Anhydrite","1","1","1"
"Cornerstone Resources Mining & Explorations Limited","Mining of other non-ferrous metal ores","mining_related","no","120180004229","22/05/2018","7175","1","0","Gold/Manganese/Silver","0","0","1"
"Aurous Minerals Limited","Quarrying of stone, sand and clay","mining_related","no","120230052979","06/07/2023","7018","4","0","Copper/Mineral Sands/Silver","1","0","1"
"Kavuluvulu Ventures Limited","Support activities for other mining and quarrying","mining_related","no","120160000031","05/01/2016","7002","3","2","Coal/Quartz/Nickel","0","0","2"
"Hanfu Mining Company Limited","Other mining and quarrying n.e.c.","mining_related","no","120241011576","22/08/2024","6931","2","0","Gold/Silver/Copper","1","1","0"
"Jakosa Investments Limited","Other mining and quarrying n.e.c.","mining_related","no","120220038863","09/09/2022","6829","1","0","Rare EarthsElements/Quartz/Tourmaline","1","0","1"
"Tropical Mine Investments Zambia Limited","Mining of other non-ferrous metal ores","mining_related","no","120180006383","01/08/2018","6825","3","0","Copper/Zinc/Gold","0","0","3"
"Nthanda Investments Limited","Mining of other non-ferrous metal ores","mining_related","no","120200010843","16/12/2020","6823","1","0","Anhydrite/Gypsum/Manganese","1","0","1"
"Ula Minerals Limited","Other mining and quarrying n.e.c.","mining_related","no","120190003127","17/04/2019","6801","1","0","Silver/Nickel/Zinc","1","0","0"
"Elysium Resources Limited","Other mining and quarrying n.e.c.","mining_related","no","120241015482","08/11/2024","6767","3","0","Copper/Tourmaline/Manganese","1","0","0"
"Leopards Hill Quarry Limited","Quarrying of stone, sand and clay","mining_related","no","120160003571","17/05/2016","6706","1","0","Silver/Phosphorus-Phosphates/Copper","0","0","0"
"Reymans Mining Zambia Limited","Mining of other non-ferrous metal ores","mining_related","no","120230060519","01/12/2023","6567","3","1","Gold/Silica/Iron Ore","1","0","1"
"Inspire Mineral Resources Company Limited","Mining of other non-ferrous metal ores","mining_related","no","120190005199","05/07/2019","6469","4","0","Lead/Manganese/Zinc","1","0","4"
"Afrique Nama Mining Limited","Support activities for other mining and quarrying","mining_related","no","120150133059","10/06/2015","6409","2","1","Iron Ore/Nickel/Gold","1","0","1"
"Yatra Enterprise Limited","Other retail sale not in stores, stalls or markets","mining_related","no","120140121065","28/03/2014","6370","3","0","Diamond/Copper/Citrine","0","0","0"
"Penguin Resources Limited","Other mining and quarrying n.e.c.","mining_related","no","120220026971","21/01/2022","6255","1","0","Granite/Manganese/Silver","1","0","1"
"Shikuha Minerals Limited","Mining of other non-ferrous metal ores","mining_related","no","120241011458","19/08/2024","6253","1","0","Nickel/Manganese/Silver","1","1","1"
"Afro Asia Mining Zambia Limited","Support activities for other mining and quarrying","mining_related","no","120110092465","18/05/2011","6190","1","0","Iron Ore/Manganese/Silver","0","0","0"
"Kuchomwetu Mining company Limited","Mining of iron ores","mining_related","no","120241004089","21/03/2024","6091","1","0","Nickel/Manganese/Gravel","1","0","0"
"Metalix Mining Limited","Support activities for other mining and quarrying","mining_related","no","120170006386","22/08/2017","6034","1","0","Limestone (General)/Anhydrite/Tantalum","1","1","0"
"Feldon & Camara Mining Limited","Mining of other non-ferrous metal ores","mining_related","no","120251024444","23/04/2025","5984","2","0","Nickel/Zinc/Iron Ore","1","0","0"
"Maxsma Minerals Limited","Other mining and quarrying n.e.c.","mining_related","no","120200007301","07/09/2020","5952","1","0","Limestone (General)/Lead/Iron Ore","1","1","1"
"Triology Mining Limited","Other mining and quarrying n.e.c.","mining_related","no","120200000177","08/01/2020","5897","1","0","Manganese/Iron Ore/Silver","1","0","1"
"Climax resources Zambia Limited","Support activities for other mining and quarrying","mining_related","no","120210023441","09/11/2021","5839","4","0","Zinc/Copper/Gold","1","1","0"
"Zamgem International Limited","Other mining and quarrying n.e.c.","mining_related","no","120010048654","23/11/2001","5828","1","1","Tin/Quartz/Zinc","0","1","1"
"Sedhost Minerals Limited","Mining of other non-ferrous metal ores","mining_related","no","120230047928","20/03/2023","5816","4","0","Nickel/Copper/Silver","1","0","2"
"Lubambe Copper Mine Limited","Support activities for other mining and quarrying","mining_related","no","119960037227","11/11/1996","5813","1","1","","0","1","0"
"Kemose Mining Limited","Mining of iron ores","mining_related","no","120180007715","14/09/2018","5780","1","0","Lead/Iron Ore/Limestone (General)","0","1","1"
"Sino Great Development Company Zambia Limited","Manufacture of agricultural and forestry machinery","mining_related","no","120220042352","23/11/2022","5747","1","0","Tin/Tantalum/Zinc","0","0","0"
"Manasa Mining Associates Limited","Other mining and quarrying n.e.c.","mining_related","no","120241002259","15/02/2024","5474","2","0","Quartz/Nickel/Zinc","1","1","0"
"Alnajah Investments Limited","Mining of other non-ferrous metal ores","mining_related","no","120220037272","09/08/2022","5421","2","1","Gold/Copper/Zinc","1","1","0"
"Hainan Xing Zhe New Material Technology Limited","Other mining and quarrying n.e.c.","mining_related","no","120220041736","10/11/2022","5378","3","0","Quartz/Mica/Lithium","1","0","3"
"Kubeleka Natural Resources Limited","Other mining and quarrying n.e.c.","mining_related","no","120220043594","22/12/2022","5361","4","0","Iron Ore/Manganese/Copper","1","0","4"
"Validus Mining Corporation Limited","Other mining and quarrying n.e.c.","mining_related","no","120230052056","14/06/2023","5244","1","0","Manganese/Lead/Zinc","1","0","1"
"BHASCORE MINING ZAMBIA LIMITED","Other mining and quarrying n.e.c.","mining_related","no","120241010520","29/07/2024","5208","2","0","Iron Ore/Copper/Gold","1","0","0"
"lianneng mining limited","Other mining and quarrying n.e.c.","mining_related","no","120241012239","04/09/2024","5199","2","0","Gold/Anhydrite/Gypsum","1","0","0"
"Pentagon Resources Limited","Mining of hard coal","mining_related","no","120150136866","28/10/2015","5111","1","0","Phosphorus-Phosphates/Quartz/Limestone (General)","0","0","1"
"TSAHAYI AUGUST LIMITED","Support activities for other mining and quarrying","mining_related","no","120140121945","29/04/2014","5099","1","0","Nickel/Manganese/Zinc","0","0","1"
"Wizmanso Mineral  Resources Limited","Mining of other non-ferrous metal ores","mining_related","no","120210014294","25/03/2021","5082","1","0","Lead/Zinc/Gold","1","0","1"
"Milz Mining and Construction Limited","Other mining and quarrying n.e.c.","mining_related","no","120220042223","21/11/2022","5075","5","0","Gold/Copper/Cobalt","1","0","4"
"SHihong Minerals Limited","Mining of other non-ferrous metal ores","mining_related","no","120241012274","05/09/2024","5070","3","0","Silver/Zinc/Gold","1","0","1"
"Chidunkulu  Resources Limited","Other mining and quarrying n.e.c.","mining_related","no","120220027579","03/02/2022","5026","2","0","Lead/Manganese/Gold","1","0","2"
"Matil Distributors Limited","Other mining and quarrying n.e.c.","mining_related","no","120210021162","24/09/2021","5015","3","0","Cobalt/Copper/Gold","1","0","3"
"Prime Gold Mining Limited","Other mining and quarrying n.e.c.","mining_related","no","120190006735","28/08/2019","4982","1","0","Iron Ore/Manganese/Silver","1","0","1"
"Chambre Mining Company Limited","Mining of other non-ferrous metal ores","mining_related","no","120230049257","15/04/2023","4898","1","0","Nickel/Gold/Zinc","1","0","0"
"Crescent Mineral Resources Limited","Mining of other non-ferrous metal ores","mining_related","no","120220043419","19/12/2022","4887","2","1","Gold/Silver/Manganese","1","0","1"
"Top Stone Mining Limited"," Mining of other non-ferrous metal ores","mining_related","no","120210023384","08/11/2021","4873","1","0","Lead/Iron Ore/Manganese","1","0","1"
"Madar Mining Industry Zambia Limited","Mining of other non-ferrous metal ores","mining_related","no","120220040543","14/10/2022","4860","4","0","Manganese/Lead/Silver","1","1","0"
"Anglo Exploration Zambia Limited","Support activities for other mining and quarrying","mining_related","no","120110092461","18/05/2011","4833","1","0","Rare EarthsElements/Manganese/Uranium","0","1","0"
"Mlima Mining Investment Limited","Other mining and quarrying n.e.c.","mining_related","no","120210016340","20/05/2021","4792","1","0","Lead/Manganese/Zinc","1","0","1"
"Starland Mining Limited","Mining of other non-ferrous metal ores","mining_related","no","120241013630","03/10/2024","4783","4","0","Manganese/Mineral Sands/Malachite","1","1","0"
"Premiere Consolidated Mining Limited","Mining of other non-ferrous metal ores","mining_related","no","120200007767","17/09/2020","4731","3","0","Gold/Copper/Silver","1","0","2"
"Sunflower Resources Limited","Other mining and quarrying n.e.c.","mining_related","no","120220041987","16/11/2022","4728","1","0","Nickel/Manganese/Zinc","1","0","1"
"Amet Mining Zambia Limited","Support activities for other mining and quarrying","mining_related","no","120230058969","01/11/2023","4721","2","0","Quartz/Limestone (General)/Lead","1","0","2"
"Bandar Investments Limited","Other mining and quarrying n.e.c.","mining_related","no","120241011051","09/08/2024","4678","3","1","Gold/Copper/Cobalt","1","1","0"
"Oscarios Mining & Exploration Limited"," Mining of other non-ferrous metal ores","mining_related","no","120210019084","05/08/2021","4649","3","0","Lead/Manganese/Zinc","0","1","2"
"MAVIKEM RESOURCES COMPANY LIMITED","Support activities for other mining and quarrying","mining_related","no","120230051567","05/06/2023","4586","4","0","Gold/Copper/Manganese","1","0","0"
"Sun Avenue Partners Corp Zambia Limited","Mining of other non-ferrous metal ores","mining_related","no","120210014396","29/03/2021","4543","2","0","Silver/Zinc/Gold","0","1","1"
"Lakucho Enterprise Limited","Other retail sale in non-specialized stores","mining_related","no","120180003768","08/05/2018","4532","4","0","Manganese/Copper/Gold","0","0","2"
"Oval Mining Limited","Mining of iron ores","mining_related","no","120190004947","25/06/2019","4526","3","1","Gold/Copper/Silver","1","1","0"
"Dias Minerals Mining Company Limited"," Mining of other non-ferrous metal ores","mining_related","no","120210019586","23/08/2021","4516","1","0","Mica/Iron Ore/Silver","1","0","0"
"Kubanta Investements Limited"," Mining of other non-ferrous metal ores","mining_related","no","120210017682","25/06/2021","4452","1","0","Gold/Iron Ore/Tourmaline","1","0","1"
"Kainshen Investments Limited","Other mining and quarrying n.e.c.","mining_related","no","120230056512","14/09/2023","4419","2","0","Silver/Nickel/Gold","1","1","2"
"Gold Hunters Mining Limited","Mining of other non-ferrous metal ores","mining_related","no","120230045208","27/01/2023","4417","7","3","Gold/Copper/Iron Ore","1","0","0"
"Taiyuan Mining Limited","Mining of other non-ferrous metal ores","mining_related","no","120241010576","01/08/2024","4400","1","0","Manganese/Nickel/Limestone (General)","1","0","0"
"EKAA Hrim Earth Resources Minerals and Management Limited","Support activities for other mining and quarrying","mining_related","no","120220036697","27/07/2022","4351","1","0","Nickel/Manganese/Zinc","1","1","1"
"Belmt Resources Mining Company Limited","Other mining and quarrying n.e.c.","mining_related","no","120190006387","16/08/2019","4349","1","0","Silver/Quartz/Zinc","1","0","0"
"MEDICI RESOURCES LIMITED","Mining of other non-ferrous metal ores","mining_related","no","120251018931","20/01/2025","4297","1","0","Silver/Niobium (Columbium)/Nickel","1","0","0"
"Bwana Mdogo Exploration and Mining Company Limited","Mining of other non-ferrous metal ores","mining_related","no","120230046030","13/02/2023","4259","4","0","Nickel/Tantalum/Zinc","1","1","2"
"Fulgent Mining Limited","Mining of other non-ferrous metal ores","mining_related","no","120230050312","09/05/2023","4257","1","0","Lithium/Silver/Gold","1","0","1"
"Noralta Resources Limited","Other mining and quarrying n.e.c.","mining_related","no","120251018232","06/01/2025","4253","1","0","Nickel/Lead/Quartz","1","0","0"
"Izachak General Dealers Limited","Support activities for other mining and quarrying","mining_related","no","120220032885","13/05/2022","4205","1","0","Manganese/Quartz/Tourmaline","1","1","1"
"Sri Maan Resources Limited","Mining of other non-ferrous metal ores","mining_related","no","120180005370","27/06/2018","4168","1","0","Niobium (Columbium)/Nickel/Molybdenum","0","1","0"
"RED HEARTY MINING COMPANY LIMITED","Mining of other non-ferrous metal ores","mining_related","no","120241008543","17/06/2024","4157","3","0","Iron Ore/Silver/Nickel","1","0","3"
"Longvee Investments Limited","Other mining and quarrying n.e.c.","mining_related","no","120241001331","29/01/2024","4149","4","0","Gold/Cobalt/Copper","1","0","0"
"Deacons Mines Limited","Mining of other non-ferrous metal ores","mining_related","no","120180008437","05/10/2018","4145","5","1","Copper/Gold/Iron Ore","1","0","0"
"Pantanshi Gold Limited","Mining of other non-ferrous metal ores","mining_related","no","120190003077","16/04/2019","4128","1","0","Lead/Tin/Zinc","1","1","1"
"Tertiary Minerals  Zambia Limited","Other mining and quarrying n.e.c.","mining_related","no","120210017723","28/06/2021","4116","1","0","Iron Ore/Lead/Zinc","1","1","0"
"Finest Mineral Resources Company Limited","Mining of other non-ferrous metal ores","mining_related","no","120241008273","11/06/2024","4101","2","0","Gold/Copper/Amethyst","1","0","0"
"Lakki Reddy Mining Limited","Other mining and quarrying n.e.c.","mining_related","no","120220037623","16/08/2022","4054","4","0","Lead/Manganese/Zinc","1","1","0"
"Blue Copper Mining Limited"," Other mining and quarrying n.e.c.","mining_related","no","120210020730","16/09/2021","4034","2","1","Iron Ore/Manganese/Copper","1","0","2"
"Shuumbwa Resources Limited","Other mining and quarrying n.e.c.","mining_related","no","120220033797","31/05/2022","3983","1","0","Nickel/Quartz/Malachite","1","0","0"
"Kunigal Murthy Minerals limited","Mining of other non-ferrous metal ores","mining_related","no","120200000864","30/01/2020","3977","3","0","Lead/Manganese/Zinc","0","0","2"
"Huaxiang Investment Company Limited","Support activities for other mining and quarrying","mining_related","no","120241015610","12/11/2024","3975","1","0","Nickel/Manganese/Silver","1","1","0"
"Kameha Resources Limited","Other mining and quarrying n.e.c.","mining_related","no","120241005354","17/04/2024","3963","2","0","Coal/Amethyst/Zinc","1","0","0"
"Manvi Mining Associates Limited","Other mining and quarrying n.e.c.","mining_related","no","120241001197","25/01/2024","3937","6","0","Lead/Copper/Manganese","1","1","2"
"Zoomlion Copper Mine Company Limited","Other mining and quarrying n.e.c.","mining_related","no","120200009816","13/11/2020","3922","1","0","Manganese/Iron Ore/Quartz","1","0","1"
"Lyon Mining Zambia Limited","Other mining and quarrying n.e.c.","mining_related","no","120210018358","19/07/2021","3912","1","0","Quartz/Platinum/Tantalum","1","0","1"
"Bimbe Mines Limited"," Other mining and quarrying n.e.c.","mining_related","no","120210023461","09/11/2021","3847","1","0","Manganese/Lead/Uranium","1","0","1"
"WISKANSIK INVESTMENT LIMITED","Other mining and quarrying n.e.c.","mining_related","no","120251018924","20/01/2025","3756","1","0","Tin/Tungsten/Amethyst","1","1","0"
"Zuri Mineral Resources Limited","Mining of other non-ferrous metal ores","mining_related","no","120241011300","16/08/2024","3735","1","0","Nickel/Silver/Zinc","1","1","0"
"KSP Investements Limited","Other mining and quarrying n.e.c.","mining_related","no","120230052591","26/06/2023","3701","1","0","Iron Ore/Graphite/Zinc","1","0","1"
"Lochiku Logistics Limited","Mining of other non-ferrous metal ores","mining_related","no","120180009456","09/11/2018","3664","1","0","Manganese/Iron Ore/Tourmaline","0","0","1"
"Shamin Resources Limited","Mining of other non-ferrous metal ores","mining_related","no","120241004265","26/03/2024","3659","1","0","Manganese/Malachite/Nickel","1","0","0"
"Shimabu Mining Limited","Mining of other non-ferrous metal ores","mining_related","no","120180002053","13/03/2018","3653","1","0","Coal","0","0","0"
"WANTU RESOURCES COMPANY LIMITED","Retail sale of computers, peripheral units, software and telecommunications equipment in specialized stores","mining_related","no","120241012999","19/09/2024","3636","1","0","Quartz/Gold/Copper","1","1","0"
"Melaot Zones Mining and Engineering Limited","Other mining and quarrying n.e.c.","mining_related","no","120230045394","31/01/2023","3620","1","0","Lead/Manganese/Zinc","1","0","0"
"Gold Tree Investment Limited","Mining of other non-ferrous metal ores","mining_related","no","120210011483","08/01/2021","3585","1","0","Manganese/Limestone (General)/Quartz","1","0","0"
"Mwashia Resources Limited","Support activities for other mining and quarrying","mining_related","no","120200005174","02/07/2020","3573","1","0","Manganese/Nickel/Zinc","1","1","1"
"Musokamuka Kasempa Mining and Construction Limited","Support activities for other mining and quarrying","mining_related","no","120230058274","16/10/2023","3555","1","0","Gold/Copper","1","0","0"
"Marjohn Lukeka Mining & Exploration Company Limited","Mining of iron ores","mining_related","no","120160009342","20/12/2016","3555","1","0","Iron Ore/Manganese/Zinc","0","0","0"
"NAVEX MINING AND CONTRACTORS LIMITED","Support activities for other mining and quarrying","mining_related","no","120241003477","07/03/2024","3530","1","0","Nickel/Malachite/Zinc","1","1","0"
"Geonatics Investment Limited","Other mining and quarrying n.e.c.","mining_related","no","120210023459","09/11/2021","3529","2","0","Tin/Tantalum/Quartz","1","0","0"
"Ilambalimo Mining Limited","Mining of other non-ferrous metal ores","mining_related","no","120170008798","13/11/2017","3464","1","0","Nickel/Molybdenum/Marble","0","0","0"
"NSALU MINING LIMITED","Other mining and quarrying n.e.c.","mining_related","no","120230054914","15/08/2023","3405","1","0","Manganese/Nickel/Lead","1","0","0"
"NUBIACREEK RESOURCES LIMITED","Other mining and quarrying n.e.c.","mining_related","no","120230049297","17/04/2023","3393","2","0","Gold/Quartz/Cobalt","1","0","1"
"JINDI MINING LIMITED","Other mining and quarrying n.e.c.","mining_related","no","120241013987","10/10/2024","3376","1","0","Nickel/Manganese/Silver","1","0","0"
"Leopard Exploration and Mining Limited","Support activities for other mining and quarrying","mining_related","no","120070066134","04/04/2007","3320","1","1","Zinc/Lead","0","0","1"
"Dr Ice Enterprise Limited","Wholesale of metals and metal ores","mining_related","no","120210013643","05/03/2021","3299","1","0","Manganese/Tourmaline/Zinc","1","0","1"
"Arcon Mining Limited","Mining of iron ores","mining_related","no","120241001745","06/02/2024","3280","4","0","Gold/Copper/Lead","1","0","1"
"Chitina Copper Mines Limited","Mining of other non-ferrous metal ores","mining_related","no","120170001792","03/03/2017","3271","1","0","Gold/Manganese/Cobalt","0","0","0"
"Sino Superstar Investment Limited","Mining of other non-ferrous metal ores","mining_related","no","120251019096","23/01/2025","3229","1","0","Nickel/Manganese/Zinc","1","0","0"
"TAURUS MINERAL RESOURCES LIMITED"," Mining of other non-ferrous metal ores","mining_related","no","120210015700","05/05/2021","3207","1","0","Limestone (General)/Zinc/Gold","1","0","0"
"Metacorp Exploration and Mining Investment Limited","Other mining and quarrying n.e.c.","mining_related","no","120220041268","01/11/2022","3190","6","1","Copper/Gold/Iron Ore","1","0","4"
"OREMARK RESOURCES ZAMBIA LIMITED","Mining of other non-ferrous metal ores","mining_related","no","120241009355","05/07/2024","3150","3","0","Cobalt/Gold/Iron Ore","1","0","0"
"Huayi Investments Limited","Manufacture of basic precious and other non-ferrous metals","mining_related","no","120220028892","25/02/2022","3147","1","1","Platinum/Nickel/Silver","1","0","1"
"Africon Mining and Minerals Limited","Other mining and quarrying n.e.c.","mining_related","no","120200007357","08/09/2020","3143","1","0","Manganese/Niobium (Columbium)/Quartz","1","1","0"
"damashi resources limited.","Other mining and quarrying n.e.c.","mining_related","no","120230061235","19/12/2023","3141","1","0","Limestone (General)/Iron Ore/Quartz","1","1","0"
"Bin Ajilu Enterprises Limited","Mining of other non-ferrous metal ores","mining_related","no","120210017344","17/06/2021","3141","3","0","Gold/Tourmaline/Nickel","1","0","2"
"Vundu Minerals Limited","Casting of non-ferrous metals","mining_related","no","120200007739","16/09/2020","3092","1","0","Manganese/Silver/Zinc","1","0","1"
"Joe's Earthworks and Mining Ltd","Support activities for other mining and quarrying","mining_related","no","119720006726","22/03/1972","3086","1","0","Molybdenum/Manganese/Nickel","1","1","0"
"KLR Drilling Technologies Limited"," Support activities for other mining and quarrying","mining_related","no","120210020515","13/09/2021","3084","2","0","Nickel/Manganese/Zinc","1","1","0"
"Kabwe Kapumpe Mine Limited","Mining of iron ores","mining_related","no","120210019053","05/08/2021","3072","1","1","Silver/Zinc/Mineral Sands","1","1","1"
"White Lion Mining Limited","Mining of other non-ferrous metal ores","mining_related","no","120230051774","08/06/2023","3032","1","0","Gold/Manganese/Cobalt","1","1","0"
"Archean Xplore Limited","Mining of other non-ferrous metal ores","mining_related","no","120210013262","25/02/2021","2976","3","0","Tantalum/Tourmaline/Tin","1","0","3"
"Chumams Mining Limited","Mining of iron ores","mining_related","no","120220041221","31/10/2022","2959","3","0","Iron Ore/Gold/Copper","1","0","3"
"Sunion Investments Limited","Other mining and quarrying n.e.c.","mining_related","no","120210024340","29/11/2021","2914","3","1","Gold/Copper/Tantalum","1","1","1"
"Infra Mining Consultants Limited","Other mining and quarrying n.e.c.","mining_related","no","120241008037","06/06/2024","2912","1","0","Nickel/Manganese/Malachite","1","0","0"
"Sparkler Mining and Exploration Limited","Other mining and quarrying n.e.c.","mining_related","no","120210018668","27/07/2021","2897","1","0","Platinum/Ruby/Zinc","1","0","1"
"Woodpeckers Mining Company Limited","Mining of iron ores","mining_related","no","120170005410","18/07/2017","2884","1","0","Iron Ore/Limestone (General)/Titanium","0","0","1"
"Jin Ding Mining Limited","Retail sale of electrical household appliances, furniture, lighting equipment and other household articles in specialized stores","mining_related","no","120070064887","04/02/2007","2870","1","1","Copper","0","0","1"
"Anchor Resources Limited","Other mining and quarrying n.e.c.","mining_related","no","120210015105","19/04/2021","2808","4","0","Copper/Gold/Iron Ore","1","0","1"
"Joysam Enterprise Limited","Other retail sale not in stores, stalls or markets","mining_related","no","120020050513","15/08/2002","2765","3","0","Nickel/Manganese/Tourmaline","0","1","3"
"Kalembo Mining Exploration and Consultancy Limited","Mining of other non-ferrous metal ores","mining_related","no","120241006487","10/05/2024","2761","4","0","Gold/Copper/Zinc","0","1","0"
"Nikars Mining Limited","Mining of other non-ferrous metal ores","mining_related","no","120230048278","24/03/2023","2739","1","0","Manganese/Limestone (General)/Lead","1","0","1"
"Dumle Mining Limited","Support activities for other mining and quarrying","mining_related","no","120230044829","20/01/2023","2728","3","0","Gold/Lead/Copper","1","0","2"
"Mingi Investments Holdings Limited","Support activities for other mining and quarrying","mining_related","no","120200000790","29/01/2020","2714","2","0","Copper/Talc-Soapstone/Gold","1","0","1"
"Black Toned Mining Limited","Other mining and quarrying n.e.c.","mining_related","no","120220043584","22/12/2022","2704","4","0","Copper/Gold/Manganese","1","0","2"
"Divine Booker Limited","Retail sale of books, newspapers and stationary in specialized stores","mining_related","no","120220042527","29/11/2022","2690","3","1","Gold/Copper/Iron Ore","1","0","2"
"Brilliant Exploration and Mining Limited"," Mining of other non-ferrous metal ores","mining_related","no","120210021742","06/10/2021","2677","1","0","Silica/Quartz/Manganese","1","1","1"
"Panshi Zambian Mining Company Limited","Mining of other non-ferrous metal ores","mining_related","no","120251025518","14/05/2025","2674","1","0","Silver/Nickel/Tantalum","1","0","0"
"Chilushyana Mining Limited","Other mining and quarrying n.e.c.","mining_related","no","120230059219","06/11/2023","2648","3","0","Iron Ore/Zinc/Silver","1","1","3"
"Kuaisu Auto Service Limited","Retail sale of electrical household appliances, furniture, lighting equipment and other household articles in specialized stores","mining_related","no","120150129702","11/02/2015","2609","1","0","Iron Ore/Zinc/Gold","0","1","0"
"Aztec Mining Limited","Support activities for other mining and quarrying","mining_related","no","120210020184","07/09/2021","2593","1","0","Manganese/Silver/Lead","1","0","1"
"Katiso Resources Limited","Mining of hard coal","mining_related","no","120200005818","24/07/2020","2566","6","2","Copper/Gold/Manganese","1","1","2"
"Supix Minerals Limited","Other mining and quarrying n.e.c.","mining_related","no","120180008527","09/10/2018","2557","1","0","Lead/Manganese/Zinc","1","1","0"
"Quantella Resources Limited","Mining of other non-ferrous metal ores","mining_related","no","120220035272","27/06/2022","2551","1","0","Rare EarthsElements/Nickel/Zinc","1","0","1"
"Yosef Ventures Company Limited","Other mining and quarrying n.e.c.","mining_related","no","120180004272","22/05/2018","2549","4","1","Cobalt/Gold/Copper","0","0","4"
"Kamawusa Mining Limited","Mining of other non-ferrous metal ores","mining_related","no","120180002905","10/04/2018","2523","1","0","Gold/Silver/Cobalt","0","0","0"
"Proquest Minerals and Exploration Limited","Mining of other non-ferrous metal ores","mining_related","no","120220038069","24/08/2022","2472","1","0","Copper/Gold/Quartz","1","1","1"
"Madibba Resources  And Exploration Company Limited"," Mining of other non-ferrous metal ores","mining_related","no","120210022032","13/10/2021","2463","1","0","Radium/Silver/Quartz","1","0","0"
"Lukanga Quarries Limited","Other mining and quarrying n.e.c.","mining_related","no","120200002846","15/04/2020","2434","3","1","Limestone (General)/Silver/Quartz","1","1","1"
"Gotrays Mining Zambia Limited","Other mining and quarrying n.e.c.","mining_related","no","120220026294","07/01/2022","2410","2","0","Silver/Manganese/Zinc","1","0","1"
"Ovahglo Limited","Other retail sale not in stores, stalls or markets","mining_related","no","120090080652","30/09/2009","2402","3","0","Lead/Manganese/Zinc","0","0","0"
"Leonk Mining Consultants Limited","Support activities for other mining and quarrying","mining_related","no","120220039978","30/09/2022","2402","1","0","Silver/Zinc/Gold","1","0","1"
"SIMWAMI MINERAL RESOURCES LIMITED","Mining of other non-ferrous metal ores","mining_related","no","120241006408","09/05/2024","2385","2","0","Gold/Iron Ore/Cobalt","1","0","0"
"Misoler Investment Limited","Mining of other non-ferrous metal ores","mining_related","no","120230056698","18/09/2023","2371","2","0","Manganese/Silver/Zinc","1","0","1"
"Kratos Mining Limited","Mining of other non-ferrous metal ores","mining_related","no","120200001038","05/02/2020","2356","1","1","Iron Ore/Manganese/Zinc","0","0","0"
"Global Ore Core Resources Limited","Other mining and quarrying n.e.c.","mining_related","no","120241006881","17/05/2024","2356","4","0","Gold/Limestone (General)/Cobalt","1","0","4"
"United Gypsum Mine Limited","Other mining and quarrying n.e.c.","mining_related","no","120220038659","06/09/2022","2287","4","1","Gold/Anhydrite/Gypsum","1","1","0"
"Golden Leopard Mining Industry Limited","Mining of hard coal","mining_related","no","120241010088","17/07/2024","2281","3","0","Tin/Coal/Tungsten","1","0","0"
"Leroy Minerals Logistics And Construction Limited","Support activities for other mining and quarrying","mining_related","no","120220028058","11/02/2022","2253","4","0","Gold/Silver/Manganese","1","1","1"
"Hachintusanmei Mineral Resources Limited","Mining of other non-ferrous metal ores","mining_related","no","120251020959","21/02/2025","2212","1","0","Fluorine-Fluorite/Feldspar/Tourmaline","1","0","0"
"Attarah Resources Limited","Mining of other non-ferrous metal ores","mining_related","no","120190004471","10/06/2019","2201","3","0","Limestone (General)/Quartz/Manganese","0","0","0"
"Changfa Resources Limited","Retail sale of electrical household appliances, furniture, lighting equipment and other household articles in specialized stores","mining_related","no","120110098165","14/12/2011","2184","1","1","Silver/Lead/Zinc","0","1","1"
"Mulopwe Metals Mining Limited","Other mining and quarrying n.e.c.","mining_related","no","120180008767","16/10/2018","2176","2","2","Gold/Copper/Lead","0","1","1"
"Momentum Mining Services Limited","Support activities for other mining and quarrying","mining_related","no","120220043327","15/12/2022","2166","1","0","Nickel/Manganese/Quartz","1","1","0"
"Kilimanjaro Mining Limited","Mining of other non-ferrous metal ores","mining_related","no","120241016626","03/12/2024","2147","2","0","Manganese/Lead/Quartz","1","0","0"
"Kamwenshya Mineral Zambia Limited","Mining of other non-ferrous metal ores","mining_related","no","120210025263","17/12/2021","2146","3","1","Gold/Copper/Iron Ore","1","0","1"
"Zamafa Natural Resources Limited","Other mining and quarrying n.e.c.","mining_related","no","120220043595","22/12/2022","2131","4","0","Manganese/Nickel/Zinc","1","0","2"
"Tushiya Mining And General Trading Limited","Support activities for other mining and quarrying","mining_related","no","120220043061","09/12/2022","2127","1","0","Quartz/Silica/Mica","1","0","1"
"Dangote Quarries Zambia Limited","Support activities for other mining and quarrying","mining_related","no","120080074570","28/08/2008","2121","2","1","Limestone (General)","0","1","1"
"MTDK INVESTMENT LIMITED","Other retail sale in non-specialized stores","mining_related","no","120241016623","03/12/2024","2097","1","0","Nickel/Lead/Zinc","1","0","0"
"Aimstrike Resources Limited","Mining of other non-ferrous metal ores","mining_related","no","120220041253","01/11/2022","2089","1","0","Lead/Silver/Zinc","1","0","1"
"One Belt Mining Limited"," Other mining and quarrying n.e.c.","mining_related","no","120210016811","02/06/2021","2085","3","0","Iron Ore/Manganese/Gold","1","1","2"
"Upendo Resources Limited","Mining of other non-ferrous metal ores","mining_related","no","120200005900","28/07/2020","2075","3","1","Gold/Copper/Manganese","1","1","2"
"HRM MINING INVESTMENTS LIMITED","Mining of other non-ferrous metal ores","mining_related","no","120241016213","24/11/2024","2069","4","0","Copper/Zinc/Manganese","1","1","0"
"Stavin Investements Limited","Support activities for other mining and quarrying","mining_related","no","120200005636","21/07/2020","2056","2","0","Gold/Copper/Cobalt","1","0","2"
"Tianle Mineral Development Company Limited","Support activities for other mining and quarrying","mining_related","no","120230058192","13/10/2023","2052","1","0","Manganese/Limestone (General)/Iron Ore","1","0","0"
"MUKULIKA MINING AND GENERAL DEALERS LIMITED","Support activities for other mining and quarrying","mining_related","no","120241002260","15/02/2024","2048","1","0","Precious Gems/Quartz/Green tourmaline","1","0","1"
"Africoal Investment Company Limited","Support activities for other mining and quarrying","mining_related","no","120241000358","10/01/2024","2044","1","0","Gold/Silver/Copper","1","1","0"
"Chatupa Lesa Mining Limited","Mining of other non-ferrous metal ores","mining_related","no","120210014539","01/04/2021","2034","1","1","Anhydrite/Iron Ore/Rare EarthsElements","1","1","1"
"Chitoshi Chiefdom Mineral Resources Limited","Other mining and quarrying n.e.c.","mining_related","no","120230051204","29/05/2023","2023","1","0","Iron Ore/Manganese/Copper","1","0","1"
"Bonway Investments Limited","Other retail sale in non-specialized stores","mining_related","no","120220030049","21/03/2022","2006","1","0","Nickel/Manganese/Uranium","1","1","1"
"Katema Malolwa Resources Limited","Other mining and quarrying n.e.c.","mining_related","no","120220043962","30/12/2022","2000","1","0","Manganese/Nickel/Rare EarthsElements","1","0","1"
"Black Diamond Mining & Minerals Limited","Other mining and quarrying n.e.c.","mining_related","no","120230047994","21/03/2023","1998","4","1","Manganese/Copper/Gold","1","1","1"
"MERACLUS INVESTMENTS LIMITED","Mining of other non-ferrous metal ores","mining_related","no","120241017187","13/12/2024","1997","2","0","Copper/Gold/Nickel","1","1","0"
"TRUSTROCK RESOURCES LIMITED","Other mining and quarrying n.e.c.","mining_related","no","120251025282","09/05/2025","1992","1","0","Silver/Manganese/Zinc","1","1","0"
"Chisungusho Investments Limited","Mining of other non-ferrous metal ores","mining_related","no","120200005288","09/07/2020","1991","2","0","Silver/Quartz/Gold","0","0","2"
"Akamaru General Dealers Limited","Support activities for other mining and quarrying","mining_related","no","120230060479","01/12/2023","1991","3","0","Gold/Copper/Malachite","1","0","3"
"XINHONGTAI MINING LIMITED","Other mining and quarrying n.e.c.","mining_related","no","120241009630","10/07/2024","1974","1","0","Anhydrite/Manganese/Graphite","1","0","1"
"Longvee Mining Limited","Other mining and quarrying n.e.c.","mining_related","no","120230061529","27/12/2023","1970","2","0","Copper/Cobalt/Gold","1","0","0"
"Muchenga Resources Limited","Other mining and quarrying n.e.c.","mining_related","no","120220038982","12/09/2022","1964","2","0","Zinc/Iron Ore/Lead","0","0","2"
"Sellome Investment Limited","Support activities for other mining and quarrying","mining_related","no","120140120605","13/03/2014","1934","1","0","Lithium/Silver/Zinc","1","1","1"
"IDWALA MINERAL RESOURCES LIMITED","Other mining and quarrying n.e.c.","mining_related","no","120241003727","14/03/2024","1914","4","0","Iron Ore/Silver/Lead","1","0","3"
"Lulea Mining Engineering Limited","Support activities for other mining and quarrying","mining_related","no","120210014520","01/04/2021","1907","2","0","Limestone (General)/Kaolin/Silica","1","0","1"
"Grand Osk Limited","Mining of other non-ferrous metal ores","mining_related","no","120180004826","08/06/2018","1881","1","0","Rare EarthsElements/Limestone (General)/Lead","0","1","1"
"Newcrest Mining Limited","Support activities for other mining and quarrying","mining_related","no","120200001043","05/02/2020","1869","1","0","Manganese/Iron Ore/Silver","1","0","1"
"Tangshan Resources Limited","Extraction of crude petroleum","mining_related","no","120220033719","30/05/2022","1854","2","0","Lithium/Limestone (General)/Molybdenum","1","0","0"
"Zamzinc Industry Company Limited","Manufacture of other non-metallic mineral products n.e.c.","mining_related","no","120210014177","23/03/2021","1852","2","1","Manganese/Lead/Silver","1","0","1"
"African Inkalamo Mining Limited","Mining of other non-ferrous metal ores","mining_related","no","120220035275","27/06/2022","1850","1","1","Rare EarthsElements/Platinum Group Metals/Niobium (Columbium)","1","1","1"
"Redstone Resources Limited","Other mining and quarrying n.e.c.","mining_related","no","120241006855","16/05/2024","1849","3","1","Gold/Copper/Zinc","1","0","3"
"SDLG INVESTMENTS LIMITED","Other retail sale in non-specialized stores","mining_related","no","120220039540","22/09/2022","1847","2","0","Manganese/Nickel/Zinc","1","1","1"
"SOngachi Mining and Supplies Services Limited","Other mining and quarrying n.e.c.","mining_related","no","120241002866","23/02/2024","1843","4","0","Copper/Gold/Iron Ore","1","0","1"
"Gadiel Mining Limited","Mining of other non-ferrous metal ores","mining_related","no","120241010291","25/07/2024","1835","1","0","Silver/Zinc/Gold","1","1","1"
"Freshstart Emerald Mining Limited","Mining of other non-ferrous metal ores","mining_related","no","120200008151","29/09/2020","1820","2","0","Limestone (General)/Anhydrite/Tourmaline","1","0","1"
"Addulum Cave Investments Limited","Mining of chemical and fertilizer minerals","mining_related","no","120230058885","31/10/2023","1819","1","0","Quartz/Manganese/Zinc","1","0","1"
"Royal Chamuka Mining Limited","Mining of other non-ferrous metal ores","mining_related","no","120200001600","25/02/2020","1815","1","0","Silver/Manganese/Zinc","1","0","0"
"Kabile Mining Limited","Other mining and quarrying n.e.c.","mining_related","no","120210025787","29/12/2021","1803","1","0","Manganese/Silver/Zinc","1","0","1"
"Lorella Products Limited","Other mining and quarrying n.e.c.","mining_related","no","120200001542","22/02/2020","1800","1","0","Granite/Manganese/Silver","1","0","1"
"Fouta Mining Limited","Mining of iron ores","mining_related","no","120241012793","13/09/2024","1798","2","0","Iron Ore/Lead/Manganese","1","0","0"
"Motomine Zambia Limited","Support activities for other mining and quarrying","mining_related","no","120200008503","07/10/2020","1797","3","0","Manganese/Lead/Iron Ore","1","0","3"
"Malambo Mining Limited","Mining of other non-ferrous metal ores","mining_related","no","120220034134","06/06/2022","1765","3","0","Lithium/Silver/Quartz","1","0","3"
"HAMBURG EXPLORATION LIMITED","Other mining and quarrying n.e.c.","mining_related","no","120241015998","20/11/2024","1764","2","0","Gold/Tin/Sugilite","1","0","0"
"Koala Mining Limited","Other mining and quarrying n.e.c.","mining_related","no","120220037932","22/08/2022","1756","1","0","Lithium/Gold/Quartz","1","0","1"
"Zumran Mining and Exploration Limited","Support activities for other mining and quarrying","mining_related","no","120110097725","30/11/2011","1755","1","0","Manganese/Zinc/Gold","0","1","1"
"Alliance Minerals Limited"," Other mining and quarrying n.e.c.","mining_related","no","120210016383","20/05/2021","1754","2","0","Manganese/Silver/Zinc","1","0","2"
"Nalikolo Mining Limited"," Mining of other non-ferrous metal ores","mining_related","no","120210023540","11/11/2021","1752","1","0","Malachite/Iron Ore/Manganese","1","0","0"
"Maretec Investments Limited","Retail sale of electrical household appliances, furniture, lighting equipment and other household articles in specialized stores","mining_related","no","120200000286","13/01/2020","1752","2","0","Gold/Copper/Cobalt","0","1","2"
"Chamula Resources Limited","Other retail sale of new goods in specialized stores","mining_related","no","120120107715","07/12/2012","1747","1","0","Gold/Copper/Barium-Barite","0","0","1"
"Kabundi Resources Limited","Mining of other non-ferrous metal ores","mining_related","no","120190003630","08/05/2019","1743","5","3","Limestone (General)/Manganese/Gold","1","1","4"
"Goldfields Resources Limited","Other mining and quarrying n.e.c.","mining_related","no","120230058197","13/10/2023","1740","3","0","Quartz/Zinc/Iron Ore","1","0","0"
"Lipostide Resources Limited","Mining of iron ores","mining_related","no","120200006160","06/08/2020","1733","1","0","Gold/Lithium/Aquamarine","1","1","1"
"Mother Land Resources Limited","Mining of other non-ferrous metal ores","mining_related","no","120200009629","09/11/2020","1723","2","0","Granite/Limestone (General)/Nickel","1","0","1"
"KYLIN NONFERROUS MINING ZAMBIA LIMITED","Mining of other non-ferrous metal ores","mining_related","no","120241014976","30/10/2024","1714","4","0","Copper/Cobalt/Gold","1","0","0"
"Midstream Capital Limited"," Mining of iron ores","mining_related","no","120210020273","08/09/2021","1707","1","0","Manganese/Platinum/Tantalum","1","0","0"
"Jinfeng Mining Company Limited","Support activities for other mining and quarrying","mining_related","no","120180009965","27/11/2018","1704","1","0","Rare EarthsElements/Manganese/Silver","0","0","1"
"Kekedar Investment Zambia Company Limited","Support activities for other mining and quarrying","mining_related","no","120180006071","20/07/2018","1699","1","0","Sand/Molding/Talc-Soapstone","0","0","1"
"Ezed Mines Limited","Other mining and quarrying n.e.c.","mining_related","no","120190001848","26/02/2019","1689","1","0","Nickel/Silver/Zinc","0","0","1"
"Mobile Shaft Metals Limited","Mining of other non-ferrous metal ores","mining_related","no","120200009789","13/11/2020","1661","2","0","Iron Ore/Anhydrite/Manganese","1","0","2"
"BLS Mining Limited","Support activities for other mining and quarrying","mining_related","no","120220041129","28/10/2022","1649","2","0","Lead/Manganese/Zinc","1","0","0"
"Rontex Minerals  Limited","Mining of other non-ferrous metal ores","mining_related","no","120200003715","18/05/2020","1641","1","0","Gold/Iron Ore/Lithium","1","0","0"
"White Rock Marketing Limited","Other retail sale in non-specialized stores","mining_related","no","120200004841","19/06/2020","1640","4","0","Zinc/Manganese/Nickel","1","0","3"
"Simba Ventures Limited","Support activities for other mining and quarrying","mining_related","no","120230059980","21/11/2023","1631","2","0","Lead/Manganese/Zinc","1","0","1"
"Collum Coal Mining Industries Limited","Support activities for other mining and quarrying","mining_related","no","120000044804","08/06/2000","1628","1","1","Coal","0","0","1"
"Uluse Minerals Limited","Other mining and quarrying n.e.c.","mining_related","no","120230044192","06/01/2023","1628","1","0","Iron Ore/Zinc/Gold","1","1","0"
"STREET WISE MINING LIMITED","Other mining and quarrying n.e.c.","mining_related","no","120230058699","26/10/2023","1610","2","0","Manganese/Gold/Copper","1","0","1"
"Shamrock Mining Limited","Quarrying of stone, sand and clay","mining_related","no","120200003538","12/05/2020","1607","1","1","Silver/Sulfuric Acid/Zinc","1","0","1"
"Brimamwa Mining and Explorations Limited","Other mining and quarrying n.e.c.","mining_related","no","120190004402","06/06/2019","1592","3","0","Gold/Lead/Manganese","0","0","1"
"Sacko Resources Limited","Mining of iron ores","mining_related","no","120220037888","22/08/2022","1575","2","0","Lead/Nickel/Zinc","1","0","2"
"Minol Insights Investments Limited","Other retail sale in non-specialized stores","mining_related","no","120210024524","02/12/2021","1531","3","0","Emerald/Diamond","1","0","1"
"Silver Rock Mining Limited","Quarrying of stone, sand and clay","mining_related","no","120220033796","31/05/2022","1528","1","0","Silica/Quartz/Mica","1","0","1"
"Bema Mining Services Limited","Other mining and quarrying n.e.c.","mining_related","no","120230049606","21/04/2023","1526","2","0","Cobalt/Gold/Copper","1","0","1"
"TRISHUL MINES AND MINERALS LIMITED","Other mining and quarrying n.e.c.","mining_related","no","120241003806","15/03/2024","1508","2","0","Malachite/Manganese/Zinc","1","1","0"
"Quick Copper Mining Limited","Other mining and quarrying n.e.c.","mining_related","no","120150135049","24/08/2015","1498","1","0","Iron Ore/Silver/Tin","1","1","1"
"CHQI INVESTMENTS LIMITED","Support activities for other mining and quarrying","mining_related","no","120241011892","27/08/2024","1475","2","0","Malachite/Gold/Copper","1","0","0"
"Hyperion Corporation Limited","Retail sale of pharmaceutical and medical goods, cosmetic and toilet articles in specialized stores","mining_related","no","120200008022","24/09/2020","1475","1","0","Iron Ore/Manganese/Silver","0","0","0"
"Rajeshwari Resources Limited","Mining of other non-ferrous metal ores","mining_related","no","120200010582","09/12/2020","1471","3","0","Lead/Manganese/Zinc","1","0","2"
"Sezic Resources Limited","Other mining and quarrying n.e.c.","mining_related","no","120190009064","19/11/2019","1470","4","3","Coal/Anhydrite/Quartz","0","1","3"
"Kabulyeni Mining Limited","Other mining and quarrying n.e.c.","mining_related","no","120200009409","03/11/2020","1450","1","0","Gold/Zinc/Cobalt","1","0","1"
"Zambia Minerals Investment Corporation Limited","Support activities for other mining and quarrying","mining_related","no","120241010255","24/07/2024","1436","1","0","","1","0","0"
"Gulf Drilling Limited","Retail sale of electrical household appliances, furniture, lighting equipment and other household articles in specialized stores","mining_related","no","120120107607","05/12/2012","1422","1","0","Gold/Quartz/Copper","0","1","1"
"Timna Valley Resources Limited"," Mining of other non-ferrous metal ores","mining_related","no","120210017314","16/06/2021","1417","3","0","Iron Ore/Gold/Copper","1","0","0"
"Sandspring Ventures Limited","Mining of other non-ferrous metal ores","mining_related","no","120230061389","21/12/2023","1396","2","0","Manganese/Lead/Silver","1","1","0"
"YUSEN INVESTMENTS LIMITED","Mining of other non-ferrous metal ores","mining_related","no","120210024773","08/12/2021","1396","1","0","Platinum/Quartz/Manganese","1","0","1"
"FIERCE DRAGON INVESTMENT LIMITED","Other retail sale in non-specialized stores","mining_related","no","120241009125","27/06/2024","1382","2","0","Tungsten/Tin/Niobium (Columbium)","1","0","0"
"S.B Mineral Resources Limited","Support activities for other mining and quarrying","mining_related","no","120241001000","23/01/2024","1375","2","0","Rare EarthsElements/Manganese/Quartz","1","1","2"
"Bomal Mining & Agriculture Enterprises Limited","Other mining and quarrying n.e.c.","mining_related","no","120230044710","18/01/2023","1369","2","0","Tin/Tourmaline/Tungsten","1","0","0"
"Kuzata Investments Limited","Retail sale of books, newspapers and stationary in specialized stores","mining_related","no","120080073202","12/06/2008","1364","2","0","Manganese/Nickel/Silver","1","0","0"
"Glemo Investments Limited","Other retail sale in non-specialized stores","mining_related","no","120220030609","30/03/2022","1359","2","0","Zinc/Malachite/Nickel","1","0","1"
"Mumfunshya Mining Limited","Mining of other non-ferrous metal ores","mining_related","no","120200008015","24/09/2020","1357","2","1","Emerald/Rare EarthsElements/Copper","1","0","0"
"Pigeon Mineral Resources Limited","Other mining and quarrying n.e.c.","mining_related","no","120220043114","12/12/2022","1352","2","0","Tourmaline/Garnet/Quartz","1","0","2"
"KAPICHILA INVESTMENTS LIMITED","Other mining and quarrying n.e.c.","mining_related","no","120241008223","11/06/2024","1351","2","0","Zinc/Malachite/Nickel","1","0","2"
"Talang Mining Company Limited","Support activities for other mining and quarrying","mining_related","no","120040057417","23/12/2004","1348","2","1","Copper/Manganese/Iron Ore","0","0","1"
"Mimbula Minerals Limited","Other mining and quarrying n.e.c.","mining_related","no","120160004536","24/06/2016","1345","3","3","Copper/Gold/Cobalt","0","1","2"
"Zamtech Minerals Limited","Other mining and quarrying n.e.c.","mining_related","no","120210014552","01/04/2021","1340","2","0","Molybdenum/Silver/Tin","1","0","2"
"FEDAR INVESTMENT COMPANY LIMITED","Support activities for other mining and quarrying","mining_related","no","120241010959","07/08/2024","1336","2","0","Coal/Amethyst/Granite","1","1","0"
"Lemba Resources Limited","Mining of other non-ferrous metal ores","mining_related","no","120200006343","12/08/2020","1334","2","0","Gold/Cobalt/Iron Ore","1","0","2"
"Flow Valve Limited","Retail sale of electrical household appliances, furniture, lighting equipment and other household articles in specialized stores","mining_related","no","120020050320","18/07/2002","1311","2","0","Gold/Manganese/Zinc","1","1","2"
"Freshpoint Mining Enterprises & General Suppliers Limited"," Other mining and quarrying n.e.c.","mining_related","no","120210023249","04/11/2021","1300","2","0","Gold/Copper/Amethyst","1","0","2"
"Bangaram Mining Limited","Mining of iron ores","mining_related","no","120230048079","22/03/2023","1297","2","0","Iron Ore/Zinc/Manganese","1","0","2"
"MJAC Minerals Company Limited","Mining of iron ores","mining_related","no","120241011447","18/08/2024","1288","1","0","Green tourmaline/Iron Ore/Quartz","1","0","0"
"Bumpekete Mining & Exploration Limited","Mining of other non-ferrous metal ores","mining_related","no","120200001186","10/02/2020","1286","2","1","Iron Ore/Manganese/Zinc","1","0","1"
"Wecare Resources Limited","Other mining and quarrying n.e.c.","mining_related","no","120230044225","09/01/2023","1280","1","0","Manganese/Mica/Rare EarthsElements","1","0","0"
"Red Copper Resources Limited","Other mining and quarrying n.e.c.","mining_related","no","120210021091","23/09/2021","1255","3","0","Silver/Gold/Copper","1","0","2"
"Neon Mining Limited","Mining of other non-ferrous metal ores","mining_related","no","120220027603","03/02/2022","1250","4","0","Limestone (General)/Manganese/Zinc","1","0","4"
"Xtract Mines and Mineral Resources Limited","Support activities for other mining and quarrying","mining_related","no","120200009314","30/10/2020","1247","3","0","Manganese/Gypsum/Anhydrite","1","0","1"
"Zohara Mining Limited","Other mining and quarrying n.e.c.","mining_related","no","120220041980","16/11/2022","1237","3","0","Iron Ore/Manganese/Gold","1","0","0"
"Kerson Resources Limited","Support activities for other mining and quarrying","mining_related","no","120230050916","19/05/2023","1235","2","0","Malachite/Manganese/Lead","1","0","1"
"GRN Constructions Zambia Limited","Support activities for other mining and quarrying","mining_related","no","120110093214","16/06/2011","1228","1","0","Iron Ore/Gold/Lead","0","1","0"
"Stonecore Mine Limited","Other mining and quarrying n.e.c.","mining_related","no","120241009676","10/07/2024","1202","2","0","Titanium/Tantalum/Sugilite","1","0","0"
"Olibul Quarrying Limited","Other mining and quarrying n.e.c.","mining_related","no","120190006594","23/08/2019","1196","2","1","Silica/Sand and Gravel/Limestone (General)","1","1","0"
"Lintai Mining Company Limited","Other mining and quarrying n.e.c.","mining_related","no","120230049167","13/04/2023","1176","1","0","Manganese/Lead/Zinc","1","0","0"
"Mango Grove Investments Limited","Other retail sale not in stores, stalls or markets","mining_related","no","120040054991","06/04/2004","1159","2","0","Lead/Quartz/Zinc","0","1","2"
"Mkula Mining Limited","Mining of iron ores","mining_related","no","120140122274","12/05/2014","1154","3","3","Gold","0","0","0"
"Northcut Mining Limited","Support activities for other mining and quarrying","mining_related","no","120210017811","30/06/2021","1146","1","0","Silver/Gold/Tin","1","0","1"
"Shri Subh Metals Limited","Mining of other non-ferrous metal ores","mining_related","no","120241010875","05/08/2024","1127","1","0","Malachite/Lead/Zinc","1","1","0"
"Heshunda Mining Company Limited","Other mining and quarrying n.e.c.","mining_related","no","120220040223","06/10/2022","1118","1","0","Rare EarthsElements/Nickel/Tin","1","0","1"
"Selmat Investments Limited","Other retail sale not in stores, stalls or markets","mining_related","no","120120101442","25/04/2012","1115","1","0","Quartz/Gold/Copper","0","0","1"
"Mulundu Mineral Resources Limited","Support activities for other mining and quarrying","mining_related","no","120230046343","17/02/2023","1109","2","0","Gold/Nickel/Silver","1","0","1"
"Sidhi Vinayak Base Metal Limited"," Other mining and quarrying n.e.c.","mining_related","no","120210017425","18/06/2021","1106","3","0","Manganese","1","0","0"
"Haizhou Mining Resources Co. Limited","Support activities for other mining and quarrying","mining_related","no","120241004977","10/04/2024","1104","2","0","Iron Ore/Silver/Gold","1","0","1"
"Jiuda Investment Limited","Support activities for other mining and quarrying","mining_related","no","120190007172","11/09/2019","1103","2","1","Zinc/Lead/Manganese","1","0","1"
"Mineworth Investments Limited","Mining of other non-ferrous metal ores","mining_related","no","120241011529","21/08/2024","1099","2","0","Iron Ore/Nickel/Zinc","1","0","0"
"Mapp Mining Limited","Support activities for other mining and quarrying","mining_related","no","120230046878","28/02/2023","1099","1","0","Manganese/Lead/Zinc","1","0","1"
"Mvuu Resources Limited"," Other mining and quarrying n.e.c.","mining_related","no","120210017923","02/07/2021","1094","1","0","Iron Ore/Zinc/Gold","1","1","0"
"AFTHONI METALS CONSORTIUM LIMITED","Other mining and quarrying n.e.c.","mining_related","no","120241008123","10/06/2024","1090","1","0","Manganese/Mineral Sands/Iron Ore","1","0","0"
"Synite Quarries Zambia Limited","Support activities for other mining and quarrying","mining_related","no","120070065662","27/02/2007","1088","3","3","Granite/Sand and Gravel/Silver","0","0","3"
"Zambold Properties Limited","Support activities for other mining and quarrying","mining_related","no","120220043232","14/12/2022","1084","1","0","Silver/Selenium/Platinum Group Metals","1","1","0"
"Sichipema Resources Limited","Other mining and quarrying n.e.c.","mining_related","no","120220031147","08/04/2022","1082","6","1","Gold/Manganese/Cobalt","1","0","2"
"Tancol Minerals Limited","Other mining and quarrying n.e.c.","mining_related","no","120160005593","08/08/2016","1072","5","4","Quartz/Tourmaline/Tantalum","0","0","3"
"Aeon Engineering Limited","Mining of other non-ferrous metal ores","mining_related","no","120220027524","02/02/2022","1064","2","0","Gold/Copper/Nickel","1","1","1"
"Makgowan Resources Limited","Other retail sale in non-specialized stores","mining_related","no","120170007026","14/09/2017","1057","2","0","Granite/Iron Ore/Manganese","0","1","0"
"Kesya Resources Limited","Mining of other non-ferrous metal ores","mining_related","no","120230048236","24/03/2023","1053","1","0","Iron Ore/Coal/Amethyst","1","0","1"
"Gold Lookers Mining Limited","Mining of other non-ferrous metal ores","mining_related","no","120230048267","24/03/2023","1053","3","0","Manganese/Tin/Iron Ore","1","0","1"
"Chazychilz Investments Limited","Mining of other non-ferrous metal ores","mining_related","no","120220034346","09/06/2022","1043","3","0","Gold/Iron Ore/Copper","1","0","2"
"Clarma Resources Limited","Mining of other non-ferrous metal ores","mining_related","no","120230058650","25/10/2023","1036","3","0","Cobalt/Gold/Iron Ore","1","0","2"
"Trailblazer Minerals Company","Other mining and quarrying n.e.c.","mining_related","no","120210017240","14/06/2021","1027","2","1","Copper/Gold/Sugilite","1","1","0"
"Hoshen Mining and Exploration Limited","Other mining and quarrying n.e.c.","mining_related","no","120220030644","30/03/2022","998","1","0","Malachite/Silver/Zinc","1","0","1"
"Tawakkal Gems Investments Co. Ltd","Other retail sale not in stores, stalls or markets","mining_related","no","120070064886","03/01/2007","997","3","1","Emerald/Quartz/Manganese","0","0","1"
"Lutebwe Mining Zambia Limited","Other mining and quarrying n.e.c.","mining_related","no","120230049133","13/04/2023","997","1","0","Lead/Quartz/Zinc","1","1","0"
"Blueware Investments Limited","Mining of other non-ferrous metal ores","mining_related","no","120210023049","02/11/2021","995","1","0","Iron Ore/Manganese/Gold","1","0","1"
"Luambulu Mining Limited","Mining of other non-ferrous metal ores","mining_related","no","120210016200","17/05/2021","994","1","0","Gold/Quartz/Tourmaline","1","0","1"
"Angra Resources Limited"," Wholesale of metals and metal ores","mining_related","no","120210020033","02/09/2021","992","1","0","Manganese/Limestone (General)/Zinc","1","0","0"
"Ecomine Exploration Company Limited","Quarrying of stone, sand and clay","mining_related","no","120241004075","21/03/2024","992","2","0","Copper/Iron Ore/Tantalum","1","1","0"
"Mwepago Mineral Resources","Other mining and quarrying n.e.c.","mining_related","no","120210012571","05/02/2021","991","1","0","Talc-Soapstone/Zinc/Kaolin","1","0","0"
"KMCI Mining Limited","Mining of other non-ferrous metal ores","mining_related","no","120220027309","27/01/2022","990","1","0","Lead/Manganese/Zinc","1","0","1"
"AZANIA MINING COMPANY LIMITED","Extraction of peat","mining_related","no","120230049705","24/04/2023","990","1","0","Iron Ore/Lead/Manganese","1","1","1"
"ADHI SHIVA ENTERPRISES LIMITED","Mining of other non-ferrous metal ores","mining_related","no","120241006444","10/05/2024","990","1","0","Malachite/Manganese/Zinc","1","0","0"
"Shimumu Investment Limited","Support activities for other mining and quarrying","mining_related","no","120230047626","16/03/2023","988","2","0","Quartz/Zinc/Manganese","1","0","2"
"Whirlpool Minerals Limited","Mining of other non-ferrous metal ores","mining_related","no","120190000998","01/02/2019","986","1","0","Tin/Zinc/Copper","0","0","1"
"Minsundu Gemstone Mining Limited","Other mining and quarrying n.e.c.","mining_related","no","120180006274","27/07/2018","984","1","0","Manganese/Quartz/Tourmaline","0","0","1"
"Kabompo Mineral Resources Limited","Mining of other non-ferrous metal ores","mining_related","no","120170007431","28/09/2017","983","2","1","Gold/Zinc/Cobalt","1","1","2"
"Rimond Mining Resources Limited","Mining of other non-ferrous metal ores","mining_related","no","120220029305","04/03/2022","982","1","0","Gold/Iron Ore/Cobalt","1","1","1"
"Veridical Integrity Limited","Mining of other non-ferrous metal ores","mining_related","no","120200000440","17/01/2020","980","1","0","Manganese/Quartz/Silver","0","1","1"
"Northdale Explorations & Logistics Limited","Quarrying of stone, sand and clay","mining_related","no","120200005308","09/07/2020","979","1","0","Stone/Silica/Crushed/Broken Stone","1","1","0"
"Xingstone Resources Limited","Other mining and quarrying n.e.c.","mining_related","no","120210011582","11/01/2021","977","2","0","Quartz/Tourmaline/Zinc","1","0","2"
"MWILA  J. CIVILS LIMITED","Other retail sale in non-specialized stores","mining_related","no","120160001288","18/02/2016","976","2","0","Limestone (General)/Malachite/Manganese","0","0","0"
"Mise Mining Limited","Other mining and quarrying n.e.c.","mining_related","no","120220042363","23/11/2022","973","1","0","Anhydrite/Iron Ore/Rare EarthsElements","1","0","1"
"Prekas Company Limited","Other retail sale not in stores, stalls or markets","mining_related","no","120030052164","07/04/2003","970","3","2","Iron Ore/Gold/Copper","0","0","1"
"Afritrans Global Investments Limited","Mining of other non-ferrous metal ores","mining_related","no","120210016571","27/05/2021","969","1","0","Lead/Iron Ore/Zinc","1","0","0"
"Lifestone Minerals Limited","Mining of other non-ferrous metal ores","mining_related","no","120200011247","30/12/2020","966","1","0","Quartz/Manganese/Zinc","1","0","1"
"Greenvelt Mining Limited","Support activities for other mining and quarrying","mining_related","no","120150133578","29/06/2015","965","1","0","Gold/Nickel/Cobalt","0","0","1"
"Chakam Mining Limited","Support activities for other mining and quarrying","mining_related","no","120220026436","11/01/2022","962","1","0","Platinum/Manganese/Silver","1","0","0"
"Tulututwe Mining Limited","Support activities for other mining and quarrying","mining_related","no","120210018005","09/07/2021","957","1","0","Lead/Manganese/Zinc","1","0","1"
"Geljam Mineral Company Limited","Mining of other non-ferrous metal ores","mining_related","no","120230049138","13/04/2023","956","1","0","Manganese/Limestone (General)/Tin","1","0","1"
"Salute Small Mining Limited","Support activities for other mining and quarrying","mining_related","no","120130117304","18/11/2013","955","1","0","Manganese/Silver/Talc-Soapstone","0","1","0"
"Winkalu Limited","Mining of iron ores","mining_related","no","120190007771","01/10/2019","954","1","0","Gold/Copper","1","1","1"
"Karaka Mineral Resources Limited","Support activities for other mining and quarrying","mining_related","no","120220034372","09/06/2022","954","2","0","Gold/Silver/Cobalt","1","0","0"
"Merjun Explorations Limited","Mining of other non-ferrous metal ores","mining_related","no","120220027573","03/02/2022","953","1","0","Diamond","1","0","1"
"Kuhimpika Mining Company Limited","Mining of hard coal","mining_related","no","120241011822","26/08/2024","952","1","0","Iron Ore/Silver/Gold","1","0","1"
"Delta-Zone Mining & Exploration Limited","Mining of other non-ferrous metal ores","mining_related","no","120180003452","26/04/2018","951","1","0","Nickel/Manganese/Quartz","0","0","0"
"Newmark Resources Limited","Mining of other non-ferrous metal ores","mining_related","no","120230047417","10/03/2023","949","1","0","Manganese/Nickel/Anhydrite","1","0","1"
"Bright Sky Mining Limited","Other mining and quarrying n.e.c.","mining_related","no","120241006729","15/05/2024","949","1","0","Manganese/Malachite/Limestone (General)","1","0","0"
"Cherery Mining Company Limited","Other mining and quarrying n.e.c.","mining_related","no","120230052278","19/06/2023","949","1","0","Manganese/Nickel/Iron Ore","1","0","1"
"Saleforce General Dealers Limited","Other retail sale in non-specialized stores","mining_related","no","120210015151","20/04/2021","948","1","0","Gold/Tourmaline/Copper","1","0","1"
"DINOEL INVESTMENTS LIMITED","Other retail sale in non-specialized stores","mining_related","no","120180008841","17/10/2018","948","1","0","Iron Ore/Manganese/Zinc","0","1","0"
"Jinhui Minerals Limited","Other mining and quarrying n.e.c.","mining_related","no","120210013504","03/03/2021","948","1","0","Silver/Quartz/Tourmaline","1","0","1"
"JASRA Mines and Investments Limited","Other mining and quarrying n.e.c.","mining_related","no","120241005580","23/04/2024","946","1","0","Mineral Sands/Nickel/Malachite","1","0","0"
"Pensulo Ferro Alloys Limited","Mining of other non-ferrous metal ores","mining_related","no","120180007818","18/09/2018","945","1","0","Manganese/Quartz/Limestone (General)","0","0","0"
"Mutobo Mining & General Dealers Limited","Other mining and quarrying n.e.c.","mining_related","no","120180007198","28/08/2018","945","1","0","Diamond/Emerald/Quartz","0","1","1"
"Bukema Mining Limited","Mining of other non-ferrous metal ores","mining_related","no","120200010799","15/12/2020","943","1","0","Manganese/Iron Ore/Quartz","1","0","1"
"Machiba Computers Limited","Retail sale of computers, peripheral units, software and telecommunications equipment in specialized stores","mining_related","no","120080073321","19/06/2008","937","1","0","Silica/Zinc/Manganese","0","0","0"
"Josong Mining Limited","Mining of other non-ferrous metal ores","mining_related","no","120200007949","23/09/2020","936","1","0","Quartz/Tourmaline/Aquamarine","1","0","1"
"Ridochi Mining Limited","Other mining and quarrying n.e.c.","mining_related","no","120230059430","10/11/2023","933","1","0","Gypsum/Gold/Quartz","1","0","0"
"Ghoso Mining Hub Limited","Mining of other non-ferrous metal ores","mining_related","no","120241008695","19/06/2024","932","1","0","Lead/Manganese/Silver","1","0","0"
"Mumbachala Mines Company Limited","Other mining and quarrying n.e.c.","mining_related","no","120230046302","17/02/2023","928","1","0","Limestone (General)/Manganese/Quartz","1","0","1"
"Limeco Resources Limited","Other mining and quarrying n.e.c.","mining_related","no","120120105881","02/10/2012","924","3","1","Limestone (General)/Marble/Talc-Soapstone","0","1","1"
"SKY GROW INVESTMENTS LIMITED","Mining of other non-ferrous metal ores","mining_related","no","120230053989","25/07/2023","922","1","0","Malachite/Manganese/Zinc","1","1","0"
"Anathoth Resources Limited","Mining of other non-ferrous metal ores","mining_related","no","120200001811","03/03/2020","913","1","0","Tin/Manganese/Coal","1","0","1"
"Laka Mining Resources LIMITED","Other mining and quarrying n.e.c.","mining_related","no","120241004445","28/03/2024","911","1","0","Gold/Nickel/Cobalt","1","1","0"
"Srinibash Metals Zambia Limited","Other mining and quarrying n.e.c.","mining_related","no","120241001883","07/02/2024","911","1","0","Manganese/Malachite/Lead","1","1","0"
"MUKAPELWA SMALL SCALE MINING LIMITED","Other mining and quarrying n.e.c.","mining_related","no","120230059381","09/11/2023","911","1","0","Manganese/Lead/Iron Ore","1","1","0"
"Palosha Investments Limited"," Other mining and quarrying n.e.c.","mining_related","no","120210023452","09/11/2021","910","1","0","Tantalum/Quartz/Tourmaline","1","0","0"
"Winter Libohole Limited","Mining of other non-ferrous metal ores","mining_related","no","120150134731","12/08/2015","908","1","0","Talc-Soapstone/Quartz/Manganese","0","0","1"
"Green Orange Mining Limited","Other mining and quarrying n.e.c.","mining_related","no","120190003328","26/04/2019","905","2","1","Quartz/Gold/Ruby","1","1","0"
"Ubuntu Small Scale Mining Company Limited","Mining of other non-ferrous metal ores","mining_related","no","120210019173","10/08/2021","905","1","0","Quartz/Nickel/Zinc","1","0","0"
"Mafula Mining Limited","Mining of other non-ferrous metal ores","mining_related","no","120190003123","17/04/2019","902","1","0","Platinum/Nickel/Silver","1","1","0"
"Vatech Limited","Mining of iron ores","mining_related","no","120170003409","02/05/2017","900","2","0","Malachite/Limestone (General)/Nickel","0","0","0"
"Kabundi Minerals Limited","Other mining and quarrying n.e.c.","mining_related","no","120241016542","29/11/2024","900","2","0","Iron Ore/Manganese/Copper","1","0","0"
"Malibu Mining Limited","Other mining and quarrying n.e.c.","mining_related","no","120220037555","15/08/2022","900","3","1","Gold/Silver/Zinc","1","1","0"
"Kuza Investments Limited","Other mining and quarrying n.e.c.","mining_related","no","120200009882","17/11/2020","899","1","0","Nickel/Manganese/Talc-Soapstone","1","0","1"
"Munjiwe Enterprises Limited","Other retail sale not in stores, stalls or markets","mining_related","no","120110090392","18/02/2011","891","1","0","Lead/Manganese/Silver","1","1","1"
"Talang Mining Co. Limited","Support activities for other mining and quarrying","mining_related","no","120040057417","23/12/2004","887","2","1","Amethyst/Quartz","0","0","1"
"SRI DURGA VINAYAKA MINES AND MINERALS LIMITED","Support activities for other mining and quarrying","mining_related","no","120241016622","02/12/2024","887","1","0","Quartz/Manganese/Sand","1","1","0"
"Kindred Mining Limited","Support activities for other mining and quarrying","mining_related","no","120230053220","11/07/2023","887","1","0","Silica/Quartz/Limestone (General)","1","0","1"
"Hilron Innovations Zambia Limited","Mining of other non-ferrous metal ores","mining_related","no","120220027005","21/01/2022","886","1","0","Anhydrite/Gypsum/Gold","1","1","1"
"Chipmonic General Dealers Limited","Other mining and quarrying n.e.c.","mining_related","no","120210017620","24/06/2021","885","1","0","Nickel/Silver/Gold","1","0","1"
"Tayu Metals Mining Limited","Mining of other non-ferrous metal ores","mining_related","no","120190008234","16/10/2019","879","1","0","Iron Ore/Manganese/Quartz","1","0","1"
"Nebula Mining Limited","Other mining and quarrying n.e.c.","mining_related","no","120190003910","20/05/2019","878","1","0","Manganese/Quartz/Copper","1","0","0"
"Jothe Luombe Limited","Mining of other non-ferrous metal ores","mining_related","no","120200010475","04/12/2020","877","1","0","Marble/Manganese/Silver","1","0","0"
"Workman Mining Industries Zambia Limited","Retail sale of electrical household appliances, furniture, lighting equipment and other household articles in specialized stores","mining_related","no","120070066022","27/03/2007","876","2","1","Gold/Copper/Manganese","1","0","2"
"Grhin Mine Limited","Mining of iron ores","mining_related","no","120200007989","23/09/2020","875","1","0","Iron Ore/Graphite/Manganese","1","0","1"
"ALGLOBAL NATURAL RESOURCES LIMITED","Other mining and quarrying n.e.c.","mining_related","no","120241007397","27/05/2024","873","1","0","Quartz/Manganese/Zinc","1","1","0"
"Brinewlam Mining Limited","Other mining and quarrying n.e.c.","mining_related","no","120220040818","20/10/2022","872","1","0","Manganese/Quartz/Iron Ore","1","0","1"
"Summit Minerals Limited","Mining of other non-ferrous metal ores","mining_related","no","120210024600","03/12/2021","872","2","0","Silver/Zinc/Manganese","1","0","0"
"BNV Holdings Limited","Mining of other non-ferrous metal ores","mining_related","no","120230048478","29/03/2023","871","1","0","Iron Ore/Manganese/Zinc","1","1","0"
"Mayiko Mining Limited","Mining of other non-ferrous metal ores","mining_related","no","120220042725","02/12/2022","871","1","0","Iron Ore/Manganese/Zinc","1","1","0"
"Kunachi Northwest Investements Limited","Support activities for other mining and quarrying","mining_related","no","120200004863","22/06/2020","870","1","0","Rare EarthsElements/Manganese/Zinc","1","0","1"
"Freeway Minerals Limited","Support activities for other mining and quarrying","mining_related","no","120220042969","08/12/2022","866","2","0","Copper/Cobalt/Tourmaline","1","1","1"
"Samre Mining Resources Limited","Other mining and quarrying n.e.c.","mining_related","no","120230057275","26/09/2023","864","1","0","Gold/Copper/Cobalt","1","1","0"
"Mwakali Mining Limited","Other mining and quarrying n.e.c.","mining_related","no","120200010346","02/12/2020","852","1","0","Iridium/Lead/Anhydrite","1","1","0"
"Maxping Mining Limited"," Mining of other non-ferrous metal ores","mining_related","no","120210017088","10/06/2021","845","1","0","Quartz/Gold/Silver","1","0","1"
"Katoka Mema Corporation Limited","Other mining and quarrying n.e.c.","mining_related","no","120210017786","29/06/2021","843","1","0","Gold/Iron Ore/Cobalt","1","0","0"
"Mugla Mining Investment Zambia Limited","Mining of iron ores","mining_related","no","120210024246","26/11/2021","842","1","0","Lead/Manganese/Zinc","1","0","1"
"Lufwambula Small Scale Mining Limited","Support activities for other mining and quarrying","mining_related","no","120120104466","15/08/2012","840","3","3","Gold/Copper/Cobalt","0","0","0"
"Jeff's Farms and General Dealers Limited","Mining of other non-ferrous metal ores","mining_related","no","120170007998","16/10/2017","830","1","0","Iron Ore/Silver/Gold","0","0","1"
"Kingslight Minerals Limited"," Other mining and quarrying n.e.c.","mining_related","no","120210022833","28/10/2021","830","1","0","Manganese/Quartz/Silver","1","0","1"
"Astrome Solutions Zambia Limited","Retail sale of hardware, paints and glass in specialized stores","mining_related","no","120150132301","13/05/2015","820","1","0","Granite/Manganese/Silver","1","1","1"
"Misheck Minerals Exploration Limited","Other mining and quarrying n.e.c.","mining_related","no","120190004042","23/05/2019","820","1","0","Iron Ore/Silver/Gold","1","0","1"
"CHAKRA MINES AND MINERALS LIMITED","Mining of other non-ferrous metal ores","mining_related","no","120241016912","09/12/2024","819","1","0","Manganese/Zinc/Gold","1","0","0"
"Tinco Zambia Limited","Mining of other non-ferrous metal ores","mining_related","no","120190008965","14/11/2019","815","2","0","Silver/Lithium/Lead","1","0","0"
"Seagreen Mining Company Limited","Support activities for other mining and quarrying","mining_related","no","120070065014","15/01/2007","811","1","0","Lead/Manganese/Zinc","1","1","1"
"Dashun Industry Company Limited","Manufacture of basic precious and other non-ferrous metals","mining_related","no","120170005584","25/07/2017","810","2","1","Zinc/Silica/Limestone (General)","0","0","0"
"ADEMUKO MINING CONTRACTORS AND ENGINEERING  SERVICES LIMITED","Other mining and quarrying n.e.c.","mining_related","no","120230051574","05/06/2023","800","1","0","Quartz/Mica/Manganese","1","0","0"
"Workman Construction Zambia Limited","Retail sale of electrical household appliances, furniture, lighting equipment and other household articles in specialized stores","mining_related","no","120070066969","01/06/2007","799","2","2","Palladium/Manganese/Zinc","0","0","2"
"Bubala Mining and Construction Limited","Support activities for other mining and quarrying","mining_related","no","120210012178","26/01/2021","798","1","0","Anhydrite/Gypsum/Iron Ore","1","0","1"
"Lunda Resources Limited","Support activities for other mining and quarrying","mining_related","no","120040055378","26/05/2004","796","2","2","Gold/Silver/Cobalt","1","1","2"
"Aabrick Zambia Limited","Retail sale of electrical household appliances, furniture, lighting equipment and other household articles in specialized stores","mining_related","no","120140125422","25/08/2014","795","2","2","Clay (General)","1","1","2"
"United Gypsum Investments Limited","Other mining and quarrying n.e.c.","mining_related","no","120150129977","20/02/2015","793","3","3","Anhydrite/Gypsum","0","1","2"
"Lusangazi Nyakulemba Gold Minerals Resources Limited"," Mining of uranium and thorium ores","mining_related","no","120210015498","29/04/2021","791","1","0","Tourmaline/Gold/Copper","1","0","0"
"Dalobelt Zambia Limited","Support activities for other mining and quarrying","mining_related","no","120130114136","24/07/2013","787","2","2","Lead/Manganese/Zinc","1","1","1"
"Mufwashi Mining and Resources Limited","Other mining and quarrying n.e.c.","mining_related","no","120200000568","22/01/2020","779","2","2","Manganese/Iron Ore/Silver","0","1","2"
"ROX  METAL INVESTMENT LIMITED","Mining of other non-ferrous metal ores","mining_related","no","120251019183","23/01/2025","775","1","0","Malachite/Nickel/Zinc","1","0","0"
"Incara Company (Zambia) Limited","Other mining and quarrying n.e.c.","mining_related","no","120200004157","29/05/2020","769","1","0","Quartz/Tourmaline/Gold","0","0","1"
"Mon Fuel and Oil Investment","Retail sale of automotive fuel in specialized stores","mining_related","no","120170007645","05/10/2017","767","1","0","Manganese/Limestone (General)/Zinc","0","0","1"
"LENTASIM LOGISTICS LIMITED","Other mining and quarrying n.e.c.","mining_related","no","120241006118","05/05/2024","766","1","0","Copper/Gold/Aquamarine","1","0","1"
"VALZ MINERALS LIMITED COMPANY","Mining of other non-ferrous metal ores","mining_related","no","120200008542","08/10/2020","765","1","0","Gold/Iron Ore/Manganese","1","1","0"
"Damayacha Mining Limited","Mining of iron ores","mining_related","no","120230056042","05/09/2023","765","1","0","Tantalum/Tourmaline/Quartz","1","0","0"
"Kapsims Mining Company Limited","Other mining and quarrying n.e.c.","mining_related","no","120230055881","01/09/2023","763","1","0","Manganese/Silver/Zinc","1","0","0"
"Cheban Mining Limited","Support activities for other mining and quarrying","mining_related","no","120200008961","21/10/2020","761","1","0","Palladium/Silver/Gold","1","0","1"
"Praja Minerals Zambia Limited","Support activities for other mining and quarrying","mining_related","no","120130112750","05/06/2013","754","1","0","Gold/Silver/Cobalt","0","0","0"
"Array Metals And Natural Resources Limited","Mining of other non-ferrous metal ores","mining_related","no","120180007891","20/09/2018","753","3","3","Gold/Copper","0","0","3"
"Jejeva Logistics Limited","Mining of other non-ferrous metal ores","mining_related","no","120230046116","14/02/2023","744","1","0","Manganese/Iron Ore/Silver","1","0","1"
"Chozi Mining Limited","Support activities for other mining and quarrying","mining_related","no","120130113219","20/06/2013","736","2","2","Gold/Quartz/Aquamarine","0","0","1"
"Purple Pegmine Limited","Support activities for other mining and quarrying","mining_related","no","120160003587","17/05/2016","723","2","2","Quartz/Silica/Tourmaline","0","1","1"
"MJK Resources Zambia Limited","Support activities for other mining and quarrying","mining_related","no","120190003495","03/05/2019","711","2","0","Lithium/Manganese/Gold","1","1","1"
"Aore Vein Minerals Limited","Mining of other non-ferrous metal ores","mining_related","no","120230061687","29/12/2023","707","1","0","Precious Gems/Platinum Group Metals/Palladium","1","1","0"
"Zincom Mineral Resources Limited","Mining of other non-ferrous metal ores","mining_related","no","120241003747","15/03/2024","706","2","0","Manganese/Lead/Zinc","1","0","1"
"Gracegem Mining Limited","Other mining and quarrying n.e.c.","mining_related","no","120150137850","03/12/2015","706","2","2","Emerald/Beryllium","0","0","0"
"Bengemor Mining Limited","Support activities for other mining and quarrying","mining_related","no","120120107172","20/11/2012","701","2","2","Iron Ore/Manganese/Copper","0","1","1"
"Zambull Mining Limited","Mining of other non-ferrous metal ores","mining_related","no","120220041312","02/11/2022","701","1","0","Manganese/Lead/Rare EarthsElements","1","0","1"
"Meraki Mining Limited","Other mining and quarrying n.e.c.","mining_related","no","120220033587","26/05/2022","691","1","0","Manganese/Lead/Rare EarthsElements","1","0","0"
"Baza Resources Limited","Mining of iron ores","mining_related","no","120200008419","05/10/2020","690","2","0","Zinc/Manganese/Lead","1","0","1"
"Luambe Resources Zambia Limited","Other mining and quarrying n.e.c.","mining_related","no","120220038522","02/09/2022","688","2","2","Iron Ore/Manganese/Zinc","1","0","2"
"Limestone Resources Limited","Mining of other non-ferrous metal ores","mining_related","no","120190005422","12/07/2019","680","1","1","","0","1","0"
"Pamabwe Minerals Limited","Support activities for other mining and quarrying","mining_related","no","120220038446","31/08/2022","673","1","0","Iron Ore/Gold/Tourmaline","1","0","0"
"Langtasee Mining Company Limited","Other mining and quarrying n.e.c.","mining_related","no","120220037947","22/08/2022","666","2","0","Iron Ore/Manganese/Gold","1","0","2"
"Mingeli Resources Limited","Other mining and quarrying n.e.c.","mining_related","no","120190009257","26/11/2019","661","1","0","Rare EarthsElements/Quartz/Platinum Group Metals","1","1","1"
"Lxco investment Company Limited","Mining of other non-ferrous metal ores","mining_related","no","120190009808","17/12/2019","661","2","1","Gold/Copper/Cobalt","0","1","0"
"Lipmar Resources Limited","Mining of other non-ferrous metal ores","mining_related","no","120190008633","04/11/2019","655","3","3","Copper/Iron Ore/Gold","0","0","0"
"B&G Holdings Limited","Mining of other non-ferrous metal ores","mining_related","no","120241000033","02/01/2024","652","1","0","Iron Ore/Malachite/Gold","0","0","1"
"Nantube Investment Limited","Mining of other non-ferrous metal ores","mining_related","no","120200009043","23/10/2020","651","1","0","Phosphorus-Phosphates/Quartz/Gold","1","0","0"
"Sensele Enterprises Limited","Retail sale of electrical household appliances, furniture, lighting equipment and other household articles in specialized stores","mining_related","no","120060061186","24/01/2006","647","2","2","Copper/Cobalt","0","0","2"
"Sapphire Mining Limited","Other mining and quarrying n.e.c.","mining_related","no","120170008071","19/10/2017","637","2","0","Iron Ore/Anhydrite/Manganese","0","0","2"
"Umushili Earth Treasures Limited","Other mining and quarrying n.e.c.","mining_related","no","120230051953","13/06/2023","635","1","0","Quartz/Lead/Zinc","1","0","0"
"Kamwewa Investments Limited","Mining of other non-ferrous metal ores","mining_related","no","120220041029","26/10/2022","633","1","0","Silver/Zinc/Copper","1","0","1"
"RENES MINING LIMITED","Other mining and quarrying n.e.c.","mining_related","no","120241017773","26/12/2024","631","2","0","Copper/Zinc/Tourmaline","1","0","0"
"Gramajo Mining Limited","Mining of other non-ferrous metal ores","mining_related","no","120190000916","30/01/2019","615","2","1","Silver/Gold/Copper","0","0","1"
"Queludha Limited","Retail sale of hardware, paints and glass in specialized stores","mining_related","no","120080074406","20/08/2008","596","1","0","Silica/Iron Ore/Zinc","0","0","1"
"Northern Salt Limited","Quarrying of stone, sand and clay","mining_related","no","120190002034","04/03/2019","596","2","0","Lead/Iron Ore/Granite","0","0","2"
"Alanbeier Investments Zambia Limited"," Other mining and quarrying n.e.c.","mining_related","no","120210018678","27/07/2021","596","1","0","Iron Ore/Manganese/Copper","1","1","0"
"MELKON MINERALS LIMITED","Mining of other non-ferrous metal ores","mining_related","no","120241013306","27/09/2024","572","1","0","Tantalum/Nickel/Uranium","1","0","0"
"Chilibwino Investment Limited","Other mining and quarrying n.e.c.","mining_related","no","120230057958","10/10/2023","570","1","0","Manganese/Rare EarthsElements/Lead","1","1","0"
"Pure Stone Mining Limited","Mining of other non-ferrous metal ores","mining_related","no","120241011540","21/08/2024","564","1","0","Gold/Iron Ore/Cobalt","1","0","0"
"Khasavasa Resources Limited","Other mining and quarrying n.e.c.","mining_related","no","120200007205","03/09/2020","563","1","0","Lead/Manganese/Zinc","1","0","0"
"Pricems Mining & Trading Limited","Other mining and quarrying n.e.c.","mining_related","no","120160006145","01/09/2016","563","1","0","Iron Ore/Manganese/Silver","0","0","0"
"Blinkasset Enterprises Limited","Wholesale of metals and metal ores","mining_related","no","120241001743","06/02/2024","555","1","0","Nickel/Manganese/Zinc","1","0","0"
"Mijo Mining Limited","Other mining and quarrying n.e.c.","mining_related","no","120160008990","07/12/2016","550","1","0","Granite/Limestone (General)/Gold","0","0","0"
"Luamba Investment Company Limited","Other mining and quarrying n.e.c.","mining_related","no","120220040787","20/10/2022","549","1","0","Quartz/Silver/Tin","1","0","1"
"Chofita Mwala Limited","Other mining and quarrying n.e.c.","mining_related","no","120190006029","06/08/2019","548","2","1","Granite","1","0","2"
"Kajila Mabembe Mining Limited","Support activities for other mining and quarrying","mining_related","no","120210012733","11/02/2021","532","2","2","Iron Ore/Silver/Zinc","1","1","0"
"Bulongo Mining Zambia Limited","Mining of other non-ferrous metal ores","mining_related","no","120241015918","18/11/2024","532","1","0","Titanium/Tourmaline/Tungsten","1","1","0"
"Diversity Metal Limited","Wholesale of metals and metal ores","mining_related","no","120210024149","25/11/2021","530","1","0","Nickel/Silver/Gold","1","0","1"
"Geejoyblo Mining Company Limited","Mining of iron ores","mining_related","no","120180008504","08/10/2018","528","2","0","Nickel/Manganese/Zinc","0","1","2"
"Lwantete Mining Limited","Other mining and quarrying n.e.c.","mining_related","no","120180005075","18/06/2018","526","2","2","Iron Ore/Manganese/Gold","0","0","2"
"Malibata Investments Limited","Other mining and quarrying n.e.c.","mining_related","no","120220030902","05/04/2022","524","1","0","Lithium/Manganese/Gold","1","0","1"
"Midway Mining Limited","Other mining and quarrying n.e.c.","mining_related","no","120200011004","21/12/2020","523","1","0","Manganese/Malachite/Sand","1","0","0"
"Given Resources Limited","Support activities for other mining and quarrying","mining_related","no","120220032025","28/04/2022","523","1","0","Manganese","1","0","1"
"Kabijiba Mining Company Limited","Other mining and quarrying n.e.c.","mining_related","no","120210018061","12/07/2021","521","1","0","Limestone (General)/Manganese/Zinc","1","0","0"
"Mfunshi Enterprise Limited"," Other mining and quarrying n.e.c.","mining_related","no","120210021938","11/10/2021","519","1","0","Nickel/Malachite/Zinc","1","0","1"
"LIGHTSTONE MINING COMPANY LIMITED","Other mining and quarrying n.e.c.","mining_related","no","120241016248","26/11/2024","517","2","0","Tantalum/Tin/Rare EarthsElements","1","0","0"
"Royal Carats Gems Limited","Wholesale of metals and metal ores","mining_related","no","120180007252","30/08/2018","516","2","2","Manganese/Silver/Zinc","1","1","2"
"Nyakaula Gemstones (2019) Limited","Wholesale of metals and metal ores","mining_related","no","120190002371","15/03/2019","512","2","2","Gold/Manganese/Cobalt","0","0","2"
"Chibote Mining Company Limited","Support activities for other mining and quarrying","mining_related","no","120070068900","05/10/2007","511","1","0","Gold/Silver/Cobalt","0","0","0"
"Chambishi Metals Plc","Support activities for other mining and quarrying","mining_related","no","119980041151","12/08/1998","511","1","1","Copper/Cobalt","0","1","1"
"Kapesika Mining & Gold Processing"," Mining of other non-ferrous metal ores","mining_related","no","120210018751","28/07/2021","509","2","0","Gold/Lead/Copper","1","1","2"
"Mwakabanga Investments","Other retail sale of new goods in specialized stores","mining_related","no","119950033969","15/05/1995","507","2","0","Gold/Lead/Nickel","0","0","2"
"Mubaich Resources Limited"," Mining of other non-ferrous metal ores","mining_related","no","120210023639","12/11/2021","501","1","0","Lithium/Manganese/Lead","1","0","1"
"Cynatra Trading Limited","Mining of other non-ferrous metal ores","mining_related","no","120220033453","24/05/2022","499","1","0","Manganese/Lithium/Quartz","1","0","1"
"Kathel Mining Limited","Support activities for other mining and quarrying","mining_related","no","120140127487","04/11/2014","499","2","2","Quartz/Tourmaline/Amazonite","0","0","2"
"Gesso Mining And Investments Limited","Other mining and quarrying n.e.c.","mining_related","no","120220029725","14/03/2022","497","2","0","Gold/Copper/Cobalt","1","1","2"
"KWICK CHEKS MINES LIMITED","Other mining and quarrying n.e.c.","mining_related","no","120241014095","12/10/2024","494","1","0","Manganese/Sand/Limestone (General)","1","0","0"
"Philton Investments Limited","Mining of other non-ferrous metal ores","mining_related","no","120200003307","04/05/2020","486","2","2","Gold/Copper/Cobalt","0","1","2"
"Pact Mineral Resources Limited","Other mining and quarrying n.e.c.","mining_related","no","120230049358","18/04/2023","482","1","0","Silver/Titanium/Zinc","1","1","1"
"Andych Auto Garage Limited","Wholesale of metals and metal ores","mining_related","no","120220027599","03/02/2022","481","1","0","Iron Ore/Gold/Zinc","1","0","0"
"ZDP Mineral Resources Limited","Other mining and quarrying n.e.c.","mining_related","no","120190005663","22/07/2019","480","1","0","Lead/Manganese/Gold","1","0","1"
"Puissance Resources Limited","Other mining and quarrying n.e.c.","mining_related","no","120220027611","03/02/2022","480","1","0","Limestone (General)/Manganese/Zinc","1","1","1"
"Jezreel investments Limited","Other retail sale not in stores, stalls or markets","mining_related","no","120080072335","25/04/2008","478","1","0","Laterite/Iron Ore/Limestone (General)","0","0","0"
"Vanisa Mining Limited","Support activities for other mining and quarrying","mining_related","no","120210018048","12/07/2021","459","1","0","Manganese/Lead/Zinc","1","0","1"
"LINPU PAT MINING LIMITED","Mining of other non-ferrous metal ores","mining_related","no","120251018280","07/01/2025","455","1","0","Quartz/Emerald/Amethyst","1","0","0"
"V.L Coal Mine Company Limited","Mining of hard coal","mining_related","no","120251021917","08/03/2025","451","1","0","Tantalum/Granite/Tourmaline","1","0","1"
"Clestep General Dealers Limited","Support activities for other mining and quarrying","mining_related","no","120210017184","11/06/2021","448","1","0","Gold/Lead/Zinc","1","0","0"
"Chun Chun Mining Zambia Limited","Support activities for other mining and quarrying","mining_related","no","120200007957","23/09/2020","446","1","0","Garnet/Quartz/Fluorine-Fluorite","1","1","1"
"Griffins Mining Limited","Other mining and quarrying n.e.c.","mining_related","no","120241002708","22/02/2024","444","1","0","Mineral Sands/Manganese/Sugilite","1","0","0"
"quantum Leap Mining Limited","Support activities for other mining and quarrying","mining_related","no","120100088115","08/11/2010","441","1","0","Copper/Cobalt","0","0","1"
"Tamjeth General Dealers Limited","Other retail sale in non-specialized stores","mining_related","no","120220035420","29/06/2022","437","1","0","Iron Ore/Manganese/Gold","1","0","0"
"Zamrock Investment Limited","Mining of other non-ferrous metal ores","mining_related","no","120190007740","30/09/2019","431","1","0","Manganese/Lead/Zinc","1","1","0"
"Bwamu Mining Company Limited","Mining of other non-ferrous metal ores","mining_related","no","120170008789","13/11/2017","429","2","1","Tin/Silver/Aquamarine","0","0","1"
"Chumu Mining Company Limited","Mining of other non-ferrous metal ores","mining_related","no","120220030283","24/03/2022","428","2","0","Diamond/Emerald/Cobalt","1","0","2"
"Tundamo Gem Mine Limited","Mining of other non-ferrous metal ores","mining_related","no","120220042105","18/11/2022","422","1","0","Tourmaline","1","0","1"
"Abar International Investments Limited","Support activities for other mining and quarrying","mining_related","no","119970037880","13/03/1997","421","2","2","Quartz/Garnet","0","0","2"
"Rodger The Badger Ventures Limited","Support activities for other mining and quarrying","mining_related","no","120190007953","07/10/2019","417","1","0","Manganese/Limestone (General)/Nickel","1","0","1"
"WANHAO MINING ZAMBIA LIMITED","Other mining and quarrying n.e.c.","mining_related","no","120241016092","21/11/2024","409","2","0","Copper/Tantalum/Quartz","1","1","0"
"Sthomax Mining Company Limited","Other mining and quarrying n.e.c.","mining_related","no","120241007654","30/05/2024","406","1","0","Limestone (General)/Lead/Sand","1","0","1"
"Sookol Enterprises Limited","Mining of other non-ferrous metal ores","mining_related","no","120230060433","30/11/2023","406","2","0","Nickel/Gold/Zinc","1","0","2"
"Mopti Company Limited","Support activities for other mining and quarrying","mining_related","no","120020051338","19/12/2002","402","1","1","Quartz","0","0","1"
"Tikumbe Tonse Investments Limited","Support activities for other mining and quarrying","mining_related","no","120190000566","18/01/2019","402","1","0","Limestone (General)/Sand and Gravel/Talc-Soapstone","0","1","0"
"Kezram Minerals and Chemical Limited","Support activities for other mining and quarrying","mining_related","no","120120101194","17/04/2012","402","1","0","Gold/Copper","0","0","1"
"Dukim Mineral Resources Limited","Quarrying of stone, sand and clay","mining_related","no","120241004812","09/04/2024","401","1","0","Tourmaline/Zinc/Copper","1","0","1"
"Kend Engineering Limited","Retail sale of books, newspapers and stationary in specialized stores","mining_related","no","120100083551","25/03/2010","400","1","0","Gold/Copper","0","0","1"
"Sakeni Mining Limited","Support activities for other mining and quarrying","mining_related","no","120020051186","28/11/2002","400","1","1","Manganese","0","0","1"
"Gulf Kuwait Haulage and Mining Equipment Limited"," Mining of other non-ferrous metal ores","mining_related","no","120210018752","28/07/2021","400","1","0","Manganese/Tin/Zinc","1","1","1"
"Nkinsu Gold and Platinum Enterprises Limited","Support activities for other mining and quarrying","mining_related","no","120140126833","09/10/2014","399","1","1","Platinum Group Metals/Gold/Copper","1","1","0"
"Sele Investements Limited","Mining of other non-ferrous metal ores","mining_related","no","120210014896","14/04/2021","399","1","0","Manganese/Iron Ore/Copper","1","0","0"
"Maleka Mining & Farming Resources Limited","Support activities for other mining and quarrying","mining_related","no","120210021355","29/09/2021","399","1","1","Silica/Manganese/Silver","1","0","1"
"Siege Mining Limited","Mining of other non-ferrous metal ores","mining_related","no","120190008146","14/10/2019","399","1","1","Zinc/Manganese","1","0","1"
"ChisaKa Metals Limited","Mining of iron ores","mining_related","no","120150138149","16/12/2015","399","2","1","Nickel/Manganese/Zinc","0","0","1"
"Chakuza Mining & Exploration Limited","Support activities for other mining and quarrying","mining_related","no","120110089623","17/01/2011","399","1","1","Manganese","0","1","1"
"Sulphur Creek Resources Limited","Other mining and quarrying n.e.c.","mining_related","no","120190007120","10/09/2019","399","1","0","Platinum/Manganese/Silver","1","0","1"
"Betele Small Miners Limited","Support activities for other mining and quarrying","mining_related","no","120080075925","18/11/2008","398","1","1","Copper","0","0","1"
"Stone Edge Mining Zambia Limited","Mining of other non-ferrous metal ores","mining_related","no","120180010415","11/12/2018","398","1","1","Lead/Iron Ore/Gold","0","0","1"
"MUTINONDO INVESTMENTS LIMITED","Other mining and quarrying n.e.c.","mining_related","no","120170002978","12/04/2017","398","1","1","Anhydrite/Quartz/Silica","0","0","1"
"Musanya Quarries Limited","Quarrying of stone, sand and clay","mining_related","no","120150137503","20/11/2015","398","1","1","Sand and Gravel","0","1","1"
"Kasanjiku Mining Company Limited","Other mining and quarrying n.e.c.","mining_related","no","120180005791","12/07/2018","398","1","1","Gold/Copper/Cobalt","0","0","1"
"Tongyi Lead and zinc Mining Zambia Limited","Mining of other non-ferrous metal ores","mining_related","no","120080071250","25/02/2008","398","1","1","Manganese","0","0","1"
"Tradeco Mineral Resources Limited"," Mining of other non-ferrous metal ores","mining_related","no","120210017434","18/06/2021","398","1","0","Quartz/Tourmaline/Garnet","1","0","1"
"Simba Venture Limited","Support activities for other mining and quarrying","mining_related","no","120230059980","21/11/2023","398","2","0","Iron Ore/Zinc/Manganese","1","0","1"
"United Gypsum Investment Limited","Other mining and quarrying n.e.c.","mining_related","no","120150129977","20/02/2015","398","1","1","Amethyst","0","1","1"
"Munkoyo Mining Limited","Mining of other non-ferrous metal ores","mining_related","no","120180007953","21/09/2018","397","1","1","Manganese/Silver/Gold","0","1","1"
"Ilola Mining Company Limited","Support activities for other mining and quarrying","mining_related","no","120070065921","19/03/2007","397","1","1","Manganese/Iron Ore/Silver","0","0","1"
"Gold Tungsten Progress Africa Limited"," Support activities for other mining and quarrying","mining_related","no","120210017152","11/06/2021","397","1","0","Manganese/Lead/Zinc","1","0","1"
"Dash Logistics & Mining Services Limited","Mining of iron ores","mining_related","no","120150136414","12/10/2015","396","1","1","Silica/Copper/Cobalt","0","0","1"
"Duwaco Mining Minerals Limited","Other mining and quarrying n.e.c.","mining_related","no","120190006201","12/08/2019","396","1","0","Manganese","1","0","1"
"SW & GVA Mining Company Ltd","Mining of other non-ferrous metal ores","mining_related","no","120080070444","11/01/2008","396","1","1","Copper","0","0","1"
"Ledge Mining and Logistics Limited","Support activities for other mining and quarrying","mining_related","no","120200007434","09/09/2020","396","1","1","Gold/Manganese/Silver","1","1","0"
"Eyethu Sonke Mining Limited","Support activities for other mining and quarrying","mining_related","no","120080072620","14/05/2008","396","1","1","Copper","0","1","1"
"Afrix Enterprises Limited","Mining of other non-ferrous metal ores","mining_related","no","120220043450","19/12/2022","394","2","0","Iron Ore/Silver/Titanium","1","0","2"
"Kesava Mineral Limited","Support activities for other mining and quarrying","mining_related","no","120241017788","26/12/2024","394","1","0","Gold/Nickel/Emerald","1","1","0"
"Terra Nova Resources Company Limited","Mining of other non-ferrous metal ores","mining_related","no","120190000247","09/01/2019","393","1","1","Manganese","0","0","1"
"Sakeji Mining Limited","Mining of other non-ferrous metal ores","mining_related","no","120110092038","29/04/2011","393","1","1","Copper/Manganese/Beryllium","0","0","0"
"Ghirrys Mining Limited","Support activities for other mining and quarrying","mining_related","no","120100084623","18/05/2010","393","1","1","Manganese","0","0","1"
"Sonkolo Mines & General Dealers Ltd","Support activities for other mining and quarrying","mining_related","no","120110090046","04/02/2011","392","1","1","Gold/Manganese/Cobalt","0","0","1"
"Zametal Corporation Limited","Other retail sale in non-specialized stores","mining_related","no","120190003233","24/04/2019","390","1","0","Manganese/Zinc/Cobalt","0","0","1"
"Bengold Minerals Limited","Other mining and quarrying n.e.c.","mining_related","no","120241013033","20/09/2024","390","1","0","Manganese/Lead/Zinc","1","1","0"
"Auszam Mining Limited","Other mining and quarrying n.e.c.","mining_related","no","120170004997","29/06/2017","390","1","1","Silica","0","0","1"
"Bwigem Mining Limited","Support activities for other mining and quarrying","mining_related","no","120060064720","20/12/2006","390","1","1","Mica/Silica/Emerald","0","0","1"
"Covenant King Mining Limited","Mining of hard coal","mining_related","no","120160007698","26/10/2016","389","1","1","Copper","0","0","1"
"Faheids Zambia Limited","Other mining and quarrying n.e.c.","mining_related","no","120230050329","09/05/2023","388","1","0","Gold/Copper/Cobalt","1","0","0"
"Chesu Mining Limited","Support activities for other mining and quarrying","mining_related","no","120200003820","20/05/2020","386","1","0","Manganese/Iron Ore/Silver","1","0","0"
"Zamphos Mineral Resources Limited","Support activities for other mining and quarrying","mining_related","no","119980040222","11/03/1998","385","1","1","Phosphorus-Phosphates","0","0","0"
"Kukwatakana Community Initiative Foundation","Support activities for other mining and quarrying","mining_related","no","120230045650","06/02/2023","385","1","0","Nickel/Lead/Zinc","0","1","1"
"Twatota Mining Company Limited","Other mining and quarrying n.e.c.","mining_related","no","120230057957","10/10/2023","384","1","1","Quartz/Monazite/Ruby","1","0","1"
"Kuchime Mining Company Limited","Mining of other non-ferrous metal ores","mining_related","no","120200000294","13/01/2020","384","1","1","Copper","1","1","1"
"Mukabamo Copper Mines Limited","Support activities for other mining and quarrying","mining_related","no","120140124731","31/07/2014","384","1","1","Manganese/Silver/Lead","0","0","1"
"Chipapa Mining Investments Limited","Other mining and quarrying n.e.c.","mining_related","no","120200000442","17/01/2020","379","1","1","Quartz/Ruby/Tourmaline","0","0","0"
"Lions Group Quarries Limited","Quarrying of stone, sand and clay","mining_related","no","120070066377","19/04/2007","379","1","1","Stone/Limestone (General)","0","1","1"
"Glajo Vision Limited","Silviculture and other forestry activities","mining_related","no","120140122599","21/05/2014","378","1","0","Manganese/Iron Ore/Quartz","0","1","0"
"Purple Zan Mining Limited","Mining of other non-ferrous metal ores","mining_related","no","120241014834","25/10/2024","377","1","1","Iron Ore/Gold/Copper","1","0","0"
"Hillcam Mining Limited","Mining of other non-ferrous metal ores","mining_related","no","120241007495","29/05/2024","376","1","1","Manganese","1","0","1"
"Sonda Resources Limited","Mining of other non-ferrous metal ores","mining_related","no","120190004892","21/06/2019","375","1","1","Pyrite/Quartz/Manganese","1","0","0"
"Ming De Yu Yang Mining Company Limited","Other mining and quarrying n.e.c.","mining_related","no","120190005721","24/07/2019","373","1","1","Manganese/Nickel/Silver","1","1","1"
"GMC Technologies Zambia Limited","Retail sale of electrical household appliances, furniture, lighting equipment and other household articles in specialized stores","mining_related","no","120050060136","06/10/2005","372","1","1","Gold/Copper/Cobalt","0","1","1"
"Lupansa Mining And Exploration Limited","Other mining and quarrying n.e.c.","mining_related","no","120220037557","15/08/2022","371","1","0","Iron Ore/Manganese/Quartz","1","0","1"
"Malimba East Quardz Mine Limited","Other mining and quarrying n.e.c.","mining_related","no","120190006118","08/08/2019","370","1","1","Quartz/Iron Ore/Tourmaline","1","0","1"
"Blue Hill Mining Limited","Other retail sale in non-specialized stores","mining_related","no","120160004876","11/07/2016","369","1","1","Manganese/Quartz/Iron Ore","1","0","1"
"Octonel Mining Limited","Other mining and quarrying n.e.c.","mining_related","no","120241005962","30/04/2024","369","1","1","Gold/Silver/Cobalt","1","1","1"
"Ralphjoe Ferro Alloy Limited","Other mining and quarrying n.e.c.","mining_related","no","120210021961","11/10/2021","368","1","0","Tourmaline/Niobium (Columbium)/Zirconium","1","1","0"
"Eagle Joseph International Investments Limited","Other mining and quarrying n.e.c.","mining_related","no","120170003282","26/04/2017","367","1","1","Tourmaline/Quartz/Aquamarine","0","0","1"
"Chikola Royal Establishment Resources Limited"," Mining of other non-ferrous metal ores","mining_related","no","120210016862","03/06/2021","365","1","0","Manganese/Lead/Zinc","1","0","0"
"Galileo Mining Limited","Support activities for other mining and quarrying","mining_related","no","120210022176","14/10/2021","364","2","1","Zinc/Manganese/Lightweight Aggregate","1","1","1"
"Kaka Eagles Wings Resources Limited","Mining of other non-ferrous metal ores","mining_related","no","120170007015","14/09/2017","363","1","1","Manganese","0","0","1"
"Ganitlines Zambia Limited","Retail sale of electrical household appliances, furniture, lighting equipment and other household articles in specialized stores","mining_related","no","120090081808","10/12/2009","362","1","0","Limestone (General)/Iron Ore/Silver","1","1","1"
"Chikaseka Gemstone Mining Limited","Support activities for other mining and quarrying","mining_related","no","120090080090","24/08/2009","356","1","1","Emerald/Beryllium","0","1","0"
"Longpula Investments Limited","Mining of other non-ferrous metal ores","mining_related","no","120200001013","04/02/2020","354","1","0","Iron Ore/Silver/Gold","0","0","1"
"Nizam minerals Limited","Support activities for other mining and quarrying","mining_related","no","120080074026","30/07/2008","353","1","1","Limestone (General)","0","0","0"
"Chichele Mining Limited","Other mining and quarrying n.e.c.","mining_related","no","120210011839","19/01/2021","347","1","1","Anhydrite/Gypsum","1","0","1"
"Blue Oceans Minerals & Metals Ltd","Other mining and quarrying n.e.c.","mining_related","no","120220035712","08/07/2022","346","1","1","Manganese","1","0","0"
"Katizo Mining Company Limited","Mining of other non-ferrous metal ores","mining_related","no","120200003943","22/05/2020","346","1","0","Nickel/Tantalum/Titanium","1","0","0"
"Mululu Minerals Limited","Other mining and quarrying n.e.c.","mining_related","no","120200008889","20/10/2020","346","1","0","Quartz/Manganese/Silver","1","0","0"
"Falcon Mineral Processing Limited","Mining of other non-ferrous metal ores","mining_related","no","120190002947","10/04/2019","345","1","1","Manganese/Silver/Zinc","1","0","1"
"Israjah Enterprises Limited","Other retail sale of new goods in specialized stores","mining_related","no","120190003667","10/05/2019","343","1","0","Limestone (General)/Silica/Gold","1","0","0"
"Macro Mining Africa Limited","Support activities for other mining and quarrying","mining_related","no","120070069606","15/11/2007","342","4","1","Gold/Nickel/Zinc","0","0","1"
"Portking Investments Limited","Mining of other non-ferrous metal ores","mining_related","no","120200001014","04/02/2020","338","1","0","Manganese/Quartz/Silver","0","0","1"
"Rudra Mining Limited","Other mining and quarrying n.e.c.","mining_related","no","120200005083","30/06/2020","335","1","1","Gold/Copper","0","0","1"
"Apeiron Mining Limited","Mining of other non-ferrous metal ores","mining_related","no","120241007840","03/06/2024","335","1","0","Quartz/Zinc/Gold","1","0","0"
"DIMARBU RESOURCES LIMITED","Other mining and quarrying n.e.c.","mining_related","no","120210018954","03/08/2021","331","1","0","Limestone (General)/Manganese/Silica","1","0","1"
"Cipembele Exploration and Mining Services Limited"," Support activities for other mining and quarrying","mining_related","no","120210018388","20/07/2021","329","1","0","Lead/Nickel/Silver","1","1","0"
"kafulenzhi mining limited","Other mining and quarrying n.e.c.","mining_related","no","120230049513","20/04/2023","328","1","0","Lead/Nickel/Zinc","1","1","1"
"Yengo Investments Limited","Mining of other non-ferrous metal ores","mining_related","no","120180008815","17/10/2018","327","1","1","Gold/Copper","0","1","1"
"Goldstone Investments Zambia Company Limited","Mining of iron ores","mining_related","no","120180004935","13/06/2018","323","1","1","Granite/Limestone (General)/Copper","0","0","1"
"Techno Mines And Minerals Limited","Mining of other non-ferrous metal ores","mining_related","no","120210018804","29/07/2021","322","1","0","Gold/Manganese/Cobalt","1","0","1"
"Chisamba Quarries Limited","Other mining and quarrying n.e.c.","mining_related","no","120230059617","14/11/2023","317","1","1","","1","1","0"
"Bondagcor Zambia Mining Limited","Support activities for other mining and quarrying","mining_related","no","120130116920","04/11/2013","311","1","1","Zinc/Lead","0","0","1"
"Busanya Mining Limited","Support activities for other mining and quarrying","mining_related","no","120241007368","27/05/2024","309","2","0","Manganese/Copper/Cobalt","1","0","0"
"Kasonta Resources Limited","Support activities for other mining and quarrying","mining_related","no","120210016514","26/05/2021","308","4","0","Iron Ore/Silver/Zinc","1","0","3"
"Eastlands Materials Limited","Mining of other non-ferrous metal ores","mining_related","no","120150135837","21/09/2015","307","1","1","Sand and Gravel/Limestone (General)/Dolomite","0","0","0"
"Kamisambe Investments and General Dealers LImited","Support activities for other mining and quarrying","mining_related","no","120110092986","09/06/2011","306","1","1","Silica/Sand and Gravel/Quartz","1","1","1"
"Butemwe Mulutula Investments Limited","Other mining and quarrying n.e.c.","mining_related","no","120220042312","22/11/2022","303","1","0","Manganese/Lithium/Granite","1","0","1"
"SUSTAINABLE MINING ZAMBIA LIMITED","Other mining and quarrying n.e.c.","mining_related","no","120241009459","06/07/2024","300","1","0","Mineral Sands/Nickel/Manganese","1","0","1"
"Nachibila Resources Limited","Mining of other non-ferrous metal ores","mining_related","no","120241006113","05/05/2024","299","3","0","Gold/Tourmaline/Cobalt","1","0","1"
"Copperhead Company Limited","Support activities for petroleum and natural gas extraction","mining_related","no","120050058172","01/01/2005","297","1","1","Tin/Zinc/Silver","0","1","1"
"Maosheng Mineral Resources Limited","Support activities for other mining and quarrying","mining_related","no","120070067689","24/07/2007","297","1","1","Copper","1","1","1"
"Vade Ventures Limited","Other mining and quarrying n.e.c.","mining_related","no","120230048134","22/03/2023","297","1","0","Rare EarthsElements/Nickel/Molybdenum","1","0","1"
"Cedar Rock Gold Limited","Mining of other non-ferrous metal ores","mining_related","no","120200004228","02/06/2020","295","1","1","Manganese/Nickel/Copper","1","0","1"
"Gesta Mines Limited","Mining of other non-ferrous metal ores","mining_related","no","120230045478","01/02/2023","290","1","0","Manganese/Lithium/Zinc","1","0","1"
"New Decade Mining and Exploration Limited","Other mining and quarrying n.e.c.","mining_related","no","120200008199","29/09/2020","280","1","0","Iron Ore/Manganese/Gold","1","0","1"
"Meadow Processing Technologies Limited","Mining of other non-ferrous metal ores","mining_related","no","120241017651","23/12/2024","277","2","0","Quartz/Rare EarthsElements/Manganese","1","0","0"
"Zeemi Miners and Suppliers Limited","Other mining and quarrying n.e.c.","mining_related","no","120180010632","18/12/2018","270","1","1","Manganese","0","0","1"
"Darijo Mining Limited","Other mining and quarrying n.e.c.","mining_related","no","120241012112","02/09/2024","269","1","0","Gold/Gemstones/Malachite","1","0","0"
"Klay Investements Limited","Other retail sale not in stores, stalls or markets","mining_related","no","120110093593","01/07/2011","268","1","0","Limestone (General)/Granite/Dolomite","0","0","1"
"GREEN ACRE MINING LIMITED","Other mining and quarrying n.e.c.","mining_related","no","120241011166","12/08/2024","262","3","3","Emerald/Beryllium","1","0","3"
"Ntamba Mweru Copper Mine Limited","Extraction of salt","mining_related","no","120200010348","02/12/2020","261","1","0","Manganese/Quartz/Tourmaline","1","1","1"
"Shibala Central Mining Limited","Support activities for other mining and quarrying","mining_related","no","120120101526","30/04/2012","260","1","1","Manganese/Iron Ore","0","0","1"
"Ileje Suppliers and Generals Dealers Limited","Other mining and quarrying n.e.c.","mining_related","no","120230047154","03/03/2023","258","2","2","Silver/Gold/Copper","1","1","2"
"Tubombeshe Mining Limited","Retail sale of electrical household appliances, furniture, lighting equipment and other household articles in specialized stores","mining_related","no","120130116679","25/10/2013","257","3","3","Emerald/Copper/Cobalt","0","1","1"
"ROB and NAT Mining Limited","Mining of other non-ferrous metal ores","mining_related","no","120241003023","28/02/2024","255","1","0","Sand/Quartz/Nickel","1","0","1"
"Shack Trading Limited","Support activities for other mining and quarrying","mining_related","no","120241002096","12/02/2024","254","2","1","Iron Ore/Gold/Copper","1","0","0"
"Kariba Minerals Limited","Support activities for other mining and quarrying","mining_related","no","119840013422","04/10/1984","254","1","1","Rare EarthsElements/Niobium (Columbium)/Tantalum","0","1","1"
"Bilonda Mining Limited","Support activities for other mining and quarrying","mining_related","no","120080074910","17/09/2008","251","1","1","Malachite/Quartz/Tourmaline","0","0","1"
"Elatis Investements Limited","Other mining and quarrying n.e.c.","mining_related","no","120220027772","08/02/2022","249","1","0","Manganese/Quartz/Silver","1","0","1"
"Holly Group Zambia Limited","Other mining and quarrying n.e.c.","mining_related","no","120210015406","26/04/2021","247","2","1","Manganese/Marble/Talc-Soapstone","0","0","1"
"Brevimm Mines Limited","Mining of other non-ferrous metal ores","mining_related","no","120241007845","03/06/2024","241","1","1","Quartz/Tantalum/Tin","1","0","1"
"Mountlisa Minerals Limited","Mining of other non-ferrous metal ores","mining_related","no","120251025341","11/05/2025","239","2","0","Iron Ore/Lead/Gypsum","1","0","0"
"Moersis Enterprises Limited","Support activities for other mining and quarrying","mining_related","no","120241005562","23/04/2024","239","1","0","Sand/Nickel/Manganese","1","1","0"
"SOS Metals and Resources Limited","Support activities for other mining and quarrying","mining_related","no","120190003227","24/04/2019","237","1","0","Zinc","1","0","1"
"Newhorizons Mineral Resources Limited","Mining of iron ores","mining_related","no","120251021632","05/03/2025","234","1","0","Nickel/Silver/Zinc","1","0","0"
"Yida Mining Zambia Limited","Other mining and quarrying n.e.c.","mining_related","no","120220037241","09/08/2022","234","1","0","Manganese/Zinc/Lead","1","0","1"
"Rarefind Zambia Limited","Other mining and quarrying n.e.c.","mining_related","no","120200001721","28/02/2020","229","1","0","Tin/Tantalum","1","0","1"
"Mathkat General Dealers Limited","Other retail sale in non-specialized stores","mining_related","no","120170006842","07/09/2017","221","1","1","Manganese","0","1","0"
"Fiand Mineral Processing Limited","Other mining and quarrying n.e.c.","mining_related","no","120220040786","20/10/2022","220","1","0","Lead/Manganese/Silver","1","0","1"
"Qomolangma Resources Limited","Other mining and quarrying n.e.c.","mining_related","no","120230046054","13/02/2023","220","2","0","Tin/Zinc/Copper","1","1","2"
"KMR Geo Resources Limited","Other mining and quarrying n.e.c.","mining_related","no","120190006700","27/08/2019","217","1","0","Iron Ore/Quartz/Silver","1","1","1"
"Bluerald Mining Zambia Limited","Mining of iron ores","mining_related","no","120230054853","14/08/2023","213","1","1","Emerald","1","1","1"
"Mapalo Quarries Limited","Support activities for other mining and quarrying","mining_related","no","120120101734","08/05/2012","213","1","0","Platinum/Silver/Zinc","0","0","0"
"Valecrest Mining Limited","Mining of other non-ferrous metal ores","mining_related","no","120220036060","15/07/2022","212","1","0","Copper/Manganese/Silver","1","0","1"
"Gandari Mining Limited","Support activities for other mining and quarrying","mining_related","no","120080071748","27/03/2008","211","1","1","Iron Ore/Limestone (General)/Platinum","0","0","0"
"Pum Copper Mining Limited"," Support activities for other mining and quarrying","mining_related","no","120210017862","01/07/2021","210","1","0","Gold/Zinc/Copper","1","0","0"
"Gootal Enterprise Limited","Mining of other non-ferrous metal ores","mining_related","no","120230055459","24/08/2023","209","1","0","Gold/Fluorine-Fluorite/Tin","1","1","0"
"Kasumili Mine  Limited","Other mining and quarrying n.e.c.","mining_related","no","120220027735","07/02/2022","208","1","0","Quartz/Emerald/Citrine","1","0","1"
"Awesome Diamonds Corporation Limited","Other mining and quarrying n.e.c.","mining_related","no","120230046921","28/02/2023","206","1","0","Silver/Quartz/Nickel","1","0","0"
"Tinglong Investments Limited"," Mining of other non-ferrous metal ores","mining_related","no","120210019056","05/08/2021","206","2","2","Copper/Zinc/Lead","1","1","2"
"KCM Smelterco Limited","Support activities for other mining and quarrying","mining_related","no","120000044055","27/01/2000","204","2","2","Selenium/Silver/Tellurium","0","1","2"
"Mlema Mining Limited","Other mining and quarrying n.e.c.","mining_related","no","120210019337","17/08/2021","199","2","0","Tantalum/Manganese/Zinc","1","0","1"
"MCK Mining Zambia Limited","Support activities for other mining and quarrying","mining_related","no","120220027663","04/02/2022","199","1","1","Gold/Silver/Cobalt","1","1","0"
"Liakaz  Investment Limited","Mining of other non-ferrous metal ores","mining_related","no","120210014995","15/04/2021","198","1","0","Quartz/Tourmaline/Manganese","1","0","1"
"Mother Load Deposits Limited"," Mining of other non-ferrous metal ores","mining_related","no","120210022385","20/10/2021","197","1","0","Lithium/Tin/Cobalt","1","0","1"
"Day Break Mining and Exploration Limited","Mining of other non-ferrous metal ores","mining_related","no","120251024623","25/04/2025","197","2","0","Malachite/Lead/Iron Ore","1","0","0"
"True Ore Mines and Mineral (Zambia) Limited","Other mining and quarrying n.e.c.","mining_related","no","120230059653","14/11/2023","195","1","0","Nickel/Sugilite/Zinc","1","1","0"
"Hexagon Investments Limited","Retail sale of books, newspapers and stationary in specialized stores","mining_related","no","119930029780","21/09/1993","195","2","0","Emerald/Beryllium","0","1","1"
"Caingu Gem Mines Lapidary Limited","Support activities for other mining and quarrying","mining_related","no","120080071148","18/02/2008","195","1","0","Rare EarthsElements/Tantalum/Tin","0","1","0"
"Gem Link Africa Limited","Other retail sale of new goods in specialized stores","mining_related","no","120190004872","21/06/2019","195","1","0","Nickel/Quartz/Silver","1","0","1"
"Blackfire Mining Limited","Mining of iron ores","mining_related","no","120190002177","07/03/2019","193","1","1","Copper","0","0","1"
"Kalimon Mining Company Limited","Other mining and quarrying n.e.c.","mining_related","no","120210023938","22/11/2021","189","1","1","Emerald","1","1","1"
"Australian Mining Company Zambia Limited","Mining of iron ores","mining_related","no","120170003103","19/04/2017","187","1","1","Silver/Nickel/Zinc","0","0","1"
"Amoho Mining Limited","Mining of other non-ferrous metal ores","mining_related","no","120230054569","08/08/2023","183","2","0","Gold/Rare EarthsElements/Cobalt","1","0","2"
"Mulberry Mining Company LIMITED","Mining of other non-ferrous metal ores","mining_related","no","120210015517","29/04/2021","183","1","0","Manganese/Silver/Zinc","1","0","0"
"Vector Mining Limited","Mining of other non-ferrous metal ores","mining_related","no","120230047525","14/03/2023","183","1","0","Nickel/Manganese/Zinc","1","0","1"
"Masuku Copper Development Limited","Mining of other non-ferrous metal ores","mining_related","no","120210013033","18/02/2021","182","1","0","Tantalum/Tin/Gold","0","0","0"
"Mmkaz Mining Company","Other retail sale in non-specialized stores","mining_related","no","120170002638","03/04/2017","181","2","1","Emerald","0","0","0"
"Luwi Gemstone Mining Limited","Other mining and quarrying n.e.c.","mining_related","no","120230047354","09/03/2023","180","1","0","Tourmaline/Emerald/Amethyst","1","0","0"
"Mukamandu Mining Limited","Support activities for other mining and quarrying","mining_related","no","120120105535","20/09/2012","177","1","1","Copper/Cobalt","0","0","0"
"Ronsin Minerals Limited","Other mining and quarrying n.e.c.","mining_related","no","120190006082","07/08/2019","176","1","0","Tantalum/Tin/Tungsten","1","0","0"
"Elikace Mining Limited","Other mining and quarrying n.e.c.","mining_related","no","120241012574","10/09/2024","174","1","0","Gold/Copper","1","0","0"
"Ramfield Mining Limited","Mining of other non-ferrous metal ores","mining_related","no","120180005732","11/07/2018","171","1","1","Emerald/Beryllium","0","1","0"
"Mangal Mine Limited","Support activities for other mining and quarrying","mining_related","no","119970039254","20/10/1997","169","1","1","Emerald","0","0","1"
"Lulamba Quarries Limited","Other mining and quarrying n.e.c.","mining_related","no","120210015529","29/04/2021","169","1","0","Sand and Gravel/Crushed/Broken Stone","1","0","1"
"Denny Nyoni Enterprise Limited","Support activities for other mining and quarrying","mining_related","no","120210020222","07/09/2021","167","1","0","Quartz/Sand and Gravel/Stone","1","0","1"
"Beagem Mining Limited","Mining of other non-ferrous metal ores","mining_related","no","120210025966","31/12/2021","167","2","0","Quartz/Emerald","1","1","2"
"Chapemba Capitals Limited","Mining of other non-ferrous metal ores","mining_related","no","120160008988","07/12/2016","167","2","1","Emerald","0","0","0"
"Summersky Zambia Limited","Support activities for other mining and quarrying","mining_related","no","119990043136","03/08/1999","162","1","1","Marble","0","0","1"
"Meloks Agencies Limited","Retail sale of electrical household appliances, furniture, lighting equipment and other household articles in specialized stores","mining_related","no","120040055570","11/06/2004","162","1","1","Gold/Silver/Cobalt","0","0","1"
"Mwalkan Investments Limited","Mining of other non-ferrous metal ores","mining_related","no","120200006882","26/08/2020","162","1","0","Manganese/Lead/Zinc","1","0","0"
"KANONGO MINING LIMITED","Other mining and quarrying n.e.c.","mining_related","no","120230061224","18/12/2023","160","1","0","Manganese/Limestone (General)/Zinc","1","1","0"
"Garuda Resources Limited","Other mining and quarrying n.e.c.","mining_related","no","120220026602","14/01/2022","159","3","0","Manganese/Iron Ore/Quartz","1","1","3"
"Sulocha Mines Limited","Support activities for other mining and quarrying","mining_related","no","119880016819","29/03/1988","155","1","0","Emerald","0","0","0"
"Twapenga mining and Prospecting Limited","Support activities for other mining and quarrying","mining_related","no","120050059183","23/06/2005","155","1","1","Emerald","1","1","1"
"Mwangeli Emerald Mining Limited","Support activities for other mining and quarrying","mining_related","no","120020044629","31/12/2002","155","1","1","Emerald","0","0","0"
"Lusinde Investments Limited","Other retail sale not in stores, stalls or markets","mining_related","no","119900022342","20/12/1990","155","1","1","Diatomite","0","0","1"
"Fanamu Mining Company","Mining of iron ores","mining_related","no","120180005547","04/07/2018","155","1","1","Silver/Gold/Copper","0","0","0"
"Mambombu Mining Limited","Support activities for other mining and quarrying","mining_related","no","120220032309","04/05/2022","151","1","0","Granite/Iron Ore/Limestone (General)","1","0","1"
"Provential Investments Limited","Support activities for other mining and quarrying","mining_related","no","120200003505","11/05/2020","147","1","0","Tantalum/Tin/Amethyst","0","0","1"
"Ndodzomuyaco Mining Limited","Support activities for other mining and quarrying","mining_related","no","120180010743","21/12/2018","144","1","1","Emerald/Beryllium","0","0","1"
"NTHANZI MINERAL LIMITED","Mining of other non-ferrous metal ores","mining_related","no","120230058736","26/10/2023","142","1","0","Rhodium/Rubidium/Malachite","1","1","0"
"Nkana Mining and Mineral Processing Limited","Support activities for other mining and quarrying","mining_related","no","120180006889","17/08/2018","140","1","1","Copper/Cobalt","0","1","0"
"Tukongote Mining Limited","Support activities for other mining and quarrying","mining_related","no","119870015881","29/06/1987","137","1","0","Garnet/Gold/Quartz","0","1","0"
"Gemgarden Mining Limited","Other mining and quarrying n.e.c.","mining_related","no","120150137847","03/12/2015","135","1","1","Emerald/Garnet/Amethyst","0","0","1"
"Prolight Investment Limited","Other retail sale of new goods in specialized stores","mining_related","no","120180002849","06/04/2018","135","1","0","Silver/Manganese/Zinc","1","0","1"
"Diakite Minerals Purple Gem Limited","Support activities for other mining and quarrying","mining_related","no","120160007786","28/10/2016","134","1","1","Tantalum/Tin/Zinc","0","0","1"
"Mwema Mining Investment Limited"," Other mining and quarrying n.e.c.","mining_related","no","120210017834","30/06/2021","133","1","0","Limestone (General)/Manganese/Zinc","1","0","1"
"Khazma Investments Limited","Mining of other non-ferrous metal ores","mining_related","no","120190003102","17/04/2019","130","1","0","Tantalum/Tin/Quartz","1","0","0"
"AAkala Investment Limited","Support activities for other mining and quarrying","mining_related","no","119930030038","20/10/1993","121","1","0","Amethyst","0","0","0"
"Chema Mining Limited","Support activities for other mining and quarrying","mining_related","no","120150132391","18/05/2015","120","1","0","Emerald","0","0","1"
"Bwino Mining Limited","Support activities for other mining and quarrying","mining_related","no","120241006972","18/05/2024","120","1","0","Lead/Iron Ore/Zinc","1","0","1"
"Chuvubwe Mining Limited","Other mining and quarrying n.e.c.","mining_related","no","120241011448","18/08/2024","119","1","0","Quartz/Emerald/Beryllium","1","0","0"
"Bestgrade Mining Investments Limited","Support activities for other mining and quarrying","mining_related","no","120220039157","14/09/2022","119","2","2","Emerald/Beryllium","1","0","2"
"Nachilala Mining Company Limited","Other mining and quarrying n.e.c.","mining_related","no","120230046540","21/02/2023","118","1","0","Garnet/Gold/Tourmaline","1","0","1"
"Mukanjaka Mining Industries Company Limited","Support activities for other mining and quarrying","mining_related","no","119860014610","04/03/1986","117","1","1","Emerald","0","0","0"
"Luangwa Gemfields Mining Company Limited","Other mining and quarrying n.e.c.","mining_related","no","120210013311","25/02/2021","116","1","0","Phosphorus-Phosphates/Nickel/Quartz","1","0","1"
"Mofwe Gemstone mining","Support activities for other mining and quarrying","mining_related","no","120010047311","21/05/2001","112","1","0","Emerald","0","0","0"
"Firestone Mining Limited","Mining of other non-ferrous metal ores","mining_related","no","120180002088","14/03/2018","112","1","1","Emerald/Beryllium","0","1","0"
"Alumbwe Emerald Mines Limited","Support activities for other mining and quarrying","mining_related","no","119970038275","22/05/1997","111","1","1","Quartz/Tourmaline/Beryllium","0","0","1"
"Wang Sheng Mining Limited","Support activities for other mining and quarrying","mining_related","no","120030051676","06/02/2003","111","1","1","Emerald","0","0","1"
"Skopos Resources Limited","Other mining and quarrying n.e.c.","mining_related","no","120230060961","12/12/2023","110","1","0","Quartz/Emerald/Beryllium","1","0","0"
"Rong Xing Investments Limited","Mining of other non-ferrous metal ores","mining_related","no","120160005748","16/08/2016","110","1","1","Manganese/Zinc/Gold","0","1","0"
"Kasimure Enterprises Limited","Support activities for other mining and quarrying","mining_related","no","120000044369","23/03/2000","110","1","0","Emerald/Beryllium","0","0","1"
"GoodRock Zambia Limited","Quarrying of stone, sand and clay","mining_related","no","120160007408","13/10/2016","110","1","1","Manganese","0","1","0"
"Ndulumba Mines Limited","Support activities for other mining and quarrying","mining_related","no","119900021041","11/06/1990","110","1","1","Emerald","1","1","1"
"Albany Logistics Limited","Support activities for other mining and quarrying","mining_related","no","120241002179","13/02/2024","109","1","0","Nickel/Manganese/Zinc","1","0","1"
"CHISUMA MINING LIMITED","Other mining and quarrying n.e.c.","mining_related","no","120241014084","11/10/2024","108","1","1","Emerald","1","0","1"
"Zamway Mining Limited","Support activities for other mining and quarrying","mining_related","no","120040055065","19/04/2004","107","1","1","Emerald","0","0","1"
"Jearmy Enterprises Limited","Other retail sale not in stores, stalls or markets","mining_related","no","119910022908","04/04/1991","107","1","0","Emerald/Gold/Copper","0","0","1"
"Haroons Minerals Limited","Other mining and quarrying n.e.c.","mining_related","no","120220036050","14/07/2022","107","1","0","Silver/Phosphorus-Phosphates/Nickel","1","0","0"
"John Matongo Mine Limited","Support activities for other mining and quarrying","mining_related","no","120150134319","28/07/2015","102","1","1","Emerald/Beryllium","0","0","0"
"Omei Investments Limited","Support activities for other mining and quarrying","mining_related","no","119860014909","14/07/1986","100","1","1","Emerald","0","0","1"
"Fleuve Stones Limited","Other mining and quarrying n.e.c.","mining_related","no","120160004062","07/06/2016","99","1","1","Quartz/Tourmaline/Amazonite","1","0","1"
"ALD Plant & Fleet Management Limited","Retail sale of electrical household appliances, furniture, lighting equipment and other household articles in specialized stores","mining_related","no","120110093321","21/06/2011","99","1","1","Granite/Crushed/Broken Stone","0","0","1"
"Panamba Mining Limited","Other mining and quarrying n.e.c.","mining_related","no","120170002999","13/04/2017","98","1","1","Emerald","0","0","0"
"Louis Mining Company Limited","Other mining and quarrying n.e.c.","mining_related","no","120190005618","19/07/2019","97","1","0","Manganese/Silver/Copper","1","0","0"
"A.L. IMPORTERS AND EXPORTERS LIMITED","Other retail sale in non-specialized stores","mining_related","no","120220026403","11/01/2022","95","1","0","Manganese/Malachite/Limestone (General)","1","1","0"
"TERRANEX RESOURCES LIMITED","Mining of other non-ferrous metal ores","mining_related","no","120241013677","04/10/2024","94","1","1","Gold","1","0","0"
"Newcrest Lime Limited"," Other mining and quarrying n.e.c.","mining_related","no","120210017287","15/06/2021","92","1","1","Limestone (General)","1","0","1"
"Paragon   Exploration  and Mining Company Zambia  Limited","Support activities for other mining and quarrying","mining_related","no","120220027086","24/01/2022","92","1","0","Iron Ore/Manganese/Zinc","1","0","1"
"Huacheng Calcium Industry Limited","Quarrying of stone, sand and clay","mining_related","no","120180009506","12/11/2018","92","3","2","Limestone (General)","0","1","1"
"FiveWood Mining International Limited","Support activities for other mining and quarrying","mining_related","no","120130116390","14/10/2013","92","1","0","Emerald/Beryllium","0","0","0"
"Chizam Explosives and Mining Limited","Other mining and quarrying n.e.c.","mining_related","no","120241017371","16/12/2024","92","1","0","Sand/Quartz/Silver","1","0","0"
"Chumwe Mining Limited","Support activities for other mining and quarrying","mining_related","no","120040057169","01/12/2004","91","1","1","Emerald/Beryllium","0","0","1"
"Chaka's Mining and Suppliers Limited","Other mining and quarrying n.e.c.","mining_related","no","120160007794","28/10/2016","91","1","1","Quartz/Aquamarine/Amethyst","0","0","0"
"Gulnoor Mining Limited","Mining of other non-ferrous metal ores","mining_related","no","120200008144","28/09/2020","90","1","0","Iron Ore/Gold/Tourmaline","1","0","1"
"Southern Africa Ferro Alloys Limited","Support activities for other mining and quarrying","mining_related","no","120110090840","09/03/2011","90","1","1","Manganese/Tin/Zinc","1","1","0"
"Gabmans Limited","Retail sale of hardware, paints and glass in specialized stores","mining_related","no","119910023398","21/06/1991","90","1","1","Emerald/Beryllium","0","0","0"
"Aupie Mining Company Limited","Support activities for other mining and quarrying","mining_related","no","120030052618","06/05/2003","89","1","0","Tourmaline/Quartz/Aquamarine","0","0","0"
"Mitondo Mining Company Limited","Support activities for other mining and quarrying","mining_related","no","119870016329","05/11/1987","88","1","1","Emerald/Beryllium","0","0","1"
"Tikumbe Mining Limited","Support activities for other mining and quarrying","mining_related","no","120050060079","29/09/2005","87","1","0","Copper","0","0","0"
"Closet Enterprises Limited","Other retail sale not in stores, stalls or markets","mining_related","no","120130112484","27/05/2013","86","1","0","Manganese/Silver/Gold","0","0","1"
"Suanni mining limited.","Mining of other non-ferrous metal ores","mining_related","no","120241003154","29/02/2024","83","1","0","Emerald/Gold/Cobalt","1","1","0"
"One Pride Small Mining limited","Mining of other non-ferrous metal ores","mining_related","no","120180002101","14/03/2018","83","1","1","Manganese/Lead/Zinc","0","0","1"
"Kasempa Copper Mines Zambia Limited","Support activities for other mining and quarrying","mining_related","no","120070067788","27/07/2007","83","1","0","Gold/Copper/Cobalt","0","0","0"
"Anantha Minerals Limited"," Other mining and quarrying n.e.c.","mining_related","no","120210016790","02/06/2021","81","1","0","Niobium (Columbium)/Nickel/Molybdenum","1","1","0"
"Memory Kambulu Resources Limited","Other mining and quarrying n.e.c.","mining_related","no","120170001809","03/03/2017","81","1","1","Tin/Quartz/Tungsten","0","0","1"
"Epitomatic General Trade Limited","Support activities for other mining and quarrying","mining_related","no","120241001111","24/01/2024","80","1","0","Nickel/Manganese/Malachite","1","1","0"
"MUKWARUWANDI MINING AND CONSTRUCTION LIMITED","Mining of other non-ferrous metal ores","mining_related","no","120241008447","14/06/2024","80","1","0","Quartz/Kyanite/Tourmaline","1","0","1"
"Swarna Metals Zambia Limited","Manufacture of other non-metallic mineral products n.e.c.","mining_related","no","120220037720","17/08/2022","80","1","1","Manganese/Malachite/Nickel","1","1","0"
"Jomemu Rockyview Logistics Limited","Other retail sale in non-specialized stores","mining_related","no","120230045602","03/02/2023","79","1","0","Quartz/Nickel/Manganese","1","0","0"
"USTAWI INVESTMENT LIMITED","Other mining and quarrying n.e.c.","mining_related","no","120251018618","16/01/2025","77","1","0","Copper/Emerald/Zinc","1","1","0"
"Mukulu Mining Limited","Support activities for other mining and quarrying","mining_related","no","120190002413","19/03/2019","77","1","1","Tourmaline/Emerald/Beryllium","1","0","1"
"GOLDENROCK  RESOURCES ZAMBIA LIMITED","Mining of other non-ferrous metal ores","mining_related","no","120241014975","30/10/2024","77","1","0","Iron Ore/Lead/Copper","1","0","0"
"Favourite Emerald Mine Limited","Other mining and quarrying n.e.c.","mining_related","no","120150135486","08/09/2015","77","1","1","Emerald/Beryllium","0","0","1"
"Mapompo Investements Limited","Support activities for other mining and quarrying","mining_related","no","120080073760","17/07/2008","76","1","1","Manganese/Limestone (General)/Talc-Soapstone","1","1","1"
"Precious Transparency Limited","Support activities for other mining and quarrying","mining_related","no","119960035438","26/01/1996","76","1","1","Anhydrite/Tourmaline/Aquamarine","0","0","1"
"KUTANGA MINING LIMITED","Support activities for other mining and quarrying","mining_related","no","120241015798","15/11/2024","76","1","0","Manganese/Malachite/Zinc","1","0","0"
"Makali Enterprises Limited","Support activities for other mining and quarrying","mining_related","no","119840012892","08/02/1984","75","1","1","Emerald/Beryllium","0","1","1"
"Asbelow Mining & Business Consultancy Limited","Mining of chemical and fertilizer minerals","mining_related","no","120190000431","15/01/2019","73","1","0","Manganese/Nickel/Zinc","0","0","1"
"Jamba Mining & Marketing Ltd","Support activities for other mining and quarrying","mining_related","no","119890018004","15/02/1989","72","1","1","Emerald/Beryllium","0","1","1"
"Mwabombeni Resources Limited","Other retail sale in non-specialized stores","mining_related","no","120220033546","24/05/2022","72","1","0","Fluorine-Fluorite/Iron Ore/Feldspar","1","0","0"
"Ashira Mining Limited","Mining of other non-ferrous metal ores","mining_related","no","120220026782","18/01/2022","72","1","0","Gold/Emerald/Silver","1","0","1"
"Kandi Mining and General Dealers Limited","Other mining and quarrying n.e.c.","mining_related","no","120210024574","03/12/2021","70","1","0","Quartz/Silica/Silver","1","0","1"
"BUNTINGWA RESOURCES LIMITED","Mining of other non-ferrous metal ores","mining_related","no","120220042900","07/12/2022","70","1","1","Copper/Cobalt","1","1","1"
"NALILIMA MINING LIMITED","Support activities for other mining and quarrying","mining_related","no","120241013374","27/09/2024","69","1","0","Fluorine-Fluorite/Gold/Dolomite","1","1","0"
"Xpoint Investment Limited"," Other retail sale in non-specialized stores","mining_related","no","120210022477","21/10/2021","69","1","1","Gold/Copper","0","0","1"
"Giltyra Investements Limited","Other mining and quarrying n.e.c.","mining_related","no","120230051736","08/06/2023","67","1","0","Gold/Copper/Cobalt","1","0","0"
"Rech Mining Limited","Other mining and quarrying n.e.c.","mining_related","no","120220035314","28/06/2022","67","1","0","Emerald/Beryllium","1","1","0"
"Musi Gems Limited","Support activities for other mining and quarrying","mining_related","no","119970039135","30/09/1997","66","1","1","Emerald","0","0","1"
"Samaka Gemstone Mining Company Limited","Mining of other non-ferrous metal ores","mining_related","no","120040054934","30/03/2004","65","1","1","Quartz/Mica/Silica","0","0","1"
"Kasiya Mining Company Limited","Other mining and quarrying n.e.c.","mining_related","no","120220042686","01/12/2022","65","1","0","Marble/Magnesium (Brucit)/Lithium","1","0","1"
"Kabungu Mining and Prospecting Limited","Support activities for other mining and quarrying","mining_related","no","120180009105","29/10/2018","63","1","0","Garnet/Quartz/Tourmaline","0","0","1"
"SIMBARA MINING LIMITED","Other mining and quarrying n.e.c.","mining_related","no","120251020932","20/02/2025","59","2","0","Aquamarine/Amethyst/Zinc","1","0","0"
"Chifwala Mabula Small Mines Company Limited","Other mining and quarrying n.e.c.","mining_related","no","119860014508","21/01/1986","56","1","0","Emerald/Beryllium","0","0","1"
"EMPRIRIC TRADING LIMITED","Support activities for other mining and quarrying","mining_related","no","120241012056","30/08/2024","54","1","1","Gold","1","1","1"
"Maosheng Mineral Resources Zambia Limited","Support activities for other mining and quarrying","mining_related","no","120070067689","24/07/2007","53","1","1","Gold/Manganese/Cobalt","1","1","0"
"Sanchembe Gem And Minerals Limited","Mining of iron ores","mining_related","no","120220033734","30/05/2022","53","1","0","Limestone (General)/Iron Ore/Anhydrite","1","0","0"
"PAMU MINING LIMITED","Other mining and quarrying n.e.c.","mining_related","no","120241017024","11/12/2024","53","1","0","Iron Ore/Zinc/Copper","1","0","0"
"Leixin  Renewable Resources Limited","Manufacture of basic precious and other non-ferrous metals","mining_related","no","120241000784","17/01/2024","53","1","1","Gold/Copper","1","1","1"
"COZ MINERALS LIMITED","Other retail sale in non-specialized stores","mining_related","no","120230044214","06/01/2023","53","1","1","Copper","1","1","1"
"Wacha Mining Limited","Support activities for other mining and quarrying","mining_related","no","120190002763","03/04/2019","52","1","0","Manganese/Quartz/Copper","0","0","1"
"Bruhati Mining and Minerals Limited"," Mining of other non-ferrous metal ores","mining_related","no","120210017356","17/06/2021","50","1","1","Manganese","1","1","1"
"SELMIN MINERALS LIMITED","Mining of iron ores","mining_related","no","120241003906","19/03/2024","50","1","1","Gold/Copper/Cobalt","1","1","1"
"Lumezi Mining Limited","Other mining and quarrying n.e.c.","mining_related","no","120220031882","26/04/2022","47","1","0","Garnet","1","0","1"
"Solanga Enterprise Limited","Other retail sale not in stores, stalls or markets","mining_related","no","120230047432","10/03/2023","46","1","0","Gold/Iron Ore/Silver","1","0","0"
"Consolidated Gold Company of Zambia Limited","Mining of other non-ferrous metal ores","mining_related","no","120200001191","10/02/2020","46","2","2","Gold","1","1","1"
"Mupasi Mining Company Limited","Support activities for other mining and quarrying","mining_related","no","120010046315","09/01/2001","45","1","0","Emerald","0","0","0"
"Sable Zinc Kabwe Limited","Support activities for other mining and quarrying","mining_related","no","119990043840","20/12/1999","43","1","1","Lead/Zinc/Cobalt","0","1","1"
"Changzhou Zambia Resources Company Limited","Support activities for other mining and quarrying","mining_related","no","120140120673","17/03/2014","43","1","1","Limestone (General)","0","0","1"
"Fransia Investments Limited","Support activities for other mining and quarrying","mining_related","no","120080074688","04/09/2008","40","1","0","Manganese/Silver/Zinc","0","0","0"
"Umetal Investments Limited","Other mining and quarrying n.e.c.","mining_related","no","120230056763","19/09/2023","40","1","1","Gold/Copper","1","0","0"
"Chimanabubwe Business Enterprises Limited","Other retail sale not in stores, stalls or markets","mining_related","no","120140124809","05/08/2014","40","1","0","Iron Ore/Manganese/Gold","0","1","1"
"KANCHIBIYA METALS LIMITED","Other mining and quarrying n.e.c.","mining_related","no","120241017222","13/12/2024","40","1","0","Malachite/Copper/Cobalt","1","0","0"
"Arinus Limited","Support activities for other mining and quarrying","mining_related","no","119860014562","11/02/1986","39","1","1","Emerald","0","0","1"
"Twalubuka Mineral Resources Limited","Mining of other non-ferrous metal ores","mining_related","no","120241002320","16/02/2024","37","1","0","Manganese/Silver/Zinc","1","0","1"
"Max Global Ferro Alloys Limited","Mining of iron ores","mining_related","no","120200002180","17/03/2020","37","1","1","Silica/Manganese","0","1","1"
"Rukwa Mines Limited","Other mining and quarrying n.e.c.","mining_related","no","120220031389","14/04/2022","37","1","0","Emerald/Copper","1","0","1"
"Empire Rock Limited","Other mining and quarrying n.e.c.","mining_related","no","120220032262","04/05/2022","36","1","0","Limestone (General)/Iron Ore/Anhydrite","1","1","1"
"JIUYING INVESTMENTS LIMITED","Mining of iron ores","mining_related","no","120241012609","10/09/2024","33","1","1","Copper","1","0","0"
"Kalombwe Minerals Limited","Mining of other non-ferrous metal ores","mining_related","no","120090077793","13/03/2009","33","1","0","Sand and Gravel/Quartz/Limestone (General)","0","1","1"
"Rifranto Mining Limited","Other mining and quarrying n.e.c.","mining_related","no","120170003735","12/05/2017","31","1","1","Emerald","0","0","1"
"Henev Mining Limited","Support activities for other mining and quarrying","mining_related","no","120190004030","23/05/2019","30","1","0","Lead/Silica/Zinc","1","0","1"
"CHABOOTA INNOVATIONS LIMITED","Mining of other non-ferrous metal ores","mining_related","no","120241014070","11/10/2024","30","1","1","Gold/Copper","1","1","0"
"Musanza Mining and Exploration Company Limited"," Mining of iron ores","mining_related","no","120210019625","25/08/2021","30","1","0","Lead/Iron Ore/Limestone (General)","1","0","1"
"SINKING MINING LIMITED","Mining of other non-ferrous metal ores","mining_related","no","120241008453","14/06/2024","30","1","0","Malachite/Limestone (General)/Nickel","1","0","0"
"Golden Hill Industry Limited","Mining of other non-ferrous metal ores","mining_related","no","120230051235","30/05/2023","30","1","1","Copper/Cobalt","1","1","0"
"Huacheng Mining Zambia Limited","Other mining and quarrying n.e.c.","mining_related","no","120180006537","07/08/2018","30","1","1","Manganese","0","1","0"
"Kabula Exploration Limited","Support activities for other mining and quarrying","mining_related","no","120140128668","30/12/2014","29","1","1","Stone","0","0","1"
"Zhixing Investment Limited","Other mining and quarrying n.e.c.","mining_related","no","120210025244","16/12/2021","27","1","1","Gold/Copper","1","1","0"
"Kushinshika Investments Limited","Other mining and quarrying n.e.c.","mining_related","no","120230048945","06/04/2023","27","1","1","Quartz/Emerald/Citrine","1","0","1"
"Topglory Mining Company Limited","Other mining and quarrying n.e.c.","mining_related","no","120190004399","06/06/2019","27","1","1","Manganese","1","0","1"
"WALALAHA INVESTMENT LIMITED","Mining of other non-ferrous metal ores","mining_related","no","120241011189","14/08/2024","26","1","1","Sand/Zinc/Iron Ore","1","1","1"
"Light Man Tours General Dealers Limited","Mining of other non-ferrous metal ores","mining_related","no","120241015865","16/11/2024","26","1","0","Quartz/Gold/Garnet","1","0","0"
"ZM and P (B.V.I) Holdings Limited","Support activities for other mining and quarrying","mining_related","no","220110001475","18/04/2011","26","1","1","Tantalum/Silver/Tin","1","0","0"
"One Palm Mining Limited","Other mining and quarrying n.e.c.","mining_related","no","120230058511","20/10/2023","26","1","1","Limestone (General)","1","0","1"
"EKS Mining International Limited","Mining of other non-ferrous metal ores","mining_related","no","120180005905","16/07/2018","24","1","1","Emerald","0","0","1"
"Katanda Natural Resources Limited","Other mining and quarrying n.e.c.","mining_related","no","120210012040","22/01/2021","23","1","0","Nickel/Manganese/Uranium","1","0","0"
"Chikonka copper mines Limited","Mining of iron ores","mining_related","no","120230052209","16/06/2023","23","1","0","Malachite/Iron Ore/Manganese","1","0","0"
"Kasoma Mining Project Limited","Other mining and quarrying n.e.c.","mining_related","no","120210025183","15/12/2021","23","1","0","Iron Ore/Lithium/Manganese","1","1","0"
"Namita Construction and Mining Limited","Mining of other non-ferrous metal ores","mining_related","no","120200007297","07/09/2020","20","1","0","Silver/Gold","1","1","0"
"Auriga Minerals Limited","Other mining and quarrying n.e.c.","mining_related","no","120210015752","05/05/2021","20","1","1","Silver/Gold/Copper","0","0","1"
"Spaxs Mining Limited","Other mining and quarrying n.e.c.","mining_related","no","120100084888","02/06/2010","20","1","0","Manganese/Sand and Gravel/Silica","0","0","1"
"Bhavesh Overseas Zambia Limited","Mining of other non-ferrous metal ores","mining_related","no","120150131110","01/04/2015","20","1","1","Lead/Copper/Aluminum (Other)","0","0","1"
"Golden Palace International Limited","Retail sale of hardware, paints and glass in specialized stores","mining_related","no","120010047902","15/08/2001","20","1","0","Quartz","0","0","0"
"Serenje Ferro Alloys Limited","Manufacture of basic precious and other non-ferrous metals","mining_related","no","120170004642","15/06/2017","20","1","1","Manganese/Iron Ore","0","0","1"
"Dee Bees Store Limited","Other retail sale not in stores, stalls or markets","mining_related","no","120020050982","23/10/2002","20","1","0","Limestone (General)/Iron Ore/Anhydrite","0","0","0"
"AA Ventures Company Limited","Support activities for other mining and quarrying","mining_related","no","120220038492","01/09/2022","20","1","1","Copper","1","0","0"
"African Ferro Alloys Limited","Support activities for other mining and quarrying","mining_related","no","120180007913","20/09/2018","20","1","1","Manganese","0","1","1"
"Asal Trading Limited","Other mining and quarrying n.e.c.","mining_related","no","120150137667","27/11/2015","20","1","1","Gold","0","0","1"
"ZAMKELA MINING LIMITED","Mining of other non-ferrous metal ores","mining_related","no","120230057541","01/10/2023","20","1","0","Ruby/Quartz/Niobium (Columbium)","1","0","0"
"MANFUIL MINING COMPANY LIMITED","Mining of other non-ferrous metal ores","mining_related","no","120241003087","28/02/2024","20","1","1","Sand/Zinc/Gravel","1","0","0"
"Gladpal Investment Limited"," Other mining and quarrying n.e.c.","mining_related","no","120210019292","16/08/2021","17","1","1","Lead/Manganese/Zinc","1","1","1"
"Benchmark Mining Limited","Mining of other non-ferrous metal ores","mining_related","no","120200007599","14/09/2020","16","1","0","Lead/Iron Ore/Manganese","1","1","1"
"Honesty Mining Company Limited","Other mining and quarrying n.e.c.","mining_related","no","120200002963","20/04/2020","14","1","0","Rare EarthsElements/Silver/Lead","1","1","1"
"Tongxin Metal Company Limited","Support activities for other mining and quarrying","mining_related","no","120150135288","01/09/2015","13","1","1","Gold/Lead/Cobalt","0","0","1"
"MEDIBUK INVESTMENTS LIMITED","Mining of other non-ferrous metal ores","mining_related","no","120241002923","26/02/2024","13","1","0","Lithium/Manganese/Iron Ore","1","0","0"
"Marumunachi Mining Company Limited","Mining of other non-ferrous metal ores","mining_related","no","120220042809","06/12/2022","13","1","0","Emerald/Aquamarine","1","0","0"
"Unified Mining Limited"," Other mining and quarrying n.e.c.","mining_related","no","120210019485","20/08/2021","13","1","1","Silver/Gold/Copper","1","1","1"
"Real Oil Investment Limited","Mining of other non-ferrous metal ores","mining_related","no","120241008811","21/06/2024","13","1","1","Silver/Zinc/Iron Ore","1","0","1"
"H.G High Grade Resources Limited","Mining of other non-ferrous metal ores","mining_related","no","120220032087","29/04/2022","13","1","1","Copper/Cobalt","1","0","1"
"HORMAR TRADING LIMITED","Mining of other non-ferrous metal ores","mining_related","no","120241014981","30/10/2024","13","1","1","Gold/Copper","1","0","0"
"Nordic Mineral Traders Limited","Wholesale of metals and metal ores","mining_related","no","120190003040","15/04/2019","13","1","1","Manganese/Zinc/Cobalt","1","0","1"
"True Ore Mines and Minerals (Tomm) Private Limited","Manufacture of basic precious and other non-ferrous metals","mining_related","no","220210000121","28/09/2021","13","1","1","Manganese/Gold/Copper","1","1","1"
"Redeem Investments Company Limited","Mining of other non-ferrous metal ores","mining_related","no","120230059831","17/11/2023","13","1","1","Gold","1","0","1"
"Aku Resources Limited","Other mining and quarrying n.e.c.","mining_related","no","120241012161","03/09/2024","13","1","1","Gold/Copper","1","0","1"
"Founded Business Trust Holdings Zambia Limited","Mining of other non-ferrous metal ores","mining_related","no","120180008137","27/09/2018","13","1","1","Lead/Iron Ore/Manganese","0","0","1"
"Kaaf Investment Limited","Support activities for other mining and quarrying","mining_related","no","120220029409","07/03/2022","13","1","1","Gold/Copper","1","0","1"
"Silver Grown Investment Limited","Other mining and quarrying n.e.c.","mining_related","no","120230047487","13/03/2023","13","2","2","Gold/Copper","0","0","2"
"Daron Mining and Exploration Limited","Mining of other non-ferrous metal ores","mining_related","no","120230046930","28/02/2023","13","1","0","Garnet/Emerald/Gold","1","0","0"
"Chengde Mining Limited","Mining of other non-ferrous metal ores","mining_related","no","120220031511","19/04/2022","13","1","1","Lead/Iron Ore/Manganese","1","1","1"
"Mwapo Business Solutions Limited","Mining of other non-ferrous metal ores","mining_related","no","120220041933","15/11/2022","13","1","0","Nickel/Silver/Zinc","0","0","0"
"New Norodom Mines Limited","Other mining and quarrying n.e.c.","mining_related","no","119830012452","24/06/1983","13","1","1","Emerald/Beryllium","0","0","1"
"SIXM ENTERPRISE LIMITED","Other retail sale in non-specialized stores","mining_related","no","120241017349","16/12/2024","13","1","0","Manganese/Silver/Zinc","1","0","0"
"Kamabanga Mining Limited","Other mining and quarrying n.e.c.","mining_related","no","120210021113","23/09/2021","13","1","0","Gold/Silver/Cobalt","1","0","1"
"Atlas Alloys Zambia Limited","Manufacture of basic precious and other non-ferrous metals","mining_related","no","120200003162","28/04/2020","13","1","1","Manganese","0","0","1"
"Alaska Solutions Limited","Other retail sale of new goods in specialized stores","mining_related","no","120190010099","30/12/2019","13","1","1","Copper","1","1","1"
"Ramoji Resources Limited","Other mining and quarrying n.e.c.","mining_related","no","120170006667","01/09/2017","13","1","1","Copper","1","1","1"
"Serenje Smelting Zambia Limited","Mining of other non-ferrous metal ores","mining_related","no","120210013828","15/03/2021","13","1","1","Manganese/Copper/Cobalt","1","1","1"
"Hartebeest Resources Limited","Mining of iron ores","mining_related","no","120210014442","30/03/2021","11","1","0","Lead/Iron Ore/Manganese","1","0","1"
"GALHARUR INVESTMENT LIMITED","Mining of other non-ferrous metal ores","mining_related","no","120241010018","15/07/2024","10","1","1","Gold","1","0","1"
"Kasompe Mining Limited","Support activities for other mining and quarrying","mining_related","no","120110095013","24/08/2011","10","1","1","Laterite","0","0","1"
"Des Export Zambia Limited","Other mining and quarrying n.e.c.","mining_related","no","120230059647","14/11/2023","10","1","1","Gold","1","1","1"
"Taida Resources Limited","Mining of other non-ferrous metal ores","mining_related","no","120241009619","09/07/2024","10","1","0","Malachite/Silver/Zinc","1","0","0"
"Classic Future Development Company Limited","Mining of other non-ferrous metal ores","mining_related","no","120230057696","04/10/2023","7","1","1","Gold","1","1","1"
"Honley Investment Limited","Manufacture of basic precious and other non-ferrous metals","mining_related","no","120241000606","15/01/2024","7","1","1","Lead/Gold/Copper","1","1","1"
"Safe Haven Investments Limited","Manufacture of basic precious and other non-ferrous metals","mining_related","no","120241001445","31/01/2024","7","1","1","Gold/Copper","1","0","1"
"Fromlight Investments Limited","Mining of other non-ferrous metal ores","mining_related","no","120230061238","19/12/2023","7","1","1","Gold","1","1","1"
"MIHA MINING INVESTMENT LIMITED","Mining of uranium and thorium ores","mining_related","no","120230060650","05/12/2023","7","1","1","Gold","1","1","1"
"Moyan Services Limited","Mining of other non-ferrous metal ores","mining_related","no","120241003719","14/03/2024","7","1","1","Gold","1","0","1"
"DPKF Commercial Limited","Support activities for other mining and quarrying","mining_related","no","120230058223","13/10/2023","7","1","1","Gold/Copper","1","0","1"
"Kafubu Limestone Limited","Other mining and quarrying n.e.c.","mining_related","no","120100088805","09/12/2010","7","1","1","Stone/Limestone (General)","1","1","1"
"Ahom Investments Limited","Manufacture of basic precious and other non-ferrous metals","mining_related","no","120241006106","03/05/2024","7","1","1","Gold","1","0","1"
"Zoncor Mining Limited","Other mining and quarrying n.e.c.","mining_related","no","120210025742","28/12/2021","7","1","1","Silver/Gold/Copper","1","0","1"
"Activeone Investment Limited","Other mining and quarrying n.e.c.","mining_related","no","120241011345","17/08/2024","7","1","1","Iron Ore/Sand/Copper","1","1","1"
"GULF RESOURCES INTERNATIONAL LIMITED","Wholesale of metals and metal ores","mining_related","no","120200003381","06/05/2020","7","1","1","Copper/Aluminum (Other)/Aluminum (General)","1","1","1"
"ILYAS INVESTMENTS LIMITED","Mining of other non-ferrous metal ores","mining_related","no","120241005728","25/04/2024","7","1","1","Gold","1","1","1"
"GEO HUB ENTERPRISE LIMITED","Support activities for other mining and quarrying","mining_related","no","120241003631","11/03/2024","7","1","1","Gold/Copper","1","0","0"
"Kalundu Minerals Limited"," Other mining and quarrying n.e.c.","mining_related","no","120210018294","16/07/2021","7","1","1","Gold","1","0","1"
"APP STAR  INVESTMENTS LIMITED","Support activities for other mining and quarrying","mining_related","no","120230053716","20/07/2023","7","1","1","Gold","1","0","1"
"David Chikopa Enterprises","Mining of other non-ferrous metal ores","mining_related","no","120180006737","14/08/2018","7","1","1","Iron Ore/Lead/Zinc","0","1","1"
"SOMNOR INVESTMENT LIMITED","Wholesale of metals and metal ores","mining_related","no","120241010328","25/07/2024","7","1","1","Gold/Copper","1","0","1"
"Alphaone Investments Limited","Support activities for other mining and quarrying","mining_related","no","120241009425","06/07/2024","7","1","1","Sand/Silver/Zinc","1","0","0"
"Onkod Investments Limited","Retail sale of automotive fuel in specialized stores","mining_related","no","120210020904","20/09/2021","7","1","1","Gold/Copper","1","1","1"
"ONKOT SOLUTIONS LIMITED","Support activities for other mining and quarrying","mining_related","no","120241008109","10/06/2024","7","1","1","Gold/Copper","1","0","1"
"Golden Bridge Investment Zambia Limited","Mining of other non-ferrous metal ores","mining_related","no","120210021094","23/09/2021","3","1","1","Lead/Zinc/Cobalt","1","0","1"
"RIVA INVESTMENTS LIMITED","Retail sale of automotive fuel in specialized stores","mining_related","no","120220041020","26/10/2022","2","1","1","Gold","1","1","0"
"SHABEELE GOLD INVESTMENTS LIMITED","Mining of other non-ferrous metal ores","mining_related","no","120230056062","05/09/2023","2","1","1","Gold/Manganese/Cobalt","1","0","1"
"Sckm Mining Company Limited","Support activities for other mining and quarrying","mining_related","no","120130111776","02/05/2013","1","1","0","Emerald","0","0","1"
"Hongbin Investments Limited"," Mixed farming","NOT_mining_related","no","120210017045","09/06/2021","384010","5","0","Manganese/Limestone (General)/Zinc","1","0","1"
"Shrinath Company Limited","Wholesale on a fee or contract basis","NOT_mining_related","no","120230047611","16/03/2023","354887","4","0","Copper/Nickel/Lead","1","1","1"
"Freca Platinum Limited","Non-specialized wholesale trade","NOT_mining_related","no","120200004496","10/06/2020","237213","3","0","Copper/Gold/Cobalt","1","0","1"
"Mwichan World Link Limited","Non-specialized wholesale trade","NOT_mining_related","no","120200006779","24/08/2020","206074","3","0","Iron Ore/Gold/Lithium","1","0","1"
"Willianda Investments Limited","Processing and preserving of fruit and vegetables","NOT_mining_related","no","120150130776","20/03/2015","177581","3","0","Iron Ore/Niobium (Columbium)/Cobalt","0","1","1"
"VS Construction & Mining Services Limited","Private security activities","NOT_mining_related","yes","120080075175","02/10/2008","174170","3","0","Manganese/Zinc/Copper","0","1","3"
"Yobe Gems Limited","Cutting, shaping and finishing of stone","NOT_mining_related","no","120200010262","27/11/2020","155496","4","0","Quartz/Feldspar/Copper","1","0","4"
"Curprite Geoservices Limited","Other professional, scientific and technical activities n.e.c.","NOT_mining_related","no","120110092217","09/05/2011","152543","6","1","Gold/Copper/Cobalt","0","1","4"
"Kanfumu Investments Limited","Non-specialized wholesale trade","NOT_mining_related","no","120220030073","21/03/2022","143614","2","0","Limestone (General)/Manganese/Zinc","1","0","2"
"Zamworld Resources Limited","Mixed farming","NOT_mining_related","no","120210018017","09/07/2021","126351","2","0","Lead/Manganese/Zinc","1","0","1"
"Grownyz Zambia Limited","Electric power generation, transmission and distribution","NOT_mining_related","no","120200005223","03/07/2020","124644","3","0","Copper/Cobalt/Zinc","1","1","0"
"Rudra Copper Limited","Wholesale of waste and scrap and other products n.e.c.","NOT_mining_related","yes","120180005399","27/06/2018","113148","4","1","Copper/Gold/Cobalt","0","0","3"
"China Hainan Zambia Limited","Other transportation support activities","NOT_mining_related","no","119980041364","17/09/1998","108918","1","0","Quartz/Lithium/Iron Ore","0","1","1"
"BURJ FUND RESOURCES LIMITED","Non-specialized wholesale trade","NOT_mining_related","no","120241016087","21/11/2024","99849","5","0","Copper/Gold/Nickel","1","1","0"
"Pesamu Investments Limited","Non-specialized wholesale trade","NOT_mining_related","no","120200005861","27/07/2020","97712","3","0","Iron Ore/Manganese/Gold","1","0","2"
"Menel Energy & Resources Limited","Electric power generation, transmission and distribution","NOT_mining_related","no","120230052656","27/06/2023","96168","1","0","Lead/Quartz/Zinc","1","1","0"
"Johnny's Trading co. Limited","Non-specialized wholesale trade","NOT_mining_related","no","120040055668","24/06/2004","96008","1","0","Manganese/Tin/Gold","0","0","0"
"Crescent Industries Limited","Pre-primary and primary education","NOT_mining_related","no","119800010333","30/07/1980","95109","3","0","Iron Ore/Copper/Gold","0","1","2"
"Southern African Rare Metals Mining Company Limited","Construction of buildings","NOT_mining_related","yes","120180009135","30/10/2018","94518","3","1","Tantalum/Tin/Rare EarthsElements","0","1","0"
"Nswachu Resources Limited","Non-specialized wholesale trade","NOT_mining_related","no","120200001280","13/02/2020","89992","4","0","Manganese/Copper/Cobalt","1","0","4"
"BUILDCREST INVESTMENTS LIMITED","Other personal service activities n.e.c.","NOT_mining_related","no","120220027106","24/01/2022","89054","4","0","Gold/Manganese/Lead","1","0","0"
"Lamba Zambia Limited","Freight transport by road","NOT_mining_related","no","120060063298","17/08/2006","88262","4","0","Gold/Copper/Cobalt","0","1","0"
"CCGM Geology and Mining (Z) Ltd","Other manufacturing n.e.c.","NOT_mining_related","yes","120100084761","26/05/2010","85678","1","0","Manganese/Gold/Copper","0","0","0"
"Zaco Investments Limited","Real estate activities with own or leased property","NOT_mining_related","no","120150136589","16/10/2015","85547","4","2","Zinc/Silver/Gold","0","1","0"
"Kuweza Freightways Limited","Freight transport by road","NOT_mining_related","no","120120101821","09/05/2012","84457","2","0","Phosphorus-Phosphates/Gold/Tin","0","0","2"
"Beker Mining Limited","Non-specialized wholesale trade","NOT_mining_related","yes","120190000752","24/01/2019","84261","1","0","Nickel/Lead/Zinc","0","0","1"
"Zamdouble Investements Limited"," Mixed farming","NOT_mining_related","no","120210017991","09/07/2021","82891","4","0","Zinc/Copper/Cobalt","1","0","2"
"Worthy Ventures Limited","Mixed farming","NOT_mining_related","no","120220029833","15/03/2022","82581","1","0","Limestone (General)/Lead/Zinc","1","0","1"
"Butala Capital Company Limited"," Other monetary intermediation","NOT_mining_related","no","120210021701","06/10/2021","81895","3","1","Zinc/Lead/Copper","1","0","2"
"Solplus Holdings Limited","Non-specialized wholesale trade","NOT_mining_related","no","120200000610","23/01/2020","80386","3","0","Amethyst/Quartz/Ruby","0","0","1"
"Brigade Construction Limited","Construction of buildings","NOT_mining_related","no","120170004389","07/06/2017","79768","6","2","Manganese/Gold/Silver","0","0","1"
"Brxton Construction Limited","Construction of other civil engineering projects","NOT_mining_related","no","120150135971","25/09/2015","77553","2","0","Nickel/Zinc/Gold","1","0","1"
"N.I.C Investments Limited","Non-specialized wholesale trade","NOT_mining_related","no","120140119337","29/01/2014","77332","1","0","Nickel/Uranium/Zinc","1","0","1"
"Binjoh Investments Limited","Non-specialized wholesale trade","NOT_mining_related","no","120210020353","09/09/2021","75657","4","0","Copper/Manganese/Silver","1","0","0"
"FORLUK VENTURES LIMITED","Non-specialized wholesale trade","NOT_mining_related","no","120241004990","10/04/2024","74793","5","0","Gold/Copper/Cobalt","1","0","3"
"JING DE ZHAM ENTERPRISES LIMITED","Processing and preserving of fruit and vegetables","NOT_mining_related","no","120050057522","10/01/2005","73781","3","0","Manganese/Gold/Rare EarthsElements","0","0","0"
"EVONSE INVESTMENTS LIMITED","Non-specialized wholesale trade","NOT_mining_related","no","120251019859","04/02/2025","73417","1","0","Copper","1","0","0"
"Bayaji Zambia Limited","Other specialized construction activities","NOT_mining_related","no","120160007974","03/11/2016","72657","1","0","Gold/Manganese/Cobalt","0","0","0"
"Sino Great Chemical Company Limited","Manufacture of fertilizers and nitrogen compounds","NOT_mining_related","no","120220042337","23/11/2022","72516","1","0","Malachite/Iron Ore/Nickel","1","1","0"
"Bayan Construction Limited","Construction of buildings","NOT_mining_related","no","120200003152","28/04/2020","71519","3","1","Iron Ore/Manganese/Silver","1","0","1"
"Mildil Construction Limited","Construction of other civil engineering projects","NOT_mining_related","no","120210022533","21/10/2021","69272","4","0","Gold/Copper/Cobalt","1","1","3"
"Tehila Milling Limited","Manufacture of grain mill products","NOT_mining_related","no","120140128395","15/12/2014","69059","1","0","Lead/Nickel/Zinc","1","1","1"
"Eaglehead Studio Limited","Software publishing","NOT_mining_related","no","120180004978","14/06/2018","69050","2","0","Gold/Manganese/Copper","1","0","1"
"Kulwant Investments Limited","Non-specialized wholesale trade","NOT_mining_related","no","120220030681","31/03/2022","67393","2","0","Copper/Iron Ore/Gold","0","1","0"
"imwater technologies zambia limited","Other manufacturing n.e.c.","NOT_mining_related","no","120180000392","15/01/2018","66040","2","0","Malachite/Lead/Zinc","0","0","2"
"Datong Industry Corporation Limited","Other transportation support activities","NOT_mining_related","no","120100088463","22/11/2010","65884","1","0","Iron Ore/Manganese/Copper","0","0","0"
"Ciba International Limited","Construction of buildings","NOT_mining_related","no","120200004533","11/06/2020","64779","2","0","Feldspar/Garnet/Nickel","1","0","0"
"Mukoleku Security Services Limited","Materials recovery","NOT_mining_related","no","120150133451","24/06/2015","64075","1","0","Silica/Rare EarthsElements/Platinum","0","1","0"
"Zam O Fresh Product Limited","Freshwater fishing","NOT_mining_related","no","120200005562","17/07/2020","64053","4","0","Anhydrite/Limestone (General)/Gypsum","1","0","3"
"Faith Mountain Investments Company Limited","Construction of other civil engineering projects","NOT_mining_related","no","120251018351","08/01/2025","61063","3","0","Gold/Copper/Nickel","1","0","0"
"Nash Import & Export Limited","Other transportation support activities","NOT_mining_related","no","120000044115","04/02/2000","60964","2","0","Rare EarthsElements/Anhydrite/Zinc","1","1","0"
"Amar Ferro Alloys Limited","Casting of iron and steel","NOT_mining_related","yes","120170004695","19/06/2017","59900","4","2","Manganese/Lead/Zinc","0","0","2"
"Golden Horse Investements Limited","Construction of roads and railways","NOT_mining_related","no","120100082942","18/02/2010","57611","1","0","Iron Ore/Manganese/Copper","0","1","1"
"BRUDAS INVESTMENTS LIMITED","Other professional, scientific and technical activities n.e.c.","NOT_mining_related","no","120230047845","18/03/2023","57584","2","0","Quartz/Fluorine-Fluorite/Feldspar","1","0","0"
"Frontier Generations Limited","Other specialized construction activities","NOT_mining_related","no","120170002492","28/03/2017","56706","1","0","Gold/Quartz/Emerald","0","0","1"
"Irenka Limited","Construction of buildings","NOT_mining_related","no","120190003281","25/04/2019","55795","3","0","Gold/Zinc/Cobalt","1","0","0"
"Kango Trading Limited","Freshwater fishing","NOT_mining_related","no","120090076850","16/01/2009","55527","1","0","Niobium (Columbium)/Silver/Zinc","0","0","1"
"Cob Global Printers and Suppliers Limited"," Other information technology and computer service activities","NOT_mining_related","no","120210020298","08/09/2021","55058","3","0","Iron Ore/Zinc/Quartz","1","0","1"
"African Pearl Estates Limited","Real estate activities on a fee or contract basis","NOT_mining_related","no","120130116016","01/10/2013","53996","6","1","Gold/Copper/Cobalt","0","0","5"
"Interprochan Enterprises Limited","Non-specialized wholesale trade","NOT_mining_related","no","120170003822","16/05/2017","53108","1","0","Nickel/Silver/Zinc","0","0","0"
"Nova Capital Solutions Limited","Construction of buildings","NOT_mining_related","no","120230053372","13/07/2023","52295","1","0","Gravel/Iron Ore/Gold","1","0","0"
"Chibaris International (Zambia) Limited","Freight transport by road","NOT_mining_related","no","120040054704","27/02/2004","52051","2","0","Quartz/Palladium/Niobium (Columbium)","0","0","1"
"OOLITIC INVESTMENTS LIMITED","Non-specialized wholesale trade","NOT_mining_related","no","120241012850","16/09/2024","51686","4","0","Gold/Copper/Zinc","1","1","0"
"Golden Baobab Investments Limited","Sale of motor vehicles","NOT_mining_related","no","120150132270","13/05/2015","50626","5","0","Copper/Gold/Cobalt","0","1","3"
"Danita Import and Export Logistics Limited","Other transportation support activities","NOT_mining_related","no","120220038275","29/08/2022","50152","4","0","Iron Ore/Manganese/Copper","1","0","4"
"Mwekuna Estate Limited","Other professional, scientific and technical activities n.e.c.","NOT_mining_related","no","120140120831","21/03/2014","49764","2","0","Iron Ore/Manganese/Gold","0","0","2"
"Dason Zambia Limited","Construction of other civil engineering projects","NOT_mining_related","no","120170000668","26/01/2017","49731","3","2","Gold/Copper/Cobalt","0","0","1"
"Bountiful Blessing Investments Limited","Freight transport by road","NOT_mining_related","no","120140120210","27/02/2014","49058","2","2","Gold/Nickel/Copper","0","1","0"
"Chikaban Corporation Zambia Limited","Non-specialized wholesale trade","NOT_mining_related","no","120230060729","06/12/2023","48918","1","0","Iron Ore/Manganese/Gold","1","0","0"
"Fifty Nine Investments Limited","Construction of other civil engineering projects","NOT_mining_related","no","120210023987","22/11/2021","48290","2","0","Gold/Manganese/Cobalt","1","1","1"
"Siraj Solutions Company Limited","Non-specialized wholesale trade","NOT_mining_related","no","120230050099","05/05/2023","47951","5","0","Copper/Cobalt/Gold","1","0","0"
"Navratan Enterprise Limited"," Construction of buildings","NOT_mining_related","no","120210018030","12/07/2021","46605","1","0","Nickel/Manganese/Silver","1","0","0"
"Nisco Industries Limited","Other manufacturing n.e.c.","NOT_mining_related","no","119910023130","16/05/1991","46167","1","0","Lead/Tungsten/Bismuth","1","1","1"
"Zman Zambia Limited","Manufacture of plastics products","NOT_mining_related","no","120220029882","16/03/2022","46116","4","0","Cobalt/Copper/Gold","1","0","0"
"SUNRIDGE ENERGIES LIMITED","Manufacture of gas; distribution of gaseous fuels through mains","NOT_mining_related","no","120241014045","10/10/2024","46106","2","0","Copper/Sugilite/Tourmaline","1","1","0"
"Switty Properties & Real Estate Limited","Real estate activities with own or leased property","NOT_mining_related","no","120160006826","26/09/2016","45855","4","0","Gold/Copper/Nickel","0","0","1"
"Golden Flame International  Company Limited","Other specialized construction activities","NOT_mining_related","no","120230060575","04/12/2023","45722","4","0","Copper/Cobalt/Gold","1","1","0"
"Mulundu Holdings Limited","Other manufacturing n.e.c.","NOT_mining_related","no","120140119589","07/02/2014","45149","3","0","Rare EarthsElements/Manganese/Zinc","0","1","2"
"SINOMINE INTERNATIONAL (ZAMBIA) ENGINEERING COMPANY LIMITED","Construction of buildings","NOT_mining_related","no","120070066294","14/04/2007","44554","2","0","Malachite/Gold/Copper","0","1","0"
"Matsimu Investment Limited","Freight transport by road","NOT_mining_related","no","120150136508","14/10/2015","43617","1","0","Tin/Tantalum","0","0","1"
"Ngucha Energy Corporation Limited","Manufacture of gas; distribution of gaseous fuels through mains","NOT_mining_related","no","120100086661","31/08/2010","42726","1","0","Nickel/Manganese/Platinum","0","0","1"
"Sunlight Estates Natural Development Limited","Mixed farming","NOT_mining_related","no","120110091147","22/03/2011","42539","1","0","Lead/Mercury/Zinc","0","0","1"
"Samfuel Limited","Other professional, scientific and technical activities n.e.c.","NOT_mining_related","no","120020050574","23/08/2002","42435","2","0","Tantalum/Iron Ore/Tin","1","0","0"
"Kalupa Resources Limited","Radio broadcasting","NOT_mining_related","no","120140123459","17/06/2014","42005","2","0","Manganese/Silver/Gold","0","0","0"
"Luano Agricultural Development Limited","Mixed farming","NOT_mining_related","no","120190005216","05/07/2019","41856","1","0","Manganese/Silver/Zinc","1","0","0"
"G & G National Wide Import And Export Limited","Other passenger land transport","NOT_mining_related","no","120170002756","05/04/2017","41394","2","0","Tantalum/Nickel/Silver","0","0","2"
"GABBRO VENTURES LIMITED","Non-specialized wholesale trade","NOT_mining_related","no","120241012786","12/09/2024","40136","5","0","Copper/Gold/Malachite","1","1","0"
"Junren International Investments Zambia Limited","Non-specialized wholesale trade","NOT_mining_related","no","120180004383","28/05/2018","39677","6","3","Fluorine-Fluorite/Feldspar/Aluminum (General)","0","0","1"
"Suhails International Limited","Freight transport by road","NOT_mining_related","no","120040056317","03/09/2004","39206","2","2","","1","0","0"
"Sino Great Logistics Company Limited","Freight transport by road","NOT_mining_related","no","120230044470","13/01/2023","38558","4","2","Talc-Soapstone/Coal/Limestone (General)","1","0","0"
"Afro Wealth Limited","Combined office administrative service activities","NOT_mining_related","no","120210015428","27/04/2021","38410","2","0","Gold/Zinc/Coal","0","0","2"
"Investec Technical Services Limited","Construction of buildings","NOT_mining_related","no","120140124056","09/07/2014","37767","1","0","Limestone (General)/Lead/Iron Ore","0","0","1"
"Kangila Investments Limited","Non-specialized wholesale trade","NOT_mining_related","no","120220028106","12/02/2022","37033","3","0","Gold/Zinc/Cobalt","1","1","0"
"Miratorg Investments Limited","Non-specialized wholesale trade","NOT_mining_related","no","120220037686","17/08/2022","37009","2","0","Lithium/Manganese/Lead","1","1","0"
"Zambezi Mint Investment Limited","Other manufacturing n.e.c.","NOT_mining_related","no","120180006821","16/08/2018","36662","1","0","Nickel/Silver/Zinc","0","1","0"
"Growth Box Investment Limited","Construction of other civil engineering projects","NOT_mining_related","no","120220040535","14/10/2022","36087","3","0","Lead/Manganese/Zinc","1","0","3"
"Aeolus International Corporation Zambia Limited","Other transportation support activities","NOT_mining_related","no","120090077504","20/02/2009","35604","4","0","Coal/Gold/Copper","0","0","1"
"MM Homes Management Limited","Construction of buildings","NOT_mining_related","no","120220038397","30/08/2022","34473","4","0","Manganese/Lead/Copper","1","0","3"
"Ganzhou Investments Limited","Security systems service activities","NOT_mining_related","no","120170004190","30/05/2017","33383","3","0","Manganese/Lead/Zinc","0","0","0"
"Freca Mining & Manufacturing Limited","Other professional, scientific and technical activities n.e.c.","NOT_mining_related","yes","120050060285","21/10/2005","32964","3","2","Copper/Nickel/Silver","1","1","2"
"Environmental Spirit Strategies Limited","Construction of buildings","NOT_mining_related","no","120090077718","05/03/2009","32314","1","0","Gold/Zinc/Cobalt","0","0","1"
"Israma Ventures Limited","Construction of buildings","NOT_mining_related","no","120230057035","21/09/2023","31754","3","0","Copper/Gold/Nickel","1","0","0"
"Zhongdi Mining Group Corp.Ltd","Freight transport by road","NOT_mining_related","yes","120100083996","16/04/2010","31535","1","0","Silver/Manganese/Zinc","0","0","1"
"Randn Cooperate Zambia Limited","Construction of buildings","NOT_mining_related","no","120200003436","07/05/2020","31299","2","0","Nickel/Anhydrite/Zinc","1","1","2"
"Multiport Logistics Limited","Freight transport by road","NOT_mining_related","no","120130116497","17/10/2013","30790","2","0","Gold/Silver/Copper","1","0","1"
"Sundell Investment Limited","Freight transport by road","NOT_mining_related","no","120180003593","02/05/2018","30496","2","0","Manganese/Copper/Iron Ore","0","0","0"
"CBR Worldwide Link Limited","Freight transport by road","NOT_mining_related","no","120080071098","14/02/2008","30416","2","0","Iron Ore/Lithium/Nickel","0","0","2"
"Nakuru Logistics Limited","Warehousing and storage","NOT_mining_related","no","120220043794","28/12/2022","30155","5","1","Copper/Gold/Nickel","1","1","1"
"Armada Minerals Limited","Other manufacturing n.e.c.","NOT_mining_related","yes","120130114778","16/08/2013","29208","1","0","Platinum/Palladium/Nickel","0","0","0"
"Rio Tinto Exploration Zambia Limited","Construction of buildings","NOT_mining_related","yes","120110093241","17/06/2011","28876","2","0","Gold/Manganese/Cobalt","0","1","0"
"Wayne Investment Limited","Non-specialized wholesale trade","NOT_mining_related","no","120210014654","07/04/2021","27705","4","0","Tin/Cobalt/Copper","1","1","3"
"Agrivas Mineral and Metals Limited"," Other specialized construction activities","NOT_mining_related","yes","120210024301","29/11/2021","27672","3","0","Manganese/Gold/Iron Ore","1","0","0"
"Ferro Alloys Corporation Limited","Other manufacturing n.e.c.","NOT_mining_related","yes","120080072007","10/04/2008","27414","4","1","Manganese/Copper/Lead","0","0","1"
"Zamvictory Investments Limited","Other manufacturing n.e.c.","NOT_mining_related","no","120200008642","13/10/2020","27386","4","0","Copper/Cobalt/Manganese","1","1","1"
"Sunrain Purified Construction Limited","Manufacture of refractory products","NOT_mining_related","no","120140128308","10/12/2014","27217","3","1","Copper/Manganese/Gold","0","0","2"
"GSY Construction Zambia Limited","Construction of buildings","NOT_mining_related","no","120130111512","24/04/2013","27180","3","1","Silver/Zinc/Gold","0","0","1"
"Buildridge Construction Limited","Construction of buildings","NOT_mining_related","no","120200010781","15/12/2020","27172","2","0","Iron Ore/Silver/Copper","1","0","1"
"Astrorix Resources Limited","Activities of holding companies","NOT_mining_related","no","120230061040","14/12/2023","26970","2","0","Nickel/Gold/Zinc","1","0","0"
"Sabs Global Limited","Construction of buildings","NOT_mining_related","no","120200004579","12/06/2020","26753","1","0","Nickel/Uranium/Zinc","1","0","1"
"Mirkal Enterprises Limited","Non-specialized wholesale trade","NOT_mining_related","no","120200006776","24/08/2020","26060","2","0","Gold/Iron Ore/Cobalt","1","0","2"
"Lekima Zambia Limited","Non-specialized wholesale trade","NOT_mining_related","no","120190009435","03/12/2019","25464","1","0","Lead/Manganese/Zinc","0","0","1"
"Ever Great Energy Company Limited","Electric power generation, transmission and distribution","NOT_mining_related","no","120241001245","26/01/2024","25291","4","2","Gold/Limestone (General)/Phosphorus-Phosphates","1","1","0"
"Lwibbe Energy Company Limited","Electric power generation, transmission and distribution","NOT_mining_related","no","120241014223","13/10/2024","25273","3","0","Tin/Coal/Copper","1","0","0"
"TECHURATE SOLUTIONS LIMITED","Other information service activities n.e.c.","NOT_mining_related","no","120230055251","22/08/2023","25271","2","0","Gold/Copper/Cobalt","1","1","0"
"Lian Chao and Yue Ventures Limited","Other professional, scientific and technical activities n.e.c.","NOT_mining_related","no","120150132816","03/06/2015","24977","1","0","Lead/Manganese/Zinc","0","1","0"
"Lubuto Landscaping Limited","Landscape care and maintenance service activities","NOT_mining_related","no","120190005559","17/07/2019","24866","1","0","Manganese/Silver/Zinc","1","0","1"
"TANAROCK ENTERPRISES LIMITED","Freight transport by road","NOT_mining_related","no","120241012187","04/09/2024","24578","1","0","Gold","1","1","0"
"Kuma Investment Company Limited","Other manufacturing n.e.c.","NOT_mining_related","no","120120100776","30/03/2012","24359","1","1","Stone/Limestone (General)/Granite","0","1","1"
"Mahamu Holdings Limited","Non-specialized wholesale trade","NOT_mining_related","no","120220039907","29/09/2022","24017","1","0","Gold/Silver/Coal","1","0","0"
"Lying Dragon Investment Company Limited","Non-specialized wholesale trade","NOT_mining_related","no","120170008397","01/11/2017","23614","1","0","Manganese/Zinc/Gold","0","0","0"
"Katenge Resources Limited","Processing and preserving of fruit and vegetables","NOT_mining_related","no","120150133408","23/06/2015","23333","1","1","Nickel/Silver/Zinc","0","0","1"
"Statunga Investments Limited","Non-specialized wholesale trade","NOT_mining_related","no","120200003303","04/05/2020","23159","5","4","Gold/Copper/Cobalt","1","1","5"
"Jeco Investment Limited","Construction of buildings","NOT_mining_related","no","120060064803","28/12/2006","23142","2","0","Silver/Zinc/Gold","0","1","1"
"Waxman Enterprises Limited","Freight transport by road","NOT_mining_related","no","120130116760","29/10/2013","22878","1","0","Manganese/Silver/Zinc","1","0","0"
"HAMBLOCKS LOGISTICS LIMITED","Freight transport by road","NOT_mining_related","no","120220030457","28/03/2022","22696","1","0","Quartz/Manganese/Limestone (General)","1","0","0"
"Afromi Investments Limited","Other manufacturing n.e.c.","NOT_mining_related","no","120070065776","09/03/2007","22588","1","0","Iron Ore/Nickel/Uranium","0","0","0"
"Jisanshi Investments Limited","Non-specialized wholesale trade","NOT_mining_related","no","120190006269","13/08/2019","22568","1","0","Manganese/Silver/Zinc","0","0","0"
"Kyandanshi Investment Limited","Construction of buildings","NOT_mining_related","no","120241002079","12/02/2024","22287","2","0","Manganese/Malachite/Limestone (General)","1","1","0"
"Coherent Company Limited","Non-specialized wholesale trade","NOT_mining_related","no","120190007617","25/09/2019","22019","2","0","Gold/Copper/Talc-Soapstone","1","0","1"
"RENO HILLS GENERAL DEALERS LIMITED","Manufacture of furniture","NOT_mining_related","no","120230054153","28/07/2023","21917","1","0","Quartz/Mica/Zinc","1","0","0"
"Shearzone Resources Limited","Construction of buildings","NOT_mining_related","no","120130111125","11/04/2013","21685","1","0","Gold/Nickel/Platinum Group Metals","0","0","1"
"CHIPELWA GENERAL DEALERS LIMITED","Non-specialized wholesale trade","NOT_mining_related","no","120251019021","22/01/2025","21643","1","0","Nickel/Malachite/Zinc","1","0","0"
"Falcon Ventures Limited","Wholesale of other machinery and equipment","NOT_mining_related","no","120180010320","07/12/2018","21581","2","0","Iron Ore/Manganese/Zinc","0","0","1"
"Africamark Company Limited","Manufacture of other general-purpose machinery","NOT_mining_related","no","120170009709","13/12/2017","21530","2","0","Copper/Nickel/Tantalum","0","1","2"
"Dow Distributors Limited"," Manufacture of bakery products","NOT_mining_related","no","120210016378","20/05/2021","20820","2","0","Iron Ore/Limestone (General)/Copper","1","0","0"
"R and R Matunga Logistics Limited","Non-specialized wholesale trade","NOT_mining_related","no","120180001224","12/02/2018","20752","2","1","Gold/Silver/Cobalt","0","0","1"
"Sofitel Investments Limited","Real estate activities on a fee or contract basis","NOT_mining_related","no","120190000186","08/01/2019","20682","1","0","Manganese/Malachite/Nickel","0","0","1"
"Nkulo Innovations Limited","Electric power generation, transmission and distribution","NOT_mining_related","no","120210022817","27/10/2021","20650","2","0","Limestone (General)/Nickel/Zinc","1","0","0"
"Abeydo Investment Limited","Other construction installation","NOT_mining_related","no","120230059903","20/11/2023","20136","1","0","Nickel/Manganese/Zinc","1","0","1"
"Mega Press Limited","Other publishing activities","NOT_mining_related","no","120120099229","27/01/2012","19962","1","0","Iron Ore/Manganese/Zinc","0","1","1"
"Iimba Enterprises Limited","Non-specialized wholesale trade","NOT_mining_related","no","120200009127","27/10/2020","19880","3","0","Manganese/Iron Ore/Zinc","1","1","0"
"Quality Circles General Trade Limited"," Other business support service activities n.e.c.","NOT_mining_related","no","120210020091","03/09/2021","19863","1","0","Manganese/Copper/Cobalt","1","1","1"
"Zabullir Investment Limited","Non-specialized wholesale trade","NOT_mining_related","no","120230045968","10/02/2023","19723","4","0","Lead/Manganese/Zinc","1","1","1"
"Shoe Bill Resources Limited","Non-specialized wholesale trade","NOT_mining_related","no","120241005207","15/04/2024","19633","5","0","Copper/Gold/Iron Ore","1","0","0"
"Omni Contractors Limited","Construction of buildings","NOT_mining_related","no","120070067018","06/06/2007","19620","1","0","Manganese/Silver/Zinc","0","0","1"
"Lanxing Investment Limited","Non-specialized wholesale trade","NOT_mining_related","no","120170000579","23/01/2017","19472","2","1","Copper/Magnesium (Brucit)/Iron Ore","0","1","1"
"Capstone Management Company Limited","Security systems service activities","NOT_mining_related","no","120190004804","20/06/2019","19356","5","0","Gold/Copper/Cobalt","0","0","2"
"VANBUROCK RESOURCES LIMITED","Other manufacturing n.e.c.","NOT_mining_related","no","120241007973","05/06/2024","19351","1","0","Iron Ore/Nickel/Gold","1","0","0"
"Dam Carriers And Logistics Zambia Limited","Freight transport by road","NOT_mining_related","no","120100087453","07/10/2010","19336","1","0","Rare EarthsElements/Lithium/Zinc","0","1","1"
"Angel Dust Investments Limited","Construction of buildings","NOT_mining_related","no","120150133265","17/06/2015","19204","2","0","Limestone (General)/Silver/Diamond","0","0","0"
"Zibeline Investment Limited","Non-specialized wholesale trade","NOT_mining_related","no","120230045976","10/02/2023","18586","4","0","Copper/Gold/Lead","1","1","2"
"Govinda Construction and Investments Limited","Construction of buildings","NOT_mining_related","no","120220041078","27/10/2022","18335","1","0","Manganese/Silver/Zinc","1","0","1"
"Chimban  Investments Limited","Construction of buildings","NOT_mining_related","no","120200003465","08/05/2020","18124","1","0","Lithium/Iron Ore/Gold","1","0","1"
"EASYPATH INVESTMENTS LIMITED","Construction of buildings","NOT_mining_related","no","120220031032","07/04/2022","18117","1","0","Anhydrite/Gypsum/Copper","1","0","0"
"CENTICUS ENERGY LIMITED","Manufacture of gas; distribution of gaseous fuels through mains","NOT_mining_related","no","120220031542","20/04/2022","17903","1","0","Nickel/Manganese/Quartz","1","1","0"
"African Brothers Corporation Limited","Construction of buildings","NOT_mining_related","no","119980041780","08/12/1998","17801","3","1","Copper/Zinc/Lead","0","1","2"
"Rockerfield Corporation Limited","Other transportation support activities","NOT_mining_related","no","120070065171","22/01/2007","17681","2","0","Cobalt/Copper/Zinc","0","1","0"
"KUSENI ZAMBIA LIMITED","Tour operator activities","NOT_mining_related","no","120200005381","13/07/2020","17616","3","0","Zinc/Gold/Copper","1","0","3"
"LIIBAN INVESTMENTS ZAMBIA LIMITED","Other transportation support activities","NOT_mining_related","no","120050059051","10/06/2005","17519","1","0","Manganese/Limestone (General)/Silver","0","0","0"
"Longhorn Global Commodities Limited","Non-specialized wholesale trade","NOT_mining_related","no","120190009148","21/11/2019","17292","1","0","Silver/Tourmaline/Zinc","1","0","0"
"Zamco Global Tradings Limited","Manufacture of gas; distribution of gaseous fuels through mains","NOT_mining_related","no","120230053039","07/07/2023","17225","1","0","Silver/Zinc/Cobalt","1","0","0"
"Yetu Mining Limited","Radio broadcasting","NOT_mining_related","yes","120110089788","25/01/2011","16948","2","0","Silver/Manganese/Gold","0","0","0"
"Simum General Dealers and Construction Limited"," Other specialized construction activities","NOT_mining_related","no","120210021505","01/10/2021","16769","3","0","Copper/Gold/Manganese","1","0","0"
"Yatani Holdings Limited","Non-specialized wholesale trade","NOT_mining_related","no","120220035499","30/06/2022","16450","1","0","Manganese/Silver/Zinc","1","0","0"
"PATCHO Continental Resources Limited","Logging","NOT_mining_related","no","120220040245","06/10/2022","16412","2","0","Gold/Nickel/Cobalt","1","1","0"
"City Junction Limited","Camping grounds, recreational vehicle parks and trailer parks","NOT_mining_related","no","120130114992","26/08/2013","16366","1","0","Manganese/Silver/Zinc","0","1","1"
"Sezic Minerals Limited","Non-specialized wholesale trade","NOT_mining_related","yes","120180004584","01/06/2018","16068","1","0","Manganese/Nickel/Lead","0","1","0"
"Kingda Mining Limited","Other transportation support activities","NOT_mining_related","yes","120150132445","19/05/2015","15838","3","1","Quartz/Iron Ore/Lithium","1","1","1"
"Jeal Investments Limited","Construction of buildings","NOT_mining_related","no","120100085345","25/06/2010","15770","2","0","Iron Ore/Gold/Copper","1","0","0"
"AMPERSAND INVESTMENTS LIMITED","Other personal service activities n.e.c.","NOT_mining_related","no","120230058591","23/10/2023","15717","2","0","Gold/Cobalt/Copper","1","0","1"
"KAYANGES VENTURES LIMITED","Wholesale of other machinery and equipment","NOT_mining_related","no","120241002732","23/02/2024","15672","1","0","Manganese/Lithium/Zinc","1","0","1"
"Brick Smart Zambia Investment Limited","Non-specialized wholesale trade","NOT_mining_related","no","120241004397","27/03/2024","15457","1","0","Lead/Iron Ore/Manganese","1","1","0"
"Tasheni Mining and Engineering Solutions Limited","Other specialized construction activities","NOT_mining_related","yes","120110093040","10/06/2011","15449","1","0","Nickel/Manganese/Silver","0","0","1"
"Hwaeuro Investments Limited","Electric power generation, transmission and distribution","NOT_mining_related","no","120251024589","25/04/2025","15113","1","0","Manganese/Lead/Nickel","1","0","0"
"Quality Beef Trading and General Dealers Limited","Processing and preserving of meat","NOT_mining_related","no","120170009882","20/12/2017","14906","1","0","Malachite/Limestone (General)/Nickel","1","1","0"
"Kafre Enterprises Limited","Freight transport by road","NOT_mining_related","no","120110093300","20/06/2011","14725","1","1","Silver/Zinc/Gold","0","0","1"
"Afwino Investment Limited","Non-specialized wholesale trade","NOT_mining_related","no","120160003887","01/06/2016","14279","2","0","Iron Ore/Lead/Tourmaline","0","0","0"
"Mfumu Property Group Limited","Construction of buildings","NOT_mining_related","no","120200010703","11/12/2020","14180","1","0","Gold/Fluorine-Fluorite/Quartz","1","0","0"
"LUKANKO INVESTMENTS LIMITED","Freight transport by road","NOT_mining_related","no","119980039967","05/02/1998","14174","2","0","Zinc/Copper/Gold","0","0","0"
"Dcvictory Investements Limited","Freight transport by road","NOT_mining_related","no","120200006065","04/08/2020","14119","1","0","Manganese/Lead/Zinc","1","1","0"
"One Candle (Zambia) Limited","Other specialized construction activities","NOT_mining_related","no","120241017244","13/12/2024","14025","1","0","Manganese/Lead/Nickel","1","1","0"
"Amizo Power Engineers Limited","Construction of other civil engineering projects","NOT_mining_related","no","120180007551","10/09/2018","13902","4","1","Copper/Manganese/Iron Ore","0","1","3"
"Sumwa Construction and Suppliers Limited","General cleaning of buildings","NOT_mining_related","no","120090081159","02/11/2009","13832","1","0","Gold/Zinc/Cobalt","0","1","0"
"Lukamantano Energy Company Limited","Electric power generation, transmission and distribution","NOT_mining_related","no","120251019285","25/01/2025","13407","1","0","Iron Ore/Lead/Zinc","1","0","0"
"Greenhub Enterprises Limited","Processing and preserving of fruit and vegetables","NOT_mining_related","no","120130111661","29/04/2013","12977","1","0","Manganese/Zinc/Gold","1","1","0"
"Chrizo General Dealers Limited","Wholesale of food, beverages and tobacco","NOT_mining_related","no","120060061660","09/03/2006","12943","2","0","Copper/Cobalt/Limestone (General)","0","0","0"
"Homeland Builder Limited","Management consultancy activities","NOT_mining_related","no","120140124484","23/07/2014","12931","1","0","Tantalum/Niobium (Columbium)/Tungsten","0","0","0"
"African Power Coal Limited","Retail sale via stalls and markets of other goods","NOT_mining_related","no","120160005914","23/08/2016","12526","4","4","Copper/Cobalt/Gold","0","1","3"
"Jilham Civil Cross Engineering Limited","Construction of other civil engineering projects","NOT_mining_related","no","120200004691","16/06/2020","12431","2","0","Nickel/Molybdenum/Gold","1","0","2"
"Bans Countrywide Tours Limited","Travel agency activities","NOT_mining_related","no","120200000874","31/01/2020","12424","1","0","Rare EarthsElements/Silica/Platinum Group Metals","0","0","0"
"Alcor International Limited","Construction of buildings","NOT_mining_related","no","120120107610","05/12/2012","12356","4","0","Quartz/Gold/Iron Ore","0","1","4"
"NYAMAZA INVESTMENTS LIMITED","Maintenance and repair of motor vehicles","NOT_mining_related","no","120241003492","07/03/2024","12037","1","0","Lead/Iron Ore/Nickel","1","0","1"
"Chikaso Industries Limited","Other personal service activities n.e.c.","NOT_mining_related","no","120190008382","23/10/2019","11904","3","0","Gold/Copper/Cobalt","1","0","0"
"KELINK GENERAL DEALERS LIMITED","Construction of buildings","NOT_mining_related","no","120230059743","15/11/2023","11881","1","0","Sugilite/Silver/Titanium","1","1","1"
"Solid Connections Zambia Limited","Non-specialized wholesale trade","NOT_mining_related","no","120180004097","17/05/2018","11847","1","0","Nickel/Manganese/Quartz","1","1","0"
"Malica Enterprises Limited","Construction of buildings","NOT_mining_related","no","120080076249","09/12/2008","11832","1","0","Lithium/Manganese/Kyanite","0","1","0"
"Sachi Ventures Limited","Construction of buildings","NOT_mining_related","no","120200004595","12/06/2020","11831","1","0","Silver/Platinum/Manganese","1","0","1"
"B.C.N INTERNATIONAL LIMITED","Other professional, scientific and technical activities n.e.c.","NOT_mining_related","no","120010048300","09/10/2001","11585","1","0","Gold/Lithium/Copper","0","1","0"
"Sixtus Trading Limited","Sale, maintenance and repair of motorcycles and related parts and accessories","NOT_mining_related","no","120241009265","04/07/2024","11399","4","0","Gold/Copper/Rare EarthsElements","1","0","0"
"Musulumba Investments Limited","Non-specialized wholesale trade","NOT_mining_related","no","120230053350","13/07/2023","11398","2","0","Gold/Copper/Iron Ore","1","0","2"
"LSS Corporate World Limited","Non-specialized wholesale trade","NOT_mining_related","no","120200004705","16/06/2020","11230","1","0","Nickel/Platinum Group Metals/Granite","1","0","0"
"Mwala Crushing Limited","Other manufacturing n.e.c.","NOT_mining_related","no","120120106970","12/11/2012","11101","5","2","Limestone (General)/Cobalt/Gold","0","1","5"
"Sinseong Development Company Limited"," Construction of buildings","NOT_mining_related","no","120210016879","04/06/2021","11053","2","0","Gold/Copper/Cobalt","1","0","0"
"Adonai Exploration and Mining Company Limited","Manufacture of grain mill products","NOT_mining_related","yes","120220026492","12/01/2022","10866","1","0","Tin/Tourmaline/Copper","1","1","1"
"Rahmid Engineering Limited","Construction of other civil engineering projects","NOT_mining_related","no","120080072781","22/05/2008","10762","1","0","Gold/Copper/Cobalt","1","0","0"
"Geophysics Explo Zambia Limited","Management consultancy activities","NOT_mining_related","no","120190007646","26/09/2019","10673","4","0","Manganese/Lead/Zinc","1","1","3"
"JOUVENCE PETROLEUM ZAMBIA LIMITED","Wholesale of solid, liquid and gaseous fuels and related products","NOT_mining_related","no","120220037477","12/08/2022","10603","2","0","Gold/Tourmaline/Manganese","1","0","0"
"CMRB Civil Service  and Consultancy Limited","Construction of other civil engineering projects","NOT_mining_related","no","120200005843","27/07/2020","10561","2","0","Nickel/Lithium/Quartz","1","0","2"
"Daylight Technologies Zambia Limited","Computer programming activities","NOT_mining_related","no","120200009691","11/11/2020","10556","1","0","Niobium (Columbium)/Manganese/Silver","1","1","1"
"Athena Energy Limited","Manufacture of gas; distribution of gaseous fuels through mains","NOT_mining_related","no","120190008116","14/10/2019","10475","2","0","Lead/Manganese/Zinc","1","0","0"
"Baudot Cement Zambia Limited","Other manufacturing n.e.c.","NOT_mining_related","yes","120130114096","23/07/2013","10435","2","2","Limestone (General)","1","0","2"
"ECM PROPERTY GROUP LIMITED","Real estate activities with own or leased property","NOT_mining_related","no","120230061589","28/12/2023","10303","1","0","Malachite/Nickel/Zinc","1","0","0"
"Josmas Enterprises Limited","Other professional, scientific and technical activities n.e.c.","NOT_mining_related","no","120120107050","14/11/2012","10293","2","0","Copper/Coal/Beryllium","0","0","1"
"Mundala Corporation Limited"," Non-specialized wholesale trade","NOT_mining_related","no","120210021061","23/09/2021","10144","1","0","Magnesium (Brucit)/Limestone (General)/Lead","1","1","1"
"GRN Mining Zambia Limited","Other transportation support activities","NOT_mining_related","yes","120180010384","11/12/2018","10138","3","0","Nickel/Manganese/Rare EarthsElements","1","1","0"
"ASTER SAPPHIRE IMPORT AND EXPORT LIMITED","Other transportation support activities","NOT_mining_related","no","120120103945","26/07/2012","10093","1","0","Manganese/Lead/Nickel","0","0","0"
"North Western estates Limited","Mixed farming","NOT_mining_related","no","120200007192","03/09/2020","10039","4","0","Gold/Zinc/Nickel","1","1","2"
"Liyez Enterprises Limited","Sea and coastal freight water transport","NOT_mining_related","no","120150133544","26/06/2015","9830","1","0","Lithium/Manganese/Copper","0","0","1"
"UPRISE INVESTMENT LIMITED"," Non-specialized wholesale trade","NOT_mining_related","no","120210024708","07/12/2021","9732","1","0","Copper","1","0","1"
"Momentsky Company Limited","Freight transport by road","NOT_mining_related","no","120200002386","24/03/2020","9642","5","2","Fluorine-Fluorite/Cobalt/Copper","1","1","4"
"Triad Logistics","Courier activities","NOT_mining_related","no","120251023115","31/03/2025","9535","1","0","Limestone (General)/Manganese/Anhydrite","1","0","0"
"Zaaminco Mining Limited","Freight transport by road","NOT_mining_related","yes","120140119657","10/02/2014","9487","1","0","Manganese/Lead/Zinc","0","0","0"
"Emmacho Enterprises Limited","Non-specialized wholesale trade","NOT_mining_related","no","120190008295","17/10/2019","9382","1","0","Lead/Manganese/Zinc","0","1","1"
"Sun Park Development Limited","Real estate activities with own or leased property","NOT_mining_related","no","120170008750","10/11/2017","9351","1","0","Tin/Zinc/Silver","0","1","0"
"Marriott Industries Limited"," Maintenance and repair of motor vehicles","NOT_mining_related","no","120210017307","16/06/2021","9220","1","0","Iron Ore/Manganese/Copper","1","0","1"
"LION ZONE DEVELOPMENT LIMITED","Web portals","NOT_mining_related","no","120200006061","04/08/2020","9142","1","0","Rare EarthsElements/Sheet Mica/Manganese","1","1","0"
"Xingda Company Limited","Construction of buildings","NOT_mining_related","no","120160000399","19/01/2016","8829","1","0","Manganese/Sand and Gravel/Copper","0","0","1"
"Ofia Investments Limited","Freight transport by road","NOT_mining_related","no","120060063435","28/08/2006","8794","2","0","Nickel/Silver/Gold","1","1","1"
"Ba'al-Perazim Limited","Other specialized construction activities","NOT_mining_related","no","120170004404","07/06/2017","8784","3","1","Gold/Copper/Manganese","0","0","2"
"Ashvan Construction Limited","Construction of buildings","NOT_mining_related","no","120130112526","28/05/2013","8748","1","0","Gold/Silver/Tourmaline","0","0","0"
"Lukusashi Company Limited","Non-specialized wholesale trade","NOT_mining_related","no","120200003284","04/05/2020","8410","1","0","Manganese/Silver/Uranium","0","0","0"
"Redfern Technical Services Limited","Construction of other civil engineering projects","NOT_mining_related","no","120241002176","13/02/2024","8394","5","0","Iron Ore/Lead/Silver","1","0","0"
"Mboo Investments Limited","Construction of buildings","NOT_mining_related","no","120120098840","12/01/2012","8283","5","0","Copper/Gold/Cobalt","0","0","0"
"Copperbelt University Investments Holdings Limited","Activities of head offices","NOT_mining_related","no","120200005198","02/07/2020","8242","2","0","Manganese","0","0","0"
"Nelna Suppliers and General Works Limited","Non-specialized wholesale trade","NOT_mining_related","no","120200004689","16/06/2020","8220","1","0","Quartz/Nickel/Manganese","1","0","0"
"SJ KINGDOM METALS LIMITED","Other personal service activities n.e.c.","NOT_mining_related","yes","120190006190","09/08/2019","8152","1","0","Manganese/Limestone (General)/Silver","1","1","0"
"Kilonga Investment Limited","Mixed farming","NOT_mining_related","no","120210011386","06/01/2021","8118","1","0","Manganese/Limestone (General)/Zinc","1","0","0"
"Keda Zambia Ceramics Company Limited","Manufacture of other porcelain and ceramic products","NOT_mining_related","no","120180005864","13/07/2018","8111","4","1","Limestone (General)/Talc-Soapstone/Clay (General)","0","1","2"
"Gracious Green Farm Limited","Other personal service activities n.e.c.","NOT_mining_related","no","120241003180","29/02/2024","7959","2","0","Lead/Iron Ore/Zinc","1","0","0"
"Careys Health Services Limited","Non-specialized wholesale trade","NOT_mining_related","no","120200000017","02/01/2020","7920","1","0","Manganese/Silica/Copper","1","1","1"
"Liuzh Company Limited","Water collection, treatment and supply","NOT_mining_related","no","120241008050","06/06/2024","7911","2","0","Copper/Gold/Aquamarine","1","0","2"
"NIANG MINING VENTURES LIMITED","Other personal service activities n.e.c.","NOT_mining_related","yes","120241003741","14/03/2024","7774","3","0","Iron Ore/Lead/Manganese","1","0","1"
"Helmwa Cooperation Limited","Non-specialized wholesale trade","NOT_mining_related","no","120200005839","27/07/2020","7681","1","0","Nickel/Iron Ore/Gold","1","0","1"
"Vikram Investments Limited","Non-specialized wholesale trade","NOT_mining_related","no","120090078230","15/04/2009","7670","1","1","Limestone (General)/Dolomite","0","1","1"
"Sunpeak Investments Limited","Construction of buildings","NOT_mining_related","no","120210012651","09/02/2021","7371","1","0","Nickel/Manganese/Zinc","1","0","1"
"Doriffa Investment Import and Export Limited","Freight transport by road","NOT_mining_related","no","120130109161","04/02/2013","7321","3","0","Iron Ore/Copper/Gold","0","0","1"
"Chambishi Milling Company Limited","Manufacture of grain mill products","NOT_mining_related","no","120150135438","07/09/2015","7193","2","0","Iron Ore/Manganese/Silver","0","0","2"
"CQL Investments Zambia Limited","Non-specialized wholesale trade","NOT_mining_related","no","120230054522","06/08/2023","7165","2","0","Copper/Cobalt/Coal","1","1","0"
"Edenvale Investments Limited","Processing and preserving of fruit and vegetables","NOT_mining_related","no","120030051639","03/02/2003","7066","2","0","Quartz/Zinc/Gold","1","1","0"
"Formula Minerals and General Supplies Company Limited","Freight transport by road","NOT_mining_related","yes","120130109278","08/02/2013","7015","1","0","Manganese/Malachite/Nickel","1","0","0"
"Kalundu Student Hostel Limited","Other accommodation","NOT_mining_related","no","120230057799","05/10/2023","6958","2","0","Zinc/Limestone (General)/Copper","1","0","1"
"Ashira Enterprise Limited"," Non-specialized wholesale trade","NOT_mining_related","no","120210019781","27/08/2021","6940","1","0","Lead/Silver/Zinc","1","1","0"
"Misambo Enterprise & agro Limited","Non-specialized wholesale trade","NOT_mining_related","no","120180007158","27/08/2018","6900","1","0","Manganese/Silver/Gold","0","1","0"
"Paradime Corporation Limited","Other credit granting","NOT_mining_related","no","120190000680","22/01/2019","6876","2","0","Gold/Iron Ore/Rare EarthsElements","0","0","0"
"Chipepo Aquaculture and Tourism Enterprise Limited"," Freshwater aquaculture","NOT_mining_related","no","120210023635","12/11/2021","6728","2","0","Gold/Copper/Manganese","1","0","1"
"Zima Transport and Supply Limited","Freight transport by road","NOT_mining_related","no","120030053651","16/10/2003","6496","1","0","Nickel/Manganese/Quartz","0","1","1"
"Nalucha Resources Limited","Electric power generation, transmission and distribution","NOT_mining_related","no","120241009526","08/07/2024","6167","1","0","Lead/Quartz/Zinc","1","0","0"
"Hommies Investments Limited","Non-specialized wholesale trade","NOT_mining_related","no","120180009039","25/10/2018","6116","2","0","Gold/Manganese/Cobalt","0","1","2"
"Medha Consultancy Limited","Management consultancy activities","NOT_mining_related","no","120190008011","09/10/2019","5817","3","0","Manganese/Zinc/Lead","1","0","0"
"Linkstone Investments Limited","Printing","NOT_mining_related","no","120180003158","16/04/2018","5731","1","0","Manganese/Quartz/Silver","0","0","0"
"Velos Enterprises Limited","Construction of buildings","NOT_mining_related","no","119750008189","13/06/1975","5689","2","1","Limestone (General)/Manganese/Gold","0","1","1"
"Zambian High light Mining Investment Limited","Other professional, scientific and technical activities n.e.c.","NOT_mining_related","yes","120130118214","19/12/2013","5522","1","0","Iron Ore/Nickel/Uranium","1","1","1"
"SKY AKM Trading Limited","Non-specialized wholesale trade","NOT_mining_related","no","120180004637","04/06/2018","5512","2","0","Platinum/Lead/Zinc","0","0","2"
"Shi and Yan Mining Development Limited","Other professional, scientific and technical activities n.e.c.","NOT_mining_related","yes","120110098147","14/12/2011","5442","1","1","Iron Ore/Manganese/Silver","0","1","1"
"Yabuzam Investment Limited","Wholesale of other machinery and equipment","NOT_mining_related","no","120210024695","07/12/2021","5431","1","0","Gold/Quartz/Tourmaline","1","1","1"
"Munyaka Investments Limited","Non-specialized wholesale trade","NOT_mining_related","no","120230061021","13/12/2023","5333","2","0","Sand/Feldspar/Clay (General)","1","1","0"
"Kilajits Engineering & Logistics Zambia Limited","Other specialized construction activities","NOT_mining_related","no","120130114375","01/08/2013","5289","2","0","Lead/Copper/Cobalt","0","0","2"
"Krisos Manufacturing Limited","Other manufacturing n.e.c.","NOT_mining_related","no","120220028011","10/02/2022","5277","1","0","Manganese/Zinc/Cobalt","1","1","1"
"MODIBO RESOURCES LIMITED","Water collection, treatment and supply","NOT_mining_related","no","120241012248","04/09/2024","5198","4","0","Gold/Zinc/Manganese","1","0","0"
"Zamland Resources Management Limited","Management consultancy activities","NOT_mining_related","no","120220036262","20/07/2022","5162","2","0","Zinc/Silver/Aquamarine","1","0","2"
"ALINAFE WB INVESTMENTS LIMITED","Non-specialized wholesale trade","NOT_mining_related","no","120230056307","09/09/2023","5122","1","0","Iron Ore/Manganese/Gold","1","1","1"
"Nairaw Mining Services Limited","Other professional, scientific and technical activities n.e.c.","NOT_mining_related","yes","120220026778","18/01/2022","5117","5","0","Copper/Iron Ore/Gold","1","0","5"
"Zamqlik Logistics Limited","Sale of motor vehicles","NOT_mining_related","no","120230046580","21/02/2023","5062","2","0","Iron Ore/Nickel/Gold","1","0","1"
"Yasun Investments limited","Freight transport by road","NOT_mining_related","no","120150130517","11/03/2015","4934","1","1","Kaolin/Limestone (General)/Sand","0","1","0"
"Ilola Investments Limited","Short term accommodation activities","NOT_mining_related","no","120100085466","01/07/2010","4807","2","0","Manganese/Limestone (General)/Zinc","0","0","1"
"Xanadu Commodities Limited","Other personal service activities n.e.c.","NOT_mining_related","no","120200000044","03/01/2020","4798","2","0","Nickel/Manganese/Gold","1","0","0"
"Serengeti Lodge Limited","Short term accommodation activities","NOT_mining_related","no","120140125188","18/08/2014","4767","1","0","Manganese/Silver/Zinc","0","1","0"
"CHARFIN INVESTMENT LIMITED","Building completion and finishing","NOT_mining_related","no","120210015122","20/04/2021","4730","1","0","Gold/Iron Ore/Silver","1","1","0"
"Ezra Energy Limited","Electric power generation, transmission and distribution","NOT_mining_related","no","120241014675","21/10/2024","4726","1","0","Silver/Rare EarthsElements/Tin","1","1","0"
"Nkuti Ventures Limited","Non-specialized wholesale trade","NOT_mining_related","no","120230057895","09/10/2023","4718","2","0","Manganese/Gold/Copper","1","0","0"
"Webs Electrical Engineering Limited","Materials recovery","NOT_mining_related","no","120070065668","27/02/2007","4654","1","0","Iron Ore/Manganese/Zinc","0","0","1"
"Golden  Horse Investment Limited","Construction of roads and railways","NOT_mining_related","no","120100082942","18/02/2010","4634","1","0","Iron Ore/Manganese/Copper","0","1","0"
"Musakashi Farms Limited","Mixed farming","NOT_mining_related","no","119900022048","09/11/1990","4597","3","1","Emerald/Gold/Quartz","0","0","1"
"Alfmega Solutions Limited","Private security activities","NOT_mining_related","no","120170006487","25/08/2017","4559","1","0","Diamond/Gold/Cobalt","0","1","1"
"New Power Industries Limited","Construction of buildings","NOT_mining_related","no","120130108958","25/01/2013","4490","1","0","Manganese/Limestone (General)/Lead","0","0","1"
"Falling Star Investments Limited","Other manufacturing n.e.c.","NOT_mining_related","no","120080075010","23/09/2008","4488","1","0","Molybdenum/Platinum/Uranium","0","0","0"
"African Crane Hiring and Logistics Limited","Other professional, scientific and technical activities n.e.c.","NOT_mining_related","no","120120101397","24/04/2012","4307","1","0","Nickel/Manganese/Zinc","0","1","1"
"Unito Limited","Other manufacturing n.e.c.","NOT_mining_related","no","120040054542","11/02/2004","4147","1","0","Silver/Zinc/Gold","0","0","1"
"Benja Innovations Zambia Limited","Non-specialized wholesale trade","NOT_mining_related","no","120200007204","03/09/2020","4090","1","0","Manganese/Malachite/Zinc","0","0","0"
"Nalume Mining Limited","Construction of buildings","NOT_mining_related","yes","120110098354","21/12/2011","4012","1","0","Copper","0","0","0"
"Zejun Investment Limited","Processing and preserving of fruit and vegetables","NOT_mining_related","no","120140119054","21/01/2014","4001","3","2","Quartz/Beryllium/Tourmaline","1","0","2"
"Trustnet Consultancy Limited","Management consultancy activities","NOT_mining_related","no","120180002212","16/03/2018","3962","2","0","Iron Ore/Manganese/Gold","0","0","1"
"RUVIT INVESTMENTS LIMITED","Wholesale of agricultural raw materials and live animals","NOT_mining_related","no","120190009498","05/12/2019","3952","1","0","Manganese/Malachite/Nickel","1","0","0"
"Kounnas Zambia Limited","Real estate activities with own or leased property","NOT_mining_related","no","120120106152","11/10/2012","3876","2","0","Nickel/Silver/Gold","0","1","1"
"Ndola Quarries Limited","Other transportation support activities","NOT_mining_related","no","120120107455","29/11/2012","3872","3","2","Limestone (General)/Zinc/Silver","0","1","2"
"Overland Supplies Limited","Sale of motor vehicle parts and accessories","NOT_mining_related","no","120120102595","06/06/2012","3804","1","0","Quartz/Rare EarthsElements/Tourmaline","0","0","1"
"Silver Pearl Motors Limited","Sale of motor vehicles","NOT_mining_related","no","120220043160","12/12/2022","3712","5","0","Gold/Copper/Cobalt","1","0","0"
"Matka Technical Services Limited","Construction of buildings","NOT_mining_related","no","120100086805","07/09/2010","3698","1","0","Manganese/Lead/Zinc","0","0","0"
"Galnet Construction Limited","Construction of buildings","NOT_mining_related","no","120200008390","05/10/2020","3603","5","0","Copper/Cobalt/Manganese","1","0","0"
"Phyllite Resources Limited","Manufacture of basic chemicals","NOT_mining_related","no","120160001872","11/03/2016","3585","5","0","Gold/Copper/Cobalt","0","0","0"
"Lanorth Zambia Limited","Other specialized construction activities","NOT_mining_related","no","120150132759","01/06/2015","3567","1","0","Anhydrite/Gypsum/Feldspar","0","0","1"
"BASE METAL EXPLORATION CONSULTANCY LIMITED","Management consultancy activities","NOT_mining_related","yes","120230060318","27/11/2023","3537","1","0","Quartz/Manganese/Sugilite","1","1","0"
"Yatu Equity Limited","Other manufacturing n.e.c.","NOT_mining_related","no","120170000646","25/01/2017","3518","1","0","Manganese/Iron Ore/Tourmaline","0","0","1"
"Larrys Lorrys Limited","Freight transport by road","NOT_mining_related","no","120050059562","05/08/2005","3448","1","0","Iron Ore/Lead/Limestone (General)","0","0","0"
"Tilaves Investment Limited","Non-specialized wholesale trade","NOT_mining_related","no","120220033501","24/05/2022","3433","5","0","Iron Ore/Silver/Gold","1","0","5"
"Amiel Partners Limited","Other professional, scientific and technical activities n.e.c.","NOT_mining_related","no","120150132212","12/05/2015","3385","3","0","Gold/Copper/Cobalt","1","1","1"
"MIAHS Auto and General Trading Limited","Non-specialized wholesale trade","NOT_mining_related","no","120180004056","16/05/2018","3379","1","0","Lithium/Iron Ore/Manganese","0","0","1"
"Libonene Enterprises Limited","Non-specialized wholesale trade","NOT_mining_related","no","120220037743","18/08/2022","3191","1","0","Gold/Nickel/Cobalt","1","1","0"
"ARACELEE HOLDINGS LIMITED","Activities of holding companies","NOT_mining_related","no","120241016004","20/11/2024","3190","1","0","Gold/Manganese/Zinc","1","1","0"
"Heki Timbers Limited","Logging","NOT_mining_related","no","120210021704","06/10/2021","3140","1","0","Iron Ore/Manganese/Zinc","1","1","1"
"Minerox Resources Limited","Non-specialized wholesale trade","NOT_mining_related","no","120190008421","23/10/2019","3111","6","0","Gold/Iron Ore/Copper","1","0","1"
"Hangubi General Dealers Limited"," Non-specialized wholesale trade","NOT_mining_related","no","120210022898","29/10/2021","3110","1","0","Gold/Silver/Cobalt","1","0","1"
"Baochuan Industry Company Limited","Manufacture of motor vehicles","NOT_mining_related","no","120190002780","03/04/2019","3079","1","0","Gypsum/Anhydrite/Granite","0","0","1"
"Betamin Investments Limited","Other manufacturing n.e.c.","NOT_mining_related","no","120130115265","03/09/2013","3056","2","0","Talc-Soapstone/Granite/Limestone (General)","0","0","1"
"Broken Hill Merchants Limited","Management consultancy activities","NOT_mining_related","no","120220030230","23/03/2022","3055","1","0","Nickel/Silver/Zinc","1","0","0"
"Guoli Energy Zambia Limited","Electric power generation, transmission and distribution","NOT_mining_related","no","120230049177","13/04/2023","3050","3","0","Cobalt/Copper/Manganese","1","1","0"
"Magna Vita Investments Limited","Water collection, treatment and supply","NOT_mining_related","no","120180006611","09/08/2018","2981","4","0","Gold/Silver/Cobalt","0","1","4"
"Bambelela Solutions Limited","Freight transport by road","NOT_mining_related","no","120200001307","13/02/2020","2973","1","0","Iron Ore/Gold/Limestone (General)","1","1","1"
"Grasam General Dealers Limited","Non-specialized wholesale trade","NOT_mining_related","no","120190000125","04/01/2019","2909","3","0","Lead/Manganese/Zinc","0","0","2"
"Jufa Transport & Logistics Limited","Other passenger land transport","NOT_mining_related","no","120241000569","15/01/2024","2885","2","0","Silver/Zinc/Gold","1","0","0"
"Ngwerere General Merchants Limited","Real estate activities with own or leased property","NOT_mining_related","no","120230049870","26/04/2023","2878","3","0","Copper/Gold/Zinc","1","1","0"
"Glacier Mining Limited","Manufacture of bakery products","NOT_mining_related","yes","120220026726","17/01/2022","2864","4","0","Lead/Manganese/Zinc","1","1","3"
"Height Supply and General Dealers Limited","Non-specialized wholesale trade","NOT_mining_related","no","120220029309","04/03/2022","2847","1","0","Lithium/Manganese/Lead","1","1","1"
"Verona Investments Limited","Non-specialized wholesale trade","NOT_mining_related","no","120210024898","09/12/2021","2800","3","0","Clay (General)/Silica/Talc-Soapstone","1","1","0"
"Rothrock Zambia Limited","Non-specialized wholesale trade","NOT_mining_related","no","120180001150","08/02/2018","2789","1","0","Manganese/Zinc/Gold","1","1","1"
"S.One Enterprises Limited","Retail sale via stalls and markets of other goods","NOT_mining_related","no","120160006154","01/09/2016","2768","2","0","Iron Ore/Manganese/Zinc","1","1","0"
"Psalms Auto Spares Limited","Sale of motor vehicle parts and accessories","NOT_mining_related","no","120170004110","29/05/2017","2720","3","0","Iron Ore/Silver/Zinc","1","0","2"
"Hounslow Investments Zambia Limited","Construction of other civil engineering projects","NOT_mining_related","no","120160006993","30/09/2016","2634","6","4","Copper/Gold/Manganese","1","0","2"
"Chido's Civil Engineering Limited","Construction of other civil engineering projects","NOT_mining_related","no","120200003491","11/05/2020","2634","1","0","Quartz/Rare EarthsElements/Nickel","1","0","1"
"LOBO GENERAL DEALERS LIMITED","Non-specialized wholesale trade","NOT_mining_related","no","120230058894","31/10/2023","2622","1","0","Tantalum/Quartz/Titanium","1","1","0"
"Golden King Investment Company Limited","Wholesale on a fee or contract basis","NOT_mining_related","no","120120107324","23/11/2012","2578","1","0","Silver/Zinc/Gold","0","1","1"
"Yathu Resources Limited","Other professional, scientific and technical activities n.e.c.","NOT_mining_related","no","120110094899","19/08/2011","2536","1","0","Iron Ore/Limestone (General)/Zinc","0","1","0"
"Naneson Enterprise Limited","Construction of roads and railways","NOT_mining_related","no","120220026902","20/01/2022","2489","1","0","Manganese/Lead/Nickel","1","0","1"
"Olibul Investments Limited","Freight transport by road","NOT_mining_related","no","120110096128","10/10/2011","2464","3","1","Amethyst/Silica/Zinc","0","1","1"
"Routestar Logistics Limited","Freight transport by road","NOT_mining_related","no","120190008693","06/11/2019","2460","3","0","Emerald/Gold/Limestone (General)","1","1","2"
"Grand Prosperous Company Limited","Non-specialized wholesale trade","NOT_mining_related","no","120150135131","26/08/2015","2436","1","0","Lead/Anhydrite/Quartz","0","0","0"
"Koinonia Zambia Limited","Non-specialized wholesale trade","NOT_mining_related","no","120210013133","22/02/2021","2423","4","0","Lead/Tourmaline/Silver","1","0","4"
"MNS Global World import and Export Limited","Other passenger land transport","NOT_mining_related","no","120170002759","05/04/2017","2399","1","0","Nickel/Niobium (Columbium)/Kaolin","0","0","1"
"Maricep Investments Zambia Limited","Construction of buildings","NOT_mining_related","no","120150133555","29/06/2015","2395","4","0","Gold/Iron Ore/Zinc","0","0","0"
"Dabe Investments Limited","Non-specialized wholesale trade","NOT_mining_related","no","120241001354","30/01/2024","2364","3","0","Manganese/Emerald/Gold","1","0","0"
"Precise Mining Solutions Limited","Other professional, scientific and technical activities n.e.c.","NOT_mining_related","yes","120150132683","29/05/2015","2286","1","0","Mineral Sands/Sand/Silver","0","0","0"
"Distinction Group Limited","Construction of buildings","NOT_mining_related","no","120080075784","10/11/2008","2234","3","0","Manganese/Gold/Amethyst","0","0","3"
"Goldmap Investments Limited","Non-specialized wholesale trade","NOT_mining_related","no","120220037169","08/08/2022","2219","3","1","Emerald/Diamond/Gold","1","0","3"
"Wamar Mining Consultancy Limited","Other professional, scientific and technical activities n.e.c.","NOT_mining_related","yes","120241012918","17/09/2024","2199","2","0","Aquamarine/Amethyst/Zinc","1","1","0"
"Marengo Limited","Service activities incidental to land transportation","NOT_mining_related","no","120200002681","06/04/2020","2179","2","0","Lithium/Limestone (General)/Lead","0","1","2"
"Chilanga Cement Plc","Other manufacturing n.e.c.","NOT_mining_related","yes","120080000304","29/07/1949","2178","3","3","Limestone (General)//Pyrophyllite","0","1","2"
"Secure Mines and Minerals Limited","Processing and preserving of fruit and vegetables","NOT_mining_related","yes","120130112023","09/05/2013","2153","1","0","Selenium/Quartz/Vanadium","0","0","0"
"Weevol Limited","Construction of buildings","NOT_mining_related","no","120130109112","01/02/2013","2147","1","0","Manganese/Lead/Silver","0","0","1"
"Newmont Industries Limited"," Manufacture of cement, lime and plaster","NOT_mining_related","no","120210017211","14/06/2021","2100","5","1","Limestone (General)/Marble/Granite","1","0","1"
"Chao Chao Construction Limited","Construction of buildings","NOT_mining_related","no","120090081969","18/12/2009","2098","2","0","Tin/Tantalum/Copper","0","0","1"
"Chrismar Earth Moving Equipment Limited","Construction of buildings","NOT_mining_related","no","120150130547","13/03/2015","2047","1","0","Lead/Limestone (General)/Silver","0","0","0"
"Giant Plus Limited","Combined office administrative service activities","NOT_mining_related","no","120160008204","10/11/2016","2004","1","0","Silver/Zinc/Gold","0","1","0"
"Mistique Trading Limited"," Non-specialized wholesale trade","NOT_mining_related","no","120210021186","24/09/2021","1997","1","0","Manganese/Zinc/Gold","1","0","1"
"Mitchell Cotts Mining Limited","Other manufacturing n.e.c.","NOT_mining_related","yes","120150132200","11/05/2015","1965","2","0","Lithium/Quartz/Tourmaline","0","0","0"
"Chipanshya Construction Limited","Construction of utility projects","NOT_mining_related","no","120200009595","09/11/2020","1953","3","0","Gold/Copper/Cobalt","1","1","0"
"Jamboree Investments Limited","Restaurants and mobile food service activities","NOT_mining_related","no","120160002987","22/04/2016","1946","2","0","Nickel/Manganese/Zinc","0","0","2"
"Spearnet Zambia Limited","Real estate activities on a fee or contract basis","NOT_mining_related","no","120130109090","01/02/2013","1928","1","1","Gemstones","0","0","0"
"Mupika Sericulture Company Limited","Mixed farming","NOT_mining_related","no","120200003485","08/05/2020","1910","2","0","Silica/Feldspar/Clay (General)","0","1","0"
"Vetoxy  Investments Limited","Non-specialized wholesale trade","NOT_mining_related","no","120220035529","01/07/2022","1885","6","0","Copper/Cobalt/Iron Ore","1","0","3"
"REDSTONE MACHINERY COMPANY","Manufacture of office machinery and equipment (except computers and peripheral equipment)","NOT_mining_related","no","120220041764","11/11/2022","1883","2","0","Manganese/Rare EarthsElements/Zinc","1","1","2"
"PDV METALS LIMITED","Manufacture of basic iron and steel","NOT_mining_related","yes","120230052221","16/06/2023","1832","1","0","Nickel/Lead/Zinc","1","1","0"
"Walson General Dealers Limited","Construction of buildings","NOT_mining_related","no","120220031939","27/04/2022","1832","1","0","Gold","1","1","1"
"Silondwa Safaris Limited","Tour operator activities","NOT_mining_related","no","120180006632","10/08/2018","1816","2","0","Iron Ore/Gold/Copper","0","1","0"
"Flying Lion Mining Company Limited","Non-specialized wholesale trade","NOT_mining_related","yes","120241008229","11/06/2024","1805","2","0","Manganese/Malachite/Nickel","1","0","0"
"Carly Prints International Limited","Other personal service activities n.e.c.","NOT_mining_related","no","120200000049","03/01/2020","1801","1","0","Manganese/Nickel/Rare EarthsElements","1","0","0"
"Chibaris International(Zambia)Limited","Freight transport by road","NOT_mining_related","no","120040054704","27/02/2004","1776","1","0","Rare EarthsElements/Niobium (Columbium)/Nickel","0","0","1"
"Nuels Construction Zambia Limited","Freight transport by road","NOT_mining_related","no","120070065188","29/01/2007","1736","3","0","Phosphorus-Phosphates/Niobium (Columbium)/Manganese","0","0","0"
"Kapinga and Sons Investments Limited","Sale of motor vehicle parts and accessories","NOT_mining_related","no","120130112494","28/05/2013","1689","2","0","Gold/Copper/Iron Ore","1","0","0"
"Uniwide Logistics Limited","Other business support service activities n.e.c.","NOT_mining_related","no","120160003552","16/05/2016","1685","1","0","Manganese/Iron Ore/Silver","0","0","0"
"Mulangi Investments Limited","Construction of buildings","NOT_mining_related","no","120180004897","12/06/2018","1652","3","2","Tungsten/Tin/Titanium","0","0","1"
"Global Mag Solutions Limited","Construction of buildings","NOT_mining_related","no","120090080563","24/09/2009","1633","5","0","Copper/Gold/Manganese","0","0","2"
"Chamin General Suppliers Limited","Non-specialized wholesale trade","NOT_mining_related","no","120210013031","18/02/2021","1632","3","0","Quartz/Amethyst/Aquamarine","1","0","1"
"Horizon Properties Limited","Wired telecommunications activities","NOT_mining_related","no","120050058515","14/04/2005","1631","1","0","Niobium (Columbium)/Talc-Soapstone/Lithium","1","0","0"
"Tropics Surveying Technical Services Limited","Other transportation support activities","NOT_mining_related","no","120050059063","10/06/2005","1624","1","0","Gold/Manganese/Cobalt","0","1","0"
"Surya Biofuels Limited","Distilling, rectifying and blending of spirits","NOT_mining_related","no","120160005516","04/08/2016","1588","1","0","Mineral Sands/Silica/Clay (General)","1","1","0"
"Nyolelo Investments Limited","Non-specialized wholesale trade","NOT_mining_related","no","120220040987","26/10/2022","1539","3","0","Limestone (General)/Feldspar/Clay (General)","1","1","1"
"TECHPRO MINING LIMITED","Other personal service activities n.e.c.","NOT_mining_related","yes","120241003646","13/03/2024","1531","2","0","Iron Ore/Lead/Manganese","1","0","1"
"Salmar Zambia Limited","Construction of buildings","NOT_mining_related","no","120110092396","17/05/2011","1525","2","0","Manganese/Limestone (General)/Lead","0","0","1"
"Fertilizer Commodities (Z) Limited","Manufacture of fertilizers and nitrogen compounds","NOT_mining_related","no","120190006296","14/08/2019","1512","1","0","Gold/Iron Ore/Cobalt","1","0","1"
"Mutivals Company Limited","Non-specialized wholesale trade","NOT_mining_related","no","120200005145","01/07/2020","1458","2","0","Manganese/Gold/Copper","1","0","1"
"Compstat Limited","Other monetary intermediation","NOT_mining_related","no","120120099449","03/02/2012","1425","1","0","Quartz/Manganese/Tantalum","0","0","1"
"GREAT TECH ZAMBIA LIMITED","Mixed farming","NOT_mining_related","no","120140120185","26/02/2014","1386","4","0","Gold/Manganese/Copper","0","0","0"
"Vitumbo Investments Limited","Non-specialized wholesale trade","NOT_mining_related","no","120180001978","07/03/2018","1381","3","0","Gold/Copper/Rare EarthsElements","1","0","0"
"Kyulu Development Trust","Other professional, scientific and technical activities n.e.c.","NOT_mining_related","no","120120099923","23/02/2012","1379","5","5","Sandstone/Malachite/Manganese","1","1","4"
"Lumuno Enterprises Limited","Construction of buildings","NOT_mining_related","no","120150131512","17/04/2015","1350","2","0","Iron Ore/Tourmaline/Gold","0","0","2"
"SMR Construction Limited","Construction of utility projects","NOT_mining_related","no","120140127341","29/10/2014","1344","1","0","Silver/Nickel/Zinc","1","1","0"
"Huios Mining and Minerals Explorations Limited","Construction of buildings","NOT_mining_related","yes","120070064903","05/01/2007","1337","1","0","Manganese/Limestone (General)/Zinc","0","0","1"
"ALDI Agro  and General Dealers Zambia Limited","Support activities for animal production","NOT_mining_related","no","120220038787","07/09/2022","1329","2","0","Quartz/Gold/Zinc","1","0","2"
"Sable Transport Limited","Other passenger land transport","NOT_mining_related","no","119800010482","09/10/1980","1255","2","1","Sand and Gravel/Coal/Granite","0","0","1"
"Silazo Enterprises Limited","Freight transport by road","NOT_mining_related","no","120100083063","25/02/2010","1246","4","0","Gold/Copper/Aquamarine","1","1","4"
"Chama Minerals Resources Limited","Other manufacturing n.e.c.","NOT_mining_related","yes","120120107735","10/12/2012","1238","2","1","Titanium/Zinc/Tantalum","0","0","1"
"Evergreat Investment Company Limited","Manufacture of articles of concrete, cement and plaster","NOT_mining_related","no","120190005354","11/07/2019","1237","1","0","Limestone (General)/Granite/Dolomite","1","1","0"
"Luban Engineering Zambia Limited","Construction of buildings","NOT_mining_related","no","120230060748","06/12/2023","1237","2","0","Iron Ore/Nickel/Gold","1","0","0"
"Africoin Investment Limited","Restaurants and mobile food service activities","NOT_mining_related","no","120230057714","04/10/2023","1229","2","0","Copper/Gold/Aquamarine","1","1","2"
"Chalemba Investments Limited","Non-specialized wholesale trade","NOT_mining_related","no","120220027958","10/02/2022","1219","3","0","Iron Ore/Lithium/Copper","1","0","2"
"J.S.Moyo Farms Limited","Freight transport by road","NOT_mining_related","no","120130113906","17/07/2013","1219","4","4","Sand and Gravel/Iron Ore/Silica","0","1","4"
"China Zhong Yuan International Limited","Construction of buildings","NOT_mining_related","no","120170007447","29/09/2017","1136","2","0","Manganese/Silver/Lead","0","1","2"
"Colchi Farms Limited","Mixed farming","NOT_mining_related","no","120080071011","11/02/2008","1118","3","3","Limestone (General)/Gold/Cobalt","0","0","3"
"Scirocco Enterprises Limited","Other manufacturing n.e.c.","NOT_mining_related","no","119810010962","28/05/1981","1111","3","3","Limestone (General)/Gold/Silver","0","1","3"
"ZANAVI INVESTMENTS GROUP LIMITED","Construction of buildings","NOT_mining_related","no","120210018650","27/07/2021","1109","1","0","Manganese/Lead/Zinc","1","0","0"
"XL Waste Management and Green Energy","Electric power generation, transmission and distribution","NOT_mining_related","no","120220029074","01/03/2022","1099","5","1","Limestone (General)/Copper/Feldspar","1","0","1"
"Munanzuki Resources","Non-specialized wholesale trade","NOT_mining_related","no","120241006622","14/05/2024","1085","1","0","Limestone (General)/Anhydrite/Quartz","1","0","0"
"Vista Cotlands Consultants Limited","Management consultancy activities","NOT_mining_related","no","120180000968","02/02/2018","1074","2","0","Nickel/Silver/Zinc","0","1","1"
"Red Bell Construction Limited","Construction of buildings","NOT_mining_related","no","120220028209","15/02/2022","1063","1","0","Manganese/Nickel/Iron Ore","1","0","1"
"ENOSARS CONSTRUCTION LIMITED","Construction of other civil engineering projects","NOT_mining_related","no","120230044828","20/01/2023","1033","2","0","Manganese/Limestone (General)/Lead","1","0","0"
"Wilna Enterprises Limited","Non-specialized wholesale trade","NOT_mining_related","no","120200005511","16/07/2020","1005","2","0","Iron Ore/Manganese/Quartz","1","0","2"
"Proactive Youths Construction Limited","Construction of roads and railways","NOT_mining_related","no","120220035245","27/06/2022","1002","1","0","Anhydrite/Gypsum/Iron Ore","1","0","0"
"Afristones Resources Limited","Construction of buildings","NOT_mining_related","no","120230049728","24/04/2023","1000","1","0","Lead/Iron Ore/Manganese","1","0","1"
"Titamenji Construction Limited","Construction of buildings","NOT_mining_related","no","120220043358","16/12/2022","993","1","0","Phosphorus-Phosphates/Niobium (Columbium)/Nickel","1","0","1"
"Chilindi Investment Limited","General cleaning of buildings","NOT_mining_related","no","120160000137","08/01/2016","993","1","0","Iron Ore/Manganese/Copper","0","0","1"
"Majeed Pasha Investments Limited","Non-specialized wholesale trade","NOT_mining_related","no","120230050350","10/05/2023","990","1","0","Gold/Iron Ore/Cobalt","1","0","0"
"Kaystech Zambia Limited","Freight transport by road","NOT_mining_related","no","120070068600","17/09/2007","990","1","0","Rare EarthsElements/Zinc/Iron Ore","0","0","1"
"ECOSAN Development and Trading Limited","Freight transport by road","NOT_mining_related","no","120150131638","22/04/2015","982","1","0","Mica/Gold/Tantalum","0","0","1"
"Kenlen Minerals Limited","Freight transport by road","NOT_mining_related","yes","120120098820","12/01/2012","981","1","0","Quartz/Zinc/Gold","1","0","1"
"Harvest Inn Limited","Event catering","NOT_mining_related","no","119980040984","13/07/1998","964","1","0","Manganese/Lead/Zinc","0","0","1"
"Muchaba Enterprises Company Limited","Manufacture of other porcelain and ceramic products","NOT_mining_related","no","120220026857","19/01/2022","956","2","0","Limestone (General)/Sand/Molding","1","1","1"
"Sibir Investment Limited","Non-specialized wholesale trade","NOT_mining_related","no","120180009565","13/11/2018","955","1","0","Rare EarthsElements/Tantalum/Zinc","0","0","1"
"ADAKOLE VENTURES LIMITED","Real estate activities with own or leased property","NOT_mining_related","no","120241016006","20/11/2024","954","1","0","Lead/Iron Ore/Granite","1","0","0"
"Pragmatic Investments Limited","Construction of buildings","NOT_mining_related","no","120090077231","09/02/2009","953","1","0","Gold/Silver/Cobalt","0","1","1"
"Abida Seed Consulting Limited","Management consultancy activities","NOT_mining_related","no","120230051000","23/05/2023","952","1","0","Rare EarthsElements/Manganese/Zinc","1","0","1"
"Chibilika Mines Limited","Other social work activities without accommodation","NOT_mining_related","yes","120230052001","13/06/2023","951","1","0","Magnesium (Brucit)/Iron Ore/Quartz","1","0","0"
"Qwatu Construction Limited","Construction of buildings","NOT_mining_related","no","120150130860","24/03/2015","948","1","0","Iron Ore/Lead/Nickel","0","1","1"
"Vorezat Investment Limited","Non-specialized wholesale trade","NOT_mining_related","no","120230050190","07/05/2023","947","1","0","Manganese/Limestone (General)/Lead","1","0","0"
"KMC Engineering & Construction Limited","Construction of buildings","NOT_mining_related","no","120100085518","02/07/2010","944","1","0","Nickel/Manganese/Quartz","0","1","0"
"Lwebitech Farms Limited","Mixed farming","NOT_mining_related","no","120220031702","22/04/2022","944","1","0","Gold/Copper/Cobalt","1","0","1"
"BUterla Investment Holdings Limited","Management consultancy activities","NOT_mining_related","no","120230054430","03/08/2023","942","1","0","Limestone (General)/High Calcium Limestone/Talc-Soapstone","1","0","0"
"Sabi Lodges and Adventures Limited","Travel agency activities","NOT_mining_related","no","120140121780","23/04/2014","940","2","1","Gold/Copper/Silver","0","0","2"
"OSCOL Zambia Limited","Non-specialized wholesale trade","NOT_mining_related","no","120180000981","02/02/2018","939","1","0","Nickel/Manganese/Lithium","0","0","0"
"Mulala Farms Limited","Mixed farming","NOT_mining_related","no","120080073460","26/06/2008","933","1","0","Manganese/Phosphorus-Phosphates/Lead","0","0","1"
"Sachi National Wide Suppliers Limited","Construction of buildings","NOT_mining_related","no","120200004526","11/06/2020","920","1","0","Nickel/Manganese/Zinc","1","0","1"
"Luchat Business Company Limited","Mixed farming","NOT_mining_related","no","120170007517","02/10/2017","919","1","0","Emerald/Quartz/Copper","0","0","1"
"Afro Development Services Limited","Other professional, scientific and technical activities n.e.c.","NOT_mining_related","no","119890018854","30/06/1989","917","1","0","Iron Ore/Manganese/Quartz","0","0","1"
"Belipajaali Enterprises Limited","Non-specialized wholesale trade","NOT_mining_related","no","120200002538","30/03/2020","904","1","0","Zinc/Gold/Copper","1","0","0"
"AGS Pneumatics Services Limited","Non-specialized wholesale trade","NOT_mining_related","no","120140128656","30/12/2014","900","1","0","Platinum/Nickel/Manganese","0","0","1"
"Johowen Contractors and Suppliers Limited","Other manufacturing n.e.c.","NOT_mining_related","no","120150132631","27/05/2015","898","1","0","Manganese/Lead/Zinc","0","0","1"
"Expat Management Services Limited","Other human resources provision","NOT_mining_related","no","120241001037","24/01/2024","892","1","0","Quartz/Nickel/Zinc","1","1","0"
"Newport Marketing Company Limited","Radio broadcasting","NOT_mining_related","no","120130116436","15/10/2013","882","1","0","Iron Ore/Anhydrite/Gypsum","0","0","0"
"Kaykas Investements Limited","Non-specialized wholesale trade","NOT_mining_related","no","120220032136","01/05/2022","864","2","0","Copper/Manganese/Rare EarthsElements","1","0","2"
"Smart Deal Tech Limited","Computer consultancy and computer facilities management activities","NOT_mining_related","no","120220033842","31/05/2022","860","1","0","Gold/Copper/Cobalt","1","0","1"
"Surgitech Enterprise Limited","Hospital activities","NOT_mining_related","no","120030053208","22/08/2003","850","1","0","Quartz/Manganese/Stone","0","0","0"
"JMK Venture Limited","Logging","NOT_mining_related","no","120170008468","02/11/2017","848","1","0","Lead/Iron Ore/Limestone (General)","0","1","0"
"A.M Aggeliki Maria Consulting Solutions Limited","Manufacture of other special-purpose machinery","NOT_mining_related","no","120140119813","14/02/2014","839","1","1","Palladium/Nickel/Platinum","0","1","1"
"Milindi Sanitation and General Dealers Limited","Remediation activities and other waste management services","NOT_mining_related","no","120200010406","03/12/2020","836","1","0","Quartz/Silver/Tourmaline","1","0","1"
"Dhoonde Logistics Limited","Non-specialized wholesale trade","NOT_mining_related","no","120220038625","05/09/2022","835","1","0","Iron Ore/Silver/Copper","1","0","0"
"Chamat Suppliers and General Dealers Limited","Other transportation support activities","NOT_mining_related","no","120150129808","16/02/2015","834","1","0","Nickel/Silver/Zinc","0","0","1"
"Engco Civils Limited","Other specialized construction activities","NOT_mining_related","no","120120104689","22/08/2012","827","1","0","Iron Ore/Manganese/Cobalt","0","1","0"
"Arlinton Investment Limited","Manufacture of other textiles n.e.c.","NOT_mining_related","no","120210023050","02/11/2021","815","1","0","Tantalum/Tin/Lithium","1","0","1"
"Tiana Tia Manufacturing Zambia Limited","Other manufacturing n.e.c.","NOT_mining_related","no","120150133197","16/06/2015","814","2","1","Rare EarthsElements/Tin/Tungsten","0","0","0"
"Badiye Limited","Construction of buildings","NOT_mining_related","no","120020000956","21/10/2002","797","3","2","Copper/Gold/Silver","0","1","1"
"Eagle Line Investment Limited","Construction of buildings","NOT_mining_related","no","120170002331","22/03/2017","795","2","2","Gold/Copper/Cobalt","0","0","2"
"Artificial Intelligent Product Limited","Non-specialized wholesale trade","NOT_mining_related","no","120170000425","17/01/2017","766","2","2","Quartz/Manganese/Lead","0","0","1"
"Shachizulu Enterprise Limited","Other specialized construction activities","NOT_mining_related","no","120230050875","19/05/2023","762","1","0","Nickel/Manganese/Tourmaline","1","0","1"
"Roseberry Stone & Tile Limited","Other specialized construction activities","NOT_mining_related","yes","120160002070","18/03/2016","754","2","2","Stone","0","1","2"
"Lwimbo Copper Mine Limited","Construction of buildings","NOT_mining_related","yes","120040056104","11/08/2004","750","2","2","Copper/Cobalt/Silver","0","1","2"
"Naoje Boarder World Zambia Limited","Non-specialized wholesale trade","NOT_mining_related","no","120200006792","25/08/2020","749","1","0","Quartz/Rare EarthsElements/Nickel","1","0","1"
"Frichyl General Dealers Limited","Warehousing and storage","NOT_mining_related","no","120180008240","01/10/2018","747","1","0","Granite","0","0","1"
"Ruida Investments Limited","Freight transport by road","NOT_mining_related","no","120130112490","28/05/2013","743","1","1","Copper","1","0","1"
"Polar Petroleum Limited","Manufacture of gas; distribution of gaseous fuels through mains","NOT_mining_related","no","120200002520","30/03/2020","735","1","0","Nickel/Manganese/Silver","1","1","0"
"Front Runners Solutions Limited","Other credit granting","NOT_mining_related","no","120220033263","20/05/2022","730","1","0","Platinum/Manganese/Tantalum","1","0","0"
"Octane Investments Limited","Sale of motor vehicle parts and accessories","NOT_mining_related","no","120210020020","02/09/2021","718","1","0","Gold/Tourmaline/Aquamarine","1","1","1"
"Star Choice Zambia Limited","Freight transport by road","NOT_mining_related","no","120080073124","10/06/2008","713","2","2","Iron Ore/Zinc/Silver","0","0","2"
"STC Transport and Farming Limited","Freight transport by road","NOT_mining_related","no","120170005884","03/08/2017","712","1","0","Iron Ore/Manganese/Gold","0","0","1"
"Wise Focus Mining Limited","Other transportation support activities","NOT_mining_related","yes","120080073441","26/06/2008","702","2","2","Quartz/Tourmaline/Amethyst","0","0","1"
"Hoyden Investment Limited","Construction of buildings","NOT_mining_related","no","120180003544","30/04/2018","698","2","1","Quartz/Tourmaline/Emerald","0","0","0"
"Texxon Energies Limited","Freight transport by road","NOT_mining_related","no","120020050996","28/10/2002","689","2","2","Coal","0","0","2"
"TECHA Mining and Consultancy Services Limited","Construction of utility projects","NOT_mining_related","yes","120140122197","08/05/2014","683","2","1","Silver/Uranium/Gold","0","0","1"
"Auto Africa Motors Limited","Maintenance and repair of motor vehicles","NOT_mining_related","no","120190003303","26/04/2019","679","2","1","Coal/Uranium","1","0","1"
"Casa Grande Construction Limited","Construction of buildings","NOT_mining_related","no","120180002760","05/04/2018","658","3","1","Iron Ore/Zinc/Copper","0","0","1"
"Blue Desert Engineering Consultancy Limited","Construction of other civil engineering projects","NOT_mining_related","no","120190009246","26/11/2019","658","1","0","Manganese/Quartz/Zinc","0","0","1"
"Pereti Farming Limited","Mixed farming","NOT_mining_related","no","120220042023","16/11/2022","648","1","0","Manganese/Silver/Uranium","1","0","1"
"Kenjess general Dealers Limited","Other personal service activities n.e.c.","NOT_mining_related","no","120220040717","19/10/2022","644","1","0","Gold/Copper","1","0","0"
"Kinghorse Investment Limited","Freight transport by road","NOT_mining_related","no","120220028492","18/02/2022","632","1","0","Limestone (General)/Sand and Gravel/Clay (General)","1","0","1"
"Silgram Energy and Mining Suppliers Limited"," Electric power generation, transmission and distribution","NOT_mining_related","yes","120210020982","21/09/2021","624","2","0","Gold/Copper/Cobalt","1","0","0"
"Ushi Logistics Limited","Non-specialized wholesale trade","NOT_mining_related","no","120220041068","27/10/2022","617","2","0","Platinum/Quartz/Niobium (Columbium)","1","0","2"
"Wila Mining Solutions Limited","Construction of buildings","NOT_mining_related","yes","120241008367","12/06/2024","602","2","0","Zinc/Gold/Copper","1","0","0"
"Polo Technologies Import and Exports Limited","Construction of buildings","NOT_mining_related","no","120210019452","19/08/2021","596","1","0","Nickel/Manganese/Lithium","1","1","1"
"Autogalaxy Associates Limited","Other professional, scientific and technical activities n.e.c.","NOT_mining_related","no","120080075257","07/10/2008","596","3","1","Tungsten/Coal/Tin","0","1","2"
"M & L Prudent Solutions Limited","Management consultancy activities","NOT_mining_related","no","120170005352","17/07/2017","594","2","2","Gold/Quartz/Fluorine-Fluorite","0","1","2"
"Global Culture Network Solutions","Non-specialized wholesale trade","NOT_mining_related","no","120170009464","06/12/2017","583","1","0","Copper/Gold/Iron Ore","1","1","1"
"Nsamba Farms Limited"," Freight transport by road","NOT_mining_related","no","120210018368","19/07/2021","569","1","0","Lead/Platinum/Zinc","1","0","1"
"Drip Engineering and Construction Limited","Wholesale of construction materials, hardware, plumbing and heating equipment and supplies","NOT_mining_related","no","120210018255","15/07/2021","569","1","0","Iron Ore/Nickel/Copper","1","0","0"
"Towing Logistic Limited","Other transportation support activities","NOT_mining_related","no","120180010877","28/12/2018","546","1","0","Manganese/Lithium/Nickel","0","1","1"
"Kalungwishi Ventures Limited","Real estate activities with own or leased property","NOT_mining_related","no","120170003331","27/04/2017","543","1","0","Lead/Manganese/Zinc","0","0","1"
"Lisko Logistics Limited","Other transportation support activities","NOT_mining_related","no","120170010085","29/12/2017","533","1","0","Manganese/Iron Ore/Silver","0","0","1"
"Bonum Investments Limited","Combined office administrative service activities","NOT_mining_related","no","120200008303","01/10/2020","532","1","0","Emerald","1","1","0"
"ZHEJIANG INTERNATIONAL ENGINEERING CONSTRUCTION COMPANY LIMITED","Freight transport by road","NOT_mining_related","no","120140123755","27/06/2014","530","1","0","Sand and Gravel/Granite","1","0","1"
"Muchenge African Power Traders International Limited","Architectural and engineering activities and related technical consultancy","NOT_mining_related","no","120230056815","20/09/2023","520","2","0","Nickel/Iron Ore/Silver","1","0","2"
"Mokha Investment Zambia Limited","Construction of roads and railways","NOT_mining_related","no","120200004833","19/06/2020","517","1","0","Manganese/Iron Ore/Silver","1","0","1"
"Wandsworth Company Limited","Non-specialized wholesale trade","NOT_mining_related","no","120210014973","15/04/2021","517","1","0","Granite/Iron Ore/Silver","1","0","0"
"Copper Tree Minerals Limited","Manufacture of other special-purpose machinery","NOT_mining_related","yes","120130117031","07/11/2013","517","2","2","Copper/Cobalt","0","1","0"
"Gatis Freight International Limited","Freight transport by road","NOT_mining_related","no","120040055276","12/05/2004","513","1","0","Gold/Nickel/Silver","0","0","0"
"Mirene Investments Limited","Processing and preserving of fruit and vegetables","NOT_mining_related","no","120120108050","20/12/2012","510","2","0","Quartz/Garnet","0","0","0"
"Kantobo Mining Company Limited","Mixed farming","NOT_mining_related","yes","120060063928","12/10/2006","508","1","1","Copper/Cobalt","0","1","1"
"Mojo Commodities Limited","Management consultancy activities","NOT_mining_related","no","120220037670","17/08/2022","497","2","0","Gold/Copper/Iron Ore","1","0","2"
"Meltap Enterprise Limited","Other professional, scientific and technical activities n.e.c.","NOT_mining_related","no","120140128408","15/12/2014","493","1","0","Anhydrite/Gypsum/Quartz","0","0","1"
"Musamani Minerals and Agric. Limited","Mixed farming","NOT_mining_related","yes","120020049623","04/04/2002","476","1","1","Copper","0","0","1"
"Nikajo Enterprises Limited","Other transportation support activities","NOT_mining_related","no","120040056966","10/11/2004","476","2","2","Copper/Cobalt/Lead","0","0","2"
"Brand Equity Limited","Other publishing activities","NOT_mining_related","no","120170001853","07/03/2017","476","1","0","Manganese/Nickel/Gold","0","0","1"
"Munkotachi Investments Limited","Other passenger land transport","NOT_mining_related","no","120170004976","29/06/2017","472","1","0","Limestone (General)/Lead/Iron Ore","0","0","0"
"Chambishi Copper Smelter Limited","Other transportation support activities","NOT_mining_related","yes","120060062959","19/07/2006","467","3","3","/Copper","1","1","1"
"Lithachi Logistics Limited","Construction of buildings","NOT_mining_related","no","120160005470","02/08/2016","461","1","0","Precious Gems/Semi-Precious Gems/Platinum","0","0","1"
"Pike Tech Engineering Limited","Other specialized construction activities","NOT_mining_related","no","120210013455","02/03/2021","461","1","0","Iron Ore/Manganese/Quartz","1","1","1"
"Khlozo Construction And General Dealers Limited","Other specialized construction activities","NOT_mining_related","no","120230057022","21/09/2023","447","1","0","Nickel/Silver/Zinc","1","0","0"
"Maks Hill Investment Limited","Non-specialized wholesale trade","NOT_mining_related","no","120200009374","02/11/2020","440","1","0","Gold/Manganese/Cobalt","1","0","0"
"Delta Electrical Work and Suppliers Limited","Non-specialized wholesale trade","NOT_mining_related","no","120230055168","18/08/2023","439","1","0","Gold/Iron Ore/Cobalt","1","1","0"
"Inchkwakwa Enterprises Limited","Non-specialized wholesale trade","NOT_mining_related","no","120220043938","30/12/2022","439","3","0","Iron Ore/Malachite/Nickel","1","0","1"
"WIDE FOCUS LIMITED","Non-specialized wholesale trade","NOT_mining_related","no","120170005037","05/07/2017","438","1","0","Tantalum/Silver/Tungsten","0","1","0"
"Jagoda Tourmaline Extraction Limited","Other education n.e.c.","NOT_mining_related","no","120160001019","09/02/2016","418","1","1","Ruby/Quartz/Tourmaline","0","0","1"
"TRALCOM INVESTMENT LIMITED","Construction of buildings","NOT_mining_related","no","120230049432","19/04/2023","401","1","0","Limestone (General)/Lead/Rare EarthsElements","1","1","0"
"Dibri Investment Limited","Mixed farming","NOT_mining_related","no","120180007850","19/09/2018","401","1","0","Lithium/Manganese/Lead","0","0","1"
"Vortexzam Import and Export Limited","Other transportation support activities","NOT_mining_related","no","120140128295","10/12/2014","401","2","0","Gold/Silver/Copper","0","0","2"
"Mupangarwa Copper Mines","Mixed farming","NOT_mining_related","yes","120060062774","29/06/2006","400","1","1","Gold/Copper/Cobalt","0","0","1"
"ZAHAV FLAGE MINING LIMITED","Other transportation support activities","NOT_mining_related","yes","120150129914","18/02/2015","399","1","1","Manganese/Gold/Copper","0","0","1"
"Jalusi Investments Limited","Processing and preserving of fruit and vegetables","NOT_mining_related","no","119950035045","09/11/1995","399","1","1","Amethyst","0","0","1"
"Jeb Business Solutions and Mining Limited","Non-specialized wholesale trade","NOT_mining_related","yes","120180005418","28/06/2018","399","1","1","Manganese","0","0","1"
"Mzanga Enterprises Limited","Non-specialized wholesale trade","NOT_mining_related","no","120210014497","31/03/2021","399","1","0","Lithium/Nickel/Tin","1","0","1"
"Eriboma Enterprises Limited","Construction of buildings","NOT_mining_related","no","120160003159","28/04/2016","399","1","1","Lead/Silica/Zinc","0","0","1"
"Amestone Company Limited","Non-specialized wholesale trade","NOT_mining_related","no","120170003785","16/05/2017","399","1","1","Manganese/Lead/Tungsten","0","0","1"
"Vedas Investment Limited","Non-specialized wholesale trade","NOT_mining_related","no","120210014352","26/03/2021","398","1","1","Iron Ore/Silver/Gold","1","1","0"
"Azarel Investments Limited","Construction of buildings","NOT_mining_related","no","120140123879","02/07/2014","397","1","1","Iron Ore/Tantalum/Tin","0","0","1"
"W.J.W Construction Limited","Construction of buildings","NOT_mining_related","no","120150131194","07/04/2015","397","1","1","Gold/Silver/Cobalt","0","1","0"
"Jenipher Ng'andu Mining & Services Limited","Construction of buildings","NOT_mining_related","yes","120150135829","21/09/2015","396","1","1","Iron Ore/Quartz/Gold","0","0","0"
"Sandland Resources Limited","Processing and preserving of fruit and vegetables","NOT_mining_related","no","120160000346","18/01/2016","396","1","1","Silver/Nickel/Vanadium","0","1","1"
"Bekazulu Mining Limited","Freight transport by road","NOT_mining_related","yes","120090078458","29/04/2009","395","1","1","Limestone (General)/Phosphorus-Phosphates/Copper","0","0","1"
"Nicho Investments Limited","Freight transport by road","NOT_mining_related","no","120120102464","01/06/2012","395","1","0","Iron Ore/Manganese/Quartz","0","1","1"
"TERRAFORGE RESOURCES LIMITED","Non-specialized wholesale trade","NOT_mining_related","no","120241011595","22/08/2024","395","1","1","Gold/Copper/Cobalt","1","0","0"
"Muchenga Industrial Minerals Limited","Processing and preserving of fruit and vegetables","NOT_mining_related","yes","120130108650","15/01/2013","394","1","1","Lightweight Aggregate/Crushed/Broken Stone","0","0","1"
"Nathania Investments Limited","Non-specialized wholesale trade","NOT_mining_related","no","120220027719","07/02/2022","393","1","0","Gold/Malachite/Copper","1","0","1"
"Jamrob Enterprises Limited","Sale, maintenance and repair of motorcycles and related parts and accessories","NOT_mining_related","no","120080075396","15/10/2008","392","1","0","Silver/Rare EarthsElements/Nickel","0","1","0"
"PODASAK EXTRACT MINING LIMITED"," Non-specialized wholesale trade","NOT_mining_related","yes","120210023123","02/11/2021","389","1","1","Manganese/Nickel/Zinc","1","0","1"
"Picovolt Engineering Limited","Electrical installation","NOT_mining_related","no","120200007835","21/09/2020","388","1","0","Quartz/Molybdenum/Rare EarthsElements","1","0","1"
"Ngwanda Limited","Mixed farming","NOT_mining_related","no","119980040496","27/04/1998","383","2","2","Emerald/Beryllium","0","1","2"
"Lilume E.K.M Investment Limited","Construction of buildings","NOT_mining_related","no","120130113344","25/06/2013","379","1","1","Limestone (General)/Tin/Zinc","0","0","1"
"Chiba World Link Zambia Limited","Construction of buildings","NOT_mining_related","no","120200004532","11/06/2020","379","1","0","Granite/Graphite/Fluorine-Fluorite","1","0","1"
"Trovel distributors Limited","Freight transport by road","NOT_mining_related","no","120130118098","16/12/2013","378","1","1","Manganese/Lead/Zinc","0","0","1"
"Tecchinify Geographics Enterprise Limited","Computer consultancy and computer facilities management activities","NOT_mining_related","no","120200004716","17/06/2020","376","1","0","Gold/Malachite/Silver","1","1","0"
"Petejax Thrill Limited","Construction of other civil engineering projects","NOT_mining_related","no","120170000210","10/01/2017","373","1","0","Manganese/Lead/Tourmaline","0","0","0"
"ROGMAT ENTERPRISES & GENERAL DEALERS LIMITED","Freight transport by road","NOT_mining_related","no","120140118579","07/01/2014","371","1","0","Nickel/Manganese/Zinc","0","1","1"
"Fortified Mining and General Dealers Limited","Construction of buildings","NOT_mining_related","yes","120130110754","02/04/2013","368","1","1","Limestone (General)/Lightweight Aggregate","0","0","1"
"Macrolink Resources (z)Limited","Other manufacturing n.e.c.","NOT_mining_related","no","120080073604","04/07/2008","367","1","1","Copper","1","0","0"
"Butemwe Farming Services Limited","Raising of cattle and buffaloes","NOT_mining_related","no","120170002862","07/04/2017","367","1","0","Molding/Sand/Silver","0","1","1"
"Mackford General Works Limited","Construction of buildings","NOT_mining_related","no","120140119654","10/02/2014","363","1","0","Manganese/Quartz/Copper","0","0","1"
"Teviem Enterprises Limited","Sale of motor vehicles","NOT_mining_related","no","120120105176","07/09/2012","354","1","0","Iron Ore/Gold/Tourmaline","1","0","0"
"Adept Services Zambia Limited","Construction of buildings","NOT_mining_related","no","120160006321","07/09/2016","350","1","0","Copper","0","1","1"
"Tanda INVESTMENTS LIMITED"," Mixed farming","NOT_mining_related","no","120210020005","01/09/2021","349","1","0","Gold/Copper/Cobalt","1","1","0"
"Jordan Fresh Farms Limited","Mixed farming","NOT_mining_related","no","120210015197","21/04/2021","345","1","0","Silver/Zinc/Gold","1","0","1"
"Mwizerwa and Sons Mineral Trading Company Limited","Non-specialized wholesale trade","NOT_mining_related","yes","120190003315","26/04/2019","339","1","1","Tin/Tantalum","1","1","1"
"Azarel Investment Limited","Construction of buildings","NOT_mining_related","no","120140123879","02/07/2014","326","1","1","Copper","0","0","1"
"Luco Mines Company Limited","Non-specialized wholesale trade","NOT_mining_related","yes","119870016339","09/11/1987","325","2","1","Emerald/Copper/Quartz","0","1","0"
"Coles Logistics Limited"," Construction of other civil engineering projects","NOT_mining_related","no","120210022267","15/10/2021","323","1","0","Quartz/Sandstone/Limestone (General)","1","1","1"
"Weleyange Investment Limited","Manufacture of other porcelain and ceramic products","NOT_mining_related","no","120220040990","26/10/2022","322","2","0","Sand and Gravel/Feldspar/Beryllium","1","1","0"
"Minerals & Metals Corporation Zambia Limited","Non-specialized wholesale trade","NOT_mining_related","yes","120180006037","19/07/2018","321","1","0","Amethyst","0","0","1"
"BASEMETALLIC ZAMBIA LIMITED","Other transportation support activities","NOT_mining_related","no","120070068378","03/09/2007","320","1","1","Copper/Cobalt","0","0","1"
"Trenfort Investments Zambia Limited","Non-specialized wholesale trade","NOT_mining_related","no","120170005051","05/07/2017","318","1","0","Quartz/Gold/Tourmaline","0","0","1"
"Giemme Zambia Limited","Other transportation support activities","NOT_mining_related","no","120070065606","20/02/2007","314","3","0","Silver/Quartz/Silica","0","0","1"
"Katken Enterprises Limited","Other personal service activities n.e.c.","NOT_mining_related","no","120230049310","17/04/2023","303","1","0","Nickel/Quartz/Manganese","1","0","1"
"Benox Investments Limited","Non-specialized wholesale trade","NOT_mining_related","no","120160003752","26/05/2016","301","1","0","Nickel/Manganese/Zinc","0","0","1"
"Vortan Innovations Limited"," Non-specialized wholesale trade","NOT_mining_related","no","120210017806","29/06/2021","300","1","0","Manganese/Gold/Copper","1","0","1"
"Prowave  Investments  Limited","Wholesale on a fee or contract basis","NOT_mining_related","no","120241006928","18/05/2024","298","2","0","Gold/Copper/Cobalt","1","0","2"
"Hapa Development Zambia Limited","Other professional, scientific and technical activities n.e.c.","NOT_mining_related","no","120070069678","20/11/2007","297","1","1","Quartz/Emerald/Beryllium","0","0","0"
"Basemetalic Zambia Limited","Other transportation support activities","NOT_mining_related","no","120070068378","03/09/2007","297","1","0","Marble/Limestone (General)","0","0","1"
"Kamamu Engineering Limited","Construction of other civil engineering projects","NOT_mining_related","no","120220029638","11/03/2022","293","2","0","Limestone (General)/Marble/Dolomite","1","0","2"
"Flight Mining Limited","Construction of utility projects","NOT_mining_related","yes","120120103153","26/06/2012","286","2","1","Manganese/Quartz/Copper","0","0","1"
"Mahadebe Enterprises Limited","Photocopying, document preparation and other specialized office support activities","NOT_mining_related","no","120220041046","26/10/2022","284","1","0","Phosphorus-Phosphates/Zinc/Cobalt","1","0","1"
"Minache Resources Limited","Other personal service activities n.e.c.","NOT_mining_related","no","120241012935","18/09/2024","282","1","0","Gold","1","0","0"
"Samther General Services Limited","Construction of utility projects","NOT_mining_related","no","120190002039","04/03/2019","278","1","0","Nickel/Manganese/Tin","0","0","1"
"Minicom Technologies Limited","Wired telecommunications activities","NOT_mining_related","no","120130117782","03/12/2013","268","1","0","Nickel/Quartz/Zinc","1","1","0"
"Zimasi Resources Limited","Non-specialized wholesale trade","NOT_mining_related","no","120220028606","21/02/2022","265","2","0","Iron Ore/Gold/Copper","1","0","1"
"Sky Africa Engineering & Construction Limited","Construction of buildings","NOT_mining_related","no","120140127717","14/11/2014","261","1","1","Sand and Gravel","0","1","0"
"Solidstone Construction Limited","Construction of buildings","NOT_mining_related","no","120120105087","05/09/2012","260","1","0","Manganese","0","0","0"
"Neelkanth Lime Limited","Freight transport by road","NOT_mining_related","no","120100083611","29/03/2010","253","1","1","Limestone (General)","0","1","1"
"Champion Minerals Limited","Other manufacturing n.e.c.","NOT_mining_related","yes","120170008664","09/11/2017","247","1","1","Manganese","0","1","1"
"Buffalo Consortium Limited","Real estate activities on a fee or contract basis","NOT_mining_related","no","120130112217","16/05/2013","247","1","1","Limestone (General)/Silver/Zinc","0","0","1"
"Izulu Lethu Mining & Trading Academy Limited","Other education n.e.c.","NOT_mining_related","yes","120190002518","25/03/2019","242","1","0","Manganese/Gold/Copper","1","0","1"
"Zambian Limo Tours & Travel Limited","Other professional, scientific and technical activities n.e.c.","NOT_mining_related","no","120130113933","18/07/2013","233","2","0","Limestone (General)/Manganese/Quartz","0","0","2"
"Wealth Front Resources Limited","Remediation activities and other waste management services","NOT_mining_related","no","120241011353","17/08/2024","233","1","0","Iron Ore/Manganese/Gold","1","0","0"
"Alois Enterprise  Limited","Construction of buildings","NOT_mining_related","no","120010047997","24/08/2001","227","2","0","Emerald","0","0","0"
"Huios Mining and Mineral Explorations","Construction of buildings","NOT_mining_related","yes","120070064903","05/01/2007","226","4","0","Gold/Copper/Cobalt","0","0","1"
"Uniturtle Industries Zambia Limited","Other manufacturing n.e.c.","NOT_mining_related","no","119840013488","08/11/1984","222","2","0","Limestone (General)/Dolomite","0","0","1"
"Masob General Dealers Limited","Mixed farming","NOT_mining_related","no","120210013170","23/02/2021","214","4","0","Quartz/Manganese/Gold","1","0","1"
"Dolomite Aggregate Limited","Freight transport by road","NOT_mining_related","yes","120040057329","15/12/2004","214","1","1","Dolomite","1","1","1"
"Kanshimba Development Company Limited","Construction of buildings","NOT_mining_related","no","120140121205","02/04/2014","212","1","0","Silica/Granite","0","0","1"
"Chisaka Estates Limited","Other professional, scientific and technical activities n.e.c.","NOT_mining_related","no","120110092547","23/05/2011","211","1","0","Nickel/Silver/Zinc","0","0","1"
"Chikana Mining Limited","Processing and preserving of fruit and vegetables","NOT_mining_related","yes","119970038284","22/05/1997","210","1","1","Emerald","0","0","1"
"Kapetu Quarry Limited","Construction of buildings","NOT_mining_related","yes","120100083788","07/04/2010","210","1","0","Iron Ore/Manganese/Zinc","0","1","0"
"Lizamwe Enterprises Limited","Non-specialized wholesale trade","NOT_mining_related","no","120190007241","13/09/2019","206","5","0","Gold/Silver/Manganese","1","1","0"
"Highway Industries Limited","Construction of buildings","NOT_mining_related","no","120210012558","05/02/2021","194","1","0","Iron Ore/Anhydrite/Limestone (General)","1","1","1"
"The Big Shofolo Enterprises Limited","Renting and leasing of other machinery, equipment and tangible goods","NOT_mining_related","no","120230047841","18/03/2023","187","1","0","Tantalum/Iron Ore/Gold","1","0","0"
"GWK Earth Movers.Com Limited","Non-specialized wholesale trade","NOT_mining_related","no","120160006450","14/09/2016","187","1","0","Quartz/Silica/Gold","0","0","1"
"Orbit Drilling and Exploration Limited","Construction of utility projects","NOT_mining_related","yes","120140125857","08/09/2014","183","2","0","Lead/Manganese/Zinc","0","0","2"
"SANDSTONE PROJECTS LIMITED","Construction of roads and railways","NOT_mining_related","no","120210024583","03/12/2021","178","1","0","Manganese/Silver/Zinc","1","1","0"
"Asalaam Zambia Limited","Non-specialized wholesale trade","NOT_mining_related","no","120170003457","04/05/2017","175","1","0","Limestone (General)/Sand/Dolomite","0","0","0"
"Nyengo Resources Limited","Non-specialized wholesale trade","NOT_mining_related","no","120241013201","23/09/2024","174","3","0","Iron Ore/Fluorine-Fluorite/Coal","1","0","0"
"Myala City Company Limited","Other manufacturing n.e.c.","NOT_mining_related","no","120200006366","12/08/2020","170","2","0","Granite/Copper","1","1","1"
"Jakaya Mining Limited","Construction of buildings","NOT_mining_related","yes","120110098455","28/12/2011","167","1","0","Manganese/Lead/Zinc","0","0","0"
"LA Tashen Limited","Non-specialized wholesale trade","NOT_mining_related","no","120190001261","08/02/2019","154","1","0","Manganese/Lead/Silver","0","0","1"
"J.L.Cole Investments Limited","Non-specialized wholesale trade","NOT_mining_related","no","120220037633","16/08/2022","153","1","0","Copper","1","0","1"
"Matalloy Company Limited","Other manufacturing n.e.c.","NOT_mining_related","no","119960006971","10/08/1996","150","1","1","Copper","0","1","1"
"Top Feng Investments Limited","Mixed farming","NOT_mining_related","no","120220039848","28/09/2022","150","1","0","Coal","1","0","0"
"Kantobo Mining Limited","Mixed farming","NOT_mining_related","yes","120060063928","12/10/2006","149","1","1","Copper/Cobalt","0","1","1"
"Mediterranean Mining Limited","Construction of buildings","NOT_mining_related","yes","120030052732","23/06/2003","149","1","1","Gold/Copper","0","1","1"
"Sulicol Trading Limited","Non-specialized wholesale trade","NOT_mining_related","no","120230055519","25/08/2023","148","1","0","Nickel/Malachite/Zinc","1","0","1"
"Maxchi Cargo Services Zambia Limited","Cargo handling","NOT_mining_related","no","120170004662","16/06/2017","144","1","0","Manganese/Nickel/Anhydrite","0","0","0"
"Goldbelt Mining Industries Limited","Construction of buildings","NOT_mining_related","yes","120140123392","13/06/2014","139","1","0","Lead/Iron Ore/Graphite","0","0","0"
"AJM Construction Limited","Construction of buildings","NOT_mining_related","no","120140120264","28/02/2014","137","1","0","Sand and Gravel/Crushed/Broken Stone","0","0","1"
"Mechross enterprises limited"," Construction of other civil engineering projects","NOT_mining_related","no","120210023496","10/11/2021","133","1","0","Manganese/Lead/Zinc","1","1","1"
"Namadan General Trading Limited","Sale of motor vehicle parts and accessories","NOT_mining_related","no","120080075998","20/11/2008","133","1","0","Gold/Copper/Cobalt","0","1","1"
"Dekalb General Dealers Limited","Construction of roads and railways","NOT_mining_related","no","120220026888","19/01/2022","133","1","0","Malachite/Nickel/Gold","1","1","1"
"Reality Real Estate Limited","Real estate activities on a fee or contract basis","NOT_mining_related","no","120180007707","13/09/2018","127","2","0","Emerald/Beryllium","0","1","1"
"Kailjee Construction Zambia Limited","Other specialized construction activities","NOT_mining_related","no","120080070908","05/02/2008","121","1","1","Sand and Gravel/Granite","0","1","1"
"Chilanga Cement  Plc","Other manufacturing n.e.c.","NOT_mining_related","yes","120080000304","29/07/1949","119","1","1","Limestone (General)","0","1","1"
"Kalukana Investments Limited","Construction of buildings","NOT_mining_related","no","120090076881","19/01/2009","118","1","0","Emerald/Beryllium","0","0","1"
"Mamala Enterprises Limited","Other transportation support activities","NOT_mining_related","no","119990043484","13/10/1999","117","1","0","Amethyst","0","0","0"
"LSL CONSULTANCY & INVESTMENT LIMITED","Non-specialized wholesale trade","NOT_mining_related","no","120241006442","10/05/2024","111","1","0","Quartz/Nickel/Zinc","1","0","1"
"Distinction Work Wear Garments Limited","Other transportation support activities","NOT_mining_related","no","120120103994","27/07/2012","110","1","0","Manganese/Zinc/Gold","0","0","0"
"Khadela Mining Limited","Radio broadcasting","NOT_mining_related","yes","120030053250","28/08/2003","109","3","3","Amethyst/","0","0","0"
"Katima Stones Limited","Other manufacturing n.e.c.","NOT_mining_related","no","120000046088","05/12/2000","108","1","1","Stone","1","1","1"
"Vermark General Engineering Limited","Construction of other civil engineering projects","NOT_mining_related","no","120210021255","27/09/2021","108","1","0","Manganese/Rare EarthsElements/Lead","1","1","1"
"Chanosi Enterprises and General Dealers Limited","Non-specialized wholesale trade","NOT_mining_related","no","120170003467","04/05/2017","107","1","0","Mica/Nickel/Limestone (General)","0","1","0"
"Chisunka Mining and Natural Resources Foundation Limited","Other social work activities without accommodation","NOT_mining_related","yes","120120105825","01/10/2012","101","1","0","Lead/Manganese/Silver","1","0","1"
"Thrio Consulting and Management Services Limited","Construction of buildings","NOT_mining_related","no","120040057036","18/11/2004","100","1","0","Silver/Quartz/Zinc","0","0","1"
"Lu Hang Stone Mining Company Limited","Other manufacturing n.e.c.","NOT_mining_related","yes","120130116902","01/11/2013","96","1","1","Limestone (General)/Dolomite","0","1","1"
"Juta Investment Limited","Non-specialized wholesale trade","NOT_mining_related","no","120251022111","14/03/2025","96","1","0","Silver/Zinc/Diamond","1","0","0"
"Lincolnsabrina Equity Limited","Non-specialized wholesale trade","NOT_mining_related","no","120210011867","19/01/2021","94","1","0","Quartz/Lithium/Tin","1","0","0"
"Buyaco Intergrated Limited","Other human health activities","NOT_mining_related","no","120170002603","31/03/2017","93","1","0","Zinc/Iron Ore/Copper","0","0","1"
"Yasac Investments Limited","Freight transport by road","NOT_mining_related","no","120120107056","15/11/2012","90","1","0","Lead/Tin/Zinc","1","0","0"
"Jolunde Agro Services Limited"," Support activities for crop production","NOT_mining_related","no","120210016277","19/05/2021","89","1","0","Emerald/Beryllium","1","0","1"
"Batizateck Youth Investments Limited"," Construction of other civil engineering projects","NOT_mining_related","no","120210016846","03/06/2021","89","2","0","Copper/Cobalt/Gold","1","0","0"
"Novatrade Investments Limited","Non-specialized wholesale trade","NOT_mining_related","no","120241004151","22/03/2024","88","1","0","Coal/Feldspar/Fluorine-Fluorite","1","1","0"
"Wincyril Enterprises Limited","Non-specialized wholesale trade","NOT_mining_related","no","120180009060","26/10/2018","86","1","0","Manganese/Gold/Zinc","0","0","1"
"Mount Horeb Investments Limited","Freight transport by road","NOT_mining_related","no","120020051357","20/12/2002","85","1","1","Tin/Titanium/Tungsten","0","1","1"
"Lawgum Investments Limited","Construction of buildings","NOT_mining_related","no","120080071139","18/02/2008","83","1","0","Manganese/Malachite/Limestone (General)","0","0","0"
"Mano Yachilamaka Mining Company Limited","Non-specialized wholesale trade","NOT_mining_related","yes","120170009008","21/11/2017","78","1","1","Emerald/Beryllium","0","0","1"
"Frank Shewitt Enterprises Limited","Private security activities","NOT_mining_related","no","120100086585","26/08/2010","75","1","0","Amethyst","0","0","1"
"Project For Agricultural And Individual Development Limited","Mixed farming","NOT_mining_related","no","120190002036","04/03/2019","69","1","0","Iron Ore/Manganese/Rare EarthsElements","0","0","1"
"Bendu Transport Limited","Freight transport by road","NOT_mining_related","no","120080070573","17/01/2008","67","1","1","Silica/Sand and Gravel","0","0","1"
"SIRMUSA MINERALS LIMITED","Non-specialized wholesale trade","NOT_mining_related","yes","120241005035","11/04/2024","67","2","0","Manganese/Silver/Zinc","1","0","0"
"Bonita Logistics Limited","Freight transport by road","NOT_mining_related","no","120200002915","16/04/2020","67","1","0","Quartz/Silica/Silver","0","0","1"
"Bauxite Mining Limited","Construction of other civil engineering projects","NOT_mining_related","yes","120010048614","21/11/2001","66","1","0","Silica/Silver/Zinc","0","1","1"
"Kuti Foods Company Limited","Other food service activities","NOT_mining_related","no","120210023155","03/11/2021","63","1","0","Tantalum/Quartz/Tourmaline","1","0","1"
"Smart Wood Limited","Sawmilling and planing of wood","NOT_mining_related","no","120180006342","01/08/2018","63","2","2","Silver/Tantalum/Tin","0","0","1"
"Mirage Investments Limited","Other transportation support activities","NOT_mining_related","no","120090079318","26/06/2009","60","1","0","Manganese/Copper","1","1","1"
"Mara Benefit Logistics Limited","Non-specialized wholesale trade","NOT_mining_related","no","120210015382","26/04/2021","60","2","0","Nickel/Manganese/Zinc","1","0","0"
"Starmiles Enterprises Limited","Other transportation support activities","NOT_mining_related","no","120150134096","20/07/2015","59","1","1","Talc-Soapstone/Marble/Limestone (General)","0","0","1"
"Junior Jala Holdings limited","Other personal service activities n.e.c.","NOT_mining_related","no","120200007179","03/09/2020","59","1","0","Iron Ore","1","1","1"
"Lotuno Enterprises Limited","Processing and preserving of fish, crustaceans and molluscs","NOT_mining_related","no","120170001558","24/02/2017","57","1","1","Tin/Tourmaline/Amethyst","0","0","0"
"Beatis Ventura Limited","Architectural and engineering activities and related technical consultancy","NOT_mining_related","no","120150132080","07/05/2015","56","1","0","Tantalum/Silver/Quartz","0","0","1"
"Sikum Agencies Limited","Other manufacturing n.e.c.","NOT_mining_related","no","120000044290","06/03/2000","56","1","0","Manganese/Iron Ore/Copper","0","0","0"
"Musenga Resources Limited","Other specialized construction activities","NOT_mining_related","no","120200007100","01/09/2020","53","1","1","Gold/Zinc/Cobalt","1","0","1"
"Kanfield Limited","Construction of buildings","NOT_mining_related","no","120160000977","08/02/2016","51","1","0","Anhydrite/Gypsum","0","0","1"
"Central Province Agricultural Growth Scheme Of Zambia Limited","Freight transport by road","NOT_mining_related","no","120140121649","17/04/2014","50","1","1","Copper/Cobalt","0","0","1"
"Chimetal Zambia Limited","Other manufacturing n.e.c.","NOT_mining_related","no","120180003630","03/05/2018","50","1","1","Manganese","0","1","1"
"One Stop Tyre Express Limited","Sale of motor vehicle parts and accessories","NOT_mining_related","no","120170005528","21/07/2017","50","1","0","Gold/Copper/Cobalt","0","0","0"
"Garba Trading Limited","Mixed farming","NOT_mining_related","no","120220030763","01/04/2022","47","1","0","Emerald/Beryllium","1","0","1"
"Lusa Small Mines Limited","Other transportation support activities","NOT_mining_related","yes","120050060532","16/11/2005","46","1","1","Emerald/Beryllium","0","0","1"
"Charizma Enterprises Limited","Processing and preserving of fruit and vegetables","NOT_mining_related","no","120130111423","22/04/2013","46","1","1","Limestone (General)/Dolomite","0","1","1"
"Tirupati Investment Limited","Construction of buildings","NOT_mining_related","no","120130109163","04/02/2013","45","1","0","Emerald/Quartz/Corundum","0","0","0"
"MC Chewe Building and General Contractors Limit","Freight transport by road","NOT_mining_related","no","119930028612","14/05/1993","44","1","0","Emerald","0","0","0"
"M.G Mwanjisi Auto Parts Limited","Construction of buildings","NOT_mining_related","no","120130111555","24/04/2013","44","1","0","Emerald","1","0","1"
"TRYTON CONSTRUCTION & ENGINEERING COMPANY LIMITED","Construction of buildings","NOT_mining_related","no","120160007528","17/10/2016","43","1","0","Limestone (General)/Dolomite","0","0","1"
"CLASSACT VENTURES LIMITED","Mixed farming","NOT_mining_related","no","120251020810","19/02/2025","43","1","0","Gold/Iron Ore/Cobalt","1","0","0"
"Emmanuel and Joseph Scrap Metal Co. Ltd.","Materials recovery","NOT_mining_related","yes","119750008199","23/06/1975","40","1","1","Emerald","0","0","1"
"Remmy Contractors And General Dealers Limited","Wholesale of food, beverages and tobacco","NOT_mining_related","no","120080076315","11/12/2008","40","1","1","Quartz/Aquamarine","0","0","1"
"Solwezi Cement Limited","Other manufacturing n.e.c.","NOT_mining_related","yes","120080072759","21/05/2008","37","1","1","Manganese/Silica/Limestone (General)","0","0","1"
"Puza Investments Limited","Construction of buildings","NOT_mining_related","no","120180005727","10/07/2018","33","1","0","Manganese/Niobium (Columbium)/Limestone (General)","0","0","1"
"Union Star Industry Limited","Manufacture of basic iron and steel","NOT_mining_related","no","120180006256","27/07/2018","33","1","1","Zinc/Lead/Copper","0","1","0"
"Advantex Investments Limited","Materials recovery","NOT_mining_related","no","120130108700","16/01/2013","33","2","2","Copper","0","0","2"
"Big ponds Zambia Limited","Freight transport by road","NOT_mining_related","no","120090078276","17/04/2009","33","1","0","Limestone (General)/Lead/Zinc","0","1","0"
"Abracha Zambia Limited","Construction of buildings","NOT_mining_related","no","120120101571","02/05/2012","32","1","0","Emerald/Beryllium","0","0","0"
"Zambo Industrial Company Limited","Wholesale of solid, liquid and gaseous fuels and related products","NOT_mining_related","no","120241003600","11/03/2024","30","1","1","Nickel/Mica/Manganese","1","1","1"
"Point & Line Technology Ltd","Other publishing activities","NOT_mining_related","no","120210025277","17/12/2021","30","1","1","Stone","1","0","0"
"Kavs Equipment Limited","Freight transport by road","NOT_mining_related","no","120060063053","26/07/2006","28","1","1","Emerald","1","1","1"
"Omax Ferro Alloys Zambia Limited","Other manufacturing n.e.c.","NOT_mining_related","yes","120140128261","09/12/2014","27","1","1","Manganese/Quartz/Copper","0","1","1"
"Kovichi Contractors and Suppliers Limited","Construction of buildings","NOT_mining_related","no","120100082627","02/02/2010","27","1","1","Silica/Sand and Gravel","0","0","1"
"Melzer Mining Limited","Processing and preserving of fruit and vegetables","NOT_mining_related","yes","120110089935","01/02/2011","25","1","1","Emerald","1","1","1"
"Olipe Investments Limited","Raising of other animals","NOT_mining_related","no","120220043720","27/12/2022","23","1","0","Niobium (Columbium)/Nickel/Molybdenum","1","0","1"
"Novel Ferro Alloys Limited","Other manufacturing n.e.c.","NOT_mining_related","yes","120200004476","10/06/2020","23","1","1","Manganese/Quartz/Iron Ore","1","0","1"
"Easy Resources Limited","Other specialized construction activities","NOT_mining_related","no","120210018910","30/07/2021","23","1","1","Gold/Silver/Cobalt","1","1","1"
"Bubanji Resources Limited","Mixed farming","NOT_mining_related","no","120230058975","01/11/2023","20","1","1","Gold","1","0","1"
"Huan Yu Mining Mining Limited","Manufacture of basic iron and steel","NOT_mining_related","yes","120220028481","18/02/2022","20","1","1","Gold/Copper/Cobalt","1","0","1"
"Lukomaria Mining Investment Limited","Short term accommodation activities","NOT_mining_related","yes","119990042883","14/06/1999","20","1","0","Emerald/Beryllium","0","0","0"
"Goldtec Investment Limited","Non-specialized wholesale trade","NOT_mining_related","no","120190001262","08/02/2019","20","1","1","Copper/Cobalt","0","0","1"
"Millenium Business Systems Limited","Construction of buildings","NOT_mining_related","no","120090077150","03/02/2009","17","1","0","Quartz/Amethyst","0","1","0"
"Makgreen Consultant Limited","Management consultancy activities","NOT_mining_related","no","120210023062","02/11/2021","13","1","0","Manganese/Laterite/Nickel","1","1","0"
"Ethical Exim Investments Limited","Manufacture of gas; distribution of gaseous fuels through mains","NOT_mining_related","no","120220029815","15/03/2022","13","1","1","Manganese/Aluminum (Other)","1","1","1"
"Hilaac Company Limited","Freight transport by road","NOT_mining_related","no","120220043857","29/12/2022","13","1","1","Gold","1","0","1"
"Junsheng Industry Company Limited","Electric power generation, transmission and distribution","NOT_mining_related","no","120130115472","12/09/2013","13","1","1","Copper/Cobalt","0","0","0"
"Taysiir Investments Limited","Non-specialized wholesale trade","NOT_mining_related","no","120100085126","14/06/2010","13","1","1","Gold","1","1","1"
"Orin Resources Limited","Construction of buildings","NOT_mining_related","no","120241016450","28/11/2024","13","1","1","Silver/Gold/Copper","1","1","0"
"Elikato General Dealers Limited","Wholesale of construction materials, hardware, plumbing and heating equipment and supplies","NOT_mining_related","no","120210022186","14/10/2021","13","1","0","Limestone (General)/Lead/Zinc","1","0","0"
"Elijah Moomba General Dealers Limited","Non-specialized wholesale trade","NOT_mining_related","no","120200001127","07/02/2020","13","1","1","Iron Ore/Silver/Zinc","1","0","1"
"DZ Trading and Logistics Company Limited","Freight transport by road","NOT_mining_related","no","120220041709","10/11/2022","13","1","1","Gold/Copper","1","0","1"
"Havfree International Trade (pty) Limited","Wholesale of other machinery and equipment","NOT_mining_related","no","120180007644","12/09/2018","11","1","0","Nickel/Manganese/Zinc","1","1","1"
"Astro Quarries Limited","Other manufacturing n.e.c.","NOT_mining_related","no","120110093966","19/07/2011","10","1","1","Limestone (General)","0","0","1"
"Jaswin Alloys Manufacturing Limited","Manufacture of basic iron and steel","NOT_mining_related","yes","120170006935","11/09/2017","10","1","1","Silica/Manganese/Iron Ore","0","1","1"
"Nasteho Investment Limited","Other passenger land transport","NOT_mining_related","no","120241008097","10/06/2024","10","1","1","Gold/Copper","1","0","0"
"Mineral Junxion And Transport Limited","Freight transport by road","NOT_mining_related","yes","120090076800","14/01/2009","10","1","1","Copper","0","0","1"
"Kevmich Resources Limited","Real estate activities with own or leased property","NOT_mining_related","no","120241008029","06/06/2024","10","1","1","Gold/Copper/Cobalt","0","0","1"
"NALEYE BLOCKS AND MINING MINERAL PROCESSING LIMITED","Other specialized construction activities","NOT_mining_related","yes","120120101021","11/04/2012","7","1","1","Gold/Copper","0","0","1"
"Zambian Gold Tiger Construction and Materials Limited","Freight transport by road","NOT_mining_related","yes","120130111842","03/05/2013","7","1","1","Limestone (General)/Granite/Dolomite","0","0","1"
"Wanshida International Investments Company Limited","Non-specialized wholesale trade","NOT_mining_related","no","120241016775","06/12/2024","7","1","1","Copper/Cobalt","1","0","0"
"Habib Bey Logistics Limited","Freight transport by road","NOT_mining_related","no","120230054044","26/07/2023","7","1","1","Gold","1","1","1"
"Towhid Trading Limited","Processing and preserving of meat","NOT_mining_related","no","120230061327","20/12/2023","7","1","1","Gold","1","1","0"
"SANAABIL INVESTMENTS LIMITED","Non-specialized wholesale trade","NOT_mining_related","no","120230061643","29/12/2023","7","1","1","Gold","1","1","1"
"Libra Mining Limited","Construction of buildings","NOT_mining_related","yes","120060061374","10/02/2006","7","1","1","Gold","0","1","1"
"Jesmu Industry Company Limited","Non-specialized wholesale trade","NOT_mining_related","no","120180005464","28/06/2018","7","1","1","Malachite/Mineral Sands/Sand","0","0","1"
"Baalgoray Trading Limited","Non-specialized wholesale trade","NOT_mining_related","no","120230052568","26/06/2023","7","1","1","Gold","1","0","1"
"Gateway Express Logistics Limited","Freight transport by road","NOT_mining_related","no","120210024616","03/12/2021","7","1","1","Gold","1","1","1"
"Virgin Blue Company","Other transportation support activities","NOT_mining_related","no","120070068673","20/09/2007","7","1","1","Malachite/Manganese/Lead","1","1","1"
"Howler Construction Limited"," Construction of buildings","NOT_mining_related","no","120210022558","21/10/2021","7","1","0","Silica/Silver/Quartz","1","0","1"
"JIYAD INVESTMENTS LIMITED","Freight transport by road","NOT_mining_related","no","120230060505","01/12/2023","7","1","1","Gold","0","1","1"
"Dalmar Investments Limited","Other transportation support activities","NOT_mining_related","no","120210012232","27/01/2021","7","1","1","Gold/Copper","0","0","0"
"Superdeal Investments Limited","Other manufacturing n.e.c.","NOT_mining_related","no","120070068438","05/09/2007","7","1","1","Zinc/Lead","0","0","1"
"Zambezi Natural Stone Company Limited","Processing and preserving of fruit and vegetables","NOT_mining_related","yes","120040055326","18/05/2004","4","1","1","Talc-Soapstone","0","1","1"
"Stamojan Limited","Other professional, scientific and technical activities n.e.c.","NOT_mining_related","no","120050059662","17/08/2005","4","1","0","","0","0","0"
"Clean Lime Zambia Limited","Other manufacturing n.e.c.","NOT_mining_related","no","120180010809","27/12/2018","3","1","1","Limestone (General)","0","1","1"
"IFTIN INVESTMENTS LIMITED","Non-specialized wholesale trade","NOT_mining_related","no","120241002966","27/02/2024","3","1","1","Gold","1","1","1"
"Kaka Eagles Eye Investment Limited","Mixed farming","NOT_mining_related","no","120130112110","13/05/2013","2","1","0","Manganese/Copper","0","0","0"
"STREAMVILLE HOLDING LIMITED  i","Mixed farming","NOT_mining_related","no","120220038154","25/08/2022","2","1","1","Gold/Copper","1","0","0"
"Blue Dream Investment Limited","Freight transport by road","NOT_mining_related","no","120130111465","23/04/2013","2","1","1","Laterite/Limestone (General)/Dolomite","0","1","1"
"Tianyu Mining Zambia Limited","Other manufacturing n.e.c.","NOT_mining_related","yes","120140118948","16/01/2014","1","1","1","Limestone (General)/Granite/Dolomite","1","0","1"
"Irchi Investment Limited","Freight transport by road","NOT_mining_related","no","120070067082","11/06/2007","1","1","1","Emerald/Beryllium/Aquamarine","0","0","0"
"Unicorn Resources Limited",,"UNRESOLVED_MULTI_MATCH","no","System.Object[]","System.Object[]","143099","2","0","Iron Ore/Lead/Quartz","System.Object[]","System.Object[]","0"
"Universal Ventures Limited",,"UNRESOLVED_MULTI_MATCH","no","System.Object[]","System.Object[]","123137","5","0","Manganese/Copper/Iron Ore","System.Object[]","System.Object[]","2"
"Concorde Construction",,"UNRESOLVED_MULTI_MATCH","no","System.Object[]","System.Object[]","109105","3","0","Gold/Copper/Silver","System.Object[]","System.Object[]","1"
"Zambian Metals Industries Limited",,"UNRESOLVED_MULTI_MATCH","no","System.Object[]","System.Object[]","108963","4","0","Gold/Copper/Lead","System.Object[]","System.Object[]","0"
"Stalwart Investments Limited",,"UNRESOLVED_MULTI_MATCH","no","System.Object[]","System.Object[]","91406","2","0","Gold/Manganese/Iron Ore","System.Object[]","System.Object[]","2"
"Madar Mining Zambia Limited",,"UNRESOLVED_MULTI_MATCH","no","System.Object[]","System.Object[]","79372","1","0","Rare EarthsElements/Manganese/Lead","System.Object[]","System.Object[]","0"
"Sendwe Investments Limited",,"UNRESOLVED_MULTI_MATCH","no","System.Object[]","System.Object[]","70697","5","1","Gold/Nickel/Cobalt","System.Object[]","System.Object[]","0"
"Eagles Holding Limited",,"UNRESOLVED_MULTI_MATCH","no","System.Object[]","System.Object[]","59800","4","1","Lead/Silver/Zinc","System.Object[]","System.Object[]","2"
"L and I Investments Limited",,"UNRESOLVED_MULTI_MATCH","no","System.Object[]","System.Object[]","55208","1","0","Nickel/Silver/Gold","System.Object[]","System.Object[]","0"
"Zambia Investments Connections Limited",,"UNRESOLVED_MULTI_MATCH","no","System.Object[]","System.Object[]","51300","1","0","Gold/Copper/Cobalt","System.Object[]","System.Object[]","0"
"Innovative Mining Limited",,"UNRESOLVED_MULTI_MATCH","no","System.Object[]","System.Object[]","48880","1","0","Titanium/Nickel/Zinc","System.Object[]","System.Object[]","0"
"Intergration Zambia Limited",,"UNRESOLVED_MULTI_MATCH","no","System.Object[]","System.Object[]","48235","1","0","Manganese/Iron Ore/Platinum","System.Object[]","System.Object[]","1"
"Hemings Investments Limited",,"UNRESOLVED_MULTI_MATCH","no","System.Object[]","System.Object[]","47808","3","0","Copper/Cobalt/Silver","System.Object[]","System.Object[]","2"
"Kafue Copper Limited",,"UNRESOLVED_MULTI_MATCH","no","System.Object[]","System.Object[]","47544","4","0","Copper/Silver/Cobalt","System.Object[]","System.Object[]","1"
"Trade Zone Limited",,"UNRESOLVED_MULTI_MATCH","no","System.Object[]","System.Object[]","42662","3","0","Anhydrite/Gypsum/Talc-Soapstone","System.Object[]","System.Object[]","2"
"Handa Resources Limited",,"UNRESOLVED_MULTI_MATCH","no","System.Object[]","System.Object[]","40217","2","1","Gold/Zinc/Cobalt","System.Object[]","System.Object[]","1"
"San He Manufacturing Zambia Limited",,"UNRESOLVED_MULTI_MATCH","no","System.Object[]","System.Object[]","36732","8","3","Copper/Zinc/Manganese","System.Object[]","System.Object[]","3"
"Changa Mining Limited",,"UNRESOLVED_MULTI_MATCH","no","System.Object[]","System.Object[]","36386","1","0","Iron Ore/Manganese/Gold","System.Object[]","System.Object[]","0"
"Forward Mining Limited",,"UNRESOLVED_MULTI_MATCH","no","System.Object[]","System.Object[]","22243","5","0","Gold/Copper/Cobalt","System.Object[]","System.Object[]","1"
"Yabonse Investment Limited",,"UNRESOLVED_MULTI_MATCH","no","System.Object[]","System.Object[]","21342","4","0","Nickel/Iron Ore/Zinc","System.Object[]","System.Object[]","0"
"Mulungushi Corporation Limited",,"UNRESOLVED_MULTI_MATCH","no","System.Object[]","System.Object[]","18659","3","1","Gold/Copper/Cobalt","System.Object[]","System.Object[]","2"
"SHAN MINING LIMITED",,"UNRESOLVED_MULTI_MATCH","no","System.Object[]","System.Object[]","18371","1","0","Malachite/Manganese/Lead","System.Object[]","System.Object[]","0"
"Opulent Wealthy Investment Limited",,"UNRESOLVED_MULTI_MATCH","no","System.Object[]","System.Object[]","17233","3","1","Quartz/Iron Ore/Manganese","System.Object[]","System.Object[]","2"
"NASH INVESTMENTS LIMITED",,"UNRESOLVED_MULTI_MATCH","no","System.Object[]","System.Object[]","15498","4","0","Copper/Gold/Cobalt","System.Object[]","System.Object[]","0"
"Pasture Mining Company Limited",,"UNRESOLVED_MULTI_MATCH","no","System.Object[]","System.Object[]","13488","1","0","Gold/Manganese/Copper","System.Object[]","System.Object[]","1"
"Shree  Agro Farm Limited",,"UNRESOLVED_MULTI_MATCH","no","System.Object[]","System.Object[]","12593","1","0","Quartz/Manganese/Rare EarthsElements","System.Object[]","System.Object[]","1"
"Chem Mining Limited",,"UNRESOLVED_MULTI_MATCH","no","System.Object[]","System.Object[]","12020","2","0","Gold/Copper/Anhydrite","System.Object[]","System.Object[]","1"
"The Diamond Rock Mining Limited",,"UNRESOLVED_MULTI_MATCH","no","System.Object[]","System.Object[]","11125","1","0","Limestone (General)/Lead/Silver","System.Object[]","System.Object[]","1"
"Makeni College School of Nursing",,"UNRESOLVED_MULTI_MATCH","no","System.Object[]","System.Object[]","11073","1","0","Tantalum/Thallium/Silver","System.Object[]","System.Object[]","0"
"KASCCO Limited",,"UNRESOLVED_MULTI_MATCH","no","System.Object[]","System.Object[]","10567","1","0","Lithium/Lead/Platinum","System.Object[]","System.Object[]","0"
"Peco Limited",,"UNRESOLVED_MULTI_MATCH","no","System.Object[]","System.Object[]","10084","2","2","Manganese/Copper","System.Object[]","System.Object[]","1"
"Rising Mines Limited",,"UNRESOLVED_MULTI_MATCH","no","System.Object[]","System.Object[]","10028","3","0","Iron Ore/Manganese/Zinc","System.Object[]","System.Object[]","2"
"Afrimin Resources Limited",,"UNRESOLVED_MULTI_MATCH","no","System.Object[]","System.Object[]","9690","1","0","Nickel/Platinum Group Metals/Gold","System.Object[]","System.Object[]","0"
"Universal Mining and Chemical Industries Limited",,"UNRESOLVED_MULTI_MATCH","no","System.Object[]","System.Object[]","9306","4","4","/Iron Ore/Copper","System.Object[]","System.Object[]","2"
"Jewel of Africa Limited",,"UNRESOLVED_MULTI_MATCH","no","System.Object[]","System.Object[]","8371","6","0","Copper/Emerald/Gold","System.Object[]","System.Object[]","0"
"Choice Minerals Limited",,"UNRESOLVED_MULTI_MATCH","no","System.Object[]","System.Object[]","8166","1","0","Iron Ore/Silver/Zinc","System.Object[]","System.Object[]","1"
"Legacy Innovations Limited",,"UNRESOLVED_MULTI_MATCH","no","System.Object[]","System.Object[]","6979","1","0","Manganese/Nickel/Silver","System.Object[]","System.Object[]","1"
"Tripple M Mining Limited",,"UNRESOLVED_MULTI_MATCH","no","System.Object[]","System.Object[]","6799","1","0","Gold/Zinc/Cobalt","System.Object[]","System.Object[]","1"
"Epic Solutions Limited",,"UNRESOLVED_MULTI_MATCH","no","System.Object[]","System.Object[]","6270","2","0","Gold/Copper/Cobalt","System.Object[]","System.Object[]","2"
"Rochris Investments Limited",,"UNRESOLVED_MULTI_MATCH","no","System.Object[]","System.Object[]","6169","1","0","Manganese/Lithium/Platinum Group Metals","System.Object[]","System.Object[]","0"
"Kiddies University Limited",,"UNRESOLVED_MULTI_MATCH","no","System.Object[]","System.Object[]","5549","2","0","Manganese/Zinc/Gold","System.Object[]","System.Object[]","1"
"Mijeko Mining Limited",,"UNRESOLVED_MULTI_MATCH","no","System.Object[]","System.Object[]","4729","2","0","Manganese/Nickel/Iron Ore","System.Object[]","System.Object[]","0"
"Mabula Mining Company Limited",,"UNRESOLVED_MULTI_MATCH","no","System.Object[]","System.Object[]","4496","7","0","Limestone (General)/Granite/Copper","System.Object[]","System.Object[]","0"
"Afro Dynamics Limited",,"UNRESOLVED_MULTI_MATCH","no","System.Object[]","System.Object[]","4156","3","0","Limestone (General)/Tourmaline/Gold","System.Object[]","System.Object[]","1"
"Wash Zambia Limited",,"UNRESOLVED_MULTI_MATCH","no","System.Object[]","System.Object[]","3900","1","0","Lead/Palladium/Zinc","System.Object[]","System.Object[]","0"
"Aarey Mining Limited",,"UNRESOLVED_MULTI_MATCH","no","System.Object[]","System.Object[]","3774","4","0","Limestone (General)/Copper/Emerald","System.Object[]","System.Object[]","0"
"Green Mineral Zambia Limited",,"UNRESOLVED_MULTI_MATCH","no","System.Object[]","System.Object[]","3692","4","0","Silver/Copper/Cobalt","System.Object[]","System.Object[]","0"
"Pine Investments Limited",,"UNRESOLVED_MULTI_MATCH","no","System.Object[]","System.Object[]","3608","1","0","Iron Ore/Zinc/Gold","System.Object[]","System.Object[]","1"
"EAGLES HOLDINGS LIMITED",,"UNRESOLVED_MULTI_MATCH","no","System.Object[]","System.Object[]","3604","1","0","Niobium (Columbium)/Nickel/Molybdenum","System.Object[]","System.Object[]","0"
"Concrete Structures Limited",,"UNRESOLVED_MULTI_MATCH","no","System.Object[]","System.Object[]","3531","1","0","Iron Ore/Granite/Rare EarthsElements","System.Object[]","System.Object[]","1"
"Gypsum Mining Limited",,"UNRESOLVED_MULTI_MATCH","no","System.Object[]","System.Object[]","3301","1","0","Gold/Gravel/Copper","System.Object[]","System.Object[]","0"
"Nguzu Mining Limited",,"UNRESOLVED_MULTI_MATCH","no","System.Object[]","System.Object[]","3228","1","0","Manganese/Silver/Zinc","System.Object[]","System.Object[]","1"
"Legacy Resources Limited",,"UNRESOLVED_MULTI_MATCH","no","System.Object[]","System.Object[]","3010","1","0","Rare EarthsElements/Lithium/Zinc","System.Object[]","System.Object[]","1"
"Industrial Resources Limited",,"UNRESOLVED_MULTI_MATCH","no","System.Object[]","System.Object[]","2790","2","0","Malachite/Silver/Gold","System.Object[]","System.Object[]","0"
"Yu Chuan Mining Zambia Limited",,"UNRESOLVED_MULTI_MATCH","no","System.Object[]","System.Object[]","2697","1","0","Mica/Niobium (Columbium)/Fluorine-Fluorite","System.Object[]","System.Object[]","0"
"Shree Agro Farm Limited",,"UNRESOLVED_MULTI_MATCH","no","System.Object[]","System.Object[]","2687","1","0","Quartz/Manganese/Rare EarthsElements","System.Object[]","System.Object[]","0"
"Zan Mining company Limited",,"UNRESOLVED_MULTI_MATCH","no","System.Object[]","System.Object[]","2630","3","0","Tungsten/Zinc/Nickel","System.Object[]","System.Object[]","3"
"Zhonghui Mining Group Limited",,"UNRESOLVED_MULTI_MATCH","no","System.Object[]","System.Object[]","2558","2","0","Gold/Copper/Cobalt","System.Object[]","System.Object[]","0"
"Victory Resources Limited",,"UNRESOLVED_MULTI_MATCH","no","System.Object[]","System.Object[]","2432","1","0","Copper","System.Object[]","System.Object[]","0"
"Gulf Africa MInerals Limited",,"UNRESOLVED_MULTI_MATCH","no","System.Object[]","System.Object[]","2020","3","2","Gold/Nickel/Manganese","System.Object[]","System.Object[]","2"
"Metro Mining Limited",,"UNRESOLVED_MULTI_MATCH","no","System.Object[]","System.Object[]","2012","11","9","Emerald/Beryllium/Aquamarine","System.Object[]","System.Object[]","10"
"Luwi Investments Limited",,"UNRESOLVED_MULTI_MATCH","no","System.Object[]","System.Object[]","1917","6","4","Gold/Copper/Quartz","System.Object[]","System.Object[]","1"
"Metmin Limited",,"UNRESOLVED_MULTI_MATCH","no","System.Object[]","System.Object[]","1831","1","0","Talc-Soapstone/Silver/Rare EarthsElements","System.Object[]","System.Object[]","1"
"Lukabu Westlake enterprises",,"UNRESOLVED_MULTI_MATCH","no","System.Object[]","System.Object[]","1818","2","0","Iron Ore/Lead/Gold","System.Object[]","System.Object[]","0"
"Yang Mining Company Limited",,"UNRESOLVED_MULTI_MATCH","no","System.Object[]","System.Object[]","1601","2","0","Lead/Zinc/Gold","System.Object[]","System.Object[]","1"
"African Metals and  Mining Limited",,"UNRESOLVED_MULTI_MATCH","no","System.Object[]","System.Object[]","1479","1","0","Limestone (General)/Lead/Manganese","System.Object[]","System.Object[]","1"
"Trendy Enterprises Limited",,"UNRESOLVED_MULTI_MATCH","no","System.Object[]","System.Object[]","1256","2","0","Lead/Limestone (General)/Manganese","System.Object[]","System.Object[]","2"
"Forest Mining Limited",,"UNRESOLVED_MULTI_MATCH","no","System.Object[]","System.Object[]","1196","3","1","Iron Ore/Manganese/Lead","System.Object[]","System.Object[]","1"
"AMS Commodities Limited",,"UNRESOLVED_MULTI_MATCH","no","System.Object[]","System.Object[]","1160","3","0","Copper/Silver/Zinc","System.Object[]","System.Object[]","1"
"HUA HUI INVESTMENT LIMITED",,"UNRESOLVED_MULTI_MATCH","no","System.Object[]","System.Object[]","1098","1","0","Malachite/Lead/Iron Ore","System.Object[]","System.Object[]","0"
"Pamodzi Investments Limited",,"UNRESOLVED_MULTI_MATCH","no","System.Object[]","System.Object[]","1082","2","0","Copper/Gold/Silver","System.Object[]","System.Object[]","0"
"Athena Investments Limited",,"UNRESOLVED_MULTI_MATCH","no","System.Object[]","System.Object[]","1069","2","0","Iron Ore/Silver/Gold","System.Object[]","System.Object[]","2"
"Raptor Mining Limited",,"UNRESOLVED_MULTI_MATCH","no","System.Object[]","System.Object[]","998","1","0","Gold/Silver/Tourmaline","System.Object[]","System.Object[]","0"
"Hardrock Investments Limited",,"UNRESOLVED_MULTI_MATCH","no","System.Object[]","System.Object[]","990","1","0","Nickel/Silver/Copper","System.Object[]","System.Object[]","1"
"Cales Investment Limited",,"UNRESOLVED_MULTI_MATCH","no","System.Object[]","System.Object[]","959","1","0","Silver/Nickel/Zinc","System.Object[]","System.Object[]","1"
"Integrity Mining Limited",,"UNRESOLVED_MULTI_MATCH","no","System.Object[]","System.Object[]","952","1","0","Nickel/Zinc/Gold","System.Object[]","System.Object[]","0"
"Twenty Ten Investments Limited",,"UNRESOLVED_MULTI_MATCH","no","System.Object[]","System.Object[]","910","3","1","Iron Ore/Manganese/Quartz","System.Object[]","System.Object[]","0"
"KLC Investments Limited",,"UNRESOLVED_MULTI_MATCH","no","System.Object[]","System.Object[]","903","1","0","Limestone (General)/Rare EarthsElements/Ruby","System.Object[]","System.Object[]","0"
"Roan Sable Limited",,"UNRESOLVED_MULTI_MATCH","no","System.Object[]","System.Object[]","901","1","0","Manganese","System.Object[]","System.Object[]","1"
"Grizzly Mining Limited",,"UNRESOLVED_MULTI_MATCH","no","System.Object[]","System.Object[]","841","2","2","Emerald/Beryllium","System.Object[]","System.Object[]","1"
"Zambezi Portland Cement Limited",,"UNRESOLVED_MULTI_MATCH","no","System.Object[]","System.Object[]","774","3","3","Dolomite/Limestone (General)/Laterite","System.Object[]","System.Object[]","3"
"Kings Centre Limited",,"UNRESOLVED_MULTI_MATCH","no","System.Object[]","System.Object[]","554","2","0","Sand/Limestone (General)/Gravel","System.Object[]","System.Object[]","2"
"Broken Hill Marketing Limited",,"UNRESOLVED_MULTI_MATCH","no","System.Object[]","System.Object[]","530","3","2","Copper/Manganese/Silver","System.Object[]","System.Object[]","1"
"Global Mining Limited",,"UNRESOLVED_MULTI_MATCH","no","System.Object[]","System.Object[]","479","1","0","Gold/Quartz/Copper","System.Object[]","System.Object[]","1"
"Chimsoro Farms Limited",,"UNRESOLVED_MULTI_MATCH","no","System.Object[]","System.Object[]","472","1","0","Silica/Sand and Gravel/Quartz","System.Object[]","System.Object[]","0"
"King of Ore Mine Limited",,"UNRESOLVED_MULTI_MATCH","no","System.Object[]","System.Object[]","398","1","1","Quartz/Gold/Tourmaline","System.Object[]","System.Object[]","1"
"Matrix Mining Limited",,"UNRESOLVED_MULTI_MATCH","no","System.Object[]","System.Object[]","398","1","1","Gold/Copper","System.Object[]","System.Object[]","1"
"African Deposit Limited",,"UNRESOLVED_MULTI_MATCH","no","System.Object[]","System.Object[]","397","1","1","Silver/Gold/Copper","System.Object[]","System.Object[]","1"
"Tian Investments Limited",,"UNRESOLVED_MULTI_MATCH","no","System.Object[]","System.Object[]","394","1","1","Silver/Zinc/Iron Ore","System.Object[]","System.Object[]","1"
"MECS Service Limited",,"UNRESOLVED_MULTI_MATCH","no","System.Object[]","System.Object[]","377","1","0","Gold/Quartz/Silver","System.Object[]","System.Object[]","0"
"Sachin Limited",,"UNRESOLVED_MULTI_MATCH","no","System.Object[]","System.Object[]","361","2","1","Emerald","System.Object[]","System.Object[]","1"
"Mighte General Dealers and Suppliers",,"UNRESOLVED_MULTI_MATCH","no","System.Object[]","System.Object[]","359","1","0","Gold","System.Object[]","System.Object[]","0"
"Tiger Distributors Limited",,"UNRESOLVED_MULTI_MATCH","no","System.Object[]","System.Object[]","358","4","1","Tourmaline/Zinc/Iron Ore","System.Object[]","System.Object[]","1"
"Lotus Mining Limited",,"UNRESOLVED_MULTI_MATCH","no","System.Object[]","System.Object[]","336","1","1","Iron Ore/Manganese/Copper","System.Object[]","System.Object[]","1"
"Rayn Mining Limited",,"UNRESOLVED_MULTI_MATCH","no","System.Object[]","System.Object[]","333","1","1","Gold/Malachite/Quartz","System.Object[]","System.Object[]","1"
"Base Metalic Zambia Limited",,"UNRESOLVED_MULTI_MATCH","no","System.Object[]","System.Object[]","320","1","1","Copper/Cobalt","System.Object[]","System.Object[]","1"
"Umuntu Resources Limited",,"UNRESOLVED_MULTI_MATCH","no","System.Object[]","System.Object[]","219","1","1","Iron Ore/Silver/Cobalt","System.Object[]","System.Object[]","1"
"MC Mining Limited",,"UNRESOLVED_MULTI_MATCH","no","System.Object[]","System.Object[]","217","1","0","Nickel/Manganese/Quartz","System.Object[]","System.Object[]","1"
"Kang Investements Limited",,"UNRESOLVED_MULTI_MATCH","no","System.Object[]","System.Object[]","181","1","0","Rare EarthsElements/Manganese/Zinc","System.Object[]","System.Object[]","1"
"Joint Mining Limited",,"UNRESOLVED_MULTI_MATCH","no","System.Object[]","System.Object[]","178","1","1","Limestone (General)/Stone/Dolomite","System.Object[]","System.Object[]","0"
"Enviro Processing Limited",,"UNRESOLVED_MULTI_MATCH","no","System.Object[]","System.Object[]","166","1","1","Vanadium/Zinc/Lead","System.Object[]","System.Object[]","1"
"Santas Mining Limited",,"UNRESOLVED_MULTI_MATCH","no","System.Object[]","System.Object[]","148","1","1","Emerald","System.Object[]","System.Object[]","1"
"Royal Mines Limited",,"UNRESOLVED_MULTI_MATCH","no","System.Object[]","System.Object[]","140","1","1","","System.Object[]","System.Object[]","1"
"Junza Limited",,"UNRESOLVED_MULTI_MATCH","no","System.Object[]","System.Object[]","140","1","1","Tantalum/Tin/Amethyst","System.Object[]","System.Object[]","0"
"Kayayi Investments Limited",,"UNRESOLVED_MULTI_MATCH","no","System.Object[]","System.Object[]","117","1","1","Emerald","System.Object[]","System.Object[]","1"
"DRM Limited",,"UNRESOLVED_MULTI_MATCH","no","System.Object[]","System.Object[]","104","1","1","Emerald/Beryllium","System.Object[]","System.Object[]","1"
"Jewel Of africa",,"UNRESOLVED_MULTI_MATCH","no","System.Object[]","System.Object[]","100","1","1","Emerald","System.Object[]","System.Object[]","1"
"Malabwe Mine Limited",,"UNRESOLVED_MULTI_MATCH","no","System.Object[]","System.Object[]","96","1","1","Emerald/Beryllium","System.Object[]","System.Object[]","1"
"United Quarries Limited",,"UNRESOLVED_MULTI_MATCH","no","System.Object[]","System.Object[]","96","1","1","Limestone (General)","System.Object[]","System.Object[]","1"
"Roche Investments Limited",,"UNRESOLVED_MULTI_MATCH","no","System.Object[]","System.Object[]","89","1","0","Iron Ore/Anhydrite/Manganese","System.Object[]","System.Object[]","1"
"Trendy Enterprise Limited",,"UNRESOLVED_MULTI_MATCH","no","System.Object[]","System.Object[]","83","1","0","Emerald/Beryllium","System.Object[]","System.Object[]","1"
"The New Vision Newspapers Limited",,"UNRESOLVED_MULTI_MATCH","no","System.Object[]","System.Object[]","60","1","1","Zinc/Manganese/Lead","System.Object[]","System.Object[]","1"
"Kayden Investments Limited",,"UNRESOLVED_MULTI_MATCH","no","System.Object[]","System.Object[]","50","1","0","Emerald","System.Object[]","System.Object[]","1"
"H and K Investments Limited",,"UNRESOLVED_MULTI_MATCH","no","System.Object[]","System.Object[]","45","1","1","Emerald/Beryllium","System.Object[]","System.Object[]","1"
"Aurum Trading Limited",,"UNRESOLVED_MULTI_MATCH","no","System.Object[]","System.Object[]","43","1","0","Quartz/Nickel/Tantalum","System.Object[]","System.Object[]","1"
"Aggregates Limited",,"UNRESOLVED_MULTI_MATCH","no","System.Object[]","System.Object[]","36","1","1","Dolomite","System.Object[]","System.Object[]","0"
"Horeb  Investment Limited",,"UNRESOLVED_MULTI_MATCH","no","System.Object[]","System.Object[]","33","1","0","Silver/Uranium/Gold","System.Object[]","System.Object[]","0"
"Continental Mining Limited",,"UNRESOLVED_MULTI_MATCH","no","System.Object[]","System.Object[]","26","2","1","Coal","System.Object[]","System.Object[]","1"
"House of Minerals Limited",,"UNRESOLVED_MULTI_MATCH","no","System.Object[]","System.Object[]","10","1","0","Silver/Zinc/Gold","System.Object[]","System.Object[]","1"
"CHOOLWE INVESTMENT LIMITED",,"UNRESOLVED_MULTI_MATCH","no","System.Object[]","System.Object[]","7","1","1","Silver/Gold/Copper","System.Object[]","System.Object[]","0"
"Poly In Alliance Limited",,"UNRESOLVED_MULTI_MATCH","no","System.Object[]","System.Object[]","3","1","1","Copper","System.Object[]","System.Object[]","0"
