"entity_id","entity","facility","year","metric","value","unit","as_of_date","source_name","source_url","note"
"CCS","Chambishi Copper Smelter Ltd","","2023","production_value_usd","987574138","USD","","ZEITI Copper Production by Company 2023 XLSX (via data/production_data.js)","",""
"FQM_TRIDENT","Kalumbila Minerals / Sentinel (FQM Trident)","","2023","production_value_usd","1571394742","USD","","ZEITI Copper Production by Company 2023 XLSX (via data/production_data.js)","",""
"LUMWANA","Lumwana Mining Co. (Barrick)","","2023","production_value_usd","999777606","USD","","ZEITI Copper Production by Company 2023 XLSX (via data/production_data.js)","",""
"MOPANI","Mopani Copper Mines Plc","","2023","production_value_usd","296966378","USD","","ZEITI Copper Production by Company 2023 XLSX (via data/production_data.js)","",""
"CNMC_LUANSHYA","CNMC Luanshya Copper Mines","","2023","production_value_usd","177624287","USD","","ZEITI Copper Production by Company 2023 XLSX (via data/production_data.js)","",""
"KCM","Konkola Copper Mines Plc","","2023","production_value_usd","164207003","USD","","ZEITI Copper Production by Company 2023 XLSX (via data/production_data.js)","",""
"LUBAMBE","Lubambe Copper Mine Ltd","","2023","production_value_usd","126679839","USD","","ZEITI Copper Production by Company 2023 XLSX (via data/production_data.js)","",""
"","Chambishi Copper Smelter Ltd (CNMC 60% / Yunnan Copper JV)","Chambishi Copper Smelter","","construction_cost_usd","300000000","USD","2009-01","Institute of Developing Economies (IDE-JETRO), 'China's Mining Footprint in Africa'","https://www.ide.go.jp/English/Data/Africa_file/Manualreport/cia_08.html","'CNMC and Yunnan Copper Industry is set to commission a US$300 million copper smelter in Zambia's Chambishi town.' Same $300m figure repeated by Mining.com (https://www.mining.com/the-mad-scramble-for-copper/), which dates commissioning to 2013; first phase actually opened 2009."
"CCS","Chambishi Copper Smelter Ltd","Chambishi Copper Smelter","","capacity_tpa","150000","tonnes blister copper per annum (Phase 1)","2009","China Nonferrous Mining Corporation Ltd (CNMC) company profile","https://cnmcl.net/en/about-us/company-profile/","Phase 1: 150,000 t blister copper + 400,000 t sulphuric acid per year."
"CCS","Chambishi Copper Smelter Ltd","Chambishi Copper Smelter","","capacity_tpa","250000","tonnes blister/anode copper per annum (post Phase 2)","2025","China Nonferrous Mining Corporation Ltd (CNMC) company profile","https://cnmcl.net/en/about-us/company-profile/","After Phase 2 expansion: 250,000 t blister/anode copper, 600,000 t sulphuric acid, 17,500 t cobalt-copper alloy, 300 t bismuth oxychloride per year. Phase 2 expansion cost not found in a citable source."
"","Chambishi Metals Plc (ERG 90% / ZCCM-IH 10%)","Chambishi cobalt/copper refinery","","capacity_tpa","6800","tonnes cobalt metal per annum","2020-01 (on care & maintenance since)","Eurasian Resources Group (Luxembourg) enterprise page","https://www.eurasianresources.lu/en/pages/all-enterprises/chambishi-metals-plc.html","Verified on ERG page: '6,800 tpa cobalt metal', acquired 2010, currently on care and maintenance. ZCCM-IH 10% stake per Investing News Network (https://investingnews.com/daily/resource-investing/battery-metals-investing/cobalt-investing/erg-chambishi-metals-suspends-cobalt-production-zambia/)."
"CHAMBISHI_METALS","Chambishi Metals Plc","Chambishi cobalt/copper refinery","","capacity_tpa","55000","tonnes Grade A copper metal per annum","2020-01","Eurasian Resources Group enterprise page","https://www.eurasianresources.lu/en/pages/all-enterprises/chambishi-metals-plc.html","Placed on care and maintenance end-Jan 2020 due to concentrate shortage after Zambia's 5% import duty on concentrates (Mining.com: https://www.mining.com/web/erg-suspends-zambia-refinery-on-shortage-of-cobalt-copper-concentrates-2/). No published financials found."
"","CNMC Luanshya Copper Mines Plc (CNMC 80% / ZCCM-IH 20%)","","","transaction_value_usd","50000000","USD","2009-06","Industrial Info Resources","https://www.industrialinfo.com/news/article.jsp?newsitemID=147753","CNMC acquired majority stake in Luanshya Copper Mines from Enya Holdings BV for US$50m. IIR headline says 85%; ZCCM-IH investment page (https://www.zccm-ih.com.zm/investments/mining-assets/cnmc-luanshya-copper-mines-plc/) states CNMC 80% / ZCCM-IH 20%."
"CNMC_LUANSHYA","CNMC Luanshya Copper Mines Plc","","","investment_committed_usd","400000000","USD","2009-06","Industrial Info Resources","https://www.industrialinfo.com/news/article.jsp?newsitemID=147753","US$400m investment commitment announced alongside the 2009 acquisition (mine restart + Muliashi development)."
"CNMC_LUANSHYA","CNMC Luanshya Copper Mines Plc","Muliashi project (Muliashi North Mine + Leach Plant)","","construction_cost_usd","368000000","USD","2012-04 (first cathode 27 Apr 2012)","CNMC press release 'Muliashi Project Commenced Production' (via Land Matrix archive)","https://landmatrix.org/media/uploads/cnmccomcndetailenjsparticle_millseconds1342084372281column_no0114.pdf","'The Muliashi Project, which bears investment of US$368 million, commenced production.' CNMC news (https://cnmcl.net/en/news-center/corporate-news/20180103/) separately cites US$340m for the Muliashi smelting/leach plant with designed output 40,000 tpa cathode."
"CNMC_LUANSHYA","CNMC Luanshya Copper Mines Plc","Muliashi leach plant","","capacity_tpa","40000","tonnes copper cathode per annum (design)","2012","CNMC (China Nonferrous Mining Corp) corporate news","https://cnmcl.net/en/news-center/corporate-news/20180103/","Designed annual output 40,000 t cathode copper; commissioned April 2012."
"CNMC_LUANSHYA","CNMC Luanshya Copper Mines Plc","Luanshya (incl. Shaft 28 restart)","","investment_committed_usd","1300000000","USD","2023-09","ZCCM-IH investment page (news item)","https://www.zccm-ih.com.zm/investments/mining-assets/cnmc-luanshya-copper-mines-plc/","'CNMC to invest US$1.3bn' announced September 2023 (Shaft 28 / expansion program)."
"","NFC Africa Mining Plc (CNMC 85% / ZCCM-IH 15%)","Chambishi Main mine","","transaction_value_usd","20000000","USD","1998","Institute of Developing Economies (IDE-JETRO)","https://www.ide.go.jp/English/Data/Africa_file/Manualreport/cia_08.html","'Purchase of an 85 percent stake of Chambishi copper mine for about US$20 million in 1998.' Same source: >US$200m subsequent investment inflow incl. smelter plants; mine capacity reached 150,000 t of copper (ore basis context) in 2008. ZCCM-IH page (https://www.zccm-ih.com.zm/investments/mining-assets/nfc-africa-plc/) shows ZCCM-IH 15%."
"NFCA","NFC Africa Mining Plc","Chambishi South East Ore Body (SEOB)","","capex_usd","832000000","USD","2018 (commissioned mid-2018)","ZCCM-IH investment page - NFC Africa Mining Plc","https://www.zccm-ih.com.zm/investments/mining-assets/nfc-africa-plc/","'NFCA officially commissioned the USD832 million South East Ore Body project mid-2018, extending the life of mine by 20 years.' Reuters-sourced ZCCM-IH repost (https://www.zccm-ih.com.zm/2018/08/22/chinese-firm-launches-832-million-zambia-copper-mine/) adds >$500m spent by Aug 2018."
"NFCA","NFC Africa Mining Plc","Chambishi SEOB","","capacity_tpa","60000","tonnes contained copper per annum at full production (3.3 Mtpa ore)","2018","ZCCM-IH investment page - NFC Africa Mining Plc","https://www.zccm-ih.com.zm/investments/mining-assets/nfc-africa-plc/","Design annual capacity 3.3 Mt ore containing 60,000 t copper."
"NFCA","NFC Africa Mining Plc","Chambishi mines (Main, West, SEOB)","2025","production_tonnes","70000","tonnes copper per annum (approx., current)","2025","CNMC company profile","https://cnmcl.net/en/about-us/company-profile/","Profile states mining/processing capacity exceeds 4 Mt/yr ore with copper output 'approximately 70,000 tons' annually. Approximate company-stated figure, not an audited production number."
"","Sino-Metals Leach Zambia Ltd (CNMC 55% / HK Zhongfei 30% / NFCA 15%)","Mwambashi mine + Chambishi leach plant","","capex_usd","70000000","USD","2017 (Mwambashi development)","China Daily","https://global.chinadaily.com.cn/a/202409/05/WS66d90d0ba3108f29c1fca3f2.html","'With an investment of about $70 million', Mwambashi Mine targeting 10,000 tpa copper cathode. Company operates Chambishi leach plant since 2006."
"SINO_METALS","Sino-Metals Leach Zambia Ltd","Chambishi leach plant","2013","production_tonnes","4002","tonnes copper cathode","2013-12-31","USGS Minerals Yearbook, Zambia 2013","https://d9-wret.s3.us-west-2.amazonaws.com/assets/palladium/production/mineral-pubs/country/2013/myb3-2013-za.pdf","Figure surfaced from USGS 2013 Zambia yearbook via search; ownership split (55/30/15) from same source. On 18 Feb 2025 the company's tailings dam collapsed, releasing ~50 million litres of acidic waste into the Kafue river system (Wikipedia: https://en.wikipedia.org/wiki/2025_Sino-Metals_Leach_Zambia_dam_disaster; HRW: https://www.hrw.org/news/2025/09/11/zambia-acid-spill-jeopardizes-residents-health)."
"LUBAMBE","Lubambe Copper Mine Ltd","","","transaction_value_usd","97100000","USD","2017-12 (completed 28 Dec 2017)","S&P Global Market Intelligence","https://www.spglobal.com/marketintelligence/en/news-insights/trending/ydr2w1nfunsfcnv_0w2kvq2","EMR Capital acquired 80% of Lubambe from Vale International and African Rainbow Minerals for US$97.1m (announced Aug 2017). Australian Mining reported a $124m headline figure incl. other elements (https://www.australianmining.com.au/emr-secures-124m-copper-acquisition-vale-african-rainbow-minerals/)."
"LUBAMBE","Lubambe Copper Mine Ltd","","","transaction_value_usd","1","USD (nominal consideration)","2024-07-10 (completed; agreed 2024-01-21)","MarketScreener deal record","https://www.marketscreener.com/quote/stock/JCHX-MINING-MANAGEMENT-CO-23682505/news/JCHX-Mining-Management-Co-Ltd-agreed-to-acquire-80-stake-in-Lubambe-Copper-Mine-Ltd-from-EMR-Cap-45828351/","JCHX (via Sundimo Mining Investments) acquired EMR's 80% for a nominal '$0.000001 million': effectively a token price with assumption of the distressed mine's liabilities. ZCCM-IH confirmation: https://diggers.news/business/2024/07/11/zccm-ih-confirms-sale-of-lubambe-to-jchx/. Post-deal restructuring left ZCCM-IH with 30% and JCHX 70% per ZCCM-IH investment page (https://www.zccm-ih.com.zm/investments/mining-assets/lubambe-copper-mines-plc/). The ~$857m figure in the task brief (project debt context) was NOT found in any published source."
"LUBAMBE","Lubambe Copper Mine Ltd","","","investment_committed_usd","300000000","USD","2024-07","Ecofin Agency / Mining Technology","https://www.ecofinagency.com/mining/1507-45727-chinese-firm-jchx-to-invest-300-million-in-zambias-lubambe-copper-mine","JCHX to invest ~US$300m in operations and life-of-mine extension (also https://www.mining-technology.com/news/chinas-jchx-lubambe-copper-mine/; ZCCM-IH statement in diggers.news confirms 'US$300 million into Lubambe')."
"LUBAMBE","Lubambe Copper Mine Ltd","","2023","production_tonnes","14984","tonnes payable copper","2023 (FY per 2023 annual report extract)","ZCCM-IH, Lubambe extract from 2023 Annual Report","https://www.zccm-ih.com.zm/2023/09/14/lubambe-copper-mines-limited-extract-from-2023-annual-report/","14,984 t payable copper vs budget of 22,979 t; production hindered by ground conditions, dewatering, dilution."
"LUBAMBE","Lubambe Copper Mine Ltd","","","capacity_tpa","45000","tonnes contained copper in concentrate per annum (design)","2025","ZCCM-IH investment page - Lubambe Copper Mines Plc","https://www.zccm-ih.com.zm/investments/mining-assets/lubambe-copper-mines-plc/","Concentrator design: 2.5 Mtpa ore at 2.3% Cu yielding 45,000 t contained copper; currently ramping up under JCHX."
"","Chibuluma Mines Plc (Jinchuan/Metorex 85% / ZCCM-IH 15%)","Chibuluma South / Chifupu","2019","production_tonnes","10000","tonnes copper in concentrates per annum (approx.)","circa 2019 (pre care & maintenance)","Metorex Group - Chibuluma Copper Mines","https://www.metorexgroup.com/mine/chibuluma-mines/","'The Company currently produces 10 000 tons of copper in concentrates per year.' Mine placed on care & maintenance 1 July 2020, then leased to Lian Chao and Yue Ventures Ltd (LC&Y) per ZCCM-IH annual report summaries (https://www.zccm-ih.com.zm/category/all-posts/investee-companies/annual-report-summaries/page/6/) and Jinchuan (http://en.jnmc.com/2022-06/25/c_784243.htm). NO published sale value for any 2017-2021 ownership transfer was found, the arrangement documented is a lease, not a sale; Jinchuan/ZCCM-IH shareholding unchanged in published sources."
"","Mimbula Minerals Ltd (Moxico Resources)","Mimbula Copper Project","","capacity_tpa","10000","tonnes copper cathode per annum (Phase 1)","2022-12 (Phase 1 start)","Moxico Resources - Zambia Operations","https://www.moxicoresources.com/projects/republic-of-zambia/operations","Phase 1 heap leach SX/EW, 10,000 tpa from Dec 2022; first Phase 2 stage doubled capacity to 20,000 tpa (first cathode Jan 2024)."
"","Mimbula Minerals Ltd (Moxico Resources)","Mimbula Copper Project","","capacity_tpa","56000","tonnes copper cathode per annum (Phase 2 target)","target mid-2026","Moxico Resources - Zambia Operations","https://www.moxicoresources.com/projects/republic-of-zambia/operations","Phase 2 expands to 56,000 tpa via 46,000 tpa agitated leach + SX/EW circuit."
"","Mimbula Minerals Ltd (Moxico Resources)","Mimbula Copper Project","","investment_committed_usd","100000000","USD","2022-04","Bizcommunity Zambia","https://www.bizcommunity.co.zm/Article/237/608/226795.html","Moxico announced ~$100m investment to expand Mimbula (April 2022)."
"","Mimbula Minerals Ltd (Moxico Resources)","Mimbula Copper Project","2024","production_tonnes","14000","tonnes copper cathode","2024-12-31","Mining.com (Ecora stream announcement)","https://www.mining.com/ecora-inks-50m-streaming-deal-for-zambian-copper-mine/","Mimbula produced ~14 kt copper cathode in 2024."
"","Mimbula Minerals Ltd (Moxico Resources)","Mimbula Copper Project","","transaction_value_usd","50000000","USD (copper stream financing)","2025","Mining Technology - Ecora copper stream","https://www.mining-technology.com/news/ecora-moxicos-mimbula-mine/","Ecora Resources $50m producing copper stream on Mimbula, 11-year LOM, copper delivered at 30% of quarterly average LME price. Separately Queen's Road Capital invested US$50m in Moxico Resources plc (https://queensrdcapital.com/news/queens-road-capital-announces-us-50-million-investment-in-moxico-resources-plc/). NO Trafigura deal found in published sources."
"","Universal Mining and Chemical Industries Ltd (UMCIL, Trade Kings)","Kafue Steel Plant","","construction_cost_usd","120000000","USD (Phase 1)","2007 (phase 1 completed)","Chalo Chatu Zambia encyclopedia (via search; direct fetch returned 403)","https://chalochatu.org/Universal_Mining_&_Chemical_Industries_Limited","US$120m to establish iron and steel plant at Kafue; phase 1 completed 2007, ~7,000 t/month rolled products; planned DRI phase 2 >US$100m. Figure seen only in search-result snippets of this page: verify against primary before publication."
"","Universal Mining and Chemical Industries Ltd (UMCIL)","Kafue Steel Plant","","capacity_tpa","250000","tonnes steel per annum (installed)","circa 2013","Zambian Mining News","https://www.miningnewszambia.com/universal-mining-invests-k70bn-in-iron-ore-plant/","Installed capacity 250,000 tpa; actual production ~120,000 tpa at the time. Same article: K70 billion (old kwacha) investment in Sanje Hill iron ore mining west of Kafue."
"","Kansanshi Mining Plc (First Quantum 80% / ZCCM-IH 20%)","Kansanshi mine","2022","revenue_usd","1706000000","USD","2022-12-31","First Quantum Minerals 2023 Annual Report, Note 23 Segmented Information","https://www.annualreports.com/HostedData/AnnualReportArchive/f/TSX_FM_2023.pdf","Kansanshi segment revenue $1,706m for FY2022 per audited consolidated financial statements (PDF fetched and text-extracted; comparative column of FY2023 statements)."
"","Kansanshi Mining Plc (First Quantum 80% / ZCCM-IH 20%)","Kansanshi mine","2023","revenue_usd","1598000000","USD","2023-12-31","First Quantum Minerals 2023 Annual Report, Note 23 Segmented Information","https://www.annualreports.com/HostedData/AnnualReportArchive/f/TSX_FM_2023.pdf","Kansanshi segment revenue $1,598m for FY2023 (PDF fetched). Lower than 2022 on reduced grades/throughput."
"","Kansanshi Mining Plc (First Quantum 80% / ZCCM-IH 20%)","Kansanshi mine","2024","revenue_usd","2059000000","USD","2024-12-31","First Quantum Minerals 2025 Annual Report, Note 22 Segmented Information","https://www.first-quantum.com/wp-content/uploads/2026/03/First-Quantum-2025-AR-Final-Web.pdf","Kansanshi segment revenue $2,059m for FY2024 (comparative column of FY2025 audited statements; PDF fetched from first-quantum.com)."
"","Kansanshi Mining Plc (First Quantum 80% / ZCCM-IH 20%)","Kansanshi mine","2025","revenue_usd","2375000000","USD","2025-12-31","First Quantum Minerals 2025 Annual Report, Note 22 Segmented Information","https://www.first-quantum.com/wp-content/uploads/2026/03/First-Quantum-2025-AR-Final-Web.pdf","Kansanshi segment revenue $2,375m for FY2025 (PDF fetched), boosted by S3 expansion ramp-up and higher copper prices."
"KANSANSHI","Kansanshi Mining Plc","Kansanshi mine","2022","production_tonnes","146282","tonnes copper (cathode + concentrate)","2022-12-31","First Quantum Minerals 2023 Annual Report production tables","https://www.annualreports.com/HostedData/AnnualReportArchive/f/TSX_FM_2023.pdf","Kansanshi total copper production 146,282 t in 2022 (PDF fetched)."
"KANSANSHI","Kansanshi Mining Plc","Kansanshi mine","2023","production_tonnes","134827","tonnes copper (cathode + concentrate)","2023-12-31","First Quantum Minerals 2023 Annual Report production tables","https://www.annualreports.com/HostedData/AnnualReportArchive/f/TSX_FM_2023.pdf","Kansanshi produced 134,827 t copper in 2023, 8% lower than 2022 (PDF fetched)."
"KANSANSHI","Kansanshi Mining Plc","Kansanshi mine","2024","production_tonnes","170929","tonnes copper (cathode + concentrate)","2024-12-31","First Quantum Minerals 2025 Annual Report production tables","https://www.first-quantum.com/wp-content/uploads/2026/03/First-Quantum-2025-AR-Final-Web.pdf","Kansanshi 2024 total copper production 170,929 t (comparative column, PDF fetched); highest since 2021, driven by improved grade control. Rounded to 171kt in FQM Q4 2024 news release (https://www.first-quantum.com/news/first-quantum-minerals-reports-fourth-quarter-2024-results/)."
"KANSANSHI","Kansanshi Mining Plc","Kansanshi mine","2025","production_tonnes","181183","tonnes copper (cathode + concentrate)","2025-12-31","First Quantum Minerals 2025 Annual Report","https://www.first-quantum.com/wp-content/uploads/2026/03/First-Quantum-2025-AR-Final-Web.pdf","Kansanshi produced 181,183 t copper in 2025, highest annual production since 2021; includes 25kt from S3 (commercial production declared 1 Dec 2025). PDF fetched."
"KANSANSHI","Kansanshi Mining Plc","Kansanshi S3 Expansion (standalone 25 Mtpa plant + smelter upgrade)","","investment_committed_usd","1250000000","USD","2022-05-08 (board approval)","First Quantum news release: Board Approval of the Kansanshi S3 Expansion","https://www.globenewswire.com/news-release/2022/05/08/2438156/0/en/First-Quantum-Announces-Board-Approval-of-the-Kansanshi-S3-Expansion-and-Enterprise-Nickel-Project.html","Total S3 capex $1.25bn: $900m S3 plant + mine fleet, $350m South East Dome pre-stripping; smelter throughput to rise 1.38 to 1.65 Mtpa (search result URL, figures confirmed across FQM PR and Mining Weekly https://www.miningweekly.com/article/first-quantum-approves-135bn-capex-for-kansanshi-expansion-enterprise-projects-2022-05-09). Commercial production declared 1 December 2025 per FQM 2025 Annual Report (fetched)."
"KANSANSHI","Kansanshi Mining Plc","Kansanshi mine","2022","payments_to_govt_usd","17660000","USD (gross revenue royalty paid to state-owned ZCCM-IH)","2022-12-31","Mwebantu: ZCCM-IH earns US$110.6 million in royalties from Kansanshi","https://www.mwebantu.com/zccm-ih-earns-us110-6-million-in-royalties-from-kansanshi/","Fetched article (published 14 Mar 2026): 3.1% gross revenue royalty payments to ZCCM-IH were US$17.66m (2022), US$38.48m (2023), US$54.51m (2024), cumulative US$110.64m. Royalty replaced ZCCM-IH's 20% dividend rights, approved at EGM 31 Mar 2023 (https://www.zccm-ih.com.zm/2023/04/27/shareholder-update-shareholders-approve-conversion-of-dividend-rights-to-gross-revenue-royalty-rights-in-kansanshi-mining-plc/), completed 4 Apr 2023 per FQM financial statements."
"KANSANSHI","Kansanshi Mining Plc","Kansanshi mine","2023","payments_to_govt_usd","38480000","USD (gross revenue royalty paid to state-owned ZCCM-IH)","2023-12-31","Mwebantu: ZCCM-IH earns US$110.6 million in royalties from Kansanshi","https://www.mwebantu.com/zccm-ih-earns-us110-6-million-in-royalties-from-kansanshi/","SUPERSEDED for analysis: press-reported figure. ZEITI's audited reconciliation (Table 23) gives USD 40513688 for 2023 - prefer that row (source_name 'ZEITI 2023 and 2024 Reconciliation Report'). Kept here because the divergence between press and audited figures is itself worth seeing. | Fetched article. 3.1% GRR effective from 4 Apr 2023 conversion, so 2023 is a partial-year figure. A ZCCM-IH-linked figure of ZMW1,200.19m (US$56.13m) royalties 'received in 2023' appears in other summaries (accrual vs cash timing differences)."
"KANSANSHI","Kansanshi Mining Plc","Kansanshi mine","2024","payments_to_govt_usd","54510000","USD (gross revenue royalty paid to state-owned ZCCM-IH)","2024-12-31","Mwebantu: ZCCM-IH earns US$110.6 million in royalties from Kansanshi","https://www.mwebantu.com/zccm-ih-earns-us110-6-million-in-royalties-from-kansanshi/","SUPERSEDED for analysis: press-reported figure. ZEITI's audited reconciliation (Table 23) gives USD 39724064 for 2024 - prefer that row (source_name 'ZEITI 2023 and 2024 Reconciliation Report'). Kept here because the divergence between press and audited figures is itself worth seeing. | Fetched article. Kansanshi declared no dividends in 2023-24, so the 3.1% royalty was ZCCM-IH's only Kansanshi income in those years (context: https://zambianobserver.com/why-zccm-ihs-royalty-model-could-reshape-state-returns/)."
"","FQM Trident Ltd (First Quantum)","Sentinel mine (Trident segment)","2022","revenue_usd","1980000000","USD","2022-12-31","First Quantum Minerals 2023 Annual Report, Note 23 Segmented Information","https://www.annualreports.com/HostedData/AnnualReportArchive/f/TSX_FM_2023.pdf","Trident segment revenue $1,980m for FY2022 (PDF fetched). Trident = Sentinel copper mine + Enterprise nickel project."
"","FQM Trident Ltd (First Quantum)","Sentinel mine (Trident segment)","2023","revenue_usd","1665000000","USD","2023-12-31","First Quantum Minerals 2023 Annual Report, Note 23 Segmented Information","https://www.annualreports.com/HostedData/AnnualReportArchive/f/TSX_FM_2023.pdf","Trident segment revenue $1,665m for FY2023, including $21m Enterprise nickel pre-commercial revenue (PDF fetched)."
"","FQM Trident Ltd (First Quantum)","Sentinel mine (Trident segment)","2024","revenue_usd","2196000000","USD","2024-12-31","First Quantum Minerals 2025 Annual Report, Note 22 Segmented Information","https://www.first-quantum.com/wp-content/uploads/2026/03/First-Quantum-2025-AR-Final-Web.pdf","Trident segment revenue $2,196m for FY2024 (PDF fetched). Enterprise nickel declared commercial production 1 June 2024."
"","FQM Trident Ltd (First Quantum)","Sentinel mine (Trident segment)","2025","revenue_usd","2089000000","USD","2025-12-31","First Quantum Minerals 2025 Annual Report, Note 22 Segmented Information","https://www.first-quantum.com/wp-content/uploads/2026/03/First-Quantum-2025-AR-Final-Web.pdf","Trident segment revenue $2,089m for FY2025 despite 18% lower Sentinel copper production, offset by higher copper prices (PDF fetched)."
"","FQM Trident Ltd (First Quantum)","Sentinel mine","2022","production_tonnes","242451","tonnes copper","2022-12-31","First Quantum Minerals 2023 Annual Report production tables","https://www.annualreports.com/HostedData/AnnualReportArchive/f/TSX_FM_2023.pdf","Sentinel copper production 242,451 t in 2022 (PDF fetched)."
"","FQM Trident Ltd (First Quantum)","Sentinel mine","2023","production_tonnes","214046","tonnes copper","2023-12-31","First Quantum Minerals 2023 Annual Report production tables","https://www.annualreports.com/HostedData/AnnualReportArchive/f/TSX_FM_2023.pdf","Sentinel copper production 214,046 t in 2023, 12% lower than 2022 on lower throughput (PDF fetched)."
"","FQM Trident Ltd (First Quantum)","Sentinel mine","2024","production_tonnes","230792","tonnes copper","2024-12-31","First Quantum Minerals 2025 Annual Report production tables","https://www.first-quantum.com/wp-content/uploads/2026/03/First-Quantum-2025-AR-Final-Web.pdf","Sentinel copper production 230,792 t in 2024, highest average grades since 2017 (comparative column, PDF fetched)."
"","FQM Trident Ltd (First Quantum)","Sentinel mine","2025","production_tonnes","189040","tonnes copper","2025-12-31","First Quantum Minerals 2025 Annual Report","https://www.first-quantum.com/wp-content/uploads/2026/03/First-Quantum-2025-AR-Final-Web.pdf","Sentinel copper production 189,040 t in 2025, 18% lower than 2024 due to lower grades as mining transitioned between phases (PDF fetched)."
"","Lumwana Mining Company Ltd (Barrick, 100%)","Lumwana mine","2022","revenue_usd","868000000","USD","2022-12-31","Barrick Gold FY2023 40-F, Exhibit 99.3 financial statements (segment note)","https://www.sec.gov/Archives/edgar/data/756894/000119312524068583/d643214dex993.htm","Lumwana segment revenue $868m for FY2022 (SEC filing fetched and text-extracted)."
"","Lumwana Mining Company Ltd (Barrick, 100%)","Lumwana mine","2023","revenue_usd","795000000","USD","2023-12-31","Barrick FY2024 40-F, Exhibit 99.3 financial statements (segment note)","https://www.sec.gov/Archives/edgar/data/756894/000119312525054500/d910692dex993.htm","Lumwana segment revenue $795m for FY2023 (SEC filing fetched; same figure in FY2023 40-F https://www.sec.gov/Archives/edgar/data/756894/000119312524068583/d643214dex993.htm)."
"","Lumwana Mining Company Ltd (Barrick, 100%)","Lumwana mine","2024","revenue_usd","855000000","USD","2024-12-31","Barrick Mining Corp FY2024 40-F, Exhibit 99.3 financial statements (segment note)","https://www.sec.gov/Archives/edgar/data/756894/000119312525054500/d910692dex993.htm","Lumwana segment revenue $855m for FY2024 (SEC filing fetched). Barrick also recorded a $655m impairment reversal at Lumwana in Q4 2024 reflecting increased confidence in the Super Pit expansion after feasibility study completion."
"","Lumwana Mining Company Ltd (Barrick, 100%)","Lumwana mine","2022","capex_usd","380000000","USD (segment capital expenditures, accrual basis)","2022-12-31","Barrick Gold FY2023 40-F, Exhibit 99.3 (segment capital expenditures table)","https://www.sec.gov/Archives/edgar/data/756894/000119312524068583/d643214dex993.htm","Lumwana segment capex $380m in 2022 (SEC filing fetched)."
"","Lumwana Mining Company Ltd (Barrick, 100%)","Lumwana mine","2023","capex_usd","320000000","USD (segment capital expenditures, accrual basis)","2023-12-31","Barrick FY2024 40-F, Exhibit 99.3 (segment capital expenditures table)","https://www.sec.gov/Archives/edgar/data/756894/000119312525054500/d910692dex993.htm","Lumwana segment capex $320m in 2023 (SEC filing fetched). Additionally $37m of Super Pit project costs expensed in 2023."
"","Lumwana Mining Company Ltd (Barrick, 100%)","Lumwana mine","2024","capex_usd","457000000","USD (segment capital expenditures, accrual basis)","2024-12-31","Barrick Mining Corp FY2024 40-F, Exhibit 99.3 (segment capital expenditures table)","https://www.sec.gov/Archives/edgar/data/756894/000119312525054500/d910692dex993.htm","Lumwana segment capex $457m in 2024, up from $320m as Super Pit early works began (SEC filing fetched)."
"","Lumwana Mining Company Ltd (Barrick, 100%)","Lumwana mine","2024","production_tonnes","123000","tonnes copper (100% basis)","2024-12-31","Barrick Q4/full-year 2024 results news release","https://www.globenewswire.com/news-release/2025/02/12/3024843/0/en/Barrick-Delivers-Strong-Year-End-Performance-While-Advancing-Key-Growth-Projects.html","Lumwana produced 123,000 t copper in 2024; C1 cash cost $2.23/lb, cost of sales $2.94/lb (fetched). 2025 guidance 125-155kt."
"","Lumwana Mining Company Ltd (Barrick, 100%)","Lumwana Super Pit expansion","","investment_committed_usd","2000000000","USD","2024-10 (expansion officially launched)","Barrick news release: Lumwana's Super Pit Expansion Officially Launched","https://www.barrick.com/English/news/news-details/2024/lumwana-super-pit-expansion-officially-launched/default.aspx","$2bn total project capital (search result URL; $2bn figure also confirmed in fetched Barrick Q4 2024 results release). Doubles throughput 27 to ~52-54 Mtpa; life-of-mine average ~240ktpa copper; first production targeted 2028; mine life to 2057."
"","Lumwana Mining Company Ltd (Barrick, 100%)","Lumwana mine (via Equinox Minerals takeover)","","transaction_value_usd","7600000000","USD (C$7.3 billion at announcement)","2011-06 (offer closed)","Barrick news release: Barrick Announces Agreement to Acquire Equinox","https://www.barrick.com/English/news/news-details/2011/Barrick-Announces-Agreement-to-Acquire-Equinox/default.aspx","Barrick acquired Equinox Minerals - whose principal asset was the 100%-owned Lumwana mine - for C$8.15/share cash, ~C$7.3bn (~US$7.6bn), outbidding Minmetals (search result URLs: Barrick PR and https://www.globenewswire.com/en/news-release/2011/04/25/1387813/0/en/Barrick-Announces-Agreement-to-Acquire-Equinox.html). Deal also included Jabal Sayid project (Saudi Arabia), so not 100% attributable to Lumwana."
"","Konkola Copper Mines Plc (Vedanta 79.4% / ZCCM-IH 20.6%)","Konkola, Nchanga, Nampundwe operations","","transaction_value_usd","48200000","USD (cash consideration for 51%)","2004-11-05 (completed)","Lexpert deal record: Vedanta Acquires Interest in Konkola Copper Mines","https://www.lexpert.ca/big-deals/vedanta-acquires-interest-in-konkola-copper-mines/345606","Vedanta Resources paid US$48.2m cash for 51% of KCM; aggregate transaction value ~US$270m including a US$220m commitment to fund KCM cash flows and US$1m toward the Konkola Deep feasibility study (search result). Vedanta later increased its stake to 79.4% (ZCCM-IH 20.6%)."
"","Konkola Copper Mines Plc (Vedanta 79.4% / ZCCM-IH 20.6%)","","","capex_usd","3000000000","USD (cumulative claimed investment since 2004)","2019-2022 (company statements)","Mining Weekly: Vedanta continues to invest in Zambia despite legal dispute over KCM","https://www.miningweekly.com/article/vedanta-continues-to-invest-in-zambia-despite-legal-dispute-over-kcm-2022-05-11","Vedanta's repeated claim of 'over US$3 billion invested since 2004' (search result; same claim in Vedanta statements via Lusaka Times 2019 https://www.lusakatimes.com/2019/05/24/vedanta-resource-releases-latest-statement-on-kcm/). Company claim, not independently audited. Covered KCM shaft, smelter, concentrator construction and mine development. ZCCM-IH petitioned to wind up KCM and a provisional liquidator took control in May 2019."
"","Konkola Copper Mines Plc (Vedanta 79.4% / ZCCM-IH 20.6%)","","","investment_committed_usd","1270000000","USD","2023-09-05 (settlement announced)","Mining.com (Reuters): Billionaire-owned Vedanta seals Zambian copper assets deal","https://www.mining.com/web/billionaire-owned-vedanta-seals-zambian-copper-assets-deal/","Under the Sept 2023 agreement between Vedanta, the Zambian government and ZCCM-IH resolving the 2019 liquidation dispute, Vedanta committed US$1.27bn for working capital and mine development at KCM, with legal challenges withdrawn and the provisional liquidator removed (search result)."
"","Konkola Copper Mines Plc (Vedanta 79.4% / ZCCM-IH 20.6%)","","","transaction_value_usd","246000000","USD (payment to KCM creditors)","2024-07 (control regained)","Mining.com (Bloomberg): Vedanta pays $246 million to regain Zambia copper mines","https://www.mining.com/web/vedanta-pays-246-million-to-regain-zambia-copper-mines/","Fetched article (19 Jul 2024): Vedanta paid ~$246m to creditors to complete its return to control of KCM after ~5 years of provisional liquidation; pledged a further $1bn investment to double copper output toward 300ktpa and 6ktpa cobalt."
"MOPANI","Mopani Copper Mines Plc","Mufulira and Nkana operations","","transaction_value_usd","1500000000","USD (transaction debt; nominal purchase price US$1)","2021-03-31 (completed)","Glencore news release: Signed contract to sell underlying stake of 73% in Mopani in $1.5b transaction","https://www.glencore.com/media-and-insights/news/signed-contract-to-sell-underlying-stake-of-73-in-mopani-in-1_5b-transaction","Carlisa Investments (Glencore 73.1%/FQM) transferred its 90% of Mopani to ZCCM-IH for US$1 plus US$1.5bn transaction debt left owed by Mopani to Glencore creditors (interest capitalized 3 years, then LIBOR+3%; Glencore retained offtake until repaid). Search result URLs: Glencore PR and https://www.kitco.com/news/2021-01-19/Glencore-sells-its-73-stake-in-Mopani-for-1-and-1-5B-debt.html."
"MOPANI","Mopani Copper Mines Plc","","","transaction_value_usd","1100000000","USD ($620m new equity for 51% + $400m shareholder loan + offtake advances)","2024-03 (completed)","Energy Capital & Power: IRH Completes Acquisition of Mopani Mine for $1.1B","https://energycapitalpower.com/zambia-irh-acquisition-mopani-mine/","International Resources Holding (IRH, Abu Dhabi) acquired 51% of Mopani from ZCCM-IH (ZCCM-IH retains 49%) via US$1.1bn package: $620m fresh equity, $400m shareholder loan largely to address the residual $1.5bn Glencore transaction debt (search result; also https://www.miningweekly.com/article/irh-commits-up-to-11b-for-interest-in-mopani-copper-mines-zccm-strategic-partnership-2024-02-02 and IRH https://www.irh.ae/irh-completes-the-official-acquisition-of-mopani-copper-mines-in-zambia/)."
"MOPANI","Mopani Copper Mines Plc","Synclinorium, Mindola Deeps, Mufulira Deeps shafts","","capex_usd","1100000000","USD (Glencore-era shaft development program)","2014-2019 (program period; shafts equipped to 2021)","Mining Technology: Glencore to invest $1.1bn to develop Mopani mine shafts in Zambia","https://www.mining-technology.com/news/newsglencore-to-invest-11bn-to-develop-mopani-mine-shafts-in-zambia-4852541/","~$1.1bn capex on three new deep shafts (Synclinorium at Nkana, Mindola Deeps, Mufulira Deeps) to extend mine life 25+ years (search result). Synclinorium shaft alone cited at US$323m in search-result snippets (ZCCM-IH/LinkedIn analyses) - secondary figure, not independently fetched."
"MOPANI","Mopani Copper Mines Plc","","","investment_committed_usd","300000000","USD (near-term investment to reach 200ktpa)","2024","Energy Capital & Power / IRH statements","https://energycapitalpower.com/zambia-irh-acquisition-mopani-mine/","Reported ~$300m investment needed/planned to scale Mopani production toward 200,000 tpa copper within three years of the IRH acquisition (search result; production context in https://www.zawya.com/en/press-release/companies-news/uae-backed-investment-drives-revival-of-zambias-mopani-copper-mines-d3y30sfx reporting +54% contained copper H1 2025 vs H1 2024)."
"ZCCM_IH","ZCCM Investments Holdings Plc","","2024","revenue_usd","115500000","USD (group turnover, ZMW3.21bn)","2024-12-31","Lusaka Securities Exchange: ZCCM-IH joins Zambia's USD 1 billion marketcap club on LuSE","https://www.luse.co.zm/media-center/zccm-ih-joins-zambias-usd-1-billion-marketcap-club-on-luse/","ZCCM-IH turnover ZMW3.21bn (US$115.5m) for FY ended 31 Dec 2024; company crossed US$1bn market capitalisation on LuSE in Aug 2025, second-largest listing after CEC (search result; also https://efficacynews.africa/2025/08/30/zccm-ih-emerges-as-a-billion-dollar-giant-on-the-luse/). Portfolio spans Mopani 49%, KCM 20.6%, Kansanshi 20% (3.1% GRR), Lubambe 30%, CNMC Luanshya 20%, NFCA 15%, plus Maamba Collieries and other assets."
"","Metal Fabricators of Zambia Plc (ZAMEFA, Reunert group)","Luanshya cable and copper rod plant","2023","revenue_usd","125000000","USD (estimated conversion of ZMW2,336,073,000; FY ended 30 Sep 2023)","2023-09-30","ZAMEFA Annual Report 2023 (LuSE)","https://www.luse.co.zm/wp-content/uploads/2024/05/ZAMEFA-Annual-Report-2023.pdf","PDF fetched: revenue ZMW2,336.1m (FY2022: ZMW2,056.2m), +14% YoY; exports 69% of sales. USD value is an ESTIMATE converting at ~ZMW18.7/USD (kwacha moved 15.79 to 21.00 over the fiscal year per the same report) - original kwacha figure is the audited number. ZAMEFA is a Reunert Ltd (JSE) subsidiary via CBI-electric, listed on LuSE."
"","Metal Fabricators of Zambia Plc (ZAMEFA, Reunert group)","Luanshya cable and copper rod plant","2024","revenue_usd","134000000","USD (estimated conversion of ZMW3,401,606,000; FY ended 30 Sep 2024)","2024-09-30","ZAMEFA 2024/2025 Annual Report figures via AfricanFinancials","https://africanfinancials.com/document/zm-zamefa-2024-ar-00/","FY2024 revenue ZMW3,401.6m and FY2025 revenue ZMW3,451.3m appeared in search-result summaries of ZAMEFA's FY2025 reporting on AfricanFinancials (not independently fetched). USD value is an ESTIMATE at ~ZMW25.4/USD average for the Oct 2023-Sep 2024 fiscal year; kwacha figure is the reported number."
"ZAMEFA","Metal Fabricators of Zambia Plc (ZAMEFA)","Luanshya copper rod & cable plant","2025","revenue_usd","130000000","USD","2025-09-30","StockAnalysis.com (LuSE:ZMFA financials)","https://stockanalysis.com/quote/luse/ZMFA/financials/","Fetched page. FY2025 (Oct 2024-Sep 2025) revenue ZMW 3,451m; converted at approx. avg 26.5 ZMW/USD for the fiscal year (own conversion, kwacha averaged roughly 26-28 in the period). Net income ZMW 63.46m."
"ZAMEFA","Metal Fabricators of Zambia Plc (ZAMEFA)","Luanshya copper rod & cable plant","2024","revenue_usd","133000000","USD","2024-09-30","StockAnalysis.com (LuSE:ZMFA financials)","https://stockanalysis.com/quote/luse/ZMFA/financials/","Fetched page. FY2024 revenue ZMW 3,402m, net income ZMW 179.4m; converted at approx. avg 25.5 ZMW/USD for Oct 2023-Sep 2024 (own conversion)."
"ZAMEFA","Metal Fabricators of Zambia Plc (ZAMEFA)","Luanshya copper rod & cable plant","2023","revenue_usd","123000000","USD","2023-09-30","StockAnalysis.com (LuSE:ZMFA financials)","https://stockanalysis.com/quote/luse/ZMFA/financials/","Fetched page. FY2023 revenue ZMW 2,336m, net income ZMW 25.6m; converted at approx. avg 19 ZMW/USD Oct 2022-Sep 2023 (own conversion). FY2022: ZMW 2,056m; FY2021: ZMW 2,424m (not converted here)."
"ZAMEFA","Metal Fabricators of Zambia Plc (ZAMEFA)","Luanshya copper rod plant (Upcast lines)","","capacity_tpa","32000","tonnes copper rod per annum","","Upcast customer reference - Metal Fabricators of Zambia","https://upcast.com/reference/zambian-copper-rod-valued-all-over-africa/","Fetched page. Four Upcast continuous casting lines, total rod capacity 32,000 tpa; article states actual production ~18,000 tpa at time of writing (undated). Rod sizes 8/12.5/16 mm."
"ZAMEFA","Metal Fabricators of Zambia Plc (ZAMEFA)","Luanshya copper rod & cable plant","2022","production_tonnes","10500","tonnes rod, wire and cable","2022-12-31","Self Help Africa / GreenTech4CE - Zambia Copper Wire and Cable Market Assessment (April 2024)","https://selfhelpafrica.org/greentech4ce/wp-content/uploads/sites/19/2024/12/2024-04-Zambia-Copper-Wire-and-Cable-Market-Assessment-Study_publication.pdf","From search snippet of the study (PDF is image-based, could not extract text): ZAMEFA produced about 10,500 t/year of rod, wire and cable in 2022."
"","Reunert Ltd (JSE:RLO)","ZAMEFA (75.39% stake acquisition from General Cable)","2016","transaction_value_usd","9900000","USD","2016-08-26","Reunert media release","https://reunert.co.za/media-release-article.php?articleID=14173","From search snippet (page not fetched). Reunert (JSE:RLO, not NPN) acquired 75.39% of ZAMEFA from General Cable Corp for USD 9.9m, effective 26 Aug 2016; ZAMEFA sits in Reunert's electrical engineering segment (CBi-electric family)."
"","Neelkanth Cables Ltd (Neelkanth Group)","Masaiti/Ndola cable plant","2016","investment_committed_usd","16500000","USD","2016-01-31","allAfrica - Zambia: New Cable Firm Coming (Dec 2015)","https://allafrica.com/stories/201512310594.html","From search snippet. USD 16-17m invested to establish copper cable plant in Masaiti area, Copperbelt; commissioned Jan 2016; 300+ jobs phase 1. Products: LV/MV cables, ABC conductors, copper rod, busbars and strips. Midpoint 16.5m used."
"","Neelkanth Cables Ltd (Neelkanth Group)","Masaiti/Ndola cable plant","2026","revenue_usd","38800000","USD","2026-01-01","RocketReach company profile","https://rocketreach.co/neelkanth-cables-limited-profile_b776277ac53cad90","From search snippet; third-party data-provider estimate (annual revenue USD 38.8m, 2026), LOW CONFIDENCE - not an audited figure."
"","Zambia-China Economic & Trade Cooperation Zone (ZCCZ, CNMC)","Chambishi + Lusaka East parks (zone-level)","2023","investment_committed_usd","2500000000","USD cumulative","2023-10-07","China NDRC - China's First Overseas Economic and Trade Cooperation Zone in Africa","https://en.ndrc.gov.cn/netcoo/goingout/goingoutpic/202310/t20231007_1363170.html","Fetched page. Cumulative investments exceeding USD 2.5bn, nearly 100 enterprises, 10,000+ local jobs; zone established 2007, developer CNMC."
"","Zambia-China Economic & Trade Cooperation Zone (ZCCZ, CNMC)","Chambishi + Lusaka East parks (zone-level)","2021","investment_committed_usd","1667000000","USD cumulative","2021-09-30","Journal of Contemporary East Asia Studies - China-Zambia engagements (Taylor & Francis)","https://www.tandfonline.com/doi/full/10.1080/24761028.2024.2308984","From search snippet. By Sept 2021: cumulative investment USD 1.667bn, 78 companies (59 Chambishi, 19 Lusaka East), 12,775 jobs."
"","Zambia-China Economic & Trade Cooperation Zone (ZCCZ, CNMC)","Zone infrastructure","","investment_committed_usd","29000000","USD (loan)","","AidData - China Development Bank loan to ZCCZ","https://china.aiddata.org/projects/52175/","From search result title only (page not fetched): China Development Bank provided a USD 29m loan for ZCCZ zone development."
"","Chambishi Copper Smelter Ltd (CCS; CNMC 60% / Yunnan Copper 40%)","Chambishi MFEZ smelter","2013","capex_usd","520000000","USD","2013-06-01","International Mining (June 2013) via RepublicOfMining","https://republicofmining.com/2013/06/06/copper-expansion-the-copperbelt-the-pride-of-zambia-by-john-chadwick-publisher-international-mining-june-2013/","From search snippet. CNMC + Yunnan Copper invested USD 520m in the Chambishi smelter (phases 1+2). NOTE: smelter produces blister/anode (upstream of cathode) but is the anchor copper-processing tenant of the Chambishi MFEZ."
"","Chambishi Copper Smelter Ltd (CCS)","Chambishi MFEZ smelter","","capacity_tpa","250000","tonnes blister copper per annum (design)","2024-12-31","Shanghai Metals Market (SMM) visit report","https://news.metal.com/newscontent/103879587-smm-visits-chambishi-copper-smelter-both-parties-engage-in-in-depth-discussion-on-current-status-and-future-development","Fetched page. Design capacity 250,000 t/y blister; output surpassed 260,000 t in 2024. 1,600 Zambian + 170 Chinese employees."
"","Chambishi Copper Smelter Ltd (CCS)","Chambishi MFEZ smelter","2024","production_tonnes","260000","tonnes copper products (2024)","2024-12-31","Shanghai Metals Market (SMM) visit report","https://news.metal.com/newscontent/103879587-smm-visits-chambishi-copper-smelter-both-parties-engage-in-in-depth-discussion-on-current-status-and-future-development","Fetched page. 2024 output surpassed 260,000 t; cumulative production since start-up over 3.3m t copper products and 8.7m t sulphuric acid."
"","Chambishi Copper Smelter Ltd (CCS)","Chambishi MFEZ smelter","2024","revenue_usd","21000000000","USD cumulative sales revenue since establishment","2024-12-31","Shanghai Metals Market (SMM) visit report","https://news.metal.com/newscontent/103879587-smm-visits-chambishi-copper-smelter-both-parties-engage-in-in-depth-discussion-on-current-status-and-future-development","Fetched page. CUMULATIVE (not annual) sales revenue approx USD 21bn since establishment through end-2024."
"","Chambishi Copper Smelter Ltd (CCS)","Chambishi MFEZ smelter","2024","payments_to_govt_usd","300000000","USD cumulative taxes and fees","2024-12-31","Shanghai Metals Market (SMM) visit report","https://news.metal.com/newscontent/103879587-smm-visits-chambishi-copper-smelter-both-parties-engage-in-in-depth-discussion-on-current-status-and-future-development","Fetched page. Over USD 300m in taxes and fees paid cumulatively since establishment."
"","Shandong investor group (incl. Yanggu Xiangguang Copper Co Ltd, Xiang Guang Group)","Chambishi MFEZ","2010","investment_committed_usd","100000000","USD","2010-06-02","African Review - Chambishi Economic Zone draws new business","https://africanreview.com/finance/economy/chambishi-economic-zone-draws-new-business","Fetched page. Four Shandong-province companies (incl. copper fabricator Yanggu Xiangguang Copper) signed USD 100m of investment agreements for the Chambishi zone, June 2010. Follow-through/current operating status unverified."
"","Sino-Metals Leach Zambia Ltd (CNMC subsidiary)","Mwambashi mine + Chambishi leach plant","2017","capex_usd","70000000","USD","2017-12-31","Daily Maverick / Africa Report coverage of Sino-Metals","https://www.dailymaverick.co.za/article/2025-03-04-chambishi-tailings-failure-a-canary-in-zambias-copperbelt/","From search snippet. ~USD 70m Mwambashi mine investment feeding the Chambishi leach plant, ~10,000 tpa copper cathode. NOTE: cathode producer (leach/SX-EW), i.e. at the cathode boundary not downstream; included as ZCCZ copper-processing tenant."
"","Sino-Metals Leach Zambia Ltd (CNMC subsidiary)","Samba copper project","2025","investment_committed_usd","200000000","USD","2025-01-01","China Daily - Sino-Metals jobs, investments create goodwill","https://global.chinadaily.com.cn/a/202409/05/WS66d90d0ba3108f29c1fca3f2.html","From search snippet. Samba project: construction start 2025, operational end-2027, ~USD 200m, 1.5m tpa ore, +20,000 t copper-in-concentrate. Upstream, recorded for ZCCZ tenant completeness."
"","DRC-Zambia Transboundary Battery & EV Special Economic Zone (Afreximbank/UNECA)","Proposed NMC precursor plant (10,000 tpa)","2023","capex_usd","39000000","USD (BloombergNEF modelled estimate)","2023-12-31","BloombergNEF study via NRGI / How We Made It In Africa","https://resourcegovernance.org/publications/drc-zambia-battery-plant-key-considerations-governments-2024","From search snippets. BNEF estimate: USD 39m capex would build a 10,000 tpa NMC cathode-precursor plant in DRC/Zambia, ~3x cheaper than a comparable US plant. Modelled estimate, not a committed investment. Framework agreement Afreximbank-ECA March 2023; ARISE IIP prefeasibility submitted Dec 2023; no plant committed as of mid-2026."
"","DRC-Zambia Transboundary Battery & EV Special Economic Zone (Afreximbank/UNECA)","Full SEZ programme","2024","capex_usd","2700000000","USD (feasibility-study project cost)","2024-04-15","The Exchange Africa - DRC and Zambia SEZ","https://theexchange.africa/investing/drc-and-zambia-sez/","From search snippet ONLY (page returned 403): BloombergNEF study reportedly found the project technically feasible and financially viable at a cost of USD 2.7bn. LOW CONFIDENCE - could not verify on page."
"","KoBold Metals (80%) / ZCCM-IH (20%)","Mingomba copper project, Chililabombwe","2022","investment_committed_usd","150000000","USD","2022-12-14","Latham & Watkins / Mining Technology - KoBold $150m Mingomba investment","https://www.mining-technology.com/news/kobold-investment-zambia-copper/","From search snippets. USD 150m investment into Mingomba deposit announced at US-Africa Leaders Summit Dec 2022 (JV with EMR Capital and ZCCM-IH). Development-stage mining, upstream of fabrication; included per scope instruction."
"","KoBold Metals (80%) / ZCCM-IH (20%)","Mingomba copper mine construction","2026","capex_usd","2300000000","USD estimated capex","2026-04-29","Mining.com / Mining Indaba - KoBold breaks ground on $2.3bn Mingomba mine","https://www.mining.com/web/sam-altman-backed-firm-starts-work-on-zambias-top-copper-mine/","From search snippets. Groundbreaking 29 April 2026; capex estimated USD 2.3-2.5bn (billionaires.africa cites 2.5bn); >300,000 tpa copper at full capacity, first production early 2030s; KoBold had already put >USD 200m into the Zambian economy pre-construction."
"","KoBold Metals (80%) / ZCCM-IH (20%)","Mingomba copper mine","2026","capacity_tpa","300000","tonnes copper per annum (planned, at full capacity)","2026-04-29","Mining.com / Mining Indaba groundbreaking coverage","https://miningindaba.com/articles/kobold-metals-breaks-ground-on-23-billion-min","From search snippets. Planned output >300,000 tpa copper; mine output (not fabrication capacity)."
"","ZALCO Power Cables Ltd","Mungwi Road, Kavulamungu Complex, Lusaka","","capacity_tpa","0","unknown","","ZALCO Cables website","https://zalcocables.com/","Placeholder row - VERIFIED PLAYER, NO PUBLISHED FINANCIALS OR CAPACITY. Established 2020, Lusaka; copper electric cables, wires and copper rods. From search snippets; value 0 = unknown."
"","Uniflex Wires and Cables Ltd","Lusaka plant","","capacity_tpa","0","unknown","","Uniflex Wires and Cables website","https://uniflexcables.com/about-us","Placeholder row - VERIFIED PLAYER, NO PUBLISHED FINANCIALS OR CAPACITY. ISO-certified copper cable manufacturer established 2022, Lusaka. From search snippets; value 0 = unknown."
"","Non-Ferrous Metal Works (Zambia) Ltd","Plot 5155, Zambia Road Heavy Industrial Estate, Ndola","","capacity_tpa","0","unknown","","Non-Ferrous Metal Works (Z) Ltd website","https://www.nonferrousmetalszambia.com/products","Placeholder row - VERIFIED PLAYER, NO PUBLISHED FINANCIALS. Brass/bronze/aluminium foundry: centrifugally spun phosphor bronze, brass castings, rods and ingots; buys copper/brass/bronze scrap. Only identified brass/foundry scrap-to-ingot processor. From search snippets; value 0 = unknown."
"NFCA","NFC AFRICA MINING PLC","2023","payments_to_govt_zmw","19780744.59","ZMW","2023-12-31","ZEITI 2023 and 2024 Reconciliation Report, Annex 4 (Detailed revenue reconciliations)","https://zambiaeiti.org/wp-content/uploads/2025/10/Zambia-EITI-2023-and-2024-report.pdf","[company income tax] Final reconciled position. ZRA-reported 19,780,744.59; company-reported 19,778,900.00; variance ZMW 1,845 explained as 2022 CIT paid in 2023. Figure is ZMW, NOT converted to USD (2023 BoZ average was roughly ZMW 20.2/USD). Local copy: data/gov/zeiti_2023_24.pdf, PDF p.116."
"NFCA","NFC AFRICA MINING PLC","2023","payments_to_govt_zmw","891868435.79","ZMW","2023-12-31","ZEITI 2023 and 2024 Reconciliation Report, Annex 4 (Detailed revenue reconciliations)","https://zambiaeiti.org/wp-content/uploads/2025/10/Zambia-EITI-2023-and-2024-report.pdf","[mineral royalty] Final reconciled position as published. CAUTION: the published final (891,868,435.79) exceeds BOTH sides of the reconciliation - ZRA-reported 608,353,970.44 and company-reported 739,486,745.01 - and equals company-reported plus the stated adjustment of 152,381,691. Looks like an internal inconsistency in the report; treat with care. Reconciling note given: Sep and Oct 2023 receipts omitted from ZRA data; a 2021 receipt included in ZRA data but not on the ZEITI form. ZMW, not converted."
"NFCA","NFC AFRICA MINING PLC","2023","payments_to_govt_zmw","80702713.05","ZMW","2023-12-31","ZEITI 2023 and 2024 Reconciliation Report, Annex 4 (Detailed revenue reconciliations)","https://zambiaeiti.org/wp-content/uploads/2025/10/Zambia-EITI-2023-and-2024-report.pdf","[pay as you earn] Final reconciled position. ZRA-reported 80,702,713.05; company-reported 80,702,713.38; nil variance. ZMW, not converted."
"NFCA","NFC AFRICA MINING PLC","2023","payments_to_govt_zmw","995355074.47","ZMW","2023-12-31","ZEITI 2023 and 2024 Reconciliation Report, Annex 4 (Detailed revenue reconciliations)","https://zambiaeiti.org/wp-content/uploads/2025/10/Zambia-EITI-2023-and-2024-report.pdf","[withholding VAT] Final reconciled position equals ZRA-reported figure; company-reported 973,588,792.17, variance ZMW 21,766,282 explained as 2021 and 2022 withholding VAT omitted from the NFC ZEITI form. ZMW, not converted."
"NFCA","NFC AFRICA MINING PLC","2023","payments_to_govt_zmw","11393491.73","ZMW","2023-12-31","ZEITI 2023 and 2024 Reconciliation Report, Annex 4 (Detailed revenue reconciliations)","https://zambiaeiti.org/wp-content/uploads/2025/10/Zambia-EITI-2023-and-2024-report.pdf","[withholding tax] Final reconciled position. ZRA-reported 11,393,491.73; company-reported 11,393,491.67. ZMW, not converted."
"MOPANI","MOPANI COPPER MINES PLC","2023","payments_to_govt_zmw","68351.50","ZMW","2023-12-31","ZEITI 2023 and 2024 Reconciliation Report, Annex 4 (Detailed revenue reconciliations)","https://zambiaeiti.org/wp-content/uploads/2025/10/Zambia-EITI-2023-and-2024-report.pdf","[company income tax] Final reconciled position equals ZRA-reported receipt; company reported nil. Reconciling note: income tax receipt for 2021 paid in 2023. ZMW, not converted."
"MOPANI","MOPANI COPPER MINES PLC","2023","payments_to_govt_zmw","21443226.00","ZMW","2023-12-31","ZEITI 2023 and 2024 Reconciliation Report, Annex 4 (Detailed revenue reconciliations)","https://zambiaeiti.org/wp-content/uploads/2025/10/Zambia-EITI-2023-and-2024-report.pdf","[mineral royalty] Final reconciled position. ZRA-reported 21,443,226.00; company-reported 21,443,225.68. Mopani's mineral royalty is strikingly small for a mine of its size - it was under care-and-maintenance/low output in 2023 before the IRH transaction. ZMW, not converted."
"MOPANI","MOPANI COPPER MINES PLC","2023","payments_to_govt_zmw","90255447.96","ZMW","2023-12-31","ZEITI 2023 and 2024 Reconciliation Report, Annex 4 (Detailed revenue reconciliations)","https://zambiaeiti.org/wp-content/uploads/2025/10/Zambia-EITI-2023-and-2024-report.pdf","[pay as you earn] Final reconciled position equals ZRA-reported figure; company-reported 85,226,830.93, variance ZMW 5,028,617 (Jan, Feb, Oct 2021 receipts included in 2023 ZRA data but not on the ZEITI form). ZMW, not converted."
"MOPANI","MOPANI COPPER MINES PLC","2023","payments_to_govt_zmw","66117885.75","ZMW","2023-12-31","ZEITI 2023 and 2024 Reconciliation Report, Annex 4 (Detailed revenue reconciliations)","https://zambiaeiti.org/wp-content/uploads/2025/10/Zambia-EITI-2023-and-2024-report.pdf","[withholding VAT] Final reconciled position. ZRA-reported 66,117,885.75; company-reported 66,117,885.89. ZMW, not converted."
"MOPANI","MOPANI COPPER MINES PLC","2023","payments_to_govt_zmw","36390317.34","ZMW","2023-12-31","ZEITI 2023 and 2024 Reconciliation Report, Annex 4 (Detailed revenue reconciliations)","https://zambiaeiti.org/wp-content/uploads/2025/10/Zambia-EITI-2023-and-2024-report.pdf","[withholding tax] Final reconciled position equals ZRA-reported figure. Largest single-stream gap for Mopani: company-reported only 3,836,186.78 against ZRA 36,390,317.34, variance ZMW 32,554,131 (withholding tax for some months of 2021, 2022 and 2023 not on the ZEITI form but recognised in 2023 ZRA data). ZMW, not converted."
"CNMC_LUANSHYA","CNMC LUANSHYA COPPER MINES PLC","2023","payments_to_govt_zmw","1268996024.00","ZMW","2023-12-31","ZEITI 2023 and 2024 Reconciliation Report, Annex 4 (Detailed revenue reconciliations)","https://zambiaeiti.org/wp-content/uploads/2025/10/Zambia-EITI-2023-and-2024-report.pdf","[company income tax] Final reconciled position equals ZRA-reported figure; company-reported 977,982,240.17, variance ZMW 291,013,784 (payments missed on the ZEITI reporting form). One of the largest single-company discrepancies in the 2023 exercise. ZMW, not converted."
"CNMC_LUANSHYA","CNMC LUANSHYA COPPER MINES PLC","2023","payments_to_govt_zmw","561227382.42","ZMW","2023-12-31","ZEITI 2023 and 2024 Reconciliation Report, Annex 4 (Detailed revenue reconciliations)","https://zambiaeiti.org/wp-content/uploads/2025/10/Zambia-EITI-2023-and-2024-report.pdf","[mineral royalty] Final reconciled position. ZRA-reported 561,227,382.42; company-reported 558,053,070.92. ZMW, not converted."
"CNMC_LUANSHYA","CNMC LUANSHYA COPPER MINES PLC","2023","payments_to_govt_zmw","59119363.29","ZMW","2023-12-31","ZEITI 2023 and 2024 Reconciliation Report, Annex 4 (Detailed revenue reconciliations)","https://zambiaeiti.org/wp-content/uploads/2025/10/Zambia-EITI-2023-and-2024-report.pdf","[pay as you earn] Final reconciled position. ZRA-reported 59,119,363.29; company-reported 57,714,831.97. ZMW, not converted."
"CNMC_LUANSHYA","CNMC LUANSHYA COPPER MINES PLC","2023","payments_to_govt_zmw","305698617.30","ZMW","2023-12-31","ZEITI 2023 and 2024 Reconciliation Report, Annex 4 (Detailed revenue reconciliations)","https://zambiaeiti.org/wp-content/uploads/2025/10/Zambia-EITI-2023-and-2024-report.pdf","[withholding VAT] Final reconciled position. ZRA-reported 305,698,617.30; company-reported 305,698,615.40. ZMW, not converted."
"CNMC_LUANSHYA","CNMC LUANSHYA COPPER MINES PLC","2023","payments_to_govt_zmw","12205736.45","ZMW","2023-12-31","ZEITI 2023 and 2024 Reconciliation Report, Annex 4 (Detailed revenue reconciliations)","https://zambiaeiti.org/wp-content/uploads/2025/10/Zambia-EITI-2023-and-2024-report.pdf","[withholding tax] Final reconciled position. ZRA-reported 12,205,736.45; company-reported 10,983,548.37 (April 2023 withholding tax omitted from the ZEITI form). ZMW, not converted."
"CCS","CHAMBISHI COPPER SMELTER LIMITED","2023","payments_to_govt_zmw","726759684.68","ZMW","2023-12-31","ZEITI 2023 and 2024 Reconciliation Report, Annex 4 (Detailed revenue reconciliations)","https://zambiaeiti.org/wp-content/uploads/2025/10/Zambia-EITI-2023-and-2024-report.pdf","[company income tax] Final reconciled position equals ZRA-reported figure; company-reported 723,026,454.40, variance ZMW 3,733,230 attributed to a dollar payment / FX difference. ZMW, not converted. PDF p.117."
"CCS","CHAMBISHI COPPER SMELTER LIMITED","2023","payments_to_govt_zmw","18561136.33","ZMW","2023-12-31","ZEITI 2023 and 2024 Reconciliation Report, Annex 4 (Detailed revenue reconciliations)","https://zambiaeiti.org/wp-content/uploads/2025/10/Zambia-EITI-2023-and-2024-report.pdf","[mineral royalty] Final reconciled position. ZRA-reported 18,561,136.33; company-reported 15,822,746.69. Small for a smelter because royalty is levied on mined output, not on toll-smelted concentrate. ZMW, not converted."
"CCS","CHAMBISHI COPPER SMELTER LIMITED","2023","payments_to_govt_zmw","48221993.17","ZMW","2023-12-31","ZEITI 2023 and 2024 Reconciliation Report, Annex 4 (Detailed revenue reconciliations)","https://zambiaeiti.org/wp-content/uploads/2025/10/Zambia-EITI-2023-and-2024-report.pdf","[pay as you earn] Final reconciled position. ZRA-reported 48,221,993.17; company-reported 47,943,627.99 (2022 PAYE paid in 2023). ZMW, not converted."
"CCS","CHAMBISHI COPPER SMELTER LIMITED","2023","payments_to_govt_zmw","2071499271.12","ZMW","2023-12-31","ZEITI 2023 and 2024 Reconciliation Report, Annex 4 (Detailed revenue reconciliations)","https://zambiaeiti.org/wp-content/uploads/2025/10/Zambia-EITI-2023-and-2024-report.pdf","[withholding VAT] Final reconciled position equals ZRA-reported figure. LARGEST DISCREPANCY IN THE 2023 EXERCISE: company-reported only 309,616,157.03 against ZRA 2,071,499,271.12, variance ZMW 1,761,883,114, explained as 2020/2021/2022 withholding VAT paid in 2023 and not included on the ZEITI reporting form. ZMW, not converted."
"CCS","CHAMBISHI COPPER SMELTER LIMITED","2023","payments_to_govt_zmw","75981302.43","ZMW","2023-12-31","ZEITI 2023 and 2024 Reconciliation Report, Annex 4 (Detailed revenue reconciliations)","https://zambiaeiti.org/wp-content/uploads/2025/10/Zambia-EITI-2023-and-2024-report.pdf","[withholding tax] Final reconciled position equals ZRA-reported figure; company-reported only 1,723,081.58, variance ZMW 74,258,221 (2019-2022 withholding tax recorded as paid in 2023 in ZRA records). ZMW, not converted.","CHILANGA CEMENT PLC","2023","payments_to_govt_zmw","64260256.30","ZMW","2023-12-31","ZEITI 2023 and 2024 Reconciliation Report, Annex 4 (Detailed revenue reconciliations)","https://zambiaeiti.org/wp-content/uploads/2025/10/Zambia-EITI-2023-and-2024-report.pdf","[company income tax] Final reconciled position equals ZRA-reported figure; company-reported 132,371,115.03 (HIGHER than the government side by ZMW 68,110,859) because ZMW 132,371,115 was actually paid in 2024 and so is not in 2023 ZRA receipts. Cement producer, outside the copper crosswalk. ZMW, not converted.","CHILANGA CEMENT PLC","2023","payments_to_govt_zmw","15819985.39","ZMW","2023-12-31","ZEITI 2023 and 2024 Reconciliation Report, Annex 4 (Detailed revenue reconciliations)","https://zambiaeiti.org/wp-content/uploads/2025/10/Zambia-EITI-2023-and-2024-report.pdf","[mineral royalty] Final reconciled position. ZRA-reported 15,819,985.39; company-reported 7,779,172.83 (2018-2022 mineral royalty recognised as paid in 2023 on ZRA data). ZMW, not converted.","CHILANGA CEMENT PLC","2023","payments_to_govt_zmw","44524550.92","ZMW","2023-12-31","ZEITI 2023 and 2024 Reconciliation Report, Annex 4 (Detailed revenue reconciliations)","https://zambiaeiti.org/wp-content/uploads/2025/10/Zambia-EITI-2023-and-2024-report.pdf","[pay as you earn] Final reconciled position. ZRA-reported 44,524,550.92; company-reported 43,772,830.71. ZMW, not converted.","CHILANGA CEMENT PLC","2023","payments_to_govt_zmw","118173718.55","ZMW","2023-12-31","ZEITI 2023 and 2024 Reconciliation Report, Annex 4 (Detailed revenue reconciliations)","https://zambiaeiti.org/wp-content/uploads/2025/10/Zambia-EITI-2023-and-2024-report.pdf","[withholding VAT] Final reconciled position. ZRA-reported 118,173,718.55; company-reported 77,817,275.97. ZMW, not converted.","CHILANGA CEMENT PLC","2023","payments_to_govt_zmw","10484173.96","ZMW","2023-12-31","ZEITI 2023 and 2024 Reconciliation Report, Annex 4 (Detailed revenue reconciliations)","https://zambiaeiti.org/wp-content/uploads/2025/10/Zambia-EITI-2023-and-2024-report.pdf","[withholding tax] Final reconciled position. ZRA-reported 10,484,173.96; company-reported 6,997,272.99. ZMW, not converted.","KAGEM MINING LIMITED","2023","payments_to_govt_zmw","308703853.00","ZMW","2023-12-31","ZEITI 2023 and 2024 Reconciliation Report, Annex 4 (Detailed revenue reconciliations)","https://zambiaeiti.org/wp-content/uploads/2025/10/Zambia-EITI-2023-and-2024-report.pdf","[company income tax] Final reconciled position equals ZRA-reported figure; company-reported 324,876,268.04 (higher by ZMW 16,172,415 - a 2022 offset recorded by Kagem but not by ZRA). Emerald producer (Gemfields/ZCCM-IH 25%), outside the copper crosswalk. ZMW, not converted. PDF p.118.","KAGEM MINING LIMITED","2023","payments_to_govt_zmw","110058991.90","ZMW","2023-12-31","ZEITI 2023 and 2024 Reconciliation Report, Annex 4 (Detailed revenue reconciliations)","https://zambiaeiti.org/wp-content/uploads/2025/10/Zambia-EITI-2023-and-2024-report.pdf","[mineral royalty] Final reconciled position. ZRA-reported 110,058,991.90; company-reported 110,058,990.75; essentially fully reconciled. ZMW, not converted.","KAGEM MINING LIMITED","2023","payments_to_govt_zmw","71952635.35","ZMW","2023-12-31","ZEITI 2023 and 2024 Reconciliation Report, Annex 4 (Detailed revenue reconciliations)","https://zambiaeiti.org/wp-content/uploads/2025/10/Zambia-EITI-2023-and-2024-report.pdf","[pay as you earn] Final reconciled position. ZRA-reported 71,952,635.35; company-reported 71,952,634.46. ZMW, not converted.","KAGEM MINING LIMITED","2023","payments_to_govt_zmw","116061124.82","ZMW","2023-12-31","ZEITI 2023 and 2024 Reconciliation Report, Annex 4 (Detailed revenue reconciliations)","https://zambiaeiti.org/wp-content/uploads/2025/10/Zambia-EITI-2023-and-2024-report.pdf","[withholding VAT] Final reconciled position. ZRA-reported 116,061,124.82; company-reported 115,989,325.85. ZMW, not converted.","KAGEM MINING LIMITED","2023","payments_to_govt_zmw","3470640.94","ZMW","2023-12-31","ZEITI 2023 and 2024 Reconciliation Report, Annex 4 (Detailed revenue reconciliations)","https://zambiaeiti.org/wp-content/uploads/2025/10/Zambia-EITI-2023-and-2024-report.pdf","[withholding tax] Final reconciled position. ZRA-reported 3,470,640.94; company-reported 2,488,279.44 (Nov 2023 withholding tax missed on the ZEITI declaration). ZMW, not converted."
"FQM_TRIDENT","FQM TRIDENT LIMITED","2023","payments_to_govt_zmw","1268727488.20","ZMW","2023-12-31","ZEITI 2023 and 2024 Reconciliation Report, Annex 4 (Detailed revenue reconciliations)","https://zambiaeiti.org/wp-content/uploads/2025/10/Zambia-EITI-2023-and-2024-report.pdf","[company income tax] Final reconciled position equals ZRA-reported figure; company-reported 1,260,823,198.67, variance ZMW 7,904,290 attributed to FX differences because payments were made in USD. FQM Trident operates the Sentinel mine (ex-Kalumbila Minerals). ZMW, not converted."
"FQM_TRIDENT","FQM TRIDENT LIMITED","2023","payments_to_govt_zmw","2274644567.50","ZMW","2023-12-31","ZEITI 2023 and 2024 Reconciliation Report, Annex 4 (Detailed revenue reconciliations)","https://zambiaeiti.org/wp-content/uploads/2025/10/Zambia-EITI-2023-and-2024-report.pdf","[mineral royalty] Final reconciled position equals ZRA-reported figure; company-reported 2,397,238,856.46 (higher by ZMW 122,594,289), attributed to FX differences on USD payments. Largest single mineral royalty figure of any company in 2023. ZMW, not converted."
"FQM_TRIDENT","FQM TRIDENT LIMITED","2023","payments_to_govt_zmw","670050523.69","ZMW","2023-12-31","ZEITI 2023 and 2024 Reconciliation Report, Annex 4 (Detailed revenue reconciliations)","https://zambiaeiti.org/wp-content/uploads/2025/10/Zambia-EITI-2023-and-2024-report.pdf","[pay as you earn] Final reconciled position. ZRA-reported 670,050,523.69; company-reported 686,288,265.32 (FX differences on USD payments). ZMW, not converted."
"FQM_TRIDENT","FQM TRIDENT LIMITED","2023","payments_to_govt_zmw","1494216443.68","ZMW","2023-12-31","ZEITI 2023 and 2024 Reconciliation Report, Annex 4 (Detailed revenue reconciliations)","https://zambiaeiti.org/wp-content/uploads/2025/10/Zambia-EITI-2023-and-2024-report.pdf","[withholding VAT] Final reconciled position equals ZRA-reported figure. Second-largest discrepancy of 2023: company-reported only 113,239,094.54, variance ZMW 1,380,977,349 (Oct-Dec 2022 withholding VAT recognised as paid by ZRA in 2023). ZMW, not converted."
"FQM_TRIDENT","FQM TRIDENT LIMITED","2023","payments_to_govt_zmw","243622954.83","ZMW","2023-12-31","ZEITI 2023 and 2024 Reconciliation Report, Annex 4 (Detailed revenue reconciliations)","https://zambiaeiti.org/wp-content/uploads/2025/10/Zambia-EITI-2023-and-2024-report.pdf","[withholding tax] Final reconciled position. ZRA-reported 243,622,954.83; company-reported 248,122,406.56 (FX differences on USD payments). ZMW, not converted."
"LUBAMBE","LUBAMBE COPPER MINE LIMITED","2023","payments_to_govt_zmw","1196436.93","ZMW","2023-12-31","ZEITI 2023 and 2024 Reconciliation Report, Annex 4 (Detailed revenue reconciliations)","https://zambiaeiti.org/wp-content/uploads/2025/10/Zambia-EITI-2023-and-2024-report.pdf","[company income tax] Final reconciled position. ZRA-reported 1,196,436.93; company-reported 1,196,436.90; fully reconciled. Very small CIT reflects Lubambe's loss-making position before the JCHX sale. ZMW, not converted."
"LUBAMBE","LUBAMBE COPPER MINE LIMITED","2023","payments_to_govt_zmw","180455044.42","ZMW","2023-12-31","ZEITI 2023 and 2024 Reconciliation Report, Annex 4 (Detailed revenue reconciliations)","https://zambiaeiti.org/wp-content/uploads/2025/10/Zambia-EITI-2023-and-2024-report.pdf","[mineral royalty] Final reconciled position equals ZRA-reported figure; company-reported 102,898,532.39, variance ZMW 77,556,512 (payments omitted from the ZEITI reporting form). ZMW, not converted."
"LUBAMBE","LUBAMBE COPPER MINE LIMITED","2023","payments_to_govt_zmw","52631888.91","ZMW","2023-12-31","ZEITI 2023 and 2024 Reconciliation Report, Annex 4 (Detailed revenue reconciliations)","https://zambiaeiti.org/wp-content/uploads/2025/10/Zambia-EITI-2023-and-2024-report.pdf","[pay as you earn] Final reconciled position. ZRA-reported 52,631,888.91; company-reported 52,303,829.67. ZMW, not converted."
"LUBAMBE","LUBAMBE COPPER MINE LIMITED","2023","payments_to_govt_zmw","262596217.58","ZMW","2023-12-31","ZEITI 2023 and 2024 Reconciliation Report, Annex 4 (Detailed revenue reconciliations)","https://zambiaeiti.org/wp-content/uploads/2025/10/Zambia-EITI-2023-and-2024-report.pdf","[withholding VAT] Final reconciled position equals ZRA-reported figure; company-reported 87,335,224.96, variance ZMW 175,260,993 (withholding VAT for 2020-2022 paid in 2023 per ZRA data). ZMW, not converted."
"LUBAMBE","LUBAMBE COPPER MINE LIMITED","2023","payments_to_govt_zmw","49387185.35","ZMW","2023-12-31","ZEITI 2023 and 2024 Reconciliation Report, Annex 4 (Detailed revenue reconciliations)","https://zambiaeiti.org/wp-content/uploads/2025/10/Zambia-EITI-2023-and-2024-report.pdf","[withholding tax] Final reconciled position. ZRA-reported 49,387,185.35; company-reported 49,387,185.00; fully reconciled. ZMW, not converted."
"LUMWANA","LUMWANA MINING COMPANY LIMITED","2023","payments_to_govt_zmw","157681352.00","ZMW","2023-12-31","ZEITI 2023 and 2024 Reconciliation Report, Annex 4 (Detailed revenue reconciliations)","https://zambiaeiti.org/wp-content/uploads/2025/10/Zambia-EITI-2023-and-2024-report.pdf","[company income tax] Final reconciled position. ZRA-reported 157,681,352.00; company-reported 157,681,355.48; fully reconciled. Barrick's Lumwana. ZMW, not converted. PDF p.119."
"LUMWANA","LUMWANA MINING COMPANY LIMITED","2023","payments_to_govt_zmw","1317031032.60","ZMW","2023-12-31","ZEITI 2023 and 2024 Reconciliation Report, Annex 4 (Detailed revenue reconciliations)","https://zambiaeiti.org/wp-content/uploads/2025/10/Zambia-EITI-2023-and-2024-report.pdf","[mineral royalty] Final reconciled position after a downward adjustment of ZMW 21,595,232 to the government side. ZRA initially reported 1,338,626,264.60; company-reported 1,295,435,702.84. Reconciling note: duplicated payment on the ZRA record, plus a 2020 payment recorded in 2023 ZRA data. This is one of the few streams where the published final differs from BOTH initial figures. ZMW, not converted."
"LUMWANA","LUMWANA MINING COMPANY LIMITED","2023","payments_to_govt_zmw","627096060.54","ZMW","2023-12-31","ZEITI 2023 and 2024 Reconciliation Report, Annex 4 (Detailed revenue reconciliations)","https://zambiaeiti.org/wp-content/uploads/2025/10/Zambia-EITI-2023-and-2024-report.pdf","[pay as you earn] Final reconciled position equals ZRA-reported figure; company-reported only 337,339,502.23, variance ZMW 289,756,558 (2020 and 2021 returns reflected in 2023 ZRA records). ZMW, not converted."
"LUMWANA","LUMWANA MINING COMPANY LIMITED","2023","payments_to_govt_zmw","1020997757.60","ZMW","2023-12-31","ZEITI 2023 and 2024 Reconciliation Report, Annex 4 (Detailed revenue reconciliations)","https://zambiaeiti.org/wp-content/uploads/2025/10/Zambia-EITI-2023-and-2024-report.pdf","[withholding VAT] Final reconciled position equals ZRA-reported figure; company-reported only 151,931,237.92, variance ZMW 869,066,520 (2019-2022 withholding VAT paid in 2023). Third-largest single discrepancy of the 2023 exercise. ZMW, not converted."
"LUMWANA","LUMWANA MINING COMPANY LIMITED","2023","payments_to_govt_zmw","114942237.34","ZMW","2023-12-31","ZEITI 2023 and 2024 Reconciliation Report, Annex 4 (Detailed revenue reconciliations)","https://zambiaeiti.org/wp-content/uploads/2025/10/Zambia-EITI-2023-and-2024-report.pdf","[withholding tax] Final reconciled position. ZRA-reported and company-reported both 114,942,237.34; exact match. ZMW, not converted.","MAAMBA COLLIERIES LIMITED","2023","payments_to_govt_zmw","64627097.84","ZMW","2023-12-31","ZEITI 2023 and 2024 Reconciliation Report, Annex 4 (Detailed revenue reconciliations)","https://zambiaeiti.org/wp-content/uploads/2025/10/Zambia-EITI-2023-and-2024-report.pdf","[company income tax] Final reconciled position equals the COMPANY-reported figure after an upward adjustment of ZMW 6,993,387 to the government side; ZRA initially reported 57,633,711.30. Reconciling note: a payment for 2022 made in June 2023 was omitted from ZRA data. Coal and thermal power (Maamba Energy), outside the copper crosswalk. ZMW, not converted.","MAAMBA COLLIERIES LIMITED","2023","payments_to_govt_zmw","57750569.80","ZMW","2023-12-31","ZEITI 2023 and 2024 Reconciliation Report, Annex 4 (Detailed revenue reconciliations)","https://zambiaeiti.org/wp-content/uploads/2025/10/Zambia-EITI-2023-and-2024-report.pdf","[mineral royalty] Final reconciled position. ZRA-reported 57,750,569.80; company-reported 57,747,336.43. ZMW, not converted.","MAAMBA COLLIERIES LIMITED","2023","payments_to_govt_zmw","32702429.95","ZMW","2023-12-31","ZEITI 2023 and 2024 Reconciliation Report, Annex 4 (Detailed revenue reconciliations)","https://zambiaeiti.org/wp-content/uploads/2025/10/Zambia-EITI-2023-and-2024-report.pdf","[pay as you earn] Final reconciled position. ZRA-reported 32,702,429.95; company-reported 32,677,411.89. ZMW, not converted.","MAAMBA COLLIERIES LIMITED","2023","payments_to_govt_zmw","96824735.90","ZMW","2023-12-31","ZEITI 2023 and 2024 Reconciliation Report, Annex 4 (Detailed revenue reconciliations)","https://zambiaeiti.org/wp-content/uploads/2025/10/Zambia-EITI-2023-and-2024-report.pdf","[withholding VAT] Final reconciled position. ZRA-reported 96,824,735.90; company-reported 96,824,735.87; exact match. ZMW, not converted.","MAAMBA COLLIERIES LIMITED","2023","payments_to_govt_zmw","189425273.77","ZMW","2023-12-31","ZEITI 2023 and 2024 Reconciliation Report, Annex 4 (Detailed revenue reconciliations)","https://zambiaeiti.org/wp-content/uploads/2025/10/Zambia-EITI-2023-and-2024-report.pdf","[withholding tax] Final reconciled position equals ZRA-reported figure; company-reported 183,990,383.13, variance ZMW 5,434,891 (Sept 2023 PAYE misstated on the ZEITI reporting form). ZMW, not converted."
"ZCCM_IH","ZCCM INVESTMENTS HOLDINGS PLC","2023","payments_to_govt_zmw","416813.69","ZMW","2023-12-31","ZEITI 2023 and 2024 Reconciliation Report, Annex 4 (Detailed revenue reconciliations)","https://zambiaeiti.org/wp-content/uploads/2025/10/Zambia-EITI-2023-and-2024-report.pdf","[company income tax] Final reconciled position equals ZRA-reported figure; company-reported 18,204.00, variance ZMW 398,610 (two quarterly payments not shown on the ZEITI declaration and 2022 CIT paid in January 2023 not shown on the ZEITI form by ZCCM-IH). Note ZCCM-IH is itself state-owned, so this is a state entity paying the state. ZMW, not converted."
"ZCCM_IH","ZCCM INVESTMENTS HOLDINGS PLC","2023","payments_to_govt_zmw","1478649.00","ZMW","2023-12-31","ZEITI 2023 and 2024 Reconciliation Report, Annex 4 (Detailed revenue reconciliations)","https://zambiaeiti.org/wp-content/uploads/2025/10/Zambia-EITI-2023-and-2024-report.pdf","[mineral royalty] MISCLASSIFICATION FOUND BY THE RECONCILIATION. Final reconciled position equals the ZRA-reported receipt of 1,478,649.00; ZCCM-IH itself declared 643,063,741.22 on its ZEITI form, a variance of ZMW 641,585,092. The report's reconciling note states the amount ZCCM-IH reported as mineral royalty in fact relates to the Kansanshi mining royalty (the 3.1% gross revenue royalty) and not to statutory mineral royalty. Do not treat the 643m as a mineral royalty payment. ZMW, not converted."
"ZCCM_IH","ZCCM INVESTMENTS HOLDINGS PLC","2023","payments_to_govt_zmw","45060009.43","ZMW","2023-12-31","ZEITI 2023 and 2024 Reconciliation Report, Annex 4 (Detailed revenue reconciliations)","https://zambiaeiti.org/wp-content/uploads/2025/10/Zambia-EITI-2023-and-2024-report.pdf","[pay as you earn] Final reconciled position. ZRA-reported 45,060,009.43; company-reported 42,500,447.83 (Dec 2019 PAYE recognised as paid in ZRA books in 2023). ZMW, not converted."
"ZCCM_IH","ZCCM INVESTMENTS HOLDINGS PLC","2023","payments_to_govt_zmw","90346062.65","ZMW","2023-12-31","ZEITI 2023 and 2024 Reconciliation Report, Annex 4 (Detailed revenue reconciliations)","https://zambiaeiti.org/wp-content/uploads/2025/10/Zambia-EITI-2023-and-2024-report.pdf","[withholding tax] Final reconciled position. ZRA-reported 90,346,062.65; company-reported 89,397,764.90 (March 2023 withholding tax omitted from the ZEITI form). ZCCM-IH reconciled only four streams (no withholding VAT line). ZMW, not converted.","FIRST QUANTUM MINING AND OPERATIONS LTD (FQMO)","2023","payments_to_govt_zmw","474771782.09","ZMW","2023-12-31","ZEITI 2023 and 2024 Reconciliation Report, Annex 4 (Detailed revenue reconciliations)","https://zambiaeiti.org/wp-content/uploads/2025/10/Zambia-EITI-2023-and-2024-report.pdf","[pay as you earn] Final reconciled position equals ZRA-reported figure; company-reported 283,820,513.79, variance ZMW 190,951,268. FQMO is First Quantum's Zambian services/operations entity (Bwana Mkubwa etc.), a separate EITI reporting entity from Kansanshi and FQM Trident - not in the crosswalk. ZMW, not converted.","FIRST QUANTUM MINING AND OPERATIONS LTD (FQMO)","2023","payments_to_govt_zmw","303686751.48","ZMW","2023-12-31","ZEITI 2023 and 2024 Reconciliation Report, Annex 4 (Detailed revenue reconciliations)","https://zambiaeiti.org/wp-content/uploads/2025/10/Zambia-EITI-2023-and-2024-report.pdf","[value added tax] Published final position equals the COMPANY-reported figure; ZRA reported only 190,038,815.20, variance ZMW 113,647,936 (VAT offset against mineral royalty on the ZEITI form but not on ZRA records). Note the report's own summary tables use the ZRA figure of 190.04m for FQMO's total, so this final is inconsistent with the totals elsewhere in the report. ZMW, not converted.","FIRST QUANTUM MINING AND OPERATIONS LTD (FQMO)","2023","payments_to_govt_zmw","219219023.79","ZMW","2023-12-31","ZEITI 2023 and 2024 Reconciliation Report, Annex 4 (Detailed revenue reconciliations)","https://zambiaeiti.org/wp-content/uploads/2025/10/Zambia-EITI-2023-and-2024-report.pdf","[withholding VAT] Final reconciled position equals ZRA-reported figure; company-reported 223,155,555.71 (receipt on ZRA data not included on the ZEITI form). ZMW, not converted.","FIRST QUANTUM MINING AND OPERATIONS LTD (FQMO)","2023","payments_to_govt_zmw","21213030.56","ZMW","2023-12-31","ZEITI 2023 and 2024 Reconciliation Report, Annex 4 (Detailed revenue reconciliations)","https://zambiaeiti.org/wp-content/uploads/2025/10/Zambia-EITI-2023-and-2024-report.pdf","[withholding tax] Final reconciled position. ZRA-reported 21,213,030.56; company-reported 21,213,030.41; exact match. ZMW, not converted."
"KANSANSHI","KANSANSHI MINING PLC","2023","payments_to_govt_zmw","727837591.50","ZMW","2023-12-31","ZEITI 2023 and 2024 Reconciliation Report, Annex 4 (Detailed revenue reconciliations)","https://zambiaeiti.org/wp-content/uploads/2025/10/Zambia-EITI-2023-and-2024-report.pdf","[company income tax] Final reconciled position. ZRA-reported 727,837,591.50; company-reported 727,837,891.71; variance ZMW 300 only. ZMW, not converted."
"KANSANSHI","KANSANSHI MINING PLC","2023","payments_to_govt_zmw","1541668767.30","ZMW","2023-12-31","ZEITI 2023 and 2024 Reconciliation Report, Annex 4 (Detailed revenue reconciliations)","https://zambiaeiti.org/wp-content/uploads/2025/10/Zambia-EITI-2023-and-2024-report.pdf","[mineral royalty] Final reconciled position equals ZRA-reported figure; company-reported 1,574,839,821.30, variance ZMW 33,171,054 (Dec 2022 and March 2023 omitted on ZRA data). This is statutory mineral royalty paid to ZRA and is SEPARATE from the 3.1% gross revenue royalty Kansanshi pays to ZCCM-IH. ZMW, not converted."
"KANSANSHI","KANSANSHI MINING PLC","2023","payments_to_govt_zmw","776338444.65","ZMW","2023-12-31","ZEITI 2023 and 2024 Reconciliation Report, Annex 4 (Detailed revenue reconciliations)","https://zambiaeiti.org/wp-content/uploads/2025/10/Zambia-EITI-2023-and-2024-report.pdf","[pay as you earn] Final reconciled position equals ZRA-reported figure; company-reported 765,047,480.35, variance ZMW 11,290,964 (2023 PAYE on the ZRA receipt not recorded on the ZEITI form). ZMW, not converted."
"KANSANSHI","KANSANSHI MINING PLC","2023","payments_to_govt_zmw","1073527852.50","ZMW","2023-12-31","ZEITI 2023 and 2024 Reconciliation Report, Annex 4 (Detailed revenue reconciliations)","https://zambiaeiti.org/wp-content/uploads/2025/10/Zambia-EITI-2023-and-2024-report.pdf","[withholding VAT] Final reconciled position equals ZRA-reported figure; company-reported 1,094,658,371.05 (higher by ZMW 21,130,519 - Dec 2023 paid in 2024, included on the ZEITI form but not in 2023 ZRA records). ZMW, not converted. PDF p.120."
"KANSANSHI","KANSANSHI MINING PLC","2023","payments_to_govt_zmw","268838202.52","ZMW","2023-12-31","ZEITI 2023 and 2024 Reconciliation Report, Annex 4 (Detailed revenue reconciliations)","https://zambiaeiti.org/wp-content/uploads/2025/10/Zambia-EITI-2023-and-2024-report.pdf","[withholding tax] Final reconciled position equals ZRA-reported figure; company-reported 290,061,654.73 (higher by ZMW 21,223,452 - Dec 2023 paid in 2024). ZMW, not converted."
"KCM","KONKOLA COPPER MINES PLC","2023","payments_to_govt_zmw","71352348.00","ZMW","2023-12-31","ZEITI 2023 and 2024 Reconciliation Report, Annex 4 (Detailed revenue reconciliations)","https://zambiaeiti.org/wp-content/uploads/2025/10/Zambia-EITI-2023-and-2024-report.pdf","[mineral royalty] Final reconciled position equals ZRA-reported figure; company-reported 58,602,378.38, variance ZMW 12,749,970 (offset made in Feb 2023 omitted from the ZEITI form). KCM was still in provisional liquidation / handover to Vedanta during 2023. Only three streams were reconciled for KCM. ZMW, not converted."
"KCM","KONKOLA COPPER MINES PLC","2023","payments_to_govt_zmw","47032785.72","ZMW","2023-12-31","ZEITI 2023 and 2024 Reconciliation Report, Annex 4 (Detailed revenue reconciliations)","https://zambiaeiti.org/wp-content/uploads/2025/10/Zambia-EITI-2023-and-2024-report.pdf","[pay as you earn] Final reconciled position equals ZRA-reported figure; company-reported 33,779,922.10, variance ZMW 13,252,864 (offset made in Feb 2023 omitted from the ZEITI form). ZMW, not converted."
"KCM","KONKOLA COPPER MINES PLC","2023","payments_to_govt_zmw","97856150.00","ZMW","2023-12-31","ZEITI 2023 and 2024 Reconciliation Report, Annex 4 (Detailed revenue reconciliations)","https://zambiaeiti.org/wp-content/uploads/2025/10/Zambia-EITI-2023-and-2024-report.pdf","[withholding VAT] Final reconciled position equals ZRA-reported figure; company-reported 79,156,150.82, variance ZMW 18,699,999 (offset made in Feb 2023 omitted from the ZEITI form). ZMW, not converted.","All 14 reconciled extractive companies (ZEITI 2023 scope)","2023","payments_to_govt_zmw","24162407693.81","ZMW","2023-12-31","ZEITI 2023 and 2024 Reconciliation Report, Annex 4 grand total","https://zambiaeiti.org/wp-content/uploads/2025/10/Zambia-EITI-2023-and-2024-report.pdf","[total (reconciled streams, all scoped companies)] AGGREGATE - do not add to the per-company rows. Final reconciled total across the five reconciled ZRA revenue streams for the 14 scoped companies. Initial reporting: companies ZMW 19,627,112,020.32 vs government ZMW 23,779,847,137.64, an initial variance of ZMW 4,152,735,117.32 (companies under-reported by roughly 17%); adjustments of ZMW 3,956,356,031.35 were made, almost entirely to the company side. ZMW, not converted."
"FQM_TRIDENT","FQM TRIDENT LIMITED","2023","payments_to_govt_zmw","5952042628.48","ZMW","2023-12-31","ZEITI 2023 and 2024 Reconciliation Report, Table 43 and Annex 12 (company payments to ZRA 2023 per ZRA database)","https://zambiaeiti.org/wp-content/uploads/2025/10/Zambia-EITI-2023-and-2024-report.pdf","[total payments to Zambia Revenue Authority] GOVERNMENT-REPORTED (ZRA database) receipt, all tax streams combined. 20.22% of all ZRA extractive receipts in 2023 - the single largest taxpayer in Zambia's mining sector. Do not add to this company's per-stream rows; this is their sum plus unreconciled streams. ZMW, not converted."
"KANSANSHI","KANSANSHI MINING PLC","2023","payments_to_govt_zmw","4388223358.47","ZMW","2023-12-31","ZEITI 2023 and 2024 Reconciliation Report, Table 43 and Annex 12 (company payments to ZRA 2023 per ZRA database)","https://zambiaeiti.org/wp-content/uploads/2025/10/Zambia-EITI-2023-and-2024-report.pdf","[total payments to Zambia Revenue Authority] GOVERNMENT-REPORTED (ZRA database) receipt, all tax streams combined. 14.91% of ZRA extractive receipts. Cross-check: the five reconciled streams in Annex 4 sum to 4,388,210,858 - within ZMW 12,500 of this figure, so Kansanshi's ZRA payments are essentially fully accounted for by CIT, mineral royalty, PAYE, withholding VAT and withholding tax. ZMW, not converted."
"LUMWANA","LUMWANA MINING COMPANY LIMITED","2023","payments_to_govt_zmw","3851184579.27","ZMW","2023-12-31","ZEITI 2023 and 2024 Reconciliation Report, Table 43 and Annex 12 (company payments to ZRA 2023 per ZRA database)","https://zambiaeiti.org/wp-content/uploads/2025/10/Zambia-EITI-2023-and-2024-report.pdf","[total payments to Zambia Revenue Authority] GOVERNMENT-REPORTED (ZRA database) receipt, all tax streams combined. 13.08% of ZRA extractive receipts. The five reconciled streams account for only 3,237.7m of this, leaving roughly ZMW 613m in streams not selected for reconciliation. ZMW, not converted."
"CCS","CHAMBISHI COPPER SMELTER LIMITED","2023","payments_to_govt_zmw","2947497656.87","ZMW","2023-12-31","ZEITI 2023 and 2024 Reconciliation Report, Table 43 and Annex 12 (company payments to ZRA 2023 per ZRA database)","https://zambiaeiti.org/wp-content/uploads/2025/10/Zambia-EITI-2023-and-2024-report.pdf","[total payments to Zambia Revenue Authority] GOVERNMENT-REPORTED (ZRA database) receipt, all tax streams combined. 10.01% of ZRA extractive receipts. ZMW, not converted.","MAAMBA COLLIERIES LIMITED","2023","payments_to_govt_zmw","2375238693.31","ZMW","2023-12-31","ZEITI 2023 and 2024 Reconciliation Report, Table 43 and Annex 12 (company payments to ZRA 2023 per ZRA database)","https://zambiaeiti.org/wp-content/uploads/2025/10/Zambia-EITI-2023-and-2024-report.pdf","[total payments to Zambia Revenue Authority] GOVERNMENT-REPORTED (ZRA database) receipt, all tax streams combined. 8.07% of ZRA extractive receipts. Coal and 300MW thermal power; the five reconciled streams account for only ZMW 441m, so the bulk sits in VAT and local excise on electrical energy. Not a copper producer - outside the crosswalk. ZMW, not converted."
"CNMC_LUANSHYA","CNMC LUANSHYA COPPER MINES PLC","2023","payments_to_govt_zmw","2207260123.95","ZMW","2023-12-31","ZEITI 2023 and 2024 Reconciliation Report, Table 43 and Annex 12 (company payments to ZRA 2023 per ZRA database)","https://zambiaeiti.org/wp-content/uploads/2025/10/Zambia-EITI-2023-and-2024-report.pdf","[total payments to Zambia Revenue Authority] GOVERNMENT-REPORTED (ZRA database) receipt, all tax streams combined. 7.50% of ZRA extractive receipts. Reconciled streams sum to 2,207.25m, essentially the whole amount. ZMW, not converted."
"NFCA","NFC AFRICA MINING PLC","2023","payments_to_govt_zmw","1715585994.28","ZMW","2023-12-31","ZEITI 2023 and 2024 Reconciliation Report, Table 43 and Annex 12 (company payments to ZRA 2023 per ZRA database)","https://zambiaeiti.org/wp-content/uploads/2025/10/Zambia-EITI-2023-and-2024-report.pdf","[total payments to Zambia Revenue Authority] GOVERNMENT-REPORTED (ZRA database) receipt, all tax streams combined. 5.83% of ZRA extractive receipts. Exactly equals the sum of the five ZRA-side initial figures in Annex 4, which independently confirms the extraction. ZMW, not converted.","FIRST QUANTUM MINING AND OPERATIONS LTD BM M S","2023","payments_to_govt_zmw","905242651.64","ZMW","2023-12-31","ZEITI 2023 and 2024 Reconciliation Report, Table 43 and Annex 12 (company payments to ZRA 2023 per ZRA database)","https://zambiaeiti.org/wp-content/uploads/2025/10/Zambia-EITI-2023-and-2024-report.pdf","[total payments to Zambia Revenue Authority] GOVERNMENT-REPORTED (ZRA database) receipt. 3.08% of ZRA extractive receipts. Separate First Quantum reporting entity from Kansanshi and FQM Trident; exactly equals the sum of its four reconciled ZRA-side streams. ZMW, not converted.","KAGEM MINING LIMITED","2023","payments_to_govt_zmw","612671084.68","ZMW","2023-12-31","ZEITI 2023 and 2024 Reconciliation Report, Table 43 and Annex 12 (company payments to ZRA 2023 per ZRA database)","https://zambiaeiti.org/wp-content/uploads/2025/10/Zambia-EITI-2023-and-2024-report.pdf","[total payments to Zambia Revenue Authority] GOVERNMENT-REPORTED (ZRA database) receipt. 2.08% of ZRA extractive receipts. Emerald mine, Gemfields 75% / ZCCM-IH 25%. ZMW, not converted."
"LUBAMBE","LUBAMBE COPPER MINE LIMITED","2023","payments_to_govt_zmw","558404946.69","ZMW","2023-12-31","ZEITI 2023 and 2024 Reconciliation Report, Table 43 and Annex 12 (company payments to ZRA 2023 per ZRA database)","https://zambiaeiti.org/wp-content/uploads/2025/10/Zambia-EITI-2023-and-2024-report.pdf","[total payments to Zambia Revenue Authority] GOVERNMENT-REPORTED (ZRA database) receipt. 1.90% of ZRA extractive receipts. ZMW, not converted."
"SINO_METALS","SINO-METALS LEACH ZAMBIA LTD","2023","payments_to_govt_zmw","403953472.65","ZMW","2023-12-31","ZEITI 2023 and 2024 Reconciliation Report, Annex 12 (company payments to ZRA 2023 per ZRA database), rank 11 of 400+","https://zambiaeiti.org/wp-content/uploads/2025/10/Zambia-EITI-2023-and-2024-report.pdf","[total payments to Zambia Revenue Authority] GOVERNMENT-REPORTED (ZRA database) receipt, 1.37% of ZRA extractive receipts. Sino-Metals was NOT in the 2023 reconciliation scope, so this figure is a unilateral ZRA disclosure with no company-side counterpart. Its position is bracketed by the independently confirmed Lubambe (558.4m, rank 10) and Chilanga Cement (316.6m, rank 12), so the value is unambiguous. ZMW, not converted.","CHILANGA CEMENT PLC","2023","payments_to_govt_zmw","316597502.20","ZMW","2023-12-31","ZEITI 2023 and 2024 Reconciliation Report, Table 43 and Annex 12 (company payments to ZRA 2023 per ZRA database)","https://zambiaeiti.org/wp-content/uploads/2025/10/Zambia-EITI-2023-and-2024-report.pdf","[total payments to Zambia Revenue Authority] GOVERNMENT-REPORTED (ZRA database) receipt. 1.08% of ZRA extractive receipts. Cement, added to scope for commodity breadth despite being below materiality. ZMW, not converted.","GRIZZLY MINING LIMITED","2023","payments_to_govt_zmw","310353233.66","ZMW","2023-12-31","ZEITI 2023 and 2024 Reconciliation Report, Annex 12 (company payments to ZRA 2023 per ZRA database), rank 13 of 400+","https://zambiaeiti.org/wp-content/uploads/2025/10/Zambia-EITI-2023-and-2024-report.pdf","[total payments to Zambia Revenue Authority] GOVERNMENT-REPORTED (ZRA database) receipt, unilateral disclosure - not in reconciliation scope. Emerald producer in Lufwanyama. Rank bracketed by confirmed Chilanga (316.6m, rank 12) and Lian Chao (rank 14) / Konkola (216.2m, rank 15). ZMW, not converted.","LIAN CHAO AND YUE VENTURES LIMITED","2023","payments_to_govt_zmw","229749377.46","ZMW","2023-12-31","ZEITI 2023 and 2024 Reconciliation Report, Annex 12 (company payments to ZRA 2023 per ZRA database), rank 14 of 400+","https://zambiaeiti.org/wp-content/uploads/2025/10/Zambia-EITI-2023-and-2024-report.pdf","[total payments to Zambia Revenue Authority] GOVERNMENT-REPORTED (ZRA database) receipt, unilateral disclosure - not in reconciliation scope. Notable because a company almost absent from Zambian mining coverage out-paid Konkola Copper Mines and Mopani in 2023. ZMW, not converted."
"KCM","KONKOLA COPPER MINES PLC","2023","payments_to_govt_zmw","216241283.72","ZMW","2023-12-31","ZEITI 2023 and 2024 Reconciliation Report, Table 43 and Annex 12 (company payments to ZRA 2023 per ZRA database)","https://zambiaeiti.org/wp-content/uploads/2025/10/Zambia-EITI-2023-and-2024-report.pdf","[total payments to Zambia Revenue Authority] GOVERNMENT-REPORTED (ZRA database) receipt, all streams. Only 0.73% of ZRA extractive receipts - KCM was under provisional liquidation for most of the period. Exactly equals the sum of its three reconciled ZRA-side streams, confirming the extraction. Included in scope on qualitative grounds (state involvement) despite being below materiality. ZMW, not converted."
"MOPANI","MOPANI COPPER MINES PLC","2023","payments_to_govt_zmw","214275228.55","ZMW","2023-12-31","ZEITI 2023 and 2024 Reconciliation Report, Table 43 and Annex 12 (company payments to ZRA 2023 per ZRA database)","https://zambiaeiti.org/wp-content/uploads/2025/10/Zambia-EITI-2023-and-2024-report.pdf","[total payments to Zambia Revenue Authority] GOVERNMENT-REPORTED (ZRA database) receipt, all streams. Only 0.73% of ZRA extractive receipts. Exactly equals the sum of its five reconciled ZRA-side streams, confirming the extraction. Included in scope on qualitative grounds (state involvement in its sale to IRH). ZMW, not converted.","DANGOTE CEMENT ZAMBIA LIMITED","2023","payments_to_govt_zmw","200594327.34","ZMW","2023-12-31","ZEITI 2023 and 2024 Reconciliation Report, Annex 12 (company payments to ZRA 2023 per ZRA database), rank 17 of 400+","https://zambiaeiti.org/wp-content/uploads/2025/10/Zambia-EITI-2023-and-2024-report.pdf","[total payments to Zambia Revenue Authority] GOVERNMENT-REPORTED (ZRA database) receipt, unilateral disclosure - not in reconciliation scope. Rank bracketed by confirmed Mopani (214.3m, rank 16) and ZCCM-IH (145.2m, rank 19). ZMW, not converted.","MABIZA RESOURCES LIMITED","2023","payments_to_govt_zmw","181704715.42","ZMW","2023-12-31","ZEITI 2023 and 2024 Reconciliation Report, Annex 12 (company payments to ZRA 2023 per ZRA database), rank 18 of 400+","https://zambiaeiti.org/wp-content/uploads/2025/10/Zambia-EITI-2023-and-2024-report.pdf","[total payments to Zambia Revenue Authority] GOVERNMENT-REPORTED (ZRA database) receipt, unilateral disclosure - not in reconciliation scope. Munali nickel mine operator. ZMW, not converted."
"ZCCM_IH","ZCCM INVESTMENTS HOLDINGS PLC","2023","payments_to_govt_zmw","145218980.09","ZMW","2023-12-31","ZEITI 2023 and 2024 Reconciliation Report, Table 43 and Annex 12 (company payments to ZRA 2023 per ZRA database)","https://zambiaeiti.org/wp-content/uploads/2025/10/Zambia-EITI-2023-and-2024-report.pdf","[total payments to Zambia Revenue Authority] GOVERNMENT-REPORTED (ZRA database) receipt, all streams. 0.49% of ZRA extractive receipts. Note the ZEITI report itself lists ZCCM-IH twice in Annex 12 - at rank 19 (145,218,980.09, the reconciliation figure) and again at rank 33 with 33,956,311.50 - an apparent duplicate registration in the ZRA database. ZMW, not converted."
"FQM_TRIDENT","FQM TRIDENT LIMITED","2023","payments_to_govt_zmw","6386980000","ZMW","2023-12-31","ZEITI 2023 and 2024 Reconciliation Report, Table 36 (Payment to Government by Mining companies 2023)","https://zambiaeiti.org/wp-content/uploads/2025/10/Zambia-EITI-2023-and-2024-report.pdf","[total (all government agencies)] COMPANY TOTAL across all government agencies: ZRA 5,952.04m + MMMD 1.62m + local councils 54.44m + Ministry of Lands 378.88m = ZMW 6,386.98 million. 19% of all extractive payments to government in 2023 - the largest of any company. Published in ZMW millions; recorded here in ZMW. Not converted to USD."
"KANSANSHI","KANSANSHI MINING PLC","2023","payments_to_govt_zmw","5281310000","ZMW","2023-12-31","ZEITI 2023 and 2024 Reconciliation Report, Table 36 (Payment to Government by Mining companies 2023)","https://zambiaeiti.org/wp-content/uploads/2025/10/Zambia-EITI-2023-and-2024-report.pdf","[total (all government agencies)] COMPANY TOTAL across all government agencies: ZRA 4,388.22m + MMMD 0.42m + local councils 72.79m + Ministry of Lands 0.29m + ZCCM-IH 819.59m (the 3.1% Kansanshi gross revenue royalty) = ZMW 5,281.31 million. 16% of all extractive payments to government in 2023. Published in ZMW millions. Not converted."
"LUMWANA","LUMWANA MINING COMPANY LIMITED","2023","payments_to_govt_zmw","3918630000","ZMW","2023-12-31","ZEITI 2023 and 2024 Reconciliation Report, Table 36 (Payment to Government by Mining companies 2023)","https://zambiaeiti.org/wp-content/uploads/2025/10/Zambia-EITI-2023-and-2024-report.pdf","[total (all government agencies)] COMPANY TOTAL across all government agencies: ZRA 3,851.18m + MMMD 2.03m + local councils 63.53m + Ministry of Lands 1.89m = ZMW 3,918.63 million. 12% of all extractive payments to government in 2023. Published in ZMW millions. Not converted."
"CNMC_LUANSHYA","CNMC LUANSHYA COPPER MINES PLC","2023","payments_to_govt_zmw","2645000000","ZMW","2023-12-31","ZEITI 2023 and 2024 Reconciliation Report, Table 36 (Payment to Government by Mining companies 2023)","https://zambiaeiti.org/wp-content/uploads/2025/10/Zambia-EITI-2023-and-2024-report.pdf","[total (all government agencies)] COMPANY TOTAL across all government agencies: ZRA 2,207.26m + MMMD 0.94m + local councils 25.89m + Ministry of Lands 0.63m + ZCCM-IH dividend 375.48m + EPF 34.80m = ZMW 2,645.00 million. Published in ZMW millions. Not converted.","MAAMBA COLLIERIES LIMITED","2023","payments_to_govt_zmw","2427170000","ZMW","2023-12-31","ZEITI 2023 and 2024 Reconciliation Report, Table 36 (Payment to Government by Mining companies 2023)","https://zambiaeiti.org/wp-content/uploads/2025/10/Zambia-EITI-2023-and-2024-report.pdf","[total (all government agencies)] COMPANY TOTAL across all government agencies: ZRA 2,375.24m + MMMD 35.01m + local councils 4.61m + Environmental Protection Fund 12.31m = ZMW 2,427.17 million. Published in ZMW millions. Not converted."
"CCS","CHAMBISHI COPPER SMELTER LIMITED","2023","payments_to_govt_zmw","2961540000","ZMW","2023-12-31","ZEITI 2023 and 2024 Reconciliation Report, Table 36 (Payment to Government by Mining companies 2023)","https://zambiaeiti.org/wp-content/uploads/2025/10/Zambia-EITI-2023-and-2024-report.pdf","[total (all government agencies)] COMPANY TOTAL across all government agencies: ZRA 2,947.50m + MMMD 0.03m + local councils 14.01m = ZMW 2,961.54 million. 9% of all extractive payments to government in 2023. Published in ZMW millions. Not converted."
"NFCA","NFC AFRICA MINING PLC","2023","payments_to_govt_zmw","1747850000","ZMW","2023-12-31","ZEITI 2023 and 2024 Reconciliation Report, Table 36 (Payment to Government by Mining companies 2023)","https://zambiaeiti.org/wp-content/uploads/2025/10/Zambia-EITI-2023-and-2024-report.pdf","[total (all government agencies)] COMPANY TOTAL across all government agencies: ZRA 1,715.59m + local councils 32.21m + Ministry of Lands 0.05m = ZMW 1,747.85 million. Published in ZMW millions. Not converted.","FIRST QUANTUM MINING AND OPERATIONS LTD BM M S","2023","payments_to_govt_zmw","905440000","ZMW","2023-12-31","ZEITI 2023 and 2024 Reconciliation Report, Table 36 (Payment to Government by Mining companies 2023)","https://zambiaeiti.org/wp-content/uploads/2025/10/Zambia-EITI-2023-and-2024-report.pdf","[total (all government agencies)] COMPANY TOTAL across all government agencies: ZRA 905.24m + MMMD 0.01m + local councils 0.18m + Ministry of Lands 0.01m = ZMW 905.44 million. Published in ZMW millions. Not converted."
"ZCCM_IH","ZCCM INVESTMENTS HOLDINGS PLC","2023","payments_to_govt_zmw","853510000","ZMW","2023-12-31","ZEITI 2023 and 2024 Reconciliation Report, Table 36 (Payment to Government by Mining companies 2023)","https://zambiaeiti.org/wp-content/uploads/2025/10/Zambia-EITI-2023-and-2024-report.pdf","[total (all government agencies)] COMPANY TOTAL across all government agencies: ZRA 145.22m + local councils 0.34m + IDC dividends 582.53m + Ministry of Finance dividends 124.17m = ZMW 853.51 million. Most of ZCCM-IH's 'payments to government' are onward dividend transfers to its state parents (IDC and MoFNP), not taxes. Published in ZMW millions. Not converted.","KAGEM MINING LIMITED","2023","payments_to_govt_zmw","772570000","ZMW","2023-12-31","ZEITI 2023 and 2024 Reconciliation Report, Table 36 (Payment to Government by Mining companies 2023)","https://zambiaeiti.org/wp-content/uploads/2025/10/Zambia-EITI-2023-and-2024-report.pdf","[total (all government agencies)] COMPANY TOTAL across all government agencies: ZRA 612.67m + MMMD 1.25m + local councils 11.01m + IDC dividends 146.84m + EPF 1.76m = ZMW 772.57 million. Published in ZMW millions. Not converted."
"LUBAMBE","LUBAMBE COPPER MINE LIMITED","2023","payments_to_govt_zmw","568570000","ZMW","2023-12-31","ZEITI 2023 and 2024 Reconciliation Report, Table 36 (Payment to Government by Mining companies 2023)","https://zambiaeiti.org/wp-content/uploads/2025/10/Zambia-EITI-2023-and-2024-report.pdf","[total (all government agencies)] COMPANY TOTAL across all government agencies: ZRA 558.40m + MMMD 0.29m + local councils 7.65m + Ministry of Lands 1.14m = ZMW 568.57 million. Published in ZMW millions. Not converted."
"MOPANI","MOPANI COPPER MINES PLC","2023","payments_to_govt_zmw","335530000","ZMW","2023-12-31","ZEITI 2023 and 2024 Reconciliation Report, Table 36 (Payment to Government by Mining companies 2023)","https://zambiaeiti.org/wp-content/uploads/2025/10/Zambia-EITI-2023-and-2024-report.pdf","[total (all government agencies)] COMPANY TOTAL across all government agencies: ZRA 214.28m + MMMD 1.27m + local councils 110.65m + EPF 10.12m = ZMW 335.53 million. Striking structure: Mopani paid roughly half as much to local councils as to ZRA - a legacy of its very large Copperbelt property footprint. Published in ZMW millions. Not converted.","CHILANGA CEMENT PLC","2023","payments_to_govt_zmw","321500000","ZMW","2023-12-31","ZEITI 2023 and 2024 Reconciliation Report, Table 36 (Payment to Government by Mining companies 2023)","https://zambiaeiti.org/wp-content/uploads/2025/10/Zambia-EITI-2023-and-2024-report.pdf","[total (all government agencies)] COMPANY TOTAL across all government agencies: ZRA 316.60m + MMMD 1.38m + local councils 4.86m = ZMW 321.50 million (published total is 1.3m below the component sum). Published in ZMW millions. Not converted."
"KCM","KONKOLA COPPER MINES PLC","2023","payments_to_govt_zmw","295260000","ZMW","2023-12-31","ZEITI 2023 and 2024 Reconciliation Report, Table 36 (Payment to Government by Mining companies 2023)","https://zambiaeiti.org/wp-content/uploads/2025/10/Zambia-EITI-2023-and-2024-report.pdf","[total (all government agencies)] COMPANY TOTAL across all government agencies: ZRA 216.24m + MMMD 0.04m + local councils 77.75m = ZMW 295.26 million. Like Mopani, KCM's council payments (77.75m) are large relative to its tax payments. 1% of all extractive payments to government in 2023, against roughly 20% for FQM Trident. Published in ZMW millions. Not converted."
"OTHER_MINES","Other (non-scoped) extractive companies, ZEITI 2023","2023","payments_to_govt_zmw","3643010000","ZMW","2023-12-31","ZEITI 2023 and 2024 Reconciliation Report, Table 36 (Payment to Government by Mining companies 2023)","https://zambiaeiti.org/wp-content/uploads/2025/10/Zambia-EITI-2023-and-2024-report.pdf","[total (all government agencies)] AGGREGATE residual for all extractive companies outside the 14-company reconciliation scope: ZRA 3,031.98m + MMMD 31.66m + local councils 246.35m + ZCCM-IH 304.34m (Copperbelt Energy Corporation dividend) + EPF 28.68m = ZMW 3,643.01 million, 10% of the sector total. Includes Sino-Metals, Grizzly, Lian Chao and Yue Ventures, Dangote, Mabiza, Chibuluma, Chambishi Metals and ~400 smaller licence holders. Published in ZMW millions. Not converted.","Zambian extractive sector (all companies, ZEITI 2023 scope plus unilateral disclosures)","2023","payments_to_govt_zmw","33063870000","ZMW","2023-12-31","ZEITI 2023 and 2024 Reconciliation Report, Table 36 total","https://zambiaeiti.org/wp-content/uploads/2025/10/Zambia-EITI-2023-and-2024-report.pdf","[total (all government agencies)] NATIONAL AGGREGATE - do not add to per-company rows. Total extractive-sector payments to all Zambian government agencies in 2023: ZMW 33,063.87 million (ZRA 29,437.66m, local councils 727.58m, ZCCM-IH 1,499.41m, IDC 729.37m, Ministry of Lands 382.89m, MoFNP 124.17m, MMMD 76.43m, EPF 87.67m). Table 44 of the same report gives a marginally different sector total of ZMW 33,461.84 million for 2023 and ZMW 38,081.89 million for 2024. Published in ZMW millions. Not converted.","Zambian extractive sector (all companies)","2023","payments_to_govt_zmw","7555160000","ZMW","2023-12-31","ZEITI 2023 and 2024 Reconciliation Report, Table 35 (Payment to Zambia Revenue Authority by revenue stream)","https://zambiaeiti.org/wp-content/uploads/2025/10/Zambia-EITI-2023-and-2024-report.pdf","[mineral royalty (sector total, ZRA)] NATIONAL AGGREGATE cross-check row. The 13 per-company mineral royalty finals recorded in this file sum to ZMW 7,063.4 million, i.e. 93.5% of this sector total - so the per-company extraction is consistent with the published national figure. Published in ZMW millions. Not converted.","Zambian extractive sector (all companies)","2024","payments_to_govt_zmw","11960320000","ZMW","2024-12-31","ZEITI 2023 and 2024 Reconciliation Report, Table 35 (Payment to Zambia Revenue Authority by revenue stream)","https://zambiaeiti.org/wp-content/uploads/2025/10/Zambia-EITI-2023-and-2024-report.pdf","[mineral royalty (sector total, ZRA)] NATIONAL AGGREGATE. Mineral royalty rose 58% from 2023 to 2024. NO PER-COMPANY 2024 BREAKDOWN EXISTS: the report states that for 2024 the Ministry of Mines, local councils, Ministry of Finance, IDC and Ministry of Lands did not submit receipts and companies had not submitted declarations, so 2024 is government unilateral disclosure only and reconciliation was deferred to a separate exercise. Published in ZMW millions. Not converted.","Zambian extractive sector (all companies)","2024","payments_to_govt_zmw","36243710000","ZMW","2024-12-31","ZEITI 2023 and 2024 Reconciliation Report, Tables 35 and 44","https://zambiaeiti.org/wp-content/uploads/2025/10/Zambia-EITI-2023-and-2024-report.pdf","[total payments to Zambia Revenue Authority (sector total)] NATIONAL AGGREGATE, government-reported (unilateral ZRA disclosure, unreconciled). Up 23.12% on 2023 (ZMW 29,437.67m). 2024 composition: mineral royalty 11,960.32m, income tax 7,935.24m, PAYE 5,020.98m, withholding VAT 4,892.11m, VAT 3,763.70m, withholding tax 2,184.88m, local excise on electrical energy 179.55m. Published in ZMW millions. Not converted."
"FQM_TRIDENT","FQM TRIDENT LIMITED","2023","payments_to_govt_zmw","54440000","ZMW","2023-12-31","ZEITI 2023 and 2024 Reconciliation Report, Table 40 A (Payments to local councils)","https://zambiaeiti.org/wp-content/uploads/2025/10/Zambia-EITI-2023-and-2024-report.pdf","[local council annual business fee and property rates] COMPANY-REPORTED subnational payment (annual business fee and property rates), published as ZMW 54.44 million. The 16 company figures in Table 40 A sum to exactly the published 727.58m total, which validates the extraction. Principal council is Solwezi/Kalumbila. ZMW, not converted."
"KANSANSHI","KANSANSHI MINING PLC","2023","payments_to_govt_zmw","72790000","ZMW","2023-12-31","ZEITI 2023 and 2024 Reconciliation Report, Table 40 A (Payments to local councils)","https://zambiaeiti.org/wp-content/uploads/2025/10/Zambia-EITI-2023-and-2024-report.pdf","[local council annual business fee and property rates] COMPANY-REPORTED subnational payment to Solwezi Municipal Council, published as ZMW 72.79 million - the largest single council payment by any company in 2023. ZMW, not converted."
"LUMWANA","LUMWANA MINING COMPANY LIMITED","2023","payments_to_govt_zmw","63530000","ZMW","2023-12-31","ZEITI 2023 and 2024 Reconciliation Report, Table 40 A (Payments to local councils)","https://zambiaeiti.org/wp-content/uploads/2025/10/Zambia-EITI-2023-and-2024-report.pdf","[local council annual business fee and property rates] COMPANY-REPORTED subnational payment, published as ZMW 63.53 million. ZMW, not converted."
"CCS","CHAMBISHI COPPER SMELTER LIMITED","2023","payments_to_govt_zmw","14010000","ZMW","2023-12-31","ZEITI 2023 and 2024 Reconciliation Report, Table 40 A (Payments to local councils)","https://zambiaeiti.org/wp-content/uploads/2025/10/Zambia-EITI-2023-and-2024-report.pdf","[local council annual business fee and property rates] COMPANY-REPORTED subnational payment, published as ZMW 14.01 million. Kalulushi Municipal Council independently declared receipts of ZMW 12,833,337 in property rates from CCS (Table 40 B) - a gap of about 1.2m between the two sides. ZMW, not converted.","MAAMBA COLLIERIES LIMITED","2023","payments_to_govt_zmw","4610000","ZMW","2023-12-31","ZEITI 2023 and 2024 Reconciliation Report, Table 40 A (Payments to local councils)","https://zambiaeiti.org/wp-content/uploads/2025/10/Zambia-EITI-2023-and-2024-report.pdf","[local council annual business fee and property rates] COMPANY-REPORTED subnational payment, published as ZMW 4.61 million. ZMW, not converted."
"CNMC_LUANSHYA","CNMC LUANSHYA COPPER MINES PLC","2023","payments_to_govt_zmw","25890000","ZMW","2023-12-31","ZEITI 2023 and 2024 Reconciliation Report, Table 40 A (Payments to local councils)","https://zambiaeiti.org/wp-content/uploads/2025/10/Zambia-EITI-2023-and-2024-report.pdf","[local council annual business fee and property rates] COMPANY-REPORTED subnational payment to Luanshya Municipal Council, published as ZMW 25.89 million. ZMW, not converted."
"NFCA","NFC AFRICA MINING PLC","2023","payments_to_govt_zmw","32210000","ZMW","2023-12-31","ZEITI 2023 and 2024 Reconciliation Report, Table 40 A (Payments to local councils)","https://zambiaeiti.org/wp-content/uploads/2025/10/Zambia-EITI-2023-and-2024-report.pdf","[local council annual business fee and property rates] COMPANY-REPORTED subnational payment, published as ZMW 32.21 million. Kalulushi Municipal Council independently declared ZMW 32,000,000 in property rates from NFCA (Table 40 B) - the two sides agree to within 0.7%. ZMW, not converted.","FIRST QUANTUM MINING AND OPERATIONS LTD BM M S","2023","payments_to_govt_zmw","180000","ZMW","2023-12-31","ZEITI 2023 and 2024 Reconciliation Report, Table 40 A (Payments to local councils)","https://zambiaeiti.org/wp-content/uploads/2025/10/Zambia-EITI-2023-and-2024-report.pdf","[local council annual business fee and property rates] COMPANY-REPORTED subnational payment, published as ZMW 0.18 million. ZMW, not converted."
"ZCCM_IH","ZCCM INVESTMENTS HOLDINGS PLC","2023","payments_to_govt_zmw","340000","ZMW","2023-12-31","ZEITI 2023 and 2024 Reconciliation Report, Table 40 A (Payments to local councils)","https://zambiaeiti.org/wp-content/uploads/2025/10/Zambia-EITI-2023-and-2024-report.pdf","[local council annual business fee and property rates] COMPANY-REPORTED subnational payment to Lusaka City Council, published as ZMW 0.34 million. ZMW, not converted.","KAGEM MINING LIMITED","2023","payments_to_govt_zmw","11010000","ZMW","2023-12-31","ZEITI 2023 and 2024 Reconciliation Report, Table 40 A (Payments to local councils)","https://zambiaeiti.org/wp-content/uploads/2025/10/Zambia-EITI-2023-and-2024-report.pdf","[local council annual business fee and property rates] COMPANY-REPORTED subnational payment, published as ZMW 11.01 million. Lufwanyama Town Council declared receipts of only ZMW 1,281,542.68 from Kagem (Table 40 B) - a large subnational gap. ZMW, not converted."
"LUBAMBE","LUBAMBE COPPER MINE LIMITED","2023","payments_to_govt_zmw","7650000","ZMW","2023-12-31","ZEITI 2023 and 2024 Reconciliation Report, Table 40 A (Payments to local councils)","https://zambiaeiti.org/wp-content/uploads/2025/10/Zambia-EITI-2023-and-2024-report.pdf","[local council annual business fee and property rates] COMPANY-REPORTED subnational payment, published as ZMW 7.65 million. ZMW, not converted.","CHILANGA CEMENT PLC","2023","payments_to_govt_zmw","4860000","ZMW","2023-12-31","ZEITI 2023 and 2024 Reconciliation Report, Table 40 A (Payments to local councils)","https://zambiaeiti.org/wp-content/uploads/2025/10/Zambia-EITI-2023-and-2024-report.pdf","[local council annual business fee and property rates] COMPANY-REPORTED subnational payment to Chilanga Municipal Council, published as ZMW 4.86 million. ZMW, not converted.","GRIZZLY MINING LIMITED","2023","payments_to_govt_zmw","1310000","ZMW","2023-12-31","ZEITI 2023 and 2024 Reconciliation Report, Table 40 A (Payments to local councils)","https://zambiaeiti.org/wp-content/uploads/2025/10/Zambia-EITI-2023-and-2024-report.pdf","[local council annual business fee and property rates] COMPANY-REPORTED subnational payment, published as ZMW 1.31 million. Grizzly is the only company in Table 40 A that is absent from Table 36, which is why Table 40 A totals 727.58m while Table 36's council column totals 726.27m. ZMW, not converted."
"KCM","KONKOLA COPPER MINES PLC","2023","payments_to_govt_zmw","77750000","ZMW","2023-12-31","ZEITI 2023 and 2024 Reconciliation Report, Table 40 A (Payments to local councils)","https://zambiaeiti.org/wp-content/uploads/2025/10/Zambia-EITI-2023-and-2024-report.pdf","[local council annual business fee and property rates] COMPANY-REPORTED subnational payment, published as ZMW 77.75 million - more than a third of KCM's total ZRA bill for the year, reflecting its very large Chingola/Chililabombwe property base. Councils declared only ZMW 60,045 of receipts from KCM (Kitwe, Table 40 B) because Chililabombwe and Chingola did not submit declarations. ZMW, not converted."
"MOPANI","MOPANI COPPER MINES PLC","2023","payments_to_govt_zmw","110650000","ZMW","2023-12-31","ZEITI 2023 and 2024 Reconciliation Report, Table 40 A (Payments to local councils)","https://zambiaeiti.org/wp-content/uploads/2025/10/Zambia-EITI-2023-and-2024-report.pdf","[local council annual business fee and property rates] COMPANY-REPORTED subnational payment, published as ZMW 110.65 million - the largest council payment of any company in 2023, and about half again its entire ZRA bill. Kitwe declared receipts of only ZMW 13,204,509 from Mopani (Table 40 B); Mufulira, its principal council, did not submit a declaration. ZMW, not converted."
"OTHER_MINES","Other mining companies (ZEITI 2023, subnational)","2023","payments_to_govt_zmw","246350000","ZMW","2023-12-31","ZEITI 2023 and 2024 Reconciliation Report, Table 40 A (Payments to local councils)","https://zambiaeiti.org/wp-content/uploads/2025/10/Zambia-EITI-2023-and-2024-report.pdf","[local council annual business fee and property rates] AGGREGATE residual for all other mining companies, published as ZMW 246.35 million. Sector total for local councils in 2023 was ZMW 727.58 million. ZMW, not converted."
"CHAMBISHI_METALS","CHAMBISHI METALS PLC","2023","payments_to_govt_zmw","17450318.72","ZMW","2023-12-31","ZEITI 2023 and 2024 Reconciliation Report, Table 40 B (Payments to local councils, council-declared receipts)","https://zambiaeiti.org/wp-content/uploads/2025/10/Zambia-EITI-2023-and-2024-report.pdf","[local council property rates] GOVERNMENT-REPORTED (Kalulushi Municipal Council declaration) property rates receipt. Chambishi Metals was not in the reconciliation scope and does not appear in the ZRA per-company annex among the ranks that could be verified, so this is the only ZEITI 2023 payment figure available for it. The property-rates column of Table 40 B sums to exactly the published ZMW 234,366,217.44 total, which validates the extraction. ZMW, not converted."
"SINO_METALS","SINO METALS LEACH (Z) LTD","2023","payments_to_govt_zmw","4522377.60","ZMW","2023-12-31","ZEITI 2023 and 2024 Reconciliation Report, Table 40 B (Payments to local councils, council-declared receipts)","https://zambiaeiti.org/wp-content/uploads/2025/10/Zambia-EITI-2023-and-2024-report.pdf","[local council property rates] GOVERNMENT-REPORTED (Kalulushi Municipal Council declaration) property rates receipt. ZMW, not converted."
"MOPANI","MOPANI COPPER MINES PLC","2023","payments_to_govt_zmw","13204509.00","ZMW","2023-12-31","ZEITI 2023 and 2024 Reconciliation Report, Table 40 B (Payments to local councils, council-declared receipts)","https://zambiaeiti.org/wp-content/uploads/2025/10/Zambia-EITI-2023-and-2024-report.pdf","[local council property rates (Kitwe City Council only)] GOVERNMENT-REPORTED, Kitwe City Council only - NOT Mopani's national council total. Mopani itself declared ZMW 110.65m to all councils. Only 9 of Zambia's 116 local councils submitted declarations for 2023, so Table 40 B (ZMW 234.9m) captures barely a third of the ZMW 727.58m the companies say they paid. ZMW, not converted."
"KCM","KONKOLA COPPER MINES PLC","2023","payments_to_govt_zmw","60045.00","ZMW","2023-12-31","ZEITI 2023 and 2024 Reconciliation Report, Table 40 B (Payments to local councils, council-declared receipts)","https://zambiaeiti.org/wp-content/uploads/2025/10/Zambia-EITI-2023-and-2024-report.pdf","[local council property rates (Kitwe City Council only)] GOVERNMENT-REPORTED, Kitwe City Council only - two entries of ZMW 32,370.00 and ZMW 27,675.00 summed here. NOT KCM's national council total; KCM itself declared ZMW 77.75m to all councils and its principal councils (Chililabombwe, Chingola) did not submit declarations. ZMW, not converted."
"NFCA","NFC AFRICA MINING PLC","2023","payments_to_govt_zmw","32000000.00","ZMW","2023-12-31","ZEITI 2023 and 2024 Reconciliation Report, Table 40 B (Payments to local councils, council-declared receipts)","https://zambiaeiti.org/wp-content/uploads/2025/10/Zambia-EITI-2023-and-2024-report.pdf","[local council property rates (Kalulushi Municipal Council)] GOVERNMENT-REPORTED (council declaration). Matches NFCA's own declaration of ZMW 32.21m to within 0.7% - one of the few well-reconciled subnational figures. ZMW, not converted."
"CCS","CHAMBISHI COPPER SMELTER LIMITED","2023","payments_to_govt_zmw","12833337.00","ZMW","2023-12-31","ZEITI 2023 and 2024 Reconciliation Report, Table 40 B (Payments to local councils, council-declared receipts)","https://zambiaeiti.org/wp-content/uploads/2025/10/Zambia-EITI-2023-and-2024-report.pdf","[local council property rates (Kalulushi Municipal Council)] GOVERNMENT-REPORTED (council declaration) against CCS's own ZMW 14.01m. ZMW, not converted.","KAGEM MINING LIMITED","2023","payments_to_govt_zmw","1281542.68","ZMW","2023-12-31","ZEITI 2023 and 2024 Reconciliation Report, Table 40 B (Payments to local councils, council-declared receipts)","https://zambiaeiti.org/wp-content/uploads/2025/10/Zambia-EITI-2023-and-2024-report.pdf","[local council property rates (Lufwanyama Town Council)] GOVERNMENT-REPORTED (council declaration) against Kagem's own ZMW 11.01m across all councils. ZMW, not converted."
"FQM_TRIDENT","FQM TRIDENT LIMITED","2024","payments_to_govt_usd","1472483.18","USD","2024-12-31","ZEITI 2023 and 2024 Reconciliation Report, Table 48 (Payments to the Environmental Protection Fund 2024)","https://zambiaeiti.org/wp-content/uploads/2025/10/Zambia-EITI-2023-and-2024-report.pdf","[environmental protection fund contribution] Published natively in US dollars, so no conversion needed. Largest EPF contributor in 2024. EPF deposits are refundable environmental rehabilitation security under the Minerals Regulation Commission Act No. 14 of 2024, not a tax - but EITI counts them as a payment stream to government. The 2024 column sums to about US$8.43m, matching the report's ZMW 220.80m sector figure at the 2024 average rate, which validates the extraction."
"CNMC_LUANSHYA","CNMC LUANSHYA COPPER MINES PLC","2024","payments_to_govt_usd","1442301.91","USD","2024-12-31","ZEITI 2023 and 2024 Reconciliation Report, Table 48 (Payments to the Environmental Protection Fund 2024)","https://zambiaeiti.org/wp-content/uploads/2025/10/Zambia-EITI-2023-and-2024-report.pdf","[environmental protection fund contribution] Published natively in US dollars. Refundable environmental rehabilitation deposit, not a tax."
"LUMWANA","LUMWANA MINING COMPANY LIMITED","2024","payments_to_govt_usd","1071960.70","USD","2024-12-31","ZEITI 2023 and 2024 Reconciliation Report, Table 48 (Payments to the Environmental Protection Fund 2024)","https://zambiaeiti.org/wp-content/uploads/2025/10/Zambia-EITI-2023-and-2024-report.pdf","[environmental protection fund contribution] Published natively in US dollars. Refundable environmental rehabilitation deposit, not a tax."
"MOPANI","MOPANI COPPER MINES PLC","2024","payments_to_govt_usd","912964.81","USD","2024-12-31","ZEITI 2023 and 2024 Reconciliation Report, Table 48 (Payments to the Environmental Protection Fund 2024)","https://zambiaeiti.org/wp-content/uploads/2025/10/Zambia-EITI-2023-and-2024-report.pdf","[environmental protection fund contribution] Published natively in US dollars. Refundable environmental rehabilitation deposit, not a tax. Mopani's EPF contribution jumped from US$500,001 in 2023 to US$912,965 in 2024, following the IRH acquisition."
"KANSANSHI","KANSANSHI MINING PLC","2024","payments_to_govt_usd","910947.72","USD","2024-12-31","ZEITI 2023 and 2024 Reconciliation Report, Table 48 (Payments to the Environmental Protection Fund 2024)","https://zambiaeiti.org/wp-content/uploads/2025/10/Zambia-EITI-2023-and-2024-report.pdf","[environmental protection fund contribution] Published natively in US dollars. Refundable environmental rehabilitation deposit, not a tax."
"NFCA","NFC AFRICA MINING PLC","2024","payments_to_govt_usd","227343.48","USD","2024-12-31","ZEITI 2023 and 2024 Reconciliation Report, Table 48 (Payments to the Environmental Protection Fund 2024)","https://zambiaeiti.org/wp-content/uploads/2025/10/Zambia-EITI-2023-and-2024-report.pdf","[environmental protection fund contribution] Published natively in US dollars. Refundable environmental rehabilitation deposit, not a tax."
"LUBAMBE","LUBAMBE COPPER MINE LIMITED","2024","payments_to_govt_usd","163046.46","USD","2024-12-31","ZEITI 2023 and 2024 Reconciliation Report, Table 48 (Payments to the Environmental Protection Fund 2024)","https://zambiaeiti.org/wp-content/uploads/2025/10/Zambia-EITI-2023-and-2024-report.pdf","[environmental protection fund contribution] Published natively in US dollars. Refundable environmental rehabilitation deposit, not a tax."
"CHAMBISHI_METALS","CHAMBISHI METALS PLC","2024","payments_to_govt_usd","71070.00","USD","2024-12-31","ZEITI 2023 and 2024 Reconciliation Report, Table 48 (Payments to the Environmental Protection Fund 2024)","https://zambiaeiti.org/wp-content/uploads/2025/10/Zambia-EITI-2023-and-2024-report.pdf","[environmental protection fund contribution] Published natively in US dollars. One of only two ZEITI 2023/24 payment figures available for Chambishi Metals (the other is its Kalulushi property rates). Refundable environmental rehabilitation deposit, not a tax.","CHILANGA CEMENT PLC","2024","payments_to_govt_usd","134826.06","USD","2024-12-31","ZEITI 2023 and 2024 Reconciliation Report, Table 48 (Payments to the Environmental Protection Fund 2024)","https://zambiaeiti.org/wp-content/uploads/2025/10/Zambia-EITI-2023-and-2024-report.pdf","[environmental protection fund contribution] Published natively in US dollars. Refundable environmental rehabilitation deposit, not a tax.","KAGEM MINING LIMITED","2024","payments_to_govt_usd","111808.68","USD","2024-12-31","ZEITI 2023 and 2024 Reconciliation Report, Table 48 (Payments to the Environmental Protection Fund 2024)","https://zambiaeiti.org/wp-content/uploads/2025/10/Zambia-EITI-2023-and-2024-report.pdf","[environmental protection fund contribution] Published natively in US dollars. Refundable environmental rehabilitation deposit, not a tax.","MABIZA RESOURCES LIMITED","2024","payments_to_govt_usd","275704.68","USD","2024-12-31","ZEITI 2023 and 2024 Reconciliation Report, Table 48 (Payments to the Environmental Protection Fund 2024)","https://zambiaeiti.org/wp-content/uploads/2025/10/Zambia-EITI-2023-and-2024-report.pdf","[environmental protection fund contribution] Published natively in US dollars. Munali nickel. Refundable environmental rehabilitation deposit, not a tax.","GRIZZLY MINING LIMITED","2024","payments_to_govt_usd","171050.40","USD","2024-12-31","ZEITI 2023 and 2024 Reconciliation Report, Table 48 (Payments to the Environmental Protection Fund 2024)","https://zambiaeiti.org/wp-content/uploads/2025/10/Zambia-EITI-2023-and-2024-report.pdf","[environmental protection fund contribution] Published natively in US dollars. Refundable environmental rehabilitation deposit, not a tax."
"CNMC_LUANSHYA","CNMC LUANSHYA COPPER MINES PLC","2023","payments_to_govt_usd","1720043.35","USD","2023-12-31","ZEITI 2023 and 2024 Reconciliation Report, Table 48 (Payments to the Environmental Protection Fund, 2023 column)","https://zambiaeiti.org/wp-content/uploads/2025/10/Zambia-EITI-2023-and-2024-report.pdf","[environmental protection fund contribution] Published natively in US dollars. Cross-checked: Table 36 gives CNMC's 2023 EPF payment as ZMW 34.80 million, which at the 2023 average of about 20.235 ZMW/USD is US$1,719,792 - matching this figure and confirming the row assignment in a table whose columns are misaligned in the PDF. Refundable environmental rehabilitation deposit, not a tax.","MAAMBA COLLIERIES LIMITED","2023","payments_to_govt_usd","608562.49","USD","2023-12-31","ZEITI 2023 and 2024 Reconciliation Report, Table 48 (Payments to the Environmental Protection Fund, 2023 column)","https://zambiaeiti.org/wp-content/uploads/2025/10/Zambia-EITI-2023-and-2024-report.pdf","[environmental protection fund contribution] Published natively in US dollars. Cross-checked against Table 36's ZMW 12.31 million for Maamba's 2023 EPF payment (US$608,347 at 20.235 ZMW/USD). Refundable environmental rehabilitation deposit, not a tax."
"MOPANI","MOPANI COPPER MINES PLC","2023","payments_to_govt_usd","500001.00","USD","2023-12-31","ZEITI 2023 and 2024 Reconciliation Report, Table 48 (Payments to the Environmental Protection Fund, 2023 column)","https://zambiaeiti.org/wp-content/uploads/2025/10/Zambia-EITI-2023-and-2024-report.pdf","[environmental protection fund contribution] Published natively in US dollars. Cross-checked against Table 36's ZMW 10.12 million for Mopani's 2023 EPF payment (US$500,124 at 20.235 ZMW/USD). Refundable environmental rehabilitation deposit, not a tax.","KAGEM MINING LIMITED","2023","payments_to_govt_usd","87026.47","USD","2023-12-31","ZEITI 2023 and 2024 Reconciliation Report, Table 48 (Payments to the Environmental Protection Fund, 2023 column)","https://zambiaeiti.org/wp-content/uploads/2025/10/Zambia-EITI-2023-and-2024-report.pdf","[environmental protection fund contribution] Published natively in US dollars. Cross-checked against Table 36's ZMW 1.76 million for Kagem's 2023 EPF payment (US$86,977 at 20.235 ZMW/USD). Refundable environmental rehabilitation deposit, not a tax."
"SINO_METALS","SINO METALS LEACH (Z) LTD","2023","payments_to_govt_usd","82654.00","USD","2023-12-31","ZEITI 2023 and 2024 Reconciliation Report, Table 48 (Payments to the Environmental Protection Fund, 2023 column)","https://zambiaeiti.org/wp-content/uploads/2025/10/Zambia-EITI-2023-and-2024-report.pdf","[environmental protection fund contribution] Published natively in US dollars. Position in the descending 2023 column is fixed by the four independently cross-checked anchors (CNMC, Maamba, Mopani, Kagem). Refundable environmental rehabilitation deposit, not a tax."
"KANSANSHI","KANSANSHI MINING PLC","2023","payments_to_govt_usd","40513688","USD","2023-12-31","ZEITI 2023 and 2024 Reconciliation Report, Table 23 (Kansanshi Mining PLC Royalty payments in 2023/2024)","https://zambiaeiti.org/wp-content/uploads/2025/10/Zambia-EITI-2023-and-2024-report.pdf","[gross revenue royalty paid to ZCCM-IH (3.1%)] GOVERNMENT/SOE-REPORTED: royalty received by state-owned ZCCM-IH, published natively in US dollars as the sum of quarterly receipts of 7,084,206 + 23,743,394 - 9,686,088 (a negative, i.e. a reversal or true-up quarter) = 40,513,688. IMPORTANT DISCREPANCY: this is materially higher than the US$38.48m for 2023 already in dataset/entity_values.csv from press reporting of ZCCM-IH's own royalty announcement, and Table 39 of the same ZEITI report separately gives ZMW 819,591,908 (about US$40.5m at 20.235) - so the ZEITI and press figures differ by roughly US$2m, most likely accrual versus cash timing. The 3.1% gross revenue royalty replaced ZCCM-IH's 20% dividend rights from April 2023 and is SEPARATE from Kansanshi's statutory mineral royalty to ZRA."
"KANSANSHI","KANSANSHI MINING PLC","2024","payments_to_govt_usd","39724064","USD","2024-12-31","ZEITI 2023 and 2024 Reconciliation Report, Table 23 (Kansanshi Mining PLC Royalty payments in 2023/2024)","https://zambiaeiti.org/wp-content/uploads/2025/10/Zambia-EITI-2023-and-2024-report.pdf","[gross revenue royalty paid to ZCCM-IH (3.1%)] GOVERNMENT/SOE-REPORTED: royalty received by state-owned ZCCM-IH, published natively in US dollars as four quarterly receipts of 7,200,876 + 12,266,474 + 13,013,567 + 7,243,147 = 39,724,064. MAJOR DISCREPANCY WITH THE EXISTING DATASET ROW: dataset/entity_values.csv carries US$54.51m for 2024 from press reporting of ZCCM-IH's cumulative royalty announcement, against ZEITI's audited US$39.72m - a gap of about US$15m. The ZEITI figure is the reconciled, audited one and should be preferred; the press figure may be on a different basis (e.g. accrued or including other Kansanshi flows). Worth resolving before publication."
"CNMC_LUANSHYA","CNMC LUANSHYA COPPER MINES PLC","2023","payments_to_govt_zmw","375480000","ZMW","2023-12-31","ZEITI 2023 and 2024 Reconciliation Report, Table 39 (Transactions related to state-owned enterprises)","https://zambiaeiti.org/wp-content/uploads/2025/10/Zambia-EITI-2023-and-2024-report.pdf","[dividend paid to ZCCM-IH] GOVERNMENT/SOE-REPORTED: dividend received by state-owned ZCCM-IH from CNMC, ZMW 375,480,000. Table 22 of the same report gives the same flow as US$18,000,000 / ZMW 364,227,789 - an internal inconsistency of about ZMW 11m between two tables in the same report. ZMW, not converted."
"CNMC_LUANSHYA","CNMC LUANSHYA COPPER MINES PLC","2024","payments_to_govt_zmw","261900000","ZMW","2024-12-31","ZEITI 2023 and 2024 Reconciliation Report, Table 39 (Transactions related to state-owned enterprises)","https://zambiaeiti.org/wp-content/uploads/2025/10/Zambia-EITI-2023-and-2024-report.pdf","[dividend paid to ZCCM-IH] GOVERNMENT/SOE-REPORTED: dividend received by state-owned ZCCM-IH from CNMC. Table 22 gives the same flow as US$10,000,000 / ZMW 261,885,995. ZMW, not converted.","KAGEM MINING LIMITED","2024","payments_to_govt_zmw","1040373236","ZMW","2024-12-31","ZEITI 2023 and 2024 Reconciliation Report, Table 39 (Transactions related to state-owned enterprises)","https://zambiaeiti.org/wp-content/uploads/2025/10/Zambia-EITI-2023-and-2024-report.pdf","[dividend paid to Industrial Development Corporation] GOVERNMENT/SOE-REPORTED dividend received by the state-owned IDC. Up from ZMW 39,000,000 in 2023 - a 26-fold increase, the single largest year-on-year jump in any state-owned-enterprise flow in the report. ZMW, not converted.","KAGEM MINING LIMITED","2023","payments_to_govt_zmw","39000000","ZMW","2023-12-31","ZEITI 2023 and 2024 Reconciliation Report, Table 39 (Transactions related to state-owned enterprises)","https://zambiaeiti.org/wp-content/uploads/2025/10/Zambia-EITI-2023-and-2024-report.pdf","[dividend paid to Industrial Development Corporation] GOVERNMENT/SOE-REPORTED dividend received by the state-owned IDC. Note Table 36 instead attributes ZMW 146.84m of IDC dividends to Kagem for 2023, which does not agree with this figure - an unresolved internal inconsistency in the report. ZMW, not converted.","Zambian extractive sector (all companies)","2023","payments_to_govt_zmw","574828145","ZMW","2023-12-31","ZEITI 2023 and 2024 Reconciliation Report, Table 47 (Corporate social responsibility payments)","https://zambiaeiti.org/wp-content/uploads/2025/10/Zambia-EITI-2023-and-2024-report.pdf","[corporate social responsibility cash payments (sector total)] NATIONAL AGGREGATE, no per-company breakdown published. Cash CSR ZMW 574,828,145 plus in-kind CSR ZMW 16,309,508. These are voluntary social payments, not government revenue - recorded here for completeness and clearly flagged so they are not summed with tax rows. ZMW, not converted."
"KANSANSHI","Kansanshi Mining Plc","2022","payments_to_govt_zmw","15133570000","ZMW","2022-12-31","ZEITI 2022 Reconciliation Report, Table 12 / Table 19 (Results of the reconciliation per company)","https://zambiaeiti.org/wp-content/uploads/2025/02/2022-ZEITI-Report.pdf","[total (reconciled, all government agencies)] FINAL RECONCILED total, ZMW 15,133.57 million - both sides agree exactly after adjustment. Initial reporting: company ZMW 14,858.93m, government ZMW 15,110.40m; adjustments +274.64m to the company side and +23.17m to the government side. 38% of all reconciled extractive revenue in 2022. Kansanshi separately unilaterally disclosed ZMW 4,255.97m of payments not subject to reconciliation. Table 48 of the same report gives a slightly different 15,210.31m for Kansanshi. Published in ZMW millions; recorded in ZMW. NOT converted to USD (2022 BoZ average was roughly 16.9 ZMW/USD). Local copy: data/gov/zeiti_2022.pdf."
"KCM","Konkola Copper Mines","2022","payments_to_govt_zmw","1331640000","ZMW","2022-12-31","ZEITI 2022 Reconciliation Report, Table 12 / Table 19 (Results of the reconciliation per company)","https://zambiaeiti.org/wp-content/uploads/2025/02/2022-ZEITI-Report.pdf","[total (reconciled, all government agencies)] FINAL RECONCILED total, ZMW 1,331.64 million - both sides agree exactly after adjustment. LARGE INITIAL GAP: KCM reported ZMW 3,205.09m against the government's ZMW 1,301.89m, a variance of 1,903.20m, resolved by a downward adjustment of 1,873.45m to KCM's own figure - i.e. KCM initially overstated its payments by roughly 140%. Note KCM's 2022 reconciled total (1,331.64m) is six times its 2023 figure (216.24m). ZMW, not converted."
"LUMWANA","Lumwana Mining Company Ltd","2022","payments_to_govt_zmw","4216690000","ZMW","2022-12-31","ZEITI 2022 Reconciliation Report, Table 12 / Table 19 (Results of the reconciliation per company)","https://zambiaeiti.org/wp-content/uploads/2025/02/2022-ZEITI-Report.pdf","[total (reconciled, all government agencies)] GOVERNMENT-REPORTED final reconciled receipt, ZMW 4,216.69 million; the COMPANY-reported final was ZMW 4,235.27m, leaving an unresolved difference of ZMW 18.57m (the largest residual difference of any company in 2022 apart from FQM Operations). Initial reporting: company 4,165.54m, government 4,216.69m. Also unilaterally disclosed ZMW 168.11m outside the reconciliation. ZMW, not converted."
"MOPANI","Mopani Copper Mines","2022","payments_to_govt_zmw","1365710000","ZMW","2022-12-31","ZEITI 2022 Reconciliation Report, Table 12 / Table 19 (Results of the reconciliation per company)","https://zambiaeiti.org/wp-content/uploads/2025/02/2022-ZEITI-Report.pdf","[total (reconciled, all government agencies)] GOVERNMENT-REPORTED final reconciled receipt, ZMW 1,365.71 million; company-reported final 1,365.74m, residual difference 0.03m. Initial reporting: company 1,441.28m, government 1,365.71m. Mopani also unilaterally disclosed a NEGATIVE ZMW 855.60m outside the reconciliation - net VAT refunds/offsets exceeded payments in those streams. Mopani's 2022 reconciled total (1,365.71m) is six times its 2023 figure (214.28m). ZMW, not converted."
"FQM_TRIDENT","FQM Trident Ltd","2022","payments_to_govt_zmw","8659480000","ZMW","2022-12-31","ZEITI 2022 Reconciliation Report, Table 12 / Table 19 (Results of the reconciliation per company)","https://zambiaeiti.org/wp-content/uploads/2025/02/2022-ZEITI-Report.pdf","[total (reconciled, all government agencies)] GOVERNMENT-REPORTED final reconciled receipt, ZMW 8,659.48 million; company-reported final 8,659.17m, residual difference 0.31m. 22% of all reconciled extractive revenue in 2022. Initial reporting: company 7,546.38m, government 8,659.48m - the company initially under-reported by ZMW 1,112.78m. Also unilaterally disclosed ZMW 3,279.26m. ZMW, not converted.","FQM Operations (First Quantum Mining and Operations Ltd)","2022","payments_to_govt_zmw","1231350000","ZMW","2022-12-31","ZEITI 2022 Reconciliation Report, Table 12 / Table 19 (Results of the reconciliation per company)","https://zambiaeiti.org/wp-content/uploads/2025/02/2022-ZEITI-Report.pdf","[total (reconciled, all government agencies)] GOVERNMENT-REPORTED final reconciled receipt, ZMW 1,231.35 million; company-reported final 1,255.38m - an UNRESOLVED residual difference of ZMW 24.03m, the largest of any company in the 2022 exercise. Initial reporting: company 1,271.16m, government 1,229.98m. Also unilaterally disclosed ZMW 120.16m. ZMW, not converted."
"CCS","Chambishi Copper Smelters","2022","payments_to_govt_zmw","2825330000","ZMW","2022-12-31","ZEITI 2022 Reconciliation Report, Table 12 / Table 19 (Results of the reconciliation per company)","https://zambiaeiti.org/wp-content/uploads/2025/02/2022-ZEITI-Report.pdf","[total (reconciled, all government agencies)] GOVERNMENT-REPORTED final reconciled receipt, ZMW 2,825.33 million; company-reported final 2,826.01m, residual difference 0.68m. LARGEST UNDER-REPORTING OF 2022: Chambishi initially declared only ZMW 817.70m against the government's 2,820.89m, requiring an upward adjustment of ZMW 2,008.31m to the company figure - the same pattern of missing multi-year withholding VAT that recurs in the 2023 report. Also unilaterally disclosed a NEGATIVE ZMW 3,373.56m (net VAT refunds). ZMW, not converted."
"ZCCM_IH","ZCCM Investments Holdings","2022","payments_to_govt_zmw","47400000","ZMW","2022-12-31","ZEITI 2022 Reconciliation Report, Table 12 / Table 19 (Results of the reconciliation per company)","https://zambiaeiti.org/wp-content/uploads/2025/02/2022-ZEITI-Report.pdf","[total (reconciled, all government agencies)] GOVERNMENT-REPORTED final reconciled receipt, ZMW 47.40 million; company-reported final 47.13m. Initial reporting: company 46.63m, government 42.44m. Tiny compared with ZCCM-IH's 2023 reconciled ZRA figure of 145.22m. ZMW, not converted.","Maamba Collieries","2022","payments_to_govt_zmw","683330000","ZMW","2022-12-31","ZEITI 2022 Reconciliation Report, Table 12 / Table 19 (Results of the reconciliation per company)","https://zambiaeiti.org/wp-content/uploads/2025/02/2022-ZEITI-Report.pdf","[total (reconciled, all government agencies)] GOVERNMENT-REPORTED final reconciled receipt, ZMW 683.33 million; company-reported final 690.71m, residual difference 7.38m. Initial reporting: company 797.93m, government 678.75m. Maamba's payments more than tripled by 2023 (2,375.24m to ZRA), reflecting the 300MW plant coming to full commercial operation. ZMW, not converted."
"NFCA","NFC Africa Mining","2022","payments_to_govt_zmw","1860510000","ZMW","2022-12-31","ZEITI 2022 Reconciliation Report, Table 12 / Table 19 (Results of the reconciliation per company)","https://zambiaeiti.org/wp-content/uploads/2025/02/2022-ZEITI-Report.pdf","[total (reconciled, all government agencies)] GOVERNMENT-REPORTED final reconciled receipt, ZMW 1,860.51 million; company-reported final 1,859.96m, residual difference 0.55m. Initial reporting: company 1,789.77m, government 1,860.51m. Broadly flat against 2023 (1,715.59m to ZRA). ZMW, not converted.","Kagem Mining","2022","payments_to_govt_zmw","638330000","ZMW","2022-12-31","ZEITI 2022 Reconciliation Report, Table 12 / Table 19 (Results of the reconciliation per company)","https://zambiaeiti.org/wp-content/uploads/2025/02/2022-ZEITI-Report.pdf","[total (reconciled, all government agencies)] GOVERNMENT-REPORTED final reconciled receipt, ZMW 638.33 million; company-reported final 637.71m. Initial reporting: company 626.66m, government 559.57m. Also unilaterally disclosed ZMW 114.15m. ZMW, not converted."
"CNMC_LUANSHYA","CNMC Luanshya","2022","payments_to_govt_zmw","1686650000","ZMW","2022-12-31","ZEITI 2022 Reconciliation Report, Table 12 / Table 19 (Results of the reconciliation per company)","https://zambiaeiti.org/wp-content/uploads/2025/02/2022-ZEITI-Report.pdf","[total (reconciled, all government agencies)] GOVERNMENT-REPORTED final reconciled receipt, ZMW 1,686.65 million; company-reported final 1,686.58m. Initial reporting: company 1,723.50m, government 1,686.65m. Also unilaterally disclosed a NEGATIVE ZMW 121.11m. Rose to 2,207.26m to ZRA alone in 2023. ZMW, not converted."
"LUBAMBE","Lubambe Copper Mines","2022","payments_to_govt_zmw","711810000","ZMW","2022-12-31","ZEITI 2022 Reconciliation Report, Table 19 (unilaterally declared payments column)","https://zambiaeiti.org/wp-content/uploads/2025/02/2022-ZEITI-Report.pdf","[unilaterally declared payments (not reconciled)] Lubambe was in the 2022 scope but its payments were NOT reconciled - this ZMW 711.81 million is a unilateral disclosure only, with no matching government-side figure. It is therefore not comparable with the reconciled totals for other companies. Compare 2023, when Lubambe was reconciled at ZMW 558.40m to ZRA. The unilateral column across all 18 lines sums to exactly the published ZMW 8,228.28m, which validates the extraction. ZMW, not converted.","Chilanga Cement Plc","2022","payments_to_govt_zmw","208260000","ZMW","2022-12-31","ZEITI 2022 Reconciliation Report, Table 19 (unilaterally declared payments column)","https://zambiaeiti.org/wp-content/uploads/2025/02/2022-ZEITI-Report.pdf","[unilaterally declared payments (not reconciled)] In scope for 2022 but NOT reconciled - unilateral disclosure only, ZMW 208.26 million, with no matching government-side figure. Chilanga and CNMC Luanshya were the two companies that failed to return certified reporting templates for 2022 (Annex 11). ZMW, not converted.","Zambian extractive sector (12 reconciled companies)","2022","payments_to_govt_zmw","39679990000","ZMW","2022-12-31","ZEITI 2022 Reconciliation Report, Tables 11, 12 and 19","https://zambiaeiti.org/wp-content/uploads/2025/02/2022-ZEITI-Report.pdf","[total (reconciled, all government agencies)] AGGREGATE - do not add to per-company rows. Government-reported final reconciled total ZMW 39,679.99 million; company-reported final ZMW 39,728.87m, leaving an unresolved residual of ZMW 48.87m (0.13% of revenues, inside the ZEC's 1% tolerance). Initial reporting was companies ZMW 38,290.57m vs government ZMW 39,532.96m, a 3.5% discrepancy of ZMW 1,244m. Total revenues collected by all government agencies and councils from the sector in 2022 were ZMW 44,143-44,361m, of which the reconciliation covered 89%. ZMW, not converted.","Zambian extractive sector (12 reconciled companies)","2022","payments_to_govt_zmw","10650080000","ZMW","2022-12-31","ZEITI 2022 Reconciliation Report, Table 13 (Reconciliation results by income stream)","https://zambiaeiti.org/wp-content/uploads/2025/02/2022-ZEITI-Report.pdf","[mineral royalty (sector total, reconciled)] AGGREGATE cross-check row. Government-reported ZMW 10,650.08 million; company-reported 10,650.77m. KEY TREND: sector mineral royalty fell from ZMW 10,650m in 2022 to ZMW 7,555m in 2023 (down 29%) before rising to ZMW 11,960m in 2024. The 2022 report's Table 13 column sums reproduce the published totals exactly, which validates the extraction. ZMW, not converted.","Zambian extractive sector (12 reconciled companies)","2022","payments_to_govt_zmw","11220420000","ZMW","2022-12-31","ZEITI 2022 Reconciliation Report, Table 13 (Reconciliation results by income stream)","https://zambiaeiti.org/wp-content/uploads/2025/02/2022-ZEITI-Report.pdf","[company income tax (sector total, reconciled)] AGGREGATE cross-check row. Government-reported ZMW 11,220.42 million; company-reported 11,220.43m - the best-reconciled major stream of 2022. Company income tax was the single largest extractive revenue stream in 2022 and fell to ZMW 5,280m in 2023. ZMW, not converted.","Zambian extractive sector (12 reconciled companies)","2022","payments_to_govt_zmw","8350630000","ZMW","2022-12-31","ZEITI 2022 Reconciliation Report, Table 13 (Reconciliation results by income stream)","https://zambiaeiti.org/wp-content/uploads/2025/02/2022-ZEITI-Report.pdf","[withholding VAT (sector total, reconciled)] AGGREGATE cross-check row. Government-reported ZMW 8,350.63 million; company-reported 8,350.84m. Withholding VAT was suspended with effect from 1 August 2025, so this stream disappears from future reports. ZMW, not converted.","Zambian extractive sector (12 reconciled companies)","2022","payments_to_govt_zmw","2438030000","ZMW","2022-12-31","ZEITI 2022 Reconciliation Report, Table 13 (Reconciliation results by income stream)","https://zambiaeiti.org/wp-content/uploads/2025/02/2022-ZEITI-Report.pdf","[pay as you earn (sector total, reconciled)] AGGREGATE cross-check row. Government-reported ZMW 2,438.03 million; company-reported 2,461.59m, difference 23.56m - the largest unresolved stream-level difference of 2022. ZMW, not converted.","Zambian extractive sector (12 reconciled companies)","2022","payments_to_govt_zmw","1568350000","ZMW","2022-12-31","ZEITI 2022 Reconciliation Report, Table 13 (Reconciliation results by income stream)","https://zambiaeiti.org/wp-content/uploads/2025/02/2022-ZEITI-Report.pdf","[import VAT (sector total, reconciled)] AGGREGATE cross-check row. Government-reported ZMW 1,568.35 million; company-reported 1,552.26m. ZMW, not converted.","Zambian extractive sector (12 reconciled companies)","2022","payments_to_govt_zmw","838230000","ZMW","2022-12-31","ZEITI 2022 Reconciliation Report, Table 13 (Reconciliation results by income stream)","https://zambiaeiti.org/wp-content/uploads/2025/02/2022-ZEITI-Report.pdf","[import and customs duty (sector total, reconciled)] AGGREGATE cross-check row. Government-reported ZMW 838.23 million; company-reported 875.46m, difference 37.23m - proportionally the worst-reconciled stream of 2022 (4.4%). ZMW, not converted.","Zambian extractive sector (12 reconciled companies)","2022","payments_to_govt_zmw","624080000","ZMW","2022-12-31","ZEITI 2022 Reconciliation Report, Table 13 (Reconciliation results by income stream)","https://zambiaeiti.org/wp-content/uploads/2025/02/2022-ZEITI-Report.pdf","[withholding taxes (sector total, reconciled)] AGGREGATE cross-check row. Government-reported ZMW 624.08 million; company-reported 621.99m. ZMW, not converted.","Zambian extractive sector (12 reconciled companies)","2022","payments_to_govt_zmw","-383470000","ZMW","2022-12-31","ZEITI 2022 Reconciliation Report, Table 13 (Reconciliation results by income stream)","https://zambiaeiti.org/wp-content/uploads/2025/02/2022-ZEITI-Report.pdf","[value added tax, net of refunds (sector total, reconciled)] AGGREGATE cross-check row, NEGATIVE BY CONSTRUCTION. Government-reported minus ZMW 383.47 million; company-reported minus 382.68m. Domestic VAT was a net OUTFLOW from government to the extractive sector in 2022 because refunds exceeded receipts - a reminder that mining VAT is not net revenue. ZMW, not converted.","Zambian extractive sector (12 reconciled companies)","2022","payments_to_govt_zmw","123950000","ZMW","2022-12-31","ZEITI 2022 Reconciliation Report, Table 13 (Reconciliation results by income stream)","https://zambiaeiti.org/wp-content/uploads/2025/02/2022-ZEITI-Report.pdf","[excise duty (sector total, reconciled)] AGGREGATE cross-check row. Government-reported ZMW 123.95 million; company-reported 128.55m. ZMW, not converted.","Zambian extractive sector (12 reconciled companies)","2022","payments_to_govt_zmw","23670000","ZMW","2022-12-31","ZEITI 2022 Reconciliation Report, Table 13 (Reconciliation results by income stream)","https://zambiaeiti.org/wp-content/uploads/2025/02/2022-ZEITI-Report.pdf","[property transfer tax (sector total, reconciled)] AGGREGATE cross-check row. Government-reported ZMW 23.67 million; company-reported 23.65m. ZMW, not converted.","Zambian extractive sector (all companies)","2022","payments_to_govt_zmw","325970630","ZMW","2022-12-31","ZEITI 2022 Reconciliation Report, Table 21 (Collection by local council)","https://zambiaeiti.org/wp-content/uploads/2025/02/2022-ZEITI-Report.pdf","[local council property rates and business fees (sector total)] AGGREGATE, GOVERNMENT-REPORTED: total rates collected by the 17 reporting local councils from extractive companies, ZMW 325,970,630 (of which ZMW 325,651,293 property rates). Disaggregated by council, not by company, so no per-company rows are available for 2022 subnational payments. Compare 2023, when companies declared ZMW 727.58m to councils - a doubling in one year, though only 9 councils reported receipts in 2023 versus 17 in 2022. ZMW, not converted."
"KANSANSHI","KANSANSHI MINING PLC","2021","payments_to_govt_zmw","11514150000","ZMW","2021-12-31","ZEITI 2021 Reconciliation Report, Table 12 (2021 Reconciliation results by company)","https://zambiaeiti.org/wp-content/uploads/2025/02/2021-ZEITI-Report.pdf","[total (reconciled, all government agencies)] GOVERNMENT-REPORTED final reconciled receipt, ZMW 11,514.15 million; the company itself reported ZMW 11,354.57m, leaving an unresolved difference of ZMW 159.59m. Both the company and government columns of Table 12 sum exactly to the published totals (36,123m and 36,442m), which validates the extraction. Published in ZMW millions; recorded in ZMW. NOT converted to USD (2021 BoZ average roughly 20.0 ZMW/USD)."
"KCM","KONKOLA COPPER MINES","2021","payments_to_govt_zmw","-335870000","ZMW","2021-12-31","ZEITI 2021 Reconciliation Report, Table 12 (2021 Reconciliation results by company)","https://zambiaeiti.org/wp-content/uploads/2025/02/2021-ZEITI-Report.pdf","[total (reconciled, all government agencies)] NEGATIVE FIGURE, GOVERNMENT-REPORTED: minus ZMW 335.87 million; the company reported minus ZMW 396.91m. In 2021 KCM was a NET RECIPIENT from government - VAT refunds and offsets exceeded its tax payments - while under provisional liquidation. Both sides agree on the sign. This is the single most striking datapoint in the ZEITI series: Zambia's second-largest copper asset paid negative net tax. Confirmed by the column-sum check on Table 12. ZMW, not converted."
"LUMWANA","LUMWANA MINING COMPANY LTD","2021","payments_to_govt_zmw","5890730000","ZMW","2021-12-31","ZEITI 2021 Reconciliation Report, Table 12 (2021 Reconciliation results by company)","https://zambiaeiti.org/wp-content/uploads/2025/02/2021-ZEITI-Report.pdf","[total (reconciled, all government agencies)] GOVERNMENT-REPORTED final reconciled receipt, ZMW 5,890.73 million; company-reported ZMW 5,419.07m, an unresolved difference of ZMW 471.66m - the largest residual of any company in 2021. Lumwana's payments then fell to 4,216.69m in 2022. ZMW, not converted."
"MOPANI","MOPANI COPPER MINES","2021","payments_to_govt_zmw","939220000","ZMW","2021-12-31","ZEITI 2021 Reconciliation Report, Table 12 (2021 Reconciliation results by company)","https://zambiaeiti.org/wp-content/uploads/2025/02/2021-ZEITI-Report.pdf","[total (reconciled, all government agencies)] GOVERNMENT-REPORTED final reconciled receipt, ZMW 939.22 million; company-reported ZMW 950.27m, difference minus 11.04m. 2021 was the year ZCCM-IH took over Mopani from Glencore. ZMW, not converted."
"FQM_TRIDENT","KALUMBILA MINERALS LTD","2021","payments_to_govt_zmw","8083640000","ZMW","2021-12-31","ZEITI 2021 Reconciliation Report, Table 12 (2021 Reconciliation results by company)","https://zambiaeiti.org/wp-content/uploads/2025/02/2021-ZEITI-Report.pdf","[total (reconciled, all government agencies)] GOVERNMENT-REPORTED final reconciled receipt, ZMW 8,083.64 million; company-reported ZMW 8,037.65m, difference 45.99m. Reported under the name Kalumbila Minerals Ltd in 2021 - the same entity later reported as FQM Trident Ltd (Sentinel mine), matched to FQM_TRIDENT via the crosswalk name variants. ZMW, not converted.","FQM OPERATIONS","2021","payments_to_govt_zmw","1590030000","ZMW","2021-12-31","ZEITI 2021 Reconciliation Report, Table 12 (2021 Reconciliation results by company)","https://zambiaeiti.org/wp-content/uploads/2025/02/2021-ZEITI-Report.pdf","[total (reconciled, all government agencies)] GOVERNMENT-REPORTED final reconciled receipt, ZMW 1,590.03 million; company-reported ZMW 1,474.90m, difference 115.13m. Separate First Quantum reporting entity, not in the crosswalk. ZMW, not converted."
"CCS","CHAMBISHI COPPER SMELTERS","2021","payments_to_govt_zmw","741820000","ZMW","2021-12-31","ZEITI 2021 Reconciliation Report, Table 12 (2021 Reconciliation results by company)","https://zambiaeiti.org/wp-content/uploads/2025/02/2021-ZEITI-Report.pdf","[total (reconciled, all government agencies)] GOVERNMENT-REPORTED final reconciled receipt, ZMW 741.82 million; company-reported ZMW 1,417.41m - the company claimed to have paid ZMW 675.59m MORE than government recorded receiving, the largest company-over-government discrepancy in the 2021 exercise and the opposite direction to Chambishi's 2022 and 2023 gaps. ZMW, not converted."
"ZCCM_IH","ZCCM INVESTMENTS HOLDINGS","2021","payments_to_govt_zmw","50320000","ZMW","2021-12-31","ZEITI 2021 Reconciliation Report, Table 12 (2021 Reconciliation results by company)","https://zambiaeiti.org/wp-content/uploads/2025/02/2021-ZEITI-Report.pdf","[total (reconciled, all government agencies)] GOVERNMENT-REPORTED final reconciled receipt, ZMW 50.32 million; company-reported ZMW 59.47m, difference minus 9.15m. ZMW, not converted.","MAAMBA COLLIERIES","2021","payments_to_govt_zmw","611970000","ZMW","2021-12-31","ZEITI 2021 Reconciliation Report, Table 12 (2021 Reconciliation results by company)","https://zambiaeiti.org/wp-content/uploads/2025/02/2021-ZEITI-Report.pdf","[total (reconciled, all government agencies)] GOVERNMENT-REPORTED final reconciled receipt, ZMW 611.97 million; company-reported ZMW 597.28m, difference 14.68m. Coal and power, outside the copper crosswalk. ZMW, not converted."
"NFCA","NFC AFRICA MINING","2021","payments_to_govt_zmw","2364620000","ZMW","2021-12-31","ZEITI 2021 Reconciliation Report, Table 12 (2021 Reconciliation results by company)","https://zambiaeiti.org/wp-content/uploads/2025/02/2021-ZEITI-Report.pdf","[total (reconciled, all government agencies)] GOVERNMENT-REPORTED final reconciled receipt, ZMW 2,364.62 million; company-reported ZMW 2,260.48m, difference 104.14m. NFCA's peak year in the series - it fell to 1,860.51m in 2022 and 1,715.59m (ZRA) in 2023. Initial reporting showed NFCA declaring only ZMW 1,324.01m against government's 2,364.62m, a gap of ZMW 1,040.61m before adjustment. ZMW, not converted."
"LUBAMBE","LUBAMBE COPPER MINES","2021","payments_to_govt_zmw","475070000","ZMW","2021-12-31","ZEITI 2021 Reconciliation Report, Table 12 (2021 Reconciliation results by company)","https://zambiaeiti.org/wp-content/uploads/2025/02/2021-ZEITI-Report.pdf","[total (reconciled, all government agencies)] GOVERNMENT-REPORTED final reconciled receipt, ZMW 475.07 million; company-reported ZMW 530.09m, difference minus 55.02m. Lubambe WAS reconciled in 2021, unlike 2022 when only a unilateral disclosure was published. ZMW, not converted.","KAGEM MINING","2021","payments_to_govt_zmw","333440000","ZMW","2021-12-31","ZEITI 2021 Reconciliation Report, Table 12 (2021 Reconciliation results by company)","https://zambiaeiti.org/wp-content/uploads/2025/02/2021-ZEITI-Report.pdf","[total (reconciled, all government agencies)] GOVERNMENT-REPORTED final reconciled receipt, ZMW 333.44 million; company-reported ZMW 298.82m, difference 34.62m. ZMW, not converted.","CHILANGA CEMENT","2021","payments_to_govt_zmw","500500000","ZMW","2021-12-31","ZEITI 2021 Reconciliation Report, Table 12 (2021 Reconciliation results by company)","https://zambiaeiti.org/wp-content/uploads/2025/02/2021-ZEITI-Report.pdf","[total (reconciled, all government agencies)] GOVERNMENT-REPORTED final reconciled receipt, ZMW 500.50 million; company-reported ZMW 459.52m, difference 40.99m. Chilanga WAS reconciled in 2021, unlike 2022. ZMW, not converted."
"CNMC_LUANSHYA","CNMC LUANSHYA","2021","payments_to_govt_zmw","2382570000","ZMW","2021-12-31","ZEITI 2021 Reconciliation Report, Table 12 (2021 Reconciliation results by company)","https://zambiaeiti.org/wp-content/uploads/2025/02/2021-ZEITI-Report.pdf","[total (reconciled, all government agencies)] GOVERNMENT-REPORTED final reconciled receipt, ZMW 2,382.57 million; company-reported ZMW 2,360.47m, difference 22.10m. Initial reporting had CNMC at 1,820.82m against government's 2,383.13m. ZMW, not converted.","Zambian extractive sector (14 reconciled companies plus government share dividends)","2021","payments_to_govt_zmw","36442000000","ZMW","2021-12-31","ZEITI 2021 Reconciliation Report, Table 12 total","https://zambiaeiti.org/wp-content/uploads/2025/02/2021-ZEITI-Report.pdf","[total (reconciled, all government agencies)] AGGREGATE - do not add to per-company rows. Government-reported final reconciled total ZMW 36,442 million against companies' ZMW 36,123m, an unresolved residual of ZMW 319m (the report's narrative quotes ZMW 85m / 0.2%, which does not match its own table - an internal inconsistency). Includes a ZMW 1,300m line for Ministry of Finance dividends from government shares, reported identically on both sides. ZMW, not converted."
"KANSANSHI","KANSANSHI MINING PLC","2019","payments_to_govt_zmw","3749530000","ZMW","2019-12-31","ZEITI 2019 Report (BDO Tunisia Consulting), Table 13 (2019 Reconciliation results by company)","https://zambiaeiti.org/wp-content/uploads/2025/02/ZEITI-Report-2019.pdf","[total (reconciled streams only: import VAT, company income tax, VAT, withholding VAT)] GOVERNMENT-REPORTED ZMW 3,749.53 million; company-reported ZMW 3,749.68m, difference only 0.15m. CRITICAL SCOPE WARNING: the 2019 reconciliation covered ONLY FOUR revenue streams - import VAT, company income tax, VAT and withholding VAT. MINERAL ROYALTY AND PAYE WERE EXCLUDED. These 2019 totals are therefore NOT comparable with the 2021-2023 company totals, which include mineral royalty and PAYE. Both columns of Table 13 sum exactly to the published totals and every individual row's difference checks arithmetically, so the extraction is verified. ZMW, not converted (2019 BoZ average roughly 12.9 ZMW/USD)."
"KCM","KONKOLA COPPER MINES PLC","2019","payments_to_govt_zmw","150890000","ZMW","2019-12-31","ZEITI 2019 Report (BDO Tunisia Consulting), Table 13 (2019 Reconciliation results by company)","https://zambiaeiti.org/wp-content/uploads/2025/02/ZEITI-Report-2019.pdf","[total (reconciled streams only: import VAT, company income tax, VAT, withholding VAT)] GOVERNMENT-REPORTED ZMW 150.89 million; company-reported ZMW 169.72m, difference 18.83m. 2019 was the year the Zambian government moved to liquidate KCM. Four-stream scope only - excludes mineral royalty and PAYE, so not comparable with 2021-2023 totals. ZMW, not converted."
"LUMWANA","LUMWANA MINING COMPANY LIMITED","2019","payments_to_govt_zmw","452140000","ZMW","2019-12-31","ZEITI 2019 Report (BDO Tunisia Consulting), Table 13 (2019 Reconciliation results by company)","https://zambiaeiti.org/wp-content/uploads/2025/02/ZEITI-Report-2019.pdf","[total (reconciled streams only: import VAT, company income tax, VAT, withholding VAT)] GOVERNMENT-REPORTED ZMW 452.14 million; company-reported ZMW 366.48m, difference minus 85.66m. Four-stream scope only - excludes mineral royalty and PAYE. ZMW, not converted."
"MOPANI","MOPANI COPPER MINES PLC","2019","payments_to_govt_zmw","277180000","ZMW","2019-12-31","ZEITI 2019 Report (BDO Tunisia Consulting), Table 13 (2019 Reconciliation results by company)","https://zambiaeiti.org/wp-content/uploads/2025/02/ZEITI-Report-2019.pdf","[total (reconciled streams only: import VAT, company income tax, VAT, withholding VAT)] GOVERNMENT-REPORTED ZMW 277.18 million; company-reported ZMW 867.00m - Mopani claimed to have paid ZMW 589.82m MORE than government recorded receiving, the largest single unresolved discrepancy of the 2019 exercise. The report attributes the pattern to companies declaring withholding VAT to ZRA without actually paying, on an agreement that it would be offset against VAT refundable. Four-stream scope only. ZMW, not converted."
"FQM_TRIDENT","KALUMBILA MINERALS LIMITED","2019","payments_to_govt_zmw","516290000","ZMW","2019-12-31","ZEITI 2019 Report (BDO Tunisia Consulting), Table 13 (2019 Reconciliation results by company)","https://zambiaeiti.org/wp-content/uploads/2025/02/ZEITI-Report-2019.pdf","[total (reconciled streams only: import VAT, company income tax, VAT, withholding VAT)] GOVERNMENT-REPORTED ZMW 516.29 million; company-reported ZMW 517.65m, difference 1.36m. Reported as Kalumbila Minerals Limited, the entity later renamed FQM Trident Ltd (Sentinel mine); matched via crosswalk name variants. Four-stream scope only. ZMW, not converted.","FIRST QUANTUM MINING AND OPERATIONS LTD","2019","payments_to_govt_zmw","514050000","ZMW","2019-12-31","ZEITI 2019 Report (BDO Tunisia Consulting), Table 13 (2019 Reconciliation results by company)","https://zambiaeiti.org/wp-content/uploads/2025/02/ZEITI-Report-2019.pdf","[total (reconciled streams only: import VAT, company income tax, VAT, withholding VAT)] GOVERNMENT-REPORTED ZMW 514.05 million; company-reported ZMW 526.50m, difference 12.45m. Four-stream scope only. ZMW, not converted."
"CCS","CHAMBISHI COPPER SMELTER LIMITED","2019","payments_to_govt_zmw","798430000","ZMW","2019-12-31","ZEITI 2019 Report (BDO Tunisia Consulting), Table 13 (2019 Reconciliation results by company)","https://zambiaeiti.org/wp-content/uploads/2025/02/ZEITI-Report-2019.pdf","[total (reconciled streams only: import VAT, company income tax, VAT, withholding VAT)] GOVERNMENT-REPORTED ZMW 798.43 million; company-reported ZMW 692.32m, difference minus 106.11m. Four-stream scope only. ZMW, not converted."
"ZCCM_IH","ZCCM INVESTMENTS HOLDINGS PLC","2019","payments_to_govt_zmw","0","ZMW","2019-12-31","ZEITI 2019 Report (BDO Tunisia Consulting), Table 13 (2019 Reconciliation results by company)","https://zambiaeiti.org/wp-content/uploads/2025/02/ZEITI-Report-2019.pdf","[total (reconciled streams only: import VAT, company income tax, VAT, withholding VAT)] GOVERNMENT-REPORTED NIL - ZRA recorded no receipts from ZCCM-IH in the four reconciled streams in 2019; ZCCM-IH itself declared ZMW 0.13m. Recorded as zero because the report prints a dash, meaning nil rather than missing. Four-stream scope only. ZMW, not converted.","MAAMBA COLLIERIES LIMITED","2019","payments_to_govt_zmw","353910000","ZMW","2019-12-31","ZEITI 2019 Report (BDO Tunisia Consulting), Table 13 (2019 Reconciliation results by company)","https://zambiaeiti.org/wp-content/uploads/2025/02/ZEITI-Report-2019.pdf","[total (reconciled streams only: import VAT, company income tax, VAT, withholding VAT)] GOVERNMENT-REPORTED ZMW 353.91 million; company-reported ZMW 216.24m, difference minus 137.67m. Four-stream scope only. ZMW, not converted."
"NFCA","NFC AFRICA MINING PLC","2019","payments_to_govt_zmw","52070000","ZMW","2019-12-31","ZEITI 2019 Report (BDO Tunisia Consulting), Table 13 (2019 Reconciliation results by company)","https://zambiaeiti.org/wp-content/uploads/2025/02/ZEITI-Report-2019.pdf","[total (reconciled streams only: import VAT, company income tax, VAT, withholding VAT)] GOVERNMENT-REPORTED ZMW 52.07 million; company-reported ZMW 51.30m, difference minus 0.77m. Note how small this is against NFCA's 2021 reconciled total of ZMW 2,364.62m - almost entirely because the 2019 scope excluded mineral royalty and PAYE. Four-stream scope only. ZMW, not converted."
"LUBAMBE","LUBAMBE COPPER MINE LTD","2019","payments_to_govt_zmw","50690000","ZMW","2019-12-31","ZEITI 2019 Report (BDO Tunisia Consulting), Table 13 (2019 Reconciliation results by company)","https://zambiaeiti.org/wp-content/uploads/2025/02/ZEITI-Report-2019.pdf","[total (reconciled streams only: import VAT, company income tax, VAT, withholding VAT)] GOVERNMENT-REPORTED ZMW 50.69 million; company-reported ZMW 49.11m, difference minus 1.58m. Four-stream scope only. ZMW, not converted.","KAGEM MINING LTD","2019","payments_to_govt_zmw","18300000","ZMW","2019-12-31","ZEITI 2019 Report (BDO Tunisia Consulting), Table 13 (2019 Reconciliation results by company)","https://zambiaeiti.org/wp-content/uploads/2025/02/ZEITI-Report-2019.pdf","[total (reconciled streams only: import VAT, company income tax, VAT, withholding VAT)] GOVERNMENT-REPORTED ZMW 18.30 million; company-reported ZMW 84.86m, difference 66.56m. Four-stream scope only. ZMW, not converted."
"SINO_METALS","SINO METALS LEACH ZAMBIA LTD","2019","payments_to_govt_zmw","53300000","ZMW","2019-12-31","ZEITI 2019 Report (BDO Tunisia Consulting), Table 13 (2019 Reconciliation results by company)","https://zambiaeiti.org/wp-content/uploads/2025/02/ZEITI-Report-2019.pdf","[total (reconciled streams only: import VAT, company income tax, VAT, withholding VAT)] GOVERNMENT-REPORTED ZMW 53.30 million. NON-REPORTING COMPANY: Sino-Metals submitted NO figure at all - the company column is blank and the full ZMW 53.30m appears as an unresolved negative difference. This is the only fully unreported company in the 2019 exercise and the earliest ZEITI payment figure available for Sino-Metals. Four-stream scope only. ZMW, not converted.","LAFARGE CEMENT ZAMBIA PLC","2019","payments_to_govt_zmw","32460000","ZMW","2019-12-31","ZEITI 2019 Report (BDO Tunisia Consulting), Table 13 (2019 Reconciliation results by company)","https://zambiaeiti.org/wp-content/uploads/2025/02/ZEITI-Report-2019.pdf","[total (reconciled streams only: import VAT, company income tax, VAT, withholding VAT)] GOVERNMENT-REPORTED ZMW 32.46 million; company-reported ZMW 150.51m, difference 118.05m. Lafarge Cement Zambia was later renamed Chilanga Cement Plc, which appears under that name from 2021 onward. Four-stream scope only. ZMW, not converted.","DANGOTE CEMENT ZAMBIA LTD","2019","payments_to_govt_zmw","60410000","ZMW","2019-12-31","ZEITI 2019 Report (BDO Tunisia Consulting), Table 13 (2019 Reconciliation results by company)","https://zambiaeiti.org/wp-content/uploads/2025/02/ZEITI-Report-2019.pdf","[total (reconciled streams only: import VAT, company income tax, VAT, withholding VAT)] GOVERNMENT-REPORTED ZMW 60.41 million; company-reported ZMW 52.96m, difference minus 7.45m. Four-stream scope only. ZMW, not converted."
"CNMC_LUANSHYA","CNMC LUANSHYA COPPER MINES PLC","2019","payments_to_govt_zmw","491490000","ZMW","2019-12-31","ZEITI 2019 Report (BDO Tunisia Consulting), Table 13 (2019 Reconciliation results by company)","https://zambiaeiti.org/wp-content/uploads/2025/02/ZEITI-Report-2019.pdf","[total (reconciled streams only: import VAT, company income tax, VAT, withholding VAT)] GOVERNMENT-REPORTED ZMW 491.49 million; company-reported ZMW 499.77m, difference 8.28m. Four-stream scope only. ZMW, not converted.","Zambian extractive sector (16 reconciled companies)","2019","payments_to_govt_zmw","7571110000","ZMW","2019-12-31","ZEITI 2019 Report (BDO Tunisia Consulting), Tables 13 and 14","https://zambiaeiti.org/wp-content/uploads/2025/02/ZEITI-Report-2019.pdf","[total (reconciled streams only: import VAT, company income tax, VAT, withholding VAT)] AGGREGATE - do not add to per-company rows. Government-reported ZMW 7,571.11 million against companies' ZMW 7,994.23m: an unresolved discrepancy of ZMW 423.12 million, 5.59% of government-reported revenue - WELL ABOVE the ZEC's 1% tolerance and by far the worst reconciliation quality in the series (compare 0.2% in 2021 and 0.13% in 2022). By stream, government-reported: import VAT 1,882.37m, company income tax 2,937.98m, VAT 718.00m, withholding VAT 2,032.76m. The report states the gap is driven by +1,046.52m on withholding VAT and -525.39m on VAT, because many companies declared withholding VAT to ZRA without paying, under an agreement to offset it against VAT refundable, and ZRA never responded to the reconciliation queries. Only four streams were in scope - mineral royalty and PAYE were excluded. ZMW, not converted."
