"holder","holder_class","province","district","licence_codes","decisions","segment","licenses","hectares","main_commodities","source_notice","source_url"
"194836/16/1 Kayula Kakusa","person_or_unclassified","Central","Chibombo","30784-HQ-AMR","","gemstones","1","3","Amethyst","REMINDER ON RESULTS OF THE 70TH AND 71ST MINING LICENSING COMMITTEE (MLC) MEETINGS HELD IN FEBRUARY AND MARCH 2023","https://www.mmmd.gov.zm/?p=2555"
"5 stars Multi Purpose Coopérative Society Limited","organization","Luapula","Mansa","34446-HQ-AMR","","critical_battery","1","7","Sand and Gravel/Quartz/Zinc","RESULTS OF THE 83RD MINING LICENSING COMMITTEE (MLC) MEETING HELD ON 30TH OCTOBER, 2024","https://www.mmmd.gov.zm/?p=3515"
"A.Argente and Company Limited","organization","Lusaka","Kafue","34774-HQ-SEL | 36874-HQ-SEL | 36672-HQ-SEL","APPROVED | Approved","critical_battery","3","1318","Iron Ore/Manganese/Gold","RESULTS OF THE 75TH MINING LICENSING COMMITTEE (MLC) MEETING HELD FROM 27TH TO 29TH SEPTEMBER 2023","https://www.mmmd.gov.zm/?p=2618"
"A.L. IMPORTERS AND EXPORTERS LIMITED","organization","Copperbelt | Lusaka","Lufwanyama | Lusaka","38627-HQ-SEL | 40334-HQ-MPL","Approved | DEFERRED","gemstones","1","95","Manganese/Malachite/Limestone (General)","RESULTS OF THE 82ND MINING LICENSING COMMITTEE (MLC) MEETING HELD ON 11TH SEPTEMBER, 2024","https://www.mmmd.gov.zm/?p=3378"
"AA Minerals Limited","organization","Luapula","Mansa","32511-HQ-SEL | 35720-HQ-SEL","Approved","gemstones","4","283845","Manganese/Copper/Gold","RESULTS OF THE 72ND MINING LICENSING COMMITTEE (MLC) MEETING HELD FROM 17TH TO 22 MAY 2023","https://www.mmmd.gov.zm/?p=2559"
"AA Ventures Company Limited","organization","Copperbelt","Mpongwe","36164-HQ-MPL","Approved","base_metals","1","20","Copper","RESULTS OF THE 88TH MINING LICENSING COMMITTEE (MLC) MEETING HELD ON 30TH MAY, 2025","https://www.mmmd.gov.zm/?p=4111"
"Aabrick Zambia Limited","organization","Central","Kapiri Mposhi, Mkushi","28007-HQ-SML | 28289-HQ-SML","Rejected | Cancelled","construction_materials","2","795","Clay (General)","REMINDER ON RESULTS OF THE 70TH AND 71ST MINING LICENSING COMMITTEE (MLC) MEETINGS HELD IN FEBRUARY AND MARCH 2023","https://www.mmmd.gov.zm/?p=2555"
"AAL- Grace Mining Co-operative Society Limited","organization","Northern","Chinsali","40068-HQ-AMR | 40069-HQ-AMR","Approved","gold","2","13","Iron Ore/Zinc/Copper","RESULTS OF THE 87TH MINING LICENSING COMMITTEE (MLC) MEETING HELD ON 7TH MAY, 2025","https://www.mmmd.gov.zm/?p=4069"
"Aarey Mining Limited","organization","Northern | Southern","Mpika | Kalomo","32588-HQ-SEL | 29127-HQ-LEL | 32569-HQ-SEL | 39023-HQ-SEL","Approved | Cancelled","gemstones","4","3774","Limestone (General)/Copper/Emerald","RESULTS OF THE 73RD MINING LICENSING COMMITTEE (MLC) MEETING HELD FROM 29TH TO 30TH JUNE 2023","https://www.mmmd.gov.zm/?p=2583"
"Abar International Investments Limited","organization","","","7336-HQ-SML | 7493-HQ-SML","Cancelled","gemstones","2","421","Quartz/Garnet","CANCELLATION OF NON-COMPLIANT MINING AND NON-MINING RIGHTS BY THE MINING LICENSING COMMITTEE (MLC)","https://www.mmmd.gov.zm/?p=2787"
"Abdahom Mining Limited","organization","","","30690-HQ-LEL | 30625-HQ-SEL","Cancelled","critical_battery","2","12073","Iron Ore/Anhydrite/Manganese","CANCELLATION OF NON-COMPLIANT MINING AND NON-MINING RIGHTS BY THE MINING LICENSING COMMITTEE (MLC)","https://www.mmmd.gov.zm/?p=2787"
"Abege Investments Limited","organization","North Western","Kasempa, Mufumbwe | Mwinilunga","36747-HQ-LEL | 39339-HQ-LEL","Approved | Deferred | APPROVED","gemstones","4","40400","Copper/Gold/Cobalt","SUBJECT: RESULTS OF THE 79TH MINING LICENSING COMMITTEE (MLC) MEETING HELD ON 11TH TO 12TH APRIL 2024","https://www.mmmd.gov.zm/?p=2794"
"Abel Fisonga","person_or_unclassified","North Western","Solwezi","39704-HQ-AMR","Approved","gemstones","1","7","Quartz/Tourmaline/Emerald","RESULTS OF THE 85TH MINING LICENSING COMMITTEE (MLC) MEETING HELD ON 5TH MARCH, 2025","https://www.mmmd.gov.zm/?p=4013"
"ABEL SIMBOBE","person_or_unclassified","Lusaka","Chongwe","40117-HQ-AMR","DEFERRED | Approved","critical_battery","1","7","Quartz/Molybdenum/Tin","RESULTS OF THE 87TH MINING LICENSING COMMITTEE (MLC) MEETING HELD ON 7TH MAY, 2025","https://www.mmmd.gov.zm/?p=4069"
"Abias Moyo","person_or_unclassified","North Western","Mwinilunga","38052-HQ-AMR","Approved","critical_battery","1","7","Gold/Manganese/Cobalt","RESULTS OF THE 82ND MINING LICENSING COMMITTEE (MLC) MEETING HELD ON 11TH SEPTEMBER, 2024","https://www.mmmd.gov.zm/?p=3378"
"Abida Seed Consulting Limited","organization","Luapula","Mansa","35301-HQ-SEL","Approved","gemstones","1","952","Rare EarthsElements/Manganese/Zinc","RESULTS OF THE 77TH MINING LICENSING COMMITTEE (MLC) MEETING HELD ON 11TH TO 12TH JANUARY 2024","https://www.mmmd.gov.zm/?p=2675"
"Abigail Mwale","person_or_unclassified","Eastern","Nyimba","37346-HQ-AMR","","gemstones","1","7","Manganese/Limestone (General)/Iron Ore","RESULTS OF THE 83RD MINING LICENSING COMMITTEE (MLC) MEETING HELD ON 30TH OCTOBER, 2024","https://www.mmmd.gov.zm/?p=3515"
"Abilene Mining Limited","organization","Luapula | Central","Mansa, Milenge | Mansa | Mumbwa","26339-HQ-LEL | 39099-HQ-SEL | 40236-HQ-LEL","Cancelled | Deferred | Approved | APPROVED","gemstones","2","15774","Iron Ore/Zinc/Gold","CANCELLATION OF NON-COMPLIANT MINING AND NON-MINING RIGHTS BY THE MINING LICENSING COMMITTEE (MLC)","https://www.mmmd.gov.zm/?p=2787"
"Abracha Zambia Limited","organization","Copperbelt","Lufwanyama","32471-HQ-SEL | 30412-HQ-SEL | 30437-HQ-SEL","APPROVED | Cancelled","gemstones","1","32","Emerald/Beryllium","RESULTS OF THE 74TH MINING LICENSING COMMITTEE (MLC) MEETING HELD FROM 3RD TO 4TH AUGUST 2023","https://www.mmmd.gov.zm/?p=2598"
"AC and G Njanji Mining Company Limited","organization","","","8431-HQ-SML","Cancelled","gold","1","397","Zinc/Gold/Copper","CANCELLATION OF NON-COMPLIANT MINING AND NON-MINING RIGHTS BY THE MINING LICENSING COMMITTEE (MLC)","https://www.mmmd.gov.zm/?p=2787"
"Achilles Mining Limited","organization","Southern | Central","Gwembe | Chibombo","41596-HQ-LML | 41597-HQ-LML","REJECTED","critical_battery","3","60231","Silver/Manganese/Platinum","RESULTS OF THE 91ST MINING LICENSING COMMITTEE (MLC) MEETING HELD ON 08TH OCTOBER, 2025","https://www.mmmd.gov.zm/?p=6170"
"Ackim Ngandwe","person_or_unclassified","Luapula","Kawambwa","38093-HQ-AMR","Approved","critical_battery","1","7","Manganese","RESULTS OF THE 81ST MINING LICENSING COMMITTEE (MLC) MEETING HELD ON 31ST JULY, 2024","https://www.mmmd.gov.zm/?p=2923"
"Activeone Investment Limited","organization","Central","Mumbwa","38753-HQ-MPL","Deferred | Approved","gold","1","7","Iron Ore/Sand/Copper","RESULTS OF THE 83RD MINING LICENSING COMMITTEE (MLC) MEETING HELD ON 30TH OCTOBER, 2024","https://www.mmmd.gov.zm/?p=3515"
"ADAKOLE VENTURES LIMITED","organization","North Western | Western","Kasempa | Kaoma, Mongu | Mongu, Senanga","39311-HQ-SEL | 40030-HQ-LEL | 40031-HQ-LEL","Approved | Rejected","gemstones","1","954","Lead/Iron Ore/Granite","RESULTS OF THE 85TH MINING LICENSING COMMITTEE (MLC) MEETING HELD ON 5TH MARCH, 2025","https://www.mmmd.gov.zm/?p=4013"
"Adams Jansen Mwandila","person_or_unclassified","Southern","Kazungula","33077-HQ-AMR","Approved","construction_materials","1","7","Sand and Gravel/Granite/Crushed/Broken Stone","RESULTS OF THE 73RD MINING LICENSING COMMITTEE (MLC) MEETING HELD FROM 29TH TO 30TH JUNE 2023","https://www.mmmd.gov.zm/?p=2583"
"Addulum Cave Investments Limited","organization","Central","Chibombo","36765-HQ-LEL","Approved","critical_battery","1","1819","Quartz/Manganese/Zinc","RESULTS OF THE 78TH MINING LICENSING COMMITTEE (MLC) MEETING HELD ON 27TH FEBRUARY TO 1ST MARCH 2024","https://www.mmmd.gov.zm/?p=2785"
"ADEMUKO MINING CONTRACTORS AND ENGINEERING  SERVICES LIMITED","organization","Central","Serenje","40528-HQ-SEL","Approved","critical_battery","1","800","Quartz/Mica/Manganese","RESULTS OF THE 88TH MINING LICENSING COMMITTEE (MLC) MEETING HELD ON 30TH MAY, 2025","https://www.mmmd.gov.zm/?p=4111"
"Adept Services Zambia Limited","organization","Eastern","Lundazi","31204-HQ-SEL | 24998-HQ-SEL | 24979-HQ-LEL","Deferred | Cancelled","base_metals","1","350","Copper","RESULTS OF THE 72ND MINING LICENSING COMMITTEE (MLC) MEETING HELD FROM 17TH TO 22 MAY 2023","https://www.mmmd.gov.zm/?p=2559"
"ADHI SHIVA ENTERPRISES LIMITED","organization","Central","Mumbwa","37759-HQ-SEL","Approved","critical_battery","1","990","Malachite/Manganese/Zinc","RESULTS OF THE 81ST MINING LICENSING COMMITTEE (MLC) MEETING HELD ON 31ST JULY, 2024","https://www.mmmd.gov.zm/?p=2923"
"Adonai Exploration and Mining Company Limited","organization","Southern","Choma, Gwembe","31103-HQ-LEL","","gemstones","1","10866","Tin/Tourmaline/Copper","REMINDER ON RESULTS OF THE 70TH AND 71ST MINING LICENSING COMMITTEE (MLC) MEETINGS HELD IN FEBRUARY AND MARCH 2023","https://www.mmmd.gov.zm/?p=2555"
"Advantex Investments Limited","organization","","","22825-HQ-MPL","Cancelled","base_metals","2","33","Copper","CANCELLATION OF NON-COMPLIANT MINING AND NON-MINING RIGHTS BY THE MINING LICENSING COMMITTEE (MLC)","https://www.mmmd.gov.zm/?p=2787"
"ADYA Enterprises Limited","organization","Luapula | Northern","Mansa, Mwense | Samfya | Mpika | Mansa","21690-HQ-LEL | 32015-HQ-SML | 34468-HQ-SML | 21910-HQ-LEL","Approved | Deferred | rejected","critical_battery","3","13029","Manganese/Copper/Cobalt","RESULTS OF THE 72ND MINING LICENSING COMMITTEE (MLC) MEETING HELD FROM 17TH TO 22 MAY 2023","https://www.mmmd.gov.zm/?p=2559"
"Aeolus International Corporation Zambia Limited","organization","Central | Lusaka | Southern","Mumbwa; Southern, Itezhi Tezhi | Chongwe | Sinazongwe | Gwembe","37411-HQ-LEL | 38020-HQ-LEL | 39247-HQ-LEL | 39664-HQ-LEL","Approved | Deferred | APPROVED","gemstones","4","35604","Coal/Gold/Copper","SUBJECT: RESULTS OF THE 79TH MINING LICENSING COMMITTEE (MLC) MEETING HELD ON 11TH TO 12TH APRIL 2024","https://www.mmmd.gov.zm/?p=2794"
"Aeon Engineering Limited","organization","Central | Lusaka","Mkushi | Chongwe","37540-HQ-SEL | 37533-HQ-SEL","","critical_battery","2","1064","Gold/Copper/Nickel","RESULTS OF THE 80TH MINING LICENSING COMMITTEE (MLC) MEETING HELD ON 6TH TO 7TH AND 10TH JUNE 2024","https://www.mmmd.gov.zm/?p=2849"
"AFRICA BASE METALS HOLDING LIMITED","organization","Copperbelt | Western","Luanshya | Kitwe | Kalabo","40204-HQ-LEL | 41478-HQ-SEL | 40294-HQ-LEL","APPROVED | Approved | Deferred","gemstones","1","8241","Mineral Sands/Nickel/Manganese","RESULTS OF THE 87TH MINING LICENSING COMMITTEE (MLC) MEETING HELD ON 7TH MAY, 2025","https://www.mmmd.gov.zm/?p=4069"
"Africa Prospect Development Zambia Limited","organization","Eastern","Lundazi","24193-HQ-LEL | 23239-HQ-LEL","Rejected | Approved","gemstones","2","82657","Garnet/Feldspar/Corundum","REMINDER ON RESULTS OF THE 70TH AND 71ST MINING LICENSING COMMITTEE (MLC) MEETINGS HELD IN FEBRUARY AND MARCH 2023","https://www.mmmd.gov.zm/?p=2555"
"Africamark Company Limited","organization","Southern","Monze","34077-HQ-LEL","Approved","gemstones","2","21530","Copper/Nickel/Tantalum","RESULTS OF THE 73RD MINING LICENSING COMMITTEE (MLC) MEETING HELD FROM 29TH TO 30TH JUNE 2023","https://www.mmmd.gov.zm/?p=2583"
"African Brothers Corporation Limited","organization","Lusaka | North Western","Kafue | Chongwe, Luangwa | Kasempa","36530-HQ-SEL | 38572-HQ-LEL | 39090-HQ-LEL","Rejected | Approved","critical_battery","3","17801","Copper/Zinc/Lead","RESULTS OF THE 78TH MINING LICENSING COMMITTEE (MLC) MEETING HELD ON 27TH FEBRUARY TO 1ST MARCH 2024","https://www.mmmd.gov.zm/?p=2785"
"African Crane Hiring and Logistics Limited","organization","","","29478-HQ-LEL | 29407-HQ-LEL","Cancelled","critical_battery","1","4307","Nickel/Manganese/Zinc","CANCELLATION OF NON-COMPLIANT MINING AND NON-MINING RIGHTS BY THE MINING LICENSING COMMITTEE (MLC)","https://www.mmmd.gov.zm/?p=2787"
"African Ferro Alloys Limited","organization","","","27861-HQ-MPL","Cancelled","critical_battery","1","20","Manganese","CANCELLATION OF NON-COMPLIANT MINING AND NON-MINING RIGHTS BY THE MINING LICENSING COMMITTEE (MLC)","https://www.mmmd.gov.zm/?p=2787"
"African Fluorite Mining Limited","organization","Southern","Siavonga","37235-HQ-LML","Deferred | Approved","gemstones","1","7201","Limestone (General)/Lead/Anhydrite","RESULTS OF THE 80TH MINING LICENSING COMMITTEE (MLC) MEETING HELD ON 6TH TO 7TH AND 10TH JUNE 2024","https://www.mmmd.gov.zm/?p=2849"
"AFRICAN GOLD TRADERS LIMITED","organization","Central","Serenje","37709-HQ-SEL","","gemstones","1","451","Quartz/Silica/Manganese","RESULTS OF THE 80TH MINING LICENSING COMMITTEE (MLC) MEETING HELD ON 6TH TO 7TH AND 10TH JUNE 2024","https://www.mmmd.gov.zm/?p=2849"
"African Inkalamo Mining Limited","organization","Northern","Isoka","21442-HQ-LEL | 38647-HQ-LML","Cancelled | Deferred | Approved","critical_battery","1","1850","Rare EarthsElements/Platinum Group Metals/Niobium (Columbium)","CANCELLATION OF NON-COMPLIANT MINING AND NON-MINING RIGHTS BY THE MINING LICENSING COMMITTEE (MLC)","https://www.mmmd.gov.zm/?p=2787"
"African Metals and  Mining Limited","organization","Copperbelt","Chililabombwe","29408-HQ-LEL | 27165-HQ-LEL | 26654-HQ-LEL","Cancelled | Approved","gemstones","1","1479","Limestone (General)/Lead/Manganese","CANCELLATION OF NON-COMPLIANT MINING AND NON-MINING RIGHTS BY THE MINING LICENSING COMMITTEE (MLC)","https://www.mmmd.gov.zm/?p=2787"
"African Minerals and Metals Corporation Limited","organization","","","24997-HQ-SML","Cancelled","gemstones","1","22338","Silver/Zinc/Gold","CANCELLATION OF NON-COMPLIANT MINING AND NON-MINING RIGHTS BY THE MINING LICENSING COMMITTEE (MLC)","https://www.mmmd.gov.zm/?p=2787"
"African Pearl Estates Limited","organization","Central | North Western","Kapiri Mposhi | Mwinilunga | Chibombo, Kapiri Mposhi, Mumbwa","20400-HQ-LEL | 20562-HQ-LEL | 20409-HQ-LEL | 20411-HQ-SML","Rejected | Approved | Cancelled","gemstones","6","53996","Gold/Copper/Cobalt","REMINDER ON RESULTS OF THE 70TH AND 71ST MINING LICENSING COMMITTEE (MLC) MEETINGS HELD IN FEBRUARY AND MARCH 2023","https://www.mmmd.gov.zm/?p=2555"
"African Pioneer Zambia Limited","organization","North Western","Mwinilunga","27768-HQ-LEL | 27770-HQ-LEL | 27771-HQ-LEL | 27767-HQ-LEL","Deferred | APPROVED","critical_battery","4","116980","Nickel/Copper/Cobalt","RESULTS OF THE 84TH MINING LICENSING COMMITTEE (MLC) MEETING HELD ON 12TH DECEMBER, 2024","https://www.mmmd.gov.zm/?p=3780"
"African Power Coal Limited","organization","Southern | Copperbelt","Choma, Sinazongwe | Chililabombwe","31938-HQ-LML | 8183-HQ-SML","Deferred | Approved","gemstones","4","12526","Copper/Cobalt/Gold","RESULTS OF THE 72ND MINING LICENSING COMMITTEE (MLC) MEETING HELD FROM 17TH TO 22 MAY 2023","https://www.mmmd.gov.zm/?p=2559"
"Africoin Investment Limited","organization","North Western","Solwezi","37920-HQ-SEL | 37921-HQ-SEL","Approved","gemstones","2","1229","Copper/Gold/Aquamarine","RESULTS OF THE 81ST MINING LICENSING COMMITTEE (MLC) MEETING HELD ON 31ST JULY, 2024","https://www.mmmd.gov.zm/?p=2923"
"Afrimin Resources Limited","organization","North Western","Mwinilunga","28700-HQ-LEL","Deferred","critical_battery","1","9690","Nickel/Platinum Group Metals/Gold","RESULTS OF THE 86TH MINING LICENSING COMMITTEE (MLC) MEETING HELD ON 27TH MARCH 2025","https://www.mmmd.gov.zm/?p=4061"
"Afrimuk Company Limited","organization","Luapula | Central | Western | Copperbelt","Mansa | Mumbwa | Kaoma | Ndola | Mansa, Mwense","38383-HQ-SEL | 38411-HQ-SEL | 38073-HQ-LEL | 38100-HQ-SEL | 39110-HQ-SEL | 39114-HQ-SEL","Approved | Deferred | REJECTED","gemstones","5","17452","Gold/Iron Ore/Manganese","RESULTS OF THE 82ND MINING LICENSING COMMITTEE (MLC) MEETING HELD ON 11TH SEPTEMBER, 2024","https://www.mmmd.gov.zm/?p=3378"
"Afrique Nama Mining Limited","organization","North Western | Central","Mwinilunga | Serenje","25890-HQ-MPL | 38880-HQ-LEL | 38893-HQ-SEL","Cancelled | Approved","critical_battery","2","6409","Iron Ore/Nickel/Gold","CANCELLATION OF NON-COMPLIANT MINING AND NON-MINING RIGHTS BY THE MINING LICENSING COMMITTEE (MLC)","https://www.mmmd.gov.zm/?p=2787"
"Afristones Resources Limited","organization","Copperbelt","Luanshya","37358-HQ-SEL","Approved","gemstones","1","1000","Lead/Iron Ore/Manganese","RESULTS OF THE 82ND MINING LICENSING COMMITTEE (MLC) MEETING HELD ON 11TH SEPTEMBER, 2024","https://www.mmmd.gov.zm/?p=3378"
"Afritrans Global Investments Limited","organization","Southern","Siavonga","29240-HQ-SEL | 35420-HQ-SEL","Cancelled | Approved","gemstones","1","969","Lead/Iron Ore/Zinc","CANCELLATION OF NON-COMPLIANT MINING AND NON-MINING RIGHTS BY THE MINING LICENSING COMMITTEE (MLC)","https://www.mmmd.gov.zm/?p=2787"
"Afrix Enterprises Limited","organization","Copperbelt | Lusaka | Central","Masaiti, Mpongwe | Mpongwe | Kafue | Kapiri Mposhi","34944-HQ-SEL | 34942-HQ-SEL | 35534-HQ-SEL | 35715-HQ-SEL","DEFERRED | Approved | Deferred","gold","2","394","Iron Ore/Silver/Titanium","RESULTS OF THE 75TH MINING LICENSING COMMITTEE (MLC) MEETING HELD FROM 27TH TO 29TH SEPTEMBER 2023","https://www.mmmd.gov.zm/?p=2618"
"Afro Development Services Limited","organization","","","29476-HQ-SEL","Cancelled","gemstones","1","917","Iron Ore/Manganese/Quartz","CANCELLATION OF NON-COMPLIANT MINING AND NON-MINING RIGHTS BY THE MINING LICENSING COMMITTEE (MLC)","https://www.mmmd.gov.zm/?p=2787"
"Afro Dynamics Limited","organization","North Western | Northern","Solwezi | Mwinilunga, Solwezi | Mpika","22516-HQ-LEL | 22517-HQ-LEL | 22520-HQ-LEL | 22518-HQ-LEL | 22521-HQ-LEL | 20541-HQ-SEL","Deferred | DEFERRED | Approved","gemstones","3","4156","Limestone (General)/Tourmaline/Gold","RESULTS OF THE 72ND MINING LICENSING COMMITTEE (MLC) MEETING HELD FROM 17TH TO 22 MAY 2023","https://www.mmmd.gov.zm/?p=2559"
"Afro Wealth Limited","organization","Southern","Sinazongwe","30373-HQ-LEL | 40139-HQ-LML","Cancelled | DEFERRED | Rejected | APPROVED","gemstones","2","38410","Gold/Zinc/Coal","REMINDER ON RESULTS OF THE 70TH AND 71ST MINING LICENSING COMMITTEE (MLC) MEETINGS HELD IN FEBRUARY AND MARCH 2023","https://www.mmmd.gov.zm/?p=2555"
"Afron Mining Limited","organization","Southern","Monze | Kalomo | Kazungula","37703-HQ-LEL | 37261-HQ-SEL | 37746-HQ-SEL | 37262-HQ-SEL | 37314-HQ-SEL","Deferred | Approved","gemstones","4","11738","Iron Ore/Lead/Zinc","RESULTS OF THE 80TH MINING LICENSING COMMITTEE (MLC) MEETING HELD ON 6TH TO 7TH AND 10TH JUNE 2024","https://www.mmmd.gov.zm/?p=2849"
"AFTHONI METALS CONSORTIUM LIMITED","organization","Northern","Isoka","37948-HQ-LEL","Approved","gemstones","1","1090","Manganese/Mineral Sands/Iron Ore","RESULTS OF THE 82ND MINING LICENSING COMMITTEE (MLC) MEETING HELD ON 11TH SEPTEMBER, 2024","https://www.mmmd.gov.zm/?p=3378"
"Afwino Investment Limited","organization","Eastern","Petauke","40154-HQ-LEL | 40155-HQ-LEL","APPROVED","gemstones","2","14279","Iron Ore/Lead/Tourmaline","RESULTS OF THE 87TH MINING LICENSING COMMITTEE (MLC) MEETING HELD ON 7TH MAY, 2025","https://www.mmmd.gov.zm/?p=4069"
"AGATHA MAMPI MASILANI","person_or_unclassified","Central","Serenje","38376-HQ-AMR","Approved","gemstones","1","7","Mineral Sands/Nickel/Manganese","RESULTS OF THE 82ND MINING LICENSING COMMITTEE (MLC) MEETING HELD ON 11TH SEPTEMBER, 2024","https://www.mmmd.gov.zm/?p=3378"
"AgenaCorp Zambia Ltd","organization","Southern | Lusaka","Kalomo | Kafue; Southern, Mazabuka","32050-HQ-SEL | 32034-HQ-LEL","Approved | Rejected","critical_battery","1","745","Silver/Tantalum/Palladium","RESULTS OF THE 72ND MINING LICENSING COMMITTEE (MLC) MEETING HELD FROM 17TH TO 22 MAY 2023","https://www.mmmd.gov.zm/?p=2559"
"Agrivas Mineral and Metals Limited","organization","North Western | Southern","Solwezi | Itezhi Tezhi","34300-HQ-SEL | 34702-HQ-LEL | 39148-HQ-LEL","Approved","gemstones","3","27672","Manganese/Gold/Iron Ore","RESULTS OF THE 74TH MINING LICENSING COMMITTEE (MLC) MEETING HELD FROM 3RD TO 4TH AUGUST 2023","https://www.mmmd.gov.zm/?p=2598"
"AGS Pneumatics Services Limited","organization","Central","Serenje","33002-HQ-SEL","","gemstones","1","900","Platinum/Nickel/Manganese","RESULTS OF THE 74TH MINING LICENSING COMMITTEE (MLC) MEETING HELD FROM 3RD TO 4TH AUGUST 2023","https://www.mmmd.gov.zm/?p=2598"
"Ahadi Mining Limited","organization","North Western | Southern | Eastern","Solwezi | Kalomo | Mwinilunga | Katete, Petauke","32077-HQ-LEL | 32088-HQ-LEL | 32089-HQ-LEL | 32064-HQ-LEL","Approved | Rejected","gemstones","3","11489","Lithium/Lead/Manganese","RESULTS OF THE 72ND MINING LICENSING COMMITTEE (MLC) MEETING HELD FROM 17TH TO 22 MAY 2023","https://www.mmmd.gov.zm/?p=2559"
"Ahom Investments Limited","organization","Central","Mumbwa","38605-HQ-MPL","Approved","gold","1","7","Gold","RESULTS OF THE 82ND MINING LICENSING COMMITTEE (MLC) MEETING HELD ON 11TH SEPTEMBER, 2024","https://www.mmmd.gov.zm/?p=3378"
"AIGLE MULTI-PURPOSE COOPERATIVE SOCIETY LIMITED","organization","North Western","Kasempa","38239-HQ-AMR","","gemstones","1","7","Quartz/Gold/Zinc","RESULTS OF THE 83RD MINING LICENSING COMMITTEE (MLC) MEETING HELD ON 30TH OCTOBER, 2024","https://www.mmmd.gov.zm/?p=3515"
"Aimstrike Resources Limited","organization","Central","Mumbwa","34885-HQ-LEL","Approved","gold","1","2089","Lead/Silver/Zinc","RESULTS OF THE 76TH MINING LICENSING COMMITTEE (MLC) MEETING HELD ON 17TH AND 20TH NOVEMBER 2023","https://www.mmmd.gov.zm/?p=2640"
"AJM Construction Limited","organization","Southern","Kazungula","34366-HQ-SEL","APPROVED","construction_materials","1","137","Sand and Gravel/Crushed/Broken Stone","RESULTS OF THE 75TH MINING LICENSING COMMITTEE (MLC) MEETING HELD FROM 27TH TO 29TH SEPTEMBER 2023","https://www.mmmd.gov.zm/?p=2618"
"Akalalambili Akalalambili","person_or_unclassified","Western","Kaoma","36304-HQ-AMR","Approved","gold","1","7","Gold","SUBJECT: RESULTS OF THE 79TH MINING LICENSING COMMITTEE (MLC) MEETING HELD ON 11TH TO 12TH APRIL 2024","https://www.mmmd.gov.zm/?p=2794"
"Akamaru General Dealers Limited","organization","Central | North Western","Kapiri Mposhi | Kasempa","37133-HQ-SEL | 37132-HQ-SEL | 37716-HQ-SEL | 37729-HQ-SEL | 39153-HQ-LEL","Approved | Deferred | Rejected","gemstones","3","1991","Gold/Copper/Malachite","RESULTS OF THE 77TH MINING LICENSING COMMITTEE (MLC) MEETING HELD ON 11TH TO 12TH JANUARY 2024","https://www.mmmd.gov.zm/?p=2675"
"Aku Resources Limited","organization","Central","Mumbwa","38651-HQ-MPL","Approved","gold","1","13","Gold/Copper","RESULTS OF THE 82ND MINING LICENSING COMMITTEE (MLC) MEETING HELD ON 11TH SEPTEMBER, 2024","https://www.mmmd.gov.zm/?p=3378"
"Alamo Resources limited","organization","Southern | Luapula | North Western | Central","Gwembe | Mansa | Kasempa, Solwezi | Kabwe","37764-HQ-LEL | 37817-HQ-LEL | 37822-HQ-LEL | 37689-HQ-SEL","Approved","critical_battery","4","20883","Malachite/Zinc/Copper","RESULTS OF THE 81ST MINING LICENSING COMMITTEE (MLC) MEETING HELD ON 31ST JULY, 2024","https://www.mmmd.gov.zm/?p=2923"
"Alanbeier Investments Zambia Limited","organization","Central","Kabwe","32156-HQ-SEL","Approved","critical_battery","1","596","Iron Ore/Manganese/Copper","RESULTS OF THE 72ND MINING LICENSING COMMITTEE (MLC) MEETING HELD FROM 17TH TO 22 MAY 2023","https://www.mmmd.gov.zm/?p=2559"
"Alaska Solutions Limited","organization","Copperbelt","Chingola","30888-HQ-MPL","Approved","base_metals","1","13","Copper","REMINDER ON RESULTS OF THE 70TH AND 71ST MINING LICENSING COMMITTEE (MLC) MEETINGS HELD IN FEBRUARY AND MARCH 2023","https://www.mmmd.gov.zm/?p=2555"
"Albany Logistics Limited","organization","Central | North Western","Mumbwa | Mwinilunga, Solwezi | Chibombo","37450-HQ-SEL | 38665-HQ-LEL | 39218-HQ-LEL","Approved","critical_battery","1","109","Nickel/Manganese/Zinc","SUBJECT: RESULTS OF THE 79TH MINING LICENSING COMMITTEE (MLC) MEETING HELD ON 11TH TO 12TH APRIL 2024","https://www.mmmd.gov.zm/?p=2794"
"ALBERT KANGU","person_or_unclassified","Central | Lusaka","Mkushi | Chongwe | Kafue","37205-HQ-AMR | 38490-HQ-AMR | 38397-HQ-AMR | 39117-HQ-AMR | 41243-HQ-AMR","Approved","gemstones","3","20","Gold/Copper/Cobalt","RESULTS OF THE 80TH MINING LICENSING COMMITTEE (MLC) MEETING HELD ON 6TH TO 7TH AND 10TH JUNE 2024","https://www.mmmd.gov.zm/?p=2849"
"Albertina Chibolela Malubeni","person_or_unclassified","Central","Mumbwa","32702-HQ-AMR","Approved","critical_battery","1","7","Manganese/Silver/Iron Ore","RESULTS OF THE 73RD MINING LICENSING COMMITTEE (MLC) MEETING HELD FROM 29TH TO 30TH JUNE 2023","https://www.mmmd.gov.zm/?p=2583"
"Albertina Mwansa Kashiba","person_or_unclassified","Copperbelt","Chingola","31121-HQ-AMR","","gold","1","3","Silver/Zinc/Copper","REMINDER ON RESULTS OF THE 70TH AND 71ST MINING LICENSING COMMITTEE (MLC) MEETINGS HELD IN FEBRUARY AND MARCH 2023","https://www.mmmd.gov.zm/?p=2555"
"Albino Multipurpose Cooperative Society Limited","organization","Southern","Monze","34192-HQ-AMR","APPROVED","gemstones","1","7","Quartz/Manganese/Limestone (General)","RESULTS OF THE 75TH MINING LICENSING COMMITTEE (MLC) MEETING HELD FROM 27TH TO 29TH SEPTEMBER 2023","https://www.mmmd.gov.zm/?p=2618"
"Alcor International Limited","organization","North Western | Central | Eastern","Kasempa | Serenje | Lundazi","30050-HQ-LEL | 29808-HQ-SEL | 29385-HQ-LEL | 28898-HQ-SEL | 28899-HQ-SEL | 41020-HQ-SML","Approved | Cancelled | Deferred","critical_battery","4","12356","Quartz/Gold/Iron Ore","REMINDER ON RESULTS OF THE 70TH AND 71ST MINING LICENSING COMMITTEE (MLC) MEETINGS HELD IN FEBRUARY AND MARCH 2023","https://www.mmmd.gov.zm/?p=2555"
"ALD Plant & Fleet Management Limited","organization","Lusaka","Kafue","35363-HQ-SML","Approved","construction_materials","1","99","Granite/Crushed/Broken Stone","RESULTS OF THE 78TH MINING LICENSING COMMITTEE (MLC) MEETING HELD ON 27TH FEBRUARY TO 1ST MARCH 2024","https://www.mmmd.gov.zm/?p=2785"
"ALDI Agro  and General Dealers Zambia Limited","organization","Eastern","Petauke","32885-HQ-SEL | 32886-HQ-SEL","Approved | APPROVED","gemstones","2","1329","Quartz/Gold/Zinc","RESULTS OF THE 73RD MINING LICENSING COMMITTEE (MLC) MEETING HELD FROM 29TH TO 30TH JUNE 2023","https://www.mmmd.gov.zm/?p=2583"
"Alfmega Solutions Limited","organization","Lusaka","Chongwe","22236-HQ-LEL","Approved","gemstones","1","4559","Diamond/Gold/Cobalt","RESULTS OF THE 78TH MINING LICENSING COMMITTEE (MLC) MEETING HELD ON 27TH FEBRUARY TO 1ST MARCH 2024","https://www.mmmd.gov.zm/?p=2785"
"ALFRED GUPILA","person_or_unclassified","Eastern | Southern","Chipata | Siavonga","37917-HQ-AMR | 40692-HQ-AMR","Approved","gemstones","2","13","Silver/Gold/Iron Ore","RESULTS OF THE 81ST MINING LICENSING COMMITTEE (MLC) MEETING HELD ON 31ST JULY, 2024","https://www.mmmd.gov.zm/?p=2923"
"Alfred Malama Kapolyo","person_or_unclassified","Luapula","Mwense","26070-HQ-AMR","Approved","gemstones","1","7","Quartz/Silica/Tourmaline","RESULTS OF THE 73RD MINING LICENSING COMMITTEE (MLC) MEETING HELD FROM 29TH TO 30TH JUNE 2023","https://www.mmmd.gov.zm/?p=2583"
"Alfred Malipilo","person_or_unclassified","North Western","Solwezi","37293-HQ-AMR","Approved","critical_battery","1","7","Manganese/Silver/Zinc","RESULTS OF THE 82ND MINING LICENSING COMMITTEE (MLC) MEETING HELD ON 11TH SEPTEMBER, 2024","https://www.mmmd.gov.zm/?p=3378"
"Alfred Phiri","person_or_unclassified","Central","Mumbwa","34610-HQ-AMR","Approved","critical_battery","1","7","Iron Ore/Rare EarthsElements/Silver","RESULTS OF THE 76TH MINING LICENSING COMMITTEE (MLC) MEETING HELD ON 17TH AND 20TH NOVEMBER 2023","https://www.mmmd.gov.zm/?p=2640"
"ALGLOBAL NATURAL RESOURCES LIMITED","organization","Central","Chibombo","38097-HQ-SEL","Approved","critical_battery","1","873","Quartz/Manganese/Zinc","RESULTS OF THE 81ST MINING LICENSING COMMITTEE (MLC) MEETING HELD ON 31ST JULY, 2024","https://www.mmmd.gov.zm/?p=2923"
"Alice Mambwe Chabuka","person_or_unclassified","Northern","Luwingu","34421-HQ-AMR","Approved","gemstones","1","0","Cobalt/Manganese/Quartz","RESULTS OF THE 75TH MINING LICENSING COMMITTEE (MLC) MEETING HELD FROM 27TH TO 29TH SEPTEMBER 2023","https://www.mmmd.gov.zm/?p=2618"
"Alice Muma Garg","person_or_unclassified","North Western","Solwezi","37370-HQ-AMR","","gemstones","1","7","Emerald/Quartz/Tourmaline","RESULTS OF THE 83RD MINING LICENSING COMMITTEE (MLC) MEETING HELD ON 30TH OCTOBER, 2024","https://www.mmmd.gov.zm/?p=3515"
"Alick Mumba","person_or_unclassified","Eastern","Lundazi","27545-HQ-AMR","","critical_battery","1","7","Lead/Iron Ore/Zinc","REMINDER ON RESULTS OF THE 70TH AND 71ST MINING LICENSING COMMITTEE (MLC) MEETINGS HELD IN FEBRUARY AND MARCH 2023","https://www.mmmd.gov.zm/?p=2555"
"ALINAFE WB INVESTMENTS LIMITED","organization","Southern | North Western","Choma | Solwezi | Kasempa","38674-HQ-LEL | 39939-HQ-LEL | 40443-HQ-LEL | 41096-HQ-SEL","Deferred | REJECTED | Approved","critical_battery","1","5122","Iron Ore/Manganese/Gold","RESULTS OF THE 84TH MINING LICENSING COMMITTEE (MLC) MEETING HELD ON 12TH DECEMBER, 2024","https://www.mmmd.gov.zm/?p=3780"
"Alinjita Siwingwa","person_or_unclassified","Southern","Monze","40666-HQ-AMR","Approved","industrial_minerals","1","7","Anhydrite/Gypsum","RESULTS OF THE 88TH MINING LICENSING COMMITTEE (MLC) MEETING HELD ON 30TH MAY, 2025","https://www.mmmd.gov.zm/?p=4111"
"ALLAN NZUNGA","person_or_unclassified","North Western","Kasempa","39288-HQ-AMR","Approved","gold","1","7","Silver/Zinc/Quartz","RESULTS OF THE 84TH MINING LICENSING COMMITTEE (MLC) MEETING HELD ON 12TH DECEMBER, 2024","https://www.mmmd.gov.zm/?p=3780"
"Alliance Minerals Limited","organization","Southern","Kalomo","30519-HQ-LEL | 30513-HQ-SEL","Approved | Cancelled","gemstones","2","1754","Manganese/Silver/Zinc","REMINDER ON RESULTS OF THE 70TH AND 71ST MINING LICENSING COMMITTEE (MLC) MEETINGS HELD IN FEBRUARY AND MARCH 2023","https://www.mmmd.gov.zm/?p=2555"
"Alnajah Investments Limited","organization","Central","Mumbwa","33189-HQ-MPL | 34603-HQ-LEL","Approved","gold","2","5421","Gold/Copper/Zinc","RESULTS OF THE 72ND MINING LICENSING COMMITTEE (MLC) MEETING HELD FROM 17TH TO 22 MAY 2023","https://www.mmmd.gov.zm/?p=2559"
"Alois Enterprise  Limited","organization","Copperbelt","Lufwanyama","32343-HQ-SEL | 32344-HQ-SEL","","gemstones","2","227","Emerald","RESULTS OF THE 75TH MINING LICENSING COMMITTEE (MLC) MEETING HELD FROM 27TH TO 29TH SEPTEMBER 2023","https://www.mmmd.gov.zm/?p=2618"
"Alphaone Investments Limited","organization","Central","Mumbwa","38776-HQ-MPL","Deferred | Approved","gold","1","7","Sand/Silver/Zinc","RESULTS OF THE 83RD MINING LICENSING COMMITTEE (MLC) MEETING HELD ON 30TH OCTOBER, 2024","https://www.mmmd.gov.zm/?p=3515"
"Alphonso  Kapindula","person_or_unclassified","Luapula","Mansa","35083-HQ-AMR","Approved","critical_battery","1","7","Manganese/Nickel/Silver","RESULTS OF THE 78TH MINING LICENSING COMMITTEE (MLC) MEETING HELD ON 27TH FEBRUARY TO 1ST MARCH 2024","https://www.mmmd.gov.zm/?p=2785"
"Alpine  Mining & Exploration Limited","organization","Central | Southern | North Western","Mumbwa | Sinazongwe | Mwinilunga | Solwezi","35430-HQ-LEL | 38406-HQ-LEL | 38415-HQ-LEL | 39050-HQ-LEL | 39907-HQ-LEL","Approved | Deferred","critical_battery","3","27847","Coal/Nickel/Silver","RESULTS OF THE 74TH MINING LICENSING COMMITTEE (MLC) MEETING HELD FROM 3RD TO 4TH AUGUST 2023","https://www.mmmd.gov.zm/?p=2598"
"Alpine Prperties Limited","organization","","","26558-HQ-SEL | 26557-HQ-SEL","Cancelled","critical_battery","1","972","Iron Ore/Nickel/Zinc","CANCELLATION OF NON-COMPLIANT MINING AND NON-MINING RIGHTS BY THE MINING LICENSING COMMITTEE (MLC)","https://www.mmmd.gov.zm/?p=2787"
"Aluman Camara","person_or_unclassified","Southern","Kalomo","32292-HQ-AMR","","gemstones","1","7","Gold/Manganese/Sugilite","RESULTS OF THE 74TH MINING LICENSING COMMITTEE (MLC) MEETING HELD FROM 3RD TO 4TH AUGUST 2023","https://www.mmmd.gov.zm/?p=2598"
"Alumbwe Emerald Mines Limited","organization","","","07295-HQ-SML","Cancelled","gemstones","1","111","Quartz/Tourmaline/Beryllium","CANCELLATION OF NON-COMPLIANT MINING AND NON-MINING RIGHTS BY THE MINING LICENSING COMMITTEE (MLC)","https://www.mmmd.gov.zm/?p=2787"
"Alvie Nombwana","person_or_unclassified","Central","Serenje","30935-HQ-AMR | 34569-HQ-AMR","Approved","critical_battery","2","13","Quartz/Silica/Manganese","REMINDER ON RESULTS OF THE 70TH AND 71ST MINING LICENSING COMMITTEE (MLC) MEETINGS HELD IN FEBRUARY AND MARCH 2023","https://www.mmmd.gov.zm/?p=2555"
"Amabwe Mineral Ventures Limited","organization","Central | Southern","Serenje | Kalomo","37556-HQ-SEL | 37758-HQ-SEL","Approved | Deferred","gemstones","3","53280","Silver/Emerald/Nickel","SUBJECT: RESULTS OF THE 79TH MINING LICENSING COMMITTEE (MLC) MEETING HELD ON 11TH TO 12TH APRIL 2024","https://www.mmmd.gov.zm/?p=2794"
"AMADON INVESTMENT LIMITED","organization","Eastern | Central","Nyimba | Kabwe","39738-HQ-SEL | 39866-HQ-SEL","Approved","base_metals","2","543","Limestone (General)/Sand/Feldspar","RESULTS OF THE 85TH MINING LICENSING COMMITTEE (MLC) MEETING HELD ON 5TH MARCH, 2025","https://www.mmmd.gov.zm/?p=4013"
"Aman Processing Zambia Limited","organization","Copperbelt | North Western | Luapula","Chingola | Solwezi | Mansa","29172-HQ-MPL | 34122-HQ-SML | 24741-HQ-LEL","Approved | Deferred | Cancelled","gemstones","2","9197","Iron Ore/Anhydrite/Tantalum","RESULTS OF THE 72ND MINING LICENSING COMMITTEE (MLC) MEETING HELD FROM 17TH TO 22 MAY 2023","https://www.mmmd.gov.zm/?p=2559"
"Amar Ferro Alloys Limited","organization","Northern | Luapula","Luwingu | Mansa | Mwense","29328-HQ-LEL | 29336-HQ-LEL | 27137-HQ-LEL | 24305-HQ-MPL | 34223-HQ-LML | 29329-HQ-LEL","Cancelled | Deferred | Approved | DEFERRED | Rejected","critical_battery","4","59900","Manganese/Lead/Zinc","REMINDER ON RESULTS OF THE 70TH AND 71ST MINING LICENSING COMMITTEE (MLC) MEETINGS HELD IN FEBRUARY AND MARCH 2023","https://www.mmmd.gov.zm/?p=2555"
"AMBER Investments & Mining Limited","organization","Lusaka | Northern","Chongwe | Mpika","39789-HQ-LEL | 39850-HQ-LEL","Deferred | Rejected | REJECTED | Approved","gold","1","20899","Lead/Silver/Zinc","RESULTS OF THE 86TH MINING LICENSING COMMITTEE (MLC) MEETING HELD ON 27TH MARCH 2025","https://www.mmmd.gov.zm/?p=4061"
"Amestone Company Limited","organization","North Western","Kasempa","32508-HQ-SML | 39630-HQ-SEL","Deferred | Rejected | Approved | DEFERRED","critical_battery","1","399","Manganese/Lead/Tungsten","RESULTS OF THE 72ND MINING LICENSING COMMITTEE (MLC) MEETING HELD FROM 17TH TO 22 MAY 2023","https://www.mmmd.gov.zm/?p=2559"
"Amet Mining Zambia Limited","organization","Copperbelt | Northern | Luapula","Chingola, Lufwanyama | Mpika | Samfya; Northern, Chilubi","37064-HQ-SEL | 36825-HQ-LEL | 36826-HQ-LEL","Approved | Deferred","critical_battery","2","4721","Quartz/Limestone (General)/Lead","RESULTS OF THE 77TH MINING LICENSING COMMITTEE (MLC) MEETING HELD ON 11TH TO 12TH JANUARY 2024","https://www.mmmd.gov.zm/?p=2675"
"Ameya Marble Limited","organization","Lusaka","Chongwe, Kafue","30427-HQ-MPL","Approved","industrial_minerals","1","3","Limestone (General)","RESULTS OF THE 74TH MINING LICENSING COMMITTEE (MLC) MEETING HELD FROM 3RD TO 4TH AUGUST 2023","https://www.mmmd.gov.zm/?p=2598"
"Amiel Partners Limited","organization","Central","Chibombo","26481-HQ-LEL | 26708-HQ-LEL | 26011-HQ-SEL | 26377-HQ-SEL | 26464-HQ-SEL | 28905-HQ-SEL | 25523-HQ-LEL | 40250-HQ-SEL | 40618-HQ-SML","Cancelled | DEFERRED | APPROVED | Rejected","critical_battery","3","3385","Gold/Copper/Cobalt","CANCELLATION OF NON-COMPLIANT MINING AND NON-MINING RIGHTS BY THE MINING LICENSING COMMITTEE (MLC)","https://www.mmmd.gov.zm/?p=2787"
"Amin Mining Limited","organization","Southern","Kalomo, Kazungula | Kalomo","33298-HQ-LEL | 33300-HQ-SEL","","gemstones","2","20271","Copper/Gold/Zinc","RESULTS OF THE 74TH MINING LICENSING COMMITTEE (MLC) MEETING HELD FROM 3RD TO 4TH AUGUST 2023","https://www.mmmd.gov.zm/?p=2598"
"Amin Rajnikant  Narendrakumar","person_or_unclassified","North Western","Solwezi","39954-HQ-AMR | 39956-HQ-AMR | 39957-HQ-AMR","Approved","gemstones","3","20","Copper/Gold/Amethyst","RESULTS OF THE 85TH MINING LICENSING COMMITTEE (MLC) MEETING HELD ON 5TH MARCH, 2025","https://www.mmmd.gov.zm/?p=4013"
"Amina Lenganji Banda","person_or_unclassified","Eastern | Northern","Chama | Chinsali","33657-HQ-AMR | 33658-HQ-AMR","Deferred | APPROVED | Approved","gemstones","2","13","Tourmaline/Graphite/Manganese","RESULTS OF THE 75TH MINING LICENSING COMMITTEE (MLC) MEETING HELD FROM 27TH TO 29TH SEPTEMBER 2023","https://www.mmmd.gov.zm/?p=2618"
"Aminon Hara","person_or_unclassified","Copperbelt","Lufwanyama","34521-HQ-AMR","Approved","industrial_minerals","1","7","Sand and Gravel/Silica/Granite","RESULTS OF THE 75TH MINING LICENSING COMMITTEE (MLC) MEETING HELD FROM 27TH TO 29TH SEPTEMBER 2023","https://www.mmmd.gov.zm/?p=2618"
"Amizo Power Engineers Limited","organization","Southern","Gwembe, Sinazongwe","28096-HQ-SEL | 28182-HQ-SEL | 28081-HQ-LEL","Cancelled | Rejected","gemstones","4","13902","Copper/Manganese/Iron Ore","CANCELLATION OF NON-COMPLIANT MINING AND NON-MINING RIGHTS BY THE MINING LICENSING COMMITTEE (MLC)","https://www.mmmd.gov.zm/?p=2787"
"Amoho Mining Limited","organization","Eastern | North Western","Nyimba | Mwinilunga","37557-HQ-SEL | 37587-HQ-SEL","","gemstones","2","183","Gold/Rare EarthsElements/Cobalt","RESULTS OF THE 80TH MINING LICENSING COMMITTEE (MLC) MEETING HELD ON 6TH TO 7TH AND 10TH JUNE 2024","https://www.mmmd.gov.zm/?p=2849"
"Amon Banda","person_or_unclassified","Central","Serenje","35900-HQ-AMR | 40555-HQ-AMR","Approved","industrial_minerals","1","7","Silica/Quartz","SUBJECT: RESULTS OF THE 79TH MINING LICENSING COMMITTEE (MLC) MEETING HELD ON 11TH TO 12TH APRIL 2024","https://www.mmmd.gov.zm/?p=2794"
"Amos Chitube","person_or_unclassified","Eastern | Southern | Central","Chama | Mazabuka | Chibombo | Petauke","34185-HQ-AMR | 34186-HQ-AMR | 34187-HQ-AMR | 39683-HQ-AMR | 39685-HQ-AMR","Deferred | Approved","gemstones","4","27","Cobalt/Copper/Zinc","RESULTS OF THE 74TH MINING LICENSING COMMITTEE (MLC) MEETING HELD FROM 3RD TO 4TH AUGUST 2023","https://www.mmmd.gov.zm/?p=2598"
"AMPERSAND INVESTMENTS LIMITED","organization","Eastern","Lundazi","37173-HQ-LEL | 37973-HQ-LEL","Approved","gemstones","2","15717","Gold/Cobalt/Copper","RESULTS OF THE 77TH MINING LICENSING COMMITTEE (MLC) MEETING HELD ON 11TH TO 12TH JANUARY 2024","https://www.mmmd.gov.zm/?p=2675"
"AMS Commodities Limited","organization","Central","Kapiri Mposhi, Mkushi | Mkushi | Mumbwa","30225-HQ-SEL | 32985-HQ-SEL | 32989-HQ-SEL | 36676-HQ-SEL","Approved | Cancelled | Deferred | REJECTED","critical_battery","3","1160","Copper/Silver/Zinc","REMINDER ON RESULTS OF THE 70TH AND 71ST MINING LICENSING COMMITTEE (MLC) MEETINGS HELD IN FEBRUARY AND MARCH 2023","https://www.mmmd.gov.zm/?p=2555"
"Anahela Gold Mining Co-operative Society Limited","organization","","","30035-HQ-SEL","Cancelled","critical_battery","1","7","Lead/Manganese/Zinc","CANCELLATION OF NON-COMPLIANT MINING AND NON-MINING RIGHTS BY THE MINING LICENSING COMMITTEE (MLC)","https://www.mmmd.gov.zm/?p=2787"
"Anantaa Mining Limited","organization","Central | Luapula","Serenje | Milenge, Samfya","32300-HQ-LEL | 32512-HQ-LEL","Approved","critical_battery","2","27498","Zinc/Limestone (General)/Manganese","RESULTS OF THE 72ND MINING LICENSING COMMITTEE (MLC) MEETING HELD FROM 17TH TO 22 MAY 2023","https://www.mmmd.gov.zm/?p=2559"
"Anathoth Resources Limited","organization","","","28653-HQ-SEL | 27150-HQ-SEL | 26406-HQ-SEL | 26374-HQ-SEL | 26375-HQ-SEL","Cancelled","critical_battery","1","913","Tin/Manganese/Coal","CANCELLATION OF NON-COMPLIANT MINING AND NON-MINING RIGHTS BY THE MINING LICENSING COMMITTEE (MLC)","https://www.mmmd.gov.zm/?p=2787"
"Anchor Resources Limited","organization","Central | Eastern","Chibombo | Petauke","29428-HQ-SEL | 32294-HQ-SEL | 32761-HQ-SEL | 38819-HQ-SEL | 38826-HQ-SEL | 38924-HQ-SEL","Approved | APPROVED | Deferred | Rejected","gemstones","4","2808","Copper/Gold/Iron Ore","REMINDER ON RESULTS OF THE 70TH AND 71ST MINING LICENSING COMMITTEE (MLC) MEETINGS HELD IN FEBRUARY AND MARCH 2023","https://www.mmmd.gov.zm/?p=2555"
"Andrew Mwenda","person_or_unclassified","Central","Mkushi","38864-HQ-AMR","Approved","gemstones","1","7","Iron Ore/Gold/Quartz","RESULTS OF THE 84TH MINING LICENSING COMMITTEE (MLC) MEETING HELD ON 12TH DECEMBER, 2024","https://www.mmmd.gov.zm/?p=3780"
"Andych Auto Garage Limited","organization","Eastern","Lundazi","32645-HQ-SEL","Approved","gemstones","1","481","Iron Ore/Gold/Zinc","RESULTS OF THE 72ND MINING LICENSING COMMITTEE (MLC) MEETING HELD FROM 17TH TO 22 MAY 2023","https://www.mmmd.gov.zm/?p=2559"
"Angel Dust Investments Limited","organization","Copperbelt | North Western","Lufwanyama; North Western, Solwezi | Solwezi","25183-HQ-LEL | 25184-HQ-LEL","Approved","gemstones","2","19204","Limestone (General)/Silver/Diamond","RESULTS OF THE 76TH MINING LICENSING COMMITTEE (MLC) MEETING HELD ON 17TH AND 20TH NOVEMBER 2023","https://www.mmmd.gov.zm/?p=2640"
"Angela Mulenga Chitalu","person_or_unclassified","North Western | Central","Mwinilunga | Chibombo","30583-HQ-AMR | 35012-HQ-AMR","Approved","critical_battery","1","7","Limestone (General)/Anhydrite/Zinc","REMINDER ON RESULTS OF THE 70TH AND 71ST MINING LICENSING COMMITTEE (MLC) MEETINGS HELD IN FEBRUARY AND MARCH 2023","https://www.mmmd.gov.zm/?p=2555"
"Anglo Exploration Zambia Limited","organization","North Western","Chavuma, Zambezi; Western, Lukulu | Zambezi | Solwezi","22641-HQ-LEL | 22642-HQ-LEL | 20820-HQ-LEL | 17969-HQ-LEL | 26726-HQ-LEL","Deferred | Approved | Cancelled","critical_battery","1","4833","Rare EarthsElements/Manganese/Uranium","REMINDER ON RESULTS OF THE 70TH AND 71ST MINING LICENSING COMMITTEE (MLC) MEETINGS HELD IN FEBRUARY AND MARCH 2023","https://www.mmmd.gov.zm/?p=2555"
"Angra Resources Limited","organization","Lusaka","Kafue","37551-HQ-SEL","Deferred | APPROVED","critical_battery","1","992","Manganese/Limestone (General)/Zinc","RESULTS OF THE 85TH MINING LICENSING COMMITTEE (MLC) MEETING HELD ON 5TH MARCH, 2025","https://www.mmmd.gov.zm/?p=4013"
"Anna Bernice Chola Mwitwa","person_or_unclassified","North Western","Mwinilunga","30547-HQ-AMR | 30548-HQ-AMR","","gemstones","1","7","Gold/Nickel/Gemstones","REMINDER ON RESULTS OF THE 70TH AND 71ST MINING LICENSING COMMITTEE (MLC) MEETINGS HELD IN FEBRUARY AND MARCH 2023","https://www.mmmd.gov.zm/?p=2555"
"Annapoorna Minerals Limited","organization","Southern | Eastern | North Western | Copperbelt","Choma, Monze, Namwala | Nyimba | Mufumbwe | Chingola, Kalulushi","25064-HQ-LEL | 25062-HQ-LEL | 25063-HQ-LEL | 26462-HQ-LEL","Rejected | DEFERRED | Approved | Deferred","critical_battery","4","93421","Sand/Manganese/Limestone (General)","RESULTS OF THE 77TH MINING LICENSING COMMITTEE (MLC) MEETING HELD ON 11TH TO 12TH JANUARY 2024","https://www.mmmd.gov.zm/?p=2675"
"Annie Simwinji","person_or_unclassified","Northern | Central","Mpika | Serenje","40544-HQ-AMR | 40545-HQ-AMR | 40552-HQ-AMR","Rejected | Approved","gold","1","7","Iron Ore/Zinc/Copper","RESULTS OF THE 88TH MINING LICENSING COMMITTEE (MLC) MEETING HELD ON 30TH MAY, 2025","https://www.mmmd.gov.zm/?p=4111"
"Anointed Mining and Drilling Company Limited","organization","Copperbelt","Lufwanyama, Mpongwe; North Western, Solwezi","30094-HQ-LEL | 30193-HQ-LEL | 30208-HQ-LEL","Cancelled | Deferred | DEFERRED | Rejected","gold","2","7557","Gold/Platinum/Cobalt","CANCELLATION OF NON-COMPLIANT MINING AND NON-MINING RIGHTS BY THE MINING LICENSING COMMITTEE (MLC)","https://www.mmmd.gov.zm/?p=2787"
"Anold Malembeka","person_or_unclassified","Central","Serenje","35336-HQ-AMR","Approved","critical_battery","1","7","Zinc/Manganese/Gold","RESULTS OF THE 77TH MINING LICENSING COMMITTEE (MLC) MEETING HELD ON 11TH TO 12TH JANUARY 2024","https://www.mmmd.gov.zm/?p=2675"
"Anthony  Lukwesa","person_or_unclassified","Lusaka","Chongwe","39015-HQ-AMR","Approved","gold","1","7","Gold/Copper/Cobalt","RESULTS OF THE 84TH MINING LICENSING COMMITTEE (MLC) MEETING HELD ON 12TH DECEMBER, 2024","https://www.mmmd.gov.zm/?p=3780"
"ANTHONY HENREY SWART","person_or_unclassified","Northern","Mpika","37427-HQ-AMR","Approved","gemstones","1","3","Gold/Precious Gems/Diamond","RESULTS OF THE 82ND MINING LICENSING COMMITTEE (MLC) MEETING HELD ON 11TH SEPTEMBER, 2024","https://www.mmmd.gov.zm/?p=3378"
"Anthony Kaineti","person_or_unclassified","Central | Southern","Serenje | Siavonga","35818-HQ-AMR | 38477-HQ-AMR | 40106-HQ-AMR","Approved | Rejected","industrial_minerals","1","7","Mica/Quartz/Sandstone","RESULTS OF THE 82ND MINING LICENSING COMMITTEE (MLC) MEETING HELD ON 11TH SEPTEMBER, 2024","https://www.mmmd.gov.zm/?p=3378"
"Antler Exploration Zambia Limited","organization","Northern | Southern | Eastern","Isoka, Nakonde | Mbala, Mpulungu | Mbala, Nakonde | Mazabuka | Chama","30846-HQ-LEL | 30847-HQ-LEL | 30862-HQ-LEL | 34134-HQ-LEL | 36729-HQ-LEL","Rejected | REJECTED","critical_battery","3","473627","Nickel/Manganese/Zinc","REMINDER ON RESULTS OF THE 70TH AND 71ST MINING LICENSING COMMITTEE (MLC) MEETINGS HELD IN FEBRUARY AND MARCH 2023","https://www.mmmd.gov.zm/?p=2555"
"Aore Vein Minerals Limited","organization","Lusaka","Chongwe","37359-HQ-SEL","Approved","gemstones","1","707","Precious Gems/Platinum Group Metals/Palladium","RESULTS OF THE 82ND MINING LICENSING COMMITTEE (MLC) MEETING HELD ON 11TH SEPTEMBER, 2024","https://www.mmmd.gov.zm/?p=3378"
"Apeiron Mining Limited","organization","North Western","Kasempa | Mwinilunga | Mufumbwe","38047-HQ-LEL | 38626-HQ-SEL | 41575-HQ-SEL","Approved","gold","1","335","Quartz/Zinc/Gold","RESULTS OF THE 81ST MINING LICENSING COMMITTEE (MLC) MEETING HELD ON 31ST JULY, 2024","https://www.mmmd.gov.zm/?p=2923"
"APP STAR  INVESTMENTS LIMITED","organization","Central","Mumbwa","36512-HQ-MPL | 40471-HQ-SEL","Approved | Deferred","gold","1","7","Gold","RESULTS OF THE 77TH MINING LICENSING COMMITTEE (MLC) MEETING HELD ON 11TH TO 12TH JANUARY 2024","https://www.mmmd.gov.zm/?p=2675"
"Aquilagreen Resource Limited","organization","Lusaka | North Western","Kafue; Southern, Siavonga | Kasempa, Solwezi","35587-HQ-SEL | 37181-HQ-LEL","Approved","critical_battery","3","43625","Copper/Gold/Nickel","RESULTS OF THE 77TH MINING LICENSING COMMITTEE (MLC) MEETING HELD ON 11TH TO 12TH JANUARY 2024","https://www.mmmd.gov.zm/?p=2675"
"ARACELEE HOLDINGS LIMITED","organization","North Western | Lusaka","Mufumbwe | Chongwe","39601-HQ-LEL | 40446-HQ-LEL","Approved | Rejected","critical_battery","1","3190","Gold/Manganese/Zinc","RESULTS OF THE 86TH MINING LICENSING COMMITTEE (MLC) MEETING HELD ON 27TH MARCH 2025","https://www.mmmd.gov.zm/?p=4061"
"Archean Xplore Limited","organization","Eastern | Luapula | Central","Chama | Mansa | Mkushi","34188-HQ-LEL | 37134-HQ-SEL | 28686-HQ-LEL | 29495-HQ-SEL | 33560-HQ-SEL","Approved | Deferred | Cancelled | Rejected","gemstones","3","2976","Tantalum/Tourmaline/Tin","RESULTS OF THE 73RD MINING LICENSING COMMITTEE (MLC) MEETING HELD FROM 29TH TO 30TH JUNE 2023","https://www.mmmd.gov.zm/?p=2583"
"Arcon Mining Limited","organization","Eastern | Northern | Central","Lundazi | Mpika | Kapiri Mposhi | Kabwe, Kapiri Mposhi","37347-HQ-SEL | 37302-HQ-LEL | 37301-HQ-SEL | 37515-HQ-SEL","Approved","gemstones","4","3280","Gold/Copper/Lead","RESULTS OF THE 81ST MINING LICENSING COMMITTEE (MLC) MEETING HELD ON 31ST JULY, 2024","https://www.mmmd.gov.zm/?p=2923"
"Arinus Limited","organization","Copperbelt","Lufwanyama","7152-HQ-SML","Approved","gemstones","1","39","Emerald","RESULTS OF THE 91ST MINING LICENSING COMMITTEE (MLC) MEETING HELD ON 08TH OCTOBER, 2025","https://www.mmmd.gov.zm/?p=6170"
"Armada Minerals Limited","organization","North Western","Kasempa","22250-HQ-LEL","Deferred | approved","critical_battery","1","29208","Platinum/Palladium/Nickel","RESULTS OF THE 82ND MINING LICENSING COMMITTEE (MLC) MEETING HELD ON 11TH SEPTEMBER, 2024","https://www.mmmd.gov.zm/?p=3378"
"Arnold, Jackson Siakoche","person_or_unclassified","Southern","Gwembe","33437-HQ-AMR","Approved","industrial_minerals","1","7","Silica","RESULTS OF THE 81ST MINING LICENSING COMMITTEE (MLC) MEETING HELD ON 31ST JULY, 2024","https://www.mmmd.gov.zm/?p=2923"
"Array Metals And Natural Resources Limited","organization","Central | North Western","Mumbwa | Mufumbwe","21872-HQ-LEL | 22702-HQ-LEL | 26767-HQ-SEL | 32016-HQ-SML","Approved on Condition | Rejected | Cancelled","gold","3","753","Gold/Copper","REMINDER ON RESULTS OF THE 70TH AND 71ST MINING LICENSING COMMITTEE (MLC) MEETINGS HELD IN FEBRUARY AND MARCH 2023","https://www.mmmd.gov.zm/?p=2555"
"arthur dale","person_or_unclassified","Central","Chibombo","37247-HQ-AMR","Approved","critical_battery","1","7","Iron Ore/Manganese/Gold","RESULTS OF THE 81ST MINING LICENSING COMMITTEE (MLC) MEETING HELD ON 31ST JULY, 2024","https://www.mmmd.gov.zm/?p=2923"
"Artificial Intelligent Product Limited","organization","Copperbelt | Central","Masaiti, Mpongwe | Mkushi","21724-HQ-LEL | 34814-HQ-SEL | 34897-HQ-SEL | 23669-HQ-SML | 23670-HQ-SML","Rejected | REJECTED | Cancelled","gemstones","2","766","Quartz/Manganese/Lead","RESULTS OF THE 72ND MINING LICENSING COMMITTEE (MLC) MEETING HELD FROM 17TH TO 22 MAY 2023","https://www.mmmd.gov.zm/?p=2559"
"Asalaam Zambia Limited","organization","Lusaka","Kafue","38314-HQ-SEL","Approved","industrial_minerals","1","175","Limestone (General)/Sand/Dolomite","RESULTS OF THE 82ND MINING LICENSING COMMITTEE (MLC) MEETING HELD ON 11TH SEPTEMBER, 2024","https://www.mmmd.gov.zm/?p=3378"
"Asbelow Mining & Business Consultancy Limited","organization","Central","Kabwe","32707-HQ-SEL | 24262-HQ-SEL | 26941-HQ-SEL | 28565-HQ-SEL","Deferred | Cancelled","critical_battery","1","73","Manganese/Nickel/Zinc","RESULTS OF THE 72ND MINING LICENSING COMMITTEE (MLC) MEETING HELD FROM 17TH TO 22 MAY 2023","https://www.mmmd.gov.zm/?p=2559"
"Ashira Enterprise Limited","organization","North Western","Solwezi","34447-HQ-LEL","","gold","1","6940","Lead/Silver/Zinc","RESULTS OF THE 74TH MINING LICENSING COMMITTEE (MLC) MEETING HELD FROM 3RD TO 4TH AUGUST 2023","https://www.mmmd.gov.zm/?p=2598"
"Ashira Mining Limited","organization","Copperbelt","Lufwanyama","34536-HQ-SEL","APPROVED","gemstones","1","72","Gold/Emerald/Silver","RESULTS OF THE 75TH MINING LICENSING COMMITTEE (MLC) MEETING HELD FROM 27TH TO 29TH SEPTEMBER 2023","https://www.mmmd.gov.zm/?p=2618"
"Ashvan Construction Limited","organization","Eastern","Lundazi","31248-HQ-LEL","","gemstones","1","8748","Gold/Silver/Tourmaline","REMINDER ON RESULTS OF THE 70TH AND 71ST MINING LICENSING COMMITTEE (MLC) MEETINGS HELD IN FEBRUARY AND MARCH 2023","https://www.mmmd.gov.zm/?p=2555"
"Aspire Mining Limited","organization","North Western","Kabompo, Mwinilunga","36162-HQ-LEL","Approved","critical_battery","1","12898","Manganese/Nickel/Iron Ore","RESULTS OF THE 77TH MINING LICENSING COMMITTEE (MLC) MEETING HELD ON 11TH TO 12TH JANUARY 2024","https://www.mmmd.gov.zm/?p=2675"
"ASTER SAPPHIRE IMPORT AND EXPORT LIMITED","organization","North Western","Mwinilunga, Solwezi","37998-HQ-LEL","Approved","gemstones","1","10093","Manganese/Lead/Nickel","RESULTS OF THE 81ST MINING LICENSING COMMITTEE (MLC) MEETING HELD ON 31ST JULY, 2024","https://www.mmmd.gov.zm/?p=2923"
"Aston Chishala","person_or_unclassified","Central","Kabwe","33917-HQ-AMR","Approved","gold","1","7","Gold/Copper/Cobalt","RESULTS OF THE 76TH MINING LICENSING COMMITTEE (MLC) MEETING HELD ON 17TH AND 20TH NOVEMBER 2023","https://www.mmmd.gov.zm/?p=2640"
"Astro Quarries Limited","organization","","","20306-HQ-LML","Cancelled","industrial_minerals","1","10","Limestone (General)","CANCELLATION OF NON-COMPLIANT MINING AND NON-MINING RIGHTS BY THE MINING LICENSING COMMITTEE (MLC)","https://www.mmmd.gov.zm/?p=2787"
"Astro-Gem Industries Limited","organization","Copperbelt","Lufwanyama","15794-HQ-SML","Approved | Deferred","gemstones","1","203","Quartz/Tourmaline/Garnet","RESULTS OF THE 72ND MINING LICENSING COMMITTEE (MLC) MEETING HELD FROM 17TH TO 22 MAY 2023","https://www.mmmd.gov.zm/?p=2559"
"Astrome Solutions Zambia Limited","organization","","","25735-HQ-SEL","Cancelled","critical_battery","1","820","Granite/Manganese/Silver","CANCELLATION OF NON-COMPLIANT MINING AND NON-MINING RIGHTS BY THE MINING LICENSING COMMITTEE (MLC)","https://www.mmmd.gov.zm/?p=2787"
"Astrorix Resources Limited","organization","Central | Copperbelt | Southern | North Western","Mkushi | Lufwanyama, Mpongwe | Sinazongwe | Mufumbwe | Kasempa, Mufumbwe","39834-HQ-LEL | 39729-HQ-LEL | 40116-HQ-LEL | 40143-HQ-LEL | 40595-HQ-LEL | 41549-HQ-LEL | 42231-HQ-SEL","APPROVED | Deferred | Approved | Rejected","gemstones","2","26970","Nickel/Gold/Zinc","RESULTS OF THE 85TH MINING LICENSING COMMITTEE (MLC) MEETING HELD ON 5TH MARCH, 2025","https://www.mmmd.gov.zm/?p=4013"
"Athena Energy Limited","organization","Central | Lusaka","Mkushi | Chongwe, Luangwa","27177-HQ-LEL | 26638-HQ-LEL","Cancelled | Deferred | Rejected","critical_battery","2","10475","Lead/Manganese/Zinc","REMINDER ON RESULTS OF THE 70TH AND 71ST MINING LICENSING COMMITTEE (MLC) MEETINGS HELD IN FEBRUARY AND MARCH 2023","https://www.mmmd.gov.zm/?p=2555"
"Athena Investments Limited","organization","North Western","Solwezi","30008-HQ-SEL | 27781-HQ-SEL | 25723-HQ-SEL","Approved | Cancelled","gold","2","1069","Iron Ore/Silver/Gold","REMINDER ON RESULTS OF THE 70TH AND 71ST MINING LICENSING COMMITTEE (MLC) MEETINGS HELD IN FEBRUARY AND MARCH 2023","https://www.mmmd.gov.zm/?p=2555"
"ATL Exploration and Mining Limited","organization","Central | North Western","Kapiri Mposhi; Copperbelt, Mpongwe | Solwezi","39273-HQ-LEL | 39596-HQ-LEL | 40017-HQ-LEL | 39775-HQ-LEL","DEFERRED | APPROVED | Approved | Deferred","gemstones","3","64429","Nickel/Manganese/Malachite","RESULTS OF THE 85TH MINING LICENSING COMMITTEE (MLC) MEETING HELD ON 5TH MARCH, 2025","https://www.mmmd.gov.zm/?p=4013"
"Atlas Alloys Zambia Limited","organization","","","29734-HQ-MPL","Cancelled","critical_battery","1","13","Manganese","CANCELLATION OF NON-COMPLIANT MINING AND NON-MINING RIGHTS BY THE MINING LICENSING COMMITTEE (MLC)","https://www.mmmd.gov.zm/?p=2787"
"Attarah Resources Limited","organization","North Western","Mufumbwe","25754-HQ-SEL | 30103-HQ-SEL | 30016-HQ-SEL | 25711-HQ-SEL","Rejected | Cancelled","critical_battery","3","2201","Limestone (General)/Quartz/Manganese","REMINDER ON RESULTS OF THE 70TH AND 71ST MINING LICENSING COMMITTEE (MLC) MEETINGS HELD IN FEBRUARY AND MARCH 2023","https://www.mmmd.gov.zm/?p=2555"
"audrey mulenga","person_or_unclassified","Northern | Lusaka","Mpika | Kafue","38967-HQ-AMR | 38969-HQ-AMR","Approved","critical_battery","2","13","Quartz/Copper/Gold","RESULTS OF THE 83RD MINING LICENSING COMMITTEE (MLC) MEETING HELD ON 30TH OCTOBER, 2024","https://www.mmmd.gov.zm/?p=3515"
"Auroma Mining and Minerals Zambia Limited","organization","Northern | North Western | Central","Mpika | Mufumbwe | Chibombo, Mumbwa | Solwezi","37260-HQ-LEL | 37348-HQ-LEL | 37562-HQ-LEL | 37328-HQ-LEL","Approved | Deferred","gemstones","4","51363","Iron Ore/Manganese/Gold","RESULTS OF THE 80TH MINING LICENSING COMMITTEE (MLC) MEETING HELD ON 6TH TO 7TH AND 10TH JUNE 2024","https://www.mmmd.gov.zm/?p=2849"
"Aurous Minerals Limited","organization","Eastern | Central | Lusaka | Copperbelt","Nyimba | Chibombo | Chongwe | Lufwanyama","37756-HQ-SEL | 38400-HQ-LEL | 39177-HQ-LEL | 40121-HQ-LEL","Approved","gemstones","4","7018","Copper/Mineral Sands/Silver","RESULTS OF THE 81ST MINING LICENSING COMMITTEE (MLC) MEETING HELD ON 31ST JULY, 2024","https://www.mmmd.gov.zm/?p=2923"
"Aurum Trading Limited","organization","","","36206-HQ-SEL","Approved","gemstones","1","43","Quartz/Nickel/Tantalum","SUBJECT: RESULTS OF THE 79TH MINING LICENSING COMMITTEE (MLC) MEETING HELD ON 11TH TO 12TH APRIL 2024","https://www.mmmd.gov.zm/?p=2794"
"Auszam Mining Limited","organization","Copperbelt","Kalulushi, Kitwe","28998-HQ-SML","Deferred | Approved","industrial_minerals","1","390","Silica","RESULTS OF THE 72ND MINING LICENSING COMMITTEE (MLC) MEETING HELD FROM 17TH TO 22 MAY 2023","https://www.mmmd.gov.zm/?p=2559"
"Auto Africa Motors Limited","organization","Southern","Sinazongwe","26040-HQ-SEL | 37220-HQ-SML","Cancelled | Approved","energy_minerals","2","679","Coal/Uranium","CANCELLATION OF NON-COMPLIANT MINING AND NON-MINING RIGHTS BY THE MINING LICENSING COMMITTEE (MLC)","https://www.mmmd.gov.zm/?p=2787"
"Autogalaxy Associates Limited","organization","Southern | Central","Choma | Kabwe","34946-HQ-SEL | 33688-HQ-SEL | 36291-HQ-SEL | 40172-HQ-SEL","Approved | Deferred","gemstones","3","596","Tungsten/Coal/Tin","RESULTS OF THE 78TH MINING LICENSING COMMITTEE (MLC) MEETING HELD ON 27TH FEBRUARY TO 1ST MARCH 2024","https://www.mmmd.gov.zm/?p=2785"
"Avocado Mining Limited","organization","Southern | Copperbelt | Central","Choma, Gwembe | Masaiti, Ndola | Mumbwa; Southern, Mazabuka | Chibombo | Kalomo | Ndola","33250-HQ-LEL | 35889-HQ-SEL | 22099-HQ-MPL | 37238-HQ-LEL | 38068-HQ-LEL | 33248-HQ-SEL | 38821-HQ-SEL","APPROVED | Cancelled | Approved | Deferred | Rejected","gemstones","5","69764","Copper/Gold/Iron Ore","RESULTS OF THE 75TH MINING LICENSING COMMITTEE (MLC) MEETING HELD FROM 27TH TO 29TH SEPTEMBER 2023","https://www.mmmd.gov.zm/?p=2618"
"Awesome Diamonds Corporation Limited","organization","","","36665-HQ-SEL","Approved","gemstones","1","206","Silver/Quartz/Nickel","RESULTS OF THE 78TH MINING LICENSING COMMITTEE (MLC) MEETING HELD ON 27TH FEBRUARY TO 1ST MARCH 2024","https://www.mmmd.gov.zm/?p=2785"
"Axor Mineral Resources Limited","organization","Southern | Central","Sinazongwe | Serenje","34469-HQ-SEL | 35903-HQ-SML | 35902-HQ-SML | 40237-HQ-SML","APPROVED | deferred | Deferred | Approved","gemstones","5","21858","Gold/Manganese/Quartz","RESULTS OF THE 75TH MINING LICENSING COMMITTEE (MLC) MEETING HELD FROM 27TH TO 29TH SEPTEMBER 2023","https://www.mmmd.gov.zm/?p=2618"
"Azadi Investment Limited","organization","Central","Kabwe","31270-HQ-SEL | 28742-HQ-SEL | 28545-HQ-LEL | 28568-HQ-SEL | 28707-HQ-SEL","Approved | Cancelled","critical_battery","1","493","Lead/Manganese/Zinc","REMINDER ON RESULTS OF THE 70TH AND 71ST MINING LICENSING COMMITTEE (MLC) MEETINGS HELD IN FEBRUARY AND MARCH 2023","https://www.mmmd.gov.zm/?p=2555"
"AZANIA MINING COMPANY LIMITED","organization","Northern","Luwingu","37775-HQ-SEL","Approved","gemstones","1","990","Iron Ore/Lead/Manganese","RESULTS OF THE 81ST MINING LICENSING COMMITTEE (MLC) MEETING HELD ON 31ST JULY, 2024","https://www.mmmd.gov.zm/?p=2923"
"Azarel Investments Limited","organization","Southern","Kalomo","28691-HQ-SML | 25490-HQ-SEL","APPROVED | Cancelled","critical_battery","1","397","Iron Ore/Tantalum/Tin","RESULTS OF THE EXTRA ORDINARY MINING LICENSING COMMITTEE (MLC) MEETING HELD ON 27TH OCTOBER 2023","https://www.mmmd.gov.zm/?p=2626"
"AZMI MINING CO OPERATIVE SOCIETY LIMITED","organization","Central","Mumbwa","40187-HQ-AMR","Approved","gold","1","7","Gold","RESULTS OF THE 87TH MINING LICENSING COMMITTEE (MLC) MEETING HELD ON 7TH MAY, 2025","https://www.mmmd.gov.zm/?p=4069"
"B&G Holdings Limited","organization","North Western","Mwinilunga","37212-HQ-SEL","","gold","1","652","Iron Ore/Malachite/Gold","RESULTS OF THE 80TH MINING LICENSING COMMITTEE (MLC) MEETING HELD ON 6TH TO 7TH AND 10TH JUNE 2024","https://www.mmmd.gov.zm/?p=2849"
"B.C.N INTERNATIONAL LIMITED","organization","Central","Serenje; Northern, Mpika","40499-HQ-LEL","Deferred","gemstones","1","11585","Gold/Lithium/Copper","RESULTS OF THE 88TH MINING LICENSING COMMITTEE (MLC) MEETING HELD ON 30TH MAY, 2025","https://www.mmmd.gov.zm/?p=4111"
"Baalgoray Trading Limited","organization","Central","Mumbwa","37382-HQ-MPL","Approved","gold","1","7","Gold","RESULTS OF THE 82ND MINING LICENSING COMMITTEE (MLC) MEETING HELD ON 11TH SEPTEMBER, 2024","https://www.mmmd.gov.zm/?p=3378"
"Ba'al-Perazim Limited","organization","Central","Serenje","22038-HQ-SML | 38198-HQ-SEL | 39931-HQ-LEL","Cancelled | Approved | APPROVED","critical_battery","3","8784","Gold/Copper/Manganese","CANCELLATION OF NON-COMPLIANT MINING AND NON-MINING RIGHTS BY THE MINING LICENSING COMMITTEE (MLC)","https://www.mmmd.gov.zm/?p=2787"
"Bachoba Multi-Purpose Co-operative Society Limited","organization","Central","Mkushi","34191-HQ-AMR","APPROVED","critical_battery","1","7","Silica/Manganese/Silver","RESULTS OF THE EXTRA ORDINARY MINING LICENSING COMMITTEE (MLC) MEETING HELD ON 27TH OCTOBER 2023","https://www.mmmd.gov.zm/?p=2626"
"Badiye Limited","organization","Central | Lusaka | North Western","Mumbwa | Luangwa | Mwinilunga","37258-HQ-MPL | 37743-HQ-SEL | 37744-HQ-LEL | 39198-HQ-MPL","Approved | Deferred | APPROVED","gold","3","797","Copper/Gold/Silver","RESULTS OF THE 78TH MINING LICENSING COMMITTEE (MLC) MEETING HELD ON 27TH FEBRUARY TO 1ST MARCH 2024","https://www.mmmd.gov.zm/?p=2785"
"Bakwalufu Enterprises Ltd","organization","North Western","Mufumbwe","28481-HQ-SML | 28482-HQ-SML","Deferred | Rejected","critical_battery","1","100","Nickel/Silver/Uranium","RESULTS OF THE 72ND MINING LICENSING COMMITTEE (MLC) MEETING HELD FROM 17TH TO 22 MAY 2023","https://www.mmmd.gov.zm/?p=2559"
"Baluba Minerals Limited","organization","Northern","Mpika","26223-HQ-LEL | 41360-HQ-LML | 41362-HQ-LML | 41363-HQ-LML","Cancelled | REJECTED","gemstones","1","145005","Manganese/Limestone (General)/Lead","CANCELLATION OF NON-COMPLIANT MINING AND NON-MINING RIGHTS BY THE MINING LICENSING COMMITTEE (MLC)","https://www.mmmd.gov.zm/?p=2787"
"Balume Mining Co-operative Society Limited","organization","North Western","Mwinilunga","39934-HQ-AMR","Approved","gemstones","1","7","Gold/Iron Ore/Zinc","RESULTS OF THE 85TH MINING LICENSING COMMITTEE (MLC) MEETING HELD ON 5TH MARCH, 2025","https://www.mmmd.gov.zm/?p=4013"
"Bambelela Solutions Limited","organization","North Western","Solwezi | Mwinilunga, Solwezi","26752-HQ-SEL | 37211-HQ-LEL | 40887-HQ-SEL | 41512-HQ-SEL","Cancelled | Approved | Deferred","gemstones","1","2973","Iron Ore/Gold/Limestone (General)","CANCELLATION OF NON-COMPLIANT MINING AND NON-MINING RIGHTS BY THE MINING LICENSING COMMITTEE (MLC)","https://www.mmmd.gov.zm/?p=2787"
"Bandar Investments Limited","organization","Northern | Central","Mpika | Mumbwa","39006-HQ-LEL | 39546-HQ-MPL | 39547-HQ-SEL | 40507-HQ-SML","Approved","critical_battery","3","4678","Gold/Copper/Cobalt","RESULTS OF THE 83RD MINING LICENSING COMMITTEE (MLC) MEETING HELD ON 30TH OCTOBER, 2024","https://www.mmmd.gov.zm/?p=3515"
"Bangaram Mining Limited","organization","Southern | Copperbelt","Kalomo | Lufwanyama","34707-HQ-SEL | 34667-HQ-SEL | 36697-HQ-SEL","Approved | Deferred | Rejected","gemstones","2","1297","Iron Ore/Zinc/Manganese","RESULTS OF THE 76TH MINING LICENSING COMMITTEE (MLC) MEETING HELD ON 17TH AND 20TH NOVEMBER 2023","https://www.mmmd.gov.zm/?p=2640"
"Bangweulu Batteries Limited","organization","Luapula","Mansa, Mwense","22106-HQ-LEL","","critical_battery","1","28191","Manganese/Lead/Uranium","RESULTS OF THE 74TH MINING LICENSING COMMITTEE (MLC) MEETING HELD FROM 3RD TO 4TH AUGUST 2023","https://www.mmmd.gov.zm/?p=2598"
"Bangweulu Mining Limited","organization","Northern","Chilubi, Luwingu","32472-HQ-LEL","Approved","gemstones","1","164898","Platinum/Manganese/Ruby","RESULTS OF THE 72ND MINING LICENSING COMMITTEE (MLC) MEETING HELD FROM 17TH TO 22 MAY 2023","https://www.mmmd.gov.zm/?p=2559"
"Bannety Hamangaba","person_or_unclassified","","","29483-HQ-AMR | 29484-HQ-AMR","Cancelled","critical_battery","1","7","Quartz/Zinc/Cobalt","CANCELLATION OF NON-COMPLIANT MINING AND NON-MINING RIGHTS BY THE MINING LICENSING COMMITTEE (MLC)","https://www.mmmd.gov.zm/?p=2787"
"Bans Country wide Tours Limited","organization","Northern","Mpika","32045-HQ-LEL","Approved","critical_battery","1","19002","Lead/Iron Ore/Lithium","RESULTS OF THE 72ND MINING LICENSING COMMITTEE (MLC) MEETING HELD FROM 17TH TO 22 MAY 2023","https://www.mmmd.gov.zm/?p=2559"
"Bans Countrywide Tours Limited","organization","Eastern","Chadiza","34208-HQ-LEL","REJECTED","critical_battery","1","12424","Rare EarthsElements/Silica/Platinum Group Metals","RESULTS OF THE 83RD MINING LICENSING COMMITTEE (MLC) MEETING HELD ON 30TH OCTOBER, 2024","https://www.mmmd.gov.zm/?p=3515"
"Baochuan Industry Company Limited","organization","Southern","Siavonga","37537-HQ-SEL","Approved","gemstones","1","3079","Gypsum/Anhydrite/Granite","SUBJECT: RESULTS OF THE 79TH MINING LICENSING COMMITTEE (MLC) MEETING HELD ON 11TH TO 12TH APRIL 2024","https://www.mmmd.gov.zm/?p=2794"
"BASE METAL EXPLORATION CONSULTANCY LIMITED","organization","Central","Mkushi","39504-HQ-LEL","APPROVED","gemstones","1","3537","Quartz/Manganese/Sugilite","RESULTS OF THE 85TH MINING LICENSING COMMITTEE (MLC) MEETING HELD ON 5TH MARCH, 2025","https://www.mmmd.gov.zm/?p=4013"
"Base Metalic Zambia Limited","organization","","","13008-HQ-SML","Cancelled","base_metals","1","320","Copper/Cobalt","CANCELLATION OF NON-COMPLIANT MINING AND NON-MINING RIGHTS BY THE MINING LICENSING COMMITTEE (MLC)","https://www.mmmd.gov.zm/?p=2787"
"Basemetalic Zambia Limited","organization","North Western","Mwinilunga","25348-HQ-SEL | 26023-HQ-SEL | 26024-HQ-SEL","Rejected | Cancelled","industrial_minerals","1","297","Marble/Limestone (General)","REMINDER ON RESULTS OF THE 70TH AND 71ST MINING LICENSING COMMITTEE (MLC) MEETINGS HELD IN FEBRUARY AND MARCH 2023","https://www.mmmd.gov.zm/?p=2555"
"BASEMETALLIC ZAMBIA LIMITED","organization","","","13007-HQ-SML","Cancelled","base_metals","1","320","Copper/Cobalt","CANCELLATION OF NON-COMPLIANT MINING AND NON-MINING RIGHTS BY THE MINING LICENSING COMMITTEE (MLC)","https://www.mmmd.gov.zm/?p=2787"
"Basmel Mining and Construction Limited","organization","Northern | Southern | North Western","Mpika | Kalomo, Kazungula | Kasempa","32250-HQ-LEL | 33043-HQ-LEL | 39241-HQ-LEL","Approved","critical_battery","3","35206","Manganese/Gold/Copper","RESULTS OF THE 72ND MINING LICENSING COMMITTEE (MLC) MEETING HELD FROM 17TH TO 22 MAY 2023","https://www.mmmd.gov.zm/?p=2559"
"Batizateck Youth Investments Limited","organization","Central","Mkushi | Mumbwa","34083-HQ-SEL | 29675-HQ-SEL | 39376-HQ-SEL | 39691-HQ-SEL","Cancelled | Rejected | Deferred | Approved","gemstones","2","89","Copper/Cobalt/Gold","RESULTS OF THE 74TH MINING LICENSING COMMITTEE (MLC) MEETING HELD FROM 3RD TO 4TH AUGUST 2023","https://www.mmmd.gov.zm/?p=2598"
"Bauxite Mining Limited","organization","Central | Northern","Kapiri Mposhi | Luwingu","37221-HQ-SEL | 36928-HQ-SEL","Approved | Rejected","gold","1","66","Silica/Silver/Zinc","SUBJECT: RESULTS OF THE 79TH MINING LICENSING COMMITTEE (MLC) MEETING HELD ON 11TH TO 12TH APRIL 2024","https://www.mmmd.gov.zm/?p=2794"
"Bayaji Zambia Limited","organization","Eastern","Chama; Northern, Mpika","35218-HQ-LEL","Deferred | Approved","critical_battery","1","72657","Gold/Manganese/Cobalt","RESULTS OF THE 82ND MINING LICENSING COMMITTEE (MLC) MEETING HELD ON 11TH SEPTEMBER, 2024","https://www.mmmd.gov.zm/?p=3378"
"Bayan Construction Limited","organization","Luapula","Mansa, Mwense | Mansa","26957-HQ-LEL | 38242-HQ-LML","Approved","critical_battery","3","71519","Iron Ore/Manganese/Silver","RESULTS OF THE 81ST MINING LICENSING COMMITTEE (MLC) MEETING HELD ON 31ST JULY, 2024","https://www.mmmd.gov.zm/?p=2923"
"Baza Resources Limited","organization","Luapula","Mansa","37234-HQ-SEL | 28900-HQ-SEL | 29332-HQ-SEL | 27914-HQ-SEL","Approved | Cancelled","critical_battery","2","690","Zinc/Manganese/Lead","RESULTS OF THE 78TH MINING LICENSING COMMITTEE (MLC) MEETING HELD ON 27TH FEBRUARY TO 1ST MARCH 2024","https://www.mmmd.gov.zm/?p=2785"
"Beagem Mining Limited","organization","Copperbelt","Lufwanyama","33175-HQ-SEL | 33176-HQ-SEL","APPROVED","gemstones","2","167","Quartz/Emerald","RESULTS OF THE 75TH MINING LICENSING COMMITTEE (MLC) MEETING HELD FROM 27TH TO 29TH SEPTEMBER 2023","https://www.mmmd.gov.zm/?p=2618"
"Beatis Ventura Limited","organization","","","29121-HQ-SEL","Cancelled","gemstones","1","56","Tantalum/Silver/Quartz","CANCELLATION OF NON-COMPLIANT MINING AND NON-MINING RIGHTS BY THE MINING LICENSING COMMITTEE (MLC)","https://www.mmmd.gov.zm/?p=2787"
"Beaton Sibulowa","person_or_unclassified","Central","Mkushi","29863-HQ-AMR","Approved","industrial_minerals","1","7","Feldspar","REMINDER ON RESULTS OF THE 70TH AND 71ST MINING LICENSING COMMITTEE (MLC) MEETINGS HELD IN FEBRUARY AND MARCH 2023","https://www.mmmd.gov.zm/?p=2555"
"Beatrice K Yikona","person_or_unclassified","Central","Chibombo","35646-HQ-AMR","Approved","gold","1","7","Limestone (General)/Quartz/Iron Ore","RESULTS OF THE 81ST MINING LICENSING COMMITTEE (MLC) MEETING HELD ON 31ST JULY, 2024","https://www.mmmd.gov.zm/?p=2923"
"BED-ROCK MINE LIMITED","organization","","","30081-HQ-SML","Cancelled","gemstones","1","35","Emerald","CANCELLATION OF NON-COMPLIANT MINING AND NON-MINING RIGHTS BY THE MINING LICENSING COMMITTEE (MLC)","https://www.mmmd.gov.zm/?p=2787"
"Bekazulu Mining Limited","organization","","","21312-HQ-SML | 8516-HQ-SML","Cancelled","gold","1","395","Limestone (General)/Phosphorus-Phosphates/Copper","CANCELLATION OF NON-COMPLIANT MINING AND NON-MINING RIGHTS BY THE MINING LICENSING COMMITTEE (MLC)","https://www.mmmd.gov.zm/?p=2787"
"Beker Mining Limited","organization","","","27030-HQ-LEL","Cancelled","critical_battery","1","84261","Nickel/Lead/Zinc","CANCELLATION OF NON-COMPLIANT MINING AND NON-MINING RIGHTS BY THE MINING LICENSING COMMITTEE (MLC)","https://www.mmmd.gov.zm/?p=2787"
"Belipajaali Enterprises Limited","organization","","","26629-HQ-SEL","Cancelled","gold","1","904","Zinc/Gold/Copper","CANCELLATION OF NON-COMPLIANT MINING AND NON-MINING RIGHTS BY THE MINING LICENSING COMMITTEE (MLC)","https://www.mmmd.gov.zm/?p=2787"
"Belita Zulu","person_or_unclassified","Southern","Mazabuka","37298-HQ-AMR","Approved","industrial_minerals","1","7","Silica","RESULTS OF THE 78TH MINING LICENSING COMMITTEE (MLC) MEETING HELD ON 27TH FEBRUARY TO 1ST MARCH 2024","https://www.mmmd.gov.zm/?p=2785"
"Belmt Resources Mining Company Limited","organization","Copperbelt","Luanshya, Lufwanyama, Masaiti","25195-HQ-LEL | 25273-HQ-LEL","Rejected | Cancelled","gemstones","1","4349","Silver/Quartz/Zinc","RESULTS OF THE 72ND MINING LICENSING COMMITTEE (MLC) MEETING HELD FROM 17TH TO 22 MAY 2023","https://www.mmmd.gov.zm/?p=2559"
"Bema Mining Services Limited","organization","Central | North Western","Mkushi | Kasempa, Mufumbwe","35201-HQ-SEL | 35202-HQ-SEL","Approved | Deferred","gemstones","2","1526","Cobalt/Gold/Copper","RESULTS OF THE 76TH MINING LICENSING COMMITTEE (MLC) MEETING HELD ON 17TH AND 20TH NOVEMBER 2023","https://www.mmmd.gov.zm/?p=2640"
"Benchmark Mining Limited","organization","","","28005-HQ-SEL | 28441-HQ-SEL","Cancelled","critical_battery","1","16","Lead/Iron Ore/Manganese","CANCELLATION OF NON-COMPLIANT MINING AND NON-MINING RIGHTS BY THE MINING LICENSING COMMITTEE (MLC)","https://www.mmmd.gov.zm/?p=2787"
"Bendu Transport Limited","organization","Copperbelt","Luanshya, Ndola","21020-HQ-SML | 16656-HQ-SEL","Cancelled | Deferred | REJECTED","industrial_minerals","1","67","Silica/Sand and Gravel","CANCELLATION OF NON-COMPLIANT MINING AND NON-MINING RIGHTS BY THE MINING LICENSING COMMITTEE (MLC)","https://www.mmmd.gov.zm/?p=2787"
"Benechishi Mining Co-operative Society Limited","organization","Central","Kapiri Mposhi","35582-HQ-AMR | 34873-HQ-AMR | 36405-HQ-AMR | 36406-HQ-AMR","APPROVED","critical_battery","1","7","Rare EarthsElements/Feldspar/Chromium","RESULTS OF THE 75TH MINING LICENSING COMMITTEE (MLC) MEETING HELD FROM 27TH TO 29TH SEPTEMBER 2023","https://www.mmmd.gov.zm/?p=2618"
"Benecho Women Multi-purpose Co-operative Society Limited","organization","Central","Chibombo","37143-HQ-AMR | 37144-HQ-AMR | 37145-HQ-AMR | 37159-HQ-AMR | 37160-HQ-AMR","Approved","gemstones","2","13","Limestone (General)/Manganese/Anhydrite","RESULTS OF THE 77TH MINING LICENSING COMMITTEE (MLC) MEETING HELD ON 11TH TO 12TH JANUARY 2024","https://www.mmmd.gov.zm/?p=2675"
"Bengemor Mining Limited","organization","","","19250-HQ-SML | 19251-HQ-SML","Cancelled","critical_battery","2","701","Iron Ore/Manganese/Copper","CANCELLATION OF NON-COMPLIANT MINING AND NON-MINING RIGHTS BY THE MINING LICENSING COMMITTEE (MLC)","https://www.mmmd.gov.zm/?p=2787"
"Bengold Minerals Limited","organization","Central","Serenje","40295-HQ-SEL","Approved","gemstones","1","390","Manganese/Lead/Zinc","RESULTS OF THE 88TH MINING LICENSING COMMITTEE (MLC) MEETING HELD ON 30TH MAY, 2025","https://www.mmmd.gov.zm/?p=4111"
"Benjamin Matimelo","person_or_unclassified","Luapula","Mansa","15068-HQ-SML","REJECTED","critical_battery","1","2","Manganese","RESULTS OF THE EXTRA ORDINARY MINING LICENSING COMMITTEE (MLC) MEETING HELD ON 27TH OCTOBER 2023","https://www.mmmd.gov.zm/?p=2626"
"Benjamin Ndumba","person_or_unclassified","Southern","Monze","33348-HQ-AMR","Approved","industrial_minerals","1","7","Anhydrite/Gypsum","RESULTS OF THE 76TH MINING LICENSING COMMITTEE (MLC) MEETING HELD ON 17TH AND 20TH NOVEMBER 2023","https://www.mmmd.gov.zm/?p=2640"
"Benjamin Yoram Mwila","person_or_unclassified","Luapula","Mwense","30665-HQ-AMR","Approved","gold","1","7","Iron Ore/Lead/Gold","RESULTS OF THE 72ND MINING LICENSING COMMITTEE (MLC) MEETING HELD FROM 17TH TO 22 MAY 2023","https://www.mmmd.gov.zm/?p=2559"
"Benox Investments Limited","organization","","","35279-HQ-SEL","Deferred","critical_battery","1","301","Nickel/Manganese/Zinc","RESULTS OF THE 78TH MINING LICENSING COMMITTEE (MLC) MEETING HELD ON 27TH FEBRUARY TO 1ST MARCH 2024","https://www.mmmd.gov.zm/?p=2785"
"Benson Chibinda","person_or_unclassified","Copperbelt","Mpongwe","34804-HQ-AMR","APPROVED","critical_battery","1","7","Manganese/Copper","RESULTS OF THE 75TH MINING LICENSING COMMITTEE (MLC) MEETING HELD FROM 27TH TO 29TH SEPTEMBER 2023","https://www.mmmd.gov.zm/?p=2618"
"Benson Kapinga","person_or_unclassified","North Western","Mwinilunga","25682-HQ-AMR","Approved","gemstones","1","0","Iron Ore/Manganese/Quartz","RESULTS OF THE 74TH MINING LICENSING COMMITTEE (MLC) MEETING HELD FROM 3RD TO 4TH AUGUST 2023","https://www.mmmd.gov.zm/?p=2598"
"Benson Kapinga Salamu","person_or_unclassified","North Western","Mwinilunga | Kasempa","33883-HQ-AMR | 38438-HQ-AMR","Deferred | Approved","gemstones","2","13","Gold/Quartz/Copper","RESULTS OF THE 82ND MINING LICENSING COMMITTEE (MLC) MEETING HELD ON 11TH SEPTEMBER, 2024","https://www.mmmd.gov.zm/?p=3378"
"BERECHIT RESOURCES LIMITED","organization","Eastern | North Western | Western","Nyimba | Kabompo, Mufumbwe | Kalabo, Mongu, Senanga","38471-HQ-LEL | 39103-HQ-LEL | 40012-HQ-LEL | 40278-HQ-LEL","Approved | Deferred | Rejected","critical_battery","2","76343","Iron Ore/Zinc/Gold","RESULTS OF THE 82ND MINING LICENSING COMMITTEE (MLC) MEETING HELD ON 11TH SEPTEMBER, 2024","https://www.mmmd.gov.zm/?p=3378"
"Beria Kasongu","person_or_unclassified","Southern","Kalomo","34096-HQ-AMR","Approved","industrial_minerals","1","7","Fluorine-Fluorite","RESULTS OF THE 74TH MINING LICENSING COMMITTEE (MLC) MEETING HELD FROM 3RD TO 4TH AUGUST 2023","https://www.mmmd.gov.zm/?p=2598"
"Bernard Mumba","person_or_unclassified","Central","Chibombo","34488-HQ-AMR","Approved","critical_battery","1","7","Manganese/Iron Ore/Copper","SUBJECT: RESULTS OF THE 79TH MINING LICENSING COMMITTEE (MLC) MEETING HELD ON 11TH TO 12TH APRIL 2024","https://www.mmmd.gov.zm/?p=2794"
"Bertha Buleya Maileshi","person_or_unclassified","Southern","Mazabuka","29758-HQ-AMR","Approved","gemstones","1","7","Iron Ore/Manganese/Zinc","REMINDER ON RESULTS OF THE 70TH AND 71ST MINING LICENSING COMMITTEE (MLC) MEETINGS HELD IN FEBRUARY AND MARCH 2023","https://www.mmmd.gov.zm/?p=2555"
"Bertha Ntembeni","person_or_unclassified","Western","Sesheke","34505-HQ-AMR","","gemstones","1","7","Lead/Iron Ore/Manganese","RESULTS OF THE 76TH MINING LICENSING COMMITTEE (MLC) MEETING HELD ON 17TH AND 20TH NOVEMBER 2023","https://www.mmmd.gov.zm/?p=2640"
"Bertha Shipanuka","person_or_unclassified","North Western | Eastern","Solwezi | Petauke","40292-HQ-AMR | 40291-HQ-AMR | 40288-HQ-AMR","Approved","gemstones","3","20","Nickel/Mica/Silica","RESULTS OF THE 87TH MINING LICENSING COMMITTEE (MLC) MEETING HELD ON 7TH MAY, 2025","https://www.mmmd.gov.zm/?p=4069"
"Besa Kanika","person_or_unclassified","Luapula","Kawambwa","38636-HQ-AMR","","critical_battery","1","7","Quartz/Manganese/Zinc","RESULTS OF THE 83RD MINING LICENSING COMMITTEE (MLC) MEETING HELD ON 30TH OCTOBER, 2024","https://www.mmmd.gov.zm/?p=3515"
"Bespoke Mining Limited","organization","Luapula","Samfya","37190-HQ-SEL | 37191-HQ-SEL | 37192-HQ-SEL","","gemstones","4","37008","Gold/Copper/Manganese","RESULTS OF THE 80TH MINING LICENSING COMMITTEE (MLC) MEETING HELD ON 6TH TO 7TH AND 10TH JUNE 2024","https://www.mmmd.gov.zm/?p=2849"
"Best Western Plus Lusaka Grand Hotel Limited","organization","Southern","Kalomo, Kazungula | Choma, Monze","33666-HQ-LEL | 33667-HQ-LEL | 33665-HQ-LEL","APPROVED | Rejected","gemstones","2","81396","Iron Ore/Gold/Quartz","RESULTS OF THE 75TH MINING LICENSING COMMITTEE (MLC) MEETING HELD FROM 27TH TO 29TH SEPTEMBER 2023","https://www.mmmd.gov.zm/?p=2618"
"Betamin Investments Limited","organization","Central | Lusaka","Kapiri Mposhi | Kafue | Kapiri Mposhi; Copperbelt, Mpongwe","34670-HQ-SEL | 29379-HQ-LEL","APPROVED | Approved | Deferred | Rejected","gemstones","2","3056","Talc-Soapstone/Granite/Limestone (General)","RESULTS OF THE 75TH MINING LICENSING COMMITTEE (MLC) MEETING HELD FROM 27TH TO 29TH SEPTEMBER 2023","https://www.mmmd.gov.zm/?p=2618"
"Betele Small Miners Limited","organization","North Western","Mufumbwe","8609-HQ-SML","Approved | Cancelled","base_metals","1","398","Copper","RESULTS OF THE 78TH MINING LICENSING COMMITTEE (MLC) MEETING HELD ON 27TH FEBRUARY TO 1ST MARCH 2024","https://www.mmmd.gov.zm/?p=2785"
"Beunasha Multi Purpose Cooperative Society Limited","organization","Central","Mumbwa","34297-HQ-AMR | 34678-HQ-AMR","Approved | Deferred","critical_battery","1","7","Lead/Tin/Zinc","RESULTS OF THE 75TH MINING LICENSING COMMITTEE (MLC) MEETING HELD FROM 27TH TO 29TH SEPTEMBER 2023","https://www.mmmd.gov.zm/?p=2618"
"Beyond Borders Resources Limited","organization","Northern","Kaputa","34846-HQ-LEL","APPROVED","critical_battery","1","9303","Gold/Manganese/Cobalt","RESULTS OF THE 75TH MINING LICENSING COMMITTEE (MLC) MEETING HELD FROM 27TH TO 29TH SEPTEMBER 2023","https://www.mmmd.gov.zm/?p=2618"
"BHASCORE MINING ZAMBIA LIMITED","organization","Lusaka | Central","Chongwe | Chibombo","39609-HQ-LEL | 40217-HQ-LEL | 40077-HQ-SEL","DEFERRED | Approved","critical_battery","2","5208","Iron Ore/Copper/Gold","RESULTS OF THE 85TH MINING LICENSING COMMITTEE (MLC) MEETING HELD ON 5TH MARCH, 2025","https://www.mmmd.gov.zm/?p=4013"
"BHAVANI MINING LIMITED","organization","Eastern | Central","Chipata, Mambwe | Mkushi","40290-HQ-LEL | 40283-HQ-LEL","APPROVED | Deferred","critical_battery","1","17931","Manganese/Lead/Zinc","RESULTS OF THE 87TH MINING LICENSING COMMITTEE (MLC) MEETING HELD ON 7TH MAY, 2025","https://www.mmmd.gov.zm/?p=4069"
"Bhavesh Overseas Zambia Limited","organization","","","28067-HQ-MPL","Cancelled","base_metals","1","20","Lead/Copper/Aluminum (Other)","CANCELLATION OF NON-COMPLIANT MINING AND NON-MINING RIGHTS BY THE MINING LICENSING COMMITTEE (MLC)","https://www.mmmd.gov.zm/?p=2787"
"Big 3 Lithium Investments Limited","organization","Central","Serenje","25229-HQ-SEL | 25229-HQ-LEL","Deferred","critical_battery","1","28549","Tin/Titanium/Niobium (Columbium)","RESULTS OF THE 72ND MINING LICENSING COMMITTEE (MLC) MEETING HELD FROM 17TH TO 22 MAY 2023","https://www.mmmd.gov.zm/?p=2559"
"Big Bang Minerals Limited","organization","Central","Mkushi | Mkushi, Serenje","32331-HQ-LEL | 35290-HQ-LEL","Deferred | Approved","gemstones","2","36791","Quartz/Tourmaline/Zinc","RESULTS OF THE 72ND MINING LICENSING COMMITTEE (MLC) MEETING HELD FROM 17TH TO 22 MAY 2023","https://www.mmmd.gov.zm/?p=2559"
"Big ponds Zambia Limited","organization","Lusaka","Kafue","39120-HQ-SEL","Deferred | Approved","gold","1","33","Limestone (General)/Lead/Zinc","RESULTS OF THE 84TH MINING LICENSING COMMITTEE (MLC) MEETING HELD ON 12TH DECEMBER, 2024","https://www.mmmd.gov.zm/?p=3780"
"BigHope Mining Ltd","organization","Eastern","Chama","16433-HQ-SML","Cancelled | Approved","gemstones","1","335","Emerald/Tourmaline/Amethyst","CANCELLATION OF NON-COMPLIANT MINING AND NON-MINING RIGHTS BY THE MINING LICENSING COMMITTEE (MLC)","https://www.mmmd.gov.zm/?p=2787"
"Billingtone Mosha","person_or_unclassified","Lusaka","Kafue","30351-HQ-AMR","","industrial_minerals","1","3","Limestone (General)/Dolomite","REMINDER ON RESULTS OF THE 70TH AND 71ST MINING LICENSING COMMITTEE (MLC) MEETINGS HELD IN FEBRUARY AND MARCH 2023","https://www.mmmd.gov.zm/?p=2555"
"Bilonda Mining Limited","organization","Central","Mumbwa","7828-HQ-SML","Approved | Cancelled","gemstones","1","251","Malachite/Quartz/Tourmaline","RESULTS OF THE 72ND MINING LICENSING COMMITTEE (MLC) MEETING HELD FROM 17TH TO 22 MAY 2023","https://www.mmmd.gov.zm/?p=2559"
"Bimbe Mines Limited","organization","Southern","Monze","34684-HQ-LEL","Approved","critical_battery","1","3847","Manganese/Lead/Uranium","RESULTS OF THE 76TH MINING LICENSING COMMITTEE (MLC) MEETING HELD ON 17TH AND 20TH NOVEMBER 2023","https://www.mmmd.gov.zm/?p=2640"
"Bin Ajilu Enterprises Limited","organization","Central | Lusaka","Mkushi | Serenje | Mumbwa | Chongwe","37193-HQ-SEL | 37239-HQ-LEL | 37210-HQ-SEL | 38488-HQ-SEL","Deferred | Rejected","gemstones","3","3141","Gold/Tourmaline/Nickel","RESULTS OF THE 78TH MINING LICENSING COMMITTEE (MLC) MEETING HELD ON 27TH FEBRUARY TO 1ST MARCH 2024","https://www.mmmd.gov.zm/?p=2785"
"Binjoh Investments Limited","organization","North Western | Eastern | Copperbelt","Solwezi | Chama | Mpongwe; North Western, Kasempa | Chipata, Lundazi","39128-HQ-LEL | 39668-HQ-LEL | 39409-HQ-SEL | 39870-HQ-LEL | 39513-HQ-SEL","Approved | DEFERRED | APPROVED","gemstones","4","75657","Copper/Manganese/Silver","RESULTS OF THE 84TH MINING LICENSING COMMITTEE (MLC) MEETING HELD ON 12TH DECEMBER, 2024","https://www.mmmd.gov.zm/?p=3780"
"Birtson Munene","person_or_unclassified","North Western","Solwezi","31214-HQ-AMR","","critical_battery","1","3","Iron Ore/Manganese/Gold","REMINDER ON RESULTS OF THE 70TH AND 71ST MINING LICENSING COMMITTEE (MLC) MEETINGS HELD IN FEBRUARY AND MARCH 2023","https://www.mmmd.gov.zm/?p=2555"
"Bitwell Nkuwa","person_or_unclassified","Northern","Mpika","33281-HQ-AMR","Approved","critical_battery","1","7","Nickel/Manganese/Zinc","RESULTS OF THE 85TH MINING LICENSING COMMITTEE (MLC) MEETING HELD ON 5TH MARCH, 2025","https://www.mmmd.gov.zm/?p=4013"
"Black Diamond Mining & Minerals Limited","organization","Central | Northern","Mkushi | Mpika","34689-HQ-SEL | 34764-HQ-SEL | 38592-HQ-SML | 36432-HQ-SEL","APPROVED | Approved","critical_battery","4","1998","Manganese/Copper/Gold","RESULTS OF THE 75TH MINING LICENSING COMMITTEE (MLC) MEETING HELD FROM 27TH TO 29TH SEPTEMBER 2023","https://www.mmmd.gov.zm/?p=2618"
"Black Dolphin Natural Resources Limited","organization","Copperbelt | Lusaka | Central | Southern","Luanshya | Kafue | Mumbwa | Kalomo, Sinazongwe","32159-HQ-SEL | 32086-HQ-LEL | 32051-HQ-LEL | 32041-HQ-LEL","Approved","critical_battery","4","53694","Iron Ore/Manganese/Copper","RESULTS OF THE 72ND MINING LICENSING COMMITTEE (MLC) MEETING HELD FROM 17TH TO 22 MAY 2023","https://www.mmmd.gov.zm/?p=2559"
"Black Horse Mining Limited","organization","Copperbelt | Northern","Kalulushi, Lufwanyama | Chinsali, Mpika | Chinsali","35570-HQ-LEL | 37091-HQ-LEL | 39459-HQ-MPL","Deferred | Approved","gemstones","2","146792","Gold/Copper/Selenium","RESULTS OF THE 78TH MINING LICENSING COMMITTEE (MLC) MEETING HELD ON 27TH FEBRUARY TO 1ST MARCH 2024","https://www.mmmd.gov.zm/?p=2785"
"Black Impala Resources Limited","organization","Eastern | North Western","Chadiza, Chipata | Solwezi","32246-HQ-LEL | 38735-HQ-LEL","Approved","gemstones","1","42313","Malachite/Limestone (General)/Lead","RESULTS OF THE 72ND MINING LICENSING COMMITTEE (MLC) MEETING HELD FROM 17TH TO 22 MAY 2023","https://www.mmmd.gov.zm/?p=2559"
"BLACK TIGER MINING LIMITED","organization","Eastern | North Western | Lusaka","Lundazi | Mufumbwe; Western, Kaoma | Nyimba; Lusaka, Chongwe, Luangwa | Luangwa | Chama | Chongwe","38329-HQ-LEL | 38333-HQ-LEL | 38355-HQ-LEL | 38356-HQ-LEL | 38357-HQ-LEL | 39013-HQ-LEL","Approved | Rejected","gemstones","3","66417","Gold/Nickel/Cobalt","RESULTS OF THE 82ND MINING LICENSING COMMITTEE (MLC) MEETING HELD ON 11TH SEPTEMBER, 2024","https://www.mmmd.gov.zm/?p=3378"
"Black Toned Mining Limited","organization","Lusaka","Chongwe","37254-HQ-SEL | 37255-HQ-SEL | 37278-HQ-SEL | 35380-HQ-SEL","Approved | Deferred","critical_battery","4","2704","Copper/Gold/Manganese","SUBJECT: RESULTS OF THE 79TH MINING LICENSING COMMITTEE (MLC) MEETING HELD ON 11TH TO 12TH APRIL 2024","https://www.mmmd.gov.zm/?p=2794"
"Blaze Metals Resources Limited","organization","Luapula","Mansa","36066-HQ-LEL","Approved","gemstones","1","17671","Rare EarthsElements/Manganese/Zinc","SUBJECT: RESULTS OF THE 79TH MINING LICENSING COMMITTEE (MLC) MEETING HELD ON 11TH TO 12TH APRIL 2024","https://www.mmmd.gov.zm/?p=2794"
"Blinkasset Enterprises Limited","organization","Central","Mumbwa","38973-HQ-SEL | 40415-HQ-LEL","Approved | Deferred","gemstones","1","555","Nickel/Manganese/Zinc","RESULTS OF THE 83RD MINING LICENSING COMMITTEE (MLC) MEETING HELD ON 30TH OCTOBER, 2024","https://www.mmmd.gov.zm/?p=3515"
"BLS Mining Limited","organization","Southern | Copperbelt | North Western","Kazungula | Mpongwe | Mufumbwe; Western, Kaoma","32733-HQ-SEL | 32773-HQ-SEL | 35049-HQ-LEL","Approved | Deferred","critical_battery","2","1649","Lead/Manganese/Zinc","RESULTS OF THE 72ND MINING LICENSING COMMITTEE (MLC) MEETING HELD FROM 17TH TO 22 MAY 2023","https://www.mmmd.gov.zm/?p=2559"
"Blue Copper Mining Limited","organization","Copperbelt | Central | Lusaka","Lufwanyama, Mpongwe | Mumbwa | Kafue","35860-HQ-LEL | 36669-HQ-SEL | 26910-HQ-LEL | 34484-HQ-LML","Rejected | Deferred | Cancelled | Approved","critical_battery","2","4034","Iron Ore/Manganese/Copper","RESULTS OF THE 76TH MINING LICENSING COMMITTEE (MLC) MEETING HELD ON 17TH AND 20TH NOVEMBER 2023","https://www.mmmd.gov.zm/?p=2640"
"Blue Desert Engineering Consultancy Limited","organization","Central","Mumbwa","35154-HQ-SEL","","critical_battery","1","658","Manganese/Quartz/Zinc","RESULTS OF THE 76TH MINING LICENSING COMMITTEE (MLC) MEETING HELD ON 17TH AND 20TH NOVEMBER 2023","https://www.mmmd.gov.zm/?p=2640"
"Blue Fox Metals Limited","organization","North Western | Southern | Eastern | Central","Mwinilunga | Mazabuka | Katete, Mambwe, Petauke | Mkushi","34412-HQ-LEL | 38866-HQ-LEL | 39512-HQ-LEL | 39762-HQ-LEL","APPROVED | Approved","gemstones","4","173966","Copper/Gold/Cobalt","RESULTS OF THE 75TH MINING LICENSING COMMITTEE (MLC) MEETING HELD FROM 27TH TO 29TH SEPTEMBER 2023","https://www.mmmd.gov.zm/?p=2618"
"Blue Ocean Minerals and Metals Limited","organization","Central | Luapula","Serenje | Mansa","22722-HQ-LEL | 28464-HQ-SEL | 36069-HQ-LEL | 37486-HQ-SML | 28264-HQ-LEL","Rejected | Cancelled | Approved | Deferred","gemstones","6","25666","Manganese/Quartz/Copper","REMINDER ON RESULTS OF THE 70TH AND 71ST MINING LICENSING COMMITTEE (MLC) MEETINGS HELD IN FEBRUARY AND MARCH 2023","https://www.mmmd.gov.zm/?p=2555"
"Blue Oceans Minerals & Metals Ltd","organization","","","21031-HQ-SML","Cancelled","critical_battery","1","346","Manganese","CANCELLATION OF NON-COMPLIANT MINING AND NON-MINING RIGHTS BY THE MINING LICENSING COMMITTEE (MLC)","https://www.mmmd.gov.zm/?p=2787"
"Bluerald Mining Zambia Limited","organization","Copperbelt","Lufwanyama","17891-HQ-SML","Approved","gemstones","1","213","Emerald","RESULTS OF THE 82ND MINING LICENSING COMMITTEE (MLC) MEETING HELD ON 11TH SEPTEMBER, 2024","https://www.mmmd.gov.zm/?p=3378"
"BNV Holdings Limited","organization","Luapula","Milenge","40036-HQ-SEL","APPROVED","critical_battery","1","871","Iron Ore/Manganese/Zinc","RESULTS OF THE 86TH MINING LICENSING COMMITTEE (MLC) MEETING HELD ON 27TH MARCH 2025","https://www.mmmd.gov.zm/?p=4061"
"Bomal Mining & Agriculture Enterprises Limited","organization","Southern","Kalomo","34035-HQ-SEL | 38288-HQ-SEL | 41791-HQ-SML | 41850-HQ-SML","Approved","gemstones","2","1369","Tin/Tourmaline/Tungsten","RESULTS OF THE 76TH MINING LICENSING COMMITTEE (MLC) MEETING HELD ON 17TH AND 20TH NOVEMBER 2023","https://www.mmmd.gov.zm/?p=2640"
"BOMAS Mining Cooperative Society","organization","Eastern","Lundazi","35959-HQ-AMR","APPROVED","gemstones","1","7","Silver/Tourmaline/Gold","RESULTS OF THE EXTRA ORDINARY MINING LICENSING COMMITTEE (MLC) MEETING HELD ON 27TH OCTOBER 2023","https://www.mmmd.gov.zm/?p=2626"
"BOMBA ULYA MINING COOPERATIVE SOCIETY LIMITED","organization","Luapula","Samfya","37148-HQ-AMR","Approved","gemstones","1","7","Quartz/Sugilite/Tourmaline","RESULTS OF THE 78TH MINING LICENSING COMMITTEE (MLC) MEETING HELD ON 27TH FEBRUARY TO 1ST MARCH 2024","https://www.mmmd.gov.zm/?p=2785"
"Boniface Mwale","person_or_unclassified","Copperbelt","Mpongwe","32578-HQ-AMR","Approved","gemstones","1","7","Manganese/Iron Ore/Silver","RESULTS OF THE 72ND MINING LICENSING COMMITTEE (MLC) MEETING HELD FROM 17TH TO 22 MAY 2023","https://www.mmmd.gov.zm/?p=2559"
"Bonita Logistics Limited","organization","North Western","Solwezi","30818-HQ-SEL","Approved | Cancelled","gold","1","67","Quartz/Silica/Silver","REMINDER ON RESULTS OF THE 70TH AND 71ST MINING LICENSING COMMITTEE (MLC) MEETINGS HELD IN FEBRUARY AND MARCH 2023","https://www.mmmd.gov.zm/?p=2555"
"BONSE MINING LIMITED","organization","Luapula","Mansa, Mwense","38291-HQ-LEL","Approved","critical_battery","1","36389","Quartz/Manganese/Zinc","RESULTS OF THE 82ND MINING LICENSING COMMITTEE (MLC) MEETING HELD ON 11TH SEPTEMBER, 2024","https://www.mmmd.gov.zm/?p=3378"
"Bonum Investments Limited","organization","Copperbelt","Lufwanyama","30832-HQ-SEL","Approved | Cancelled","gemstones","1","532","Emerald","REMINDER ON RESULTS OF THE 70TH AND 71ST MINING LICENSING COMMITTEE (MLC) MEETINGS HELD IN FEBRUARY AND MARCH 2023","https://www.mmmd.gov.zm/?p=2555"
"Bonway Investments Limited","organization","Central","Chibombo","34353-HQ-LEL","","critical_battery","1","2006","Nickel/Manganese/Uranium","RESULTS OF THE 75TH MINING LICENSING COMMITTEE (MLC) MEETING HELD FROM 27TH TO 29TH SEPTEMBER 2023","https://www.mmmd.gov.zm/?p=2618"
"Bountiful Blessing Investments Limited","organization","North Western","Kasempa | Kasempa, Mufumbwe","24600-HQ-LEL | 29867-HQ-LEL | 22660-HQ-LEL | 22661-HQ-LEL | 22683-HQ-LEL | 24478-HQ-LEL | 24240-HQ-SEL | 27099-HQ-LEL | 38840-HQ-LML | 38843-HQ-LML","Rejected | Approved | Cancelled","critical_battery","2","49058","Gold/Nickel/Copper","REMINDER ON RESULTS OF THE 70TH AND 71ST MINING LICENSING COMMITTEE (MLC) MEETINGS HELD IN FEBRUARY AND MARCH 2023","https://www.mmmd.gov.zm/?p=2555"
"Boyd  Mumena","person_or_unclassified","Luapula","Mansa","38623-HQ-AMR","Approved","critical_battery","1","7","Manganese/Lead/Zinc","RESULTS OF THE 82ND MINING LICENSING COMMITTEE (MLC) MEETING HELD ON 11TH SEPTEMBER, 2024","https://www.mmmd.gov.zm/?p=3378"
"BRAJOC MINERALS RESOURCES SUPPLY LIMITED","organization","North Western","Kasempa | Mwinilunga | Solwezi","38682-HQ-LEL | 38692-HQ-LEL | 39414-HQ-SEL | 41683-HQ-SEL","Approved","critical_battery","3","11809","Gold/Copper/Zinc","RESULTS OF THE 83RD MINING LICENSING COMMITTEE (MLC) MEETING HELD ON 30TH OCTOBER, 2024","https://www.mmmd.gov.zm/?p=3515"
"Brand Equity Limited","organization","","","26438-HQ-SEL | 26439-HQ-SEL","Cancelled","critical_battery","1","476","Manganese/Nickel/Gold","CANCELLATION OF NON-COMPLIANT MINING AND NON-MINING RIGHTS BY THE MINING LICENSING COMMITTEE (MLC)","https://www.mmmd.gov.zm/?p=2787"
"Bravo Mining Investment Limited","organization","Central","Mumbwa","30900-HQ-LML | 26793-HQ-LEL","Rejected | REJECTED","gemstones","1","24817","Gold/Tourmaline/Copper","REMINDER ON RESULTS OF THE 70TH AND 71ST MINING LICENSING COMMITTEE (MLC) MEETINGS HELD IN FEBRUARY AND MARCH 2023","https://www.mmmd.gov.zm/?p=2555"
"Brenda Kasongu","person_or_unclassified","","","34099-HQ-AMR","Approved","critical_battery","2","13","Manganese/Iron Ore","RESULTS OF THE 74TH MINING LICENSING COMMITTEE (MLC) MEETING HELD FROM 3RD TO 4TH AUGUST 2023","https://www.mmmd.gov.zm/?p=2598"
"BRENDA KUNDA","person_or_unclassified","North Western","Solwezi","18231-HQ-SML","","construction_materials","1","50","Stone","RESULTS OF THE 87TH MINING LICENSING COMMITTEE (MLC) MEETING HELD ON 7TH MAY, 2025","https://www.mmmd.gov.zm/?p=4069"
"Brian Chanda","person_or_unclassified","Northern | Central","Mpika | Serenje","34051-HQ-AMR | 34052-HQ-AMR | 34263-HQ-AMR","Approved","gemstones","3","20","Tourmaline/Gold/Ruby","RESULTS OF THE 74TH MINING LICENSING COMMITTEE (MLC) MEETING HELD FROM 3RD TO 4TH AUGUST 2023","https://www.mmmd.gov.zm/?p=2598"
"Brian Hamangaba Muungo","person_or_unclassified","","","29154-HQ-AMR","Cancelled","critical_battery","3","20","Manganese/Copper","CANCELLATION OF NON-COMPLIANT MINING AND NON-MINING RIGHTS BY THE MINING LICENSING COMMITTEE (MLC)","https://www.mmmd.gov.zm/?p=2787"
"Brian Kawisha","person_or_unclassified","North Western","Solwezi","37498-HQ-AMR | 39003-HQ-AMR","Approved","gemstones","2","13","Amethyst/Granite/Garnet","RESULTS OF THE 81ST MINING LICENSING COMMITTEE (MLC) MEETING HELD ON 31ST JULY, 2024","https://www.mmmd.gov.zm/?p=2923"
"Brian Mbula","person_or_unclassified","North Western","Kasempa","38452-HQ-AMR","Approved","gold","1","7","Gold/Copper/Cobalt","RESULTS OF THE 82ND MINING LICENSING COMMITTEE (MLC) MEETING HELD ON 11TH SEPTEMBER, 2024","https://www.mmmd.gov.zm/?p=3378"
"Brick Smart Zambia Investment Limited","organization","Northern","Kasama, Mungwi","41953-HQ-LEL","Deferred","gemstones","1","15457","Lead/Iron Ore/Manganese","RESULTS OF THE 91ST MINING LICENSING COMMITTEE (MLC) MEETING HELD ON 08TH OCTOBER, 2025","https://www.mmmd.gov.zm/?p=6170"
"Bridget Kasongu","person_or_unclassified","Southern","Kalomo","34097-HQ-AMR","Approved","critical_battery","2","13","Nickel","RESULTS OF THE 74TH MINING LICENSING COMMITTEE (MLC) MEETING HELD FROM 3RD TO 4TH AUGUST 2023","https://www.mmmd.gov.zm/?p=2598"
"Brigade Construction Limited","organization","Luapula","Mansa, Mwense | Mwense | Mansa","34470-HQ-LEL | 35777-HQ-LEL | 23042-HQ-SML | 37786-HQ-SML","Approved | Cancelled | Deferred","critical_battery","6","79768","Manganese/Gold/Silver","RESULTS OF THE 73RD MINING LICENSING COMMITTEE (MLC) MEETING HELD FROM 29TH TO 30TH JUNE 2023","https://www.mmmd.gov.zm/?p=2583"
"Bright Ngandwe","person_or_unclassified","Luapula","Mwense","31157-HQ-AMR","","critical_battery","1","7","Tantalum/Zinc/Quartz","REMINDER ON RESULTS OF THE 70TH AND 71ST MINING LICENSING COMMITTEE (MLC) MEETINGS HELD IN FEBRUARY AND MARCH 2023","https://www.mmmd.gov.zm/?p=2555"
"Bright Sky Mining Limited","organization","Central","Kapiri Mposhi","38561-HQ-SEL","Approved","gemstones","1","949","Manganese/Malachite/Limestone (General)","RESULTS OF THE 83RD MINING LICENSING COMMITTEE (MLC) MEETING HELD ON 30TH OCTOBER, 2024","https://www.mmmd.gov.zm/?p=3515"
"Brightone Bernard Mukanshi","person_or_unclassified","North Western","Kasempa","27836-HQ-AMR | 35257-HQ-AMR","Approved","gold","2","13","Silver/Zinc/Gold","REMINDER ON RESULTS OF THE 70TH AND 71ST MINING LICENSING COMMITTEE (MLC) MEETINGS HELD IN FEBRUARY AND MARCH 2023","https://www.mmmd.gov.zm/?p=2555"
"Brilliant Exploration and Mining Limited","organization","Copperbelt","Masaiti, Mpongwe","32456-HQ-LEL","Approved","gemstones","1","2677","Silica/Quartz/Manganese","RESULTS OF THE 76TH MINING LICENSING COMMITTEE (MLC) MEETING HELD ON 17TH AND 20TH NOVEMBER 2023","https://www.mmmd.gov.zm/?p=2640"
"Brimamwa Mining and Explorations Limited","organization","Eastern | Lusaka","Petauke | Chongwe","27291-HQ-SEL | 26996-HQ-SEL | 28895-HQ-SEL | 25162-HQ-SEL | 38479-HQ-SEL | 41139-HQ-SML | 42104-HQ-SML","Approved | Cancelled | Deferred | Rejected","critical_battery","3","1592","Gold/Lead/Manganese","REMINDER ON RESULTS OF THE 70TH AND 71ST MINING LICENSING COMMITTEE (MLC) MEETINGS HELD IN FEBRUARY AND MARCH 2023","https://www.mmmd.gov.zm/?p=2555"
"Brinewlam Mining Limited","organization","Luapula","Nchelenge","35093-HQ-SEL","Approved","gemstones","1","872","Manganese/Quartz/Iron Ore","RESULTS OF THE 78TH MINING LICENSING COMMITTEE (MLC) MEETING HELD ON 27TH FEBRUARY TO 1ST MARCH 2024","https://www.mmmd.gov.zm/?p=2785"
"Broadway Mining Cooperative Society Limited","organization","Central","Mumbwa","36746-HQ-AMR","Approved","gold","1","7","Gold/Copper","RESULTS OF THE 88TH MINING LICENSING COMMITTEE (MLC) MEETING HELD ON 30TH MAY, 2025","https://www.mmmd.gov.zm/?p=4111"
"Brockworth Exploration & Mining Limited","organization","Central","Mumbwa; Southern, Itezhi Tezhi, Mazabuka, Monze","29090-HQ-LEL | 27447-HQ-LEL","Cancelled | Deferred","industrial_minerals","1","10696","Anhydrite/Gypsum","CANCELLATION OF NON-COMPLIANT MINING AND NON-MINING RIGHTS BY THE MINING LICENSING COMMITTEE (MLC)","https://www.mmmd.gov.zm/?p=2787"
"Broken Hill Marketing Limited","organization","Central","Serenje | Mumbwa","29497-HQ-LEL | 33530-HQ-SEL | 24951-HQ-SEL | 28872-HQ-SEL","Cancelled","critical_battery","3","530","Copper/Manganese/Silver","RESULTS OF THE 74TH MINING LICENSING COMMITTEE (MLC) MEETING HELD FROM 3RD TO 4TH AUGUST 2023","https://www.mmmd.gov.zm/?p=2598"
"Broken Hill Merchants Limited","organization","Central","Kabwe","34770-HQ-LEL | 34295-HQ-SEL","Approved | Deferred | rejected","critical_battery","1","3055","Nickel/Silver/Zinc","RESULTS OF THE 73RD MINING LICENSING COMMITTEE (MLC) MEETING HELD FROM 29TH TO 30TH JUNE 2023","https://www.mmmd.gov.zm/?p=2583"
"Brooks Commodities Limited","organization","Luapula","Kawambwa, Mwense","32311-HQ-LEL","Approved","gold","1","34225","Iron Ore/Lead/Limestone (General)","RESULTS OF THE 72ND MINING LICENSING COMMITTEE (MLC) MEETING HELD FROM 17TH TO 22 MAY 2023","https://www.mmmd.gov.zm/?p=2559"
"Brown Kapila Kaseloki","person_or_unclassified","Northern","Chinsali","38577-HQ-AMR","Approved","gold","1","7","Gold","RESULTS OF THE 82ND MINING LICENSING COMMITTEE (MLC) MEETING HELD ON 11TH SEPTEMBER, 2024","https://www.mmmd.gov.zm/?p=3378"
"BRUDAS INVESTMENTS LIMITED","organization","Southern","Kalomo | Kalomo, Kazungula","39739-HQ-LEL | 39740-HQ-LEL","APPROVED","gemstones","2","57584","Quartz/Fluorine-Fluorite/Feldspar","RESULTS OF THE 85TH MINING LICENSING COMMITTEE (MLC) MEETING HELD ON 5TH MARCH, 2025","https://www.mmmd.gov.zm/?p=4013"
"Bruhati Mining and Minerals Limited","organization","Central","Serenje","30553-HQ-MPL","Deferred | Approved","critical_battery","1","50","Manganese","REMINDER ON RESULTS OF THE 70TH AND 71ST MINING LICENSING COMMITTEE (MLC) MEETINGS HELD IN FEBRUARY AND MARCH 2023","https://www.mmmd.gov.zm/?p=2555"
"Bruston Mwansa","person_or_unclassified","Southern","Siavonga","37560-HQ-AMR | 37563-HQ-AMR","Approved","gold","2","13","Gold/Iron Ore/Fluorine-Fluorite","SUBJECT: RESULTS OF THE 79TH MINING LICENSING COMMITTEE (MLC) MEETING HELD ON 11TH TO 12TH APRIL 2024","https://www.mmmd.gov.zm/?p=2794"
"Brxton Construction Limited","organization","Copperbelt | North Western","Chingola, Kalulushi, Lufwanyama | Kasempa | Lufwanyama; North Western, Solwezi | Mufumbwe | Solwezi","38113-HQ-LEL | 35498-HQ-LEL | 36389-HQ-LEL | 38088-HQ-SEL | 36388-HQ-LEL","Approved | Deferred | Rejected","critical_battery","2","77553","Nickel/Zinc/Gold","RESULTS OF THE 81ST MINING LICENSING COMMITTEE (MLC) MEETING HELD ON 31ST JULY, 2024","https://www.mmmd.gov.zm/?p=2923"
"Bubala Mining and Construction Limited","organization","Southern","Siavonga","30143-HQ-SEL | 29912-HQ-SEL | 28434-HQ-SEL | 40672-HQ-SML","Rejected | Cancelled | Deferred","base_metals","1","798","Anhydrite/Gypsum/Iron Ore","REMINDER ON RESULTS OF THE 70TH AND 71ST MINING LICENSING COMMITTEE (MLC) MEETINGS HELD IN FEBRUARY AND MARCH 2023","https://www.mmmd.gov.zm/?p=2555"
"Bubanji Resources Limited","organization","Central","Mumbwa","38072-HQ-MPL","Approved","gold","1","20","Gold","RESULTS OF THE 82ND MINING LICENSING COMMITTEE (MLC) MEETING HELD ON 11TH SEPTEMBER, 2024","https://www.mmmd.gov.zm/?p=3378"
"Buccha Minerals Quest Limited","organization","North Western | Southern | Central","Mwinilunga, Solwezi | Solwezi | Kabompo | Kalomo | Sinazongwe | Kapiri Mposhi","38763-HQ-LEL | 38762-HQ-LEL | 38761-HQ-LEL | 39223-HQ-LEL | 39170-HQ-SEL | 39363-HQ-SEL","approved | Approved | Rejected","gemstones","6","78831","Copper/Gold/Iron Ore","RESULTS OF THE 83RD MINING LICENSING COMMITTEE (MLC) MEETING HELD ON 30TH OCTOBER, 2024","https://www.mmmd.gov.zm/?p=3515"
"Buffalo Hill Investments Limited","organization","Copperbelt","Masaiti, Mpongwe","40057-HQ-LEL","APPROVED","critical_battery","1","29780","Silver/Manganese/Zinc","RESULTS OF THE 87TH MINING LICENSING COMMITTEE (MLC) MEETING HELD ON 7TH MAY, 2025","https://www.mmmd.gov.zm/?p=4069"
"Build Gene Mining and Construction Limited","organization","","","28886-HQ-SML","Cancelled","gemstones","1","144","Manganese/Tourmaline/Gold","CANCELLATION OF NON-COMPLIANT MINING AND NON-MINING RIGHTS BY THE MINING LICENSING COMMITTEE (MLC)","https://www.mmmd.gov.zm/?p=2787"
"BUILDCREST INVESTMENTS LIMITED","organization","North Western | Northern | Luapula | Eastern","Solwezi | Chinsali, Mpika | Mansa, Milenge | Nyimba","38755-HQ-LEL | 38765-HQ-LEL | 38768-HQ-LEL | 39051-HQ-LEL | 39369-HQ-LEL | 41687-HQ-LEL","Approved | APPROVED | Rejected","gemstones","4","89054","Gold/Manganese/Lead","RESULTS OF THE 84TH MINING LICENSING COMMITTEE (MLC) MEETING HELD ON 12TH DECEMBER, 2024","https://www.mmmd.gov.zm/?p=3780"
"Builders Mining Corporation Limited","organization","Southern","Kalomo, Sinazongwe | Kalomo","21863-HQ-LEL | 36283-HQ-SEL | 37833-HQ-LML | 37841-HQ-LML","Cancelled | Rejected | Approved","critical_battery","6","152195","Tin/Tantalum/Tungsten","CANCELLATION OF NON-COMPLIANT MINING AND NON-MINING RIGHTS BY THE MINING LICENSING COMMITTEE (MLC)","https://www.mmmd.gov.zm/?p=2787"
"Buildridge Construction Limited","organization","Northern | Eastern","Mpika | Chama; Northern, Chinsali","34189-HQ-LEL | 34190-HQ-LEL","Approved","gemstones","2","27172","Iron Ore/Silver/Copper","RESULTS OF THE 73RD MINING LICENSING COMMITTEE (MLC) MEETING HELD FROM 29TH TO 30TH JUNE 2023","https://www.mmmd.gov.zm/?p=2583"
"Bulongo Mining Zambia Limited","organization","Northern | Southern","Isoka | Kalomo","40082-HQ-LEL | 40081-HQ-SEL","APPROVED | Approved","gemstones","1","532","Titanium/Tourmaline/Tungsten","RESULTS OF THE 87TH MINING LICENSING COMMITTEE (MLC) MEETING HELD ON 7TH MAY, 2025","https://www.mmmd.gov.zm/?p=4069"
"Bumpekete Mining & Exploration Limited","organization","","","28871-HQ-SML","Cancelled","critical_battery","2","1286","Iron Ore/Manganese/Zinc","CANCELLATION OF NON-COMPLIANT MINING AND NON-MINING RIGHTS BY THE MINING LICENSING COMMITTEE (MLC)","https://www.mmmd.gov.zm/?p=2787"
"Buneme Multi-Purpose Cooperative Society Limited","organization","North Western","Kasempa","36187-HQ-AMR | 36186-HQ-AMR","APPROVED","gold","1","7","Iron Ore/Lead/Silver","RESULTS OF THE EXTRA ORDINARY MINING LICENSING COMMITTEE (MLC) MEETING HELD ON 27TH OCTOBER 2023","https://www.mmmd.gov.zm/?p=2626"
"BUNTINGWA RESOURCES LIMITED","organization","Copperbelt","Kitwe","38008-HQ-MPL","Approved","base_metals","1","70","Copper/Cobalt","RESULTS OF THE 82ND MINING LICENSING COMMITTEE (MLC) MEETING HELD ON 11TH SEPTEMBER, 2024","https://www.mmmd.gov.zm/?p=3378"
"Bupe  Nambeye","person_or_unclassified","Luapula","Samfya","36584-HQ-AMR","Approved","critical_battery","1","7","Manganese/Gold/Copper","RESULTS OF THE 81ST MINING LICENSING COMMITTEE (MLC) MEETING HELD ON 31ST JULY, 2024","https://www.mmmd.gov.zm/?p=2923"
"Bupe Bwalya","person_or_unclassified","Central","Mumbwa","33095-HQ-AMR","Approved","critical_battery","1","7","Manganese/Zinc/Gold","RESULTS OF THE 73RD MINING LICENSING COMMITTEE (MLC) MEETING HELD FROM 29TH TO 30TH JUNE 2023","https://www.mmmd.gov.zm/?p=2583"
"Bupe Transit Home Foundation Limited","organization","Luapula","Mansa","25623-HQ-SML","Deferred | APPROVED","critical_battery","1","322","Sugilite/Manganese/Zinc","RESULTS OF THE 72ND MINING LICENSING COMMITTEE (MLC) MEETING HELD FROM 17TH TO 22 MAY 2023","https://www.mmmd.gov.zm/?p=2559"
"BURJ FUND RESOURCES LIMITED","organization","North Western | Lusaka | Central","Mwinilunga | Chongwe, Kafue | Chibombo; Lusaka, Kafue | Mkushi; Eastern, Nyimba | Solwezi","39187-HQ-LEL | 39765-HQ-LEL | 39768-HQ-LEL | 39863-HQ-LEL | 39914-HQ-LEL","Approved | APPROVED | DEFERRED","critical_battery","5","99849","Copper/Gold/Nickel","RESULTS OF THE 84TH MINING LICENSING COMMITTEE (MLC) MEETING HELD ON 12TH DECEMBER, 2024","https://www.mmmd.gov.zm/?p=3780"
"Busanya Mining Limited","organization","Eastern | Central","Chama; Northern, Isoka | Kapiri Mposhi","38386-HQ-SEL | 38873-HQ-SEL","Approved","gemstones","2","309","Manganese/Copper/Cobalt","RESULTS OF THE 82ND MINING LICENSING COMMITTEE (MLC) MEETING HELD ON 11TH SEPTEMBER, 2024","https://www.mmmd.gov.zm/?p=3378"
"Butala Capital Company Limited","organization","Eastern | North Western","Nyimba | Kasempa","32441-HQ-LEL | 35487-HQ-SML","Approved","critical_battery","3","81895","Zinc/Lead/Copper","RESULTS OF THE 72ND MINING LICENSING COMMITTEE (MLC) MEETING HELD FROM 17TH TO 22 MAY 2023","https://www.mmmd.gov.zm/?p=2559"
"Butemwe Farming Services Limited","organization","","","29380-HQ-SEL","Cancelled","gold","1","367","Molding/Sand/Silver","CANCELLATION OF NON-COMPLIANT MINING AND NON-MINING RIGHTS BY THE MINING LICENSING COMMITTEE (MLC)","https://www.mmmd.gov.zm/?p=2787"
"Butemwe Mulutula Investments Limited","organization","","","35865-HQ-SEL","Approved","gemstones","1","303","Manganese/Lithium/Granite","SUBJECT: RESULTS OF THE 79TH MINING LICENSING COMMITTEE (MLC) MEETING HELD ON 11TH TO 12TH APRIL 2024","https://www.mmmd.gov.zm/?p=2794"
"BUterla Investment Holdings Limited","organization","Lusaka","Kafue","38975-HQ-SEL","Approved","gold","1","942","Limestone (General)/High Calcium Limestone/Talc-Soapstone","RESULTS OF THE 84TH MINING LICENSING COMMITTEE (MLC) MEETING HELD ON 12TH DECEMBER, 2024","https://www.mmmd.gov.zm/?p=3780"
"BUTTERFLY COPPER MINING LIMITED","organization","Eastern | Luapula | Central","Mambwe, Petauke; Northern, Mpika | Mansa, Milenge | Chipata, Katete | Mumbwa; North Western, Kasempa, Mufumbwe | Mkushi","38369-HQ-LEL | 38501-HQ-LEL | 38435-HQ-LEL | 38407-HQ-LEL | 38422-HQ-SEL","Approved","gemstones","5","146617","Copper/Gold/Emerald","RESULTS OF THE 82ND MINING LICENSING COMMITTEE (MLC) MEETING HELD ON 11TH SEPTEMBER, 2024","https://www.mmmd.gov.zm/?p=3378"
"Buyaco Intergrated Limited","organization","","","29826-HQ-LEL | 29077-HQ-SEL","Cancelled","base_metals","1","93","Zinc/Iron Ore/Copper","CANCELLATION OF NON-COMPLIANT MINING AND NON-MINING RIGHTS BY THE MINING LICENSING COMMITTEE (MLC)","https://www.mmmd.gov.zm/?p=2787"
"Bwali Mutale","person_or_unclassified","Central","Chibombo","36043-HQ-AMR","Approved","gemstones","1","7","Manganese/Gold/Tourmaline","RESULTS OF THE 77TH MINING LICENSING COMMITTEE (MLC) MEETING HELD ON 11TH TO 12TH JANUARY 2024","https://www.mmmd.gov.zm/?p=2675"
"Bwalya Lawrence","person_or_unclassified","Central","Serenje | Kabwe","37522-HQ-AMR | 37593-HQ-AMR","Approved","gemstones","2","13","Mica/Silica/Aquamarine","RESULTS OF THE 80TH MINING LICENSING COMMITTEE (MLC) MEETING HELD ON 6TH TO 7TH AND 10TH JUNE 2024","https://www.mmmd.gov.zm/?p=2849"
"Bwalya Siame","person_or_unclassified","Luapula","Mansa","34026-HQ-AMR","Approved","gemstones","1","7","Rare EarthsElements/Manganese/Zinc","RESULTS OF THE 75TH MINING LICENSING COMMITTEE (MLC) MEETING HELD FROM 27TH TO 29TH SEPTEMBER 2023","https://www.mmmd.gov.zm/?p=2618"
"Bwamu Mining Company Limited","organization","","","16926-HQ-SML","Cancelled","gemstones","2","429","Tin/Silver/Aquamarine","CANCELLATION OF NON-COMPLIANT MINING AND NON-MINING RIGHTS BY THE MINING LICENSING COMMITTEE (MLC)","https://www.mmmd.gov.zm/?p=2787"
"Bwana Mdogo Exploration and Mining Company Limited","organization","Northern | Luapula","Luwingu | Mansa | Mansa; Northern, Luwingu","34236-HQ-LEL | 35505-HQ-SEL | 34237-HQ-SEL | 35504-HQ-SEL | 35565-HQ-SEL | 35506-HQ-SEL | 38823-HQ-SML | 38824-HQ-SML | 38859-HQ-SML","Approved | Rejected | Deferred","critical_battery","4","4259","Nickel/Tantalum/Zinc","RESULTS OF THE 74TH MINING LICENSING COMMITTEE (MLC) MEETING HELD FROM 3RD TO 4TH AUGUST 2023","https://www.mmmd.gov.zm/?p=2598"
"Bwesu Ubunonshi Multi-Purpose Cooperative Society Limited","organization","Luapula","Mansa","33306-HQ-AMR","Approved","critical_battery","1","7","Tantalum/Tin/Rare EarthsElements","RESULTS OF THE 82ND MINING LICENSING COMMITTEE (MLC) MEETING HELD ON 11TH SEPTEMBER, 2024","https://www.mmmd.gov.zm/?p=3378"
"Bwesu Ubunoshi Multipurpose Cooperative Society","organization","Luapula","Mansa","33305-HQ-AMR | 32895-HQ-AMR","APPROVED | Approved","critical_battery","2","13","Rare EarthsElements/Tantalum/Copper","RESULTS OF THE 75TH MINING LICENSING COMMITTEE (MLC) MEETING HELD FROM 27TH TO 29TH SEPTEMBER 2023","https://www.mmmd.gov.zm/?p=2618"
"Bwigem Mining Limited","organization","","","23486-HQ-SML","Cancelled","gemstones","1","390","Mica/Silica/Emerald","CANCELLATION OF NON-COMPLIANT MINING AND NON-MINING RIGHTS BY THE MINING LICENSING COMMITTEE (MLC)","https://www.mmmd.gov.zm/?p=2787"
"Bwino Mining Limited","organization","North Western","Kasempa","38083-HQ-SEL","Approved","gemstones","1","120","Lead/Iron Ore/Zinc","RESULTS OF THE 82ND MINING LICENSING COMMITTEE (MLC) MEETING HELD ON 11TH SEPTEMBER, 2024","https://www.mmmd.gov.zm/?p=3378"
"Cabral Mining Minerals Limited","organization","Central","Mkushi; Lusaka, Chongwe","26169-HQ-LEL | 38853-HQ-LML","Cancelled | DEFERRED","critical_battery","1","8712","Manganese/Silver/Zinc","CANCELLATION OF NON-COMPLIANT MINING AND NON-MINING RIGHTS BY THE MINING LICENSING COMMITTEE (MLC)","https://www.mmmd.gov.zm/?p=2787"
"Caingu Gem Mines Lapidary Limited","organization","Southern","Itezhi Tezhi","35653-HQ-SEL","Approved","gemstones","1","195","Rare EarthsElements/Tantalum/Tin","RESULTS OF THE 88TH MINING LICENSING COMMITTEE (MLC) MEETING HELD ON 30TH MAY, 2025","https://www.mmmd.gov.zm/?p=4111"
"Caleb Noel Phiri","person_or_unclassified","Southern","Siavonga","35137-HQ-AMR","Approved","industrial_minerals","1","7","Gypsum/Anhydrite/Feldspar","RESULTS OF THE 81ST MINING LICENSING COMMITTEE (MLC) MEETING HELD ON 31ST JULY, 2024","https://www.mmmd.gov.zm/?p=2923"
"Cales Investment Limited","organization","North Western","Solwezi","35142-HQ-SEL","Approved","critical_battery","1","959","Silver/Nickel/Zinc","RESULTS OF THE 78TH MINING LICENSING COMMITTEE (MLC) MEETING HELD ON 27TH FEBRUARY TO 1ST MARCH 2024","https://www.mmmd.gov.zm/?p=2785"
"Calobogn Limited","organization","Lusaka | Copperbelt | North Western","Chongwe | Lufwanyama | Kasempa, Mufumbwe","39411-HQ-SEL | 39379-HQ-SEL | 39222-HQ-LEL | 39326-HQ-LEL","APPROVED | Approved","gemstones","4","27519","Gold/Iron Ore/Zinc","RESULTS OF THE 85TH MINING LICENSING COMMITTEE (MLC) MEETING HELD ON 5TH MARCH, 2025","https://www.mmmd.gov.zm/?p=4013"
"CAMCO EQUIPMENT (ZAMBIA) LIMITED","organization","Southern | Central","Mazabuka, Monze | Choma, Kalomo | Serenje","36449-HQ-LEL | 36488-HQ-LEL | 36487-HQ-LEL","Approved | Deferred","critical_battery","2","74514","Manganese/Rare EarthsElements/Zinc","RESULTS OF THE 77TH MINING LICENSING COMMITTEE (MLC) MEETING HELD ON 11TH TO 12TH JANUARY 2024","https://www.mmmd.gov.zm/?p=2675"
"CAMCO MINING ZAMBIA LIMITED","organization","Central | Eastern | Northern | Southern","Mumbwa; North Western, Kasempa | Chama; Northern, Mpika | Chilubi, Kasama, Luwingu, Mpika | Itezhi Tezhi, Kalomo, Kazungula | Kalomo","35906-HQ-LEL | 35830-HQ-LEL | 35905-HQ-LEL | 35923-HQ-LEL | 41431-HQ-SEL","Approved | Deferred","critical_battery","2","132656","Manganese/Rare EarthsElements/Zinc","RESULTS OF THE 77TH MINING LICENSING COMMITTEE (MLC) MEETING HELD ON 11TH TO 12TH JANUARY 2024","https://www.mmmd.gov.zm/?p=2675"
"Camland Construction Limited","organization","Northern","Kasama, Luwingu, Mporokoso","36998-HQ-LEL","Approved","gold","1","81662","Gold/Zinc/Cobalt","SUBJECT: RESULTS OF THE 79TH MINING LICENSING COMMITTEE (MLC) MEETING HELD ON 11TH TO 12TH APRIL 2024","https://www.mmmd.gov.zm/?p=2794"
"Capstone Management Company Limited","organization","Central | Lusaka","Chibombo; Lusaka, Kafue | Kafue | Serenje","25924-HQ-LEL | 25878-HQ-LEL | 25914-HQ-LEL | 25915-HQ-SEL | 25939-HQ-SEL | 38984-HQ-LEL | 39299-HQ-SEL | 39557-HQ-LEL","Cancelled | Deferred | Approved","gemstones","5","19356","Gold/Copper/Cobalt","CANCELLATION OF NON-COMPLIANT MINING AND NON-MINING RIGHTS BY THE MINING LICENSING COMMITTEE (MLC)","https://www.mmmd.gov.zm/?p=2787"
"Careys Health Services Limited","organization","Central","Mkushi","31026-HQ-LEL","Deferred | Approved","critical_battery","1","7920","Manganese/Silica/Copper","RESULTS OF THE 72ND MINING LICENSING COMMITTEE (MLC) MEETING HELD FROM 17TH TO 22 MAY 2023","https://www.mmmd.gov.zm/?p=2559"
"Carly Prints International Limited","organization","Southern | Eastern | North Western","Kazungula | Petauke | Nyimba | Solwezi","26694-HQ-LEL | 26645-HQ-SEL | 36042-HQ-LEL | 39732-HQ-LEL | 40536-HQ-SEL | 40658-HQ-SEL","Cancelled | Rejected | Approved | Deferred","critical_battery","1","1801","Manganese/Nickel/Rare EarthsElements","CANCELLATION OF NON-COMPLIANT MINING AND NON-MINING RIGHTS BY THE MINING LICENSING COMMITTEE (MLC)","https://www.mmmd.gov.zm/?p=2787"
"Caro Sumbwanyambe Nyambe","person_or_unclassified","Northern","Chinsali","32469-HQ-AMR","Approved","gemstones","1","7","Quartz/Gold/Garnet","RESULTS OF THE 72ND MINING LICENSING COMMITTEE (MLC) MEETING HELD FROM 17TH TO 22 MAY 2023","https://www.mmmd.gov.zm/?p=2559"
"carol  mwewa","person_or_unclassified","Central","Chibombo","37832-HQ-AMR","","gold","1","7","Quartz/Gold","RESULTS OF THE 80TH MINING LICENSING COMMITTEE (MLC) MEETING HELD ON 6TH TO 7TH AND 10TH JUNE 2024","https://www.mmmd.gov.zm/?p=2849"
"Carol Mulimbika","person_or_unclassified","Northern","Luwingu","35291-HQ-AMR","Approved","gemstones","1","7","Manganese/Gold/Silver","SUBJECT: RESULTS OF THE 79TH MINING LICENSING COMMITTEE (MLC) MEETING HELD ON 11TH TO 12TH APRIL 2024","https://www.mmmd.gov.zm/?p=2794"
"caroline mwape","person_or_unclassified","Eastern","Petauke","37219-HQ-AMR","","critical_battery","1","7","Nickel/Manganese/Zinc","RESULTS OF THE 80TH MINING LICENSING COMMITTEE (MLC) MEETING HELD ON 6TH TO 7TH AND 10TH JUNE 2024","https://www.mmmd.gov.zm/?p=2849"
"Casa Grande Construction Limited","organization","Copperbelt","Luanshya | Luanshya, Lufwanyama, Masaiti","25880-HQ-SEL | 38284-HQ-SML | 39747-HQ-SEL | 40397-HQ-SEL | 40405-HQ-SEL","Cancelled | Deferred | Approved","gemstones","3","658","Iron Ore/Zinc/Copper","CANCELLATION OF NON-COMPLIANT MINING AND NON-MINING RIGHTS BY THE MINING LICENSING COMMITTEE (MLC)","https://www.mmmd.gov.zm/?p=2787"
"Casius Mwiinga","person_or_unclassified","Central","Serenje","34031-HQ-AMR","Approved","critical_battery","1","7","Manganese","RESULTS OF THE 73RD MINING LICENSING COMMITTEE (MLC) MEETING HELD FROM 29TH TO 30TH JUNE 2023","https://www.mmmd.gov.zm/?p=2583"
"Cassius Mwape Kaimano","person_or_unclassified","Central","Serenje","29724-HQ-AMR","Approved","gemstones","1","7","Manganese/Quartz/Tourmaline","RESULTS OF THE 81ST MINING LICENSING COMMITTEE (MLC) MEETING HELD ON 31ST JULY, 2024","https://www.mmmd.gov.zm/?p=2923"
"Catherine Mwango Ng'ambi","person_or_unclassified","Northern","Isoka","40333-HQ-AMR","Approved","gemstones","1","7","Anhydrite/Gypsum/Graphite","RESULTS OF THE 87TH MINING LICENSING COMMITTEE (MLC) MEETING HELD ON 7TH MAY, 2025","https://www.mmmd.gov.zm/?p=4069"
"CBK Holding and Mineral Resources Limited","organization","Lusaka | Southern | Eastern | Copperbelt | Central","Chongwe | Mazabuka, Siavonga | Chama | Ndola | Serenje","37344-HQ-MPL | 37378-HQ-SEL | 38364-HQ-LEL | 37597-HQ-SEL | 40695-HQ-SEL | 41732-HQ-LEL","Deferred | Approved","gemstones","1","16398","Manganese/Mica/Limestone (General)","RESULTS OF THE 78TH MINING LICENSING COMMITTEE (MLC) MEETING HELD ON 27TH FEBRUARY TO 1ST MARCH 2024","https://www.mmmd.gov.zm/?p=2785"
"CBR Worldwide Link Limited","organization","Southern | Central","Kalomo | Mumbwa","33559-HQ-LEL | 33585-HQ-LEL","","gemstones","2","30416","Iron Ore/Lithium/Nickel","RESULTS OF THE 74TH MINING LICENSING COMMITTEE (MLC) MEETING HELD FROM 3RD TO 4TH AUGUST 2023","https://www.mmmd.gov.zm/?p=2598"
"Ceasar Moonga","person_or_unclassified","Central | Eastern | Luapula","Mumbwa | Chama | Mansa","39856-HQ-AMR | 39857-HQ-AMR | 41968-HQ-AMR | 42171-HQ-AMR","Approved | APPROVED","gold","2","13","Gold/Copper/Malachite","RESULTS OF THE 85TH MINING LICENSING COMMITTEE (MLC) MEETING HELD ON 5TH MARCH, 2025","https://www.mmmd.gov.zm/?p=4013"
"Cedar Rock Gold Limited","organization","North Western","Mwinilunga","26902-HQ-SEL | 37728-HQ-SML","Cancelled | Approved","critical_battery","1","295","Manganese/Nickel/Copper","CANCELLATION OF NON-COMPLIANT MINING AND NON-MINING RIGHTS BY THE MINING LICENSING COMMITTEE (MLC)","https://www.mmmd.gov.zm/?p=2787"
"CENTICUS ENERGY LIMITED","organization","North Western","Solwezi","38508-HQ-LEL","Approved","gemstones","1","17903","Nickel/Manganese/Quartz","RESULTS OF THE 82ND MINING LICENSING COMMITTEE (MLC) MEETING HELD ON 11TH SEPTEMBER, 2024","https://www.mmmd.gov.zm/?p=3378"
"Central Africa Renewable Energy Corporation Limited","organization","North Western","Mwinilunga, Solwezi","31190-HQ-LEL | 27037-HQ-LEL","Cancelled","critical_battery","1","34181","Nickel/Uranium/Zinc","REMINDER ON RESULTS OF THE 70TH AND 71ST MINING LICENSING COMMITTEE (MLC) MEETINGS HELD IN FEBRUARY AND MARCH 2023","https://www.mmmd.gov.zm/?p=2555"
"Central Mining Local Multi-Purpose Co-operative Society Limited","organization","Central","Chibombo","35698-HQ-AMR | 35699-HQ-AMR","APPROVED","critical_battery","2","13","Nickel/Silver/Zinc","RESULTS OF THE EXTRA ORDINARY MINING LICENSING COMMITTEE (MLC) MEETING HELD ON 27TH OCTOBER 2023","https://www.mmmd.gov.zm/?p=2626"
"Central Province Agricultural Growth Scheme Of Zambia Limited","organization","North Western","Solwezi","27543-HQ-MPL","Approved","base_metals","1","50","Copper/Cobalt","REMINDER ON RESULTS OF THE 70TH AND 71ST MINING LICENSING COMMITTEE (MLC) MEETINGS HELD IN FEBRUARY AND MARCH 2023","https://www.mmmd.gov.zm/?p=2555"
"Central Province Co-operative Union Limited","organization","Central","Mkushi","33391-HQ-AMR","APPROVED","critical_battery","1","7","Manganese/Lead/Zinc","RESULTS OF THE EXTRA ORDINARY MINING LICENSING COMMITTEE (MLC) MEETING HELD ON 27TH OCTOBER 2023","https://www.mmmd.gov.zm/?p=2626"
"Central Youth Muilt Purpose Cooperative Society Limited","organization","Central","Kabwe","32349-HQ-AMR","Approved","critical_battery","1","7","Zinc/Manganese/Lead","RESULTS OF THE 73RD MINING LICENSING COMMITTEE (MLC) MEETING HELD FROM 29TH TO 30TH JUNE 2023","https://www.mmmd.gov.zm/?p=2583"
"Centralpit Learn Multi-purpose Co-operative Society Limited","organization","Eastern | Central | Northern","Chadiza | Mkushi | Chinsali","37041-HQ-AMR | 37042-HQ-AMR","Approved","critical_battery","1","7","Silica/Graphite","RESULTS OF THE 77TH MINING LICENSING COMMITTEE (MLC) MEETING HELD ON 11TH TO 12TH JANUARY 2024","https://www.mmmd.gov.zm/?p=2675"
"Century Minerals And Metals Mining Limited","organization","Central","Mkushi","37303-HQ-LEL","Approved","critical_battery","1","32666","Nickel/Manganese/Limestone (General)","RESULTS OF THE 82ND MINING LICENSING COMMITTEE (MLC) MEETING HELD ON 11TH SEPTEMBER, 2024","https://www.mmmd.gov.zm/?p=3378"
"Cephas Sichande","person_or_unclassified","Luapula","Kawambwa | Milenge","33072-HQ-AMR | 33059-HQ-AMR | 37933-HQ-AMR | 37934-HQ-AMR","Approved","gemstones","4","27","Manganese/Copper/Gold","RESULTS OF THE 73RD MINING LICENSING COMMITTEE (MLC) MEETING HELD FROM 29TH TO 30TH JUNE 2023","https://www.mmmd.gov.zm/?p=2583"
"CHABOOTA INNOVATIONS LIMITED","organization","Northern","Mpika","40276-HQ-MPL","Approved","gold","1","30","Gold/Copper","RESULTS OF THE 87TH MINING LICENSING COMMITTEE (MLC) MEETING HELD ON 7TH MAY, 2025","https://www.mmmd.gov.zm/?p=4069"
"Chabota Ngandu","person_or_unclassified","Southern","Mazabuka","39842-HQ-AMR","Approved","gemstones","1","7","Fluorine-Fluorite/Quartz/Calcium","RESULTS OF THE 85TH MINING LICENSING COMMITTEE (MLC) MEETING HELD ON 5TH MARCH, 2025","https://www.mmmd.gov.zm/?p=4013"
"CHADIZA MINERAL RESOURCES LIMITED","organization","Northern | Eastern","Kasama | Mungwi | Chadiza, Katete","37675-HQ-LEL | 37692-HQ-LEL | 37696-HQ-LEL","Approved | Deferred | Rejected","critical_battery","4","50079","Gold/Copper/Cobalt","RESULTS OF THE 80TH MINING LICENSING COMMITTEE (MLC) MEETING HELD ON 6TH TO 7TH AND 10TH JUNE 2024","https://www.mmmd.gov.zm/?p=2849"
"Chairman Pule Ndhlovu","person_or_unclassified","Eastern | Northern","Chama | Chinsali","33651-HQ-AMR | 33649-HQ-AMR","Deferred | APPROVED | Rejected | Approved","gemstones","1","7","Kaolin/Lithium/Gypsum","RESULTS OF THE 75TH MINING LICENSING COMMITTEE (MLC) MEETING HELD FROM 27TH TO 29TH SEPTEMBER 2023","https://www.mmmd.gov.zm/?p=2618"
"Chakam Mining Limited","organization","Copperbelt","Luanshya, Masaiti","31083-HQ-SEL","Approved","critical_battery","1","962","Platinum/Manganese/Silver","REMINDER ON RESULTS OF THE 70TH AND 71ST MINING LICENSING COMMITTEE (MLC) MEETINGS HELD IN FEBRUARY AND MARCH 2023","https://www.mmmd.gov.zm/?p=2555"
"Chaka's Mining and Suppliers Limited","organization","","","17744-HQ-SML","Cancelled","gemstones","1","91","Quartz/Aquamarine/Amethyst","CANCELLATION OF NON-COMPLIANT MINING AND NON-MINING RIGHTS BY THE MINING LICENSING COMMITTEE (MLC)","https://www.mmmd.gov.zm/?p=2787"
"CHAKRA MINES AND MINERALS LIMITED","organization","Eastern | North Western","Nyimba, Petauke | Mufumbwe","39710-HQ-SEL | 39839-HQ-SEL","DEFERRED | Approved | Deferred","critical_battery","1","819","Manganese/Zinc/Gold","RESULTS OF THE 86TH MINING LICENSING COMMITTEE (MLC) MEETING HELD ON 27TH MARCH 2025","https://www.mmmd.gov.zm/?p=4061"
"Chakumbila Mining Co-operative Society Limited","organization","Central","Mumbwa","37569-HQ-AMR | 37570-HQ-AMR","Approved","gold","1","7","Iron Ore/Gold/Copper","SUBJECT: RESULTS OF THE 79TH MINING LICENSING COMMITTEE (MLC) MEETING HELD ON 11TH TO 12TH APRIL 2024","https://www.mmmd.gov.zm/?p=2794"
"Chakuza Mining & Exploration Limited","organization","","","16208-HQ-SML","Cancelled","critical_battery","1","399","Manganese","CANCELLATION OF NON-COMPLIANT MINING AND NON-MINING RIGHTS BY THE MINING LICENSING COMMITTEE (MLC)","https://www.mmmd.gov.zm/?p=2787"
"CHAKWANGA MULTI PURPOSE COOPERATION SOCIETY LIMITED","organization","Lusaka","Chongwe","37573-HQ-AMR","Approved","critical_battery","1","7","Gold/Manganese/Cobalt","SUBJECT: RESULTS OF THE 79TH MINING LICENSING COMMITTEE (MLC) MEETING HELD ON 11TH TO 12TH APRIL 2024","https://www.mmmd.gov.zm/?p=2794"
"Chalemba Investments Limited","organization","Copperbelt | Eastern | Central","Kalulushi | Chama; Northern, Chinsali | Kitwe | Lundazi | Kabwe","33312-HQ-SEL | 33871-HQ-LEL | 33310-HQ-SEL | 33311-HQ-SEL | 33872-HQ-SEL","Deferred | APPROVED | Approved","gemstones","3","1219","Iron Ore/Lithium/Copper","RESULTS OF THE 72ND MINING LICENSING COMMITTEE (MLC) MEETING HELD FROM 17TH TO 22 MAY 2023","https://www.mmmd.gov.zm/?p=2559"
"CHALO MBANTHU YOUNG WOMEN MULTI-CO-OPERATIVE SOCIETY LIMITED","organization","Northern | Eastern | Southern","Isoka | Chama; Northern, Isoka | Choma","40200-HQ-AMR | 40206-HQ-AMR | 40208-HQ-AMR | 42187-HQ-AMR","Approved | APPROVED","gemstones","3","20","Gold/Quartz/Copper","RESULTS OF THE 87TH MINING LICENSING COMMITTEE (MLC) MEETING HELD ON 7TH MAY, 2025","https://www.mmmd.gov.zm/?p=4069"
"Chama Minerals Resources Limited","organization","Eastern","Chama","28647-HQ-SML | 24681-HQ-SEL | 19260-HQ-SML | 39994-HQ-SML","Deferred | Cancelled | Rejected | Approved","gemstones","2","1238","Titanium/Zinc/Tantalum","RESULTS OF THE 72ND MINING LICENSING COMMITTEE (MLC) MEETING HELD FROM 17TH TO 22 MAY 2023","https://www.mmmd.gov.zm/?p=2559"
"Chamat Suppliers and General Dealers Limited","organization","Central","Mumbwa","32440-HQ-SEL","Approved","critical_battery","1","834","Nickel/Silver/Zinc","RESULTS OF THE 72ND MINING LICENSING COMMITTEE (MLC) MEETING HELD FROM 17TH TO 22 MAY 2023","https://www.mmmd.gov.zm/?p=2559"
"Chambishi Milling Company Limited","organization","Central | Copperbelt","Kapiri Mposhi, Mkushi | Lufwanyama","28208-HQ-LEL | 29776-HQ-LEL | 28617-HQ-LEL | 28209-HQ-LEL","Deferred | Cancelled | Rejected","critical_battery","2","7193","Iron Ore/Manganese/Silver","REMINDER ON RESULTS OF THE 70TH AND 71ST MINING LICENSING COMMITTEE (MLC) MEETINGS HELD IN FEBRUARY AND MARCH 2023","https://www.mmmd.gov.zm/?p=2555"
"Chambre Mining Company Limited","organization","Central","Mumbwa","38805-HQ-LEL","Deferred","gemstones","1","4898","Nickel/Gold/Zinc","RESULTS OF THE 84TH MINING LICENSING COMMITTEE (MLC) MEETING HELD ON 12TH DECEMBER, 2024","https://www.mmmd.gov.zm/?p=3780"
"Chamin General Suppliers Limited","organization","Northern","Mpika | Kasama, Mporokoso","30830-HQ-SEL | 30915-HQ-SEL | 28570-HQ-SEL | 35789-HQ-SEL","Approved | Cancelled | Deferred | REJECTED","gemstones","3","1632","Quartz/Amethyst/Aquamarine","REMINDER ON RESULTS OF THE 70TH AND 71ST MINING LICENSING COMMITTEE (MLC) MEETINGS HELD IN FEBRUARY AND MARCH 2023","https://www.mmmd.gov.zm/?p=2555"
"Champalesa Nemwine Multi-Purpose Co-operative Limited","organization","Northern","Chinsali","37329-HQ-AMR","","gemstones","1","2","Gold/Mineral Sands/Amethyst","RESULTS OF THE 80TH MINING LICENSING COMMITTEE (MLC) MEETING HELD ON 6TH TO 7TH AND 10TH JUNE 2024","https://www.mmmd.gov.zm/?p=2849"
"Champion Minerals Limited","organization","","","23711-HQ-MPL","Cancelled","critical_battery","1","247","Manganese","CANCELLATION OF NON-COMPLIANT MINING AND NON-MINING RIGHTS BY THE MINING LICENSING COMMITTEE (MLC)","https://www.mmmd.gov.zm/?p=2787"
"Chamula Resources Limited","organization","Northern","Mporokoso","30443-HQ-LEL","Approved","gold","1","1747","Gold/Copper/Barium-Barite","RESULTS OF THE 73RD MINING LICENSING COMMITTEE (MLC) MEETING HELD FROM 29TH TO 30TH JUNE 2023","https://www.mmmd.gov.zm/?p=2583"
"Chanda Chisha","person_or_unclassified","Luapula","Mansa","34025-HQ-AMR","Deferred | Approved","gemstones","1","7","Rare EarthsElements/Manganese/Zinc","RESULTS OF THE 75TH MINING LICENSING COMMITTEE (MLC) MEETING HELD FROM 27TH TO 29TH SEPTEMBER 2023","https://www.mmmd.gov.zm/?p=2618"
"Changa Mining Limited","organization","Eastern | North Western","Mambwe, Petauke | Kabompo","30884-HQ-LEL | 36934-HQ-SEL | 36935-HQ-SEL","Approved | Rejected","critical_battery","1","36386","Iron Ore/Manganese/Gold","REMINDER ON RESULTS OF THE 70TH AND 71ST MINING LICENSING COMMITTEE (MLC) MEETINGS HELD IN FEBRUARY AND MARCH 2023","https://www.mmmd.gov.zm/?p=2555"
"Changa-Changa Exploration Limited","organization","Luapula","Kawambwa, Nchelenge","29490-HQ-LEL","Cancelled | Approved","critical_battery","1","6911","Lead/Manganese/Zinc","CANCELLATION OF NON-COMPLIANT MINING AND NON-MINING RIGHTS BY THE MINING LICENSING COMMITTEE (MLC)","https://www.mmmd.gov.zm/?p=2787"
"Changzhou Zambia Resources Company Limited","organization","","","22025-HQ-LML","Cancelled","industrial_minerals","1","43","Limestone (General)","CANCELLATION OF NON-COMPLIANT MINING AND NON-MINING RIGHTS BY THE MINING LICENSING COMMITTEE (MLC)","https://www.mmmd.gov.zm/?p=2787"
"Chao Chao Construction Limited","organization","Southern","Sinazongwe","30680-HQ-LEL","","gemstones","2","2098","Tin/Tantalum/Copper","RESULTS OF THE 74TH MINING LICENSING COMMITTEE (MLC) MEETING HELD FROM 3RD TO 4TH AUGUST 2023","https://www.mmmd.gov.zm/?p=2598"
"Chao Chikupi Mining Cooperative","organization","Eastern","Petauke","36128-HQ-AMR | 36129-HQ-AMR","Approved","gold","1","7","Gold/Copper/Cobalt","RESULTS OF THE 75TH MINING LICENSING COMMITTEE (MLC) MEETING HELD FROM 27TH TO 29TH SEPTEMBER 2023","https://www.mmmd.gov.zm/?p=2618"
"Chapemba Capitals Limited","organization","Copperbelt","Lufwanyama","40668-HQ-SML","Approved","gemstones","2","167","Emerald","RESULTS OF THE 88TH MINING LICENSING COMMITTEE (MLC) MEETING HELD ON 30TH MAY, 2025","https://www.mmmd.gov.zm/?p=4111"
"CHARFIN INVESTMENT LIMITED","organization","Copperbelt","Mpongwe; North Western, Solwezi","39708-HQ-LEL","Approved","gemstones","1","4730","Gold/Iron Ore/Silver","RESULTS OF THE 86TH MINING LICENSING COMMITTEE (MLC) MEETING HELD ON 27TH MARCH 2025","https://www.mmmd.gov.zm/?p=4061"
"Charity Mwape","person_or_unclassified","Luapula","Mansa | Kawambwa","32516-HQ-AMR | 33263-HQ-AMR","Approved","critical_battery","2","13","Zinc/Lead/Manganese","RESULTS OF THE 73RD MINING LICENSING COMMITTEE (MLC) MEETING HELD FROM 29TH TO 30TH JUNE 2023","https://www.mmmd.gov.zm/?p=2583"
"Charizma Enterprises Limited","organization","Lusaka","Kafue","19699-HQ-SML | 19115-HQ-SML","Cancelled | Approved","industrial_minerals","1","46","Limestone (General)/Dolomite","CANCELLATION OF NON-COMPLIANT MINING AND NON-MINING RIGHTS BY THE MINING LICENSING COMMITTEE (MLC)","https://www.mmmd.gov.zm/?p=2787"
"Charles  Mweebo","person_or_unclassified","Southern","Kalomo","37150-HQ-AMR","Approved","gemstones","1","7","Tantalum/Tin/Tourmaline","RESULTS OF THE 81ST MINING LICENSING COMMITTEE (MLC) MEETING HELD ON 31ST JULY, 2024","https://www.mmmd.gov.zm/?p=2923"
"Charles  Mwewa","person_or_unclassified","Luapula | Eastern","Mansa | Lundazi","30876-HQ-AMR | 30877-HQ-AMR | 34329-HQ-AMR | 27420-HQ-LEL","Approved | Cancelled","critical_battery","1","3","Manganese/Zinc/Iron Ore","REMINDER ON RESULTS OF THE 70TH AND 71ST MINING LICENSING COMMITTEE (MLC) MEETINGS HELD IN FEBRUARY AND MARCH 2023","https://www.mmmd.gov.zm/?p=2555"
"Charles Anderson","person_or_unclassified","Central","Serenje","33360-HQ-AMR","Approved","gemstones","1","7","Manganese/Quartz/Aquamarine","RESULTS OF THE 73RD MINING LICENSING COMMITTEE (MLC) MEETING HELD FROM 29TH TO 30TH JUNE 2023","https://www.mmmd.gov.zm/?p=2583"
"Charles Chibulongo","person_or_unclassified","Northern","Chinsali","39394-HQ-AMR | 40684-HQ-AMR","Approved","gold","2","13","Gold/Copper/Coal","RESULTS OF THE 84TH MINING LICENSING COMMITTEE (MLC) MEETING HELD ON 12TH DECEMBER, 2024","https://www.mmmd.gov.zm/?p=3780"
"Charles Mwewa","person_or_unclassified","Luapula | Eastern","Mansa | Lundazi","30876-HQ-AMR | 30877-HQ-AMR | 34329-HQ-AMR | 27420-HQ-LEL","Approved | Cancelled","gemstones","2","13","Iron Ore/Copper/Cobalt","REMINDER ON RESULTS OF THE 70TH AND 71ST MINING LICENSING COMMITTEE (MLC) MEETINGS HELD IN FEBRUARY AND MARCH 2023","https://www.mmmd.gov.zm/?p=2555"
"Charles Sichone","person_or_unclassified","Luapula","Mansa","36070-HQ-AMR","Approved","gemstones","1","7","Rare EarthsElements/Manganese/Zinc","RESULTS OF THE 78TH MINING LICENSING COMMITTEE (MLC) MEETING HELD ON 27TH FEBRUARY TO 1ST MARCH 2024","https://www.mmmd.gov.zm/?p=2785"
"Chatupa Lesa Mining Limited","organization","Lusaka","Kafue | Kafue; Southern, Mazabuka, Siavonga","39879-HQ-LML | 29273-HQ-LEL","Approved | Deferred","critical_battery","1","2034","Anhydrite/Iron Ore/Rare EarthsElements","RESULTS OF THE 85TH MINING LICENSING COMMITTEE (MLC) MEETING HELD ON 5TH MARCH, 2025","https://www.mmmd.gov.zm/?p=4013"
"Chau Ubuntu Multi- Purpose Co-operative Limited","organization","","","35648-HQ-AMR","Approved","gemstones","1","7","Iron Ore/Anhydrite/Gypsum","RESULTS OF THE 75TH MINING LICENSING COMMITTEE (MLC) MEETING HELD FROM 27TH TO 29TH SEPTEMBER 2023","https://www.mmmd.gov.zm/?p=2618"
"Chavuma Mineral Resources Limited","organization","Northern","Kasama, Mpika","35233-HQ-LEL","Approved","gemstones","1","1075","Anhydrite/Gypsum/Gold","RESULTS OF THE 82ND MINING LICENSING COMMITTEE (MLC) MEETING HELD ON 11TH SEPTEMBER, 2024","https://www.mmmd.gov.zm/?p=3378"
"Chavuma Mining Cooperative Limited","organization","","","7780-HQ-SML","Cancelled","gemstones","2","258","Emerald","CANCELLATION OF NON-COMPLIANT MINING AND NON-MINING RIGHTS BY THE MINING LICENSING COMMITTEE (MLC)","https://www.mmmd.gov.zm/?p=2787"
"Chazychilz Investments Limited","organization","North Western | Southern","Solwezi | Mazabuka","37555-HQ-SEL | 38027-HQ-SEL | 38816-HQ-SEL","Approved","gemstones","3","1043","Gold/Iron Ore/Copper","RESULTS OF THE 82ND MINING LICENSING COMMITTEE (MLC) MEETING HELD ON 11TH SEPTEMBER, 2024","https://www.mmmd.gov.zm/?p=3378"
"Cheban Mining Limited","organization","","","28775-HQ-SEL","Cancelled","gold","1","761","Palladium/Silver/Gold","CANCELLATION OF NON-COMPLIANT MINING AND NON-MINING RIGHTS BY THE MINING LICENSING COMMITTEE (MLC)","https://www.mmmd.gov.zm/?p=2787"
"Chelekapa Mult-Purpose Co-operative Society Limited","organization","Luapula","Mwense","37653-HQ-AMR | 37655-HQ-AMR | 37656-HQ-AMR | 37654-HQ-AMR","Approved | APPROVED","gemstones","4","19","Copper/Zinc/Tourmaline","RESULTS OF THE 81ST MINING LICENSING COMMITTEE (MLC) MEETING HELD ON 31ST JULY, 2024","https://www.mmmd.gov.zm/?p=2923"
"Chem Mining Limited","organization","Lusaka","Kafue | Kafue; Southern, Siavonga","30352-HQ-SEL | 31020-HQ-LEL","Approved","gold","2","12020","Gold/Copper/Anhydrite","REMINDER ON RESULTS OF THE 70TH AND 71ST MINING LICENSING COMMITTEE (MLC) MEETINGS HELD IN FEBRUARY AND MARCH 2023","https://www.mmmd.gov.zm/?p=2555"
"Chema Mining Limited","organization","Copperbelt","Lufwanyama","35693-HQ-SEL","Approved","gemstones","1","120","Emerald","RESULTS OF THE 78TH MINING LICENSING COMMITTEE (MLC) MEETING HELD ON 27TH FEBRUARY TO 1ST MARCH 2024","https://www.mmmd.gov.zm/?p=2785"
"Chengde Mining Limited","organization","Central","Kabwe","34486-HQ-MPL","APPROVED","critical_battery","1","13","Lead/Iron Ore/Manganese","RESULTS OF THE 75TH MINING LICENSING COMMITTEE (MLC) MEETING HELD FROM 27TH TO 29TH SEPTEMBER 2023","https://www.mmmd.gov.zm/?p=2618"
"Chenjelani Resources Limited","organization","Central | Luapula | Lusaka","Mkushi; Copperbelt, Masaiti | Kawambwa, Nchelenge; Northern, Kaputa, Mporokoso | Chongwe | Mkushi","34280-HQ-LEL | 34281-HQ-LEL | 35843-HQ-SEL | 35837-HQ-LEL","Approved","gemstones","4","91336","Manganese/Gold/Iron Ore","RESULTS OF THE 78TH MINING LICENSING COMMITTEE (MLC) MEETING HELD ON 27TH FEBRUARY TO 1ST MARCH 2024","https://www.mmmd.gov.zm/?p=2785"
"Chereb Investment Limited","organization","Central","Mumbwa; Southern, Itezhi Tezhi","35118-HQ-LEL","","gold","1","40583","Lead/Silver/Zinc","RESULTS OF THE 76TH MINING LICENSING COMMITTEE (MLC) MEETING HELD ON 17TH AND 20TH NOVEMBER 2023","https://www.mmmd.gov.zm/?p=2640"
"Cherery Mining Company Limited","organization","Central","Mkushi","35918-HQ-SEL","Approved","critical_battery","1","949","Manganese/Nickel/Iron Ore","RESULTS OF THE 77TH MINING LICENSING COMMITTEE (MLC) MEETING HELD ON 11TH TO 12TH JANUARY 2024","https://www.mmmd.gov.zm/?p=2675"
"Cherish Minerals Zambia Limited","organization","North Western | Copperbelt","Mufumbwe | SOlwezi | Ndola | Mufumbwe; Western, Kaoma","39257-HQ-LEL | 39258-HQ-LEL | 39259-HQ-LEL | 39662-HQ-LEL","Approved","gemstones","4","42246","Gold/Nickel/Silver","RESULTS OF THE 84TH MINING LICENSING COMMITTEE (MLC) MEETING HELD ON 12TH DECEMBER, 2024","https://www.mmmd.gov.zm/?p=3780"
"Chesu Mining Limited","organization","Luapula","Mansa","35073-HQ-SML | 28757-HQ-SEL","Cancelled | Deferred","gemstones","1","386","Manganese/Iron Ore/Silver","RESULTS OF THE 73RD MINING LICENSING COMMITTEE (MLC) MEETING HELD FROM 29TH TO 30TH JUNE 2023","https://www.mmmd.gov.zm/?p=2583"
"Chetu Multi-Purpose Co-Operative Society Limited","organization","Copperbelt","Chililabombwe","37521-HQ-AMR","","gemstones","1","7","Silver/Quartz/Nickel","RESULTS OF THE 80TH MINING LICENSING COMMITTEE (MLC) MEETING HELD ON 6TH TO 7TH AND 10TH JUNE 2024","https://www.mmmd.gov.zm/?p=2849"
"Chiba World Link Zambia Limited","organization","Northern","Chinsali","32070-HQ-SEL","Approved","gemstones","1","379","Granite/Graphite/Fluorine-Fluorite","RESULTS OF THE 76TH MINING LICENSING COMMITTEE (MLC) MEETING HELD ON 17TH AND 20TH NOVEMBER 2023","https://www.mmmd.gov.zm/?p=2640"
"Chibaris International (Zambia) Limited","organization","Southern | Eastern","Siavonga | Chama","32061-HQ-LEL | 35356-HQ-LEL","Approved","gemstones","2","52051","Quartz/Palladium/Niobium (Columbium)","RESULTS OF THE 76TH MINING LICENSING COMMITTEE (MLC) MEETING HELD ON 17TH AND 20TH NOVEMBER 2023","https://www.mmmd.gov.zm/?p=2640"
"Chibaris International(Zambia)Limited","organization","Southern | Eastern","Siavonga | Chama","32061-HQ-LEL | 35356-HQ-LEL","Approved","gemstones","1","1776","Rare EarthsElements/Niobium (Columbium)/Nickel","RESULTS OF THE 76TH MINING LICENSING COMMITTEE (MLC) MEETING HELD ON 17TH AND 20TH NOVEMBER 2023","https://www.mmmd.gov.zm/?p=2640"
"Chibechatu Multi-purpose Co-operative Society Limited","organization","Eastern","Chadiza","37036-HQ-AMR | 37037-HQ-AMR | 37043-HQ-AMR | 37044-HQ-AMR","Approved","gemstones","2","13","Nickel/Lithium/Zinc","RESULTS OF THE 77TH MINING LICENSING COMMITTEE (MLC) MEETING HELD ON 11TH TO 12TH JANUARY 2024","https://www.mmmd.gov.zm/?p=2675"
"Chibilika Mines Limited","organization","North Western","Kasempa","35513-HQ-SEL","Approved","gemstones","1","951","Magnesium (Brucit)/Iron Ore/Quartz","RESULTS OF THE 77TH MINING LICENSING COMMITTEE (MLC) MEETING HELD ON 11TH TO 12TH JANUARY 2024","https://www.mmmd.gov.zm/?p=2675"
"Chibote Mining Company Limited","organization","Copperbelt","Chingola, Kalulushi, Lufwanyama, Mpongwe; North Western, Solwezi","12405-HQ-LPL","DEFERRED","gold","1","511","Gold/Silver/Cobalt","RESULTS OF THE 87TH MINING LICENSING COMMITTEE (MLC) MEETING HELD ON 7TH MAY, 2025","https://www.mmmd.gov.zm/?p=4069"
"Chibuli Investments Limited","organization","North Western | Central | Copperbelt","Kabompo, Mwinilunga | Kabwe, Kapiri Mposhi | Mwinilunga | Lufwanyama","32378-HQ-LEL | 35473-HQ-LEL | 37845-HQ-SEL | 37847-HQ-SEL | 36845-HQ-SEL","Approved | DEFERRED","gemstones","5","18495","Nickel/Manganese/Zinc","RESULTS OF THE 73RD MINING LICENSING COMMITTEE (MLC) MEETING HELD FROM 29TH TO 30TH JUNE 2023","https://www.mmmd.gov.zm/?p=2583"
"Chibulu Tulipamo Mining Co-operative Society Limited","organization","Northern","Chinsali","37076-HQ-AMR","Approved","gemstones","1","7","Manganese/Zinc/Gold","RESULTS OF THE 81ST MINING LICENSING COMMITTEE (MLC) MEETING HELD ON 31ST JULY, 2024","https://www.mmmd.gov.zm/?p=2923"
"Chibuluma Mines Plc","organization","North Western | Copperbelt","Kabompo, Mufumbwe; Western, Lukulu | Kalulushi | Lufwanyama | Kabompo | Kalulushi, Kitwe, Lufwanyama | Mufumbwe","21836-HQ-LEL | 7064-HQ-LML | 7065-HQ-LML | 22821-HQ-LEL | 25266-HQ-LEL | 21837-HQ-LEL","Deferred | Approved | APPROVED","critical_battery","6","158197","Zinc/Nickel/Copper","REMINDER ON RESULTS OF THE 70TH AND 71ST MINING LICENSING COMMITTEE (MLC) MEETINGS HELD IN FEBRUARY AND MARCH 2023","https://www.mmmd.gov.zm/?p=2555"
"Chichele Mining Limited","organization","Copperbelt","Ndola","34290-HQ-SML | 28822-HQ-SEL","Approved | Cancelled","industrial_minerals","1","347","Anhydrite/Gypsum","RESULTS OF THE 75TH MINING LICENSING COMMITTEE (MLC) MEETING HELD FROM 27TH TO 29TH SEPTEMBER 2023","https://www.mmmd.gov.zm/?p=2618"
"Chido's Civil Engineering Limited","organization","Lusaka | Northern","Kafue | Chinsali, Kasama, Mpika | Mpika","32058-HQ-LEL | 33541-HQ-LEL | 34369-HQ-LEL","Approved | APPROVED | Rejected","critical_battery","1","2634","Quartz/Rare EarthsElements/Nickel","RESULTS OF THE 73RD MINING LICENSING COMMITTEE (MLC) MEETING HELD FROM 29TH TO 30TH JUNE 2023","https://www.mmmd.gov.zm/?p=2583"
"Chidunkulu  Resources Limited","organization","North Western","Kabompo | Solwezi","31222-HQ-LEL | 32356-HQ-LEL","Approved","gemstones","2","5026","Lead/Manganese/Gold","REMINDER ON RESULTS OF THE 70TH AND 71ST MINING LICENSING COMMITTEE (MLC) MEETINGS HELD IN FEBRUARY AND MARCH 2023","https://www.mmmd.gov.zm/?p=2555"
"Chifotoma Tiles & Paint Manufucturing Enterprise Limited","organization","Luapula","Mwense","22035-HQ-SEL","Approved","construction_materials","1","363","Lightweight Aggregate","REMINDER ON RESULTS OF THE 70TH AND 71ST MINING LICENSING COMMITTEE (MLC) MEETINGS HELD IN FEBRUARY AND MARCH 2023","https://www.mmmd.gov.zm/?p=2555"
"Chifwala Mabula Small Mines Company Limited","organization","Copperbelt","Lufwanyama","25128-HQ-SEL | 40564-HQ-SML","Cancelled | Rejected","gemstones","1","56","Emerald/Beryllium","CANCELLATION OF NON-COMPLIANT MINING AND NON-MINING RIGHTS BY THE MINING LICENSING COMMITTEE (MLC)","https://www.mmmd.gov.zm/?p=2787"
"Chifyalwa Mining Company Limited","organization","Copperbelt","Lufwanyama","19107-HQ-SML","Cancelled | Deferred | Approved","gemstones","1","167","Emerald","CANCELLATION OF NON-COMPLIANT MINING AND NON-MINING RIGHTS BY THE MINING LICENSING COMMITTEE (MLC)","https://www.mmmd.gov.zm/?p=2787"
"CHIHAFE MULTI PURPOSE  CO-OPERATIVE","organization","Southern","Itezhi Tezhi","38727-HQ-AMR","Approved","critical_battery","1","7","Manganese/Rhodium/Gold","RESULTS OF THE 84TH MINING LICENSING COMMITTEE (MLC) MEETING HELD ON 12TH DECEMBER, 2024","https://www.mmmd.gov.zm/?p=3780"
"Chikaban Corporation Zambia Limited","organization","Northern | Central | Copperbelt","Isoka | Serenje | Chililabombwe, Chingola, Mufulira","38033-HQ-LEL | 37628-HQ-LEL | 37629-HQ-LEL","Deferred","critical_battery","1","48918","Iron Ore/Manganese/Gold","RESULTS OF THE 81ST MINING LICENSING COMMITTEE (MLC) MEETING HELD ON 31ST JULY, 2024","https://www.mmmd.gov.zm/?p=2923"
"Chikaseka Gemstone Mining Limited","organization","Copperbelt","Lufwanyama","14388-HQ-SML","Cancelled | Deferred | Approved","gemstones","1","356","Emerald/Beryllium","CANCELLATION OF NON-COMPLIANT MINING AND NON-MINING RIGHTS BY THE MINING LICENSING COMMITTEE (MLC)","https://www.mmmd.gov.zm/?p=2787"
"Chikaso Industries Limited","organization","Central | North Western","Chibombo | Solwezi","38387-HQ-LEL | 38389-HQ-LEL | 38412-HQ-LEL","Approved","critical_battery","3","11904","Gold/Copper/Cobalt","RESULTS OF THE 82ND MINING LICENSING COMMITTEE (MLC) MEETING HELD ON 11TH SEPTEMBER, 2024","https://www.mmmd.gov.zm/?p=3378"
"Chikola Royal Establishment Resources Limited","organization","North Western","Solwezi","32889-HQ-SEL","Approved","critical_battery","1","365","Manganese/Lead/Zinc","RESULTS OF THE 72ND MINING LICENSING COMMITTEE (MLC) MEETING HELD FROM 17TH TO 22 MAY 2023","https://www.mmmd.gov.zm/?p=2559"
"Chikonka copper mines Limited","organization","Central","Mkushi","38349-HQ-SEL | 39329-HQ-SEL","Approved","gemstones","1","23","Malachite/Iron Ore/Manganese","RESULTS OF THE 83RD MINING LICENSING COMMITTEE (MLC) MEETING HELD ON 30TH OCTOBER, 2024","https://www.mmmd.gov.zm/?p=3515"
"Chikoti Khisa-Mining Co-operative Society Limited","organization","Northern","Mbala","39230-HQ-AMR | 39231-HQ-AMR","Approved","critical_battery","2","13","Quartz/Rare EarthsElements/Cobalt","RESULTS OF THE 85TH MINING LICENSING COMMITTEE (MLC) MEETING HELD ON 5TH MARCH, 2025","https://www.mmmd.gov.zm/?p=4013"
"Chilapa Joseph Mushota","person_or_unclassified","Southern","Itezhi Tezhi","36958-HQ-AMR","Approved","critical_battery","1","7","Gold/Nickel/Cobalt","RESULTS OF THE 78TH MINING LICENSING COMMITTEE (MLC) MEETING HELD ON 27TH FEBRUARY TO 1ST MARCH 2024","https://www.mmmd.gov.zm/?p=2785"
"Chilekwa Elita","person_or_unclassified","Eastern | Central","Nyimba | Kapiri Mposhi","30051-HQ-AMR | 30731-HQ-AMR","Approved","construction_materials","2","13","Stone/Sandstone","REMINDER ON RESULTS OF THE 70TH AND 71ST MINING LICENSING COMMITTEE (MLC) MEETINGS HELD IN FEBRUARY AND MARCH 2023","https://www.mmmd.gov.zm/?p=2555"
"chilenga aaron ngulube","person_or_unclassified","Eastern","Katete","37203-HQ-AMR","Approved","gemstones","1","7","Quartz/Tourmaline/Mica","SUBJECT: RESULTS OF THE 79TH MINING LICENSING COMMITTEE (MLC) MEETING HELD ON 11TH TO 12TH APRIL 2024","https://www.mmmd.gov.zm/?p=2794"
"Chileshe Mutale","person_or_unclassified","Central","Kapiri Mposhi | Mkushi","32161-HQ-AMR | 37315-HQ-AMR | 37284-HQ-AMR","Approved","iron_ferro","1","7","Quartz/Iron Ore","RESULTS OF THE 72ND MINING LICENSING COMMITTEE (MLC) MEETING HELD FROM 17TH TO 22 MAY 2023","https://www.mmmd.gov.zm/?p=2559"
"Chilibwino Investment Limited","organization","Copperbelt","Luanshya","36889-HQ-SEL","Approved","gemstones","1","570","Manganese/Rare EarthsElements/Lead","RESULTS OF THE 81ST MINING LICENSING COMMITTEE (MLC) MEETING HELD ON 31ST JULY, 2024","https://www.mmmd.gov.zm/?p=2923"
"Chilindi Investment Limited","organization","","","26427-HQ-SEL","Cancelled","critical_battery","1","993","Iron Ore/Manganese/Copper","CANCELLATION OF NON-COMPLIANT MINING AND NON-MINING RIGHTS BY THE MINING LICENSING COMMITTEE (MLC)","https://www.mmmd.gov.zm/?p=2787"
"Chilram Enterprises Limited","organization","Luapula","Mansa, Milenge","36827-HQ-LEL","Approved","critical_battery","2","22560","Manganese/Quartz/Silver","RESULTS OF THE 78TH MINING LICENSING COMMITTEE (MLC) MEETING HELD ON 27TH FEBRUARY TO 1ST MARCH 2024","https://www.mmmd.gov.zm/?p=2785"
"Chilufya Chipili","person_or_unclassified","Southern","Siavonga","33007-HQ-AMR | 40892-HQ-AMR","Approved","gemstones","1","7","Quartz/Sandstone/Talc-Soapstone","RESULTS OF THE 73RD MINING LICENSING COMMITTEE (MLC) MEETING HELD FROM 29TH TO 30TH JUNE 2023","https://www.mmmd.gov.zm/?p=2583"
"Chilufya Chisenga","person_or_unclassified","Luapula","Samfya","35263-HQ-AMR","Approved","critical_battery","1","7","Gold/Manganese/Cobalt","RESULTS OF THE 80TH MINING LICENSING COMMITTEE (MLC) MEETING HELD ON 6TH TO 7TH AND 10TH JUNE 2024","https://www.mmmd.gov.zm/?p=2849"
"chilufya Silveric Mulenga","person_or_unclassified","Northern","Mpika","38631-HQ-AMR","Approved","critical_battery","1","3","Lead/Manganese/Zinc","RESULTS OF THE 82ND MINING LICENSING COMMITTEE (MLC) MEETING HELD ON 11TH SEPTEMBER, 2024","https://www.mmmd.gov.zm/?p=3378"
"Chilupula Martha Musonda","person_or_unclassified","Luapula","Mansa","32927-HQ-AMR","Approved","critical_battery","1","7","Tantalum/Quartz/Manganese","RESULTS OF THE 76TH MINING LICENSING COMMITTEE (MLC) MEETING HELD ON 17TH AND 20TH NOVEMBER 2023","https://www.mmmd.gov.zm/?p=2640"
"Chilushyana Mining Limited","organization","North Western","Mwinilunga","37436-HQ-SEL | 37456-HQ-SEL","","gemstones","3","2648","Iron Ore/Zinc/Silver","RESULTS OF THE 80TH MINING LICENSING COMMITTEE (MLC) MEETING HELD ON 6TH TO 7TH AND 10TH JUNE 2024","https://www.mmmd.gov.zm/?p=2849"
"Chimanabubwe Business Enterprises Limited","organization","Lusaka","Chongwe","31249-HQ-SEL","Approved","critical_battery","1","40","Iron Ore/Manganese/Gold","REMINDER ON RESULTS OF THE 70TH AND 71ST MINING LICENSING COMMITTEE (MLC) MEETINGS HELD IN FEBRUARY AND MARCH 2023","https://www.mmmd.gov.zm/?p=2555"
"Chimban  Investments Limited","organization","Central","Mumbwa | Mkushi, Serenje","33587-HQ-LEL | 34386-HQ-LEL","Approved | Deferred | DEFERRED","gemstones","1","18124","Lithium/Iron Ore/Gold","RESULTS OF THE 73RD MINING LICENSING COMMITTEE (MLC) MEETING HELD FROM 29TH TO 30TH JUNE 2023","https://www.mmmd.gov.zm/?p=2583"
"Chimfwembe Kabasa","person_or_unclassified","Central","Kapiri Mposhi","37122-HQ-AMR","Approved","critical_battery","1","7","Zinc/Manganese/Copper","RESULTS OF THE 83RD MINING LICENSING COMMITTEE (MLC) MEETING HELD ON 30TH OCTOBER, 2024","https://www.mmmd.gov.zm/?p=3515"
"Chimsoro Farms Limited","organization","Central","Kapiri Mposhi","35435-HQ-SEL","Approved","industrial_minerals","1","472","Silica/Sand and Gravel/Quartz","RESULTS OF THE 73RD MINING LICENSING COMMITTEE (MLC) MEETING HELD FROM 29TH TO 30TH JUNE 2023","https://www.mmmd.gov.zm/?p=2583"
"Chimuka Kabungo","person_or_unclassified","Southern | Lusaka","Monze | Chongwe","33868-HQ-AMR | 33869-HQ-AMR | 34691-HQ-AMR","Approved | Deferred | Rejected","gemstones","1","7","Manganese/Lead/Iron Ore","RESULTS OF THE 74TH MINING LICENSING COMMITTEE (MLC) MEETING HELD FROM 3RD TO 4TH AUGUST 2023","https://www.mmmd.gov.zm/?p=2598"
"Chimuka M Kabungo","person_or_unclassified","Southern","Monze","33870-HQ-AMR","Approved","gemstones","1","7","Manganese/Lead/Iron Ore","RESULTS OF THE 74TH MINING LICENSING COMMITTEE (MLC) MEETING HELD FROM 3RD TO 4TH AUGUST 2023","https://www.mmmd.gov.zm/?p=2598"
"Chimwelelende Mining Cooperative LTD","organization","Eastern","Chama","34000-HQ-AMR","Approved","gold","1","7","Mineral Sands/Quartz/Gold","RESULTS OF THE 75TH MINING LICENSING COMMITTEE (MLC) MEETING HELD FROM 27TH TO 29TH SEPTEMBER 2023","https://www.mmmd.gov.zm/?p=2618"
"Chimwelelende Mining Cooperative Society Limited","organization","Eastern","Chama","33984-HQ-AMR","APPROVED","gemstones","1","7","Quartz/Sand and Gravel/Granite","RESULTS OF THE 75TH MINING LICENSING COMMITTEE (MLC) MEETING HELD FROM 27TH TO 29TH SEPTEMBER 2023","https://www.mmmd.gov.zm/?p=2618"
"Chimwemwe Banda","person_or_unclassified","North Western","Mwinilunga","38053-HQ-AMR","Approved","critical_battery","1","7","Gold/Manganese/Cobalt","RESULTS OF THE 82ND MINING LICENSING COMMITTEE (MLC) MEETING HELD ON 11TH SEPTEMBER, 2024","https://www.mmmd.gov.zm/?p=3378"
"China Hainan Zambia Limited","organization","Southern | Eastern","Sinazongwe | Chama","22142-HQ-LEL | 22143-HQ-LEL | 22283-HQ-LEL | 33668-HQ-LEL | 33664-HQ-LEL","Deferred | APPROVED | Rejected | REJECTED","gemstones","1","108918","Quartz/Lithium/Iron Ore","RESULTS OF THE 72ND MINING LICENSING COMMITTEE (MLC) MEETING HELD FROM 17TH TO 22 MAY 2023","https://www.mmmd.gov.zm/?p=2559"
"China Zhong Yuan International Limited","organization","Northern | Central","Mpika | Serenje | Serenje; Northern, Mpika","34257-HQ-LEL | 34123-HQ-SEL | 34124-HQ-SEL | 34125-HQ-LEL","APPROVED","critical_battery","2","1136","Manganese/Silver/Lead","RESULTS OF THE 74TH MINING LICENSING COMMITTEE (MLC) MEETING HELD FROM 3RD TO 4TH AUGUST 2023","https://www.mmmd.gov.zm/?p=2598"
"Chindende Chindende Mineral Company Limited","organization","North Western","Kabompo, Zambezi","37438-HQ-LEL","Approved","critical_battery","1","28273","Gold/Manganese/Cobalt","SUBJECT: RESULTS OF THE 79TH MINING LICENSING COMMITTEE (MLC) MEETING HELD ON 11TH TO 12TH APRIL 2024","https://www.mmmd.gov.zm/?p=2794"
"CHINTUCHOMWE MULTI-PURPOSE CO-OPERATIVE SOCIETY LIMITED","organization","Eastern","Chadiza","37028-HQ-AMR | 37045-HQ-AMR","Approved","gemstones","2","13","Quartz/Nickel/Zinc","RESULTS OF THE 77TH MINING LICENSING COMMITTEE (MLC) MEETING HELD ON 11TH TO 12TH JANUARY 2024","https://www.mmmd.gov.zm/?p=2675"
"Chipanshya Construction Limited","organization","Central | North Western","Mumbwa | Kasempa, Solwezi | Solwezi","34530-HQ-SEL | 34531-HQ-SEL | 36836-HQ-SEL | 36838-HQ-SEL","APPROVED | Approved","critical_battery","3","1953","Gold/Copper/Cobalt","RESULTS OF THE 75TH MINING LICENSING COMMITTEE (MLC) MEETING HELD FROM 27TH TO 29TH SEPTEMBER 2023","https://www.mmmd.gov.zm/?p=2618"
"Chipanshya Construction Limited; Chipanshya Construction Limited","organization","North Western","Kasempa, Solwezi","36837-HQ-SEL","Approved","critical_battery","2","1869","Gold/Copper/Cobalt","RESULTS OF THE 77TH MINING LICENSING COMMITTEE (MLC) MEETING HELD ON 11TH TO 12TH JANUARY 2024","https://www.mmmd.gov.zm/?p=2675"
"Chipapa Mining Investments Limited","organization","Eastern","Chipata, Mambwe","27430-HQ-SEL | 37674-HQ-SML","Cancelled | Deferred | Approved","gemstones","1","379","Quartz/Ruby/Tourmaline","CANCELLATION OF NON-COMPLIANT MINING AND NON-MINING RIGHTS BY THE MINING LICENSING COMMITTEE (MLC)","https://www.mmmd.gov.zm/?p=2787"
"Chipe Chipe Youth Multi-Purpose Co-operative Society Limited","organization","Central","Mumbwa","34988-HQ-AMR","APPROVED | Deferred","gold","1","7","Gold/Copper/Cobalt","RESULTS OF THE EXTRA ORDINARY MINING LICENSING COMMITTEE (MLC) MEETING HELD ON 27TH OCTOBER 2023","https://www.mmmd.gov.zm/?p=2626"
"Chipego Kapela","person_or_unclassified","Western","Kaoma","37305-HQ-AMR | 37306-HQ-AMR | 37307-HQ-AMR","Approved","gemstones","2","13","Lead/Iron Ore/Zinc","RESULTS OF THE 78TH MINING LICENSING COMMITTEE (MLC) MEETING HELD ON 27TH FEBRUARY TO 1ST MARCH 2024","https://www.mmmd.gov.zm/?p=2785"
"Chipego Mweemba","person_or_unclassified","North Western","Mwinilunga","38225-HQ-AMR","Approved","gold","1","7","Gold/Copper/Cobalt","RESULTS OF THE 82ND MINING LICENSING COMMITTEE (MLC) MEETING HELD ON 11TH SEPTEMBER, 2024","https://www.mmmd.gov.zm/?p=3378"
"CHIPELWA GENERAL DEALERS LIMITED","organization","North Western","Mufumbwe","39731-HQ-LEL","Approved","critical_battery","1","21643","Nickel/Malachite/Zinc","RESULTS OF THE 86TH MINING LICENSING COMMITTEE (MLC) MEETING HELD ON 27TH MARCH 2025","https://www.mmmd.gov.zm/?p=4061"
"Chipepo Aquaculture and Tourism Enterprise Limited","organization","Southern","Gwembe","34585-HQ-LEL | 34584-HQ-LEL","Approved","critical_battery","2","6728","Gold/Copper/Manganese","RESULTS OF THE 75TH MINING LICENSING COMMITTEE (MLC) MEETING HELD FROM 27TH TO 29TH SEPTEMBER 2023","https://www.mmmd.gov.zm/?p=2618"
"Chipo Chimoka","person_or_unclassified","Northern","Luwingu","30817-HQ-AMR","Approved","critical_battery","1","7","Manganese/Quartz/Tantalum","REMINDER ON RESULTS OF THE 70TH AND 71ST MINING LICENSING COMMITTEE (MLC) MEETINGS HELD IN FEBRUARY AND MARCH 2023","https://www.mmmd.gov.zm/?p=2555"
"Chipo Moonga","person_or_unclassified","North Western","Solwezi","37266-HQ-AMR","","critical_battery","1","7","Manganese/Silver/Zinc","RESULTS OF THE 80TH MINING LICENSING COMMITTEE (MLC) MEETING HELD ON 6TH TO 7TH AND 10TH JUNE 2024","https://www.mmmd.gov.zm/?p=2849"
"CHIPOILI SIAMOOLE","person_or_unclassified","Southern","Kalomo","38786-HQ-AMR","Approved","gemstones","1","7","Tin/Tungsten/Tantalum","RESULTS OF THE 84TH MINING LICENSING COMMITTEE (MLC) MEETING HELD ON 12TH DECEMBER, 2024","https://www.mmmd.gov.zm/?p=3780"
"Chiponde Mining Company Limited","organization","Northern | Eastern","Isoka | Chinsali | Chama; Northern, Chinsali | Chama","31223-HQ-LEL | 32103-HQ-LEL | 32102-HQ-LEL | 29242-HQ-SEL | 40240-HQ-SML","Approved | Cancelled","gemstones","5","147381","Aquamarine/Copper/Manganese","REMINDER ON RESULTS OF THE 70TH AND 71ST MINING LICENSING COMMITTEE (MLC) MEETINGS HELD IN FEBRUARY AND MARCH 2023","https://www.mmmd.gov.zm/?p=2555"
"Chirundu Joint Venture Zambia Limited","organization","Lusaka","Kafue; Southern, Siavonga","22075-HQ-LEL","Approved","energy_minerals","2","45312","Uranium/Coal","RESULTS OF THE 72ND MINING LICENSING COMMITTEE (MLC) MEETING HELD FROM 17TH TO 22 MAY 2023","https://www.mmmd.gov.zm/?p=2559"
"Chisabi Bosco Kipelembe","person_or_unclassified","Copperbelt","Chingola","24800-HQ-AMR","Approved","critical_battery","1","7","Manganese","RESULTS OF THE 78TH MINING LICENSING COMMITTEE (MLC) MEETING HELD ON 27TH FEBRUARY TO 1ST MARCH 2024","https://www.mmmd.gov.zm/?p=2785"
"ChisaKa Metals Limited","organization","North Western","Mufumbwe","34715-HQ-SML | 39874-HQ-SML","Approved | Rejected","critical_battery","2","399","Nickel/Manganese/Zinc","RESULTS OF THE 76TH MINING LICENSING COMMITTEE (MLC) MEETING HELD ON 17TH AND 20TH NOVEMBER 2023","https://www.mmmd.gov.zm/?p=2640"
"Chisha Chilufya","person_or_unclassified","Luapula","Kawambwa","35812-HQ-AMR","Approved","critical_battery","1","7","Manganese/Quartz/Zinc","RESULTS OF THE 77TH MINING LICENSING COMMITTEE (MLC) MEETING HELD ON 11TH TO 12TH JANUARY 2024","https://www.mmmd.gov.zm/?p=2675"
"chisha justine","person_or_unclassified","Luapula","Kawambwa","36273-HQ-AMR","Approved","critical_battery","1","7","Mica/Silica/Sugilite","RESULTS OF THE 78TH MINING LICENSING COMMITTEE (MLC) MEETING HELD ON 27TH FEBRUARY TO 1ST MARCH 2024","https://www.mmmd.gov.zm/?p=2785"
"Chishala  Mulenga .W","person_or_unclassified","North Western","Kasempa","39620-HQ-AMR","Approved","gemstones","1","7","Lead/Iron Ore/Gravel","RESULTS OF THE 86TH MINING LICENSING COMMITTEE (MLC) MEETING HELD ON 27TH MARCH 2025","https://www.mmmd.gov.zm/?p=4061"
"Chisokota Multi-purpose Co-operative Society Limited","organization","","","34108-HQ-AMR | 35580-HQ-AMR | 35581-HQ-AMR","Approved | APPROVED","critical_battery","1","7","Lead/Manganese/Zinc","RESULTS OF THE 74TH MINING LICENSING COMMITTEE (MLC) MEETING HELD FROM 3RD TO 4TH AUGUST 2023","https://www.mmmd.gov.zm/?p=2598"
"Chisungusho Investments Limited","organization","Central","Mkushi","29245-HQ-SEL | 28276-HQ-SEL | 27460-HQ-LEL","Cancelled","critical_battery","2","1991","Silver/Quartz/Gold","CANCELLATION OF NON-COMPLIANT MINING AND NON-MINING RIGHTS BY THE MINING LICENSING COMMITTEE (MLC)","https://www.mmmd.gov.zm/?p=2787"
"Chisunka Mining and Natural Resources Foundation Limited","organization","Luapula","Mansa","34622-HQ-SEL | 40646-HQ-SML","APPROVED","critical_battery","1","101","Lead/Manganese/Silver","RESULTS OF THE 76TH MINING LICENSING COMMITTEE (MLC) MEETING HELD ON 17TH AND 20TH NOVEMBER 2023","https://www.mmmd.gov.zm/?p=2640"
"CHITETA MINING COMPANY LIMITED","organization","Eastern","Petauke","39830-HQ-LEL","APPROVED","gold","1","34574","Gold/Copper/Cobalt","RESULTS OF THE 86TH MINING LICENSING COMMITTEE (MLC) MEETING HELD ON 27TH MARCH 2025","https://www.mmmd.gov.zm/?p=4061"
"Chitina Copper Mines Limited","organization","Central","Kapiri Mposhi, Mkushi","22221-HQ-LEL","Approved","critical_battery","1","3271","Gold/Manganese/Cobalt","RESULTS OF THE 72ND MINING LICENSING COMMITTEE (MLC) MEETING HELD FROM 17TH TO 22 MAY 2023","https://www.mmmd.gov.zm/?p=2559"
"Chitoshi Chiefdom Mineral Resources Limited","organization","Northern","Mporokoso","35987-HQ-LEL | 35984-HQ-LEL","Approved | Deferred","critical_battery","1","2023","Iron Ore/Manganese/Copper","RESULTS OF THE 77TH MINING LICENSING COMMITTEE (MLC) MEETING HELD ON 11TH TO 12TH JANUARY 2024","https://www.mmmd.gov.zm/?p=2675"
"Chitubula Investments Limited","organization","Central","Mkushi","35512-HQ-SEL | 38897-HQ-LEL","Approved","gemstones","2","7638","Gold/Nickel/Copper","RESULTS OF THE 76TH MINING LICENSING COMMITTEE (MLC) MEETING HELD ON 17TH AND 20TH NOVEMBER 2023","https://www.mmmd.gov.zm/?p=2640"
"Chitungu John Katongo","person_or_unclassified","","","30558-HQ-AMR","Cancelled","gemstones","1","3","Quartz/Silver/Tourmaline","CANCELLATION OF NON-COMPLIANT MINING AND NON-MINING RIGHTS BY THE MINING LICENSING COMMITTEE (MLC)","https://www.mmmd.gov.zm/?p=2787"
"chiukepo gondwe","person_or_unclassified","Northern","Mpika","37387-HQ-AMR","","critical_battery","1","7","Iron Ore/Manganese/Copper","RESULTS OF THE 80TH MINING LICENSING COMMITTEE (MLC) MEETING HELD ON 6TH TO 7TH AND 10TH JUNE 2024","https://www.mmmd.gov.zm/?p=2849"
"Chizam Explosives and Mining Limited","organization","Lusaka | Northern | Central | North Western | Southern","Kafue | Chinsali | Serenje | Kasempa, Mufumbwe | Choma, Sinazongwe","39661-HQ-SEL | 40265-HQ-LEL | 40304-HQ-LEL | 40641-HQ-LEL | 40921-HQ-LEL","Approved | APPROVED | Rejected | Deferred","critical_battery","1","92","Sand/Quartz/Silver","RESULTS OF THE 85TH MINING LICENSING COMMITTEE (MLC) MEETING HELD ON 5TH MARCH, 2025","https://www.mmmd.gov.zm/?p=4013"
"Chofita Mwala Limited","organization","Eastern","Chadiza","32018-HQ-SEL","Approved","construction_materials","2","548","Granite","RESULTS OF THE 72ND MINING LICENSING COMMITTEE (MLC) MEETING HELD FROM 17TH TO 22 MAY 2023","https://www.mmmd.gov.zm/?p=2559"
"Choice Minerals Limited","organization","Central","Mumbwa","31128-HQ-LEL | 30049-HQ-LEL | 27386-HQ-LEL","Cancelled","gold","1","8166","Iron Ore/Silver/Zinc","REMINDER ON RESULTS OF THE 70TH AND 71ST MINING LICENSING COMMITTEE (MLC) MEETINGS HELD IN FEBRUARY AND MARCH 2023","https://www.mmmd.gov.zm/?p=2555"
"Chongo Kapisha","person_or_unclassified","Southern","Itezhi Tezhi","36959-HQ-AMR","Approved","critical_battery","1","7","Gold/Nickel/Cobalt","RESULTS OF THE 78TH MINING LICENSING COMMITTEE (MLC) MEETING HELD ON 27TH FEBRUARY TO 1ST MARCH 2024","https://www.mmmd.gov.zm/?p=2785"
"Choolwe Bruno Mizinga","person_or_unclassified","Southern","Siavonga","29970-HQ-AMR | 33692-HQ-AMR | 37651-HQ-AMR | 38964-HQ-AMR","Approved","base_metals","4","26","Stone/Sand and Gravel/Iron Ore","REMINDER ON RESULTS OF THE 70TH AND 71ST MINING LICENSING COMMITTEE (MLC) MEETINGS HELD IN FEBRUARY AND MARCH 2023","https://www.mmmd.gov.zm/?p=2555"
"CHOOLWE INVESTMENT LIMITED","organization","Central","Mumbwa","39962-HQ-MPL","Deferred | Approved","gold","1","7","Silver/Gold/Copper","RESULTS OF THE 86TH MINING LICENSING COMMITTEE (MLC) MEETING HELD ON 27TH MARCH 2025","https://www.mmmd.gov.zm/?p=4061"
"Choolwe Mwaanga","person_or_unclassified","Southern","Kalomo","33653-HQ-AMR","Approved","gemstones","1","7","Quartz/Niobium (Columbium)/Aquamarine","RESULTS OF THE 74TH MINING LICENSING COMMITTEE (MLC) MEETING HELD FROM 3RD TO 4TH AUGUST 2023","https://www.mmmd.gov.zm/?p=2598"
"Chozi Mining Limited","organization","Eastern","Chama | Lundazi","24027-HQ-SEL | 24028-HQ-SEL | 36130-HQ-SML | 36235-HQ-SML","Cancelled | Deferred | Approved","gemstones","2","736","Gold/Quartz/Aquamarine","CANCELLATION OF NON-COMPLIANT MINING AND NON-MINING RIGHTS BY THE MINING LICENSING COMMITTEE (MLC)","https://www.mmmd.gov.zm/?p=2787"
"CHQI INVESTMENTS LIMITED","organization","Northern","Mbala | Mpika","39502-HQ-LEL | 39725-HQ-SEL | 41591-HQ-SEL","APPROVED | Approved","gold","2","1475","Malachite/Gold/Copper","RESULTS OF THE 85TH MINING LICENSING COMMITTEE (MLC) MEETING HELD ON 5TH MARCH, 2025","https://www.mmmd.gov.zm/?p=4013"
"Chrismar Earth Moving Equipment Limited","organization","Copperbelt","Ndola","42201-HQ-LML","REJECTED","gold","1","2047","Lead/Limestone (General)/Silver","RESULTS OF THE 91ST MINING LICENSING COMMITTEE (MLC) MEETING HELD ON 08TH OCTOBER, 2025","https://www.mmmd.gov.zm/?p=6170"
"Chrispar Mines Limited","organization","Eastern","Lundazi","30495-HQ-SEL | 13219-HQ-SML","Approved | Cancelled","gemstones","1","400","Aquamarine","RESULTS OF THE 76TH MINING LICENSING COMMITTEE (MLC) MEETING HELD ON 17TH AND 20TH NOVEMBER 2023","https://www.mmmd.gov.zm/?p=2640"
"Chrispin Malama Mulenga","person_or_unclassified","Central","Serenje","35800-HQ-AMR","Approved","critical_battery","1","7","Manganese/Quartz/Silica","RESULTS OF THE 77TH MINING LICENSING COMMITTEE (MLC) MEETING HELD ON 11TH TO 12TH JANUARY 2024","https://www.mmmd.gov.zm/?p=2675"
"Christine Mwenya","person_or_unclassified","Copperbelt","Mufulira","26595-HQ-AMR | 26596-HQ-AMR | 26597-HQ-AMR","Approved on Condition | Approved","gemstones","3","17","Iron Ore/Manganese/Emerald","REMINDER ON RESULTS OF THE 70TH AND 71ST MINING LICENSING COMMITTEE (MLC) MEETINGS HELD IN FEBRUARY AND MARCH 2023","https://www.mmmd.gov.zm/?p=2555"
"Christine Ngosa lloyd","person_or_unclassified","Copperbelt","Ndola","37676-HQ-AMR","","critical_battery","1","7","Nickel/Silver/Gold","RESULTS OF THE 80TH MINING LICENSING COMMITTEE (MLC) MEETING HELD ON 6TH TO 7TH AND 10TH JUNE 2024","https://www.mmmd.gov.zm/?p=2849"
"Christopher Banda","person_or_unclassified","Central | Lusaka | Northern","Serenje | Chongwe | Mpika | Kafue","29862-HQ-AMR | 33283-HQ-AMR | 33281-HQ-AMR | 33284-HQ-AMR | 33291-HQ-AMR | 40699-HQ-AMR","Approved","gemstones","2","13","Cobalt/Copper/Manganese","REMINDER ON RESULTS OF THE 70TH AND 71ST MINING LICENSING COMMITTEE (MLC) MEETINGS HELD IN FEBRUARY AND MARCH 2023","https://www.mmmd.gov.zm/?p=2555"
"christopher chikoloma","person_or_unclassified","Copperbelt","Lufwanyama","37345-HQ-AMR","","gold","1","7","Malachite/Silver/Zinc","RESULTS OF THE 80TH MINING LICENSING COMMITTEE (MLC) MEETING HELD ON 6TH TO 7TH AND 10TH JUNE 2024","https://www.mmmd.gov.zm/?p=2849"
"Christopher Chilangwa","person_or_unclassified","Luapula","Mansa","35858-HQ-AMR","Approved","critical_battery","1","7","Silica/Sugilite/Sand and Gravel","RESULTS OF THE 75TH MINING LICENSING COMMITTEE (MLC) MEETING HELD FROM 27TH TO 29TH SEPTEMBER 2023","https://www.mmmd.gov.zm/?p=2618"
"Christopher Chilufya Muyembe","person_or_unclassified","Copperbelt","Masaiti","39298-HQ-AMR","Deferred | Approved","critical_battery","1","7","Iron Ore/Manganese/Quartz","RESULTS OF THE 85TH MINING LICENSING COMMITTEE (MLC) MEETING HELD ON 5TH MARCH, 2025","https://www.mmmd.gov.zm/?p=4013"
"CHRISTOPHER NAWA","person_or_unclassified","Copperbelt","Ndola","35673-HQ-AMR","Approved","critical_battery","1","3","Gold/Manganese/Cobalt","RESULTS OF THE 83RD MINING LICENSING COMMITTEE (MLC) MEETING HELD ON 30TH OCTOBER, 2024","https://www.mmmd.gov.zm/?p=3515"
"Christopher Sakalunda","person_or_unclassified","Northern","Mporokoso","34214-HQ-AMR","Approved","critical_battery","1","7","Manganese/Quartz/Silica","RESULTS OF THE 74TH MINING LICENSING COMMITTEE (MLC) MEETING HELD FROM 3RD TO 4TH AUGUST 2023","https://www.mmmd.gov.zm/?p=2598"
"Chrizo General Dealers Limited","organization","Central","Mumbwa | Kapiri Mposhi","33196-HQ-SEL | 33536-HQ-LEL","Approved","critical_battery","2","12943","Copper/Cobalt/Limestone (General)","RESULTS OF THE 74TH MINING LICENSING COMMITTEE (MLC) MEETING HELD FROM 3RD TO 4TH AUGUST 2023","https://www.mmmd.gov.zm/?p=2598"
"Chumams Mining Limited","organization","North Western | Central","Solwezi | Chibombo","32229-HQ-SEL | 32599-HQ-SEL","Approved","critical_battery","3","2959","Iron Ore/Gold/Copper","RESULTS OF THE 74TH MINING LICENSING COMMITTEE (MLC) MEETING HELD FROM 3RD TO 4TH AUGUST 2023","https://www.mmmd.gov.zm/?p=2598"
"Chumu Mining Company Limited","organization","Copperbelt","Lufwanyama","33011-HQ-SEL","Approved","gemstones","2","428","Diamond/Emerald/Cobalt","RESULTS OF THE 73RD MINING LICENSING COMMITTEE (MLC) MEETING HELD FROM 29TH TO 30TH JUNE 2023","https://www.mmmd.gov.zm/?p=2583"
"Chun Chun Mining Zambia Limited","organization","Southern","Siavonga","29191-HQ-SEL | 37781-HQ-SML","Cancelled | Rejected","gemstones","1","446","Garnet/Quartz/Fluorine-Fluorite","CANCELLATION OF NON-COMPLIANT MINING AND NON-MINING RIGHTS BY THE MINING LICENSING COMMITTEE (MLC)","https://www.mmmd.gov.zm/?p=2787"
"Chuvubwe Mining Limited","organization","Copperbelt","Lufwanyama","38563-HQ-SEL","Approved","gemstones","1","119","Quartz/Emerald/Beryllium","RESULTS OF THE 82ND MINING LICENSING COMMITTEE (MLC) MEETING HELD ON 11TH SEPTEMBER, 2024","https://www.mmmd.gov.zm/?p=3378"
"Ciba International Limited","organization","Central | North Western | Eastern","Kapiri Mposhi, Mkushi | Mufumbwe; Western, Kaoma | Nyimba, Petauke | Chama","33590-HQ-LEL | 34373-HQ-LEL | 32056-HQ-LEL","Deferred | Approved","gemstones","2","64779","Feldspar/Garnet/Nickel","RESULTS OF THE 73RD MINING LICENSING COMMITTEE (MLC) MEETING HELD FROM 29TH TO 30TH JUNE 2023","https://www.mmmd.gov.zm/?p=2583"
"Cibakent Lithium Technology Limited","organization","North Western | Northern","Solwezi | Isoka | Mwinilunga | Mpika","37462-HQ-LEL | 37664-HQ-LEL | 37489-HQ-LEL | 38129-HQ-LEL","Rejected | Approved | Deferred","gemstones","4","41469","Gold/Copper/Cobalt","RESULTS OF THE 80TH MINING LICENSING COMMITTEE (MLC) MEETING HELD ON 6TH TO 7TH AND 10TH JUNE 2024","https://www.mmmd.gov.zm/?p=2849"
"Cipembele Exploration and Mining Services Limited","organization","North Western","Kasempa","31211-HQ-SEL","Approved","gemstones","1","329","Lead/Nickel/Silver","REMINDER ON RESULTS OF THE 70TH AND 71ST MINING LICENSING COMMITTEE (MLC) MEETINGS HELD IN FEBRUARY AND MARCH 2023","https://www.mmmd.gov.zm/?p=2555"
"City Junction Limited","organization","Eastern","Petauke","29384-HQ-LEL","Cancelled | Rejected","critical_battery","1","16366","Manganese/Silver/Zinc","CANCELLATION OF NON-COMPLIANT MINING AND NON-MINING RIGHTS BY THE MINING LICENSING COMMITTEE (MLC)","https://www.mmmd.gov.zm/?p=2787"
"City Mine Multi-purpose Cooperative Society Limited","organization","Southern","Kalomo","34169-HQ-AMR | 33712-HQ-AMR","APPROVED","gemstones","2","13","Tungsten/Lithium/Rare EarthsElements","RESULTS OF THE 75TH MINING LICENSING COMMITTEE (MLC) MEETING HELD FROM 27TH TO 29TH SEPTEMBER 2023","https://www.mmmd.gov.zm/?p=2618"
"City Multipurpose Cooperative Society","organization","Southern","Kalomo","35278-HQ-AMR | 38503-HQ-AMR","APPROVED | Approved","gemstones","1","3","Tin/Tantalum/Tungsten","RESULTS OF THE EXTRA ORDINARY MINING LICENSING COMMITTEE (MLC) MEETING HELD ON 27TH OCTOBER 2023","https://www.mmmd.gov.zm/?p=2626"
"Clara  Mkandawire","person_or_unclassified","Luapula","Mansa","33309-HQ-AMR | 33340-HQ-AMR | 36562-HQ-AMR | 37950-HQ-AMR","Approved","critical_battery","1","7","Silica/Sand and Gravel/Manganese","RESULTS OF THE 73RD MINING LICENSING COMMITTEE (MLC) MEETING HELD FROM 29TH TO 30TH JUNE 2023","https://www.mmmd.gov.zm/?p=2583"
"Clara Ashley Jikanza","person_or_unclassified","North Western","Mwinilunga","35539-HQ-AMR","Approved","critical_battery","1","3","Iron Ore/Rare EarthsElements/Zinc","RESULTS OF THE 77TH MINING LICENSING COMMITTEE (MLC) MEETING HELD ON 11TH TO 12TH JANUARY 2024","https://www.mmmd.gov.zm/?p=2675"
"Clara Mkandawire","person_or_unclassified","Luapula","Mansa","33309-HQ-AMR | 33340-HQ-AMR | 36562-HQ-AMR | 37950-HQ-AMR","Approved","gemstones","3","20","Copper/Iron Ore/Manganese","RESULTS OF THE 73RD MINING LICENSING COMMITTEE (MLC) MEETING HELD FROM 29TH TO 30TH JUNE 2023","https://www.mmmd.gov.zm/?p=2583"
"Clarma Resources Limited","organization","Southern | Central | Eastern","Siavonga | Mkushi; Lusaka, Chongwe | Chadiza","38684-HQ-SEL | 38463-HQ-SEL | 38875-HQ-SEL","Approved","gemstones","3","1036","Cobalt/Gold/Iron Ore","RESULTS OF THE 82ND MINING LICENSING COMMITTEE (MLC) MEETING HELD ON 11TH SEPTEMBER, 2024","https://www.mmmd.gov.zm/?p=3378"
"CLASSACT VENTURES LIMITED","organization","Central","Mumbwa","40542-HQ-SEL","Approved","gold","1","43","Gold/Iron Ore/Cobalt","RESULTS OF THE 88TH MINING LICENSING COMMITTEE (MLC) MEETING HELD ON 30TH MAY, 2025","https://www.mmmd.gov.zm/?p=4111"
"Classic Future Development Company Limited","organization","Central","Mumbwa","36939-HQ-MPL","Deferred | Rejected","gold","1","7","Gold","SUBJECT: RESULTS OF THE 79TH MINING LICENSING COMMITTEE (MLC) MEETING HELD ON 11TH TO 12TH APRIL 2024","https://www.mmmd.gov.zm/?p=2794"
"Clean Lime Zambia Limited","organization","","","27396-HQ-MPL","Cancelled","industrial_minerals","1","3","Limestone (General)","CANCELLATION OF NON-COMPLIANT MINING AND NON-MINING RIGHTS BY THE MINING LICENSING COMMITTEE (MLC)","https://www.mmmd.gov.zm/?p=2787"
"Clement Chapaboma","person_or_unclassified","Copperbelt","Masaiti","30410-HQ-AMR","Deferred | Approved","critical_battery","1","7","Manganese/Tantalum/Tin","REMINDER ON RESULTS OF THE 70TH AND 71ST MINING LICENSING COMMITTEE (MLC) MEETINGS HELD IN FEBRUARY AND MARCH 2023","https://www.mmmd.gov.zm/?p=2555"
"Clement Hampako","person_or_unclassified","North Western | Luapula","Kasempa | Mansa","38542-HQ-AMR | 41603-HQ-AMR","Approved","gold","1","7","Sand/Limestone (General)/Zinc","RESULTS OF THE 82ND MINING LICENSING COMMITTEE (MLC) MEETING HELD ON 11TH SEPTEMBER, 2024","https://www.mmmd.gov.zm/?p=3378"
"Cleopatra Mbewe","person_or_unclassified","North Western | Northern","Mufumbwe | Mpika","40379-HQ-AMR | 40439-HQ-AMR | 41396-HQ-AMR","Approved","gold","2","13","Gold/Malachite/Cobalt","RESULTS OF THE 87TH MINING LICENSING COMMITTEE (MLC) MEETING HELD ON 7TH MAY, 2025","https://www.mmmd.gov.zm/?p=4069"
"Clestmark Hardware Suppliers Limited","organization","Central","Mumbwa | Chibombo | Chibombo, Kapiri Mposhi","38316-HQ-SEL | 39885-HQ-LEL | 40013-HQ-LEL | 40008-HQ-SEL | 41466-HQ-MPL | 42264-HQ-MPL","Approved | APPROVED","critical_battery","5","14280","Gold/Copper/Cobalt","RESULTS OF THE 81ST MINING LICENSING COMMITTEE (MLC) MEETING HELD ON 31ST JULY, 2024","https://www.mmmd.gov.zm/?p=2923"
"Clestmark Investment Limited","organization","Copperbelt | Northern","Ndola | Mpika","36940-HQ-SEL | 40571-HQ-LEL","Approved","gemstones","1","14514","Lead/Iron Ore/Manganese","RESULTS OF THE 78TH MINING LICENSING COMMITTEE (MLC) MEETING HELD ON 27TH FEBRUARY TO 1ST MARCH 2024","https://www.mmmd.gov.zm/?p=2785"
"Clever Kalinda","person_or_unclassified","Central | Eastern","Kabwe | Nyimba | Chibombo","39995-HQ-AMR | 40600-HQ-AMR | 40644-HQ-AMR","Approved","industrial_minerals","1","7","Gravel/Sand/Sand and Gravel","RESULTS OF THE 85TH MINING LICENSING COMMITTEE (MLC) MEETING HELD ON 5TH MARCH, 2025","https://www.mmmd.gov.zm/?p=4013"
"Climax resources Zambia Limited","organization","North Western | Central","Kabompo | Mkushi | Chibombo","36870-HQ-SEL | 36783-HQ-SEL | 37207-HQ-LEL | 37208-HQ-LEL","Approved","critical_battery","4","5839","Zinc/Copper/Gold","RESULTS OF THE 77TH MINING LICENSING COMMITTEE (MLC) MEETING HELD ON 11TH TO 12TH JANUARY 2024","https://www.mmmd.gov.zm/?p=2675"
"Clinton  Mulenga","person_or_unclassified","Central | Luapula","Serenje | Kawambwa","36098-HQ-AMR | 36099-HQ-AMR | 36100-HQ-AMR | 37539-HQ-AMR | 38246-HQ-AMR","Approved | APPROVED","gemstones","1","7","Manganese/Quartz/Aquamarine","RESULTS OF THE 75TH MINING LICENSING COMMITTEE (MLC) MEETING HELD FROM 27TH TO 29TH SEPTEMBER 2023","https://www.mmmd.gov.zm/?p=2618"
"Clinton Mulenga","person_or_unclassified","Central | Luapula","Serenje | Kawambwa","36098-HQ-AMR | 36099-HQ-AMR | 36100-HQ-AMR | 37539-HQ-AMR | 38246-HQ-AMR","Approved | APPROVED","critical_battery","4","27","Quartz/Manganese/Copper","RESULTS OF THE 75TH MINING LICENSING COMMITTEE (MLC) MEETING HELD FROM 27TH TO 29TH SEPTEMBER 2023","https://www.mmmd.gov.zm/?p=2618"
"Closet Enterprises Limited","organization","North Western","Mufumbwe","33986-HQ-SEL","Approved","critical_battery","1","86","Manganese/Silver/Gold","RESULTS OF THE 82ND MINING LICENSING COMMITTEE (MLC) MEETING HELD ON 11TH SEPTEMBER, 2024","https://www.mmmd.gov.zm/?p=3378"
"CLS World Link Limited","organization","Central","Kapiri Mposhi, Mkushi | Mkushi","30271-HQ-LEL | 32060-HQ-LEL | 18575-HQ-SML | 18576-HQ-SML | 35186-HQ-LEL","Approved | Cancelled | Deferred | Rejected","gemstones","1","29302","Niobium (Columbium)/Nickel/Manganese","REMINDER ON RESULTS OF THE 70TH AND 71ST MINING LICENSING COMMITTEE (MLC) MEETINGS HELD IN FEBRUARY AND MARCH 2023","https://www.mmmd.gov.zm/?p=2555"
"CMRB Civil Service  and Consultancy Limited","organization","North Western","Kasempa, Mufumbwe | Mwinilunga","32029-HQ-LEL | 32047-HQ-SEL","Approved","critical_battery","2","10561","Nickel/Lithium/Quartz","RESULTS OF THE 72ND MINING LICENSING COMMITTEE (MLC) MEETING HELD FROM 17TH TO 22 MAY 2023","https://www.mmmd.gov.zm/?p=2559"
"CNMC Luanshya Copper Mines PLC","organization","Copperbelt","Luanshya","8097-HQ-LML","Approved","base_metals","7","12737","/Copper/Cobalt","RESULTS OF THE 78TH MINING LICENSING COMMITTEE (MLC) MEETING HELD ON 27TH FEBRUARY TO 1ST MARCH 2024","https://www.mmmd.gov.zm/?p=2785"
"Cob Global Printers and Suppliers Limited","organization","North Western | Central","Mwinilunga | Chibombo; Lusaka, Chongwe","32059-HQ-LEL | 32055-HQ-LEL","Approved","critical_battery","3","55058","Iron Ore/Zinc/Quartz","RESULTS OF THE 72ND MINING LICENSING COMMITTEE (MLC) MEETING HELD FROM 17TH TO 22 MAY 2023","https://www.mmmd.gov.zm/?p=2559"
"Coherent Company Limited","organization","Central","Mumbwa | Mumbwa; Southern, Itezhi Tezhi","36135-HQ-LEL | 37206-HQ-LEL","Approved","gemstones","2","22019","Gold/Copper/Talc-Soapstone","RESULTS OF THE 77TH MINING LICENSING COMMITTEE (MLC) MEETING HELD ON 11TH TO 12TH JANUARY 2024","https://www.mmmd.gov.zm/?p=2675"
"Colchi Farms Limited","organization","Lusaka","Chongwe","33960-HQ-SML | 28636-HQ-SML | 28638-HQ-SML | 38536-HQ-SEL","Approved | Cancelled","gold","3","1118","Limestone (General)/Gold/Cobalt","RESULTS OF THE 73RD MINING LICENSING COMMITTEE (MLC) MEETING HELD FROM 29TH TO 30TH JUNE 2023","https://www.mmmd.gov.zm/?p=2583"
"Collussion Mining Co-cooperative Society Limited","organization","Lusaka","Chongwe","39507-HQ-AMR","Approved","gemstones","1","7","Manganese/Lithium/Lead","RESULTS OF THE 87TH MINING LICENSING COMMITTEE (MLC) MEETING HELD ON 7TH MAY, 2025","https://www.mmmd.gov.zm/?p=4069"
"COMETOGETHER MULTI-PURPOSED CO-OPERATIVE SOCIETY LIMITED","organization","Eastern | Lusaka","Chadiza | Chongwe","37027-HQ-AMR | 37029-HQ-AMR","Approved | APPROVED","gemstones","2","13","Rare EarthsElements/Silver/Quartz","RESULTS OF THE 77TH MINING LICENSING COMMITTEE (MLC) MEETING HELD ON 11TH TO 12TH JANUARY 2024","https://www.mmmd.gov.zm/?p=2675"
"Commstack Investments Zambia Limited","organization","Central","Chibombo","40078-HQ-LEL | 40285-HQ-LEL","APPROVED | Approved","critical_battery","2","40902","Nickel/Silver/Zinc","RESULTS OF THE 87TH MINING LICENSING COMMITTEE (MLC) MEETING HELD ON 7TH MAY, 2025","https://www.mmmd.gov.zm/?p=4069"
"Compstat Limited","organization","","","30688-HQ-LEL","Cancelled","gemstones","1","1425","Quartz/Manganese/Tantalum","CANCELLATION OF NON-COMPLIANT MINING AND NON-MINING RIGHTS BY THE MINING LICENSING COMMITTEE (MLC)","https://www.mmmd.gov.zm/?p=2787"
"Concorde Construction","organization","Southern","Itezhi Tezhi","34406-HQ-LEL | 34407-HQ-LEL","Deferred | APPROVED","critical_battery","3","109105","Gold/Copper/Silver","RESULTS OF THE 81ST MINING LICENSING COMMITTEE (MLC) MEETING HELD ON 31ST JULY, 2024","https://www.mmmd.gov.zm/?p=2923"
"Concrete Structures Limited","organization","Lusaka","Kafue","34514-HQ-LEL | 29165-HQ-SEL | 29166-HQ-SEL","Cancelled","gemstones","1","3531","Iron Ore/Granite/Rare EarthsElements","RESULTS OF THE 76TH MINING LICENSING COMMITTEE (MLC) MEETING HELD ON 17TH AND 20TH NOVEMBER 2023","https://www.mmmd.gov.zm/?p=2640"
"Consolidated Gold Company of Zambia Limited","organization","North Western","Solwezi","35933-HQ-MPL","Deferred","gold","2","46","Gold","RESULTS OF THE 88TH MINING LICENSING COMMITTEE (MLC) MEETING HELD ON 30TH MAY, 2025","https://www.mmmd.gov.zm/?p=4111"
"Constantinou Menelaos Agathoklis Mining Company Limited","organization","Central","Mumbwa","30378-HQ-LEL | 30521-HQ-LEL | 30379-HQ-LEL | 30480-HQ-LEL","Approved | Cancelled","gold","3","50978","Gold/Copper/Cobalt","REMINDER ON RESULTS OF THE 70TH AND 71ST MINING LICENSING COMMITTEE (MLC) MEETINGS HELD IN FEBRUARY AND MARCH 2023","https://www.mmmd.gov.zm/?p=2555"
"Continental Mining Limited","organization","Central | Southern","Mumbwa; North Western, Kasempa | Sinazongwe","27169-HQ-SEL | 27168-HQ-SEL | 36811-HQ-SML","Rejected | Cancelled | Approved","energy_minerals","2","26","Coal","REMINDER ON RESULTS OF THE 70TH AND 71ST MINING LICENSING COMMITTEE (MLC) MEETINGS HELD IN FEBRUARY AND MARCH 2023","https://www.mmmd.gov.zm/?p=2555"
"Coolstone Resources Limited","organization","Eastern","Lundazi","36534-HQ-LEL","Approved","base_metals","1","14232","Copper/Cobalt","RESULTS OF THE 81ST MINING LICENSING COMMITTEE (MLC) MEETING HELD ON 31ST JULY, 2024","https://www.mmmd.gov.zm/?p=2923"
"Copper Anode Zambia Limited","organization","North Western | Central","Mufumbwe | Kabompo, Mufumbwe | Kapiri Mposhi; Copperbelt, Mpongwe | Solwezi","39726-HQ-LEL | 39734-HQ-LEL | 39742-HQ-LEL | 39743-HQ-LEL","DEFERRED | APPROVED | Approved","critical_battery","4","74550","Lead/Zinc/Gold","RESULTS OF THE 85TH MINING LICENSING COMMITTEE (MLC) MEETING HELD ON 5TH MARCH, 2025","https://www.mmmd.gov.zm/?p=4013"
"Copper Rockfield Mines Ltd","organization","Lusaka","Chongwe","26903-HQ-LEL | 27523-HQ-LEL | 37737-HQ-SEL","Cancelled","critical_battery","1","229","Silver/Tin/Uranium","CANCELLATION OF NON-COMPLIANT MINING AND NON-MINING RIGHTS BY THE MINING LICENSING COMMITTEE (MLC)","https://www.mmmd.gov.zm/?p=2787"
"Copper Zone Resources Ltd","organization","North Western","Solwezi","20323-HQ-LEL","Approved","critical_battery","1","7147","Rare EarthsElements/Manganese/Uranium","REMINDER ON RESULTS OF THE 70TH AND 71ST MINING LICENSING COMMITTEE (MLC) MEETINGS HELD IN FEBRUARY AND MARCH 2023","https://www.mmmd.gov.zm/?p=2555"
"Copperbelt Chemicals Zambia Limited","organization","Eastern","Petauke, Nyimba | Katete, Petauke","32341-HQ-LEL | 32410-HQ-LEL","Approved | Rejected","critical_battery","1","81311","Iron Ore/Manganese/Rare EarthsElements","RESULTS OF THE 72ND MINING LICENSING COMMITTEE (MLC) MEETING HELD FROM 17TH TO 22 MAY 2023","https://www.mmmd.gov.zm/?p=2559"
"Copperbelt University Investments Holdings Limited","organization","Luapula | Southern","Mwense | Sinazongwe","27233-HQ-LEL | 27167-HQ-SEL | 27232-HQ-LEL | 27234-HQ-LEL","Rejected | Approved | Cancelled","critical_battery","2","8242","Manganese","REMINDER ON RESULTS OF THE 70TH AND 71ST MINING LICENSING COMMITTEE (MLC) MEETINGS HELD IN FEBRUARY AND MARCH 2023","https://www.mmmd.gov.zm/?p=2555"
"Copperhead Company Limited","organization","","","12795-HQ-SML","Cancelled","critical_battery","1","297","Tin/Zinc/Silver","CANCELLATION OF NON-COMPLIANT MINING AND NON-MINING RIGHTS BY THE MINING LICENSING COMMITTEE (MLC)","https://www.mmmd.gov.zm/?p=2787"
"Copperzone Resources Limited","organization","North Western | Central","Solwezi | Kabwe, Kapiri Mposhi","20329-HQ-LEL | 24086-HQ-LEL | 20330-HQ-LEL | 29107-HQ-LEL","Approved | Cancelled","critical_battery","4","51357","Manganese/Uranium/Rare EarthsElements","RESULTS OF THE 73RD MINING LICENSING COMMITTEE (MLC) MEETING HELD FROM 29TH TO 30TH JUNE 2023","https://www.mmmd.gov.zm/?p=2583"
"CORE LODE INVESTMENTS LIMITED","organization","Eastern | Central | Lusaka","Lundazi | Mumbwa | Chongwe | Petauke","38851-HQ-LEL | 38849-HQ-LEL | 38922-HQ-LEL | 38931-HQ-LEL | 39012-HQ-LEL","Approved","gemstones","5","44689","Emerald/Gold/Nickel","RESULTS OF THE 83RD MINING LICENSING COMMITTEE (MLC) MEETING HELD ON 30TH OCTOBER, 2024","https://www.mmmd.gov.zm/?p=3515"
"Costele Mining Limited","organization","North Western","Kasempa","33005-HQ-LEL | 38602-HQ-LML","Approved | Deferred","gemstones","2","18604","Iron Ore/Silver/Copper","RESULTS OF THE 73RD MINING LICENSING COMMITTEE (MLC) MEETING HELD FROM 29TH TO 30TH JUNE 2023","https://www.mmmd.gov.zm/?p=2583"
"Covenant King Mining Limited","organization","North Western","Mufumbwe","8479-HQ-SML","Deferred | Approved","base_metals","1","389","Copper","REMINDER ON RESULTS OF THE 70TH AND 71ST MINING LICENSING COMMITTEE (MLC) MEETINGS HELD IN FEBRUARY AND MARCH 2023","https://www.mmmd.gov.zm/?p=2555"
"COZ MINERALS LIMITED","organization","Copperbelt","Chingola","37783-HQ-MPL","Deferred | Approved","base_metals","1","53","Copper","RESULTS OF THE 80TH MINING LICENSING COMMITTEE (MLC) MEETING HELD ON 6TH TO 7TH AND 10TH JUNE 2024","https://www.mmmd.gov.zm/?p=2849"
"CQL Investments Zambia Limited","organization","North Western | Southern","Mwinilunga | Gwembe | Sinazongwe","37947-HQ-LEL | 37949-HQ-LEL | 38403-HQ-LEL","Approved | Rejected","gemstones","2","7165","Copper/Cobalt/Coal","RESULTS OF THE 81ST MINING LICENSING COMMITTEE (MLC) MEETING HELD ON 31ST JULY, 2024","https://www.mmmd.gov.zm/?p=2923"
"Crescent Industries Limited","organization","Northern | Central","Mpika | Serenje","36068-HQ-LEL | 37893-HQ-LEL | 37727-HQ-SEL","Approved","gemstones","3","95109","Iron Ore/Copper/Gold","SUBJECT: RESULTS OF THE 79TH MINING LICENSING COMMITTEE (MLC) MEETING HELD ON 11TH TO 12TH APRIL 2024","https://www.mmmd.gov.zm/?p=2794"
"Crescent Mineral Resources Limited","organization","Northern","Chinsali, Mpika | Chinsali","37717-HQ-LEL | 38663-HQ-MPL","Approved","critical_battery","2","4887","Gold/Silver/Manganese","RESULTS OF THE 80TH MINING LICENSING COMMITTEE (MLC) MEETING HELD ON 6TH TO 7TH AND 10TH JUNE 2024","https://www.mmmd.gov.zm/?p=2849"
"Cross Country Mining Ltd","organization","Copperbelt","Lufwanyama","8351-HQ-SML","Deferred | Approved | Cancelled","gemstones","2","275","Emerald","REMINDER ON RESULTS OF THE 70TH AND 71ST MINING LICENSING COMMITTEE (MLC) MEETINGS HELD IN FEBRUARY AND MARCH 2023","https://www.mmmd.gov.zm/?p=2555"
"Crustern Investments Limited","organization","North Western | Western | Copperbelt","Kasempa | Mufumbwe | Kaoma | Chililabombwe","37485-HQ-LEL | 38282-HQ-LEL | 36354-HQ-SEL | 38781-HQ-SEL","Approved | Deferred | Rejected","critical_battery","4","30495","Gold/Copper/Cobalt","SUBJECT: RESULTS OF THE 79TH MINING LICENSING COMMITTEE (MLC) MEETING HELD ON 11TH TO 12TH APRIL 2024","https://www.mmmd.gov.zm/?p=2794"
"Cupwell Ngambi","person_or_unclassified","Copperbelt","Chingola","24767-HQ-AMR","Approved","gold","1","7","Iron Ore/Quartz/Silver","RESULTS OF THE 72ND MINING LICENSING COMMITTEE (MLC) MEETING HELD FROM 17TH TO 22 MAY 2023","https://www.mmmd.gov.zm/?p=2559"
"Curprite Geoservices Limited","organization","North Western | Lusaka | Northern","Solwezi | Luangwa | Mwinilunga | Chinsali","33445-HQ-LEL | 33447-HQ-LEL | 33448-HQ-LEL | 33446-HQ-LEL | 33449-HQ-LEL | 38662-HQ-MPL | 39028-HQ-SEL","Approved | APPROVED","gemstones","6","152543","Gold/Copper/Cobalt","RESULTS OF THE 72ND MINING LICENSING COMMITTEE (MLC) MEETING HELD FROM 17TH TO 22 MAY 2023","https://www.mmmd.gov.zm/?p=2559"
"Cynatra Trading Limited","organization","North Western","Mufumbwe","32435-HQ-SEL","Approved","gemstones","1","499","Manganese/Lithium/Quartz","RESULTS OF THE 73RD MINING LICENSING COMMITTEE (MLC) MEETING HELD FROM 29TH TO 30TH JUNE 2023","https://www.mmmd.gov.zm/?p=2583"
"Cynthia Mwila","person_or_unclassified","Central","Serenje","24762-HQ-AMR","","gemstones","1","7","Manganese/Quartz/Iron Ore","REMINDER ON RESULTS OF THE 70TH AND 71ST MINING LICENSING COMMITTEE (MLC) MEETINGS HELD IN FEBRUARY AND MARCH 2023","https://www.mmmd.gov.zm/?p=2555"
"Cz Environmental Solutions Limited","organization","North Western | Central","Kasempa | Serenje","36414-HQ-SEL | 37512-HQ-LEL","Approved","gemstones","2","13499","Quartz/Precious Gems/Rare EarthsElements","RESULTS OF THE 77TH MINING LICENSING COMMITTEE (MLC) MEETING HELD ON 11TH TO 12TH JANUARY 2024","https://www.mmmd.gov.zm/?p=2675"
"Dabe Investments Limited","organization","North Western | Southern","Mufumbwe | Mazabuka","37506-HQ-SEL | 37367-HQ-SEL | 37424-HQ-SEL","Approved","gemstones","3","2364","Manganese/Emerald/Gold","RESULTS OF THE 80TH MINING LICENSING COMMITTEE (MLC) MEETING HELD ON 6TH TO 7TH AND 10TH JUNE 2024","https://www.mmmd.gov.zm/?p=2849"
"Dabun Mining Company Limited","organization","Lusaka","Chongwe","32181-HQ-LEL","","gold","1","8941","Gold/Copper/Cobalt","RESULTS OF THE 74TH MINING LICENSING COMMITTEE (MLC) MEETING HELD FROM 3RD TO 4TH AUGUST 2023","https://www.mmmd.gov.zm/?p=2598"
"DAHKANY MINING RESOURCES LIMITED","organization","Eastern | Lusaka","Chama, Lundazi | Chama | Chongwe","38915-HQ-LEL | 39119-HQ-LEL | 41559-HQ-SEL","Approved | APPROVED","gemstones","2","95592","Copper/Tantalum/Tungsten","RESULTS OF THE 84TH MINING LICENSING COMMITTEE (MLC) MEETING HELD ON 12TH DECEMBER, 2024","https://www.mmmd.gov.zm/?p=3780"
"Dalitso Moyo","person_or_unclassified","Lusaka | North Western","Kafue | Mwinilunga","36242-HQ-AMR | 38051-HQ-AMR","Approved","gemstones","2","13","Cobalt/Tourmaline/Copper","RESULTS OF THE 80TH MINING LICENSING COMMITTEE (MLC) MEETING HELD ON 6TH TO 7TH AND 10TH JUNE 2024","https://www.mmmd.gov.zm/?p=2849"
"Dalmar Investments Limited","organization","Central","Mumbwa","40098-HQ-MPL","Approved","gold","1","7","Gold/Copper","RESULTS OF THE 87TH MINING LICENSING COMMITTEE (MLC) MEETING HELD ON 7TH MAY, 2025","https://www.mmmd.gov.zm/?p=4069"
"Dalobelt Zambia Limited","organization","Central","Chibombo","19852-HQ-SML | 19853-HQ-SML","Cancelled | Approved","critical_battery","2","787","Lead/Manganese/Zinc","CANCELLATION OF NON-COMPLIANT MINING AND NON-MINING RIGHTS BY THE MINING LICENSING COMMITTEE (MLC)","https://www.mmmd.gov.zm/?p=2787"
"Dam Carriers And Logistics Zambia Limited","organization","Eastern","Chama; Northern, Mpika","33990-HQ-LEL","","gemstones","1","19336","Rare EarthsElements/Lithium/Zinc","RESULTS OF THE 74TH MINING LICENSING COMMITTEE (MLC) MEETING HELD FROM 3RD TO 4TH AUGUST 2023","https://www.mmmd.gov.zm/?p=2598"
"damashi resources limited.","organization","Copperbelt","Lufwanyama; North Western, Solwezi","37702-HQ-LEL","","gemstones","1","3141","Limestone (General)/Iron Ore/Quartz","RESULTS OF THE 83RD MINING LICENSING COMMITTEE (MLC) MEETING HELD ON 30TH OCTOBER, 2024","https://www.mmmd.gov.zm/?p=3515"
"DAMATECH MINING LIMITED","organization","North Western | Copperbelt | Southern","Mufumbwe | Kabompo, Mwinilunga | Lufwanyama | Mazabuka","36591-HQ-LEL | 36592-HQ-LEL | 39964-HQ-SEL | 39976-HQ-SEL | 41102-HQ-SEL","Approved","gemstones","4","32817","Platinum/Lead/Zinc","RESULTS OF THE 77TH MINING LICENSING COMMITTEE (MLC) MEETING HELD ON 11TH TO 12TH JANUARY 2024","https://www.mmmd.gov.zm/?p=2675"
"Damayacha Mining Limited","organization","Eastern | Copperbelt","Nyimba | Lufwanyama","36821-HQ-SEL | 36522-HQ-SEL","Deferred | Approved | APPROVED","gemstones","1","765","Tantalum/Tourmaline/Quartz","RESULTS OF THE 82ND MINING LICENSING COMMITTEE (MLC) MEETING HELD ON 11TH SEPTEMBER, 2024","https://www.mmmd.gov.zm/?p=3378"
"Dangote Quarries Zambia Limited","organization","Lusaka","Kafue","23261-HQ-LEL","","industrial_minerals","2","2121","Limestone (General)","RESULTS OF THE 74TH MINING LICENSING COMMITTEE (MLC) MEETING HELD FROM 3RD TO 4TH AUGUST 2023","https://www.mmmd.gov.zm/?p=2598"
"Daniel  Mulenga","person_or_unclassified","North Western","Solwezi","38212-HQ-AMR","Approved","gemstones","1","7","Lead/Iron Ore/Manganese","RESULTS OF THE 82ND MINING LICENSING COMMITTEE (MLC) MEETING HELD ON 11TH SEPTEMBER, 2024","https://www.mmmd.gov.zm/?p=3378"
"Daniel Chola Ponde","person_or_unclassified","","","19305-HQ-SML","Cancelled","industrial_minerals","1","3","Stone/Silica","CANCELLATION OF NON-COMPLIANT MINING AND NON-MINING RIGHTS BY THE MINING LICENSING COMMITTEE (MLC)","https://www.mmmd.gov.zm/?p=2787"
"Daniel Madiangi","person_or_unclassified","Central","Mkushi","37391-HQ-AMR | 37392-HQ-AMR","Approved","critical_battery","2","9","Rare EarthsElements/Tantalum/Thorium","SUBJECT: RESULTS OF THE 79TH MINING LICENSING COMMITTEE (MLC) MEETING HELD ON 11TH TO 12TH APRIL 2024","https://www.mmmd.gov.zm/?p=2794"
"Daniel Mbewe","person_or_unclassified","North Western","Solwezi","38567-HQ-AMR","Approved","gemstones","1","7","Mineral Sands/Nickel/Manganese","RESULTS OF THE 82ND MINING LICENSING COMMITTEE (MLC) MEETING HELD ON 11TH SEPTEMBER, 2024","https://www.mmmd.gov.zm/?p=3378"
"Daniel Mwanza","person_or_unclassified","North Western","Kasempa","38528-HQ-AMR | 38529-HQ-AMR","","critical_battery","2","13","Zinc/Nickel/Silver","RESULTS OF THE 83RD MINING LICENSING COMMITTEE (MLC) MEETING HELD ON 30TH OCTOBER, 2024","https://www.mmmd.gov.zm/?p=3515"
"Danita Import and Export Logistics Limited","organization","North Western | Central","Mwinilunga, Solwezi | Kabompo, Zambezi | Mkushi | Solwezi | Chibombo, Mumbwa","32124-HQ-LEL | 32195-HQ-LEL | 32122-HQ-LEL | 32260-HQ-LEL | 38608-HQ-LEL","Approved | Rejected","critical_battery","4","50152","Iron Ore/Manganese/Copper","RESULTS OF THE 72ND MINING LICENSING COMMITTEE (MLC) MEETING HELD FROM 17TH TO 22 MAY 2023","https://www.mmmd.gov.zm/?p=2559"
"Danny Chewe Mwila","person_or_unclassified","Central","Mkushi","27313-HQ-AMR","","critical_battery","1","7","Manganese/Platinum/Gold","REMINDER ON RESULTS OF THE 70TH AND 71ST MINING LICENSING COMMITTEE (MLC) MEETINGS HELD IN FEBRUARY AND MARCH 2023","https://www.mmmd.gov.zm/?p=2555"
"Danny Uthman Phiri","person_or_unclassified","Central","Kabwe","32787-HQ-AMR","Approved","critical_battery","1","7","Manganese/Zinc/Lead","RESULTS OF THE 72ND MINING LICENSING COMMITTEE (MLC) MEETING HELD FROM 17TH TO 22 MAY 2023","https://www.mmmd.gov.zm/?p=2559"
"Darijo Mining Limited","organization","Southern","Itezhi Tezhi","38785-HQ-SEL","Approved","gemstones","1","269","Gold/Gemstones/Malachite","RESULTS OF THE 84TH MINING LICENSING COMMITTEE (MLC) MEETING HELD ON 12TH DECEMBER, 2024","https://www.mmmd.gov.zm/?p=3780"
"Darius Mukwamba","person_or_unclassified","Central","Kapiri Mposhi","30827-HQ-AMR","","gemstones","1","7","Silver/Quartz/Zinc","REMINDER ON RESULTS OF THE 70TH AND 71ST MINING LICENSING COMMITTEE (MLC) MEETINGS HELD IN FEBRUARY AND MARCH 2023","https://www.mmmd.gov.zm/?p=2555"
"Daron Mining and Exploration Limited","organization","Central | Southern","Chibombo, Kapiri Mposhi | Itezhi Tezhi","36891-HQ-LEL | 39102-HQ-SEL","Approved","gemstones","1","13","Garnet/Emerald/Gold","RESULTS OF THE 83RD MINING LICENSING COMMITTEE (MLC) MEETING HELD ON 30TH OCTOBER, 2024","https://www.mmmd.gov.zm/?p=3515"
"DAS Overseas Limited","organization","Luapula","Mansa","40044-HQ-LML","Approved","critical_battery","3","45831","Manganese/Tin/Zinc","RESULTS OF THE 87TH MINING LICENSING COMMITTEE (MLC) MEETING HELD ON 7TH MAY, 2025","https://www.mmmd.gov.zm/?p=4069"
"Dash Logistics & Mining Services Limited","organization","Copperbelt","Mpongwe","32691-HQ-SML","Approved","base_metals","1","396","Silica/Copper/Cobalt","RESULTS OF THE 81ST MINING LICENSING COMMITTEE (MLC) MEETING HELD ON 31ST JULY, 2024","https://www.mmmd.gov.zm/?p=2923"
"Dashun Industry Company Limited","organization","Central","Kabwe | Serenje","27407-HQ-MPL | 27408-HQ-MPL | 38965-HQ-SEL","Rejected | Approved on Condition | Cancelled | Approved","critical_battery","2","810","Zinc/Silica/Limestone (General)","REMINDER ON RESULTS OF THE 70TH AND 71ST MINING LICENSING COMMITTEE (MLC) MEETINGS HELD IN FEBRUARY AND MARCH 2023","https://www.mmmd.gov.zm/?p=2555"
"Dason Zambia Limited","organization","Eastern | Copperbelt | Southern","Nyimba; Lusaka, Chongwe, Luangwa | Lufwanyama; North Western, Solwezi | Kalomo","28573-HQ-LML | 25806-HQ-LEL | 24685-HQ-LEL | 25331-HQ-SEL | 13227-HQ-SML | 36653-HQ-SML","Rejected | Approved | Deferred | Cancelled | REJECTED","gemstones","3","49731","Gold/Copper/Cobalt","REMINDER ON RESULTS OF THE 70TH AND 71ST MINING LICENSING COMMITTEE (MLC) MEETINGS HELD IN FEBRUARY AND MARCH 2023","https://www.mmmd.gov.zm/?p=2555"
"Datong Industry Corporation Limited","organization","Central","Serenje","36819-HQ-LEL","Approved","critical_battery","1","65884","Iron Ore/Manganese/Copper","RESULTS OF THE 77TH MINING LICENSING COMMITTEE (MLC) MEETING HELD ON 11TH TO 12TH JANUARY 2024","https://www.mmmd.gov.zm/?p=2675"
"David  Phiri","person_or_unclassified","Eastern","Petauke","35555-HQ-AMR","Deferred | Approved","gemstones","1","7","Phosphorus-Phosphates/Limestone (General)/Titanium","RESULTS OF THE 76TH MINING LICENSING COMMITTEE (MLC) MEETING HELD ON 17TH AND 20TH NOVEMBER 2023","https://www.mmmd.gov.zm/?p=2640"
"David  Sakayombo","person_or_unclassified","Central","Serenje","36178-HQ-AMR","Approved","critical_battery","1","7","Sand and Gravel/Manganese","RESULTS OF THE 84TH MINING LICENSING COMMITTEE (MLC) MEETING HELD ON 12TH DECEMBER, 2024","https://www.mmmd.gov.zm/?p=3780"
"David  Siwale","person_or_unclassified","North Western","Mwinilunga","39167-HQ-AMR","Approved","critical_battery","1","3","Manganese/Sand/Zinc","RESULTS OF THE 85TH MINING LICENSING COMMITTEE (MLC) MEETING HELD ON 5TH MARCH, 2025","https://www.mmmd.gov.zm/?p=4013"
"David Chikopa Enterprises","organization","Central","Mumbwa","18087-HQ-SML","Approved | Cancelled","gold","1","7","Iron Ore/Lead/Zinc","RESULTS OF THE 72ND MINING LICENSING COMMITTEE (MLC) MEETING HELD FROM 17TH TO 22 MAY 2023","https://www.mmmd.gov.zm/?p=2559"
"David Chiwoma","person_or_unclassified","North Western","Mwinilunga","33671-HQ-AMR","Approved","industrial_minerals","1","7","Sandstone/Silica/Mineral Sands","RESULTS OF THE 74TH MINING LICENSING COMMITTEE (MLC) MEETING HELD FROM 3RD TO 4TH AUGUST 2023","https://www.mmmd.gov.zm/?p=2598"
"David Kaminya","person_or_unclassified","Lusaka","Chongwe","38678-HQ-AMR | 38679-HQ-AMR","","gold","2","13","Iron Ore/Zinc/Gold","RESULTS OF THE 83RD MINING LICENSING COMMITTEE (MLC) MEETING HELD ON 30TH OCTOBER, 2024","https://www.mmmd.gov.zm/?p=3515"
"David Kasongo","person_or_unclassified","Central","Mumbwa","36029-HQ-AMR","Approved","gemstones","1","7","Iron Ore/Anhydrite/Zinc","RESULTS OF THE 80TH MINING LICENSING COMMITTEE (MLC) MEETING HELD ON 6TH TO 7TH AND 10TH JUNE 2024","https://www.mmmd.gov.zm/?p=2849"
"David Kasote","person_or_unclassified","Southern","Itezhi Tezhi","34293-HQ-AMR","Approved","gemstones","1","7","Quartz/Sand and Gravel/Citrine","RESULTS OF THE 76TH MINING LICENSING COMMITTEE (MLC) MEETING HELD ON 17TH AND 20TH NOVEMBER 2023","https://www.mmmd.gov.zm/?p=2640"
"David Matongo","person_or_unclassified","Luapula","Milenge","37440-HQ-AMR | 37441-HQ-AMR | 37442-HQ-AMR","Approved | Deferred | Rejected","gemstones","2","13","Malachite/Manganese/Lead","SUBJECT: RESULTS OF THE 79TH MINING LICENSING COMMITTEE (MLC) MEETING HELD ON 11TH TO 12TH APRIL 2024","https://www.mmmd.gov.zm/?p=2794"
"David Simbeye","person_or_unclassified","Central","Kapiri Mposhi","33755-HQ-AMR","Approved","gemstones","1","7","Garnet/Quartz/Tourmaline","SUBJECT: RESULTS OF THE 79TH MINING LICENSING COMMITTEE (MLC) MEETING HELD ON 11TH TO 12TH APRIL 2024","https://www.mmmd.gov.zm/?p=2794"
"Davie Makungu","person_or_unclassified","Northern","Mbala","32713-HQ-AMR","Approved","critical_battery","1","7","Lead/Manganese/Zinc","RESULTS OF THE 73RD MINING LICENSING COMMITTEE (MLC) MEETING HELD FROM 29TH TO 30TH JUNE 2023","https://www.mmmd.gov.zm/?p=2583"
"Davies Kabwe Chanda","person_or_unclassified","Northern","Luwingu","33163-HQ-AMR","APPROVED","critical_battery","1","7","Lead/Manganese/Quartz","RESULTS OF THE 75TH MINING LICENSING COMMITTEE (MLC) MEETING HELD FROM 27TH TO 29TH SEPTEMBER 2023","https://www.mmmd.gov.zm/?p=2618"
"Davies Kuuya","person_or_unclassified","Lusaka","Chongwe","39194-HQ-AMR","Approved","critical_battery","1","7","Silver/Tin/Zinc","RESULTS OF THE 85TH MINING LICENSING COMMITTEE (MLC) MEETING HELD ON 5TH MARCH, 2025","https://www.mmmd.gov.zm/?p=4013"
"Davies Simwinga","person_or_unclassified","Copperbelt","Chililabombwe, Chingola","18666-HQ-AMR","Deferred | Approved","base_metals","1","7","Sandstone/Copper","REMINDER ON RESULTS OF THE 70TH AND 71ST MINING LICENSING COMMITTEE (MLC) MEETINGS HELD IN FEBRUARY AND MARCH 2023","https://www.mmmd.gov.zm/?p=2555"
"Davious Yikona","person_or_unclassified","North Western","Mwinilunga","27947-HQ-AMR","Approved | Deferred","gemstones","1","3","Gold/Tourmaline/Copper","RESULTS OF THE 72ND MINING LICENSING COMMITTEE (MLC) MEETING HELD FROM 17TH TO 22 MAY 2023","https://www.mmmd.gov.zm/?p=2559"
"Davis Mwanamoya","person_or_unclassified","Eastern","Lundazi","19883-HQ-SEL","Deferred | DEFERRED | rejected","gold","2","7","Silver/Zinc/Gold","RESULTS OF THE 82ND MINING LICENSING COMMITTEE (MLC) MEETING HELD ON 11TH SEPTEMBER, 2024","https://www.mmmd.gov.zm/?p=3378"
"Davy Allen Chindumba","person_or_unclassified","Copperbelt","Mufulira","25870-HQ-AMR","Deferred","critical_battery","1","7","Manganese/Silver/Zinc","RESULTS OF THE 78TH MINING LICENSING COMMITTEE (MLC) MEETING HELD ON 27TH FEBRUARY TO 1ST MARCH 2024","https://www.mmmd.gov.zm/?p=2785"
"Davy Katongo  Mpangayonse","person_or_unclassified","North Western","Solwezi","39960-HQ-AMR | 39961-HQ-AMR","Approved","gemstones","2","13","Copper/Gold/Amethyst","RESULTS OF THE 85TH MINING LICENSING COMMITTEE (MLC) MEETING HELD ON 5TH MARCH, 2025","https://www.mmmd.gov.zm/?p=4013"
"DAWOOD GEMS AND JEWELRY LIMITED","organization","Northern","Mpika","38205-HQ-LEL","","gemstones","1","15651","Lead/Iron Ore/Manganese","RESULTS OF THE 83RD MINING LICENSING COMMITTEE (MLC) MEETING HELD ON 30TH OCTOBER, 2024","https://www.mmmd.gov.zm/?p=3515"
"Daxing Mining Company Limited","organization","Central","Serenje","35951-HQ-MPL","APPROVED","critical_battery","1","13","Manganese","RESULTS OF THE 75TH MINING LICENSING COMMITTEE (MLC) MEETING HELD FROM 27TH TO 29TH SEPTEMBER 2023","https://www.mmmd.gov.zm/?p=2618"
"Day Break Mining and Exploration Limited","organization","Southern","Gwembe | Gwembe, Siavonga","40375-HQ-SEL | 40374-HQ-SEL","Approved","critical_battery","2","197","Malachite/Lead/Iron Ore","RESULTS OF THE 87TH MINING LICENSING COMMITTEE (MLC) MEETING HELD ON 7TH MAY, 2025","https://www.mmmd.gov.zm/?p=4069"
"Daylight Technologies Zambia Limited","organization","Lusaka","Kafue; Southern, Mazabuka","30342-HQ-LEL","","gemstones","1","10556","Niobium (Columbium)/Manganese/Silver","REMINDER ON RESULTS OF THE 70TH AND 71ST MINING LICENSING COMMITTEE (MLC) MEETINGS HELD IN FEBRUARY AND MARCH 2023","https://www.mmmd.gov.zm/?p=2555"
"Deacons Mines Limited","organization","Luapula | Central","Mansa | Mumbwa; North Western, Kasempa | Serenje | Mkushi","35584-HQ-SEL | 23746-HQ-SEL | 35976-HQ-SML | 38930-HQ-LEL | 39248-HQ-SEL | 39250-HQ-SEL","Approved | Cancelled | Deferred | Rejected","gemstones","5","4145","Copper/Gold/Iron Ore","RESULTS OF THE 78TH MINING LICENSING COMMITTEE (MLC) MEETING HELD ON 27TH FEBRUARY TO 1ST MARCH 2024","https://www.mmmd.gov.zm/?p=2785"
"Dean Mweetwa Mwaanga","person_or_unclassified","Southern","Kalomo","33654-HQ-AMR","Approved","gemstones","1","7","Quartz/Niobium (Columbium)/Aquamarine","RESULTS OF THE 74TH MINING LICENSING COMMITTEE (MLC) MEETING HELD FROM 3RD TO 4TH AUGUST 2023","https://www.mmmd.gov.zm/?p=2598"
"Deco Luck Investments Limited","organization","Lusaka","Chongwe, Kafue","38673-HQ-LML","","critical_battery","2","13844","Iron Ore/Nickel/Gold","RESULTS OF THE 83RD MINING LICENSING COMMITTEE (MLC) MEETING HELD ON 30TH OCTOBER, 2024","https://www.mmmd.gov.zm/?p=3515"
"Dee Bees Store Limited","organization","Southern","Choma | Gwembe, Siavonga","38846-HQ-SEL | 40168-HQ-SEL","Approved | DEFERRED","gemstones","1","20","Limestone (General)/Iron Ore/Anhydrite","RESULTS OF THE 84TH MINING LICENSING COMMITTEE (MLC) MEETING HELD ON 12TH DECEMBER, 2024","https://www.mmmd.gov.zm/?p=3780"
"Delta Electrical Work and Suppliers Limited","organization","Central","Mumbwa","36090-HQ-SEL | 39706-HQ-SML | 41268-HQ-SEL","Approved | Rejected","gold","1","439","Gold/Iron Ore/Cobalt","SUBJECT: RESULTS OF THE 79TH MINING LICENSING COMMITTEE (MLC) MEETING HELD ON 11TH TO 12TH APRIL 2024","https://www.mmmd.gov.zm/?p=2794"
"Delta-Zone Mining & Exploration Limited","organization","Central | Copperbelt","Kapiri Mposhi | Mpongwe","37892-HQ-LEL | 39303-HQ-SEL","Approved","gemstones","1","951","Nickel/Manganese/Quartz","RESULTS OF THE 80TH MINING LICENSING COMMITTEE (MLC) MEETING HELD ON 6TH TO 7TH AND 10TH JUNE 2024","https://www.mmmd.gov.zm/?p=2849"
"Denise Musaba","person_or_unclassified","North Western","Solwezi","36131-HQ-AMR","Approved","gold","1","7","Iron Ore/Lead/Zinc","SUBJECT: RESULTS OF THE 79TH MINING LICENSING COMMITTEE (MLC) MEETING HELD ON 11TH TO 12TH APRIL 2024","https://www.mmmd.gov.zm/?p=2794"
"Dennis Simuzosha Chitalu","person_or_unclassified","Northern","Chinsali, Mpika","38653-HQ-AMR","Approved","critical_battery","1","7","Lead/Manganese/Zinc","RESULTS OF THE 82ND MINING LICENSING COMMITTEE (MLC) MEETING HELD ON 11TH SEPTEMBER, 2024","https://www.mmmd.gov.zm/?p=3378"
"Denny Nyoni Enterprise Limited","organization","Southern","Siavonga","30139-HQ-SEL | 30142-HQ-SEL","Approved | Cancelled","industrial_minerals","1","167","Quartz/Sand and Gravel/Stone","REMINDER ON RESULTS OF THE 70TH AND 71ST MINING LICENSING COMMITTEE (MLC) MEETINGS HELD IN FEBRUARY AND MARCH 2023","https://www.mmmd.gov.zm/?p=2555"
"Derick Chilumbu","person_or_unclassified","Central","Mumbwa","38633-HQ-AMR","","gold","1","7","Gold","RESULTS OF THE 83RD MINING LICENSING COMMITTEE (MLC) MEETING HELD ON 30TH OCTOBER, 2024","https://www.mmmd.gov.zm/?p=3515"
"Derrick Lombe   Mwamba","person_or_unclassified","Eastern","Petauke","34147-HQ-AMR","Approved","critical_battery","1","7","Nickel/Manganese/Zinc","RESULTS OF THE 74TH MINING LICENSING COMMITTEE (MLC) MEETING HELD FROM 3RD TO 4TH AUGUST 2023","https://www.mmmd.gov.zm/?p=2598"
"Des Export Zambia Limited","organization","Central","Mumbwa","37236-HQ-MPL | 38184-HQ-LEL | 38186-HQ-LEL","Deferred | Approved | Rejected","gold","1","10","Gold","RESULTS OF THE 80TH MINING LICENSING COMMITTEE (MLC) MEETING HELD ON 6TH TO 7TH AND 10TH JUNE 2024","https://www.mmmd.gov.zm/?p=2849"
"Desai Miyoba","person_or_unclassified","Central","Mumbwa","31059-HQ-AMR | 31060-HQ-AMR","Approved","gemstones","2","10","Ruby/Emerald","RESULTS OF THE 72ND MINING LICENSING COMMITTEE (MLC) MEETING HELD FROM 17TH TO 22 MAY 2023","https://www.mmmd.gov.zm/?p=2559"
"Designer Rocks Zambia Limited","organization","Central | Eastern","Chibombo, Mumbwa; Lusaka, Kafue | Chama | Kapiri Mposhi | Chibombo, Kabwe, Kapiri Mposhi","22101-HQ-LEL | 25671-HQ-SEL | 25828-HQ-SEL | 26140-HQ-LEL | 20836-HQ-LEL","Rejected | Deferred | Cancelled","gold","4","18877","Limestone (General)/Marble/Dolomite","REMINDER ON RESULTS OF THE 70TH AND 71ST MINING LICENSING COMMITTEE (MLC) MEETINGS HELD IN FEBRUARY AND MARCH 2023","https://www.mmmd.gov.zm/?p=2555"
"Devaberakhah Mining Zambia Limited","organization","","","27832-HQ-LEL | 27660-HQ-LEL | 29420-HQ-LEL","Cancelled","gemstones","1","13346","Nickel/Lead/Zinc","CANCELLATION OF NON-COMPLIANT MINING AND NON-MINING RIGHTS BY THE MINING LICENSING COMMITTEE (MLC)","https://www.mmmd.gov.zm/?p=2787"
"Dexing Zambia Metallurgical Mining Company Limited","organization","North Western | Eastern","Mufumbwe; Western, Kaoma | Nyimba","40051-HQ-LEL | 40531-HQ-LEL","Deferred | Approved","gold","1","4275","Malachite/Silver/Zinc","RESULTS OF THE 88TH MINING LICENSING COMMITTEE (MLC) MEETING HELD ON 30TH MAY, 2025","https://www.mmmd.gov.zm/?p=4111"
"Dharani Mining Limited","organization","North Western","Kabompo, Mwinilunga","27272-HQ-LEL | 38173-HQ-LML","Cancelled","base_metals","1","24453","Lead/Zinc/Iron Ore","CANCELLATION OF NON-COMPLIANT MINING AND NON-MINING RIGHTS BY THE MINING LICENSING COMMITTEE (MLC)","https://www.mmmd.gov.zm/?p=2787"
"Dharti Mining Limited","organization","North Western","Solwezi","35270-HQ-LEL | 35010-HQ-LEL","APPROVED | Deferred | Approved","gemstones","2","35704","Zinc/Beryllium/Emerald","RESULTS OF THE 75TH MINING LICENSING COMMITTEE (MLC) MEETING HELD FROM 27TH TO 29TH SEPTEMBER 2023","https://www.mmmd.gov.zm/?p=2618"
"Dhoonde Logistics Limited","organization","North Western","Mufumbwe","36757-HQ-SEL","Approved","gold","1","835","Iron Ore/Silver/Copper","RESULTS OF THE 77TH MINING LICENSING COMMITTEE (MLC) MEETING HELD ON 11TH TO 12TH JANUARY 2024","https://www.mmmd.gov.zm/?p=2675"
"Diakite Minerals Purple Gem Limited","organization","","","17743-HQ-SML","Cancelled","gemstones","1","134","Tantalum/Tin/Zinc","CANCELLATION OF NON-COMPLIANT MINING AND NON-MINING RIGHTS BY THE MINING LICENSING COMMITTEE (MLC)","https://www.mmmd.gov.zm/?p=2787"
"Diars Mining Limited","organization","Central | Southern | North Western","Kapiri Mposhi, Mumbwa; North Western, Kasempa | Kazungula | Kabompo, Mufumbwe, Mwinilunga","34655-HQ-LEL | 34677-HQ-LEL | 34659-HQ-LEL","APPROVED | Deferred | Approved | Rejected","gemstones","1","42610","Manganese/Limestone (General)/Iron Ore","RESULTS OF THE 75TH MINING LICENSING COMMITTEE (MLC) MEETING HELD FROM 27TH TO 29TH SEPTEMBER 2023","https://www.mmmd.gov.zm/?p=2618"
"Dibri Investment Limited","organization","North Western | Southern | Copperbelt","Mwinilunga | Kalomo | Gwembe, Monze | Lufwanyama","37997-HQ-LEL | 38790-HQ-SEL | 39938-HQ-LEL | 40299-HQ-SEL","Approved | REJECTED | Deferred | Rejected","gemstones","1","401","Lithium/Manganese/Lead","RESULTS OF THE 81ST MINING LICENSING COMMITTEE (MLC) MEETING HELD ON 31ST JULY, 2024","https://www.mmmd.gov.zm/?p=2923"
"Dick Ngongo","person_or_unclassified","Central","Mkushi","29068-HQ-AMR","REJECTED | Deferred","critical_battery","1","7","Silica/Talc-Soapstone/Quartz","RESULTS OF THE 75TH MINING LICENSING COMMITTEE (MLC) MEETING HELD FROM 27TH TO 29TH SEPTEMBER 2023","https://www.mmmd.gov.zm/?p=2618"
"Dickson  Musosha","person_or_unclassified","Luapula","Milenge","35219-HQ-AMR","Approved","critical_battery","1","7","Manganese/Quartz/Copper","RESULTS OF THE 78TH MINING LICENSING COMMITTEE (MLC) MEETING HELD ON 27TH FEBRUARY TO 1ST MARCH 2024","https://www.mmmd.gov.zm/?p=2785"
"Dickson  Sinyangwe","person_or_unclassified","Copperbelt","Kalulushi, Chibuluma Forest","8552-HQ-SML","Cancelled | Rejected","industrial_minerals","1","13","Silica","CANCELLATION OF NON-COMPLIANT MINING AND NON-MINING RIGHTS BY THE MINING LICENSING COMMITTEE (MLC)","https://www.mmmd.gov.zm/?p=2787"
"Dickson Kasamata Ngosa","person_or_unclassified","Luapula","Mwense","34675-HQ-AMR | 24094-HQ-AMR","Approved | APPROVED","critical_battery","3","20","Copper/Manganese/Quartz","RESULTS OF THE 75TH MINING LICENSING COMMITTEE (MLC) MEETING HELD FROM 27TH TO 29TH SEPTEMBER 2023","https://www.mmmd.gov.zm/?p=2618"
"DIEN MINING COMPANY LIMITED","organization","North Western | Lusaka","Kasempa | Chongwe, Kafue","38697-HQ-LEL | 38956-HQ-LEL","","gold","2","39718","Gold/Zinc/Cobalt","RESULTS OF THE 83RD MINING LICENSING COMMITTEE (MLC) MEETING HELD ON 30TH OCTOBER, 2024","https://www.mmmd.gov.zm/?p=3515"
"DIGI MINERALS MULTI-PURPOSE COOPERATIVE","organization","Central","Chibombo","40144-HQ-AMR | 40181-HQ-AMR","Approved | Deferred","gold","1","7","Gold","RESULTS OF THE 87TH MINING LICENSING COMMITTEE (MLC) MEETING HELD ON 7TH MAY, 2025","https://www.mmmd.gov.zm/?p=4069"
"Digidrill Exploration Resources Limited","organization","Luapula","Nchelenge","39095-HQ-LEL","APPROVED","critical_battery","1","9665","Manganese/Malachite/Quartz","RESULTS OF THE 85TH MINING LICENSING COMMITTEE (MLC) MEETING HELD ON 5TH MARCH, 2025","https://www.mmmd.gov.zm/?p=4013"
"Digital African Company Limited","organization","Copperbelt | North Western","Masaiti | Mufumbwe","33566-HQ-LEL | 29199-HQ-SEL | 38907-HQ-LEL","Approved | Cancelled","gemstones","2","50964","Iron Ore/Manganese/Gold","RESULTS OF THE 73RD MINING LICENSING COMMITTEE (MLC) MEETING HELD FROM 29TH TO 30TH JUNE 2023","https://www.mmmd.gov.zm/?p=2583"
"DIMARBU RESOURCES LIMITED","organization","","","36136-HQ-SEL","Approved","critical_battery","1","331","Limestone (General)/Manganese/Silica","SUBJECT: RESULTS OF THE 79TH MINING LICENSING COMMITTEE (MLC) MEETING HELD ON 11TH TO 12TH APRIL 2024","https://www.mmmd.gov.zm/?p=2794"
"Din Di Mining Development Company Zambia Limited","organization","Central","Mumbwa","36207-HQ-LEL","","gold","1","7271","Lead/Iron Ore/Magnesium (Brucit)","RESULTS OF THE 77TH MINING LICENSING COMMITTEE (MLC) MEETING HELD ON 11TH TO 12TH JANUARY 2024","https://www.mmmd.gov.zm/?p=2675"
"DINOEL INVESTMENTS LIMITED","organization","Copperbelt","Mpongwe","39696-HQ-SEL","Approved","critical_battery","1","948","Iron Ore/Manganese/Zinc","RESULTS OF THE 85TH MINING LICENSING COMMITTEE (MLC) MEETING HELD ON 5TH MARCH, 2025","https://www.mmmd.gov.zm/?p=4013"
"DINS Ventures Limited","organization","Southern","Choma | Sinazongwe","39902-HQ-LEL | 39515-HQ-SEL","Approved","gemstones","2","7427","Coal/Lithium/Mica","RESULTS OF THE 85TH MINING LICENSING COMMITTEE (MLC) MEETING HELD ON 5TH MARCH, 2025","https://www.mmmd.gov.zm/?p=4013"
"Distinction Group Limited","organization","North Western | Central","Mwinilunga | Serenje","34836-HQ-SEL | 34837-HQ-SEL | 34838-HQ-SEL","APPROVED","gemstones","3","2234","Manganese/Gold/Amethyst","RESULTS OF THE 75TH MINING LICENSING COMMITTEE (MLC) MEETING HELD FROM 27TH TO 29TH SEPTEMBER 2023","https://www.mmmd.gov.zm/?p=2618"
"Distinction Work Wear Garments Limited","organization","Copperbelt","Lufwanyama","36149-HQ-SEL","Deferred | deferred | APPROVED","critical_battery","1","110","Manganese/Zinc/Gold","RESULTS OF THE 84TH MINING LICENSING COMMITTEE (MLC) MEETING HELD ON 12TH DECEMBER, 2024","https://www.mmmd.gov.zm/?p=3780"
"Diverse Minerals Limited","organization","North Western","Kasempa | Solwezi","39035-HQ-LEL | 26356-HQ-LEL","Deferred | DEFERRED | Approved","gemstones","1","29681","Silver/Nickel/Manganese","RESULTS OF THE 84TH MINING LICENSING COMMITTEE (MLC) MEETING HELD ON 12TH DECEMBER, 2024","https://www.mmmd.gov.zm/?p=3780"
"Diversity Metal Limited","organization","Central","Mkushi","34055-HQ-LEL","Approved","critical_battery","1","530","Nickel/Silver/Gold","RESULTS OF THE 74TH MINING LICENSING COMMITTEE (MLC) MEETING HELD FROM 3RD TO 4TH AUGUST 2023","https://www.mmmd.gov.zm/?p=2598"
"Divine Booker Limited","organization","Central | Lusaka","Mumbwa | Kafue","34985-HQ-SEL | 35929-HQ-LEL | 38798-HQ-MPL","Approved","gemstones","3","2690","Gold/Copper/Iron Ore","RESULTS OF THE 76TH MINING LICENSING COMMITTEE (MLC) MEETING HELD ON 17TH AND 20TH NOVEMBER 2023","https://www.mmmd.gov.zm/?p=2640"
"Divine Mimuvelyn Mining and Exploration Company  Limited","organization","Northern | Central","Mpika | Serenje","32298-HQ-SEL | 32309-HQ-SEL | 32452-HQ-SEL","Approved","critical_battery","3","1006","Lead/Manganese/Silver","RESULTS OF THE 72ND MINING LICENSING COMMITTEE (MLC) MEETING HELD FROM 17TH TO 22 MAY 2023","https://www.mmmd.gov.zm/?p=2559"
"Dolomite Aggregate Limited","organization","Eastern","Katete, Petauke","34605-HQ-SEL","APPROVED","industrial_minerals","1","214","Dolomite","RESULTS OF THE 75TH MINING LICENSING COMMITTEE (MLC) MEETING HELD FROM 27TH TO 29TH SEPTEMBER 2023","https://www.mmmd.gov.zm/?p=2618"
"Domingo Sundie","person_or_unclassified","Eastern","Nyimba","33742-HQ-AMR","Approved","gemstones","1","7","Gold/Phosphorus-Phosphates/Tourmaline","RESULTS OF THE 74TH MINING LICENSING COMMITTEE (MLC) MEETING HELD FROM 3RD TO 4TH AUGUST 2023","https://www.mmmd.gov.zm/?p=2598"
"dominic chilao","person_or_unclassified","Eastern","Lundazi | Chama","37962-HQ-AMR | 37963-HQ-AMR | 38230-HQ-AMR | 38534-HQ-AMR","Approved","gemstones","4","27","Aquamarine/Amethyst/Garnet","RESULTS OF THE 82ND MINING LICENSING COMMITTEE (MLC) MEETING HELD ON 11TH SEPTEMBER, 2024","https://www.mmmd.gov.zm/?p=3378"
"DONALD  KAPEPA","person_or_unclassified","Southern","Kazungula","39228-HQ-AMR","Approved","construction_materials","1","7","Gravel/Sand/Crushed/Broken Stone","RESULTS OF THE 85TH MINING LICENSING COMMITTEE (MLC) MEETING HELD ON 5TH MARCH, 2025","https://www.mmmd.gov.zm/?p=4013"
"Donald Lumbwa","person_or_unclassified","Northern","Mpika","37871-HQ-AMR","","gold","1","7","Gold/Copper","RESULTS OF THE 80TH MINING LICENSING COMMITTEE (MLC) MEETING HELD ON 6TH TO 7TH AND 10TH JUNE 2024","https://www.mmmd.gov.zm/?p=2849"
"Dongsen Mining & Investment Limited","organization","Central","Serenje; Eastern, Petauke | Serenje; Eastern, Nyimba","30979-HQ-LEL | 30960-HQ-LEL | 30891-HQ-LEL","Rejected | Cancelled","gemstones","1","94683","Ruby/Quartz/Zinc","REMINDER ON RESULTS OF THE 70TH AND 71ST MINING LICENSING COMMITTEE (MLC) MEETINGS HELD IN FEBRUARY AND MARCH 2023","https://www.mmmd.gov.zm/?p=2555"
"DONZAM EXPLORATION & MINING ZAMBIA LIMITED","organization","Central | Lusaka | North Western","Mumbwa | Chongwe | Mufumbwe","38946-HQ-LEL | 38949-HQ-LEL | 39105-HQ-LEL","Approved","gemstones","3","17950","Iron Ore/Nickel/Zinc","RESULTS OF THE 83RD MINING LICENSING COMMITTEE (MLC) MEETING HELD ON 30TH OCTOBER, 2024","https://www.mmmd.gov.zm/?p=3515"
"Doreen Masuwa Kalenda","person_or_unclassified","North Western","Mwinilunga","27988-HQ-AMR","Approved","critical_battery","1","7","Manganese/Silver/Zinc","RESULTS OF THE 73RD MINING LICENSING COMMITTEE (MLC) MEETING HELD FROM 29TH TO 30TH JUNE 2023","https://www.mmmd.gov.zm/?p=2583"
"Doreen Miyoba","person_or_unclassified","Central","Mumbwa","31057-HQ-AMR | 31058-HQ-AMR","Approved | Deferred | REJECTED","gemstones","2","13","Rubidium/Emerald","RESULTS OF THE 72ND MINING LICENSING COMMITTEE (MLC) MEETING HELD FROM 17TH TO 22 MAY 2023","https://www.mmmd.gov.zm/?p=2559"
"Doriffa Investment Import and Export Limited","organization","Central | Eastern","Mkushi; Lusaka, Chongwe | Kapiri Mposhi; Copperbelt, Masaiti | Kapiri Mposhi; Copperbelt, Masaiti, Mpongwe | Lundazi","29182-HQ-LEL | 34800-HQ-SEL | 35545-HQ-LEL | 28798-HQ-SEL | 30361-HQ-LEL","Cancelled | APPROVED | Rejected","critical_battery","3","7321","Iron Ore/Copper/Gold","REMINDER ON RESULTS OF THE 70TH AND 71ST MINING LICENSING COMMITTEE (MLC) MEETINGS HELD IN FEBRUARY AND MARCH 2023","https://www.mmmd.gov.zm/?p=2555"
"Doris Kanshamba","person_or_unclassified","North Western","Kasempa","34358-HQ-AMR","Deferred | Approved","gemstones","1","7","Silver/Manganese/Limestone (General)","RESULTS OF THE 76TH MINING LICENSING COMMITTEE (MLC) MEETING HELD ON 17TH AND 20TH NOVEMBER 2023","https://www.mmmd.gov.zm/?p=2640"
"dorothy wisamba","person_or_unclassified","North Western","Solwezi","39942-HQ-AMR","Approved","gemstones","1","3","Iron Ore/Gold/Tourmaline","RESULTS OF THE 86TH MINING LICENSING COMMITTEE (MLC) MEETING HELD ON 27TH MARCH 2025","https://www.mmmd.gov.zm/?p=4061"
"Double ""C"" Investments Limited","organization","Copperbelt","Lufwanyama","33270-HQ-SML","Approved","gemstones","1","45","Tourmaline/Emerald","RESULTS OF THE 75TH MINING LICENSING COMMITTEE (MLC) MEETING HELD FROM 27TH TO 29TH SEPTEMBER 2023","https://www.mmmd.gov.zm/?p=2618"
"Double impacty Construction Company Ltd","organization","","","19725-HQ-LML","Cancelled","industrial_minerals","1","11","Marble/Limestone (General)","CANCELLATION OF NON-COMPLIANT MINING AND NON-MINING RIGHTS BY THE MINING LICENSING COMMITTEE (MLC)","https://www.mmmd.gov.zm/?p=2787"
"Doug Morgar Multi Purpose Co-operate Society","organization","Southern","Kalomo","35028-HQ-AMR","APPROVED","gemstones","1","7","Amethyst","RESULTS OF THE 75TH MINING LICENSING COMMITTEE (MLC) MEETING HELD FROM 27TH TO 29TH SEPTEMBER 2023","https://www.mmmd.gov.zm/?p=2618"
"Doug Morgar Multi-Purpose Co-operative Society Limited","organization","Southern","Kalomo","35027-HQ-AMR","Approved","gemstones","1","3","Amethyst","RESULTS OF THE 85TH MINING LICENSING COMMITTEE (MLC) MEETING HELD ON 5TH MARCH, 2025","https://www.mmmd.gov.zm/?p=4013"
"Doug-Morgar Mult-Purpose Co-operative Society","organization","Southern","Kalomo","32576-HQ-AMR","APPROVED","gemstones","1","7","Tantalum/Tin/Amethyst","RESULTS OF THE 75TH MINING LICENSING COMMITTEE (MLC) MEETING HELD FROM 27TH TO 29TH SEPTEMBER 2023","https://www.mmmd.gov.zm/?p=2618"
"Dow Distributors Limited","organization","Lusaka | Central","Chongwe | Mumbwa","37868-HQ-LEL | 37888-HQ-LEL","","gold","2","20820","Iron Ore/Limestone (General)/Copper","RESULTS OF THE 83RD MINING LICENSING COMMITTEE (MLC) MEETING HELD ON 30TH OCTOBER, 2024","https://www.mmmd.gov.zm/?p=3515"
"Doya Yella Mudolo","person_or_unclassified","Central","Mkushi","29857-HQ-AMR","Approved","critical_battery","1","7","Manganese/Quartz/Iron Ore","RESULTS OF THE 74TH MINING LICENSING COMMITTEE (MLC) MEETING HELD FROM 3RD TO 4TH AUGUST 2023","https://www.mmmd.gov.zm/?p=2598"
"DPKF Commercial Limited","organization","Central","Mumbwa | Mumbwa; Southern, Itezhi Tezhi","37855-HQ-MPL | 40455-HQ-LEL | 40479-HQ-LEL","Deferred | Approved","gold","1","7","Gold/Copper","RESULTS OF THE 80TH MINING LICENSING COMMITTEE (MLC) MEETING HELD ON 6TH TO 7TH AND 10TH JUNE 2024","https://www.mmmd.gov.zm/?p=2849"
"Dr Ice Enterprise Limited","organization","","","28821-HQ-LEL","Cancelled","gemstones","1","3299","Manganese/Tourmaline/Zinc","CANCELLATION OF NON-COMPLIANT MINING AND NON-MINING RIGHTS BY THE MINING LICENSING COMMITTEE (MLC)","https://www.mmmd.gov.zm/?p=2787"
"Drip Engineering and Construction Limited","organization","Central | North Western","Serenje | Kasempa","36871-HQ-SEL | 36872-HQ-LEL","Approved | Rejected","critical_battery","1","569","Iron Ore/Nickel/Copper","RESULTS OF THE 78TH MINING LICENSING COMMITTEE (MLC) MEETING HELD ON 27TH FEBRUARY TO 1ST MARCH 2024","https://www.mmmd.gov.zm/?p=2785"
"DRM Limited","organization","Copperbelt","Lufwanyama","18936-HQ-SGL | 18936-HQ-SML","Rejected | Cancelled","gemstones","1","104","Emerald/Beryllium","RESULTS OF THE 77TH MINING LICENSING COMMITTEE (MLC) MEETING HELD ON 11TH TO 12TH JANUARY 2024","https://www.mmmd.gov.zm/?p=2675"
"Droplex Industrial System Limited","organization","Luapula | Northern","Milenge, Samfya | Mpika | Mansa, Milenge","34066-HQ-LEL | 34115-HQ-LEL | 34065-HQ-LEL","Approved | Deferred | REJECTED","critical_battery","2","62193","Manganese/Tin/Lithium","RESULTS OF THE 73RD MINING LICENSING COMMITTEE (MLC) MEETING HELD FROM 29TH TO 30TH JUNE 2023","https://www.mmmd.gov.zm/?p=2583"
"Dukim Mineral Resources Limited","organization","Central","Kapiri Mposhi","37712-HQ-SEL","","gemstones","1","401","Tourmaline/Zinc/Copper","RESULTS OF THE 80TH MINING LICENSING COMMITTEE (MLC) MEETING HELD ON 6TH TO 7TH AND 10TH JUNE 2024","https://www.mmmd.gov.zm/?p=2849"
"Dumle Mining Limited","organization","Eastern | Central","Chama | Serenje | Kapiri Mposhi","35784-HQ-SEL | 35785-HQ-SEL | 37353-HQ-SEL | 37384-HQ-SEL","Approved | Rejected","gemstones","3","2728","Gold/Lead/Copper","RESULTS OF THE 77TH MINING LICENSING COMMITTEE (MLC) MEETING HELD ON 11TH TO 12TH JANUARY 2024","https://www.mmmd.gov.zm/?p=2675"
"Duncan Chakunumka","person_or_unclassified","","","18178-HQ-SML","Cancelled","gemstones","1","180","Emerald","CANCELLATION OF NON-COMPLIANT MINING AND NON-MINING RIGHTS BY THE MINING LICENSING COMMITTEE (MLC)","https://www.mmmd.gov.zm/?p=2787"
"Duwaco Mining Minerals Limited","organization","","","25984-HQ-LEL | 25983-HQ-LEL | 26150-HQ-SEL","Cancelled","critical_battery","1","396","Manganese","CANCELLATION OF NON-COMPLIANT MINING AND NON-MINING RIGHTS BY THE MINING LICENSING COMMITTEE (MLC)","https://www.mmmd.gov.zm/?p=2787"
"Dynamic digital","person_or_unclassified","Eastern","Nyimba, Petauke","37468-HQ-LEL","Approved","critical_battery","1","10529","Iron Ore/Rare EarthsElements/Silver","SUBJECT: RESULTS OF THE 79TH MINING LICENSING COMMITTEE (MLC) MEETING HELD ON 11TH TO 12TH APRIL 2024","https://www.mmmd.gov.zm/?p=2794"
"Dynamo Mining Limited","organization","Northern","Chinsali | Chinsali, Mpika | Mbala","39832-HQ-LEL | 39865-HQ-LEL | 39764-HQ-SEL","APPROVED | DEFERRED | Rejected","critical_battery","2","24987","Gold/Iron Ore/Rare EarthsElements","RESULTS OF THE 85TH MINING LICENSING COMMITTEE (MLC) MEETING HELD ON 5TH MARCH, 2025","https://www.mmmd.gov.zm/?p=4013"
"DZ Trading and Logistics Company Limited","organization","North Western","Kasempa","38886-HQ-MPL","Deferred | Approved","gold","1","13","Gold/Copper","RESULTS OF THE 83RD MINING LICENSING COMMITTEE (MLC) MEETING HELD ON 30TH OCTOBER, 2024","https://www.mmmd.gov.zm/?p=3515"
"Eagle Joseph International Investments Limited","organization","Eastern","Lundazi","15304-HQ-SML","Cancelled | Approved","gemstones","1","367","Tourmaline/Quartz/Aquamarine","CANCELLATION OF NON-COMPLIANT MINING AND NON-MINING RIGHTS BY THE MINING LICENSING COMMITTEE (MLC)","https://www.mmmd.gov.zm/?p=2787"
"Eagle Line Investment Limited","organization","North Western","Mwinilunga","36194-HQ-SML | 35210-HQ-SML","Approved | Deferred","critical_battery","2","795","Gold/Copper/Cobalt","RESULTS OF THE 80TH MINING LICENSING COMMITTEE (MLC) MEETING HELD ON 6TH TO 7TH AND 10TH JUNE 2024","https://www.mmmd.gov.zm/?p=2849"
"Eaglehead Studio Limited","organization","Luapula | Eastern","Mansa, Mwense | Petauke","37778-HQ-LEL | 39524-HQ-LEL","Approved","gemstones","2","69050","Gold/Manganese/Copper","RESULTS OF THE 80TH MINING LICENSING COMMITTEE (MLC) MEETING HELD ON 6TH TO 7TH AND 10TH JUNE 2024","https://www.mmmd.gov.zm/?p=2849"
"Eagles Eye Transformation Limited","organization","North Western | Copperbelt","Kasempa | Luanshya, Ndola | Masaiti, Ndola","31068-HQ-SEL | 37023-HQ-LML | 28331-HQ-LEL | 26968-HQ-MPL | 36008-HQ-LML | 40307-HQ-SML","Deferred | Cancelled | Rejected | DEFERRED | REJECTED | Approved","critical_battery","3","24074","Copper/Cobalt/Manganese","RESULTS OF THE 72ND MINING LICENSING COMMITTEE (MLC) MEETING HELD FROM 17TH TO 22 MAY 2023","https://www.mmmd.gov.zm/?p=2559"
"Eagles Holding Limited","organization","North Western | Luapula | Central | Southern","Kabompo, Mwinilunga | Mansa | Serenje; Eastern, Katete, Nyimba, Petauke | Kalomo, Sinazongwe","34512-HQ-LEL | 34509-HQ-LEL | 36408-HQ-LML | 34508-HQ-LEL | 34511-HQ-LEL","APPROVED | Approved | Deferred","gemstones","4","59800","Lead/Silver/Zinc","RESULTS OF THE 74TH MINING LICENSING COMMITTEE (MLC) MEETING HELD FROM 3RD TO 4TH AUGUST 2023","https://www.mmmd.gov.zm/?p=2598"
"EAGLES HOLDINGS LIMITED","organization","Southern","Kalomo","38558-HQ-LEL","Approved","gemstones","1","3604","Niobium (Columbium)/Nickel/Molybdenum","RESULTS OF THE 82ND MINING LICENSING COMMITTEE (MLC) MEETING HELD ON 11TH SEPTEMBER, 2024","https://www.mmmd.gov.zm/?p=3378"
"Earthcore Mining and Exploration Limited","organization","North Western","Mwinilunga | Kabompo, Mufumbwe","35431-HQ-LEL | 28359-HQ-LEL | 29378-HQ-LEL","APPROVED","gemstones","4","156376","Gold/Copper/Cobalt","RESULTS OF THE 74TH MINING LICENSING COMMITTEE (MLC) MEETING HELD FROM 3RD TO 4TH AUGUST 2023","https://www.mmmd.gov.zm/?p=2598"
"Earthshine Mining Corporation Limited","organization","Southern","Kalomo","38045-HQ-SEL | 38046-HQ-SEL | 38081-HQ-SEL","Approved","critical_battery","2","9749","Copper/Gold/Niobium (Columbium)","RESULTS OF THE 81ST MINING LICENSING COMMITTEE (MLC) MEETING HELD ON 31ST JULY, 2024","https://www.mmmd.gov.zm/?p=2923"
"EARTHZONE MINING LIMITED","organization","Central | Southern | Luapula","Mumbwa; Western, Kaoma | Itezhi Tezhi | Mwense","39679-HQ-LEL | 39711-HQ-LEL | 39714-HQ-LEL | 39741-HQ-SEL","Approved | Deferred | APPROVED","gemstones","3","89929","Gold/Fluorine-Fluorite/Tin","RESULTS OF THE 86TH MINING LICENSING COMMITTEE (MLC) MEETING HELD ON 27TH MARCH 2025","https://www.mmmd.gov.zm/?p=4061"
"Easiearth Resources Limited","organization","Southern","Kalomo, Kazungula","33089-HQ-LEL | 27665-HQ-LEL","REJECTED | Cancelled","critical_battery","1","21849","Limestone (General)/Lithium/Manganese","RESULTS OF THE 75TH MINING LICENSING COMMITTEE (MLC) MEETING HELD FROM 27TH TO 29TH SEPTEMBER 2023","https://www.mmmd.gov.zm/?p=2618"
"Eastern Granites Limited","organization","Eastern","Chipata, Katete","27349-HQ-LEL | 38035-HQ-LEL","Cancelled | Approved","gold","2","15082","Limestone (General)/Gold/Amazonite","CANCELLATION OF NON-COMPLIANT MINING AND NON-MINING RIGHTS BY THE MINING LICENSING COMMITTEE (MLC)","https://www.mmmd.gov.zm/?p=2787"
"Eastlands Materials Limited","organization","Eastern","Lundazi","26102-HQ-SML | 25990-HQ-SML","Deferred | Rejected","industrial_minerals","1","307","Sand and Gravel/Limestone (General)/Dolomite","REMINDER ON RESULTS OF THE 70TH AND 71ST MINING LICENSING COMMITTEE (MLC) MEETINGS HELD IN FEBRUARY AND MARCH 2023","https://www.mmmd.gov.zm/?p=2555"
"EASTNET MULTI-PURPOSE CO-OPERATIVE SOCIETY LIMITED","organization","Eastern","Chadiza","37030-HQ-AMR | 37031-HQ-AMR","Approved","gemstones","1","7","Nickel/Anhydrite/Zinc","RESULTS OF THE 77TH MINING LICENSING COMMITTEE (MLC) MEETING HELD ON 11TH TO 12TH JANUARY 2024","https://www.mmmd.gov.zm/?p=2675"
"East-Tech Investments Limited","organization","","","29642-HQ-SEL | 29659-HQ-SEL | 28964-HQ-SEL","Cancelled","critical_battery","1","912","Tin/Coal","CANCELLATION OF NON-COMPLIANT MINING AND NON-MINING RIGHTS BY THE MINING LICENSING COMMITTEE (MLC)","https://www.mmmd.gov.zm/?p=2787"
"Easy Resources Limited","organization","Copperbelt","Ndola","19638-HQ-SML","Cancelled | Deferred","gold","1","23","Gold/Silver/Cobalt","CANCELLATION OF NON-COMPLIANT MINING AND NON-MINING RIGHTS BY THE MINING LICENSING COMMITTEE (MLC)","https://www.mmmd.gov.zm/?p=2787"
"EASYPATH INVESTMENTS LIMITED","organization","Copperbelt","Luanshya, Masaiti, Ndola","40293-HQ-LEL","APPROVED","base_metals","1","18117","Anhydrite/Gypsum/Copper","RESULTS OF THE 87TH MINING LICENSING COMMITTEE (MLC) MEETING HELD ON 7TH MAY, 2025","https://www.mmmd.gov.zm/?p=4069"
"ECM PROPERTY GROUP LIMITED","organization","Southern","Itezhi Tezhi","37967-HQ-LEL","Approved","critical_battery","1","10303","Malachite/Nickel/Zinc","RESULTS OF THE 82ND MINING LICENSING COMMITTEE (MLC) MEETING HELD ON 11TH SEPTEMBER, 2024","https://www.mmmd.gov.zm/?p=3378"
"ECO MINING CO-OPERATIVE SOCIETY LIMITED","organization","Lusaka","Kafue","39482-HQ-AMR","Approved","gold","1","7","Iron Ore/Silver/Zinc","RESULTS OF THE 85TH MINING LICENSING COMMITTEE (MLC) MEETING HELD ON 5TH MARCH, 2025","https://www.mmmd.gov.zm/?p=4013"
"Ecomine Exploration Company Limited","organization","Central | Southern","Mumbwa | Kalomo","37826-HQ-SEL | 40637-HQ-SEL | 41642-HQ-SML","Approved | APPROVED","gemstones","2","992","Copper/Iron Ore/Tantalum","RESULTS OF THE 82ND MINING LICENSING COMMITTEE (MLC) MEETING HELD ON 11TH SEPTEMBER, 2024","https://www.mmmd.gov.zm/?p=3378"
"ECOSAN Development and Trading Limited","organization","Southern | Northern | Eastern","Choma, Kalomo | Mpika | Lundazi","37791-HQ-LEL | 38437-HQ-SEL | 39076-HQ-SEL","Approved","gemstones","1","982","Mica/Gold/Tantalum","RESULTS OF THE 81ST MINING LICENSING COMMITTEE (MLC) MEETING HELD ON 31ST JULY, 2024","https://www.mmmd.gov.zm/?p=2923"
"Ecotrade Resources Limited","organization","","","29416-HQ-LEL | 25790-HQ-LEL","Cancelled","critical_battery","1","22523","Granite/Manganese/Silver","CANCELLATION OF NON-COMPLIANT MINING AND NON-MINING RIGHTS BY THE MINING LICENSING COMMITTEE (MLC)","https://www.mmmd.gov.zm/?p=2787"
"Edenvale Investments Limited","organization","North Western | Central","Mwinilunga | Chibombo | Kabompo","39009-HQ-LEL | 39331-HQ-SEL | 39652-HQ-LEL","Approved | APPROVED","gemstones","2","7066","Quartz/Zinc/Gold","RESULTS OF THE 83RD MINING LICENSING COMMITTEE (MLC) MEETING HELD ON 30TH OCTOBER, 2024","https://www.mmmd.gov.zm/?p=3515"
"Edgar Malambo","person_or_unclassified","Southern","Livingstone","30869-HQ-AMR","Approved","construction_materials","1","7","Stone/Sandstone/Sand and Gravel","REMINDER ON RESULTS OF THE 70TH AND 71ST MINING LICENSING COMMITTEE (MLC) MEETINGS HELD IN FEBRUARY AND MARCH 2023","https://www.mmmd.gov.zm/?p=2555"
"Edina Phiri","person_or_unclassified","Central","Kapiri Mposhi","31108-HQ-AMR","","critical_battery","1","7","Talc-Soapstone/Graphite","REMINDER ON RESULTS OF THE 70TH AND 71ST MINING LICENSING COMMITTEE (MLC) MEETINGS HELD IN FEBRUARY AND MARCH 2023","https://www.mmmd.gov.zm/?p=2555"
"Edward John Nkandu","person_or_unclassified","North Western","Solwezi","40174-HQ-AMR","Approved","gemstones","1","3","Gold/Malachite/Silver","RESULTS OF THE 87TH MINING LICENSING COMMITTEE (MLC) MEETING HELD ON 7TH MAY, 2025","https://www.mmmd.gov.zm/?p=4069"
"Edwin Chipi","person_or_unclassified","Copperbelt","Mufulira","33327-HQ-AMR","Approved","gold","1","7","Gold/Silver/Cobalt","RESULTS OF THE 73RD MINING LICENSING COMMITTEE (MLC) MEETING HELD FROM 29TH TO 30TH JUNE 2023","https://www.mmmd.gov.zm/?p=2583"
"Edwin Kabaso","person_or_unclassified","Luapula","Mansa","28672-HQ-AMR","APPROVED","critical_battery","1","7","Manganese/Quartz/Granite","REMINDER ON RESULTS OF THE 70TH AND 71ST MINING LICENSING COMMITTEE (MLC) MEETINGS HELD IN FEBRUARY AND MARCH 2023","https://www.mmmd.gov.zm/?p=2555"
"EKAA Hrim Earth Resources Minerals and Management Limited","organization","Luapula","Mansa, Mwense","32538-HQ-LEL | 32538-HQ-SEL","Deferred","critical_battery","1","4351","Nickel/Manganese/Zinc","RESULTS OF THE 73RD MINING LICENSING COMMITTEE (MLC) MEETING HELD FROM 29TH TO 30TH JUNE 2023","https://www.mmmd.gov.zm/?p=2583"
"EKS Mining International Limited","organization","Copperbelt","Lufwanyama","19412-HQ-SML | 19413-HQ-SML","Deferred | Approved","gemstones","1","24","Emerald","RESULTS OF THE 77TH MINING LICENSING COMMITTEE (MLC) MEETING HELD ON 11TH TO 12TH JANUARY 2024","https://www.mmmd.gov.zm/?p=2675"
"EKS Mining International Ltd","organization","Copperbelt","Lufwanyama","19412-HQ-SML | 19413-HQ-SML","Deferred | Approved","gemstones","1","150","Emerald/Beryllium","RESULTS OF THE 77TH MINING LICENSING COMMITTEE (MLC) MEETING HELD ON 11TH TO 12TH JANUARY 2024","https://www.mmmd.gov.zm/?p=2675"
"Elatis Investements Limited","organization","Central","Kapiri Mposhi","32213-HQ-SEL","Approved","critical_battery","1","249","Manganese/Quartz/Silver","RESULTS OF THE 72ND MINING LICENSING COMMITTEE (MLC) MEETING HELD FROM 17TH TO 22 MAY 2023","https://www.mmmd.gov.zm/?p=2559"
"Elatis Investment Limited","organization","Copperbelt | Central","Lufwanyama | Kapiri Mposhi","32251-HQ-LEL | 32207-HQ-SEL","Approved","critical_battery","2","28921","Quartz/Manganese/Zinc","RESULTS OF THE 72ND MINING LICENSING COMMITTEE (MLC) MEETING HELD FROM 17TH TO 22 MAY 2023","https://www.mmmd.gov.zm/?p=2559"
"ELEGANTE MINERAL RESOURCES LIMITED","organization","North Western | Northern","Solwezi | Mbala, Mungwi","38666-HQ-LEL | 38945-HQ-SEL | 39448-HQ-LEL","approved | Approved","gemstones","3","79213","Gold/Zinc/Copper","RESULTS OF THE 83RD MINING LICENSING COMMITTEE (MLC) MEETING HELD ON 30TH OCTOBER, 2024","https://www.mmmd.gov.zm/?p=3515"
"elements mining development and innovation limited","organization","Eastern | Central","Nyimba; Lusaka, Chongwe | Mkushi; Lusaka, Chongwe","39784-HQ-LEL | 39771-HQ-SEL","APPROVED | Approved","critical_battery","3","37936","Gold/Copper/Cobalt","RESULTS OF THE 85TH MINING LICENSING COMMITTEE (MLC) MEETING HELD ON 5TH MARCH, 2025","https://www.mmmd.gov.zm/?p=4013"
"Elias  Washi","person_or_unclassified","North Western","Solwezi","39958-HQ-AMR","Approved","gemstones","2","13","Copper/Gold/Amethyst","RESULTS OF THE 85TH MINING LICENSING COMMITTEE (MLC) MEETING HELD ON 5TH MARCH, 2025","https://www.mmmd.gov.zm/?p=4013"
"Elias Zulu","person_or_unclassified","Central","Mumbwa","38121-HQ-AMR","Approved","gold","1","7","Gold","RESULTS OF THE 82ND MINING LICENSING COMMITTEE (MLC) MEETING HELD ON 11TH SEPTEMBER, 2024","https://www.mmmd.gov.zm/?p=3378"
"Elijah Moomba General Dealers Limited","organization","Central","Mumbwa","25967-HQ-SEL | 37119-HQ-SML","Cancelled | Approved","gemstones","1","13","Iron Ore/Silver/Zinc","CANCELLATION OF NON-COMPLIANT MINING AND NON-MINING RIGHTS BY THE MINING LICENSING COMMITTEE (MLC)","https://www.mmmd.gov.zm/?p=2787"
"Elikace Mining Limited","organization","Northern","Chinsali","39025-HQ-SEL","Approved","gold","1","174","Gold/Copper","RESULTS OF THE 83RD MINING LICENSING COMMITTEE (MLC) MEETING HELD ON 30TH OCTOBER, 2024","https://www.mmmd.gov.zm/?p=3515"
"Elikato General Dealers Limited","organization","Central","Kapiri Mposhi","38874-HQ-SEL","Approved","gold","1","13","Limestone (General)/Lead/Zinc","RESULTS OF THE 84TH MINING LICENSING COMMITTEE (MLC) MEETING HELD ON 12TH DECEMBER, 2024","https://www.mmmd.gov.zm/?p=3780"
"Elimoas Corporation Limited","organization","Central | Copperbelt","Mumbwa; Southern, Itezhi Tezhi | Mufulira","38187-HQ-LEL | 37977-HQ-SEL","Approved","gold","2","8689","Iron Ore/Copper/Gold","RESULTS OF THE 81ST MINING LICENSING COMMITTEE (MLC) MEETING HELD ON 31ST JULY, 2024","https://www.mmmd.gov.zm/?p=2923"
"Elisa Banda","person_or_unclassified","Eastern","Petauke","37639-HQ-AMR","","gemstones","1","7","Nickel/Manganese/Limestone (General)","RESULTS OF THE 83RD MINING LICENSING COMMITTEE (MLC) MEETING HELD ON 30TH OCTOBER, 2024","https://www.mmmd.gov.zm/?p=3515"
"Elister Lwindi","person_or_unclassified","Eastern","Lundazi","36993-HQ-AMR | 32968-HQ-AMR","Approved","gemstones","1","7","Gold/Quartz/Tourmaline","RESULTS OF THE 77TH MINING LICENSING COMMITTEE (MLC) MEETING HELD ON 11TH TO 12TH JANUARY 2024","https://www.mmmd.gov.zm/?p=2675"
"Elita Chilekwa","person_or_unclassified","Lusaka | Central | Eastern","Kafue | Kapiri Mposhi | Nyimba","32634-HQ-AMR | 28908-HQ-AMR | 28907-HQ-AMR | 36471-HQ-AMR","Approved | APPROVED | Deferred","gemstones","4","26","Stone/Clay (General)/Limestone (General)","RESULTS OF THE 74TH MINING LICENSING COMMITTEE (MLC) MEETING HELD FROM 3RD TO 4TH AUGUST 2023","https://www.mmmd.gov.zm/?p=2598"
"Elizabeth  Muyoma","person_or_unclassified","Luapula","Samfya","32785-HQ-AMR","Approved","critical_battery","1","7","Iron Ore/Manganese/Cobalt","RESULTS OF THE 72ND MINING LICENSING COMMITTEE (MLC) MEETING HELD FROM 17TH TO 22 MAY 2023","https://www.mmmd.gov.zm/?p=2559"
"Elli Malembeka","person_or_unclassified","Central | Northern | Southern","Mkushi | Mpika | Mumbwa | Kalomo","36057-HQ-AMR | 35345-HQ-AMR | 39183-HQ-AMR | 39966-HQ-AMR | 39967-HQ-AMR","Approved | Deferred","gemstones","3","17","Iron Ore/Quartz/Manganese","RESULTS OF THE 77TH MINING LICENSING COMMITTEE (MLC) MEETING HELD ON 11TH TO 12TH JANUARY 2024","https://www.mmmd.gov.zm/?p=2675"
"Elysium Minerals Limited","organization","Central | Northern | Luapula","Mkushi; Copperbelt, Masaiti | Serenje; Northern, Mpika | Mpika | Mansa","30617-HQ-LEL | 30807-HQ-SEL | 29331-HQ-LEL | 40817-HQ-LML | 40834-HQ-LML","Rejected | Cancelled | APPROVED","critical_battery","3","115462","Copper/Manganese/Iron Ore","REMINDER ON RESULTS OF THE 70TH AND 71ST MINING LICENSING COMMITTEE (MLC) MEETINGS HELD IN FEBRUARY AND MARCH 2023","https://www.mmmd.gov.zm/?p=2555"
"Elysium Resources Limited","organization","Luapula | Southern | North Western | Eastern","Mansa | Kalomo | Solwezi | Mwinilunga | Mufumbwe | Nyimba","39291-HQ-LEL | 39346-HQ-LEL | 39295-HQ-LEL | 39345-HQ-LEL | 39372-HQ-LEL | 41916-HQ-LEL","Approved | DEFERRED | APPROVED","gemstones","3","6767","Copper/Tourmaline/Manganese","RESULTS OF THE 84TH MINING LICENSING COMMITTEE (MLC) MEETING HELD ON 12TH DECEMBER, 2024","https://www.mmmd.gov.zm/?p=3780"
"Emeldah Chitupa","person_or_unclassified","Luapula","Kawambwa","39627-HQ-AMR","Approved","critical_battery","1","7","Manganese","RESULTS OF THE 85TH MINING LICENSING COMMITTEE (MLC) MEETING HELD ON 5TH MARCH, 2025","https://www.mmmd.gov.zm/?p=4013"
"Emmacho Enterprises Limited","organization","Copperbelt","Luanshya","30468-HQ-LEL","","critical_battery","1","9382","Lead/Manganese/Zinc","REMINDER ON RESULTS OF THE 70TH AND 71ST MINING LICENSING COMMITTEE (MLC) MEETINGS HELD IN FEBRUARY AND MARCH 2023","https://www.mmmd.gov.zm/?p=2555"
"Emmanuel  Njovu","person_or_unclassified","Eastern","Nyimba","37223-HQ-AMR | 37224-HQ-AMR","Approved","gemstones","2","13","Gold/Iron Ore/Manganese","RESULTS OF THE 80TH MINING LICENSING COMMITTEE (MLC) MEETING HELD ON 6TH TO 7TH AND 10TH JUNE 2024","https://www.mmmd.gov.zm/?p=2849"
"Emmanuel and Joseph Scrap Metal Co. Ltd.","organization","Copperbelt","Lufwanyama","7279-HQ-SML","Cancelled | Deferred | Approved","gemstones","1","40","Emerald","CANCELLATION OF NON-COMPLIANT MINING AND NON-MINING RIGHTS BY THE MINING LICENSING COMMITTEE (MLC)","https://www.mmmd.gov.zm/?p=2787"
"Emmanuel Banda","person_or_unclassified","Central","Serenje","32873-HQ-AMR | 32874-HQ-AMR","Approved | Deferred | Rejected","gemstones","2","13","Mica/Anhydrite/Tourmaline","SUBJECT: RESULTS OF THE 79TH MINING LICENSING COMMITTEE (MLC) MEETING HELD ON 11TH TO 12TH APRIL 2024","https://www.mmmd.gov.zm/?p=2794"
"Emmanuel Kamanga","person_or_unclassified","Central | Northern","Serenje | Mpika","38739-HQ-AMR | 38740-HQ-AMR | 38811-HQ-AMR | 40386-HQ-AMR","Deferred | Approved","gemstones","4","27","Manganese/Gold/Copper","RESULTS OF THE 83RD MINING LICENSING COMMITTEE (MLC) MEETING HELD ON 30TH OCTOBER, 2024","https://www.mmmd.gov.zm/?p=3515"
"Emmanuel Kasongo","person_or_unclassified","Northern | North Western | Central","Mpika | Mwinilunga | Mumbwa","37503-HQ-AMR | 37505-HQ-AMR | 37509-HQ-AMR | 37417-HQ-AMR","Approved","gold","4","27","Gold","RESULTS OF THE 81ST MINING LICENSING COMMITTEE (MLC) MEETING HELD ON 31ST JULY, 2024","https://www.mmmd.gov.zm/?p=2923"
"Emmanuel Kunda","person_or_unclassified","Luapula","Mansa","14972-HQ-SML","Deferred","critical_battery","2","738","Manganese","RESULTS OF THE 82ND MINING LICENSING COMMITTEE (MLC) MEETING HELD ON 11TH SEPTEMBER, 2024","https://www.mmmd.gov.zm/?p=3378"
"Emmanuel Mpampi","person_or_unclassified","Eastern","Chipata","38902-HQ-AMR","Approved","gemstones","1","7","Gold/Quartz/Tourmaline","RESULTS OF THE 84TH MINING LICENSING COMMITTEE (MLC) MEETING HELD ON 12TH DECEMBER, 2024","https://www.mmmd.gov.zm/?p=3780"
"Empire Rock Limited","organization","Southern","Kalomo","32784-HQ-SEL","","gemstones","1","36","Limestone (General)/Iron Ore/Anhydrite","RESULTS OF THE 75TH MINING LICENSING COMMITTEE (MLC) MEETING HELD FROM 27TH TO 29TH SEPTEMBER 2023","https://www.mmmd.gov.zm/?p=2618"
"EMPRIRIC TRADING LIMITED","organization","Northern","Chinsali","38664-HQ-MPL","Approved","gold","1","54","Gold","RESULTS OF THE 82ND MINING LICENSING COMMITTEE (MLC) MEETING HELD ON 11TH SEPTEMBER, 2024","https://www.mmmd.gov.zm/?p=3378"
"Endeavor Rise Multi-Purpose Co-operative Society Limited","organization","Northern | Luapula","Mpika | Milenge","38820-HQ-AMR | 38971-HQ-AMR","Approved","gemstones","2","13","Gold/Gemstones/Copper","RESULTS OF THE 84TH MINING LICENSING COMMITTEE (MLC) MEETING HELD ON 12TH DECEMBER, 2024","https://www.mmmd.gov.zm/?p=3780"
"Engco Civils Limited","organization","Luapula","Mansa","27718-HQ-SEL | 27444-HQ-LEL | 27445-HQ-LEL | 39152-HQ-SML | 39175-HQ-SML","Cancelled | Deferred | Rejected","critical_battery","1","827","Iron Ore/Manganese/Cobalt","CANCELLATION OF NON-COMPLIANT MINING AND NON-MINING RIGHTS BY THE MINING LICENSING COMMITTEE (MLC)","https://www.mmmd.gov.zm/?p=2787"
"ENOSARS CONSTRUCTION LIMITED","organization","Central","Serenje; Northern, Mpika","39921-HQ-SEL | 40171-HQ-SEL","APPROVED | DEFERRED | Approved","gemstones","2","1033","Manganese/Limestone (General)/Lead","RESULTS OF THE 86TH MINING LICENSING COMMITTEE (MLC) MEETING HELD ON 27TH MARCH 2025","https://www.mmmd.gov.zm/?p=4061"
"Environmental Spirit Strategies Limited","organization","","","30705-HQ-LEL","Cancelled","gold","1","32314","Gold/Zinc/Cobalt","CANCELLATION OF NON-COMPLIANT MINING AND NON-MINING RIGHTS BY THE MINING LICENSING COMMITTEE (MLC)","https://www.mmmd.gov.zm/?p=2787"
"Envisage Minerals and Resources Limited","organization","North Western","Solwezi","31025-HQ-LEL","Approved","gemstones","3","21419","Gold/Copper/Cobalt","REMINDER ON RESULTS OF THE 70TH AND 71ST MINING LICENSING COMMITTEE (MLC) MEETINGS HELD IN FEBRUARY AND MARCH 2023","https://www.mmmd.gov.zm/?p=2555"
"Epic Solutions Limited","organization","Luapula | North Western","Mansa | Mwinilunga","32897-HQ-LEL | 32725-HQ-SEL","Approved","critical_battery","2","6270","Gold/Copper/Cobalt","RESULTS OF THE 73RD MINING LICENSING COMMITTEE (MLC) MEETING HELD FROM 29TH TO 30TH JUNE 2023","https://www.mmmd.gov.zm/?p=2583"
"Epiphania Kaundula","person_or_unclassified","Central","Chibombo","23881-HQ-AMR","REJECTED | Approved","base_metals","1","7","Iron Ore/Granite/Copper","RESULTS OF THE 75TH MINING LICENSING COMMITTEE (MLC) MEETING HELD FROM 27TH TO 29TH SEPTEMBER 2023","https://www.mmmd.gov.zm/?p=2618"
"Epitomatic General Trade Limited","organization","North Western","Mufumbwe","38618-HQ-SEL","Deferred | Approved","critical_battery","1","80","Nickel/Manganese/Malachite","RESULTS OF THE 84TH MINING LICENSING COMMITTEE (MLC) MEETING HELD ON 12TH DECEMBER, 2024","https://www.mmmd.gov.zm/?p=3780"
"Epitome Mining Limited","organization","Copperbelt | North Western | Central","Mpongwe | Lufwanyama, Mpongwe | Ndola | Kasempa, Solwezi | Chibombo","35825-HQ-LEL | 35822-HQ-LEL | 37180-HQ-SEL | 37908-HQ-LEL | 37913-HQ-SEL","Deferred | Approved","gemstones","2","20817","Copper/Gold/Cobalt","RESULTS OF THE 77TH MINING LICENSING COMMITTEE (MLC) MEETING HELD ON 11TH TO 12TH JANUARY 2024","https://www.mmmd.gov.zm/?p=2675"
"Equitable Zambian Mining and Minerals Cooperative Society","organization","Southern | Northern","Siavonga | Mpika","30668-HQ-AMR | 37285-HQ-AMR","Approved","industrial_minerals","1","7","Fluorine-Fluorite/Quartz/Clay (General)","REMINDER ON RESULTS OF THE 70TH AND 71ST MINING LICENSING COMMITTEE (MLC) MEETINGS HELD IN FEBRUARY AND MARCH 2023","https://www.mmmd.gov.zm/?p=2555"
"Equitable Zambian Mining and Minerals Cooperative Society Limited","organization","Southern | Northern","Siavonga | Mpika","30668-HQ-AMR | 37285-HQ-AMR","Approved","gemstones","1","7","Gold/Manganese/Mineral Sands","REMINDER ON RESULTS OF THE 70TH AND 71ST MINING LICENSING COMMITTEE (MLC) MEETINGS HELD IN FEBRUARY AND MARCH 2023","https://www.mmmd.gov.zm/?p=2555"
"Eriboma Enterprises Limited","organization","Eastern","Mambwe","32014-HQ-SML","Approved | Cancelled","gold","1","399","Lead/Silica/Zinc","RESULTS OF THE 72ND MINING LICENSING COMMITTEE (MLC) MEETING HELD FROM 17TH TO 22 MAY 2023","https://www.mmmd.gov.zm/?p=2559"
"Erick Chirwa","person_or_unclassified","Central","Chibombo","35999-HQ-AMR","APPROVED | Approved","gold","1","7","Quartz/Gold/Copper","RESULTS OF THE EXTRA ORDINARY MINING LICENSING COMMITTEE (MLC) MEETING HELD ON 27TH OCTOBER 2023","https://www.mmmd.gov.zm/?p=2626"
"E-Stone Works Enterprises Limited","organization","Southern","Siavonga","36859-HQ-SEL","Approved","gemstones","1","13","Lithium/Manganese/Iron Ore","RESULTS OF THE 77TH MINING LICENSING COMMITTEE (MLC) MEETING HELD ON 11TH TO 12TH JANUARY 2024","https://www.mmmd.gov.zm/?p=2675"
"Eswab Kunda","person_or_unclassified","Central","Serenje","30555-HQ-AMR","","critical_battery","1","7","Iron Ore/Manganese/Gold","REMINDER ON RESULTS OF THE 70TH AND 71ST MINING LICENSING COMMITTEE (MLC) MEETINGS HELD IN FEBRUARY AND MARCH 2023","https://www.mmmd.gov.zm/?p=2555"
"Ethical Exim Investments Limited","organization","Central","Serenje","38156-HQ-MPL","Approved","critical_battery","1","13","Manganese/Aluminum (Other)","RESULTS OF THE 83RD MINING LICENSING COMMITTEE (MLC) MEETING HELD ON 30TH OCTOBER, 2024","https://www.mmmd.gov.zm/?p=3515"
"Euro Africa Kalengwa Mines Limited","organization","North Western","Mufumbwe","34390-HQ-MPL | 40590-HQ-LML | 40591-HQ-LML | 40592-HQ-LML | 40593-HQ-LML | 40599-HQ-LML","Approved | Deferred | APPROVED","gemstones","3","149593","Gold/Iron Ore/Silver","RESULTS OF THE 78TH MINING LICENSING COMMITTEE (MLC) MEETING HELD ON 27TH FEBRUARY TO 1ST MARCH 2024","https://www.mmmd.gov.zm/?p=2785"
"Evans  Malama","person_or_unclassified","Southern","Kalomo","38814-HQ-AMR","Approved","gemstones","1","7","Tourmaline/Tungsten/Tantalum","RESULTS OF THE 83RD MINING LICENSING COMMITTEE (MLC) MEETING HELD ON 30TH OCTOBER, 2024","https://www.mmmd.gov.zm/?p=3515"
"Evans Bupe","person_or_unclassified","Luapula","Mansa","39788-HQ-AMR","Approved","gemstones","1","7","Quartz/Sugilite/Lithium","RESULTS OF THE 85TH MINING LICENSING COMMITTEE (MLC) MEETING HELD ON 5TH MARCH, 2025","https://www.mmmd.gov.zm/?p=4013"
"Evans Kunda Musunsa","person_or_unclassified","Central","Serenje","35161-HQ-AMR","Approved","gemstones","1","7","Quartz/Tourmaline/Aquamarine","RESULTS OF THE 77TH MINING LICENSING COMMITTEE (MLC) MEETING HELD ON 11TH TO 12TH JANUARY 2024","https://www.mmmd.gov.zm/?p=2675"
"Evans Mutale","person_or_unclassified","Northern","Mporokoso","33099-HQ-AMR","Approved","gemstones","1","7","Manganese/Quartz/Tourmaline","RESULTS OF THE 72ND MINING LICENSING COMMITTEE (MLC) MEETING HELD FROM 17TH TO 22 MAY 2023","https://www.mmmd.gov.zm/?p=2559"
"Evaristo Lungu","person_or_unclassified","Central | Luapula","Mkushi | Kawambwa | Serenje","36881-HQ-AMR | 37631-HQ-AMR | 38221-HQ-AMR | 39581-HQ-AMR | 40381-HQ-AMR","Approved","gemstones","5","33","Quartz/Manganese/Zinc","RESULTS OF THE 78TH MINING LICENSING COMMITTEE (MLC) MEETING HELD ON 27TH FEBRUARY TO 1ST MARCH 2024","https://www.mmmd.gov.zm/?p=2785"
"Ever Great Energy Company Limited","organization","Southern | Eastern","Sinazongwe | Katete | Kalomo, Sinazongwe","38354-HQ-LEL | 38360-HQ-LEL | 39332-HQ-LML | 40052-HQ-LML","Approved","critical_battery","4","25291","Gold/Limestone (General)/Phosphorus-Phosphates","RESULTS OF THE 82ND MINING LICENSING COMMITTEE (MLC) MEETING HELD ON 11TH SEPTEMBER, 2024","https://www.mmmd.gov.zm/?p=3378"
"Evergreat Investment Company Limited","organization","Lusaka","Chongwe","28235-HQ-LEL | 39724-HQ-LML","Cancelled | DEFERRED","industrial_minerals","1","1237","Limestone (General)/Granite/Dolomite","CANCELLATION OF NON-COMPLIANT MINING AND NON-MINING RIGHTS BY THE MINING LICENSING COMMITTEE (MLC)","https://www.mmmd.gov.zm/?p=2787"
"EVONSE INVESTMENTS LIMITED","organization","North Western | Central | Luapula","Chavuma | Serenje; Northern, Mpika | Kawambwa, Nchelenge; Northern, Kaputa, Mporokoso","40286-HQ-LEL | 40289-HQ-LEL | 40357-HQ-LEL | 40339-HQ-LEL","APPROVED","base_metals","1","73417","Copper","RESULTS OF THE 87TH MINING LICENSING COMMITTEE (MLC) MEETING HELD ON 7TH MAY, 2025","https://www.mmmd.gov.zm/?p=4069"
"Exoryxi Mining Limited","organization","North Western | Western | Copperbelt | Southern","Zambezi | Kaoma, Lukulu | Solwezi | Mufulira | Sinazongwe","37473-HQ-LEL | 37461-HQ-LEL | 37474-HQ-LEL | 37463-HQ-SEL | 37496-HQ-LEL","Approved","gemstones","5","75665","Gold/Copper/Cobalt","SUBJECT: RESULTS OF THE 79TH MINING LICENSING COMMITTEE (MLC) MEETING HELD ON 11TH TO 12TH APRIL 2024","https://www.mmmd.gov.zm/?p=2794"
"Expat Management Services Limited","organization","Central | North Western","Mumbwa | Solwezi","38998-HQ-SEL | 39928-HQ-SEL","Approved | APPROVED","critical_battery","1","892","Quartz/Nickel/Zinc","RESULTS OF THE 83RD MINING LICENSING COMMITTEE (MLC) MEETING HELD ON 30TH OCTOBER, 2024","https://www.mmmd.gov.zm/?p=3515"
"Eyethu Sonke Mining Limited","organization","Central","Kapiri Mposhi","8493-HQ-SML | 33935-HQ-SEL","Cancelled | Approved","base_metals","1","396","Copper","CANCELLATION OF NON-COMPLIANT MINING AND NON-MINING RIGHTS BY THE MINING LICENSING COMMITTEE (MLC)","https://www.mmmd.gov.zm/?p=2787"
"Ezed Mines Limited","organization","Luapula","Mwense","24334-HQ-SEL | 25411-HQ-LEL | 37679-HQ-LEL","Cancelled | Approved","critical_battery","1","1689","Nickel/Silver/Zinc","CANCELLATION OF NON-COMPLIANT MINING AND NON-MINING RIGHTS BY THE MINING LICENSING COMMITTEE (MLC)","https://www.mmmd.gov.zm/?p=2787"
"Ezra Energy Limited","organization","Southern","Sinazongwe","40184-HQ-LEL","APPROVED","critical_battery","1","4726","Silver/Rare EarthsElements/Tin","RESULTS OF THE 87TH MINING LICENSING COMMITTEE (MLC) MEETING HELD ON 7TH MAY, 2025","https://www.mmmd.gov.zm/?p=4069"
"EZULU Mining Limited","organization","Lusaka | Luapula | North Western","Chongwe | Mansa, Milenge | Mufumbwe | Kabompo, Mwinilunga | Solwezi","38021-HQ-LEL | 38914-HQ-LEL | 39221-HQ-LEL | 39341-HQ-LEL | 38244-HQ-SEL","APPROVED | DEFERRED | Approved","gemstones","5","38775","Copper/Gold/Iron Ore","RESULTS OF THE 85TH MINING LICENSING COMMITTEE (MLC) MEETING HELD ON 5TH MARCH, 2025","https://www.mmmd.gov.zm/?p=4013"
"Faheids Zambia Limited","organization","Central","Mkushi","35817-HQ-SEL","Approved","gold","1","388","Gold/Copper/Cobalt","RESULTS OF THE 78TH MINING LICENSING COMMITTEE (MLC) MEETING HELD ON 27TH FEBRUARY TO 1ST MARCH 2024","https://www.mmmd.gov.zm/?p=2785"
"Fahrenheit Twenty Four Limited","organization","Central","Chibombo, Mumbwa | Mumbwa","37753-HQ-LEL | 37895-HQ-LEL","Approved","gemstones","2","12185","Gold/Iron Ore/Cobalt","RESULTS OF THE 80TH MINING LICENSING COMMITTEE (MLC) MEETING HELD ON 6TH TO 7TH AND 10TH JUNE 2024","https://www.mmmd.gov.zm/?p=2849"
"Faides Syansumo","person_or_unclassified","Lusaka","Chongwe","38680-HQ-AMR","","gold","1","7","Iron Ore/Zinc/Gold","RESULTS OF THE 83RD MINING LICENSING COMMITTEE (MLC) MEETING HELD ON 30TH OCTOBER, 2024","https://www.mmmd.gov.zm/?p=3515"
"Fair People Multi-Purpose Cooperative Society Limited","organization","Central","Chibombo","37853-HQ-AMR","Approved","gemstones","1","7","Coal/Cobalt/Citrine","RESULTS OF THE 81ST MINING LICENSING COMMITTEE (MLC) MEETING HELD ON 31ST JULY, 2024","https://www.mmmd.gov.zm/?p=2923"
"Faith Mountain Investments Company Limited","organization","North Western | Central | Eastern","Solwezi | Serenje | Nyimba | Chibombo","39862-HQ-LEL | 40114-HQ-LEL | 40132-HQ-LEL | 41716-HQ-LEL","Approved | APPROVED","gemstones","3","61063","Gold/Copper/Nickel","RESULTS OF THE 86TH MINING LICENSING COMMITTEE (MLC) MEETING HELD ON 27TH MARCH 2025","https://www.mmmd.gov.zm/?p=4061"
"Faith Mushongo","person_or_unclassified","Luapula | Copperbelt","Mansa | Mufulira","38855-HQ-AMR | 39381-HQ-AMR","Approved","gemstones","1","7","Quartz/Silica/Sugilite","RESULTS OF THE 83RD MINING LICENSING COMMITTEE (MLC) MEETING HELD ON 30TH OCTOBER, 2024","https://www.mmmd.gov.zm/?p=3515"
"Faith Womens Mining Cooperative Society Limited","organization","Central","Chibombo","37796-HQ-AMR | 37797-HQ-AMR","Approved","gemstones","2","13","Gold/Iron Ore/Quartz","RESULTS OF THE 80TH MINING LICENSING COMMITTEE (MLC) MEETING HELD ON 6TH TO 7TH AND 10TH JUNE 2024","https://www.mmmd.gov.zm/?p=2849"
"Falcon Mineral Processing Limited","organization","","","22134-HQ-SML","Cancelled","critical_battery","1","345","Manganese/Silver/Zinc","CANCELLATION OF NON-COMPLIANT MINING AND NON-MINING RIGHTS BY THE MINING LICENSING COMMITTEE (MLC)","https://www.mmmd.gov.zm/?p=2787"
"Falcon Ventures Limited","organization","Luapula","Mansa","30172-HQ-LEL | 24432-HQ-LEL","Cancelled | Deferred","critical_battery","2","21581","Iron Ore/Manganese/Zinc","CANCELLATION OF NON-COMPLIANT MINING AND NON-MINING RIGHTS BY THE MINING LICENSING COMMITTEE (MLC)","https://www.mmmd.gov.zm/?p=2787"
"Falling Star Investments Limited","organization","Central","Chongwe, Chongwe","13198-HQ-LPL","Rejected","gold","1","4488","Molybdenum/Platinum/Uranium","RESULTS OF THE 81ST MINING LICENSING COMMITTEE (MLC) MEETING HELD ON 31ST JULY, 2024","https://www.mmmd.gov.zm/?p=2923"
"Famagusta Mining Corporation Limited","organization","Central | Copperbelt","Serenje | Masaiti, Mpongwe | Lufwanyama","29882-HQ-LEL | 29883-HQ-LEL | 29884-HQ-LEL | 29885-HQ-LEL","Deferred | Rejected","critical_battery","4","40623","Manganese/Iron Ore/Mica","RESULTS OF THE 90TH MINING LICENSING COMMITTEE (MLC) MEETING HELD ON 29TH AUGUST, 2025","https://www.mmmd.gov.zm/?p=5836"
"Family Industries Mining Company Limited","organization","Southern","Gwembe","26460-HQ-LEL","Cancelled | Approved","critical_battery","1","2520","Iron Ore/Gold/Nickel","CANCELLATION OF NON-COMPLIANT MINING AND NON-MINING RIGHTS BY THE MINING LICENSING COMMITTEE (MLC)","https://www.mmmd.gov.zm/?p=2787"
"FAMS Mining Zambia Limited","organization","North Western","Solwezi","28816-HQ-LEL","Approved","critical_battery","2","38442","Nickel/Manganese/Silver","RESULTS OF THE 91ST MINING LICENSING COMMITTEE (MLC) MEETING HELD ON 08TH OCTOBER, 2025","https://www.mmmd.gov.zm/?p=6170"
"Fanamu Mining Company","organization","Central","Serenje","23744-HQ-SEL","Approved | Deferred | DEFERRED | Rejected","gold","1","155","Silver/Gold/Copper","RESULTS OF THE 72ND MINING LICENSING COMMITTEE (MLC) MEETING HELD FROM 17TH TO 22 MAY 2023","https://www.mmmd.gov.zm/?p=2559"
"Fankel Mineral Resources Limited","organization","Southern","Choma","32125-HQ-LEL | 30389-HQ-SEL | 30390-HQ-LEL | 30422-HQ-LEL","Rejected | Cancelled","critical_battery","3","17788","Silver/Gold/Copper","RESULTS OF THE 76TH MINING LICENSING COMMITTEE (MLC) MEETING HELD ON 17TH AND 20TH NOVEMBER 2023","https://www.mmmd.gov.zm/?p=2640"
"Farah Issa Mohamed","person_or_unclassified","North Western","Mufumbwe","36134-HQ-AMR","Approved","gold","1","7","Iron Ore/Silver/Copper","RESULTS OF THE 77TH MINING LICENSING COMMITTEE (MLC) MEETING HELD ON 11TH TO 12TH JANUARY 2024","https://www.mmmd.gov.zm/?p=2675"
"Faren Mining and Metalllurgy Zambia Company Limited","organization","Copperbelt","Chingola","38714-HQ-MPL","","gold","1","33","Gold/Copper","RESULTS OF THE 83RD MINING LICENSING COMMITTEE (MLC) MEETING HELD ON 30TH OCTOBER, 2024","https://www.mmmd.gov.zm/?p=3515"
"Farmers Development Cooperaative Union Society Limited","organization","North Western | Northern","Mwinilunga | Chinsali","35168-HQ-AMR | 35171-HQ-AMR | 39395-HQ-AMR | 39396-HQ-AMR | 39397-HQ-AMR | 39398-HQ-AMR | 39401-HQ-AMR","Deferred | APPROVED | Approved | REJECTED","gold","5","34","Gold/Copper","RESULTS OF THE 75TH MINING LICENSING COMMITTEE (MLC) MEETING HELD FROM 27TH TO 29TH SEPTEMBER 2023","https://www.mmmd.gov.zm/?p=2618"
"Far-North Enterprise Limited","organization","North Western","Mwinilunga","30459-HQ-LEL | 30458-HQ-LEL","Approved","critical_battery","2","43433","Manganese/Silver/Cobalt","REMINDER ON RESULTS OF THE 70TH AND 71ST MINING LICENSING COMMITTEE (MLC) MEETINGS HELD IN FEBRUARY AND MARCH 2023","https://www.mmmd.gov.zm/?p=2555"
"Fatima Chilonga","person_or_unclassified","Lusaka","Chongwe","38487-HQ-AMR | 38491-HQ-AMR | 38492-HQ-AMR","Approved","critical_battery","3","15","Gold/Silver/Cobalt","RESULTS OF THE 83RD MINING LICENSING COMMITTEE (MLC) MEETING HELD ON 30TH OCTOBER, 2024","https://www.mmmd.gov.zm/?p=3515"
"Favourite Emerald Mine Limited","organization","","","7199-HQ-SML","Cancelled","gemstones","1","77","Emerald/Beryllium","CANCELLATION OF NON-COMPLIANT MINING AND NON-MINING RIGHTS BY THE MINING LICENSING COMMITTEE (MLC)","https://www.mmmd.gov.zm/?p=2787"
"Febby Lukufu","person_or_unclassified","Luapula","Mansa","38559-HQ-AMR","Approved","critical_battery","2","13","Manganese/Sugilite/Copper","RESULTS OF THE 82ND MINING LICENSING COMMITTEE (MLC) MEETING HELD ON 11TH SEPTEMBER, 2024","https://www.mmmd.gov.zm/?p=3378"
"FEDAR INVESTMENT COMPANY LIMITED","organization","Southern","Gwembe","38447-HQ-SEL | 38448-HQ-SEL | 40314-HQ-SML | 40312-HQ-SML | 40395-HQ-MPL","Approved | APPROVED","gemstones","2","1336","Coal/Amethyst/Granite","RESULTS OF THE 82ND MINING LICENSING COMMITTEE (MLC) MEETING HELD ON 11TH SEPTEMBER, 2024","https://www.mmmd.gov.zm/?p=3378"
"Fedelis Chanda","person_or_unclassified","Luapula","Samfya","36957-HQ-AMR","Approved","critical_battery","1","7","Gold/Manganese/Cobalt","RESULTS OF THE 77TH MINING LICENSING COMMITTEE (MLC) MEETING HELD ON 11TH TO 12TH JANUARY 2024","https://www.mmmd.gov.zm/?p=2675"
"Feedstock and Nutrition Manufactures Co-operative Society Limited","organization","Northern","Chinsali","39400-HQ-AMR | 39402-HQ-AMR | 39404-HQ-AMR | 39405-HQ-AMR | 39406-HQ-AMR","Approved","gold","5","34","Gold/Copper","RESULTS OF THE 84TH MINING LICENSING COMMITTEE (MLC) MEETING HELD ON 12TH DECEMBER, 2024","https://www.mmmd.gov.zm/?p=3780"
"Feldon & Camara Mining Limited","organization","Lusaka","Kafue","40335-HQ-LEL | 40336-HQ-LEL | 40335-HQ-SEL","APPROVED | Approved","critical_battery","2","5984","Nickel/Zinc/Iron Ore","RESULTS OF THE 87TH MINING LICENSING COMMITTEE (MLC) MEETING HELD ON 7TH MAY, 2025","https://www.mmmd.gov.zm/?p=4069"
"Felistus  Kasongu","person_or_unclassified","Southern","Kalomo","34098-HQ-AMR","Approved","gemstones","2","13","Iron Ore/Aquamarine","RESULTS OF THE 74TH MINING LICENSING COMMITTEE (MLC) MEETING HELD FROM 3RD TO 4TH AUGUST 2023","https://www.mmmd.gov.zm/?p=2598"
"Feliz Mineral Resources Limited","organization","Central","Mumbwa","32965-HQ-SEL | 38022-HQ-LEL | 38175-HQ-LEL","Approved | Deferred","critical_battery","2","9638","Iron Ore/Lead/Gold","RESULTS OF THE 72ND MINING LICENSING COMMITTEE (MLC) MEETING HELD FROM 17TH TO 22 MAY 2023","https://www.mmmd.gov.zm/?p=2559"
"ferd shikabwali","person_or_unclassified","Copperbelt | Central | North Western","Chililabombwe | Mumbwa | Kasempa","32680-HQ-AMR | 33127-HQ-AMR | 33190-HQ-AMR","Approved | Deferred","critical_battery","3","20","Manganese/Iron Ore/Copper","RESULTS OF THE 72ND MINING LICENSING COMMITTEE (MLC) MEETING HELD FROM 17TH TO 22 MAY 2023","https://www.mmmd.gov.zm/?p=2559"
"Ferd Shikambwali","person_or_unclassified","Lusaka","Kafue","32150-HQ-AMR","Approved","critical_battery","2","13","Iron Ore/Gold/Copper","RESULTS OF THE 72ND MINING LICENSING COMMITTEE (MLC) MEETING HELD FROM 17TH TO 22 MAY 2023","https://www.mmmd.gov.zm/?p=2559"
"Ferro Alloys Corporation Limited","organization","Central","Serenje | Kabwe | Kapiri Mposhi","21617-HQ-LEL | 29021-HQ-MPL | 16049-HQ-LPL","Approved | DEFERRED","critical_battery","4","27414","Manganese/Copper/Lead","SUBJECT: RESULTS OF THE 79TH MINING LICENSING COMMITTEE (MLC) MEETING HELD ON 11TH TO 12TH APRIL 2024","https://www.mmmd.gov.zm/?p=2794"
"Fertilizer Commodities (Z) Limited","organization","North Western","Mwinilunga","26502-HQ-LEL | 26398-HQ-LEL | 25327-HQ-LEL","Cancelled","gold","1","1512","Gold/Iron Ore/Cobalt","CANCELLATION OF NON-COMPLIANT MINING AND NON-MINING RIGHTS BY THE MINING LICENSING COMMITTEE (MLC)","https://www.mmmd.gov.zm/?p=2787"
"Fiand Mineral Processing Limited","organization","Central | Northern | Southern","Mkushi | Kasama, Mungwi | Siavonga","34708-HQ-LEL | 34464-HQ-LEL | 34593-HQ-SEL | 34792-HQ-SEL","Approved | Deferred | REJECTED","critical_battery","1","220","Lead/Manganese/Silver","RESULTS OF THE 76TH MINING LICENSING COMMITTEE (MLC) MEETING HELD ON 17TH AND 20TH NOVEMBER 2023","https://www.mmmd.gov.zm/?p=2640"
"Fidel.W Kanika","person_or_unclassified","Luapula","Kawambwa","29870-HQ-AMR | 33261-HQ-AMR | 33262-HQ-AMR","Approved | Deferred | Rejected","gemstones","2","13","Manganese/Zinc/Gold","REMINDER ON RESULTS OF THE 70TH AND 71ST MINING LICENSING COMMITTEE (MLC) MEETINGS HELD IN FEBRUARY AND MARCH 2023","https://www.mmmd.gov.zm/?p=2555"
"Fidelis Kapasa","person_or_unclassified","Southern","Monze","28679-HQ-AMR","Deferred | Approved","gemstones","1","7","Iron Ore/Gold/Garnet","REMINDER ON RESULTS OF THE 70TH AND 71ST MINING LICENSING COMMITTEE (MLC) MEETINGS HELD IN FEBRUARY AND MARCH 2023","https://www.mmmd.gov.zm/?p=2555"
"FIERCE DRAGON INVESTMENT LIMITED","organization","Southern","Kalomo","38138-HQ-SEL | 38359-HQ-SEL | 38812-HQ-SEL","Approved","critical_battery","2","1382","Tungsten/Tin/Niobium (Columbium)","RESULTS OF THE 81ST MINING LICENSING COMMITTEE (MLC) MEETING HELD ON 31ST JULY, 2024","https://www.mmmd.gov.zm/?p=2923"
"Fifty Nine Investments Limited","organization","Central","Serenje","35728-HQ-LEL","Approved","critical_battery","2","48290","Gold/Manganese/Cobalt","RESULTS OF THE 78TH MINING LICENSING COMMITTEE (MLC) MEETING HELD ON 27TH FEBRUARY TO 1ST MARCH 2024","https://www.mmmd.gov.zm/?p=2785"
"Filtrak Zambia Limited","organization","Central","Mumbwa","32701-HQ-LEL","Approved","critical_battery","1","8392","Iron Ore/Manganese/Silver","RESULTS OF THE 73RD MINING LICENSING COMMITTEE (MLC) MEETING HELD FROM 29TH TO 30TH JUNE 2023","https://www.mmmd.gov.zm/?p=2583"
"Finest Mineral Resources Company Limited","organization","Eastern | Central","Nyimba; Lusaka, Chongwe | Mkushi; Lusaka, Chongwe","39770-HQ-LEL | 39769-HQ-SEL","APPROVED | Approved","gemstones","2","4101","Gold/Copper/Amethyst","RESULTS OF THE 85TH MINING LICENSING COMMITTEE (MLC) MEETING HELD ON 5TH MARCH, 2025","https://www.mmmd.gov.zm/?p=4013"
"Firmato Investiment Limited","organization","Central","Chibombo","35203-HQ-SEL","Approved","critical_battery","1","982","Manganese/Zinc/Iron Ore","RESULTS OF THE 76TH MINING LICENSING COMMITTEE (MLC) MEETING HELD ON 17TH AND 20TH NOVEMBER 2023","https://www.mmmd.gov.zm/?p=2640"
"Fisanamano Multi-Purpose Co-operative Society Limited","organization","Luapula","Mansa","35598-HQ-AMR","APPROVED","critical_battery","1","7","Manganese/Gold/Copper","RESULTS OF THE EXTRA ORDINARY MINING LICENSING COMMITTEE (MLC) MEETING HELD ON 27TH OCTOBER 2023","https://www.mmmd.gov.zm/?p=2626"
"Fisonga Georgina","person_or_unclassified","North Western | Eastern","Solwezi | Petauke","39567-HQ-AMR | 39568-HQ-AMR | 41212-HQ-AMR","Approved","gemstones","2","13","Quartz/Amethyst/Ruby","RESULTS OF THE 85TH MINING LICENSING COMMITTEE (MLC) MEETING HELD ON 5TH MARCH, 2025","https://www.mmmd.gov.zm/?p=4013"
"Fitole Gem Mines Limited","organization","Copperbelt","Lufwanyama","7429-HQ-SML","Approved","gemstones","1","74","Emerald","RESULTS OF THE 88TH MINING LICENSING COMMITTEE (MLC) MEETING HELD ON 30TH MAY, 2025","https://www.mmmd.gov.zm/?p=4111"
"Fitwama Mining Cooperative Society","organization","","","7258-HQ-SML","Cancelled","gemstones","1","45","Emerald","CANCELLATION OF NON-COMPLIANT MINING AND NON-MINING RIGHTS BY THE MINING LICENSING COMMITTEE (MLC)","https://www.mmmd.gov.zm/?p=2787"
"Fleissig Investments Company Limited","organization","Eastern","Chama; Northern, Chinsali","32983-HQ-LEL","Approved","critical_battery","1","8511","Tantalum/Niobium (Columbium)/Tungsten","RESULTS OF THE 73RD MINING LICENSING COMMITTEE (MLC) MEETING HELD FROM 29TH TO 30TH JUNE 2023","https://www.mmmd.gov.zm/?p=2583"
"Fleuve Stones Limited","organization","","","20013-HQ-SML","Cancelled","gemstones","1","99","Quartz/Tourmaline/Amazonite","CANCELLATION OF NON-COMPLIANT MINING AND NON-MINING RIGHTS BY THE MINING LICENSING COMMITTEE (MLC)","https://www.mmmd.gov.zm/?p=2787"
"Flight Mining Limited","organization","Southern | Central | Luapula | North Western","Choma | Mkushi | Milenge | Kasempa","24653-HQ-SEL | 19442-HQ-SML | 39425-HQ-SEL | 41613-HQ-SEL","Approved | Cancelled","gemstones","2","286","Manganese/Quartz/Copper","REMINDER ON RESULTS OF THE 70TH AND 71ST MINING LICENSING COMMITTEE (MLC) MEETINGS HELD IN FEBRUARY AND MARCH 2023","https://www.mmmd.gov.zm/?p=2555"
"Flow Valve Limited","organization","Copperbelt","Mpongwe | Mufulira","28172-HQ-SEL | 37243-HQ-SEL | 40073-HQ-SML","Cancelled | Rejected","gemstones","2","1311","Gold/Manganese/Zinc","CANCELLATION OF NON-COMPLIANT MINING AND NON-MINING RIGHTS BY THE MINING LICENSING COMMITTEE (MLC)","https://www.mmmd.gov.zm/?p=2787"
"Flying Lion Mining Company Limited","organization","Copperbelt","Luanshya, Masaiti | Mpongwe","40178-HQ-LEL | 40567-HQ-SEL","APPROVED | Approved","gemstones","2","1805","Manganese/Malachite/Nickel","RESULTS OF THE 87TH MINING LICENSING COMMITTEE (MLC) MEETING HELD ON 7TH MAY, 2025","https://www.mmmd.gov.zm/?p=4069"
"F-Net Zambia Limited","organization","Central | North Western","Serenje | Kasempa","27650-HQ-SML | 20694-HQ-LPL | 29567-HQ-LEL","Approved | Rejected | Cancelled","critical_battery","2","24385","Iron Ore/Lead/Manganese","RESULTS OF THE 72ND MINING LICENSING COMMITTEE (MLC) MEETING HELD FROM 17TH TO 22 MAY 2023","https://www.mmmd.gov.zm/?p=2559"
"Fontainebleau Zambia Limited","organization","Central | Lusaka","Serenje | Mkushi | Chongwe","38640-HQ-LEL | 38084-HQ-LEL | 38269-HQ-LEL | 38365-HQ-LEL | 38896-HQ-LEL","Approved | approved","gemstones","5","46242","Gold/Nickel/Zinc","RESULTS OF THE 82ND MINING LICENSING COMMITTEE (MLC) MEETING HELD ON 11TH SEPTEMBER, 2024","https://www.mmmd.gov.zm/?p=3378"
"Forest Mining Limited","organization","Central","Mkushi","35658-HQ-SEL | 35659-HQ-SEL | 40563-HQ-SML","Approved","gemstones","3","1196","Iron Ore/Manganese/Lead","RESULTS OF THE 81ST MINING LICENSING COMMITTEE (MLC) MEETING HELD ON 31ST JULY, 2024","https://www.mmmd.gov.zm/?p=2923"
"FORLUK VENTURES LIMITED","organization","North Western | Lusaka","Mwinilunga | Kasempa | Kafue","37800-HQ-LEL | 37610-HQ-SEL | 37612-HQ-SEL | 38829-HQ-SEL | 39008-HQ-SEL","Approved | APPROVED","critical_battery","5","74793","Gold/Copper/Cobalt","RESULTS OF THE 80TH MINING LICENSING COMMITTEE (MLC) MEETING HELD ON 6TH TO 7TH AND 10TH JUNE 2024","https://www.mmmd.gov.zm/?p=2849"
"Formula Minerals and General Supplies Company Limited","organization","Lusaka","Kafue","38124-HQ-LEL","Deferred","critical_battery","1","7015","Manganese/Malachite/Nickel","RESULTS OF THE 81ST MINING LICENSING COMMITTEE (MLC) MEETING HELD ON 31ST JULY, 2024","https://www.mmmd.gov.zm/?p=2923"
"Fort Jameson Gold Fields Limited","organization","Eastern","Chipata","21488-HQ-LEL | 28969-HQ-LEL","Rejected | Cancelled","critical_battery","2","54790","Iron Ore/Lead/Zinc","REMINDER ON RESULTS OF THE 70TH AND 71ST MINING LICENSING COMMITTEE (MLC) MEETINGS HELD IN FEBRUARY AND MARCH 2023","https://www.mmmd.gov.zm/?p=2555"
"Fortified Mining and General Dealers Limited","organization","","","25209-HQ-SML","Cancelled","industrial_minerals","1","368","Limestone (General)/Lightweight Aggregate","CANCELLATION OF NON-COMPLIANT MINING AND NON-MINING RIGHTS BY THE MINING LICENSING COMMITTEE (MLC)","https://www.mmmd.gov.zm/?p=2787"
"Fortune Sinyangwe","person_or_unclassified","Luapula","Mansa","33009-HQ-AMR","Approved","critical_battery","1","7","Limestone (General)/Manganese/Quartz","RESULTS OF THE 73RD MINING LICENSING COMMITTEE (MLC) MEETING HELD FROM 29TH TO 30TH JUNE 2023","https://www.mmmd.gov.zm/?p=2583"
"Forward Mining Limited","organization","Copperbelt | North Western","Lufwanyama, Mpongwe | Kalulushi, Lufwanyama | Solwezi | Lufwanyama","37103-HQ-LEL | 38362-HQ-LEL | 39007-HQ-SEL | 36234-HQ-LEL","Approved | APPROVED","gemstones","5","22243","Gold/Copper/Cobalt","RESULTS OF THE 78TH MINING LICENSING COMMITTEE (MLC) MEETING HELD ON 27TH FEBRUARY TO 1ST MARCH 2024","https://www.mmmd.gov.zm/?p=2785"
"Founded Business Trust Holdings Zambia Limited","organization","","","24323-HQ-MPL","Cancelled","critical_battery","1","13","Lead/Iron Ore/Manganese","CANCELLATION OF NON-COMPLIANT MINING AND NON-MINING RIGHTS BY THE MINING LICENSING COMMITTEE (MLC)","https://www.mmmd.gov.zm/?p=2787"
"Founded Business Trust Refineries Zambia Limited","organization","","","25009-HQ-MPL","Cancelled","gold","1","7","Gold","CANCELLATION OF NON-COMPLIANT MINING AND NON-MINING RIGHTS BY THE MINING LICENSING COMMITTEE (MLC)","https://www.mmmd.gov.zm/?p=2787"
"Fouta Mining Limited","organization","North Western | Central","Mwinilunga | Kapiri Mposhi","38703-HQ-SEL | 38722-HQ-SEL","Approved","gemstones","2","1798","Iron Ore/Lead/Manganese","RESULTS OF THE 83RD MINING LICENSING COMMITTEE (MLC) MEETING HELD ON 30TH OCTOBER, 2024","https://www.mmmd.gov.zm/?p=3515"
"FQM Trident Limited","organization","North Western","Solwezi","18000-HQ-LML","Approved","critical_battery","6","114114","Platinum Group Metals/Nickel/Silver","RESULTS OF THE 81ST MINING LICENSING COMMITTEE (MLC) MEETING HELD ON 31ST JULY, 2024","https://www.mmmd.gov.zm/?p=2923"
"Francis Mwape","person_or_unclassified","Southern","Mazabuka","38905-HQ-AMR","","critical_battery","1","7","Manganese/Malachite/Mica","RESULTS OF THE 83RD MINING LICENSING COMMITTEE (MLC) MEETING HELD ON 30TH OCTOBER, 2024","https://www.mmmd.gov.zm/?p=3515"
"Franciscan Mineals Zambia Limited","organization","Luapula","Nchelenge","16134-HQ-SML","Deferred | Rejected","gemstones","1","120","Emerald/Beryllium","RESULTS OF THE 82ND MINING LICENSING COMMITTEE (MLC) MEETING HELD ON 11TH SEPTEMBER, 2024","https://www.mmmd.gov.zm/?p=3378"
"Franciscan Minerals Zambia Limited","organization","Central | Southern","Mumbwa | Mkushi | Siavonga","30177-HQ-LEL | 30178-HQ-LEL | 32049-HQ-SEL | 19263-HQ-SML","Approved | Deferred | Cancelled","critical_battery","3","86132","Tin/Zinc/Nickel","REMINDER ON RESULTS OF THE 70TH AND 71ST MINING LICENSING COMMITTEE (MLC) MEETINGS HELD IN FEBRUARY AND MARCH 2023","https://www.mmmd.gov.zm/?p=2555"
"Frank Shewitt Enterprises Limited","organization","","","30595-HQ-SEL | 30596-HQ-SEL","Cancelled","gemstones","1","75","Amethyst","CANCELLATION OF NON-COMPLIANT MINING AND NON-MINING RIGHTS BY THE MINING LICENSING COMMITTEE (MLC)","https://www.mmmd.gov.zm/?p=2787"
"frank syamuntu","person_or_unclassified","Southern","Sinazongwe","38473-HQ-AMR","Approved","gemstones","1","7","Tantalum/Quartz/Tin","RESULTS OF THE 84TH MINING LICENSING COMMITTEE (MLC) MEETING HELD ON 12TH DECEMBER, 2024","https://www.mmmd.gov.zm/?p=3780"
"Frazier Nyoka","person_or_unclassified","Southern","Livingstone","28520-HQ-AMR","Approved","industrial_minerals","1","7","Stone/Sand and Gravel/Magnesium (Brucit)","RESULTS OF THE 82ND MINING LICENSING COMMITTEE (MLC) MEETING HELD ON 11TH SEPTEMBER, 2024","https://www.mmmd.gov.zm/?p=3378"
"Freca Mining & Manufacturing Limited","organization","North Western","Kabompo | Mwinilunga, Solwezi | Kasempa, Mufumbwe | Mufumbwe | Mwinilunga","31261-HQ-LML | 22650-HQ-LEL | 25300-HQ-LEL | 24422-HQ-LEL | 24976-HQ-LEL","Approved | Deferred","critical_battery","3","32964","Copper/Nickel/Silver","RESULTS OF THE 72ND MINING LICENSING COMMITTEE (MLC) MEETING HELD FROM 17TH TO 22 MAY 2023","https://www.mmmd.gov.zm/?p=2559"
"Freca Platinum Limited","organization","North Western","Kabompo, Mwinilunga","27497-HQ-LEL","DEFERRED","gemstones","3","237213","Copper/Gold/Cobalt","RESULTS OF THE 85TH MINING LICENSING COMMITTEE (MLC) MEETING HELD ON 5TH MARCH, 2025","https://www.mmmd.gov.zm/?p=4013"
"Fred  Mtonga","person_or_unclassified","Central","Chibombo","36540-HQ-AMR","Approved","gemstones","1","7","Sand and Gravel/Mica/Zinc","RESULTS OF THE 78TH MINING LICENSING COMMITTEE (MLC) MEETING HELD ON 27TH FEBRUARY TO 1ST MARCH 2024","https://www.mmmd.gov.zm/?p=2785"
"Fred Kasoma Nkandu","person_or_unclassified","Copperbelt","Chingola","40211-HQ-AMR | 40332-HQ-AMR","Approved","gold","2","13","Gold/Copper/Iron Ore","RESULTS OF THE 87TH MINING LICENSING COMMITTEE (MLC) MEETING HELD ON 7TH MAY, 2025","https://www.mmmd.gov.zm/?p=4069"
"Fred Muyunda","person_or_unclassified","North Western | Southern | Central","Mufumbwe | Monze | Serenje","38704-HQ-AMR | 38705-HQ-AMR | 39783-HQ-AMR | 40617-HQ-AMR","Approved","critical_battery","3","15","Iron Ore/Zinc/Manganese","RESULTS OF THE 83RD MINING LICENSING COMMITTEE (MLC) MEETING HELD ON 30TH OCTOBER, 2024","https://www.mmmd.gov.zm/?p=3515"
"Fredrick Katongo","person_or_unclassified","Central","Serenje","36250-HQ-AMR","Approved","gemstones","1","7","Manganese/Gold/Rubidium","RESULTS OF THE 81ST MINING LICENSING COMMITTEE (MLC) MEETING HELD ON 31ST JULY, 2024","https://www.mmmd.gov.zm/?p=2923"
"fredson mwambala","person_or_unclassified","Southern","Itezhi Tezhi","37403-HQ-AMR","Approved","gemstones","1","7","Iron Ore/Lithium/Manganese","SUBJECT: RESULTS OF THE 79TH MINING LICENSING COMMITTEE (MLC) MEETING HELD ON 11TH TO 12TH APRIL 2024","https://www.mmmd.gov.zm/?p=2794"
"Freeway Minerals Limited","organization","Luapula | Northern","Mwense | Mansa | Chinsali","33200-HQ-SEL | 33199-HQ-SEL | 39949-HQ-SEL | 41915-HQ-SML","Approved","gemstones","2","866","Copper/Cobalt/Tourmaline","RESULTS OF THE 72ND MINING LICENSING COMMITTEE (MLC) MEETING HELD FROM 17TH TO 22 MAY 2023","https://www.mmmd.gov.zm/?p=2559"
"Freshpoint Mining Enterprises & General Suppliers Limited","organization","Eastern","Petauke | Mambwe, Petauke","31062-HQ-SEL | 30897-HQ-SEL | 32732-HQ-SEL","Approved | Cancelled","gemstones","2","1300","Gold/Copper/Amethyst","REMINDER ON RESULTS OF THE 70TH AND 71ST MINING LICENSING COMMITTEE (MLC) MEETINGS HELD IN FEBRUARY AND MARCH 2023","https://www.mmmd.gov.zm/?p=2555"
"Freshstart Emerald Mining Limited","organization","","","30024-HQ-SEL | 27690-HQ-SEL","Cancelled","gemstones","2","1820","Limestone (General)/Anhydrite/Tourmaline","CANCELLATION OF NON-COMPLIANT MINING AND NON-MINING RIGHTS BY THE MINING LICENSING COMMITTEE (MLC)","https://www.mmmd.gov.zm/?p=2787"
"Fromlight Investments Limited","organization","Central","Mumbwa","37517-HQ-MPL","Approved","gold","1","7","Gold","SUBJECT: RESULTS OF THE 79TH MINING LICENSING COMMITTEE (MLC) MEETING HELD ON 11TH TO 12TH APRIL 2024","https://www.mmmd.gov.zm/?p=2794"
"Front Page Multi-Purpose Cooperative Society Limited","organization","Southern | Northern","Siavonga | Chinsali","30667-HQ-AMR | 37283-HQ-AMR","","gemstones","2","13","Clay (General)/Mineral Sands/Feldspar","REMINDER ON RESULTS OF THE 70TH AND 71ST MINING LICENSING COMMITTEE (MLC) MEETINGS HELD IN FEBRUARY AND MARCH 2023","https://www.mmmd.gov.zm/?p=2555"
"Front Runners Solutions Limited","organization","Central","Serenje","35406-HQ-SEL","Deferred | APPROVED","critical_battery","1","730","Platinum/Manganese/Tantalum","RESULTS OF THE 84TH MINING LICENSING COMMITTEE (MLC) MEETING HELD ON 12TH DECEMBER, 2024","https://www.mmmd.gov.zm/?p=3780"
"Frontier Generations Limited","organization","Copperbelt","Lufwanyama, Mpongwe; North Western, Solwezi","29387-HQ-LEL | 22905-HQ-SEL","Cancelled | Deferred | Approved","gemstones","1","56706","Gold/Quartz/Emerald","CANCELLATION OF NON-COMPLIANT MINING AND NON-MINING RIGHTS BY THE MINING LICENSING COMMITTEE (MLC)","https://www.mmmd.gov.zm/?p=2787"
"Frynary Joakim Chitalu","person_or_unclassified","Eastern","Chama","33415-HQ-AMR","Approved","critical_battery","1","7","Iron Ore/Lithium/Manganese","RESULTS OF THE 73RD MINING LICENSING COMMITTEE (MLC) MEETING HELD FROM 29TH TO 30TH JUNE 2023","https://www.mmmd.gov.zm/?p=2583"
"Fu Da Resource Management Limited","organization","Central | Northern","Chibombo, Kapiri Mposhi, Mkushi | Mpika","31196-HQ-LEL | 38398-HQ-LEL","Deferred | REJECTED","critical_battery","1","8348","Manganese/Zinc/Gold","REMINDER ON RESULTS OF THE 70TH AND 71ST MINING LICENSING COMMITTEE (MLC) MEETINGS HELD IN FEBRUARY AND MARCH 2023","https://www.mmmd.gov.zm/?p=2555"
"Fulgent Mining Limited","organization","Northern | Copperbelt","Mpika | Lufwanyama","35619-HQ-LEL | 36768-HQ-SEL","Approved | Rejected","critical_battery","1","4257","Lithium/Silver/Gold","RESULTS OF THE 78TH MINING LICENSING COMMITTEE (MLC) MEETING HELD ON 27TH FEBRUARY TO 1ST MARCH 2024","https://www.mmmd.gov.zm/?p=2785"
"Funkwe  Mushinge","person_or_unclassified","Central","Mumbwa | Mkushi","34225-HQ-AMR | 37810-HQ-AMR | 37957-HQ-AMR | 38417-HQ-AMR | 38418-HQ-AMR | 38419-HQ-AMR","Approved","industrial_minerals","2","13","Sand/Limestone (General)","RESULTS OF THE 74TH MINING LICENSING COMMITTEE (MLC) MEETING HELD FROM 3RD TO 4TH AUGUST 2023","https://www.mmmd.gov.zm/?p=2598"
"Funkwe Mushinge","person_or_unclassified","Central","Mumbwa | Mkushi","34225-HQ-AMR | 37810-HQ-AMR | 37957-HQ-AMR | 38417-HQ-AMR | 38418-HQ-AMR | 38419-HQ-AMR","Approved","gold","3","20","Lead/Malachite/Silver","RESULTS OF THE 74TH MINING LICENSING COMMITTEE (MLC) MEETING HELD FROM 3RD TO 4TH AUGUST 2023","https://www.mmmd.gov.zm/?p=2598"
"Fyakufolobolafye Mining Cooperative Society Limited","organization","Northern","Chinsali | Mpika","35850-HQ-AMR | 39860-HQ-AMR","DEFERRED | Approved | Deferred | Rejected","gemstones","2","13","Gold/Silver/Zinc","RESULTS OF THE EXTRA ORDINARY MINING LICENSING COMMITTEE (MLC) MEETING HELD ON 27TH OCTOBER 2023","https://www.mmmd.gov.zm/?p=2626"
"G & G National Wide Import And Export Limited","organization","Lusaka | Northern","Chongwe | Isoka","34210-HQ-LEL | 35045-HQ-LEL","Approved","critical_battery","2","41394","Tantalum/Nickel/Silver","RESULTS OF THE 74TH MINING LICENSING COMMITTEE (MLC) MEETING HELD FROM 3RD TO 4TH AUGUST 2023","https://www.mmmd.gov.zm/?p=2598"
"G & G National Wide Mining Zambia Limited","organization","Central | Eastern","Kapiri Mposhi, Mkushi; Lusaka, Chongwe | Nyimba, Petauke","30823-HQ-LEL | 30742-HQ-LEL | 30741-HQ-SEL | 31201-HQ-SEL","Approved | Cancelled | Rejected","gemstones","1","102364","Silver/Talc-Soapstone/Quartz","REMINDER ON RESULTS OF THE 70TH AND 71ST MINING LICENSING COMMITTEE (MLC) MEETINGS HELD IN FEBRUARY AND MARCH 2023","https://www.mmmd.gov.zm/?p=2555"
"G & G National Wide Zambia Ltd","organization","","","19130-HQ-SML | 19143-HQ-SML | 18509-HQ-SML","Cancelled","gemstones","1","113","Emerald/Beryllium","CANCELLATION OF NON-COMPLIANT MINING AND NON-MINING RIGHTS BY THE MINING LICENSING COMMITTEE (MLC)","https://www.mmmd.gov.zm/?p=2787"
"GABBRO VENTURES LIMITED","organization","North Western | Copperbelt | Central","Solwezi | Masaiti | Kapiri Mposhi; Copperbelt, Mpongwe | Kapiri Mposhi, Mkushi; Copperbelt, Masaiti | Luanshya, Lufwanyama","39635-HQ-LEL | 39641-HQ-LEL | 39666-HQ-LEL | 39671-HQ-LEL | 39965-HQ-SEL","APPROVED | DEFERRED | Approved","gemstones","5","40136","Copper/Gold/Malachite","RESULTS OF THE 85TH MINING LICENSING COMMITTEE (MLC) MEETING HELD ON 5TH MARCH, 2025","https://www.mmmd.gov.zm/?p=4013"
"Gabmans Limited","organization","Copperbelt","Lufwanyama","14442-HQ-SML | 14441-HQ-SML | 7475-HQ-SML | 7554-HQ-SML","Rejected | Cancelled | Approved","gemstones","1","90","Emerald/Beryllium","RESULTS OF THE 74TH MINING LICENSING COMMITTEE (MLC) MEETING HELD FROM 3RD TO 4TH AUGUST 2023","https://www.mmmd.gov.zm/?p=2598"
"Gabriel Mumbi","person_or_unclassified","Eastern","Mambwe","40097-HQ-AMR","Approved","gold","1","7","Silver/Zinc/Copper","RESULTS OF THE 87TH MINING LICENSING COMMITTEE (MLC) MEETING HELD ON 7TH MAY, 2025","https://www.mmmd.gov.zm/?p=4069"
"Gadiel Mining Limited","organization","Central","Mumbwa","38657-HQ-LEL","Approved","gold","1","1835","Silver/Zinc/Gold","RESULTS OF THE 82ND MINING LICENSING COMMITTEE (MLC) MEETING HELD ON 11TH SEPTEMBER, 2024","https://www.mmmd.gov.zm/?p=3378"
"GALHARUR INVESTMENT LIMITED","organization","Central","Mumbwa","38531-HQ-MPL","Deferred | Approved","gold","1","10","Gold","RESULTS OF THE 82ND MINING LICENSING COMMITTEE (MLC) MEETING HELD ON 11TH SEPTEMBER, 2024","https://www.mmmd.gov.zm/?p=3378"
"Galileo Mining Limited","organization","Central","Kabwe","39893-HQ-SML","Approved","critical_battery","2","364","Zinc/Manganese/Lightweight Aggregate","RESULTS OF THE 85TH MINING LICENSING COMMITTEE (MLC) MEETING HELD ON 5TH MARCH, 2025","https://www.mmmd.gov.zm/?p=4013"
"Galnet Construction Limited","organization","Luapula | Southern","Kawambwa | Choma | Kalomo | Mansa | Mansa, Milenge","37268-HQ-SEL | 37270-HQ-SEL | 37271-HQ-SEL | 37257-HQ-SEL | 37259-HQ-SEL","Approved","gemstones","5","3603","Copper/Cobalt/Manganese","RESULTS OF THE 80TH MINING LICENSING COMMITTEE (MLC) MEETING HELD ON 6TH TO 7TH AND 10TH JUNE 2024","https://www.mmmd.gov.zm/?p=2849"
"Gamma Resources Limited","organization","Northern | Copperbelt | Eastern | Southern | North Western","Chinsali | Masaiti, Mpongwe | Chadiza, Katete | Itezhi Tezhi | Chililabombwe | Solwezi","33964-HQ-LEL | 33752-HQ-SEL | 33965-HQ-LEL | 39360-HQ-LEL | 39797-HQ-LEL | 39822-HQ-LEL","Approved | APPROVED | REJECTED","gemstones","4","147738","Lead/Gold/Copper","RESULTS OF THE 74TH MINING LICENSING COMMITTEE (MLC) MEETING HELD FROM 3RD TO 4TH AUGUST 2023","https://www.mmmd.gov.zm/?p=2598"
"Gandari Mining Limited","organization","Lusaka","Chongwe","26463-HQ-SML","Deferred","gold","1","211","Iron Ore/Limestone (General)/Platinum","RESULTS OF THE 72ND MINING LICENSING COMMITTEE (MLC) MEETING HELD FROM 17TH TO 22 MAY 2023","https://www.mmmd.gov.zm/?p=2559"
"Gandi Natural Resources Company Zambia Limited","organization","Central | North Western | Southern","Kapiri Mposhi, Mkushi | Serenje | Kasempa, Solwezi | Siavonga","37873-HQ-LEL | 37686-HQ-LEL | 37726-HQ-LEL | 38450-HQ-LEL","Approved | Deferred","gemstones","5","93098","Gold/Copper/Silver","RESULTS OF THE 81ST MINING LICENSING COMMITTEE (MLC) MEETING HELD ON 31ST JULY, 2024","https://www.mmmd.gov.zm/?p=2923"
"Ganfeng Mining Group Limited","organization","Southern","Kazungula, Livingstone","34165-HQ-LEL","","gemstones","1","19751","Molybdenum/Niobium (Columbium)/Gold","RESULTS OF THE 74TH MINING LICENSING COMMITTEE (MLC) MEETING HELD FROM 3RD TO 4TH AUGUST 2023","https://www.mmmd.gov.zm/?p=2598"
"Ganitlines Zambia Limited","organization","Eastern | Lusaka","Lundazi | Kafue","30560-HQ-SEL | 30561-HQ-SEL | 24455-HQ-SEL","Rejected | Approved | Cancelled | Deferred | deferred","critical_battery","1","362","Limestone (General)/Iron Ore/Silver","REMINDER ON RESULTS OF THE 70TH AND 71ST MINING LICENSING COMMITTEE (MLC) MEETINGS HELD IN FEBRUARY AND MARCH 2023","https://www.mmmd.gov.zm/?p=2555"
"Gansu Mining Company Limited","organization","Lusaka | Central | Northern","Chongwe | Chibombo | Chinsali, Isoka | Serenje","37939-HQ-LEL | 37961-HQ-LEL | 37979-HQ-LEL | 38060-HQ-LEL | 37919-HQ-LEL","Approved | Rejected","gemstones","3","8235","Titanium/Niobium (Columbium)/Zinc","RESULTS OF THE 82ND MINING LICENSING COMMITTEE (MLC) MEETING HELD ON 11TH SEPTEMBER, 2024","https://www.mmmd.gov.zm/?p=3378"
"GANUNA MINERALS LIMITED","organization","North Western","Kasempa, Solwezi","38312-HQ-LEL","Approved","gold","1","45429","Quartz/Zinc/Gold","RESULTS OF THE 81ST MINING LICENSING COMMITTEE (MLC) MEETING HELD ON 31ST JULY, 2024","https://www.mmmd.gov.zm/?p=2923"
"Ganzhou Investments Limited","organization","Central | Copperbelt","Serenje; Eastern, Nyimba | Mpongwe; North Western, Kasempa | Mkushi; Eastern, Nyimba","34820-HQ-LEL | 34824-HQ-LEL | 34823-HQ-LEL","Approved | Deferred","gemstones","3","33383","Manganese/Lead/Zinc","RESULTS OF THE 76TH MINING LICENSING COMMITTEE (MLC) MEETING HELD ON 17TH AND 20TH NOVEMBER 2023","https://www.mmmd.gov.zm/?p=2640"
"Garba Trading Limited","organization","Copperbelt","Lufwanyama","36188-HQ-SEL","Approved","gemstones","1","47","Emerald/Beryllium","RESULTS OF THE 77TH MINING LICENSING COMMITTEE (MLC) MEETING HELD ON 11TH TO 12TH JANUARY 2024","https://www.mmmd.gov.zm/?p=2675"
"Garbo Resource Zambia Limited","organization","North Western","Mufumbwe","22990-HQ-LEL","Approved | Cancelled","critical_battery","1","9324","Nickel/Lead/Zinc","RESULTS OF THE 72ND MINING LICENSING COMMITTEE (MLC) MEETING HELD FROM 17TH TO 22 MAY 2023","https://www.mmmd.gov.zm/?p=2559"
"Garuda Resources Limited","organization","Central","Mkushi | Mumbwa","31095-HQ-SEL | 31132-HQ-SEL | 31177-HQ-SEL | 31075-HQ-SEL | 33241-HQ-SEL","Approved | Cancelled | Deferred | Rejected","gemstones","3","159","Manganese/Iron Ore/Quartz","REMINDER ON RESULTS OF THE 70TH AND 71ST MINING LICENSING COMMITTEE (MLC) MEETINGS HELD IN FEBRUARY AND MARCH 2023","https://www.mmmd.gov.zm/?p=2555"
"Gateway Express Logistics Limited","organization","Central","Mumbwa","38521-HQ-MPL","Deferred | Approved","gold","1","7","Gold","RESULTS OF THE 82ND MINING LICENSING COMMITTEE (MLC) MEETING HELD ON 11TH SEPTEMBER, 2024","https://www.mmmd.gov.zm/?p=3378"
"Gatis Freight International Limited","organization","Copperbelt","Kitwe, Luanshya, Lufwanyama","30833-HQ-SEL","Approved","gemstones","1","513","Gold/Nickel/Silver","REMINDER ON RESULTS OF THE 70TH AND 71ST MINING LICENSING COMMITTEE (MLC) MEETINGS HELD IN FEBRUARY AND MARCH 2023","https://www.mmmd.gov.zm/?p=2555"
"Geejoyblo Mining Company Limited","organization","Central | North Western","Mkushi | Kasempa","36440-HQ-SEL | 36460-HQ-SEL | 35754-HQ-SEL","Deferred | Rejected | Approved","critical_battery","2","528","Nickel/Manganese/Zinc","RESULTS OF THE 77TH MINING LICENSING COMMITTEE (MLC) MEETING HELD ON 11TH TO 12TH JANUARY 2024","https://www.mmmd.gov.zm/?p=2675"
"GEELY ALLIANCE MINING INVESTMENT COMPANY LIMITED","organization","Central","Serenje","40366-HQ-LEL | 39988-HQ-SEL | 40365-HQ-SEL | 40647-HQ-SEL","APPROVED | Deferred | Approved","critical_battery","4","7585","Silica/Cobalt/Nickel","RESULTS OF THE 87TH MINING LICENSING COMMITTEE (MLC) MEETING HELD ON 7TH MAY, 2025","https://www.mmmd.gov.zm/?p=4069"
"Gehaanto Enterprises Limited","organization","Central","Mumbwa","29073-HQ-LEL","Cancelled | Deferred","gemstones","1","1278","Silver/Tourmaline/Iron Ore","CANCELLATION OF NON-COMPLIANT MINING AND NON-MINING RIGHTS BY THE MINING LICENSING COMMITTEE (MLC)","https://www.mmmd.gov.zm/?p=2787"
"Geiya Mining Limited","organization","Copperbelt","Kitwe | Kitwe, Luanshya, Lufwanyama, Ndola","34497-HQ-SML | 27051-HQ-LEL","Deferred | APPROVED | Approved","gemstones","2","19144","Emerald/Gold/Diamond","RESULTS OF THE 73RD MINING LICENSING COMMITTEE (MLC) MEETING HELD FROM 29TH TO 30TH JUNE 2023","https://www.mmmd.gov.zm/?p=2583"
"Geljam Mineral Company Limited","organization","Northern","Chinsali","34908-HQ-SEL","","critical_battery","1","956","Manganese/Limestone (General)/Tin","RESULTS OF THE 76TH MINING LICENSING COMMITTEE (MLC) MEETING HELD ON 17TH AND 20TH NOVEMBER 2023","https://www.mmmd.gov.zm/?p=2640"
"Gemaguo Mining and Contractors Limited","organization","Eastern","Nyimba","30883-HQ-LEL","","gemstones","1","4113","Silver/Manganese/Zinc","REMINDER ON RESULTS OF THE 70TH AND 71ST MINING LICENSING COMMITTEE (MLC) MEETINGS HELD IN FEBRUARY AND MARCH 2023","https://www.mmmd.gov.zm/?p=2555"
"Gemgarden Mining Limited","organization","Copperbelt","Lufwanyama","15404-HQ-SML","Deferred | Approved","gemstones","1","135","Emerald/Garnet/Amethyst","SUBJECT: RESULTS OF THE 79TH MINING LICENSING COMMITTEE (MLC) MEETING HELD ON 11TH TO 12TH APRIL 2024","https://www.mmmd.gov.zm/?p=2794"
"Genem MINERAL LIMITED","organization","Lusaka | Central | North Western","Chongwe | Mumbwa | Mufumbwe | Mwinilunga","37776-HQ-SEL | 38607-HQ-SEL | 38610-HQ-SEL | 38469-HQ-SEL","Approved","critical_battery","4","865","Gold/Copper/Iron Ore","RESULTS OF THE 80TH MINING LICENSING COMMITTEE (MLC) MEETING HELD ON 6TH TO 7TH AND 10TH JUNE 2024","https://www.mmmd.gov.zm/?p=2849"
"GEO HUB ENTERPRISE LIMITED","organization","Central","Mumbwa","37925-HQ-MPL","Approved","gold","1","7","Gold/Copper","RESULTS OF THE 81ST MINING LICENSING COMMITTEE (MLC) MEETING HELD ON 31ST JULY, 2024","https://www.mmmd.gov.zm/?p=2923"
"geoffrey chitalu","person_or_unclassified","North Western","Mufumbwe","38539-HQ-AMR","Approved","critical_battery","1","7","Gold/Manganese/Zinc","RESULTS OF THE 82ND MINING LICENSING COMMITTEE (MLC) MEETING HELD ON 11TH SEPTEMBER, 2024","https://www.mmmd.gov.zm/?p=3378"
"Geoffrey Chumbwe","person_or_unclassified","Eastern | Luapula","Chama | Mansa","30200-HQ-AMR | 30201-HQ-AMR | 25279-HQ-AMR","Rejected | Approved","gemstones","1","7","Dolomite/Sand and Gravel/Beryllium","REMINDER ON RESULTS OF THE 70TH AND 71ST MINING LICENSING COMMITTEE (MLC) MEETINGS HELD IN FEBRUARY AND MARCH 2023","https://www.mmmd.gov.zm/?p=2555"
"Geoffrey Kapansa","person_or_unclassified","Copperbelt","Luanshya","21058-HQ-AMR","Deferred | DEFERRED","gemstones","1","7","Emerald/Copper","RESULTS OF THE 80TH MINING LICENSING COMMITTEE (MLC) MEETING HELD ON 6TH TO 7TH AND 10TH JUNE 2024","https://www.mmmd.gov.zm/?p=2849"
"Geofreight Clearing, Forwarding and Trucking Limited","organization","Copperbelt","Masaiti, Ndola","34473-HQ-SEL | 35236-HQ-LEL","Approved","critical_battery","2","2415","Manganese/Silver/Tin","RESULTS OF THE 76TH MINING LICENSING COMMITTEE (MLC) MEETING HELD ON 17TH AND 20TH NOVEMBER 2023","https://www.mmmd.gov.zm/?p=2640"
"Geohunters Mining Limited","organization","Southern","Choma","37090-HQ-LEL","Approved","gemstones","3","8910","Quartz/Niobium (Columbium)/Tantalum","RESULTS OF THE 78TH MINING LICENSING COMMITTEE (MLC) MEETING HELD ON 27TH FEBRUARY TO 1ST MARCH 2024","https://www.mmmd.gov.zm/?p=2785"
"GEO-LOGIC RESOURCES ZAMBIA LIMITED","organization","Southern","Gwembe, Monze","39604-HQ-LEL","APPROVED","gemstones","1","21682","Gold/Tourmaline/Zinc","RESULTS OF THE 85TH MINING LICENSING COMMITTEE (MLC) MEETING HELD ON 5TH MARCH, 2025","https://www.mmmd.gov.zm/?p=4013"
"Geomin Coal Energy Limited","organization","Southern","Gwembe | Gwembe, Siavonga","29059-HQ-LML | 37836-HQ-LML","Approved | Cancelled","critical_battery","1","19388","Lead/Manganese/Silver","REMINDER ON RESULTS OF THE 70TH AND 71ST MINING LICENSING COMMITTEE (MLC) MEETINGS HELD IN FEBRUARY AND MARCH 2023","https://www.mmmd.gov.zm/?p=2555"
"Geonatics Investment Limited","organization","Southern","Kalomo | Choma","33678-HQ-LEL | 33155-HQ-LEL","Approved","gemstones","2","3529","Tin/Tantalum/Quartz","RESULTS OF THE 77TH MINING LICENSING COMMITTEE (MLC) MEETING HELD ON 11TH TO 12TH JANUARY 2024","https://www.mmmd.gov.zm/?p=2675"
"Geophysics Explo Zambia Limited","organization","Central","Mumbwa","40394-HQ-SEL","","critical_battery","4","10673","Manganese/Lead/Zinc","RESULTS OF THE 88TH MINING LICENSING COMMITTEE (MLC) MEETING HELD ON 30TH MAY, 2025","https://www.mmmd.gov.zm/?p=4111"
"George  Mwale","person_or_unclassified","Central","Mkushi","38459-HQ-AMR | 38462-HQ-AMR","","critical_battery","2","13","Manganese/Copper/Gold","RESULTS OF THE 83RD MINING LICENSING COMMITTEE (MLC) MEETING HELD ON 30TH OCTOBER, 2024","https://www.mmmd.gov.zm/?p=3515"
"George Chilufya","person_or_unclassified","Luapula","Mwense","33389-HQ-AMR | 33390-HQ-AMR","Approved","gemstones","2","13","Manganese/Silver/Zinc","RESULTS OF THE 82ND MINING LICENSING COMMITTEE (MLC) MEETING HELD ON 11TH SEPTEMBER, 2024","https://www.mmmd.gov.zm/?p=3378"
"George Mofya","person_or_unclassified","Copperbelt","Mufulira","31077-HQ-AMR | 27170-HQ-AMR | 26337-HQ-AMR | 25869-HQ-AMR","Deferred | Approved | APPROVED","critical_battery","4","23","Gold/Manganese/Cobalt","REMINDER ON RESULTS OF THE 70TH AND 71ST MINING LICENSING COMMITTEE (MLC) MEETINGS HELD IN FEBRUARY AND MARCH 2023","https://www.mmmd.gov.zm/?p=2555"
"Geotech Mining Limited","organization","North Western | Central | Copperbelt","Mwinilunga | Kapiri Mposhi; Copperbelt, Mpongwe | Chililabombwe","38813-HQ-SEL | 39733-HQ-LEL | 39608-HQ-SEL","APPROVED | Approved","gemstones","3","35418","Gold/Zinc/Cobalt","RESULTS OF THE 84TH MINING LICENSING COMMITTEE (MLC) MEETING HELD ON 12TH DECEMBER, 2024","https://www.mmmd.gov.zm/?p=3780"
"Gershom chituta","person_or_unclassified","Central","Mkushi","30135-HQ-AMR","","critical_battery","1","7","Manganese/Gold/Copper","REMINDER ON RESULTS OF THE 70TH AND 71ST MINING LICENSING COMMITTEE (MLC) MEETINGS HELD IN FEBRUARY AND MARCH 2023","https://www.mmmd.gov.zm/?p=2555"
"Gertina Mines Limited","organization","","","07233-HQ-SML","Cancelled","gemstones","1","51","Emerald/Beryllium","CANCELLATION OF NON-COMPLIANT MINING AND NON-MINING RIGHTS BY THE MINING LICENSING COMMITTEE (MLC)","https://www.mmmd.gov.zm/?p=2787"
"Gesso Mining And Investments Limited","organization","Copperbelt | Central","Kitwe | Mumbwa","35131-HQ-SEL | 34994-HQ-SEL","Approved","gold","2","497","Gold/Copper/Cobalt","RESULTS OF THE 80TH MINING LICENSING COMMITTEE (MLC) MEETING HELD ON 6TH TO 7TH AND 10TH JUNE 2024","https://www.mmmd.gov.zm/?p=2849"
"Gesta Mines Limited","organization","Lusaka | Western","Kafue | Kaoma","35327-HQ-SEL","Approved","critical_battery","1","290","Manganese/Lithium/Zinc","RESULTS OF THE 77TH MINING LICENSING COMMITTEE (MLC) MEETING HELD ON 11TH TO 12TH JANUARY 2024","https://www.mmmd.gov.zm/?p=2675"
"Getrude Musaba","person_or_unclassified","Luapula","Mansa","31243-HQ-AMR | 32562-HQ-AMR","Approved","critical_battery","2","13","Tantalum/Quartz/Copper","REMINDER ON RESULTS OF THE 70TH AND 71ST MINING LICENSING COMMITTEE (MLC) MEETINGS HELD IN FEBRUARY AND MARCH 2023","https://www.mmmd.gov.zm/?p=2555"
"Ghirrys Mining Limited","organization","Central","Mkushi","15848-HQ-SML | 28954-HQ-SEL","DEFERRED | Cancelled","critical_battery","1","393","Manganese","RESULTS OF THE EXTRA ORDINARY MINING LICENSING COMMITTEE (MLC) MEETING HELD ON 27TH OCTOBER 2023","https://www.mmmd.gov.zm/?p=2626"
"Ghoso Mining Hub Limited","organization","Central","Mkushi","39216-HQ-SEL","Approved","critical_battery","1","932","Lead/Manganese/Silver","RESULTS OF THE 84TH MINING LICENSING COMMITTEE (MLC) MEETING HELD ON 12TH DECEMBER, 2024","https://www.mmmd.gov.zm/?p=3780"
"Giant Plus Limited","organization","Lusaka","Chongwe, Kafue","28126-HQ-LEL","","gold","1","2004","Silver/Zinc/Gold","RESULTS OF THE 90TH MINING LICENSING COMMITTEE (MLC) MEETING HELD ON 29TH AUGUST, 2025","https://www.mmmd.gov.zm/?p=5836"
"Giant Rock Mining Limited","organization","North Western","Kasempa","37263-HQ-LEL","Approved","gemstones","1","2519","Malachite/Lead/Nickel","RESULTS OF THE 78TH MINING LICENSING COMMITTEE (MLC) MEETING HELD ON 27TH FEBRUARY TO 1ST MARCH 2024","https://www.mmmd.gov.zm/?p=2785"
"Gibson Mwambo Kanshamba","person_or_unclassified","North Western","Mwinilunga | Kasempa","40035-HQ-AMR | 41040-HQ-AMR | 41041-HQ-AMR","Approved | DEFERRED","gemstones","1","7","Nickel/Manganese/Tantalum","RESULTS OF THE 86TH MINING LICENSING COMMITTEE (MLC) MEETING HELD ON 27TH MARCH 2025","https://www.mmmd.gov.zm/?p=4061"
"Giemme Zambia Limited","organization","Copperbelt","Mufulira","27698-HQ-SEL | 27699-HQ-SEL | 28202-HQ-SEL | 39453-HQ-SML | 39455-HQ-SML","Cancelled | Deferred | Rejected","gemstones","3","314","Silver/Quartz/Silica","CANCELLATION OF NON-COMPLIANT MINING AND NON-MINING RIGHTS BY THE MINING LICENSING COMMITTEE (MLC)","https://www.mmmd.gov.zm/?p=2787"
"Gift  Tapalu","person_or_unclassified","Copperbelt","Luanshya","35145-HQ-AMR","deferred | Approved","gemstones","1","7","Quartz/Gold/Emerald","RESULTS OF THE 76TH MINING LICENSING COMMITTEE (MLC) MEETING HELD ON 17TH AND 20TH NOVEMBER 2023","https://www.mmmd.gov.zm/?p=2640"
"Gift Mulongoti","person_or_unclassified","North Western","Mwinilunga","38801-HQ-AMR","","gold","1","7","Gold/Copper/Cobalt","RESULTS OF THE 83RD MINING LICENSING COMMITTEE (MLC) MEETING HELD ON 30TH OCTOBER, 2024","https://www.mmmd.gov.zm/?p=3515"
"Gilbert Alexis Vlahakis","person_or_unclassified","Central","Mumbwa","40510-HQ-AMR","Approved","gold","1","7","Sand/Silver/Zinc","RESULTS OF THE 88TH MINING LICENSING COMMITTEE (MLC) MEETING HELD ON 30TH MAY, 2025","https://www.mmmd.gov.zm/?p=4111"
"Giltyra Investements Limited","organization","North Western","Mwinilunga","38959-HQ-SEL","Deferred | Approved","gold","1","67","Gold/Copper/Cobalt","RESULTS OF THE 84TH MINING LICENSING COMMITTEE (MLC) MEETING HELD ON 12TH DECEMBER, 2024","https://www.mmmd.gov.zm/?p=3780"
"Gina Namfukwe","person_or_unclassified","Central","Mkushi","35682-HQ-AMR","Approved","critical_battery","2","13","Quartz/Silver/Silica","RESULTS OF THE 78TH MINING LICENSING COMMITTEE (MLC) MEETING HELD ON 27TH FEBRUARY TO 1ST MARCH 2024","https://www.mmmd.gov.zm/?p=2785"
"Given Kaseba","person_or_unclassified","Central","Serenje","38760-HQ-AMR","Approved","critical_battery","1","7","Quartz/Manganese/Zinc","RESULTS OF THE 84TH MINING LICENSING COMMITTEE (MLC) MEETING HELD ON 12TH DECEMBER, 2024","https://www.mmmd.gov.zm/?p=3780"
"Given Resources Limited","organization","North Western","Mwinilunga","33597-HQ-SEL","APPROVED","critical_battery","1","523","Manganese","RESULTS OF THE 75TH MINING LICENSING COMMITTEE (MLC) MEETING HELD FROM 27TH TO 29TH SEPTEMBER 2023","https://www.mmmd.gov.zm/?p=2618"
"Glacier Mining Limited","organization","Southern | Central","Choma, Kalomo | Mumbwa | Kalomo","36600-HQ-LEL | 36537-HQ-SEL | 36538-HQ-SEL | 36550-HQ-SEL | 41087-HQ-SML","Approved | APPROVED","gemstones","4","2864","Lead/Manganese/Zinc","RESULTS OF THE 77TH MINING LICENSING COMMITTEE (MLC) MEETING HELD ON 11TH TO 12TH JANUARY 2024","https://www.mmmd.gov.zm/?p=2675"
"Gladpal Investment Limited","organization","Copperbelt","Luanshya","36544-HQ-SML","Approved","critical_battery","1","17","Lead/Manganese/Zinc","RESULTS OF THE 78TH MINING LICENSING COMMITTEE (MLC) MEETING HELD ON 27TH FEBRUARY TO 1ST MARCH 2024","https://www.mmmd.gov.zm/?p=2785"
"Gladys Kalunga","person_or_unclassified","Northern | Central","Mpika | Serenje | Mkushi","31005-HQ-AMR | 32871-HQ-AMR | 32870-HQ-AMR | 37069-HQ-AMR","Approved","critical_battery","3","20","Iron Ore/Manganese/Zinc","REMINDER ON RESULTS OF THE 70TH AND 71ST MINING LICENSING COMMITTEE (MLC) MEETINGS HELD IN FEBRUARY AND MARCH 2023","https://www.mmmd.gov.zm/?p=2555"
"Gladys Kunda","person_or_unclassified","Luapula","Samfya","36556-HQ-AMR","Approved","gemstones","1","7","Gold/Limestone (General)/Manganese","RESULTS OF THE 77TH MINING LICENSING COMMITTEE (MLC) MEETING HELD ON 11TH TO 12TH JANUARY 2024","https://www.mmmd.gov.zm/?p=2675"
"gladys masiye","person_or_unclassified","North Western","Mufumbwe","39777-HQ-AMR | 39778-HQ-AMR","Approved","critical_battery","2","13","Lead/Manganese/Zinc","RESULTS OF THE 85TH MINING LICENSING COMMITTEE (MLC) MEETING HELD ON 5TH MARCH, 2025","https://www.mmmd.gov.zm/?p=4013"
"Glajo Vision Limited","organization","Southern","Sinazongwe","33911-HQ-SEL","Approved","gemstones","1","378","Manganese/Iron Ore/Quartz","RESULTS OF THE 76TH MINING LICENSING COMMITTEE (MLC) MEETING HELD ON 17TH AND 20TH NOVEMBER 2023","https://www.mmmd.gov.zm/?p=2640"
"Glemo Investments Limited","organization","Copperbelt","Lufwanyama","32489-HQ-SEL | 39908-HQ-LEL | 39908-HQ-SEL","Approved | DEFERRED","critical_battery","2","1359","Zinc/Malachite/Nickel","RESULTS OF THE 72ND MINING LICENSING COMMITTEE (MLC) MEETING HELD FROM 17TH TO 22 MAY 2023","https://www.mmmd.gov.zm/?p=2559"
"Global Blessing Exploration Limited","organization","Northern | Eastern","Kasama | Chadiza","33920-HQ-LEL | 34402-HQ-LEL | 41648-HQ-LML","Deferred | APPROVED | Approved | REJECTED | DEFERRED","critical_battery","1","16916","Lithium/Nickel/Uranium","RESULTS OF THE 73RD MINING LICENSING COMMITTEE (MLC) MEETING HELD FROM 29TH TO 30TH JUNE 2023","https://www.mmmd.gov.zm/?p=2583"
"Global Culture Network Solutions","organization","Lusaka | Eastern","Chongwe | Chipata","35125-HQ-SEL","Approved","gold","1","583","Copper/Gold/Iron Ore","RESULTS OF THE 77TH MINING LICENSING COMMITTEE (MLC) MEETING HELD ON 11TH TO 12TH JANUARY 2024","https://www.mmmd.gov.zm/?p=2675"
"Global Dynamics Mining Limited","organization","","","28601-HQ-SEL | 28602-HQ-SEL | 27702-HQ-LEL","Cancelled","gemstones","2","18876","Rare EarthsElements/Phosphorus-Phosphates/Silver","CANCELLATION OF NON-COMPLIANT MINING AND NON-MINING RIGHTS BY THE MINING LICENSING COMMITTEE (MLC)","https://www.mmmd.gov.zm/?p=2787"
"Global Mag Solutions Limited","organization","Lusaka | Luapula | Central","Kafue | Milenge | Kapiri Mposhi","38001-HQ-SEL | 38004-HQ-SEL | 38007-HQ-SEL","Deferred | Approved | APPROVED","gemstones","5","1633","Copper/Gold/Manganese","RESULTS OF THE 82ND MINING LICENSING COMMITTEE (MLC) MEETING HELD ON 11TH SEPTEMBER, 2024","https://www.mmmd.gov.zm/?p=3378"
"Global Ore Core Resources Limited","organization","Luapula","Mansa; Northern, Luwingu | Samfya","37981-HQ-LEL | 38036-HQ-SEL | 38039-HQ-SEL | 37965-HQ-SEL","APPROVED | Approved","critical_battery","4","2356","Gold/Limestone (General)/Cobalt","RESULTS OF THE 81ST MINING LICENSING COMMITTEE (MLC) MEETING HELD ON 31ST JULY, 2024","https://www.mmmd.gov.zm/?p=2923"
"Glory Mukala Kabwai","person_or_unclassified","Eastern","Mambwe","31166-HQ-AMR","Deferred | Approved","critical_battery","1","7","Rare EarthsElements/Tin/Zinc","REMINDER ON RESULTS OF THE 70TH AND 71ST MINING LICENSING COMMITTEE (MLC) MEETINGS HELD IN FEBRUARY AND MARCH 2023","https://www.mmmd.gov.zm/?p=2555"
"Glynis Masanduka","person_or_unclassified","Lusaka","Chongwe","28279-HQ-AMR","","construction_materials","1","7","Clay (General)","REMINDER ON RESULTS OF THE 70TH AND 71ST MINING LICENSING COMMITTEE (MLC) MEETINGS HELD IN FEBRUARY AND MARCH 2023","https://www.mmmd.gov.zm/?p=2555"
"GMC Technologies Zambia Limited","organization","Central","Mkushi","23716-HQ-SEL","Deferred | DEFERRED","gold","1","372","Gold/Copper/Cobalt","RESULTS OF THE 82ND MINING LICENSING COMMITTEE (MLC) MEETING HELD ON 11TH SEPTEMBER, 2024","https://www.mmmd.gov.zm/?p=3378"
"GODFREY  HOMELA TAPI","person_or_unclassified","Southern","Kalomo","39145-HQ-AMR","Approved","gemstones","1","7","Quartz/Fluorine-Fluorite/Aquamarine","RESULTS OF THE 85TH MINING LICENSING COMMITTEE (MLC) MEETING HELD ON 5TH MARCH, 2025","https://www.mmmd.gov.zm/?p=4013"
"Godfrey Chiboleka","person_or_unclassified","Southern","Kalomo","34984-HQ-AMR","Approved | Deferred | Rejected","gemstones","1","7","Lithium/Tin/Aquamarine","RESULTS OF THE 74TH MINING LICENSING COMMITTEE (MLC) MEETING HELD FROM 3RD TO 4TH AUGUST 2023","https://www.mmmd.gov.zm/?p=2598"
"Godfrey Katiki","person_or_unclassified","Copperbelt","Lufwanyama","15024-HQ-SML","Cancelled | Deferred","gemstones","1","180","Emerald/Beryllium","CANCELLATION OF NON-COMPLIANT MINING AND NON-MINING RIGHTS BY THE MINING LICENSING COMMITTEE (MLC)","https://www.mmmd.gov.zm/?p=2787"
"Godwin Pinyolo","person_or_unclassified","Lusaka","Kafue","34483-HQ-AMR","Deferred","industrial_minerals","1","7","Talc-Soapstone/Pyrophyllite","RESULTS OF THE 82ND MINING LICENSING COMMITTEE (MLC) MEETING HELD ON 11TH SEPTEMBER, 2024","https://www.mmmd.gov.zm/?p=3378"
"Gold Co Corporation Zambia Limited","organization","Lusaka | North Western","Kafue; Southern, Mazabuka, Siavonga | Kasempa","40588-HQ-LEL | 42222-HQ-SEL","Approved","critical_battery","1","15889","Molybdenum/Iron Ore/Tin","RESULTS OF THE 88TH MINING LICENSING COMMITTEE (MLC) MEETING HELD ON 30TH MAY, 2025","https://www.mmmd.gov.zm/?p=4111"
"GOLD HARVEST MINERALS LIMITED","organization","Northern | Lusaka","Mpika | Chongwe","39750-HQ-LEL | 39888-HQ-LEL","APPROVED | REJECTED","gemstones","2","17772","Gold/Sugilite/Nickel","RESULTS OF THE 85TH MINING LICENSING COMMITTEE (MLC) MEETING HELD ON 5TH MARCH, 2025","https://www.mmmd.gov.zm/?p=4013"
"Gold Hunters Mining Limited","organization","Central","Mkushi; Lusaka, Chongwe | Chibombo","34011-HQ-SEL | 34439-HQ-SEL | 34440-HQ-SEL | 37004-HQ-MPL | 37439-HQ-SML | 39548-HQ-LEL | 40585-HQ-SML","APPROVED | Approved | Deferred","gemstones","7","4417","Gold/Copper/Iron Ore","RESULTS OF THE 75TH MINING LICENSING COMMITTEE (MLC) MEETING HELD FROM 27TH TO 29TH SEPTEMBER 2023","https://www.mmmd.gov.zm/?p=2618"
"Gold Lookers Mining Limited","organization","North Western","Mwinilunga","34735-HQ-SEL | 34736-HQ-SEL | 34733-HQ-SEL","DEFERRED","critical_battery","3","1053","Manganese/Tin/Iron Ore","RESULTS OF THE 75TH MINING LICENSING COMMITTEE (MLC) MEETING HELD FROM 27TH TO 29TH SEPTEMBER 2023","https://www.mmmd.gov.zm/?p=2618"
"GOLD STONE MINING LIMITED","organization","North Western | Central | Southern | Copperbelt","Solwezi | Kapiri Mposhi | Itezhi Tezhi | Lufwanyama","39639-HQ-LEL | 39625-HQ-SEL | 40093-HQ-LEL | 40318-HQ-LEL","APPROVED | Approved","gemstones","4","41678","Quartz/Zinc/Nickel","RESULTS OF THE 85TH MINING LICENSING COMMITTEE (MLC) MEETING HELD ON 5TH MARCH, 2025","https://www.mmmd.gov.zm/?p=4013"
"Gold tech resources zambia limited","organization","Central","Mumbwa","38296-HQ-LEL","Approved","gold","1","6311","Iron Ore/Limestone (General)/Gold","RESULTS OF THE 82ND MINING LICENSING COMMITTEE (MLC) MEETING HELD ON 11TH SEPTEMBER, 2024","https://www.mmmd.gov.zm/?p=3378"
"Gold Tree Investment Limited","organization","","","28470-HQ-LEL | 30954-HQ-SEL","Cancelled","gemstones","1","3585","Manganese/Limestone (General)/Quartz","CANCELLATION OF NON-COMPLIANT MINING AND NON-MINING RIGHTS BY THE MINING LICENSING COMMITTEE (MLC)","https://www.mmmd.gov.zm/?p=2787"
"Gold Tungsten Progress Africa Limited","organization","Central","Kapiri Mposhi","29571-HQ-SEL","Approved","critical_battery","1","397","Manganese/Lead/Zinc","REMINDER ON RESULTS OF THE 70TH AND 71ST MINING LICENSING COMMITTEE (MLC) MEETINGS HELD IN FEBRUARY AND MARCH 2023","https://www.mmmd.gov.zm/?p=2555"
"Goldbelt Mining Industries Limited","organization","Central | Northern","Chibombo | Kabwe | Mpika","26201-HQ-LEL | 38738-HQ-SEL | 39155-HQ-SEL | 41370-HQ-LEL","Cancelled | DEFERRED | Approved","critical_battery","1","139","Lead/Iron Ore/Graphite","CANCELLATION OF NON-COMPLIANT MINING AND NON-MINING RIGHTS BY THE MINING LICENSING COMMITTEE (MLC)","https://www.mmmd.gov.zm/?p=2787"
"Golden  Horse Investment Limited","organization","North Western","Solwezi","32083-HQ-LEL","Approved","critical_battery","1","4634","Iron Ore/Manganese/Copper","RESULTS OF THE 72ND MINING LICENSING COMMITTEE (MLC) MEETING HELD FROM 17TH TO 22 MAY 2023","https://www.mmmd.gov.zm/?p=2559"
"Golden Baobab Investments Limited","organization","Southern | North Western | Central","Choma, Monze, Namwala | Kasempa | Mazabuka, Siavonga | Mumbwa; North Western, Kasempa","35479-HQ-LEL | 36511-HQ-LEL | 37683-HQ-LEL | 38339-HQ-LEL | 35477-HQ-LEL","Approved | APPROVED | Rejected","gemstones","5","50626","Copper/Gold/Cobalt","RESULTS OF THE 77TH MINING LICENSING COMMITTEE (MLC) MEETING HELD ON 11TH TO 12TH JANUARY 2024","https://www.mmmd.gov.zm/?p=2675"
"Golden Bridge Investment Zambia Limited","organization","North Western","Solwezi","34974-HQ-MPL","APPROVED","base_metals","1","3","Lead/Zinc/Cobalt","RESULTS OF THE 75TH MINING LICENSING COMMITTEE (MLC) MEETING HELD FROM 27TH TO 29TH SEPTEMBER 2023","https://www.mmmd.gov.zm/?p=2618"
"Golden Flame International  Company Limited","organization","Southern | North Western | Northern | Central","Gwembe | Kasempa | Kasama, Luwingu | Isoka | Mkushi","38370-HQ-LEL | 38918-HQ-LEL | 38516-HQ-LEL | 38616-HQ-LEL | 39823-HQ-LEL","Approved | Deferred","critical_battery","4","45722","Copper/Cobalt/Gold","RESULTS OF THE 82ND MINING LICENSING COMMITTEE (MLC) MEETING HELD ON 11TH SEPTEMBER, 2024","https://www.mmmd.gov.zm/?p=3378"
"GOLDEN GRIDLINES SOLUTIONS LIMITED","organization","Luapula | Eastern | Southern","Mansa, Milenge | Chama, Northern, Mpika | Sinazongwe","38937-HQ-LEL | 38629-HQ-LEL | 38890-HQ-LEL | 38670-HQ-SEL","Approved","gemstones","3","89491","Copper/Cobalt/Gold","RESULTS OF THE 83RD MINING LICENSING COMMITTEE (MLC) MEETING HELD ON 30TH OCTOBER, 2024","https://www.mmmd.gov.zm/?p=3515"
"Golden Hill Industry Limited","organization","Central","Kabwe","39889-HQ-MPL","Approved","base_metals","1","30","Copper/Cobalt","RESULTS OF THE 85TH MINING LICENSING COMMITTEE (MLC) MEETING HELD ON 5TH MARCH, 2025","https://www.mmmd.gov.zm/?p=4013"
"Golden King Investment Company Limited","organization","Copperbelt","Chililabombwe","37603-HQ-LEL","Approved","gold","1","2578","Silver/Zinc/Gold","RESULTS OF THE 80TH MINING LICENSING COMMITTEE (MLC) MEETING HELD ON 6TH TO 7TH AND 10TH JUNE 2024","https://www.mmmd.gov.zm/?p=2849"
"Golden Leopard Mining Industry Limited","organization","Southern","Sinazongwe","38253-HQ-SEL | 38772-HQ-SEL","Approved","critical_battery","3","2281","Tin/Coal/Tungsten","RESULTS OF THE 81ST MINING LICENSING COMMITTEE (MLC) MEETING HELD ON 31ST JULY, 2024","https://www.mmmd.gov.zm/?p=2923"
"Golden Nuggets Investments Limited","organization","Copperbelt | North Western","Lufwanyama | Mwinilunga","30750-HQ-LEL | 27000-HQ-SEL | 27640-HQ-SEL | 37667-HQ-SML | 29498-HQ-LEL","Rejected | Cancelled | Approved","gemstones","3","16310","Copper/Quartz/Gold","REMINDER ON RESULTS OF THE 70TH AND 71ST MINING LICENSING COMMITTEE (MLC) MEETINGS HELD IN FEBRUARY AND MARCH 2023","https://www.mmmd.gov.zm/?p=2555"
"golden silk multi-purpose co-operative society limited","organization","Lusaka","Chongwe","37575-HQ-AMR","Approved","critical_battery","1","7","Manganese/Gold/Copper","SUBJECT: RESULTS OF THE 79TH MINING LICENSING COMMITTEE (MLC) MEETING HELD ON 11TH TO 12TH APRIL 2024","https://www.mmmd.gov.zm/?p=2794"
"Goldenfly Investment Zambia Limited","organization","Northern | Southern","Isoka | Sinazongwe","28287-HQ-LEL | 38926-HQ-LEL","Cancelled","critical_battery","2","24085","Quartz/Zinc/Gold","REMINDER ON RESULTS OF THE 70TH AND 71ST MINING LICENSING COMMITTEE (MLC) MEETINGS HELD IN FEBRUARY AND MARCH 2023","https://www.mmmd.gov.zm/?p=2555"
"GOLDENROCK  RESOURCES ZAMBIA LIMITED","organization","Copperbelt","Chingola","40535-HQ-SEL","Approved","gold","1","77","Iron Ore/Lead/Copper","RESULTS OF THE 88TH MINING LICENSING COMMITTEE (MLC) MEETING HELD ON 30TH MAY, 2025","https://www.mmmd.gov.zm/?p=4111"
"Goldfields Resources Limited","organization","Central","Chibombo","37894-HQ-SEL | 37914-HQ-SEL | 39060-HQ-SEL | 40629-HQ-SML","Approved","critical_battery","3","1740","Quartz/Zinc/Iron Ore","RESULTS OF THE 81ST MINING LICENSING COMMITTEE (MLC) MEETING HELD ON 31ST JULY, 2024","https://www.mmmd.gov.zm/?p=2923"
"Goldline Mining Limited","organization","Central | North Western | Copperbelt","Mumbwa | Mwinilunga | Lufwanyama | Lufwanyama; North Western, Solwezi","27429-HQ-SEL | 27294-HQ-SEL | 27295-HQ-SEL | 37814-HQ-SML | 39977-HQ-LEL | 39549-HQ-SEL | 27582-HQ-LEL","Rejected | Cancelled | Deferred | APPROVED | Approved","gold","4","39508","Silver/Copper/Cobalt","REMINDER ON RESULTS OF THE 70TH AND 71ST MINING LICENSING COMMITTEE (MLC) MEETINGS HELD IN FEBRUARY AND MARCH 2023","https://www.mmmd.gov.zm/?p=2555"
"Goldmap Investments Limited","organization","Southern | Northern | Lusaka | Central","Kazungula | Chinsali | Chongwe | Mkushi","32464-HQ-LEL | 37731-HQ-LEL | 37457-HQ-SEL | 38624-HQ-LML | 37544-HQ-SEL | 37666-HQ-SEL","Approved | Rejected","gemstones","3","2219","Emerald/Diamond/Gold","RESULTS OF THE 72ND MINING LICENSING COMMITTEE (MLC) MEETING HELD FROM 17TH TO 22 MAY 2023","https://www.mmmd.gov.zm/?p=2559"
"Goldstone Investments Zambia Company Limited","organization","Central","Chibombo","25084-HQ-LEL | 27220-HQ-SEL | 30638-HQ-SML","Cancelled | Approved","gold","1","323","Granite/Limestone (General)/Copper","CANCELLATION OF NON-COMPLIANT MINING AND NON-MINING RIGHTS BY THE MINING LICENSING COMMITTEE (MLC)","https://www.mmmd.gov.zm/?p=2787"
"Goldtec Investment Limited","organization","Copperbelt","Kalulushi","30575-HQ-MPL","Approved","base_metals","1","20","Copper/Cobalt","RESULTS OF THE 72ND MINING LICENSING COMMITTEE (MLC) MEETING HELD FROM 17TH TO 22 MAY 2023","https://www.mmmd.gov.zm/?p=2559"
"GoodRock Zambia Limited","organization","","","29397-HQ-LEL | 28164-HQ-LEL | 24109-HQ-MPL | 25684-HQ-MPL","Cancelled","critical_battery","1","110","Manganese","CANCELLATION OF NON-COMPLIANT MINING AND NON-MINING RIGHTS BY THE MINING LICENSING COMMITTEE (MLC)","https://www.mmmd.gov.zm/?p=2787"
"Gootal Enterprise Limited","organization","Southern","Kalomo | Kazungula","40096-HQ-SEL | 40131-HQ-SEL | 40220-HQ-SEL | 40221-HQ-SEL","Rejected | DEFERRED | Approved","gemstones","1","209","Gold/Fluorine-Fluorite/Tin","RESULTS OF THE 87TH MINING LICENSING COMMITTEE (MLC) MEETING HELD ON 7TH MAY, 2025","https://www.mmmd.gov.zm/?p=4069"
"Gotrays Mining Zambia Limited","organization","Luapula","Kawambwa","33021-HQ-LEL | 33023-HQ-LEL","Approved","critical_battery","2","2410","Silver/Manganese/Zinc","RESULTS OF THE 72ND MINING LICENSING COMMITTEE (MLC) MEETING HELD FROM 17TH TO 22 MAY 2023","https://www.mmmd.gov.zm/?p=2559"
"Goviex Uranium Zambia Limited","organization","Southern","Siavonga","22803-HQ-LEL","Approved","energy_minerals","3","45462","Uranium/Sand and Gravel/","RESULTS OF THE 72ND MINING LICENSING COMMITTEE (MLC) MEETING HELD FROM 17TH TO 22 MAY 2023","https://www.mmmd.gov.zm/?p=2559"
"Govinda Construction and Investments Limited","organization","Luapula","Samfya","35416-HQ-LEL","Approved","critical_battery","1","18335","Manganese/Silver/Zinc","RESULTS OF THE 78TH MINING LICENSING COMMITTEE (MLC) MEETING HELD ON 27TH FEBRUARY TO 1ST MARCH 2024","https://www.mmmd.gov.zm/?p=2785"
"Grace Chamuka Chibolela","person_or_unclassified","Central","Mumbwa","32395-HQ-AMR","Approved","critical_battery","1","7","Manganese/Silver/Iron Ore","RESULTS OF THE 72ND MINING LICENSING COMMITTEE (MLC) MEETING HELD FROM 17TH TO 22 MAY 2023","https://www.mmmd.gov.zm/?p=2559"
"Grace Ikasaya","person_or_unclassified","Southern","Mazabuka","33999-HQ-AMR","Approved","construction_materials","1","7","Sand and Gravel/Crushed/Broken Stone","RESULTS OF THE 74TH MINING LICENSING COMMITTEE (MLC) MEETING HELD FROM 3RD TO 4TH AUGUST 2023","https://www.mmmd.gov.zm/?p=2598"
"Gracegem Mining Limited","organization","Copperbelt","Lufwanyama","18503-HQ-SML | 19054-HQ-SML | 19127-HQ-SML","REJECTED | Rejected | Approved | Cancelled","gemstones","2","706","Emerald/Beryllium","RESULTS OF THE 75TH MINING LICENSING COMMITTEE (MLC) MEETING HELD FROM 27TH TO 29TH SEPTEMBER 2023","https://www.mmmd.gov.zm/?p=2618"
"Gracious Green Farm Limited","organization","North Western | Northern","Mwinilunga | Chilubi, Luwingu | Kasempa | Kasempa, Solwezi","39021-HQ-SEL | 40084-HQ-LEL | 40416-HQ-SEL | 40675-HQ-LEL | 41615-HQ-SEL","Approved | APPROVED | Deferred","critical_battery","2","7959","Lead/Iron Ore/Zinc","RESULTS OF THE 83RD MINING LICENSING COMMITTEE (MLC) MEETING HELD ON 30TH OCTOBER, 2024","https://www.mmmd.gov.zm/?p=3515"
"Gramajo Mining Limited","organization","Southern | Lusaka | Eastern","Siavonga | Kafue | Nyimba","26022-HQ-SEL | 34388-HQ-SML | 34387-HQ-SML | 24306-HQ-SEL | 24307-HQ-SEL | 25173-HQ-SEL | 25174-HQ-SEL | 25179-HQ-SEL | 25441-HQ-SEL | 24176-HQ-SEL | 25274-HQ-SEL | 39694-HQ-SML","Cancelled | Rejected | Deferred | Approved","gemstones","2","615","Silver/Gold/Copper","REMINDER ON RESULTS OF THE 70TH AND 71ST MINING LICENSING COMMITTEE (MLC) MEETINGS HELD IN FEBRUARY AND MARCH 2023","https://www.mmmd.gov.zm/?p=2555"
"Gramiraj Investments Ltd","organization","Central","Mumbwa","14573-HQ-SML","Deferred | Approved","gemstones","1","178","Iron Ore/Quartz/Gold","RESULTS OF THE 74TH MINING LICENSING COMMITTEE (MLC) MEETING HELD FROM 3RD TO 4TH AUGUST 2023","https://www.mmmd.gov.zm/?p=2598"
"Grand Osk Limited","organization","Lusaka","Kafue","31176-HQ-LEL | 24200-HQ-SEL | 28980-HQ-SEL","Approved | Cancelled","gemstones","1","1881","Rare EarthsElements/Limestone (General)/Lead","RESULTS OF THE 76TH MINING LICENSING COMMITTEE (MLC) MEETING HELD ON 17TH AND 20TH NOVEMBER 2023","https://www.mmmd.gov.zm/?p=2640"
"Grand Prosperous Company Limited","organization","Southern","Siavonga","36411-HQ-LEL | 36689-HQ-SEL","Approved | Deferred | Rejected","energy_minerals","1","2436","Lead/Anhydrite/Quartz","RESULTS OF THE 80TH MINING LICENSING COMMITTEE (MLC) MEETING HELD ON 6TH TO 7TH AND 10TH JUNE 2024","https://www.mmmd.gov.zm/?p=2849"
"Grand Seven Limited","organization","Eastern | Northern | Central | Southern","Katete, Petauke | Mpika | Serenje | Gwembe","34516-HQ-LEL | 34392-HQ-SEL | 34459-HQ-SEL | 40968-HQ-SEL","Deferred","gemstones","4","42652","Quartz/Copper/Cobalt","RESULTS OF THE 75TH MINING LICENSING COMMITTEE (MLC) MEETING HELD FROM 27TH TO 29TH SEPTEMBER 2023","https://www.mmmd.gov.zm/?p=2618"
"Grandrock Resources Limited","organization","North Western | Lusaka","Solwezi | Chongwe, Kafue | Kafue","40079-HQ-LEL | 40059-HQ-SEL | 40058-HQ-SEL","APPROVED | Approved","critical_battery","3","16765","Nickel/Gold/Copper","RESULTS OF THE 87TH MINING LICENSING COMMITTEE (MLC) MEETING HELD ON 7TH MAY, 2025","https://www.mmmd.gov.zm/?p=4069"
"Grasam General Dealers Limited","organization","Luapula","Kawambwa","28239-HQ-SEL | 28391-HQ-SEL | 40099-HQ-SML | 40102-HQ-SML","Cancelled | DEFERRED | Rejected","critical_battery","3","2909","Lead/Manganese/Zinc","CANCELLATION OF NON-COMPLIANT MINING AND NON-MINING RIGHTS BY THE MINING LICENSING COMMITTEE (MLC)","https://www.mmmd.gov.zm/?p=2787"
"Graspers  Multi- Purpose Co-Operative Society Limited","organization","Central","Mkushi","36484-HQ-AMR","APPROVED","gold","1","7","Iron Ore/Lead/Zinc","RESULTS OF THE EXTRA ORDINARY MINING LICENSING COMMITTEE (MLC) MEETING HELD ON 27TH OCTOBER 2023","https://www.mmmd.gov.zm/?p=2626"
"Grassburg Mining Limited","organization","Central","Mumbwa | Kapiri Mposhi","32071-HQ-LEL | 32177-HQ-SEL","Approved | Deferred","critical_battery","2","8117","Manganese/Silver/Zinc","RESULTS OF THE 72ND MINING LICENSING COMMITTEE (MLC) MEETING HELD FROM 17TH TO 22 MAY 2023","https://www.mmmd.gov.zm/?p=2559"
"Grassroots Copper Limited","organization","North Western","Zambezi | Kabompo, Zambezi | Kabompo","17169-HQ-LEL | 17616-HQ-LEL | 17492-HQ-LEL | 19744-HQ-LEL","Deferred | DEFERRED","critical_battery","4","130410","Platinum/Palladium/Silver","RESULTS OF THE 80TH MINING LICENSING COMMITTEE (MLC) MEETING HELD ON 6TH TO 7TH AND 10TH JUNE 2024","https://www.mmmd.gov.zm/?p=2849"
"GREAT TECH ZAMBIA LIMITED","organization","Central | Copperbelt","Kabwe | Masaiti, Mpongwe | Mumbwa | Mufulira","38860-HQ-SEL | 38861-HQ-SEL | 38862-HQ-SEL | 38863-HQ-SEL","Approved | Deferred","critical_battery","4","1386","Gold/Manganese/Copper","RESULTS OF THE 83RD MINING LICENSING COMMITTEE (MLC) MEETING HELD ON 30TH OCTOBER, 2024","https://www.mmmd.gov.zm/?p=3515"
"Green Earth Metals Limited","organization","Luapula","Mansa","32168-HQ-LEL","Approved","critical_battery","1","11217","Rare EarthsElements/Nickel/Zinc","RESULTS OF THE 72ND MINING LICENSING COMMITTEE (MLC) MEETING HELD FROM 17TH TO 22 MAY 2023","https://www.mmmd.gov.zm/?p=2559"
"Green Machinery Suppiers Limited","organization","Lusaka","Chongwe","36949-HQ-MPL","Deferred","unknown","1","13","","SUBJECT: RESULTS OF THE 79TH MINING LICENSING COMMITTEE (MLC) MEETING HELD ON 11TH TO 12TH APRIL 2024","https://www.mmmd.gov.zm/?p=2794"
"Green Mineral Zambia Limited","organization","Central | North Western","Serenje | Mkushi | Solwezi","32314-HQ-SEL | 32371-HQ-SEL | 32372-HQ-SEL | 38916-HQ-LEL | 38919-HQ-LEL","Approved | Rejected","critical_battery","4","3692","Silver/Copper/Cobalt","RESULTS OF THE 72ND MINING LICENSING COMMITTEE (MLC) MEETING HELD FROM 17TH TO 22 MAY 2023","https://www.mmmd.gov.zm/?p=2559"
"Green Orange Mining Limited","organization","Eastern | Southern","Nyimba | Kalomo, Sinazongwe","33164-HQ-SML | 28058-HQ-SEL | 28848-HQ-SEL | 37012-HQ-SML","Approved | Cancelled | Deferred","gemstones","2","905","Quartz/Gold/Ruby","RESULTS OF THE 75TH MINING LICENSING COMMITTEE (MLC) MEETING HELD FROM 27TH TO 29TH SEPTEMBER 2023","https://www.mmmd.gov.zm/?p=2618"
"Greenvelt Mining Limited","organization","","","30002-HQ-SEL | 29894-HQ-LEL | 29895-HQ-LEL | 29893-HQ-LEL","Cancelled","critical_battery","1","965","Gold/Nickel/Cobalt","CANCELLATION OF NON-COMPLIANT MINING AND NON-MINING RIGHTS BY THE MINING LICENSING COMMITTEE (MLC)","https://www.mmmd.gov.zm/?p=2787"
"Greenwell Musonda","person_or_unclassified","Luapula","Mansa","36248-HQ-AMR","Approved","critical_battery","1","7","Granite/Manganese/Silica","RESULTS OF THE 77TH MINING LICENSING COMMITTEE (MLC) MEETING HELD ON 11TH TO 12TH JANUARY 2024","https://www.mmmd.gov.zm/?p=2675"
"Grey Copper Mining Limited","organization","Eastern | Central","Nyimba, Petauke | Chibombo; Lusaka, Chongwe | Chibombo","30163-HQ-LEL | 30127-HQ-SEL | 30128-HQ-LEL | 30126-HQ-LEL | 30161-HQ-LEL | 30162-HQ-LEL","Approved | Rejected | Cancelled","critical_battery","4","22664","Gold/Copper/Iron Ore","REMINDER ON RESULTS OF THE 70TH AND 71ST MINING LICENSING COMMITTEE (MLC) MEETINGS HELD IN FEBRUARY AND MARCH 2023","https://www.mmmd.gov.zm/?p=2555"
"Grhhin Mine Limited","organization","","","28251-HQ-SEL","Cancelled","gold","1","13","Iron Ore/Silver/Zinc","CANCELLATION OF NON-COMPLIANT MINING AND NON-MINING RIGHTS BY THE MINING LICENSING COMMITTEE (MLC)","https://www.mmmd.gov.zm/?p=2787"
"Grhin Mine Limited","organization","","","28728-HQ-SEL","Cancelled","critical_battery","1","875","Iron Ore/Graphite/Manganese","CANCELLATION OF NON-COMPLIANT MINING AND NON-MINING RIGHTS BY THE MINING LICENSING COMMITTEE (MLC)","https://www.mmmd.gov.zm/?p=2787"
"Griffins Mining Limited","organization","Northern | Central","Chinsali | Serenje","38777-HQ-SEL | 38839-HQ-SEL | 39116-HQ-SEL","Approved | Deferred","gemstones","1","444","Mineral Sands/Manganese/Sugilite","RESULTS OF THE 84TH MINING LICENSING COMMITTEE (MLC) MEETING HELD ON 12TH DECEMBER, 2024","https://www.mmmd.gov.zm/?p=3780"
"Grizzly Copper Mines Limited","organization","North Western | Central","Solwezi | Kapiri Mposhi; Copperbelt, Mpongwe; North Western, Kasempa","20217-HQ-LEL | 37452-HQ-LML | 39890-HQ-LML","Approved","gemstones","3","15798","Copper/Gold/Silver","RESULTS OF THE 72ND MINING LICENSING COMMITTEE (MLC) MEETING HELD FROM 17TH TO 22 MAY 2023","https://www.mmmd.gov.zm/?p=2559"
"GRN Constructions Zambia Limited","organization","Central","Mumbwa","39208-HQ-LEL","Approved","gemstones","1","1228","Iron Ore/Gold/Lead","RESULTS OF THE 84TH MINING LICENSING COMMITTEE (MLC) MEETING HELD ON 12TH DECEMBER, 2024","https://www.mmmd.gov.zm/?p=3780"
"GRN Mining Zambia Limited","organization","Central","Mumbwa","24860-HQ-LEL | 24868-HQ-LEL | 24923-HQ-LEL | 24926-HQ-LEL | 24859-HQ-LEL","REJECTED | Cancelled","critical_battery","3","10138","Nickel/Manganese/Rare EarthsElements","RESULTS OF THE 75TH MINING LICENSING COMMITTEE (MLC) MEETING HELD FROM 27TH TO 29TH SEPTEMBER 2023","https://www.mmmd.gov.zm/?p=2618"
"Growmax Mining Limited","organization","","","27903-HQ-LEL | 27773-HQ-LEL | 27935-HQ-LEL","Cancelled","critical_battery","1","23577","Lead/Manganese/Silver","CANCELLATION OF NON-COMPLIANT MINING AND NON-MINING RIGHTS BY THE MINING LICENSING COMMITTEE (MLC)","https://www.mmmd.gov.zm/?p=2787"
"Grownyz Zambia Limited","organization","Southern | Northern","Sinazongwe | Mungwi, Mbala | Mbala, Mungwi","27274-HQ-LEL | 38932-HQ-LEL | 38933-HQ-LEL","Cancelled | Approved","critical_battery","3","124644","Copper/Cobalt/Zinc","CANCELLATION OF NON-COMPLIANT MINING AND NON-MINING RIGHTS BY THE MINING LICENSING COMMITTEE (MLC)","https://www.mmmd.gov.zm/?p=2787"
"Growth Box Investment Limited","organization","Copperbelt | Western | Central","Lufwanyama, Mpongwe | Kaoma, Lukulu | Serenje","32301-HQ-LEL | 32878-HQ-LEL | 32880-HQ-LEL","Approved","critical_battery","3","36087","Lead/Manganese/Zinc","RESULTS OF THE 72ND MINING LICENSING COMMITTEE (MLC) MEETING HELD FROM 17TH TO 22 MAY 2023","https://www.mmmd.gov.zm/?p=2559"
"GSY Construction Zambia Limited","organization","Central","Mkushi; Lusaka, Chongwe | Mkushi | Mkush; Lusaka, Chongwe","39436-HQ-LML | 40124-HQ-LML | 26846-HQ-LEL","Deferred | DEFERRED | Approved | Rejected","critical_battery","3","27180","Silver/Zinc/Gold","RESULTS OF THE 85TH MINING LICENSING COMMITTEE (MLC) MEETING HELD ON 5TH MARCH, 2025","https://www.mmmd.gov.zm/?p=4013"
"Gulf Africa MInerals Limited","organization","Central","Mumbwa","38034-HQ-LEL | 38522-HQ-LML","Approved","critical_battery","3","2020","Gold/Nickel/Manganese","RESULTS OF THE 81ST MINING LICENSING COMMITTEE (MLC) MEETING HELD ON 31ST JULY, 2024","https://www.mmmd.gov.zm/?p=2923"
"Gulf Drilling Limited","organization","","","30333-HQ-LEL | 30334-HQ-LEL","Cancelled","gold","1","1422","Gold/Quartz/Copper","CANCELLATION OF NON-COMPLIANT MINING AND NON-MINING RIGHTS BY THE MINING LICENSING COMMITTEE (MLC)","https://www.mmmd.gov.zm/?p=2787"
"GULF RESOURCES INTERNATIONAL LIMITED","organization","Lusaka","Kafue","37151-HQ-MPL","Approved","base_metals","1","7","Copper/Aluminum (Other)/Aluminum (General)","RESULTS OF THE 77TH MINING LICENSING COMMITTEE (MLC) MEETING HELD ON 11TH TO 12TH JANUARY 2024","https://www.mmmd.gov.zm/?p=2675"
"Gulnoor Mining Limited","organization","Central","Mumbwa","27722-HQ-LEL | 28894-HQ-SEL | 27948-HQ-LEL | 27721-HQ-LEL | 27723-HQ-LEL | 27761-HQ-LEL | 27762-HQ-LEL | 27851-HQ-LEL","Approved | Cancelled","gemstones","1","90","Iron Ore/Gold/Tourmaline","REMINDER ON RESULTS OF THE 70TH AND 71ST MINING LICENSING COMMITTEE (MLC) MEETINGS HELD IN FEBRUARY AND MARCH 2023","https://www.mmmd.gov.zm/?p=2555"
"Guohua Mining Company Limited","organization","Eastern | Southern | Central","Chadiza, Katete | Kalomo, Kazungula | Lundazi; Northern, Mpika | Serenje","37992-HQ-LEL | 38010-HQ-LEL | 38013-HQ-LEL | 37984-HQ-LEL","Approved | Deferred | REJECTED | APPROVED","gemstones","4","63837","Emerald/Gold/Nickel","RESULTS OF THE 82ND MINING LICENSING COMMITTEE (MLC) MEETING HELD ON 11TH SEPTEMBER, 2024","https://www.mmmd.gov.zm/?p=3378"
"Guoli Energy Zambia Limited","organization","Southern","Siavonga | Gwembe","35179-HQ-SEL | 38898-HQ-LEL","Approved","critical_battery","3","3050","Cobalt/Copper/Manganese","RESULTS OF THE 77TH MINING LICENSING COMMITTEE (MLC) MEETING HELD ON 11TH TO 12TH JANUARY 2024","https://www.mmmd.gov.zm/?p=2675"
"GWK Earth Movers.Com Limited","organization","Copperbelt","Kitwe, Luanshya","32340-HQ-SEL","Approved","gemstones","1","187","Quartz/Silica/Gold","RESULTS OF THE 72ND MINING LICENSING COMMITTEE (MLC) MEETING HELD FROM 17TH TO 22 MAY 2023","https://www.mmmd.gov.zm/?p=2559"
"Gypsum Mining Limited","organization","Southern | Lusaka","Monze | Monze, Namwala | Kafue; Southern, Mazabuka, Siavonga | Namwala","39052-HQ-LEL | 41851-HQ-LEL | 41934-HQ-LEL | 41829-HQ-LEL","Approved | deferred | Rejected","gemstones","1","3301","Gold/Gravel/Copper","RESULTS OF THE 84TH MINING LICENSING COMMITTEE (MLC) MEETING HELD ON 12TH DECEMBER, 2024","https://www.mmmd.gov.zm/?p=3780"
"H and K Investments Limited","organization","Copperbelt","Lufwanyama","07984-HQ-SML | 7984-HQ-SML","Approved | Cancelled","gemstones","1","45","Emerald/Beryllium","RESULTS OF THE 78TH MINING LICENSING COMMITTEE (MLC) MEETING HELD ON 27TH FEBRUARY TO 1ST MARCH 2024","https://www.mmmd.gov.zm/?p=2785"
"H.G High Grade Resources Limited","organization","Central","Mumbwa","33983-HQ-MPL","APPROVED","base_metals","1","13","Copper/Cobalt","RESULTS OF THE 75TH MINING LICENSING COMMITTEE (MLC) MEETING HELD FROM 27TH TO 29TH SEPTEMBER 2023","https://www.mmmd.gov.zm/?p=2618"
"Habib Bey Logistics Limited","organization","Central","Mumbwa","39004-HQ-MPL","Deferred | Approved","gold","1","7","Gold","RESULTS OF THE 83RD MINING LICENSING COMMITTEE (MLC) MEETING HELD ON 30TH OCTOBER, 2024","https://www.mmmd.gov.zm/?p=3515"
"Hachintusanmei Mineral Resources Limited","organization","Southern","Gwembe","40301-HQ-LEL","APPROVED","gemstones","1","2212","Fluorine-Fluorite/Feldspar/Tourmaline","RESULTS OF THE 87TH MINING LICENSING COMMITTEE (MLC) MEETING HELD ON 7TH MAY, 2025","https://www.mmmd.gov.zm/?p=4069"
"Hadaean Minerals Limited","organization","Southern | Eastern","Kazungula | Chama","34653-HQ-LEL | 36645-HQ-LEL | 38562-HQ-SEL","Approved | Deferred","gemstones","2","61665","Iron Ore/Gold/Niobium (Columbium)","RESULTS OF THE 75TH MINING LICENSING COMMITTEE (MLC) MEETING HELD FROM 27TH TO 29TH SEPTEMBER 2023","https://www.mmmd.gov.zm/?p=2618"
"Hagai Lwanga Mwewa","person_or_unclassified","Central","Chibombo","37831-HQ-AMR","","gold","1","7","Quartz/Gold","RESULTS OF THE 80TH MINING LICENSING COMMITTEE (MLC) MEETING HELD ON 6TH TO 7TH AND 10TH JUNE 2024","https://www.mmmd.gov.zm/?p=2849"
"Hainan Xing Zhe New Material Technology Limited","organization","Southern","Itezhi Tezhi | Itezhi Tezhi; Western, Kaoma","32850-HQ-LEL | 32851-HQ-LEL | 32852-HQ-LEL | 32854-HQ-LEL | 32846-HQ-LEL","Approved","gemstones","3","5378","Quartz/Mica/Lithium","RESULTS OF THE 72ND MINING LICENSING COMMITTEE (MLC) MEETING HELD FROM 17TH TO 22 MAY 2023","https://www.mmmd.gov.zm/?p=2559"
"Hakoda Resources Limited","organization","Central | North Western","Mumbwa | Solwezi | Mwinilunga","33479-HQ-SEL | 33481-HQ-SEL | 33480-HQ-LEL | 33477-HQ-SEL","APPROVED | Deferred","gemstones","4","20888","Gold/Copper/Cobalt","RESULTS OF THE 74TH MINING LICENSING COMMITTEE (MLC) MEETING HELD FROM 3RD TO 4TH AUGUST 2023","https://www.mmmd.gov.zm/?p=2598"
"HAMBLOCKS LOGISTICS LIMITED","organization","Luapula","Mansa","38307-HQ-LEL","Approved","gemstones","1","22696","Quartz/Manganese/Limestone (General)","RESULTS OF THE 82ND MINING LICENSING COMMITTEE (MLC) MEETING HELD ON 11TH SEPTEMBER, 2024","https://www.mmmd.gov.zm/?p=3378"
"HAMBURG EXPLORATION LIMITED","organization","Southern","Kalomo","39446-HQ-SEL | 39449-HQ-SEL | 39450-HQ-SEL","Approved | Deferred","gemstones","2","1764","Gold/Tin/Sugilite","RESULTS OF THE 85TH MINING LICENSING COMMITTEE (MLC) MEETING HELD ON 5TH MARCH, 2025","https://www.mmmd.gov.zm/?p=4013"
"Hammer-Land Construction and Mining Limited","organization","Southern | Central | Copperbelt","Siavonga | Kapiri Mposhi | Choma, Kalomo, Namwala | Luanshya","38952-HQ-LEL | 38999-HQ-LEL | 39000-HQ-LEL | 38904-HQ-SEL","Approved | Deferred","gemstones","4","49225","Iron Ore/Coal/Lead","RESULTS OF THE 84TH MINING LICENSING COMMITTEE (MLC) MEETING HELD ON 12TH DECEMBER, 2024","https://www.mmmd.gov.zm/?p=3780"
"Hamsa Resources Limited","organization","Lusaka | Northern | Central | Western | Copperbelt | Southern","Chongwe, Luangwa | Mpika | Kabwe | Kaoma, Lukulu | Lufwanyama | Kalomo","39383-HQ-LEL | 39828-HQ-LEL | 39900-HQ-SEL | 40538-HQ-LEL | 40573-HQ-LEL | 40527-HQ-SEL","APPROVED | DEFERRED | Approved | Deferred","critical_battery","2","7691","Gold/Silver/Cobalt","RESULTS OF THE 85TH MINING LICENSING COMMITTEE (MLC) MEETING HELD ON 5TH MARCH, 2025","https://www.mmmd.gov.zm/?p=4013"
"Handa Resources Limited","organization","North Western","Mwinilunga","33404-HQ-LML","Rejected","critical_battery","2","40217","Gold/Zinc/Cobalt","RESULTS OF THE 80TH MINING LICENSING COMMITTEE (MLC) MEETING HELD ON 6TH TO 7TH AND 10TH JUNE 2024","https://www.mmmd.gov.zm/?p=2849"
"Hanfu Mining Company Limited","organization","Copperbelt | Northern | North Western | Central","Luanshya, Masaiti | Mpika | Kabompo | Mkushi","38800-HQ-LEL | 38713-HQ-LEL | 38842-HQ-LEL | 41053-HQ-LEL","Rejected | Approved","gemstones","2","6931","Gold/Silver/Copper","RESULTS OF THE 83RD MINING LICENSING COMMITTEE (MLC) MEETING HELD ON 30TH OCTOBER, 2024","https://www.mmmd.gov.zm/?p=3515"
"Hangubi General Dealers Limited","organization","North Western","Mwinilunga","33609-HQ-LEL","Approved","gold","1","3110","Gold/Silver/Cobalt","RESULTS OF THE 76TH MINING LICENSING COMMITTEE (MLC) MEETING HELD ON 17TH AND 20TH NOVEMBER 2023","https://www.mmmd.gov.zm/?p=2640"
"HANSI MINING ZAMBIA LIMITED","organization","Southern | Central | Lusaka | Copperbelt","Choma, Gwembe, Sinazongwe | Kapiri Mposhi | Kafue | Masaiti, Ndola","39185-HQ-LEL | 39202-HQ-LEL | 39204-HQ-LEL | 39203-HQ-LEL","Approved | DEFERRED","gemstones","4","31933","Cobalt/Copper/Gold","RESULTS OF THE 84TH MINING LICENSING COMMITTEE (MLC) MEETING HELD ON 12TH DECEMBER, 2024","https://www.mmmd.gov.zm/?p=3780"
"Hanson Chishimba","person_or_unclassified","Central","Kapiri Mposhi | Kapiri Mposhi, Mkushi","40648-HQ-AMR | 40686-HQ-AMR","Approved","gold","2","13","Copper/Coal/Gold","RESULTS OF THE 88TH MINING LICENSING COMMITTEE (MLC) MEETING HELD ON 30TH MAY, 2025","https://www.mmmd.gov.zm/?p=4111"
"Hao Ming Investment Company Limited","organization","North Western","Mwinilunga, Solwezi","35637-HQ-SEL","Deferred | REJECTED","gemstones","2","21389","Manganese/Limestone (General)/Lead","RESULTS OF THE 82ND MINING LICENSING COMMITTEE (MLC) MEETING HELD ON 11TH SEPTEMBER, 2024","https://www.mmmd.gov.zm/?p=3378"
"Haoyang Resources Limited","organization","Central","Mumbwa","31061-HQ-MPL | 30091-HQ-SEL | 27509-HQ-LEL | 27743-HQ-LEL | 26372-HQ-MPL","Deferred | Cancelled","gold","3","9128","Gold/Copper/Silver","REMINDER ON RESULTS OF THE 70TH AND 71ST MINING LICENSING COMMITTEE (MLC) MEETINGS HELD IN FEBRUARY AND MARCH 2023","https://www.mmmd.gov.zm/?p=2555"
"Hapa Development Zambia Limited","organization","Copperbelt","Lufwanyama","17693-HQ-SML","Deferred","gemstones","1","297","Quartz/Emerald/Beryllium","RESULTS OF THE 77TH MINING LICENSING COMMITTEE (MLC) MEETING HELD ON 11TH TO 12TH JANUARY 2024","https://www.mmmd.gov.zm/?p=2675"
"Happy Hills Minerals Limited","organization","Central | Southern","Serenje; Eastern, Nyimba, Petauke | Kalomo","32998-HQ-LEL | 32999-HQ-SEL | 28495-HQ-LEL","Approved | Cancelled","critical_battery","1","3150","Gold/Manganese/Cobalt","RESULTS OF THE 73RD MINING LICENSING COMMITTEE (MLC) MEETING HELD FROM 29TH TO 30TH JUNE 2023","https://www.mmmd.gov.zm/?p=2583"
"Happy Time Investments Limited","organization","Southern | Central | Lusaka | Copperbelt","Gwembe, Sinazongwe | Mumbwa | Kafue, Lusaka | Lufwanyama | Mkushi","32406-HQ-LEL | 36602-HQ-LEL | 37447-HQ-LEL | 39054-HQ-LEL | 40260-HQ-SEL","APPROVED | Approved | Deferred","gemstones","3","17467","Iron Ore/Copper/Gold","RESULTS OF THE 75TH MINING LICENSING COMMITTEE (MLC) MEETING HELD FROM 27TH TO 29TH SEPTEMBER 2023","https://www.mmmd.gov.zm/?p=2618"
"Hardrock Investments Limited","organization","Central","Mkushi","33533-HQ-SEL","Approved","critical_battery","1","990","Nickel/Silver/Copper","RESULTS OF THE 73RD MINING LICENSING COMMITTEE (MLC) MEETING HELD FROM 29TH TO 30TH JUNE 2023","https://www.mmmd.gov.zm/?p=2583"
"Harness Resources Limited","organization","Central | Eastern","Kapiri Mposhi | Mumbwa | Lundazi","33464-HQ-LEL | 33465-HQ-LEL | 37174-HQ-LEL","Approved","gemstones","3","24823","Cobalt/Silver/Gold","RESULTS OF THE 72ND MINING LICENSING COMMITTEE (MLC) MEETING HELD FROM 17TH TO 22 MAY 2023","https://www.mmmd.gov.zm/?p=2559"
"Haroons Minerals Limited","organization","Eastern | Southern","Mambwe | Kalomo","40549-HQ-SEL | 40561-HQ-SEL | 41028-HQ-SEL","Approved","gemstones","1","107","Silver/Phosphorus-Phosphates/Nickel","RESULTS OF THE 88TH MINING LICENSING COMMITTEE (MLC) MEETING HELD ON 30TH MAY, 2025","https://www.mmmd.gov.zm/?p=4111"
"Hartebeest Resources Limited","organization","Central","Mkushi","29177-HQ-LEL","Cancelled | Deferred | Approved","critical_battery","1","11","Lead/Iron Ore/Manganese","CANCELLATION OF NON-COMPLIANT MINING AND NON-MINING RIGHTS BY THE MINING LICENSING COMMITTEE (MLC)","https://www.mmmd.gov.zm/?p=2787"
"Harvest Inn Limited","organization","Central | Northern","Serenje; Northern, Mpika | Mpika","23153-HQ-SEL | 23152-HQ-SEL","Deferred | Approved | Cancelled","gemstones","1","964","Manganese/Lead/Zinc","REMINDER ON RESULTS OF THE 70TH AND 71ST MINING LICENSING COMMITTEE (MLC) MEETINGS HELD IN FEBRUARY AND MARCH 2023","https://www.mmmd.gov.zm/?p=2555"
"Hassel Shamalime","person_or_unclassified","Southern","Mazabuka","28709-HQ-AMR","Deferred","critical_battery","1","7","Palladium/Nickel/Manganese","RESULTS OF THE 82ND MINING LICENSING COMMITTEE (MLC) MEETING HELD ON 11TH SEPTEMBER, 2024","https://www.mmmd.gov.zm/?p=3378"
"Hatam Mining Company Limited","organization","North Western","Kasempa, Solwezi","37252-HQ-LEL","Approved","gemstones","1","10118","Lead/Iron Ore/Nickel","SUBJECT: RESULTS OF THE 79TH MINING LICENSING COMMITTEE (MLC) MEETING HELD ON 11TH TO 12TH APRIL 2024","https://www.mmmd.gov.zm/?p=2794"
"Havfree International Trade (pty) Limited","organization","Copperbelt","Kalulushi","26951-HQ-LEL | 34106-HQ-MPL","Cancelled | Deferred | Approved","critical_battery","1","11","Nickel/Manganese/Zinc","CANCELLATION OF NON-COMPLIANT MINING AND NON-MINING RIGHTS BY THE MINING LICENSING COMMITTEE (MLC)","https://www.mmmd.gov.zm/?p=2787"
"Havillah Multi-purpose Co-operative Limited","organization","Northern","Mpika","38725-HQ-AMR","Approved","gemstones","1","7","Gemstones/Gold/Cobalt","RESULTS OF THE 84TH MINING LICENSING COMMITTEE (MLC) MEETING HELD ON 12TH DECEMBER, 2024","https://www.mmmd.gov.zm/?p=3780"
"Headframe Resources (Z) Ltd","organization","Luapula","","19808-HQ-LEL | 24246-HQ-LEL","Rejected | Deferred | Cancelled","critical_battery","2","15341","Rare EarthsElements/Nickel/Zinc","REMINDER ON RESULTS OF THE 70TH AND 71ST MINING LICENSING COMMITTEE (MLC) MEETINGS HELD IN FEBRUARY AND MARCH 2023","https://www.mmmd.gov.zm/?p=2555"
"Heartland Commodities Limited","organization","North Western","Kasempa","37213-HQ-LEL | 39597-HQ-LML","Approved | Deferred","critical_battery","2","9624","Rare EarthsElements/Silver/Zinc","RESULTS OF THE 78TH MINING LICENSING COMMITTEE (MLC) MEETING HELD ON 27TH FEBRUARY TO 1ST MARCH 2024","https://www.mmmd.gov.zm/?p=2785"
"Height Supply and General Dealers Limited","organization","Central | Southern","Kabwe | Siavonga","36710-HQ-LEL | 37738-HQ-SEL","Approved","gemstones","1","2847","Lithium/Manganese/Lead","RESULTS OF THE 80TH MINING LICENSING COMMITTEE (MLC) MEETING HELD ON 6TH TO 7TH AND 10TH JUNE 2024","https://www.mmmd.gov.zm/?p=2849"
"Helment Boot-Mining Multi-purpose Cooperative Society Limited","organization","Southern","Kalomo","32993-HQ-AMR","APPROVED","gemstones","1","7","Mica/Lithium/Tantalum","RESULTS OF THE 75TH MINING LICENSING COMMITTEE (MLC) MEETING HELD FROM 27TH TO 29TH SEPTEMBER 2023","https://www.mmmd.gov.zm/?p=2618"
"Helmwa Cooperation Limited","organization","Eastern | Luapula","Chadiza, Chipata | Mwense; Northern, Luwingu","34368-HQ-LEL | 33589-HQ-LEL","APPROVED","gemstones","1","7681","Nickel/Iron Ore/Gold","RESULTS OF THE 76TH MINING LICENSING COMMITTEE (MLC) MEETING HELD ON 17TH AND 20TH NOVEMBER 2023","https://www.mmmd.gov.zm/?p=2640"
"Helson Phiri","person_or_unclassified","Eastern","Nyimba","34915-HQ-AMR","Approved","gemstones","1","7","Manganese/Mica/Iron Ore","RESULTS OF THE 75TH MINING LICENSING COMMITTEE (MLC) MEETING HELD FROM 27TH TO 29TH SEPTEMBER 2023","https://www.mmmd.gov.zm/?p=2618"
"Hemings Investments Limited","organization","North Western | Central","Mufumbwe | Mkushi","37010-HQ-LEL | 38074-HQ-SEL","Approved","critical_battery","3","47808","Copper/Cobalt/Silver","RESULTS OF THE 80TH MINING LICENSING COMMITTEE (MLC) MEETING HELD ON 6TH TO 7TH AND 10TH JUNE 2024","https://www.mmmd.gov.zm/?p=2849"
"Henev Mining Limited","organization","","","25692-HQ-SEL | 27831-HQ-SEL | 27804-HQ-SEL","Cancelled","gold","1","30","Lead/Silica/Zinc","CANCELLATION OF NON-COMPLIANT MINING AND NON-MINING RIGHTS BY THE MINING LICENSING COMMITTEE (MLC)","https://www.mmmd.gov.zm/?p=2787"
"Henry Chilufya","person_or_unclassified","North Western","Kasempa","33925-HQ-AMR","Approved","gold","1","7","Platinum Group Metals/Quartz/Silver","RESULTS OF THE 75TH MINING LICENSING COMMITTEE (MLC) MEETING HELD FROM 27TH TO 29TH SEPTEMBER 2023","https://www.mmmd.gov.zm/?p=2618"
"Henry Chipemba","person_or_unclassified","Luapula","Mansa","32879-HQ-AMR","Approved","critical_battery","1","7","Manganese/Iron Ore/Copper","RESULTS OF THE 72ND MINING LICENSING COMMITTEE (MLC) MEETING HELD FROM 17TH TO 22 MAY 2023","https://www.mmmd.gov.zm/?p=2559"
"Henry Mumba","person_or_unclassified","Central","Serenje","25440-HQ-AMR","Deferred | Approved","base_metals","1","7","Zinc/Talc-Soapstone/Limestone (General)","REMINDER ON RESULTS OF THE 70TH AND 71ST MINING LICENSING COMMITTEE (MLC) MEETINGS HELD IN FEBRUARY AND MARCH 2023","https://www.mmmd.gov.zm/?p=2555"
"Henry ngulube","person_or_unclassified","Central","Mkushi","37389-HQ-AMR | 37390-HQ-AMR","Approved","critical_battery","2","13","Rare EarthsElements/Tantalum/Thorium","SUBJECT: RESULTS OF THE 79TH MINING LICENSING COMMITTEE (MLC) MEETING HELD ON 11TH TO 12TH APRIL 2024","https://www.mmmd.gov.zm/?p=2794"
"Henry Siisii Ngenda","person_or_unclassified","Copperbelt","Masaiti","29101-HQ-AMR","Approved","gemstones","2","13","Gold/Copper/Cobalt","REMINDER ON RESULTS OF THE 70TH AND 71ST MINING LICENSING COMMITTEE (MLC) MEETINGS HELD IN FEBRUARY AND MARCH 2023","https://www.mmmd.gov.zm/?p=2555"
"Herald Ndolo","person_or_unclassified","Central","Chibombo","34047-HQ-AMR","Approved","critical_battery","1","7","Lead/Manganese/Zinc","RESULTS OF THE 74TH MINING LICENSING COMMITTEE (MLC) MEETING HELD FROM 3RD TO 4TH AUGUST 2023","https://www.mmmd.gov.zm/?p=2598"
"Heshunda Mining Company Limited","organization","Eastern","Chama","32095-HQ-LEL","Deferred | Approved","critical_battery","1","1118","Rare EarthsElements/Nickel/Tin","RESULTS OF THE 77TH MINING LICENSING COMMITTEE (MLC) MEETING HELD ON 11TH TO 12TH JANUARY 2024","https://www.mmmd.gov.zm/?p=2675"
"Hexagon Investments Limited","organization","Copperbelt","Lufwanyama","30811-HQ-SEL | 30810-HQ-SEL","Deferred | Approved","gemstones","2","195","Emerald/Beryllium","REMINDER ON RESULTS OF THE 70TH AND 71ST MINING LICENSING COMMITTEE (MLC) MEETINGS HELD IN FEBRUARY AND MARCH 2023","https://www.mmmd.gov.zm/?p=2555"
"Hi- Qualime Mining Limited","organization","Central","Mkushi","7715-HQ-SML","APPROVED | Cancelled","industrial_minerals","1","393","Limestone (General)","RESULTS OF THE 75TH MINING LICENSING COMMITTEE (MLC) MEETING HELD FROM 27TH TO 29TH SEPTEMBER 2023","https://www.mmmd.gov.zm/?p=2618"
"Hidden Treasure Zambia Company Limited","organization","Southern","Kalomo","30975-HQ-LEL","Approved","critical_battery","1","9467","Tin/Zinc/Gold","REMINDER ON RESULTS OF THE 70TH AND 71ST MINING LICENSING COMMITTEE (MLC) MEETINGS HELD IN FEBRUARY AND MARCH 2023","https://www.mmmd.gov.zm/?p=2555"
"Hidden Treasures Mining Limited","organization","Southern | North Western","Kalomo | Mwinilunga, Solwezi","35110-HQ-LEL | 29112-HQ-LEL | 29002-HQ-LEL | 27387-HQ-LEL | 36442-HQ-LEL","Cancelled | Approved","gemstones","4","67979","Quartz/Copper/Gold","RESULTS OF THE 76TH MINING LICENSING COMMITTEE (MLC) MEETING HELD ON 17TH AND 20TH NOVEMBER 2023","https://www.mmmd.gov.zm/?p=2640"
"High Ville Mining and Construction Company Limited","organization","Northern | Copperbelt","Chinsali, Mpika | Masaiti | Masaiti, Ndola","31090-HQ-LEL | 31172-HQ-SEL | 35260-HQ-SEL","Approved | Deferred","gemstones","2","24456","Manganese/Cobalt/Copper","REMINDER ON RESULTS OF THE 70TH AND 71ST MINING LICENSING COMMITTEE (MLC) MEETINGS HELD IN FEBRUARY AND MARCH 2023","https://www.mmmd.gov.zm/?p=2555"
"Highland Mines and Minerals Limited","organization","Luapula","Mwense; Northern, Luwingu | Samfya | Mansa, Milenge | Mansa","29345-HQ-LEL | 29325-HQ-LEL | 28810-HQ-SEL | 29322-HQ-LEL | 36290-HQ-SML | 29326-HQ-LEL | 29327-HQ-LEL","Approved | Cancelled | Deferred | Rejected","critical_battery","5","98683","Lead/Manganese/Zinc","RESULTS OF THE 72ND MINING LICENSING COMMITTEE (MLC) MEETING HELD FROM 17TH TO 22 MAY 2023","https://www.mmmd.gov.zm/?p=2559"
"Highway Industries Limited","organization","North Western","Solwezi","30639-HQ-SEL","Approved | Cancelled","critical_battery","1","194","Iron Ore/Anhydrite/Limestone (General)","REMINDER ON RESULTS OF THE 70TH AND 71ST MINING LICENSING COMMITTEE (MLC) MEETINGS HELD IN FEBRUARY AND MARCH 2023","https://www.mmmd.gov.zm/?p=2555"
"Hilaac Company Limited","organization","Central","Mumbwa","38818-HQ-MPL","Deferred | Approved","gold","1","13","Gold","RESULTS OF THE 83RD MINING LICENSING COMMITTEE (MLC) MEETING HELD ON 30TH OCTOBER, 2024","https://www.mmmd.gov.zm/?p=3515"
"Hilan Sianjabale","person_or_unclassified","Southern","Sinazongwe","38744-HQ-AMR","Approved","gemstones","1","7","Tin/Tantalum/Tungsten","RESULTS OF THE 84TH MINING LICENSING COMMITTEE (MLC) MEETING HELD ON 12TH DECEMBER, 2024","https://www.mmmd.gov.zm/?p=3780"
"Hillington Mining Zambia Limited","organization","Central","Chibombo, Kabwe, Kapiri Mposhi | Chibombo, Kabwe | Kabwe","40410-HQ-LEL | 40417-HQ-LEL | 40420-HQ-SEL","APPROVED | Approved","critical_battery","2","12955","Nickel/Manganese/Silver","RESULTS OF THE 87TH MINING LICENSING COMMITTEE (MLC) MEETING HELD ON 7TH MAY, 2025","https://www.mmmd.gov.zm/?p=4069"
"Hillpot Mining Multipurpose Cooperative","organization","Lusaka","Chongwe","37584-HQ-AMR","Approved","critical_battery","1","7","Manganese/Gold/Copper","SUBJECT: RESULTS OF THE 79TH MINING LICENSING COMMITTEE (MLC) MEETING HELD ON 11TH TO 12TH APRIL 2024","https://www.mmmd.gov.zm/?p=2794"
"Hilron Innovations Zambia Limited","organization","Copperbelt","Masaiti","31096-HQ-SEL","Approved","gemstones","1","886","Anhydrite/Gypsum/Gold","REMINDER ON RESULTS OF THE 70TH AND 71ST MINING LICENSING COMMITTEE (MLC) MEETINGS HELD IN FEBRUARY AND MARCH 2023","https://www.mmmd.gov.zm/?p=2555"
"HITEN NAIK","person_or_unclassified","North Western | Copperbelt","Mwinilunga | Lufwanyama","38161-HQ-AMR | 38162-HQ-AMR | 38163-HQ-AMR | 38214-HQ-AMR | 38275-HQ-AMR","Approved | Deferred | Rejected","gemstones","3","20","Gold/Emerald/Cobalt","RESULTS OF THE 82ND MINING LICENSING COMMITTEE (MLC) MEETING HELD ON 11TH SEPTEMBER, 2024","https://www.mmmd.gov.zm/?p=3378"
"Hlekiwe Musazulwa","person_or_unclassified","Central","Mumbwa | Serenje","34030-HQ-AMR | 35668-HQ-AMR","Approved","critical_battery","1","7","Manganese/Quartz/Copper","RESULTS OF THE 73RD MINING LICENSING COMMITTEE (MLC) MEETING HELD FROM 29TH TO 30TH JUNE 2023","https://www.mmmd.gov.zm/?p=2583"
"Holly Group Zambia Limited","organization","Lusaka","Kafue","30529-HQ-SML","Deferred","critical_battery","2","247","Manganese/Marble/Talc-Soapstone","RESULTS OF THE 72ND MINING LICENSING COMMITTEE (MLC) MEETING HELD FROM 17TH TO 22 MAY 2023","https://www.mmmd.gov.zm/?p=2559"
"Homeland Builder Limited","organization","Central | Eastern","Serenje | Chipata","32042-HQ-LEL | 32076-HQ-LEL","Approved","critical_battery","1","12931","Tantalum/Niobium (Columbium)/Tungsten","RESULTS OF THE 77TH MINING LICENSING COMMITTEE (MLC) MEETING HELD ON 11TH TO 12TH JANUARY 2024","https://www.mmmd.gov.zm/?p=2675"
"Hommies Investments Limited","organization","North Western","Kasempa","38290-HQ-SEL","Approved","gemstones","2","6116","Gold/Manganese/Cobalt","RESULTS OF THE 82ND MINING LICENSING COMMITTEE (MLC) MEETING HELD ON 11TH SEPTEMBER, 2024","https://www.mmmd.gov.zm/?p=3378"
"Honesty Mining Company Limited","organization","Southern","Siavonga","26580-HQ-LEL | 26579-HQ-LEL | 26582-HQ-LEL | 26598-HQ-LEL","Cancelled | Deferred | Approved","gemstones","1","14","Rare EarthsElements/Silver/Lead","CANCELLATION OF NON-COMPLIANT MINING AND NON-MINING RIGHTS BY THE MINING LICENSING COMMITTEE (MLC)","https://www.mmmd.gov.zm/?p=2787"
"HONG YUN MINING COMPANY LIMITED","organization","North Western","Kasempa","38935-HQ-LEL","","gemstones","1","22413","Gold/Garnet/Iron Ore","RESULTS OF THE 83RD MINING LICENSING COMMITTEE (MLC) MEETING HELD ON 30TH OCTOBER, 2024","https://www.mmmd.gov.zm/?p=3515"
"Hongbin Investments Limited","organization","Central","Chibombo","29673-HQ-LEL","Cancelled","critical_battery","5","384010","Manganese/Limestone (General)/Zinc","REMINDER ON RESULTS OF THE 70TH AND 71ST MINING LICENSING COMMITTEE (MLC) MEETINGS HELD IN FEBRUARY AND MARCH 2023","https://www.mmmd.gov.zm/?p=2555"
"Hongyida Investment Limited","organization","Southern | North Western","Siavonga | Mufumbwe, Solwezi","38019-HQ-LEL | 38196-HQ-LEL | 28847-HQ-LEL","Approved","critical_battery","5","56652","Copper/Silver/Zinc","RESULTS OF THE 81ST MINING LICENSING COMMITTEE (MLC) MEETING HELD ON 31ST JULY, 2024","https://www.mmmd.gov.zm/?p=2923"
"Honley Investment Limited","organization","Copperbelt","Chingola","37379-HQ-MPL","Deferred | Approved","gold","1","7","Lead/Gold/Copper","RESULTS OF THE 80TH MINING LICENSING COMMITTEE (MLC) MEETING HELD ON 6TH TO 7TH AND 10TH JUNE 2024","https://www.mmmd.gov.zm/?p=2849"
"HONLOE SERVICES LIMITED","organization","North Western","Solwezi","37944-HQ-LEL","Approved","gemstones","1","9699","Manganese/Malachite/Limestone (General)","RESULTS OF THE 81ST MINING LICENSING COMMITTEE (MLC) MEETING HELD ON 31ST JULY, 2024","https://www.mmmd.gov.zm/?p=2923"
"Horizon Alliance Resources Limited","organization","Central","Mumbwa","38336-HQ-LEL","Approved | Deferred","gemstones","2","27771","Platinum/Nickel/Tantalum","RESULTS OF THE 82ND MINING LICENSING COMMITTEE (MLC) MEETING HELD ON 11TH SEPTEMBER, 2024","https://www.mmmd.gov.zm/?p=3378"
"Horizon Freight Serices Limited","organization","Northern","Mpika | Mbala, Mungwi","38982-HQ-LEL | 39019-HQ-LEL","approved | Approved","critical_battery","2","17550","Nickel/Manganese/Zinc","RESULTS OF THE 83RD MINING LICENSING COMMITTEE (MLC) MEETING HELD ON 30TH OCTOBER, 2024","https://www.mmmd.gov.zm/?p=3515"
"HORMAR TRADING LIMITED","organization","Lusaka","Chongwe","39895-HQ-MPL","Deferred | Approved","gold","1","13","Gold/Copper","RESULTS OF THE 86TH MINING LICENSING COMMITTEE (MLC) MEETING HELD ON 27TH MARCH 2025","https://www.mmmd.gov.zm/?p=4061"
"Hoshen Mining and Exploration Limited","organization","Luapula | Northern","Samfya | Luwingu","32296-HQ-SEL | 32455-HQ-SEL","Approved | Rejected","gold","1","998","Malachite/Silver/Zinc","RESULTS OF THE 72ND MINING LICENSING COMMITTEE (MLC) MEETING HELD FROM 17TH TO 22 MAY 2023","https://www.mmmd.gov.zm/?p=2559"
"HOTA MINING COMPANY LIMITED","organization","North Western","Solwezi | Kasempa","39904-HQ-LEL | 41562-HQ-SEL","APPROVED","gemstones","1","52900","Silver/Rare EarthsElements/Quartz","RESULTS OF THE 85TH MINING LICENSING COMMITTEE (MLC) MEETING HELD ON 5TH MARCH, 2025","https://www.mmmd.gov.zm/?p=4013"
"Hot-Spring Oils Company Limited","organization","Copperbelt | Southern","Chililabombwe | Itezhi Tezhi","34852-HQ-SEL | 34851-HQ-LEL","APPROVED | Approved","critical_battery","2","8225","Lead/Manganese/Zinc","RESULTS OF THE 75TH MINING LICENSING COMMITTEE (MLC) MEETING HELD FROM 27TH TO 29TH SEPTEMBER 2023","https://www.mmmd.gov.zm/?p=2618"
"Hotspur Helium Zambia Limited","organization","Northern","Kaputa","39132-HQ-LEL","APPROVED","other","1","160556","Helium/Nitrogen-Nitrates/Geothermal","RESULTS OF THE 85TH MINING LICENSING COMMITTEE (MLC) MEETING HELD ON 5TH MARCH, 2025","https://www.mmmd.gov.zm/?p=4013"
"Hounslow Investments Zambia Limited","organization","Central | North Western | Southern","Chibombo | Kasempa | Choma | Mufumbwe","25420-HQ-SEL | 34331-HQ-SML | 25401-HQ-SEL | 25404-HQ-SEL | 25405-HQ-SEL | 25510-HQ-SEL | 25511-HQ-SEL | 25566-HQ-SEL | 25567-HQ-SEL | 25598-HQ-SEL | 25601-HQ-SEL | 25602-HQ-SEL | 25663-HQ-SEL | 36798-HQ-LML | 36779-HQ-SML | 36780-HQ-SML","Cancelled | Rejected | Deferred","critical_battery","6","2634","Copper/Gold/Manganese","REMINDER ON RESULTS OF THE 70TH AND 71ST MINING LICENSING COMMITTEE (MLC) MEETINGS HELD IN FEBRUARY AND MARCH 2023","https://www.mmmd.gov.zm/?p=2555"
"House of Minerals Limited","organization","North Western | Copperbelt","Mufumbwe | Mwinilunga | Chingola","27602-HQ-SEL | 28022-HQ-SEL | 27756-HQ-SEL","Approved | Cancelled","gold","1","10","Silver/Zinc/Gold","REMINDER ON RESULTS OF THE 70TH AND 71ST MINING LICENSING COMMITTEE (MLC) MEETINGS HELD IN FEBRUARY AND MARCH 2023","https://www.mmmd.gov.zm/?p=2555"
"Howard Kamenga","person_or_unclassified","North Western","Kasempa | Mufumbwe","37663-HQ-AMR | 41820-HQ-AMR","APPROVED","gemstones","1","7","Iron Ore/Gold/Manganese","RESULTS OF THE 80TH MINING LICENSING COMMITTEE (MLC) MEETING HELD ON 6TH TO 7TH AND 10TH JUNE 2024","https://www.mmmd.gov.zm/?p=2849"
"Howler Construction Limited","organization","Lusaka | Southern","Chongwe | Choma, Sinazongwe","33511-HQ-SEL | 32026-HQ-LEL","Approved","gold","1","7","Silica/Silver/Quartz","RESULTS OF THE 73RD MINING LICENSING COMMITTEE (MLC) MEETING HELD FROM 29TH TO 30TH JUNE 2023","https://www.mmmd.gov.zm/?p=2583"
"Hoyden Investment Limited","organization","Eastern","Chipata, Mambwe","26632-HQ-SEL | 38080-HQ-SML","Cancelled | Deferred","gemstones","2","698","Quartz/Tourmaline/Emerald","CANCELLATION OF NON-COMPLIANT MINING AND NON-MINING RIGHTS BY THE MINING LICENSING COMMITTEE (MLC)","https://www.mmmd.gov.zm/?p=2787"
"HRM MINING INVESTMENTS LIMITED","organization","Copperbelt | Eastern | Central","Lufwanyama; North Western, Solwezi | Mpongwe | Nyimba | Serenje","39594-HQ-SEL | 39595-HQ-SEL | 39785-HQ-SEL | 39929-HQ-SEL","Approved","gemstones","4","2069","Copper/Zinc/Manganese","RESULTS OF THE 85TH MINING LICENSING COMMITTEE (MLC) MEETING HELD ON 5TH MARCH, 2025","https://www.mmmd.gov.zm/?p=4013"
"HUA HUI INVESTMENT LIMITED","organization","Lusaka","Kafue","40235-HQ-LEL","APPROVED","gemstones","1","1098","Malachite/Lead/Iron Ore","RESULTS OF THE 87TH MINING LICENSING COMMITTEE (MLC) MEETING HELD ON 7TH MAY, 2025","https://www.mmmd.gov.zm/?p=4069"
"Huacheng Mining Zambia Limited","organization","","","23690-HQ-MPL","Cancelled","critical_battery","1","30","Manganese","CANCELLATION OF NON-COMPLIANT MINING AND NON-MINING RIGHTS BY THE MINING LICENSING COMMITTEE (MLC)","https://www.mmmd.gov.zm/?p=2787"
"Hua-Jiang Investments Limited","organization","Central","Mkushi","40054-HQ-LEL","APPROVED","critical_battery","1","1094","Nickel/Lead/Silver","RESULTS OF THE 87TH MINING LICENSING COMMITTEE (MLC) MEETING HELD ON 7TH MAY, 2025","https://www.mmmd.gov.zm/?p=4069"
"Huake Mining Zambia Company Limited","organization","Southern | North Western | Central","Kalomo | Solwezi | Serenje","35190-HQ-LEL | 35192-HQ-LEL | 35194-HQ-LEL | 38082-HQ-SEL | 39280-HQ-SML","Deferred | Approved","critical_battery","5","15011","Copper/Gold/Manganese","RESULTS OF THE 78TH MINING LICENSING COMMITTEE (MLC) MEETING HELD ON 27TH FEBRUARY TO 1ST MARCH 2024","https://www.mmmd.gov.zm/?p=2785"
"Huan Yu Mining Mining Limited","organization","Copperbelt","Kalulushi","33018-HQ-MPL","Approved","gold","1","20","Gold/Copper/Cobalt","RESULTS OF THE 73RD MINING LICENSING COMMITTEE (MLC) MEETING HELD FROM 29TH TO 30TH JUNE 2023","https://www.mmmd.gov.zm/?p=2583"
"Huaxiang Investment Company Limited","organization","Central | Northern | North Western","Chibombo | Chinsali, Isoka | Kabompo | Mkushi","39121-HQ-LEL | 39122-HQ-LEL | 39123-HQ-LEL | 40207-HQ-LEL","Approved | DEFERRED | Rejected","gemstones","1","3975","Nickel/Manganese/Silver","RESULTS OF THE 84TH MINING LICENSING COMMITTEE (MLC) MEETING HELD ON 12TH DECEMBER, 2024","https://www.mmmd.gov.zm/?p=3780"
"Huios Mining and Mineral Explorations","organization","Central | North Western | Copperbelt","Mumbwa | Mwinilunga | Luanshya","37518-HQ-SEL | 38308-HQ-SEL | 38872-HQ-SEL | 40000-HQ-SEL | 41229-HQ-SML","APPROVED | Approved | DEFERRED","critical_battery","4","226","Gold/Copper/Cobalt","RESULTS OF THE 80TH MINING LICENSING COMMITTEE (MLC) MEETING HELD ON 6TH TO 7TH AND 10TH JUNE 2024","https://www.mmmd.gov.zm/?p=2849"
"Huios Mining and Minerals Explorations Limited","organization","Copperbelt","Ndola","30113-HQ-LEL","Approved","critical_battery","1","1337","Manganese/Limestone (General)/Zinc","RESULTS OF THE 72ND MINING LICENSING COMMITTEE (MLC) MEETING HELD FROM 17TH TO 22 MAY 2023","https://www.mmmd.gov.zm/?p=2559"
"Hume Stone Limited","organization","","","7799-HQ-SML","Cancelled","base_metals","1","140","Copper","CANCELLATION OF NON-COMPLIANT MINING AND NON-MINING RIGHTS BY THE MINING LICENSING COMMITTEE (MLC)","https://www.mmmd.gov.zm/?p=2787"
"humphrey kapaipai","person_or_unclassified","Copperbelt","Lufwanyama","37613-HQ-AMR","","gemstones","1","7","Limestone (General)/Lead/Iron Ore","RESULTS OF THE 83RD MINING LICENSING COMMITTEE (MLC) MEETING HELD ON 30TH OCTOBER, 2024","https://www.mmmd.gov.zm/?p=3515"
"Humphrey Mbasela","person_or_unclassified","Lusaka","Chongwe","27811-HQ-AMR","","gemstones","1","3","Gold/Quartz/Copper","REMINDER ON RESULTS OF THE 70TH AND 71ST MINING LICENSING COMMITTEE (MLC) MEETINGS HELD IN FEBRUARY AND MARCH 2023","https://www.mmmd.gov.zm/?p=2555"
"Huo Yan Investment Limited","organization","Central | Copperbelt","Mkushi | Mumbwa | Lufwanyama","24996-HQ-SEL | 37561-HQ-SEL | 39318-HQ-LEL | 39302-HQ-SEL | 39217-HQ-SEL | 39707-HQ-LEL","Cancelled | Approved | Rejected | APPROVED","gemstones","4","15565","Copper/Gold/Zinc","CANCELLATION OF NON-COMPLIANT MINING AND NON-MINING RIGHTS BY THE MINING LICENSING COMMITTEE (MLC)","https://www.mmmd.gov.zm/?p=2787"
"Hwaeuro Investments Limited","organization","Central | Western | Lusaka","Serenje | Kaoma | Mumbwa | Chongwe, Kafue","40273-HQ-LEL | 40424-HQ-LEL | 40959-HQ-LEL | 41875-HQ-LEL","APPROVED | Deferred | Approved","critical_battery","1","15113","Manganese/Lead/Nickel","RESULTS OF THE 87TH MINING LICENSING COMMITTEE (MLC) MEETING HELD ON 7TH MAY, 2025","https://www.mmmd.gov.zm/?p=4069"
"Hyperion Corporation Limited","organization","Central","Mumbwa","23400-HQ-LEL","Rejected","critical_battery","1","1475","Iron Ore/Manganese/Silver","RESULTS OF THE 72ND MINING LICENSING COMMITTEE (MLC) MEETING HELD FROM 17TH TO 22 MAY 2023","https://www.mmmd.gov.zm/?p=2559"
"IBAS Trades Limited","organization","Southern | Central","Mazabuka | Mumbwa","28538-HQ-SEL | 28539-HQ-SEL | 27676-HQ-SEL | 38912-HQ-SML | 38913-HQ-SML | 39892-HQ-SML","Cancelled | Deferred | Approved","critical_battery","3","1553","Gold/Nickel/Silver","CANCELLATION OF NON-COMPLIANT MINING AND NON-MINING RIGHTS BY THE MINING LICENSING COMMITTEE (MLC)","https://www.mmmd.gov.zm/?p=2787"
"Idah Banda","person_or_unclassified","Eastern","Chama","33291-HQ-AMR","Approved","critical_battery","1","7","Nickel/Manganese/Zinc","RESULTS OF THE 78TH MINING LICENSING COMMITTEE (MLC) MEETING HELD ON 27TH FEBRUARY TO 1ST MARCH 2024","https://www.mmmd.gov.zm/?p=2785"
"IDWALA MINERAL RESOURCES LIMITED","organization","North Western | Central | Western","Solwezi | Mufumbwe | Mkushi | Kaoma | Mkushi; Eastern, Nyimba","37524-HQ-SEL | 37526-HQ-SEL | 37525-HQ-SEL | 37527-HQ-SEL | 37545-HQ-LEL","Approved","gemstones","4","1914","Iron Ore/Silver/Lead","SUBJECT: RESULTS OF THE 79TH MINING LICENSING COMMITTEE (MLC) MEETING HELD ON 11TH TO 12TH APRIL 2024","https://www.mmmd.gov.zm/?p=2794"
"Ifisuma Tafisa Bwangu Mining Company Ltd","organization","Central","Mumbwa; Lusaka, Kafue","27596-HQ-SEL | 22507-HQ-SML | 40367-HQ-SML","Cancelled | Rejected","gold","2","36","Gold/Sulfur/Cobalt","CANCELLATION OF NON-COMPLIANT MINING AND NON-MINING RIGHTS BY THE MINING LICENSING COMMITTEE (MLC)","https://www.mmmd.gov.zm/?p=2787"
"IFTIN INVESTMENTS LIMITED","organization","Central","Mumbwa","37538-HQ-MPL","Approved","gold","1","3","Gold","SUBJECT: RESULTS OF THE 79TH MINING LICENSING COMMITTEE (MLC) MEETING HELD ON 11TH TO 12TH APRIL 2024","https://www.mmmd.gov.zm/?p=2794"
"Iimba Enterprises Limited","organization","Central | Copperbelt","Kapiri Mposhi, Mkushi | Mkushi | Mufulira","34992-HQ-LEL | 28280-HQ-SEL | 28032-HQ-SEL | 38494-HQ-LEL | 39628-HQ-LEL | 41922-HQ-LEL | 41121-HQ-LEL","REJECTED | Approved | Cancelled | APPROVED | Rejected","critical_battery","3","19880","Manganese/Iron Ore/Zinc","RESULTS OF THE 75TH MINING LICENSING COMMITTEE (MLC) MEETING HELD FROM 27TH TO 29TH SEPTEMBER 2023","https://www.mmmd.gov.zm/?p=2618"
"Ikondo Mining Cooperative Society (IMCS)","organization","Lusaka","Chongwe","31238-HQ-AMR | 31239-HQ-AMR","","gold","2","13","Gold/Zinc/Copper","REMINDER ON RESULTS OF THE 70TH AND 71ST MINING LICENSING COMMITTEE (MLC) MEETINGS HELD IN FEBRUARY AND MARCH 2023","https://www.mmmd.gov.zm/?p=2555"
"Ilambalimo Mining Limited","organization","North Western","Solwezi | Mwinilunga","22498-HQ-LEL | 41388-HQ-LML","Approved | REJECTED","critical_battery","1","3464","Nickel/Molybdenum/Marble","RESULTS OF THE 74TH MINING LICENSING COMMITTEE (MLC) MEETING HELD FROM 3RD TO 4TH AUGUST 2023","https://www.mmmd.gov.zm/?p=2598"
"Ileje Suppliers and Generals Dealers Limited","organization","Lusaka","Chongwe","36696-HQ-MPL | 36660-HQ-SML","Approved","gemstones","2","258","Silver/Gold/Copper","RESULTS OF THE 76TH MINING LICENSING COMMITTEE (MLC) MEETING HELD ON 17TH AND 20TH NOVEMBER 2023","https://www.mmmd.gov.zm/?p=2640"
"Ilola Datamuka Multi Purpose Co-operative Limited","organization","North Western","Mwinilunga","34316-HQ-AMR","Approved","critical_battery","1","7","Nickel/Gold/Copper","RESULTS OF THE 75TH MINING LICENSING COMMITTEE (MLC) MEETING HELD FROM 27TH TO 29TH SEPTEMBER 2023","https://www.mmmd.gov.zm/?p=2618"
"Ilola Investments Limited","organization","North Western | Copperbelt | Eastern | Northern","Kasempa | Lufwanyama | Lundazi | Mpika","36402-HQ-LEL | 36684-HQ-LEL | 36314-HQ-LEL | 36315-HQ-SEL | 36403-HQ-LEL | 36685-HQ-LEL | 36316-HQ-SEL","Approved | Deferred | Rejected","critical_battery","2","4807","Manganese/Limestone (General)/Zinc","RESULTS OF THE 77TH MINING LICENSING COMMITTEE (MLC) MEETING HELD ON 11TH TO 12TH JANUARY 2024","https://www.mmmd.gov.zm/?p=2675"
"Ilola Mining Company Limited","organization","","","19046-HQ-SML","Cancelled","critical_battery","1","397","Manganese/Iron Ore/Silver","CANCELLATION OF NON-COMPLIANT MINING AND NON-MINING RIGHTS BY THE MINING LICENSING COMMITTEE (MLC)","https://www.mmmd.gov.zm/?p=2787"
"ILYAS INVESTMENTS LIMITED","organization","Central","Mumbwa","38048-HQ-MPL","Approved","gold","1","7","Gold","RESULTS OF THE 81ST MINING LICENSING COMMITTEE (MLC) MEETING HELD ON 31ST JULY, 2024","https://www.mmmd.gov.zm/?p=2923"
"Imperial Resources Limited","organization","North Western","Kabompo | Kabompo, Zambezi | Kabompo; Western, Lukulu","30429-HQ-LEL | 30430-HQ-LEL | 30532-HQ-LEL | 30432-HQ-LEL","Rejected | Cancelled | Approved","gemstones","3","119607","Iron Ore/Silver/Zinc","REMINDER ON RESULTS OF THE 70TH AND 71ST MINING LICENSING COMMITTEE (MLC) MEETINGS HELD IN FEBRUARY AND MARCH 2023","https://www.mmmd.gov.zm/?p=2555"
"IMSS Mining and Engineering Company Limited","organization","North Western | Northern | Eastern","Kabompo, Mwinilunga | Kasempa | Chinsali | Nyimba","33879-HQ-LEL | 37251-HQ-LEL | 37272-HQ-LEL | 33878-HQ-LEL | 37296-HQ-LEL","APPROVED | Approved","gemstones","5","23057","Gold/Silver/Copper","RESULTS OF THE 75TH MINING LICENSING COMMITTEE (MLC) MEETING HELD FROM 27TH TO 29TH SEPTEMBER 2023","https://www.mmmd.gov.zm/?p=2618"
"imwater technologies zambia limited","organization","Central | North Western","Kapiri Mposhi; Copperbelt, Mpongwe | Solwezi","37618-HQ-LEL | 37677-HQ-LEL","Approved","critical_battery","2","66040","Malachite/Lead/Zinc","RESULTS OF THE 80TH MINING LICENSING COMMITTEE (MLC) MEETING HELD ON 6TH TO 7TH AND 10TH JUNE 2024","https://www.mmmd.gov.zm/?p=2849"
"Incara Company (Zambia) Limited","organization","Central","Mkushi","37372-HQ-SEL | 41452-HQ-SEL","Deferred | Approved","gemstones","1","769","Quartz/Tourmaline/Gold","SUBJECT: RESULTS OF THE 79TH MINING LICENSING COMMITTEE (MLC) MEETING HELD ON 11TH TO 12TH APRIL 2024","https://www.mmmd.gov.zm/?p=2794"
"Inchkwakwa Enterprises Limited","organization","Copperbelt","Mufulira | Lufwanyama | Mpongwe","38158-HQ-SEL | 38265-HQ-SEL | 39343-HQ-SEL","Approved","gemstones","3","439","Iron Ore/Malachite/Nickel","RESULTS OF THE 81ST MINING LICENSING COMMITTEE (MLC) MEETING HELD ON 31ST JULY, 2024","https://www.mmmd.gov.zm/?p=2923"
"Indica Resources Limited","organization","Western | Central | Northern","Kaoma | Mumbwa | Mporokoso | Chibombo, Kabwe","31169-HQ-LEL | 31170-HQ-LEL | 34884-HQ-LEL | 36270-HQ-LEL","APPROVED | Approved","gemstones","4","9958","Iron Ore/Zinc/Manganese","REMINDER ON RESULTS OF THE 70TH AND 71ST MINING LICENSING COMMITTEE (MLC) MEETINGS HELD IN FEBRUARY AND MARCH 2023","https://www.mmmd.gov.zm/?p=2555"
"Industrial Resources Limited","organization","North Western | Southern | Western","Mwinilunga | Sinazongwe | Choma, Monze | Sesheke","27795-HQ-LEL | 27796-HQ-LEL | 40010-HQ-LEL | 40014-HQ-LEL | 41051-HQ-LEL | 41230-HQ-LEL | 41231-HQ-LEL | 41233-HQ-LEL","Cancelled | APPROVED","critical_battery","2","2790","Malachite/Silver/Gold","CANCELLATION OF NON-COMPLIANT MINING AND NON-MINING RIGHTS BY THE MINING LICENSING COMMITTEE (MLC)","https://www.mmmd.gov.zm/?p=2787"
"Infra Mining Consultants Limited","organization","Lusaka","Chongwe","39240-HQ-LEL","Approved","gemstones","1","2912","Nickel/Manganese/Malachite","RESULTS OF THE 84TH MINING LICENSING COMMITTEE (MLC) MEETING HELD ON 12TH DECEMBER, 2024","https://www.mmmd.gov.zm/?p=3780"
"Innocent Kasongo","person_or_unclassified","Copperbelt","Chingola","39697-HQ-AMR","Approved","critical_battery","1","7","Manganese/Silver/Zinc","RESULTS OF THE 85TH MINING LICENSING COMMITTEE (MLC) MEETING HELD ON 5TH MARCH, 2025","https://www.mmmd.gov.zm/?p=4013"
"Insofu Mining Limited","organization","Copperbelt","Chililabombwe, Chingola; North Western, Solwezi","22863-HQ-LEL","Approved","gold","1","37255","Silver/Uranium/Gold","RESULTS OF THE 73RD MINING LICENSING COMMITTEE (MLC) MEETING HELD FROM 29TH TO 30TH JUNE 2023","https://www.mmmd.gov.zm/?p=2583"
"Inspire Mineral Resources Company Limited","organization","Central","Mkushi | Kapiri Mposhi","30760-HQ-LEL | 29910-HQ-LEL | 32008-HQ-SEL | 32731-HQ-SEL","Approved","critical_battery","4","6469","Lead/Manganese/Zinc","REMINDER ON RESULTS OF THE 70TH AND 71ST MINING LICENSING COMMITTEE (MLC) MEETINGS HELD IN FEBRUARY AND MARCH 2023","https://www.mmmd.gov.zm/?p=2555"
"Integrity Mining Limited","organization","","","28445-HQ-SEL | 28444-HQ-LEL","Cancelled","critical_battery","1","952","Nickel/Zinc/Gold","CANCELLATION OF NON-COMPLIANT MINING AND NON-MINING RIGHTS BY THE MINING LICENSING COMMITTEE (MLC)","https://www.mmmd.gov.zm/?p=2787"
"Intergration Zambia Limited","organization","Northern","Chilubi, Luwingu","32916-HQ-LEL","Approved","gemstones","1","48235","Manganese/Iron Ore/Platinum","RESULTS OF THE 72ND MINING LICENSING COMMITTEE (MLC) MEETING HELD FROM 17TH TO 22 MAY 2023","https://www.mmmd.gov.zm/?p=2559"
"INTERNAL MINDSET CO-OPERTIVE LIMITED","organization","Lusaka","Kafue","37487-HQ-AMR","Approved","gold","1","7","Gold","SUBJECT: RESULTS OF THE 79TH MINING LICENSING COMMITTEE (MLC) MEETING HELD ON 11TH TO 12TH APRIL 2024","https://www.mmmd.gov.zm/?p=2794"
"Interprochan Developments Limited","organization","Central | Lusaka","Mumbwa; Lusaka, Kafue; Southern, Mazabuka | Chongwe, Kafue","37401-HQ-LEL | 37337-HQ-LEL","Approved","gemstones","2","15732","Limestone (General)/Lead/Iron Ore","SUBJECT: RESULTS OF THE 79TH MINING LICENSING COMMITTEE (MLC) MEETING HELD ON 11TH TO 12TH APRIL 2024","https://www.mmmd.gov.zm/?p=2794"
"Interprochan Enterprises Limited","organization","North Western","Solwezi","25912-HQ-SEL | 25741-HQ-LEL | 25619-HQ-LEL | 25695-HQ-LEL | 25753-HQ-LEL","Cancelled | Approved","critical_battery","1","53108","Nickel/Silver/Zinc","CANCELLATION OF NON-COMPLIANT MINING AND NON-MINING RIGHTS BY THE MINING LICENSING COMMITTEE (MLC)","https://www.mmmd.gov.zm/?p=2787"
"Investec Technical Services Limited","organization","Western","Sesheke","34506-HQ-LEL","Approved","gemstones","1","37767","Limestone (General)/Lead/Iron Ore","RESULTS OF THE 76TH MINING LICENSING COMMITTEE (MLC) MEETING HELD ON 17TH AND 20TH NOVEMBER 2023","https://www.mmmd.gov.zm/?p=2640"
"Irchi Investment Limited","organization","","","13427-HQ-SML","Cancelled","gemstones","1","1","Emerald/Beryllium/Aquamarine","CANCELLATION OF NON-COMPLIANT MINING AND NON-MINING RIGHTS BY THE MINING LICENSING COMMITTEE (MLC)","https://www.mmmd.gov.zm/?p=2787"
"Irenka Limited","organization","North Western","Mufumbwe | Mufumbwe, Solwezi | Solwezi","29511-HQ-LEL | 29538-HQ-LEL | 29508-HQ-LEL","Cancelled | Rejected | Approved","critical_battery","3","55795","Gold/Zinc/Cobalt","CANCELLATION OF NON-COMPLIANT MINING AND NON-MINING RIGHTS BY THE MINING LICENSING COMMITTEE (MLC)","https://www.mmmd.gov.zm/?p=2787"
"Isaac Chulu","person_or_unclassified","Eastern","Petauke","39728-HQ-AMR","Approved","gemstones","1","7","Gold/Malachite/Copper","RESULTS OF THE 85TH MINING LICENSING COMMITTEE (MLC) MEETING HELD ON 5TH MARCH, 2025","https://www.mmmd.gov.zm/?p=4013"
"Isaac Musonda","person_or_unclassified","Copperbelt | Central","Masaiti | Kapiri Mposhi","30291-HQ-AMR | 31034-HQ-AMR | 31078-HQ-AMR | 30293-HQ-AMR","Approved","critical_battery","3","20","Iron Ore/Manganese/Copper","REMINDER ON RESULTS OF THE 70TH AND 71ST MINING LICENSING COMMITTEE (MLC) MEETINGS HELD IN FEBRUARY AND MARCH 2023","https://www.mmmd.gov.zm/?p=2555"
"Isaac Ngomi","person_or_unclassified","North Western","Kabompo","33919-HQ-AMR","Approved","gold","1","7","Gold/Copper/Cobalt","SUBJECT: RESULTS OF THE 79TH MINING LICENSING COMMITTEE (MLC) MEETING HELD ON 11TH TO 12TH APRIL 2024","https://www.mmmd.gov.zm/?p=2794"
"Ishmu Mining Company Limited","organization","North Western","Solwezi","37201-HQ-LML | 38262-HQ-LEL","Approved | approved","gemstones","2","25649","Malachite/Lead/Iron Ore","RESULTS OF THE 78TH MINING LICENSING COMMITTEE (MLC) MEETING HELD ON 27TH FEBRUARY TO 1ST MARCH 2024","https://www.mmmd.gov.zm/?p=2785"
"Israjah Enterprises Limited","organization","Central","Mumbwa; North Western, Kasempa | Kapiri Mposhi | Mkushi","36661-HQ-SEL | 38139-HQ-LEL | 37383-HQ-SEL | 37385-HQ-SEL","Approved | Deferred | REJECTED","gold","1","343","Limestone (General)/Silica/Gold","SUBJECT: RESULTS OF THE 79TH MINING LICENSING COMMITTEE (MLC) MEETING HELD ON 11TH TO 12TH APRIL 2024","https://www.mmmd.gov.zm/?p=2794"
"Israma Ventures Limited","organization","North Western | Eastern","Solwezi | Kabompo, Mufumbwe | Chipata | Mufumbwe","36589-HQ-LEL | 36590-HQ-LEL | 36438-HQ-LEL | 41104-HQ-SEL","Approved","gemstones","3","31754","Copper/Gold/Nickel","RESULTS OF THE 77TH MINING LICENSING COMMITTEE (MLC) MEETING HELD ON 11TH TO 12TH JANUARY 2024","https://www.mmmd.gov.zm/?p=2675"
"Isshiah Sibulowa","person_or_unclassified","Southern","Sinazongwe","39483-HQ-AMR","Approved","gemstones","1","7","Gold/Tin/Gemstones","RESULTS OF THE 85TH MINING LICENSING COMMITTEE (MLC) MEETING HELD ON 5TH MARCH, 2025","https://www.mmmd.gov.zm/?p=4013"
"IVANHOE INVESTMENT LIMITED","organization","Central | Southern","Mkushi | Kabwe, Kapiri Mposhi | Kapiri Mposhi | Kalomo","40203-HQ-LEL | 40360-HQ-LEL | 40343-HQ-SEL | 40604-HQ-SEL","DEFERRED | APPROVED | Approved","gemstones","3","28406","Cobalt/Copper/Silver","RESULTS OF THE 87TH MINING LICENSING COMMITTEE (MLC) MEETING HELD ON 7TH MAY, 2025","https://www.mmmd.gov.zm/?p=4069"
"Ivor Muluba","person_or_unclassified","Northern","Kasama","37376-HQ-AMR","Approved","gold","1","7","Gold/Copper/Cobalt","SUBJECT: RESULTS OF THE 79TH MINING LICENSING COMMITTEE (MLC) MEETING HELD ON 11TH TO 12TH APRIL 2024","https://www.mmmd.gov.zm/?p=2794"
"Izachak General Dealers Limited","organization","North Western","Kasempa","34783-HQ-SEL","Deferred | REJECTED","gemstones","1","4205","Manganese/Quartz/Tourmaline","SUBJECT: RESULTS OF THE 79TH MINING LICENSING COMMITTEE (MLC) MEETING HELD ON 11TH TO 12TH APRIL 2024","https://www.mmmd.gov.zm/?p=2794"
"Izulu Lethu Mining & Trading Academy Limited","organization","Central","Kapiri Mposhi","32603-HQ-SEL","Approved","critical_battery","1","242","Manganese/Gold/Copper","RESULTS OF THE 72ND MINING LICENSING COMMITTEE (MLC) MEETING HELD FROM 17TH TO 22 MAY 2023","https://www.mmmd.gov.zm/?p=2559"
"J.L.Cole Investments Limited","organization","North Western","Kasempa","34222-HQ-SEL","","base_metals","1","153","Copper","RESULTS OF THE 74TH MINING LICENSING COMMITTEE (MLC) MEETING HELD FROM 3RD TO 4TH AUGUST 2023","https://www.mmmd.gov.zm/?p=2598"
"J.S.Moyo Farms Limited","organization","Central","Kapiri Mposhi | Kabwe | Mkushi","25901-HQ-SML | 26408-HQ-SML | 15067-HQ-SML | 35706-HQ-SML | 14884-HQ-SML","Deferred | Rejected | Approved","critical_battery","4","1219","Sand and Gravel/Iron Ore/Silica","RESULTS OF THE 72ND MINING LICENSING COMMITTEE (MLC) MEETING HELD FROM 17TH TO 22 MAY 2023","https://www.mmmd.gov.zm/?p=2559"
"Jach Multi-Purpose Cooperative","organization","Luapula","Mansa","34333-HQ-AMR","Approved","critical_battery","1","7","Lead/Manganese/Zinc","RESULTS OF THE 74TH MINING LICENSING COMMITTEE (MLC) MEETING HELD FROM 3RD TO 4TH AUGUST 2023","https://www.mmmd.gov.zm/?p=2598"
"Jacob Lameck Shuma","person_or_unclassified","","","33304-HQ-AMR","Approved","critical_battery","1","7","Gold/Manganese/Zinc","RESULTS OF THE 74TH MINING LICENSING COMMITTEE (MLC) MEETING HELD FROM 3RD TO 4TH AUGUST 2023","https://www.mmmd.gov.zm/?p=2598"
"jacob phiri","person_or_unclassified","Central","Chibombo","37830-HQ-AMR","","gold","1","7","Quartz/Gold","RESULTS OF THE 80TH MINING LICENSING COMMITTEE (MLC) MEETING HELD ON 6TH TO 7TH AND 10TH JUNE 2024","https://www.mmmd.gov.zm/?p=2849"
"Jagoda Tourmaline Extraction Limited","organization","","","19255-HQ-LML","Cancelled","gemstones","1","418","Ruby/Quartz/Tourmaline","CANCELLATION OF NON-COMPLIANT MINING AND NON-MINING RIGHTS BY THE MINING LICENSING COMMITTEE (MLC)","https://www.mmmd.gov.zm/?p=2787"
"Jairus Mazimba","person_or_unclassified","Copperbelt","Ndola","28453-HQ-AMR","Approved | Deferred","critical_battery","1","7","Manganese","REMINDER ON RESULTS OF THE 70TH AND 71ST MINING LICENSING COMMITTEE (MLC) MEETINGS HELD IN FEBRUARY AND MARCH 2023","https://www.mmmd.gov.zm/?p=2555"
"Jakaya Mining Limited","organization","","","35867-HQ-SEL","Approved","critical_battery","1","167","Manganese/Lead/Zinc","SUBJECT: RESULTS OF THE 79TH MINING LICENSING COMMITTEE (MLC) MEETING HELD ON 11TH TO 12TH APRIL 2024","https://www.mmmd.gov.zm/?p=2794"
"Jakosa Investments Limited","organization","Luapula","Mansa","33546-HQ-LEL","Approved","gemstones","1","6829","Rare EarthsElements/Quartz/Tourmaline","RESULTS OF THE 76TH MINING LICENSING COMMITTEE (MLC) MEETING HELD ON 17TH AND 20TH NOVEMBER 2023","https://www.mmmd.gov.zm/?p=2640"
"Jalusi Investments Limited","organization","","","7542-HQ-SML","Cancelled","gemstones","1","399","Amethyst","CANCELLATION OF NON-COMPLIANT MINING AND NON-MINING RIGHTS BY THE MINING LICENSING COMMITTEE (MLC)","https://www.mmmd.gov.zm/?p=2787"
"Jamba Mining & Marketing Ltd","organization","","","08561-HQ-SML","Cancelled","gemstones","1","72","Emerald/Beryllium","CANCELLATION OF NON-COMPLIANT MINING AND NON-MINING RIGHTS BY THE MINING LICENSING COMMITTEE (MLC)","https://www.mmmd.gov.zm/?p=2787"
"Jamboree Investments Limited","organization","","","29539-HQ-SEL | 29540-HQ-SEL","Cancelled","critical_battery","2","1946","Nickel/Manganese/Zinc","CANCELLATION OF NON-COMPLIANT MINING AND NON-MINING RIGHTS BY THE MINING LICENSING COMMITTEE (MLC)","https://www.mmmd.gov.zm/?p=2787"
"James Chitoshi","person_or_unclassified","Copperbelt","Chingola","28293-HQ-AMR","Approved","gold","1","7","Silver/Gold/Copper","REMINDER ON RESULTS OF THE 70TH AND 71ST MINING LICENSING COMMITTEE (MLC) MEETINGS HELD IN FEBRUARY AND MARCH 2023","https://www.mmmd.gov.zm/?p=2555"
"James Kamanga","person_or_unclassified","Central | Northern","Serenje | Mpika","38724-HQ-AMR | 38809-HQ-AMR | 38810-HQ-AMR | 38884-HQ-AMR | 39078-HQ-AMR | 39844-HQ-AMR","Approved | Rejected","gemstones","5","30","Manganese/Iron Ore/Amethyst","RESULTS OF THE 84TH MINING LICENSING COMMITTEE (MLC) MEETING HELD ON 12TH DECEMBER, 2024","https://www.mmmd.gov.zm/?p=3780"
"James Mukomena Mpumpi","person_or_unclassified","North Western","Mwinilunga","33670-HQ-AMR","Approved","industrial_minerals","1","7","Silica/Sand and Gravel/Mineral Sands","RESULTS OF THE 74TH MINING LICENSING COMMITTEE (MLC) MEETING HELD FROM 3RD TO 4TH AUGUST 2023","https://www.mmmd.gov.zm/?p=2598"
"Jamrob Enterprises Limited","organization","Southern | North Western","Choma | Mwinilunga","35109-HQ-SEL | 36612-HQ-SEL","Deferred | DEFERRED","gemstones","1","392","Silver/Rare EarthsElements/Nickel","RESULTS OF THE 76TH MINING LICENSING COMMITTEE (MLC) MEETING HELD ON 17TH AND 20TH NOVEMBER 2023","https://www.mmmd.gov.zm/?p=2640"
"Janet Mphande","person_or_unclassified","Southern","Siavonga","35586-HQ-AMR","Approved","gemstones","1","7","Nickel/Iron Ore/Tourmaline","RESULTS OF THE 78TH MINING LICENSING COMMITTEE (MLC) MEETING HELD ON 27TH FEBRUARY TO 1ST MARCH 2024","https://www.mmmd.gov.zm/?p=2785"
"Janet Mwansa","person_or_unclassified","Luapula","Mansa","32481-HQ-AMR","Approved","critical_battery","1","7","Manganese/Silver/Zinc","RESULTS OF THE 82ND MINING LICENSING COMMITTEE (MLC) MEETING HELD ON 11TH SEPTEMBER, 2024","https://www.mmmd.gov.zm/?p=3378"
"Jasper-Oko Berly Zambia Limited","organization","","","26258-HQ-SEL","Cancelled","gemstones","3","1962","Emerald/Tin/Zinc","CANCELLATION OF NON-COMPLIANT MINING AND NON-MINING RIGHTS BY THE MINING LICENSING COMMITTEE (MLC)","https://www.mmmd.gov.zm/?p=2787"
"JASRA Mines and Investments Limited","organization","Central","Chibombo","37662-HQ-SEL","","gemstones","1","946","Mineral Sands/Nickel/Malachite","RESULTS OF THE 80TH MINING LICENSING COMMITTEE (MLC) MEETING HELD ON 6TH TO 7TH AND 10TH JUNE 2024","https://www.mmmd.gov.zm/?p=2849"
"Jazzman Chikwakwa","person_or_unclassified","","","15475-HQ-SML | 20654-HQ-SML","Cancelled","critical_battery","1","400","Iron Ore/Manganese/Copper","CANCELLATION OF NON-COMPLIANT MINING AND NON-MINING RIGHTS BY THE MINING LICENSING COMMITTEE (MLC)","https://www.mmmd.gov.zm/?p=2787"
"JBK Mining Compant LTD","organization","","","19857-HQ-SML","Cancelled","gemstones","1","256","Quartz/Tourmaline/Garnet","CANCELLATION OF NON-COMPLIANT MINING AND NON-MINING RIGHTS BY THE MINING LICENSING COMMITTEE (MLC)","https://www.mmmd.gov.zm/?p=2787"
"JC Infinity Stone Zambia Limited","organization","Central","Mkushi; Eastern, Nyimba; Lusaka, Chongwe","33554-HQ-LEL","Approved","critical_battery","1","13667","Platinum Group Metals/Molybdenum/Quartz","RESULTS OF THE 73RD MINING LICENSING COMMITTEE (MLC) MEETING HELD FROM 29TH TO 30TH JUNE 2023","https://www.mmmd.gov.zm/?p=2583"
"Jeal Investments Limited","organization","Central","Serenje","34669-HQ-SEL","Approved","gemstones","2","15770","Iron Ore/Gold/Copper","RESULTS OF THE 76TH MINING LICENSING COMMITTEE (MLC) MEETING HELD ON 17TH AND 20TH NOVEMBER 2023","https://www.mmmd.gov.zm/?p=2640"
"Jearmy Enterprises Limited","organization","Copperbelt | North Western","Lufwanyama | Mwinilunga","30813-HQ-SEL | 37095-HQ-SEL","Deferred | Rejected","gemstones","1","107","Emerald/Gold/Copper","RESULTS OF THE 78TH MINING LICENSING COMMITTEE (MLC) MEETING HELD ON 27TH FEBRUARY TO 1ST MARCH 2024","https://www.mmmd.gov.zm/?p=2785"
"Jeb Business Solutions and Mining Limited","organization","Luapula","Mansa","15399-HQ-SML","Deferred","critical_battery","1","399","Manganese","RESULTS OF THE 82ND MINING LICENSING COMMITTEE (MLC) MEETING HELD ON 11TH SEPTEMBER, 2024","https://www.mmmd.gov.zm/?p=3378"
"Jeco Investment Limited","organization","North Western","Mufumbwe | Solwezi","35882-HQ-LEL | 36317-HQ-SEL","Approved","gold","2","23142","Silver/Zinc/Gold","RESULTS OF THE 78TH MINING LICENSING COMMITTEE (MLC) MEETING HELD ON 27TH FEBRUARY TO 1ST MARCH 2024","https://www.mmmd.gov.zm/?p=2785"
"Jedna Agri-Trade Limited","organization","Central","Mkushi","30250-HQ-LEL","","critical_battery","1","9182","Iron Ore/Anhydrite/Manganese","REMINDER ON RESULTS OF THE 70TH AND 71ST MINING LICENSING COMMITTEE (MLC) MEETINGS HELD IN FEBRUARY AND MARCH 2023","https://www.mmmd.gov.zm/?p=2555"
"Jeff's Farms and General Dealers Limited","organization","Lusaka","Kafue","35181-HQ-SEL | 24184-HQ-SEL | 27519-HQ-SEL","Approved | Cancelled","gold","1","830","Iron Ore/Silver/Gold","RESULTS OF THE 77TH MINING LICENSING COMMITTEE (MLC) MEETING HELD ON 11TH TO 12TH JANUARY 2024","https://www.mmmd.gov.zm/?p=2675"
"Jehji Zambia Limited","organization","Central","Serenje","31236-HQ-LEL","","critical_battery","1","7575","Limestone (General)/Manganese/Zinc","REMINDER ON RESULTS OF THE 70TH AND 71ST MINING LICENSING COMMITTEE (MLC) MEETINGS HELD IN FEBRUARY AND MARCH 2023","https://www.mmmd.gov.zm/?p=2555"
"Jejeva Logistics Limited","organization","Central","Kapiri Mposhi","34294-HQ-LEL | 34294-HQ-SEL","Approved","gemstones","1","744","Manganese/Iron Ore/Silver","RESULTS OF THE 74TH MINING LICENSING COMMITTEE (MLC) MEETING HELD FROM 3RD TO 4TH AUGUST 2023","https://www.mmmd.gov.zm/?p=2598"
"Jenipher Ng'andu Mining & Services Limited","organization","","","23082-HQ-SML","Cancelled","gold","1","396","Iron Ore/Quartz/Gold","CANCELLATION OF NON-COMPLIANT MINING AND NON-MINING RIGHTS BY THE MINING LICENSING COMMITTEE (MLC)","https://www.mmmd.gov.zm/?p=2787"
"Jeoffrey  Kyamato","person_or_unclassified","North Western","Solwezi","28478-HQ-AMR","Approved","gemstones","1","7","Diamond/Copper","RESULTS OF THE 74TH MINING LICENSING COMMITTEE (MLC) MEETING HELD FROM 3RD TO 4TH AUGUST 2023","https://www.mmmd.gov.zm/?p=2598"
"Jephan Kaputa Mukanda","person_or_unclassified","North Western","Mwinilunga","38766-HQ-AMR","Approved","gold","1","7","Gold/Copper","RESULTS OF THE 84TH MINING LICENSING COMMITTEE (MLC) MEETING HELD ON 12TH DECEMBER, 2024","https://www.mmmd.gov.zm/?p=3780"
"jerome Miyoba Kandongwe","person_or_unclassified","Central","Mumbwa","39038-HQ-AMR","Approved","gold","1","7","Iron Ore/Gold/Copper","RESULTS OF THE 84TH MINING LICENSING COMMITTEE (MLC) MEETING HELD ON 12TH DECEMBER, 2024","https://www.mmmd.gov.zm/?p=3780"
"Jesi Mutambala","person_or_unclassified","Southern","Livingstone","25278-HQ-AMR","Approved","unknown","1","7","","REMINDER ON RESULTS OF THE 70TH AND 71ST MINING LICENSING COMMITTEE (MLC) MEETINGS HELD IN FEBRUARY AND MARCH 2023","https://www.mmmd.gov.zm/?p=2555"
"Jesmu Industry Company Limited","organization","Copperbelt","Ndola","38553-HQ-MPL","","base_metals","1","7","Malachite/Mineral Sands/Sand","RESULTS OF THE 83RD MINING LICENSING COMMITTEE (MLC) MEETING HELD ON 30TH OCTOBER, 2024","https://www.mmmd.gov.zm/?p=3515"
"Jesto Banda","person_or_unclassified","Central | Copperbelt | Northern | North Western","Serenje | Lufwanyama | Chinsali | Mwinilunga | Mpika | Kasempa","34430-HQ-AMR | 36857-HQ-AMR | 33280-HQ-AMR | 36856-HQ-AMR | 33282-HQ-AMR | 33948-HQ-AMR | 35856-HQ-AMR | 33290-HQ-AMR | 33656-HQ-AMR","Deferred | Approved | Rejected","gemstones","4","27","Copper/Gold/Cobalt","RESULTS OF THE 76TH MINING LICENSING COMMITTEE (MLC) MEETING HELD ON 17TH AND 20TH NOVEMBER 2023","https://www.mmmd.gov.zm/?p=2640"
"Jesu Multi Purpose Cooperative Society Limited","organization","Central","Mumbwa","32792-HQ-AMR","Approved | APPROVED","gold","1","7","Gold/Copper","RESULTS OF THE 72ND MINING LICENSING COMMITTEE (MLC) MEETING HELD FROM 17TH TO 22 MAY 2023","https://www.mmmd.gov.zm/?p=2559"
"Jewel Of africa","organization","Copperbelt | Central | Northern","Lufwanyama | Mumbwa | Lufwanyama, Masaiti | Mpika | Chinsali","18442-HQ-SML | 38306-HQ-SEL | 38320-HQ-SEL | 38530-HQ-LEL | 38834-HQ-SEL | 38857-HQ-SEL | 38832-HQ-SEL | 40038-HQ-SEL | 39699-HQ-LEL | 40229-HQ-LEL","Rejected | Cancelled | Approved","gemstones","1","100","Emerald","RESULTS OF THE 77TH MINING LICENSING COMMITTEE (MLC) MEETING HELD ON 11TH TO 12TH JANUARY 2024","https://www.mmmd.gov.zm/?p=2675"
"Jewel of Africa Limited","organization","Copperbelt | Central | Northern","Lufwanyama | Mumbwa | Lufwanyama, Masaiti | Mpika | Chinsali","18442-HQ-SML | 38306-HQ-SEL | 38320-HQ-SEL | 38530-HQ-LEL | 38834-HQ-SEL | 38857-HQ-SEL | 38832-HQ-SEL | 40038-HQ-SEL | 39699-HQ-LEL | 40229-HQ-LEL","Rejected | Cancelled | Approved","gemstones","6","8371","Copper/Emerald/Gold","RESULTS OF THE 77TH MINING LICENSING COMMITTEE (MLC) MEETING HELD ON 11TH TO 12TH JANUARY 2024","https://www.mmmd.gov.zm/?p=2675"
"Jezreel investments Limited","organization","Central","Kapiri Mposhi","40185-HQ-SEL","Approved","base_metals","1","478","Laterite/Iron Ore/Limestone (General)","RESULTS OF THE 87TH MINING LICENSING COMMITTEE (MLC) MEETING HELD ON 7TH MAY, 2025","https://www.mmmd.gov.zm/?p=4069"
"JFS Resources Limited","organization","Central","Serenje","29454-HQ-SEL | 29455-HQ-LEL","Cancelled | Deferred | Approved","gold","2","45706","Silver/Gold","CANCELLATION OF NON-COMPLIANT MINING AND NON-MINING RIGHTS BY THE MINING LICENSING COMMITTEE (MLC)","https://www.mmmd.gov.zm/?p=2787"
"Jilham Civil Cross Engineering Limited","organization","Luapula | Southern | Lusaka | Northern","Mansa | Monze | Chongwe | Mpika","34168-HQ-LEL | 33586-HQ-LEL | 34448-HQ-SEL | 34515-HQ-LEL","APPROVED | Approved | Rejected","gemstones","2","12431","Nickel/Molybdenum/Gold","RESULTS OF THE 74TH MINING LICENSING COMMITTEE (MLC) MEETING HELD FROM 3RD TO 4TH AUGUST 2023","https://www.mmmd.gov.zm/?p=2598"
"Jim Chisenga Ngandwe","person_or_unclassified","Luapula","Mwense","31156-HQ-AMR","Approved","critical_battery","1","7","Tantalum/Zinc/Quartz","REMINDER ON RESULTS OF THE 70TH AND 71ST MINING LICENSING COMMITTEE (MLC) MEETINGS HELD IN FEBRUARY AND MARCH 2023","https://www.mmmd.gov.zm/?p=2555"
"Jimmy Banda","person_or_unclassified","Luapula | Central","Mansa | Serenje","36364-HQ-AMR | 37821-HQ-AMR | 37807-HQ-AMR | 38566-HQ-AMR","Approved","gemstones","4","23","Manganese/Silica/Amethyst","RESULTS OF THE 78TH MINING LICENSING COMMITTEE (MLC) MEETING HELD ON 27TH FEBRUARY TO 1ST MARCH 2024","https://www.mmmd.gov.zm/?p=2785"
"Jin Ding Mining Limited","organization","","","12617-HQ-LML","Cancelled","base_metals","1","2870","Copper","CANCELLATION OF NON-COMPLIANT MINING AND NON-MINING RIGHTS BY THE MINING LICENSING COMMITTEE (MLC)","https://www.mmmd.gov.zm/?p=2787"
"JINDI MINING LIMITED","organization","Central | North Western","Mumbwa; Western, Kaoma | Mwinilunga, Solwezi | Mwinilunga","39034-HQ-LEL | 40039-HQ-LEL | 40610-HQ-LEL","Rejected | Approved","gemstones","1","3376","Nickel/Manganese/Silver","RESULTS OF THE 84TH MINING LICENSING COMMITTEE (MLC) MEETING HELD ON 12TH DECEMBER, 2024","https://www.mmmd.gov.zm/?p=3780"
"Jinfeng Mining Company Limited","organization","Copperbelt","Masaiti, Ndola","32165-HQ-LEL | 29701-HQ-LEL","Rejected | Cancelled","gemstones","1","1704","Rare EarthsElements/Manganese/Silver","RESULTS OF THE 72ND MINING LICENSING COMMITTEE (MLC) MEETING HELD FROM 17TH TO 22 MAY 2023","https://www.mmmd.gov.zm/?p=2559"
"JING DE ZHAM ENTERPRISES LIMITED","organization","North Western | Central | Eastern","Kabompo, Mufumbwe; Western, Lukulu | Serenje | Mambwe | Chipata, Mambwe","18311-HQ-LPL | 40145-HQ-LEL | 40161-HQ-LEL | 40179-HQ-LEL","Deferred | APPROVED","gemstones","3","73781","Manganese/Gold/Rare EarthsElements","SUBJECT: RESULTS OF THE 79TH MINING LICENSING COMMITTEE (MLC) MEETING HELD ON 11TH TO 12TH APRIL 2024","https://www.mmmd.gov.zm/?p=2794"
"Jing De Zham Enterprises Ltd","organization","North Western | Central | Eastern","Kabompo, Mufumbwe; Western, Lukulu | Serenje | Mambwe | Chipata, Mambwe","18311-HQ-LPL | 40145-HQ-LEL | 40161-HQ-LEL | 40179-HQ-LEL","Deferred | APPROVED","critical_battery","1","8935","Platinum Group Metals/Nickel/Silver","SUBJECT: RESULTS OF THE 79TH MINING LICENSING COMMITTEE (MLC) MEETING HELD ON 11TH TO 12TH APRIL 2024","https://www.mmmd.gov.zm/?p=2794"
"Jingdao Mining Limited","organization","Northern | Eastern | Southern","Isoka | Chama | Siavonga","38750-HQ-LEL | 38833-HQ-LEL | 38837-HQ-LEL | 38889-HQ-LEL | 38892-HQ-LEL","Approved","gemstones","5","62433","Copper/Manganese/Cobalt","RESULTS OF THE 83RD MINING LICENSING COMMITTEE (MLC) MEETING HELD ON 30TH OCTOBER, 2024","https://www.mmmd.gov.zm/?p=3515"
"Jingneng Mining Limited","organization","North western | Central | Southern","Mufumbwe | Kasempa | Mumbwa, North western, Kasempa | Mumbwa | Mazabuka","38938-HQ-LEL | 38939-HQ-LEL | 38940-HQ-LEL | 39452-HQ-LEL","Approved | Deferred | APPROVED","gemstones","4","82163","Copper/Zinc/Gold","RESULTS OF THE 83RD MINING LICENSING COMMITTEE (MLC) MEETING HELD ON 30TH OCTOBER, 2024","https://www.mmmd.gov.zm/?p=3515"
"Jinhui Minerals Limited","organization","","","29001-HQ-SEL | 29137-HQ-SEL | 29764-HQ-SEL | 28718-HQ-SEL | 28717-HQ-SEL","Cancelled","gemstones","1","948","Silver/Quartz/Tourmaline","CANCELLATION OF NON-COMPLIANT MINING AND NON-MINING RIGHTS BY THE MINING LICENSING COMMITTEE (MLC)","https://www.mmmd.gov.zm/?p=2787"
"Jisanshi Investments Limited","organization","","","28693-HQ-LEL","Cancelled","critical_battery","1","22568","Manganese/Silver/Zinc","CANCELLATION OF NON-COMPLIANT MINING AND NON-MINING RIGHTS BY THE MINING LICENSING COMMITTEE (MLC)","https://www.mmmd.gov.zm/?p=2787"
"Jiuda Investment Limited","organization","Eastern","Mambwe","28593-HQ-MPL | 39566-HQ-LEL","Cancelled | Approved","critical_battery","2","1103","Zinc/Lead/Manganese","CANCELLATION OF NON-COMPLIANT MINING AND NON-MINING RIGHTS BY THE MINING LICENSING COMMITTEE (MLC)","https://www.mmmd.gov.zm/?p=2787"
"JIUYING INVESTMENTS LIMITED","organization","Lusaka","Chongwe","40022-HQ-MPL","Deferred | Approved","base_metals","1","33","Copper","RESULTS OF THE 85TH MINING LICENSING COMMITTEE (MLC) MEETING HELD ON 5TH MARCH, 2025","https://www.mmmd.gov.zm/?p=4013"
"jiwei mining zambia limited","organization","North Western | Copperbelt | Lusaka","Kabompo | Kasempa | Masaiti | Chongwe, Kafue","37812-HQ-LEL | 37750-HQ-LEL | 37751-HQ-LEL | 37752-HQ-LEL | 37863-HQ-LEL","Rejected | Approved | deferred","gemstones","3","12198","Lead/Nickel/Zinc","RESULTS OF THE 82ND MINING LICENSING COMMITTEE (MLC) MEETING HELD ON 11TH SEPTEMBER, 2024","https://www.mmmd.gov.zm/?p=3378"
"JIYAD INVESTMENTS LIMITED","organization","Central","Mumbwa","37661-HQ-MPL","Deferred | Approved","gold","1","7","Gold","RESULTS OF THE 80TH MINING LICENSING COMMITTEE (MLC) MEETING HELD ON 6TH TO 7TH AND 10TH JUNE 2024","https://www.mmmd.gov.zm/?p=2849"
"JM Quarrying and Mining Limited","organization","Northern","Mbala, Mporokoso, Mpulungu","30732-HQ-LEL","","gemstones","1","108975","Platinum/Silver/Gold","REMINDER ON RESULTS OF THE 70TH AND 71ST MINING LICENSING COMMITTEE (MLC) MEETINGS HELD IN FEBRUARY AND MARCH 2023","https://www.mmmd.gov.zm/?p=2555"
"JMK Venture Limited","organization","","","27498-HQ-SEL | 27474-HQ-SEL","Cancelled","critical_battery","1","848","Lead/Iron Ore/Limestone (General)","CANCELLATION OF NON-COMPLIANT MINING AND NON-MINING RIGHTS BY THE MINING LICENSING COMMITTEE (MLC)","https://www.mmmd.gov.zm/?p=2787"
"Joel Botomwani Mulomfi","person_or_unclassified","North Western","Solwezi","33374-HQ-AMR","Approved","gold","1","7","Gold/Mineral Sands/Clay (General)","RESULTS OF THE 73RD MINING LICENSING COMMITTEE (MLC) MEETING HELD FROM 29TH TO 30TH JUNE 2023","https://www.mmmd.gov.zm/?p=2583"
"Joe's Earthworks and Mining Ltd","organization","Copperbelt","Masaiti","22869-HQ-LEL","Deferred | Rejected | Approved","critical_battery","1","3086","Molybdenum/Manganese/Nickel","RESULTS OF THE 72ND MINING LICENSING COMMITTEE (MLC) MEETING HELD FROM 17TH TO 22 MAY 2023","https://www.mmmd.gov.zm/?p=2559"
"Joetendra Anil Kumar Patel","person_or_unclassified","Lusaka","Kafue","40146-HQ-AMR","Approved","industrial_minerals","1","7","Feldspar/Limestone (General)/Carbonates","RESULTS OF THE 87TH MINING LICENSING COMMITTEE (MLC) MEETING HELD ON 7TH MAY, 2025","https://www.mmmd.gov.zm/?p=4069"
"John Bweupe","person_or_unclassified","North Western","Kasempa","29017-HQ-AMR | 41341-HQ-AMR","APPROVED","gold","1","7","Gold/Quartz/Cobalt","REMINDER ON RESULTS OF THE 70TH AND 71ST MINING LICENSING COMMITTEE (MLC) MEETINGS HELD IN FEBRUARY AND MARCH 2023","https://www.mmmd.gov.zm/?p=2555"
"John Chibende","person_or_unclassified","Luapula","Milenge","38557-HQ-AMR","","critical_battery","1","7","Manganese/Malachite/Zinc","RESULTS OF THE 83RD MINING LICENSING COMMITTEE (MLC) MEETING HELD ON 30TH OCTOBER, 2024","https://www.mmmd.gov.zm/?p=3515"
"John David Phiri","person_or_unclassified","Eastern","Chadiza","35007-HQ-AMR","Approved","gold","1","7","Gold/Copper/Cobalt","RESULTS OF THE 77TH MINING LICENSING COMMITTEE (MLC) MEETING HELD ON 11TH TO 12TH JANUARY 2024","https://www.mmmd.gov.zm/?p=2675"
"John Lengwe Mumba","person_or_unclassified","North Western","Solwezi","29845-HQ-AMR | 39578-HQ-AMR","Approved","gold","1","2","Malachite/Limestone (General)/Zinc","RESULTS OF THE 77TH MINING LICENSING COMMITTEE (MLC) MEETING HELD ON 11TH TO 12TH JANUARY 2024","https://www.mmmd.gov.zm/?p=2675"
"John Lubinda Swala","person_or_unclassified","Luapula","Mwense","30853-HQ-AMR","Approved","critical_battery","1","7","Manganese/Zinc/Gold","REMINDER ON RESULTS OF THE 70TH AND 71ST MINING LICENSING COMMITTEE (MLC) MEETINGS HELD IN FEBRUARY AND MARCH 2023","https://www.mmmd.gov.zm/?p=2555"
"John Matongo Mine Limited","organization","Copperbelt","Lufwanyama","17763-HQ-SML","Approved","gemstones","1","102","Emerald/Beryllium","RESULTS OF THE 81ST MINING LICENSING COMMITTEE (MLC) MEETING HELD ON 31ST JULY, 2024","https://www.mmmd.gov.zm/?p=2923"
"John Mwiinga","person_or_unclassified","North Western","Mwinilunga","38752-HQ-AMR","Approved","gold","1","7","Silver/Gold/Copper","RESULTS OF THE 83RD MINING LICENSING COMMITTEE (MLC) MEETING HELD ON 30TH OCTOBER, 2024","https://www.mmmd.gov.zm/?p=3515"
"John Phiri","person_or_unclassified","Eastern | Northern","Chipata | Mpika","34326-HQ-AMR | 38545-HQ-AMR | 39310-HQ-AMR","Approved | Deferred","gemstones","3","20","Gold/Cobalt/Copper","RESULTS OF THE 81ST MINING LICENSING COMMITTEE (MLC) MEETING HELD ON 31ST JULY, 2024","https://www.mmmd.gov.zm/?p=2923"
"John Prince Kafusha","person_or_unclassified","Eastern","Nyimba","35042-HQ-AMR","APPROVED","gemstones","2","13","Manganese/Quartz/Copper","RESULTS OF THE 75TH MINING LICENSING COMMITTEE (MLC) MEETING HELD FROM 27TH TO 29TH SEPTEMBER 2023","https://www.mmmd.gov.zm/?p=2618"
"JOHN SIAME","person_or_unclassified","Southern","Monze","40670-HQ-AMR","Approved","industrial_minerals","1","7","Anhydrite/Gypsum","RESULTS OF THE 88TH MINING LICENSING COMMITTEE (MLC) MEETING HELD ON 30TH MAY, 2025","https://www.mmmd.gov.zm/?p=4111"
"John Smit","person_or_unclassified","Central","Mkushi","36089-HQ-AMR","","critical_battery","1","7","Manganese/Gold/Copper","RESULTS OF THE 80TH MINING LICENSING COMMITTEE (MLC) MEETING HELD ON 6TH TO 7TH AND 10TH JUNE 2024","https://www.mmmd.gov.zm/?p=2849"
"John Stephanos Samaras","person_or_unclassified","Southern | Copperbelt","Kalomo | Sinazongwe | Kalulushi","30754-HQ-AMR | 30756-HQ-AMR | 35657-HQ-AMR","Rejected | Approved","gemstones","1","7","Dolomite/Sand and Gravel/Beryllium","REMINDER ON RESULTS OF THE 70TH AND 71ST MINING LICENSING COMMITTEE (MLC) MEETINGS HELD IN FEBRUARY AND MARCH 2023","https://www.mmmd.gov.zm/?p=2555"
"John, Kangwa Machemba","person_or_unclassified","Southern","Kalomo","26241-HQ-AMR","Deferred | DEFERRED","critical_battery","1","7","Tin/Quartz/Coal","REMINDER ON RESULTS OF THE 70TH AND 71ST MINING LICENSING COMMITTEE (MLC) MEETINGS HELD IN FEBRUARY AND MARCH 2023","https://www.mmmd.gov.zm/?p=2555"
"Johowen Contractors and Suppliers Limited","organization","Northern","Mporokoso","36477-HQ-SEL | 25282-HQ-SEL","Approved | Cancelled","critical_battery","1","898","Manganese/Lead/Zinc","RESULTS OF THE 78TH MINING LICENSING COMMITTEE (MLC) MEETING HELD ON 27TH FEBRUARY TO 1ST MARCH 2024","https://www.mmmd.gov.zm/?p=2785"
"JOHSTEK MINING INVESTMENTS LIMITED","organization","Central","Serenje","36730-HQ-LEL","Approved","critical_battery","1","10203","Manganese/Nickel/Gold","RESULTS OF THE 78TH MINING LICENSING COMMITTEE (MLC) MEETING HELD ON 27TH FEBRUARY TO 1ST MARCH 2024","https://www.mmmd.gov.zm/?p=2785"
"Joint Mining Limited","organization","North Western | Lusaka","Solwezi | Kafue | Kasempa, Mufumbwe","20642-HQ-LEL | 20014-HQ-SML | 36700-HQ-LEL","Approved | Deferred | Rejected","industrial_minerals","1","178","Limestone (General)/Stone/Dolomite","RESULTS OF THE 72ND MINING LICENSING COMMITTEE (MLC) MEETING HELD FROM 17TH TO 22 MAY 2023","https://www.mmmd.gov.zm/?p=2559"
"Jomemu Rockyview Logistics Limited","organization","Lusaka","Chongwe","35347-HQ-SEL","Approved","gemstones","1","79","Quartz/Nickel/Manganese","RESULTS OF THE 77TH MINING LICENSING COMMITTEE (MLC) MEETING HELD ON 11TH TO 12TH JANUARY 2024","https://www.mmmd.gov.zm/?p=2675"
"Jomoas Corporation Limited","organization","Lusaka | Central","Chongwe | Mumbwa","37806-HQ-LEL | 38189-HQ-LEL","Approved","gold","2","11642","Gold/Cobalt/Copper","RESULTS OF THE 80TH MINING LICENSING COMMITTEE (MLC) MEETING HELD ON 6TH TO 7TH AND 10TH JUNE 2024","https://www.mmmd.gov.zm/?p=2849"
"Jonas Kangwa","person_or_unclassified","Lusaka","Chongwe","36087-HQ-AMR","Approved","gold","1","7","Iron Ore/Silver/Gold","RESULTS OF THE 80TH MINING LICENSING COMMITTEE (MLC) MEETING HELD ON 6TH TO 7TH AND 10TH JUNE 2024","https://www.mmmd.gov.zm/?p=2849"
"JONATHAN  SIMUTOWE","person_or_unclassified","Copperbelt","Mpongwe","38751-HQ-AMR","","gemstones","1","7","Gold/Zinc/Aquamarine","RESULTS OF THE 84TH MINING LICENSING COMMITTEE (MLC) MEETING HELD ON 12TH DECEMBER, 2024","https://www.mmmd.gov.zm/?p=3780"
"Jonathan Ngandwe","person_or_unclassified","Luapula","Kawambwa","37405-HQ-AMR","Approved","critical_battery","1","7","Manganese/Silver/Zinc","SUBJECT: RESULTS OF THE 79TH MINING LICENSING COMMITTEE (MLC) MEETING HELD ON 11TH TO 12TH APRIL 2024","https://www.mmmd.gov.zm/?p=2794"
"Jones  Nkandu","person_or_unclassified","Luapula","Milenge","38950-HQ-AMR | 38951-HQ-AMR","","critical_battery","2","13","Quartz/Sugilite/Zinc","RESULTS OF THE 83RD MINING LICENSING COMMITTEE (MLC) MEETING HELD ON 30TH OCTOBER, 2024","https://www.mmmd.gov.zm/?p=3515"
"Jordan Banda","person_or_unclassified","Luapula | Northern","Samfya | Mansa | Chinsali","29201-HQ-AMR | 40186-HQ-AMR | 40191-HQ-AMR","Rejected","critical_battery","2","10","Tantalum/Niobium (Columbium)/Tungsten","RESULTS OF THE 74TH MINING LICENSING COMMITTEE (MLC) MEETING HELD FROM 3RD TO 4TH AUGUST 2023","https://www.mmmd.gov.zm/?p=2598"
"Jordan Fresh Farms Limited","organization","Central","Chibombo, Mumbwa","30231-HQ-SEL | 30963-HQ-LEL","Cancelled | Approved","gold","1","345","Silver/Zinc/Gold","CANCELLATION OF NON-COMPLIANT MINING AND NON-MINING RIGHTS BY THE MINING LICENSING COMMITTEE (MLC)","https://www.mmmd.gov.zm/?p=2787"
"Joseph Chanda","person_or_unclassified","Northern","Mpika","35887-HQ-AMR","Approved","gemstones","1","7","Quartz/Anhydrite/Ruby","RESULTS OF THE 78TH MINING LICENSING COMMITTEE (MLC) MEETING HELD ON 27TH FEBRUARY TO 1ST MARCH 2024","https://www.mmmd.gov.zm/?p=2785"
"Joseph Kafula","person_or_unclassified","Luapula","Kawambwa","32743-HQ-AMR","Approved","critical_battery","1","7","Gold/Manganese/Quartz","RESULTS OF THE 72ND MINING LICENSING COMMITTEE (MLC) MEETING HELD FROM 17TH TO 22 MAY 2023","https://www.mmmd.gov.zm/?p=2559"
"Joseph Kazumba","person_or_unclassified","Copperbelt","Chingola","40212-HQ-AMR | 40331-HQ-AMR","Approved","critical_battery","2","13","Iron Ore/Gold/Copper","RESULTS OF THE 87TH MINING LICENSING COMMITTEE (MLC) MEETING HELD ON 7TH MAY, 2025","https://www.mmmd.gov.zm/?p=4069"
"Joseph Kitenge","person_or_unclassified","North Western","Solwezi","36132-HQ-AMR","Approved","gold","1","7","Iron Ore/Lead/Zinc","SUBJECT: RESULTS OF THE 79TH MINING LICENSING COMMITTEE (MLC) MEETING HELD ON 11TH TO 12TH APRIL 2024","https://www.mmmd.gov.zm/?p=2794"
"Joseph Mulenga","person_or_unclassified","Luapula | Central","Mwense | Mkushi","23737-HQ-AMR | 39915-HQ-AMR | 41343-HQ-AMR | 41827-HQ-AMR","Approved | DEFERRED","gemstones","3","20","Copper/Manganese/Aquamarine","RESULTS OF THE 72ND MINING LICENSING COMMITTEE (MLC) MEETING HELD FROM 17TH TO 22 MAY 2023","https://www.mmmd.gov.zm/?p=2559"
"Joseph Mwansa","person_or_unclassified","Luapula","Mansa","26013-HQ-AMR","Approved","gemstones","1","7","Manganese/Tourmaline/Citrine","REMINDER ON RESULTS OF THE 70TH AND 71ST MINING LICENSING COMMITTEE (MLC) MEETINGS HELD IN FEBRUARY AND MARCH 2023","https://www.mmmd.gov.zm/?p=2555"
"Joseph Phiri","person_or_unclassified","Central","Kabwe","30697-HQ-AMR","Approved","gold","1","3","Gold/Silver/Cobalt","REMINDER ON RESULTS OF THE 70TH AND 71ST MINING LICENSING COMMITTEE (MLC) MEETINGS HELD IN FEBRUARY AND MARCH 2023","https://www.mmmd.gov.zm/?p=2555"
"Joseph Shabaya Moyo","person_or_unclassified","Central","Mkushi","28519-HQ-AMR","Approved","critical_battery","2","13","Sand and Gravel/Gold/Manganese","RESULTS OF THE 72ND MINING LICENSING COMMITTEE (MLC) MEETING HELD FROM 17TH TO 22 MAY 2023","https://www.mmmd.gov.zm/?p=2559"
"Joseph Womba","person_or_unclassified","Eastern","Petauke","40259-HQ-AMR","Approved","gemstones","1","7","Gold/Tantalum/Titanium","RESULTS OF THE 87TH MINING LICENSING COMMITTEE (MLC) MEETING HELD ON 7TH MAY, 2025","https://www.mmmd.gov.zm/?p=4069"
"Joshua Kaweche Sakala","person_or_unclassified","Copperbelt | Eastern","Chingola | Petauke","28290-HQ-AMR | 32920-HQ-AMR","Approved","critical_battery","2","13","Silver/Gold/Copper","REMINDER ON RESULTS OF THE 70TH AND 71ST MINING LICENSING COMMITTEE (MLC) MEETINGS HELD IN FEBRUARY AND MARCH 2023","https://www.mmmd.gov.zm/?p=2555"
"Josmas Enterprises Limited","organization","Southern | North Western","Mazabuka | Mwinilunga","37117-HQ-SEL | 39522-HQ-LEL | 39361-HQ-SEL","Approved | DEFERRED","gemstones","2","10293","Copper/Coal/Beryllium","RESULTS OF THE 78TH MINING LICENSING COMMITTEE (MLC) MEETING HELD ON 27TH FEBRUARY TO 1ST MARCH 2024","https://www.mmmd.gov.zm/?p=2785"
"Josong Mining Limited","organization","","","28952-HQ-SEL | 27682-HQ-LEL","Cancelled","gemstones","1","936","Quartz/Tourmaline/Aquamarine","CANCELLATION OF NON-COMPLIANT MINING AND NON-MINING RIGHTS BY THE MINING LICENSING COMMITTEE (MLC)","https://www.mmmd.gov.zm/?p=2787"
"JOUVENCE PETROLEUM ZAMBIA LIMITED","organization","Central","Mkushi","38974-HQ-SEL | 39322-HQ-LEL","Approved","gemstones","2","10603","Gold/Tourmaline/Manganese","RESULTS OF THE 83RD MINING LICENSING COMMITTEE (MLC) MEETING HELD ON 30TH OCTOBER, 2024","https://www.mmmd.gov.zm/?p=3515"
"Joyce Phiri","person_or_unclassified","Central","Mkushi","36293-HQ-AMR","Approved","gemstones","1","7","Manganese/Limestone (General)/Lead","SUBJECT: RESULTS OF THE 79TH MINING LICENSING COMMITTEE (MLC) MEETING HELD ON 11TH TO 12TH APRIL 2024","https://www.mmmd.gov.zm/?p=2794"
"Joysam Enterprise Limited","organization","","","28937-HQ-SEL | 28939-HQ-SEL","Cancelled","gemstones","3","2765","Nickel/Manganese/Tourmaline","CANCELLATION OF NON-COMPLIANT MINING AND NON-MINING RIGHTS BY THE MINING LICENSING COMMITTEE (MLC)","https://www.mmmd.gov.zm/?p=2787"
"JP MINERAL AND REFINERY LIMITED","organization","Central","Chibombo | Mkushi | Mkushi; Lusaka, Chongwe","38737-HQ-SEL | 38728-HQ-LEL | 38730-HQ-LEL | 38732-HQ-LEL","Approved","gemstones","3","54672","Silver/Gypsum/Graphite","RESULTS OF THE 83RD MINING LICENSING COMMITTEE (MLC) MEETING HELD ON 30TH OCTOBER, 2024","https://www.mmmd.gov.zm/?p=3515"
"JS Moyo Farms Limited","organization","Central","Mkushi","36019-HQ-SEL","Deferred","construction_materials","1","170","Granite/Crushed/Broken Stone","RESULTS OF THE 80TH MINING LICENSING COMMITTEE (MLC) MEETING HELD ON 6TH TO 7TH AND 10TH JUNE 2024","https://www.mmmd.gov.zm/?p=2849"
"JUBELO SAKALA","person_or_unclassified","Eastern","Chipata","37915-HQ-AMR","Approved","critical_battery","1","7","Malachite/Manganese/Lead","RESULTS OF THE 81ST MINING LICENSING COMMITTEE (MLC) MEETING HELD ON 31ST JULY, 2024","https://www.mmmd.gov.zm/?p=2923"
"Jufa Transport & Logistics Limited","organization","Central","Mkushi","40272-HQ-LEL | 40612-HQ-LEL","APPROVED | Approved","critical_battery","2","2885","Silver/Zinc/Gold","RESULTS OF THE 87TH MINING LICENSING COMMITTEE (MLC) MEETING HELD ON 7TH MAY, 2025","https://www.mmmd.gov.zm/?p=4069"
"Juma Nkowani","person_or_unclassified","Central","Mkushi","35549-HQ-AMR","Approved","gemstones","1","3","Manganese/Quartz/Tourmaline","RESULTS OF THE 78TH MINING LICENSING COMMITTEE (MLC) MEETING HELD ON 27TH FEBRUARY TO 1ST MARCH 2024","https://www.mmmd.gov.zm/?p=2785"
"Jungle Lion Mining Co-operative","organization","Eastern","Petauke","34868-HQ-AMR | 30377-HQ-AMR","Approved | Cancelled","gold","1","7","Gold/Copper/Cobalt","RESULTS OF THE 77TH MINING LICENSING COMMITTEE (MLC) MEETING HELD ON 11TH TO 12TH JANUARY 2024","https://www.mmmd.gov.zm/?p=2675"
"Junior Jala Holdings limited","organization","Southern","Livingstone","34443-HQ-SEL","","iron_ferro","1","59","Iron Ore","RESULTS OF THE 76TH MINING LICENSING COMMITTEE (MLC) MEETING HELD ON 17TH AND 20TH NOVEMBER 2023","https://www.mmmd.gov.zm/?p=2640"
"Junren International Investments Zambia Limited","organization","Southern","Siavonga | Mazabuka, Siavonga | Gwembe, Mazabuka, Monze, Siavonga","24319-HQ-LEL | 36756-HQ-LML | 37700-HQ-LML | 38259-HQ-LML | 26446-HQ-LEL","Approved | Deferred | REJECTED","gemstones","6","39677","Fluorine-Fluorite/Feldspar/Aluminum (General)","RESULTS OF THE 72ND MINING LICENSING COMMITTEE (MLC) MEETING HELD FROM 17TH TO 22 MAY 2023","https://www.mmmd.gov.zm/?p=2559"
"Junza Limited","organization","Southern","Kalomo","26640-HQ-SEL | 26641-HQ-SEL | 35309-HQ-SML","Cancelled | Deferred | Approved","gemstones","1","140","Tantalum/Tin/Amethyst","CANCELLATION OF NON-COMPLIANT MINING AND NON-MINING RIGHTS BY THE MINING LICENSING COMMITTEE (MLC)","https://www.mmmd.gov.zm/?p=2787"
"Justin Pepulani Ndhlovu","person_or_unclassified","Copperbelt | North Western | Lusaka","Lufwanyama | Mufumbwe | Kafue","38278-HQ-AMR | 38279-HQ-AMR | 38310-HQ-AMR","","gemstones","3","20","Copper/Cobalt/Gold","RESULTS OF THE 83RD MINING LICENSING COMMITTEE (MLC) MEETING HELD ON 30TH OCTOBER, 2024","https://www.mmmd.gov.zm/?p=3515"
"Justine Chali Ndineka","person_or_unclassified","Central","Mumbwa","31198-HQ-AMR","","gemstones","1","7","Manganese/Quartz/Zinc","REMINDER ON RESULTS OF THE 70TH AND 71ST MINING LICENSING COMMITTEE (MLC) MEETINGS HELD IN FEBRUARY AND MARCH 2023","https://www.mmmd.gov.zm/?p=2555"
"Juta Investment Limited","organization","Copperbelt","Lufwanyama | Chingola, Mufulira","40156-HQ-SEL | 40248-HQ-LEL","Approved","gemstones","1","96","Silver/Zinc/Diamond","RESULTS OF THE 87TH MINING LICENSING COMMITTEE (MLC) MEETING HELD ON 7TH MAY, 2025","https://www.mmmd.gov.zm/?p=4069"
"JUZNI MINERAL RESOURCES LIMITED","organization","Copperbelt | North Western","Masaiti, Mpongwe | Kabompo","39585-HQ-LEL | 39589-HQ-LEL","APPROVED","critical_battery","2","23818","Copper/Cobalt/Nickel","RESULTS OF THE 85TH MINING LICENSING COMMITTEE (MLC) MEETING HELD ON 5TH MARCH, 2025","https://www.mmmd.gov.zm/?p=4013"
"Kaaf Investment Limited","organization","Central","Mumbwa","33442-HQ-MPL","Deferred | Approved","gold","1","13","Gold/Copper","RESULTS OF THE 73RD MINING LICENSING COMMITTEE (MLC) MEETING HELD FROM 29TH TO 30TH JUNE 2023","https://www.mmmd.gov.zm/?p=2583"
"Kabijiba Mining Company Limited","organization","North Western","Solwezi","35267-HQ-SEL","Deferred | Approved","critical_battery","1","521","Limestone (General)/Manganese/Zinc","RESULTS OF THE 82ND MINING LICENSING COMMITTEE (MLC) MEETING HELD ON 11TH SEPTEMBER, 2024","https://www.mmmd.gov.zm/?p=3378"
"Kabile Mining Limited","organization","Central | North Western","Serenje; Eastern, Nyimba | Kasempa","35458-HQ-LEL | 33100-HQ-LEL","Rejected | Deferred | REJECTED","critical_battery","1","1803","Manganese/Silver/Zinc","RESULTS OF THE 78TH MINING LICENSING COMMITTEE (MLC) MEETING HELD ON 27TH FEBRUARY TO 1ST MARCH 2024","https://www.mmmd.gov.zm/?p=2785"
"Kabombo Mukamba","person_or_unclassified","Central","Chibombo","30637-HQ-AMR","","gold","1","7","Silver/Zinc/Gold","REMINDER ON RESULTS OF THE 70TH AND 71ST MINING LICENSING COMMITTEE (MLC) MEETINGS HELD IN FEBRUARY AND MARCH 2023","https://www.mmmd.gov.zm/?p=2555"
"Kabompo Mineral Resources Limited","organization","North Western | Copperbelt","Solwezi | Masaiti","25397-HQ-SEL | 37322-HQ-SML | 37323-HQ-SEL | 40315-HQ-LEL","Cancelled | Approved | Deferred | DEFERRED","gemstones","2","983","Gold/Zinc/Cobalt","CANCELLATION OF NON-COMPLIANT MINING AND NON-MINING RIGHTS BY THE MINING LICENSING COMMITTEE (MLC)","https://www.mmmd.gov.zm/?p=2787"
"Kabonde Kabonde","person_or_unclassified","Lusaka","Chongwe","33233-HQ-AMR","Approved","gold","1","7","Gold/Copper/Cobalt","RESULTS OF THE 82ND MINING LICENSING COMMITTEE (MLC) MEETING HELD ON 11TH SEPTEMBER, 2024","https://www.mmmd.gov.zm/?p=3378"
"Kabotu Resources Limited","organization","Copperbelt","Lufwanyama","34933-HQ-LEL","Approved","critical_battery","1","14797","Iron Ore/Manganese/Copper","RESULTS OF THE 78TH MINING LICENSING COMMITTEE (MLC) MEETING HELD ON 27TH FEBRUARY TO 1ST MARCH 2024","https://www.mmmd.gov.zm/?p=2785"
"Kabula Exploration Limited","organization","","","20293-HQ-SML","Cancelled","construction_materials","1","29","Stone","CANCELLATION OF NON-COMPLIANT MINING AND NON-MINING RIGHTS BY THE MINING LICENSING COMMITTEE (MLC)","https://www.mmmd.gov.zm/?p=2787"
"Kabulila Mwambatani","person_or_unclassified","North Western | Copperbelt","Mufumbwe | Lufwanyama | Chingola","38041-HQ-AMR | 38042-HQ-AMR | 38043-HQ-AMR | 38044-HQ-AMR | 38215-HQ-AMR","Approved | Deferred","gemstones","5","33","Gold/Cobalt/Manganese","RESULTS OF THE 82ND MINING LICENSING COMMITTEE (MLC) MEETING HELD ON 11TH SEPTEMBER, 2024","https://www.mmmd.gov.zm/?p=3378"
"Kabulyeni Mining Limited","organization","Eastern","Mambwe, Petauke","29633-HQ-LEL","Cancelled | Approved","gold","1","1450","Gold/Zinc/Cobalt","CANCELLATION OF NON-COMPLIANT MINING AND NON-MINING RIGHTS BY THE MINING LICENSING COMMITTEE (MLC)","https://www.mmmd.gov.zm/?p=2787"
"Kabundi Manganese Company Limited","organization","Central | Northern","Serenje | Mpika","32637-HQ-LEL | 33014-HQ-LEL | 33015-HQ-LEL","Approved","unknown","1","12862","","RESULTS OF THE 72ND MINING LICENSING COMMITTEE (MLC) MEETING HELD FROM 17TH TO 22 MAY 2023","https://www.mmmd.gov.zm/?p=2559"
"Kabundi Minerals Limited","organization","Central | North Western","Mkushi | Serenje | Mufumbwe","39645-HQ-SEL | 39684-HQ-SEL | 40350-HQ-LEL | 40351-HQ-LEL","Approved | DEFERRED","gemstones","2","900","Iron Ore/Manganese/Copper","RESULTS OF THE 85TH MINING LICENSING COMMITTEE (MLC) MEETING HELD ON 5TH MARCH, 2025","https://www.mmmd.gov.zm/?p=4013"
"Kabundi Resources Limited","organization","Central","Serenje","26572-HQ-SEL | 26573-HQ-SEL | 26648-HQ-SEL | 39471-HQ-SML","Cancelled | Approved","gemstones","5","1743","Limestone (General)/Manganese/Gold","CANCELLATION OF NON-COMPLIANT MINING AND NON-MINING RIGHTS BY THE MINING LICENSING COMMITTEE (MLC)","https://www.mmmd.gov.zm/?p=2787"
"Kabungu Mining and Prospecting Limited","organization","","","34935-HQ-SEL","Approved","gemstones","1","63","Garnet/Quartz/Tourmaline","SUBJECT: RESULTS OF THE 79TH MINING LICENSING COMMITTEE (MLC) MEETING HELD ON 11TH TO 12TH APRIL 2024","https://www.mmmd.gov.zm/?p=2794"
"kachiba-biyo Multipurpose Cooperative Society","organization","Southern","Kalomo","33672-HQ-AMR | 38322-HQ-AMR","APPROVED | Approved","gemstones","1","7","Lithium/Gemstones/Tin","RESULTS OF THE 75TH MINING LICENSING COMMITTEE (MLC) MEETING HELD FROM 27TH TO 29TH SEPTEMBER 2023","https://www.mmmd.gov.zm/?p=2618"
"Kachoma Mining Cooperative Society Limited","organization","Southern","Kalomo","40167-HQ-AMR","Approved","gemstones","1","2","Silver/Nickel/Manganese","RESULTS OF THE 87TH MINING LICENSING COMMITTEE (MLC) MEETING HELD ON 7TH MAY, 2025","https://www.mmmd.gov.zm/?p=4069"
"Kadaiah Resources Limited","organization","","","29359-HQ-LEL | 29338-HQ-SEL | 29339-HQ-LEL | 29386-HQ-LEL | 29228-HQ-LEL","Cancelled","critical_battery","4","15798","Manganese/Lead/Zinc","CANCELLATION OF NON-COMPLIANT MINING AND NON-MINING RIGHTS BY THE MINING LICENSING COMMITTEE (MLC)","https://www.mmmd.gov.zm/?p=2787"
"Kadam Manja Mining Company Limited","organization","Central","Kapiri Mposhi, Mkushi | Mkushi","21608-HQ-LEL | 21607-HQ-LEL","REJECTED | Approved | Rejected","gold","1","3045","Gold/Silver/Cobalt","RESULTS OF THE EXTRA ORDINARY MINING LICENSING COMMITTEE (MLC) MEETING HELD ON 27TH OCTOBER 2023","https://www.mmmd.gov.zm/?p=2626"
"Kadesh Multi Purpose Cooperative Society Limited","organization","Central","Kapiri Mposhi","26663-HQ-AMR","Deferred | Approved","industrial_minerals","1","7","Feldspar/Clay (General)","RESULTS OF THE 72ND MINING LICENSING COMMITTEE (MLC) MEETING HELD FROM 17TH TO 22 MAY 2023","https://www.mmmd.gov.zm/?p=2559"
"Kafre Enterprises Limited","organization","North Western | Copperbelt","Kasempa | Kalilushi","33910-HQ-LML | 33510-HQ-MPL","Deferred | Approved","gold","1","14725","Silver/Zinc/Gold","RESULTS OF THE 73RD MINING LICENSING COMMITTEE (MLC) MEETING HELD FROM 29TH TO 30TH JUNE 2023","https://www.mmmd.gov.zm/?p=2583"
"Kafubu Limestone Limited","organization","","","18947-HQ-SML","Cancelled","industrial_minerals","1","7","Stone/Limestone (General)","CANCELLATION OF NON-COMPLIANT MINING AND NON-MINING RIGHTS BY THE MINING LICENSING COMMITTEE (MLC)","https://www.mmmd.gov.zm/?p=2787"
"Kafue Copper Limited","organization","Lusaka | North Western","Kafue | Mwinilunga, Solwezi | Solwez","28856-HQ-LEL | 28857-HQ-LEL | 28858-HQ-LEL | 29373-HQ-LEL","Approved","gemstones","4","47544","Copper/Silver/Cobalt","RESULTS OF THE 88TH MINING LICENSING COMMITTEE (MLC) MEETING HELD ON 30TH MAY, 2025","https://www.mmmd.gov.zm/?p=4111"
"Kafunyi Mining Multi purpose Cooperative Society Limited","organization","North Western","Mwinilunga","29638-HQ-AMR","Approved","gold","1","3","Gold/Copper","REMINDER ON RESULTS OF THE 70TH AND 71ST MINING LICENSING COMMITTEE (MLC) MEETINGS HELD IN FEBRUARY AND MARCH 2023","https://www.mmmd.gov.zm/?p=2555"
"KAFWA MULT-PURPOSE CO-OPERATIVE SOCIETY LIMITED","organization","Northern","Chinsali","37331-HQ-AMR","","gemstones","1","7","Gold/Mineral Sands/Amethyst","RESULTS OF THE 80TH MINING LICENSING COMMITTEE (MLC) MEETING HELD ON 6TH TO 7TH AND 10TH JUNE 2024","https://www.mmmd.gov.zm/?p=2849"
"Kagem Mining Limited","organization","Copperbelt","Lufwanyama | Lufwanyama, Masaiti, Mpongwe","30544-HQ-LML | 30545-HQ-LML | 31709-HQ-LML","Deferred | Approved","gemstones","10","13280","Emerald/Beryllium/Aquamarine","REMINDER ON RESULTS OF THE 70TH AND 71ST MINING LICENSING COMMITTEE (MLC) MEETINGS HELD IN FEBRUARY AND MARCH 2023","https://www.mmmd.gov.zm/?p=2555"
"Kailjee Construction Zambia Limited","organization","Northern","Chinsali","33295-HQ-SML","Approved","construction_materials","1","121","Sand and Gravel/Granite","RESULTS OF THE 73RD MINING LICENSING COMMITTEE (MLC) MEETING HELD FROM 29TH TO 30TH JUNE 2023","https://www.mmmd.gov.zm/?p=2583"
"Kainshen Investments Limited","organization","Central","Serenje; Northern, Mpika | Serenje","37475-HQ-SEL | 37799-HQ-SEL","Deferred","critical_battery","2","4419","Silver/Nickel/Gold","RESULTS OF THE 80TH MINING LICENSING COMMITTEE (MLC) MEETING HELD ON 6TH TO 7TH AND 10TH JUNE 2024","https://www.mmmd.gov.zm/?p=2849"
"Kajila Mabembe Mining Limited","organization","North Western","Mufumbwe","39458-HQ-SML | 39468-HQ-SML","Approved","gold","2","532","Iron Ore/Silver/Zinc","RESULTS OF THE 85TH MINING LICENSING COMMITTEE (MLC) MEETING HELD ON 5TH MARCH, 2025","https://www.mmmd.gov.zm/?p=4013"
"Kajila-Nkeke Mining Multi-Purpose Co-Operative Society Limited","organization","North Western","Solwezi","36263-HQ-AMR","APPROVED | Approved","critical_battery","1","7","Nickel/Magnesite/Quartz","RESULTS OF THE EXTRA ORDINARY MINING LICENSING COMMITTEE (MLC) MEETING HELD ON 27TH OCTOBER 2023","https://www.mmmd.gov.zm/?p=2626"
"Kaka Eagles Eye Investment Limited","organization","Luapula","Mansa, Mwense; Northern, Luwingu","21693-HQ-LEL","Rejected","critical_battery","1","2","Manganese/Copper","REMINDER ON RESULTS OF THE 70TH AND 71ST MINING LICENSING COMMITTEE (MLC) MEETINGS HELD IN FEBRUARY AND MARCH 2023","https://www.mmmd.gov.zm/?p=2555"
"Kaka Eagles Wings Resources Limited","organization","Northern | Luapula","Luwingu | Mwense","37112-HQ-SML | 25149-HQ-SEL | 22667-HQ-SML | 25147-HQ-SEL | 25148-HQ-SEL | 37110-HQ-SML","Deferred | Cancelled | Approved | Rejected","critical_battery","1","363","Manganese","RESULTS OF THE 77TH MINING LICENSING COMMITTEE (MLC) MEETING HELD ON 11TH TO 12TH JANUARY 2024","https://www.mmmd.gov.zm/?p=2675"
"Kakafita Multi-Purpose Co-Operative Society Limited","organization","North Western","Kasempa","36199-HQ-AMR","APPROVED","base_metals","1","7","Iron Ore/Zinc/Cobalt","RESULTS OF THE EXTRA ORDINARY MINING LICENSING COMMITTEE (MLC) MEETING HELD ON 27TH OCTOBER 2023","https://www.mmmd.gov.zm/?p=2626"
"kalafya mining Investment Limited","organization","Northern","Kasama, Mungwi | Kasama","31150-HQ-LEL | 31151-HQ-SEL","Approved","gemstones","2","21146","Manganese/Rare EarthsElements/Iron Ore","REMINDER ON RESULTS OF THE 70TH AND 71ST MINING LICENSING COMMITTEE (MLC) MEETINGS HELD IN FEBRUARY AND MARCH 2023","https://www.mmmd.gov.zm/?p=2555"
"Kaleba Abner Mulela","person_or_unclassified","Copperbelt","Mpongwe","35558-HQ-AMR","Deferred","industrial_minerals","1","7","Limestone (General)/Dolomite","RESULTS OF THE 78TH MINING LICENSING COMMITTEE (MLC) MEETING HELD ON 27TH FEBRUARY TO 1ST MARCH 2024","https://www.mmmd.gov.zm/?p=2785"
"Kalembo Mining Exploration and Consultancy Limited","organization","Luapula | North Western | Eastern","Mwense | Mufumbwe | Solwezi | Chama, Lundazi","39173-HQ-LEL | 39429-HQ-SEL | 39717-HQ-SEL | 39996-HQ-SEL | 40562-HQ-LEL | 40317-HQ-SEL","APPROVED | Deferred | Approved","gemstones","4","2761","Gold/Copper/Zinc","RESULTS OF THE 85TH MINING LICENSING COMMITTEE (MLC) MEETING HELD ON 5TH MARCH, 2025","https://www.mmmd.gov.zm/?p=4013"
"Kalene Minerals Zambia Limited","organization","North Western","Mwinilunga","27219-HQ-LEL","DEFERRED | APPROVED","gold","1","20043","Silver/Zinc/Gold","RESULTS OF THE 85TH MINING LICENSING COMMITTEE (MLC) MEETING HELD ON 5TH MARCH, 2025","https://www.mmmd.gov.zm/?p=4013"
"Kalimon Mining Company Limited","organization","Copperbelt","Lufwanyama","19249-HQ-SML","Deferred | Approved","gemstones","1","189","Emerald","RESULTS OF THE 82ND MINING LICENSING COMMITTEE (MLC) MEETING HELD ON 11TH SEPTEMBER, 2024","https://www.mmmd.gov.zm/?p=3378"
"Kalombwe Minerals Limited","organization","North Western","Solwezi","32598-HQ-SEL","Approved","industrial_minerals","1","33","Sand and Gravel/Quartz/Limestone (General)","RESULTS OF THE 72ND MINING LICENSING COMMITTEE (MLC) MEETING HELD FROM 17TH TO 22 MAY 2023","https://www.mmmd.gov.zm/?p=2559"
"Kalomo Resources Limited","organization","Southern","Siavonga | Kalomo","37507-HQ-LEL | 38694-HQ-SEL | 38691-HQ-SEL","Approved | Rejected","gemstones","1","12222","Nickel/Tantalum/Lithium","RESULTS OF THE 81ST MINING LICENSING COMMITTEE (MLC) MEETING HELD ON 31ST JULY, 2024","https://www.mmmd.gov.zm/?p=2923"
"Kalomona Mining Cooperative Society Limited","organization","North Western","Kasempa","36394-HQ-AMR | 36395-HQ-AMR","APPROVED","industrial_minerals","2","13","Quartz","RESULTS OF THE EXTRA ORDINARY MINING LICENSING COMMITTEE (MLC) MEETING HELD ON 27TH OCTOBER 2023","https://www.mmmd.gov.zm/?p=2626"
"Kalubwe Mining Limited","organization","","","7677-HQ-SML","Cancelled","gemstones","1","60","Emerald","CANCELLATION OF NON-COMPLIANT MINING AND NON-MINING RIGHTS BY THE MINING LICENSING COMMITTEE (MLC)","https://www.mmmd.gov.zm/?p=2787"
"Kalulushi Clay Bricks","person_or_unclassified","Copperbelt","Kalulushi","8013-HQ-SML","Deferred","construction_materials","1","454","Clay (General)","RESULTS OF THE 82ND MINING LICENSING COMMITTEE (MLC) MEETING HELD ON 11TH SEPTEMBER, 2024","https://www.mmmd.gov.zm/?p=3378"
"Kalumbila Multi-purpose Cooperative Society","organization","Lusaka","Chongwe","35486-HQ-AMR","Approved","gemstones","1","7","Limestone (General)/Iron Ore/Anhydrite","RESULTS OF THE 75TH MINING LICENSING COMMITTEE (MLC) MEETING HELD FROM 27TH TO 29TH SEPTEMBER 2023","https://www.mmmd.gov.zm/?p=2618"
"Kalumbu Mushanga","person_or_unclassified","Luapula","Mwense | Milenge","37820-HQ-AMR | 37935-HQ-AMR | 37824-HQ-AMR","Approved | Rejected","gemstones","2","13","Clay (General)/Lead/Iron Ore","RESULTS OF THE 81ST MINING LICENSING COMMITTEE (MLC) MEETING HELD ON 31ST JULY, 2024","https://www.mmmd.gov.zm/?p=2923"
"Kalundu Minerals Limited","organization","Central","Mumbwa","37768-HQ-MPL","Deferred | Approved","gold","1","7","Gold","RESULTS OF THE 80TH MINING LICENSING COMMITTEE (MLC) MEETING HELD ON 6TH TO 7TH AND 10TH JUNE 2024","https://www.mmmd.gov.zm/?p=2849"
"Kalundu Student Hostel Limited","organization","Central | Lusaka","Chibombo; Lusaka, Chongwe, Lusaka | Kafue","36773-HQ-LEL | 36740-HQ-LEL","Approved","gemstones","2","6958","Zinc/Limestone (General)/Copper","RESULTS OF THE 77TH MINING LICENSING COMMITTEE (MLC) MEETING HELD ON 11TH TO 12TH JANUARY 2024","https://www.mmmd.gov.zm/?p=2675"
"Kalungwishi Ventures Limited","organization","Central","Chibombo, Kabwe","36279-HQ-SEL","Approved","critical_battery","1","543","Lead/Manganese/Zinc","RESULTS OF THE 78TH MINING LICENSING COMMITTEE (MLC) MEETING HELD ON 27TH FEBRUARY TO 1ST MARCH 2024","https://www.mmmd.gov.zm/?p=2785"
"Kalupa Resources Limited","organization","","","21850-HQ-LEL","Cancelled","critical_battery","2","42005","Manganese/Silver/Gold","CANCELLATION OF NON-COMPLIANT MINING AND NON-MINING RIGHTS BY THE MINING LICENSING COMMITTEE (MLC)","https://www.mmmd.gov.zm/?p=2787"
"Kamabanga Mining Limited","organization","North Western","Mwinilunga","32809-HQ-SEL","","gold","1","13","Gold/Silver/Cobalt","RESULTS OF THE 76TH MINING LICENSING COMMITTEE (MLC) MEETING HELD ON 17TH AND 20TH NOVEMBER 2023","https://www.mmmd.gov.zm/?p=2640"
"Kamaluba Youth Mult-purpose Cooperative Society Limited","organization","","","34171-HQ-AMR","Approved","gold","1","7","Iron Ore/Lead/Silver","RESULTS OF THE 74TH MINING LICENSING COMMITTEE (MLC) MEETING HELD FROM 3RD TO 4TH AUGUST 2023","https://www.mmmd.gov.zm/?p=2598"
"Kamamu Engineering Limited","organization","Lusaka","Kafue | Kafue, Lusaka","36622-HQ-SEL | 36624-HQ-SEL","Approved","industrial_minerals","2","293","Limestone (General)/Marble/Dolomite","RESULTS OF THE 77TH MINING LICENSING COMMITTEE (MLC) MEETING HELD ON 11TH TO 12TH JANUARY 2024","https://www.mmmd.gov.zm/?p=2675"
"Kamawusa Mining Limited","organization","North Western","Mwinilunga","26160-HQ-LEL","Cancelled | Deferred | APPROVED","gold","1","2523","Gold/Silver/Cobalt","CANCELLATION OF NON-COMPLIANT MINING AND NON-MINING RIGHTS BY THE MINING LICENSING COMMITTEE (MLC)","https://www.mmmd.gov.zm/?p=2787"
"Kambole Minerals Limited","organization","Southern | Central","Monze | Mumbwa","35367-HQ-LEL | 35366-HQ-LEL","Approved","critical_battery","2","54982","Dolomite/Zinc/Nickel","RESULTS OF THE 78TH MINING LICENSING COMMITTEE (MLC) MEETING HELD ON 27TH FEBRUARY TO 1ST MARCH 2024","https://www.mmmd.gov.zm/?p=2785"
"Kamdec Investments Ltd","organization","","","24781-HQ-SML | 25024-HQ-SML | 25025-HQ-SML","Cancelled","critical_battery","3","1170","Iron Ore/Gold/Manganese","CANCELLATION OF NON-COMPLIANT MINING AND NON-MINING RIGHTS BY THE MINING LICENSING COMMITTEE (MLC)","https://www.mmmd.gov.zm/?p=2787"
"Kamdothi Mining Cooperative","organization","Eastern","Chadiza","32826-HQ-AMR","Approved","gemstones","1","7","Silver/Tourmaline/Gold","RESULTS OF THE 75TH MINING LICENSING COMMITTEE (MLC) MEETING HELD FROM 27TH TO 29TH SEPTEMBER 2023","https://www.mmmd.gov.zm/?p=2618"
"Kameha Resources Limited","organization","Southern | Central","Choma, Kalomo | Sinazongwe | Mkushi; Eastern, Nyimba | Gwembe | Gwembe, Siavonga","37680-HQ-LEL | 37723-HQ-SEL | 37736-HQ-LEL | 37852-HQ-LEL | 38511-HQ-LEL","Approved | Rejected","gemstones","2","3963","Coal/Amethyst/Zinc","RESULTS OF THE 81ST MINING LICENSING COMMITTEE (MLC) MEETING HELD ON 31ST JULY, 2024","https://www.mmmd.gov.zm/?p=2923"
"Kamikochi Mining Zambia Limited","organization","North Western","Mufumbwe","24726-HQ-LEL","Approved","critical_battery","1","26819","Lead/Manganese/Zinc","SUBJECT: RESULTS OF THE 79TH MINING LICENSING COMMITTEE (MLC) MEETING HELD ON 11TH TO 12TH APRIL 2024","https://www.mmmd.gov.zm/?p=2794"
"Kamisambe Investments and General Dealers LImited","organization","North Western","Kasempa","33337-HQ-SML","Deferred | Approved","gemstones","1","306","Silica/Sand and Gravel/Quartz","RESULTS OF THE 73RD MINING LICENSING COMMITTEE (MLC) MEETING HELD FROM 29TH TO 30TH JUNE 2023","https://www.mmmd.gov.zm/?p=2583"
"KAMPELEMBE CSS MINES LIMITED","organization","Luapula","Mansa | Mansa, Mwense","14774-HQ-SML | 14775-HQ-SML | 14842-HQ-SML | 14843-HQ-SML | 14845-HQ-SML | 14844-HQ-SML","Approved | Deferred","critical_battery","4","1129","Manganese/Iron Ore/Copper","REMINDER ON RESULTS OF THE 70TH AND 71ST MINING LICENSING COMMITTEE (MLC) MEETINGS HELD IN FEBRUARY AND MARCH 2023","https://www.mmmd.gov.zm/?p=2555"
"Kampelembe CSS Mines Ltd","organization","Luapula","Mansa | Mansa, Mwense","14774-HQ-SML | 14775-HQ-SML | 14842-HQ-SML | 14843-HQ-SML | 14845-HQ-SML | 14844-HQ-SML","Approved | Deferred","critical_battery","2","638","Manganese/Iron Ore/Copper","REMINDER ON RESULTS OF THE 70TH AND 71ST MINING LICENSING COMMITTEE (MLC) MEETINGS HELD IN FEBRUARY AND MARCH 2023","https://www.mmmd.gov.zm/?p=2555"
"Kampoko Resources Ltd","organization","Eastern | Luapula | Central | Southern | Northern","Chama | Chiengi | Kapiri Mposhi | Siavonga | Kaputa, Mporokoso","24735-HQ-SEL | 8371-HQ-SML | 25528-HQ-SML | 21695-HQ-SEL | 24366-HQ-SEL | 23966-HQ-LEL | 24499-HQ-SML | 24284-HQ-SEL | 24285-HQ-SEL | 24390-HQ-SEL | 24736-HQ-SEL | 21491-HQ-SML | 24054-HQ-LEL | 23796-HQ-LEL | 24679-HQ-LEL | 24591-HQ-SEL | 24286-HQ-LEL | 24326-HQ-LEL | 25168-HQ-SEL | 24638-HQ-LEL | 24665-HQ-LEL","Rejected | Approved | Cancelled","critical_battery","2","401","Copper/Iron Ore/Manganese","REMINDER ON RESULTS OF THE 70TH AND 71ST MINING LICENSING COMMITTEE (MLC) MEETINGS HELD IN FEBRUARY AND MARCH 2023","https://www.mmmd.gov.zm/?p=2555"
"Kamugo Mineral Resources Limited","organization","Southern | North Western","Kalomo | Mwinilunga","32027-HQ-LEL | 32023-HQ-LEL","Approved","critical_battery","1","18925","Iron Ore/Nickel/Uranium","RESULTS OF THE 73RD MINING LICENSING COMMITTEE (MLC) MEETING HELD FROM 29TH TO 30TH JUNE 2023","https://www.mmmd.gov.zm/?p=2583"
"Kamuselula Mining Co- operative Society Limited","organization","North Western","Solwezi","36313-HQ-AMR","Approved","gold","1","7","Silver/Zinc/Gold","RESULTS OF THE 85TH MINING LICENSING COMMITTEE (MLC) MEETING HELD ON 5TH MARCH, 2025","https://www.mmmd.gov.zm/?p=4013"
"Kamwachi General dealers","person_or_unclassified","Copperbelt","Luanshya","7854-HQ-SML","Deferred","industrial_minerals","1","53","Limestone (General)","RESULTS OF THE 82ND MINING LICENSING COMMITTEE (MLC) MEETING HELD ON 11TH SEPTEMBER, 2024","https://www.mmmd.gov.zm/?p=3378"
"Kamwambizi Small Scale Miners Co-operative Society Limited","organization","Eastern","Nyimba","32382-HQ-AMR","Approved","gemstones","1","7","Quartz/Tourmaline/Aquamarine","RESULTS OF THE 72ND MINING LICENSING COMMITTEE (MLC) MEETING HELD FROM 17TH TO 22 MAY 2023","https://www.mmmd.gov.zm/?p=2559"
"Kamwambizi Small Scale Mines Mining Cooperative Society","organization","Eastern","Nyimba","32383-HQ-AMR","Approved","unknown","1","7","","RESULTS OF THE 73RD MINING LICENSING COMMITTEE (MLC) MEETING HELD FROM 29TH TO 30TH JUNE 2023","https://www.mmmd.gov.zm/?p=2583"
"Kamwenshya Mineral Zambia Limited","organization","Lusaka | Southern","Chongwe | Kafue | Sinazongwe","34267-HQ-SEL | 28659-HQ-SEL | 38596-HQ-MPL | 41244-HQ-SEL | 41530-HQ-SEL","APPROVED | Cancelled | Approved","gemstones","3","2146","Gold/Copper/Iron Ore","RESULTS OF THE 75TH MINING LICENSING COMMITTEE (MLC) MEETING HELD FROM 27TH TO 29TH SEPTEMBER 2023","https://www.mmmd.gov.zm/?p=2618"
"Kamwewa Investments Limited","organization","Central | North Western","Kabwe | Kasempa | Kapiri Mposhi","34167-HQ-SEL | 40091-HQ-SEL | 40095-HQ-SEL | 42112-HQ-LEL","Approved | DEFERRED","base_metals","1","633","Silver/Zinc/Copper","RESULTS OF THE 73RD MINING LICENSING COMMITTEE (MLC) MEETING HELD FROM 29TH TO 30TH JUNE 2023","https://www.mmmd.gov.zm/?p=2583"
"KANCHIBIYA METALS LIMITED","organization","Northern | Copperbelt","Chinsali, Mpika | Chingola","39869-HQ-LEL | 40136-HQ-SEL","Rejected | Approved","base_metals","1","40","Malachite/Copper/Cobalt","RESULTS OF THE 86TH MINING LICENSING COMMITTEE (MLC) MEETING HELD ON 27TH MARCH 2025","https://www.mmmd.gov.zm/?p=4061"
"Kandi Mining and General Dealers Limited","organization","","","30848-HQ-SEL","Cancelled","gold","1","70","Quartz/Silica/Silver","CANCELLATION OF NON-COMPLIANT MINING AND NON-MINING RIGHTS BY THE MINING LICENSING COMMITTEE (MLC)","https://www.mmmd.gov.zm/?p=2787"
"Kanfield Limited","organization","Luapula","Mwense","30989-HQ-SEL","Approved | Cancelled","industrial_minerals","1","51","Anhydrite/Gypsum","REMINDER ON RESULTS OF THE 70TH AND 71ST MINING LICENSING COMMITTEE (MLC) MEETINGS HELD IN FEBRUARY AND MARCH 2023","https://www.mmmd.gov.zm/?p=2555"
"Kanfumu Investments Limited","organization","North Western","Kasempa, Mufumbwe | Kasempa, Solwezi","32187-HQ-LEL | 32504-HQ-LEL","Approved","critical_battery","2","143614","Limestone (General)/Manganese/Zinc","RESULTS OF THE 73RD MINING LICENSING COMMITTEE (MLC) MEETING HELD FROM 29TH TO 30TH JUNE 2023","https://www.mmmd.gov.zm/?p=2583"
"Kang Investements Limited","organization","Luapula","Mansa","32253-HQ-SEL","Approved","gemstones","1","181","Rare EarthsElements/Manganese/Zinc","RESULTS OF THE 72ND MINING LICENSING COMMITTEE (MLC) MEETING HELD FROM 17TH TO 22 MAY 2023","https://www.mmmd.gov.zm/?p=2559"
"Kangila Investments Limited","organization","North Western | Central","Mwinilunga | Chibombo","39047-HQ-LEL | 39045-HQ-LEL | 39330-HQ-SEL","Approved","gemstones","3","37033","Gold/Zinc/Cobalt","RESULTS OF THE 84TH MINING LICENSING COMMITTEE (MLC) MEETING HELD ON 12TH DECEMBER, 2024","https://www.mmmd.gov.zm/?p=3780"
"Kango Trading Limited","organization","Eastern | Central","Nyimba | Mkushi; Eastern, Nyimba","26269-HQ-LEL | 21225-HQ-SEL | 26269-HQ-LPL | 26268-HQ-LEL","Cancelled | DEFERRED | REJECTED | Approved","critical_battery","1","55527","Niobium (Columbium)/Silver/Zinc","REMINDER ON RESULTS OF THE 70TH AND 71ST MINING LICENSING COMMITTEE (MLC) MEETINGS HELD IN FEBRUARY AND MARCH 2023","https://www.mmmd.gov.zm/?p=2555"
"Kanika Fidel Wapamesa","person_or_unclassified","Luapula","Kawambwa","35472-HQ-AMR","Approved","critical_battery","1","7","Iron Ore/Limestone (General)/Manganese","SUBJECT: RESULTS OF THE 79TH MINING LICENSING COMMITTEE (MLC) MEETING HELD ON 11TH TO 12TH APRIL 2024","https://www.mmmd.gov.zm/?p=2794"
"Kankan Mining Co. Limited","organization","Southern","Sinazongwe","7660-HQ-SML","Deferred","gemstones","1","68","Amethyst","RESULTS OF THE 82ND MINING LICENSING COMMITTEE (MLC) MEETING HELD ON 11TH SEPTEMBER, 2024","https://www.mmmd.gov.zm/?p=3378"
"KANONGO MINING LIMITED","organization","North Western | Copperbelt","Kasempa, Mufumbwe | Lufwanyama | Ndola","38979-HQ-SEL | 39551-HQ-SEL | 39553-HQ-SEL | 39555-HQ-SEL","Approved | APPROVED","critical_battery","1","160","Manganese/Limestone (General)/Zinc","RESULTS OF THE 84TH MINING LICENSING COMMITTEE (MLC) MEETING HELD ON 12TH DECEMBER, 2024","https://www.mmmd.gov.zm/?p=3780"
"Kanshamba Gibson Mwambo","person_or_unclassified","North Western","Solwezi","34074-HQ-AMR","Approved","industrial_minerals","1","7","Silica/Stone/Lightweight Aggregate","RESULTS OF THE 74TH MINING LICENSING COMMITTEE (MLC) MEETING HELD FROM 3RD TO 4TH AUGUST 2023","https://www.mmmd.gov.zm/?p=2598"
"Kanshimba Development Company Limited","organization","","","34621-HQ-SEL","Approved","industrial_minerals","1","212","Silica/Granite","SUBJECT: RESULTS OF THE 79TH MINING LICENSING COMMITTEE (MLC) MEETING HELD ON 11TH TO 12TH APRIL 2024","https://www.mmmd.gov.zm/?p=2794"
"Kantemba Twaambo","person_or_unclassified","Southern","Kalomo","33952-HQ-AMR","Deferred | Rejected","critical_battery","3","20","Tungsten/Iron Ore/Tin","RESULTS OF THE 82ND MINING LICENSING COMMITTEE (MLC) MEETING HELD ON 11TH SEPTEMBER, 2024","https://www.mmmd.gov.zm/?p=3378"
"Kantobo Mining Company Limited","organization","Copperbelt","Mpongwe","8310-HQ-SML | 8311-HQ-SML","Approved","base_metals","1","508","Copper/Cobalt","RESULTS OF THE 72ND MINING LICENSING COMMITTEE (MLC) MEETING HELD FROM 17TH TO 22 MAY 2023","https://www.mmmd.gov.zm/?p=2559"
"Kantobo Mining Limited","organization","Copperbelt","Mpongwe","8310-HQ-SML | 8311-HQ-SML","Approved","base_metals","1","149","Copper/Cobalt","RESULTS OF THE 72ND MINING LICENSING COMMITTEE (MLC) MEETING HELD FROM 17TH TO 22 MAY 2023","https://www.mmmd.gov.zm/?p=2559"
"Kanungwe Lusuko Lusuko","person_or_unclassified","Central","Mkushi","32498-HQ-AMR","","critical_battery","1","7","Quartz/Manganese","RESULTS OF THE 83RD MINING LICENSING COMMITTEE (MLC) MEETING HELD ON 30TH OCTOBER, 2024","https://www.mmmd.gov.zm/?p=3515"
"Kaole New  Dawn Mining Multipurpose  Cooperative Society Limited","organization","Luapula","Mansa","34375-HQ-AMR","APPROVED","critical_battery","1","7","Manganese/Copper","RESULTS OF THE EXTRA ORDINARY MINING LICENSING COMMITTEE (MLC) MEETING HELD ON 27TH OCTOBER 2023","https://www.mmmd.gov.zm/?p=2626"
"Kaoma Mining Limited","organization","North Western","Mufumbwe","25726-HQ-LEL","Deferred | Approved","gold","1","17083","Silver/Zinc/Gold","RESULTS OF THE 78TH MINING LICENSING COMMITTEE (MLC) MEETING HELD ON 27TH FEBRUARY TO 1ST MARCH 2024","https://www.mmmd.gov.zm/?p=2785"
"Kapanda Maano Multi- Purpose Co-operative Society Limited","organization","Central","Kapiri Mposhi","38726-HQ-AMR","","critical_battery","1","7","Lead/Manganese/Zinc","RESULTS OF THE 83RD MINING LICENSING COMMITTEE (MLC) MEETING HELD ON 30TH OCTOBER, 2024","https://www.mmmd.gov.zm/?p=3515"
"Kapinga and Sons Investments Limited","organization","North Western | Western","Mwinilunga | Kaoma","32245-HQ-LEL | 38807-HQ-SEL | 39143-HQ-LEL","APPROVED | Approved | DEFERRED | Deferred","gemstones","2","1689","Gold/Copper/Iron Ore","RESULTS OF THE 75TH MINING LICENSING COMMITTEE (MLC) MEETING HELD FROM 27TH TO 29TH SEPTEMBER 2023","https://www.mmmd.gov.zm/?p=2618"
"Kapsims Mining Company Limited","organization","Luapula","Samfya","36210-HQ-SEL","Approved","critical_battery","1","763","Manganese/Silver/Zinc","RESULTS OF THE 77TH MINING LICENSING COMMITTEE (MLC) MEETING HELD ON 11TH TO 12TH JANUARY 2024","https://www.mmmd.gov.zm/?p=2675"
"Kapupa  Mulenga","person_or_unclassified","Copperbelt","Ndola","36076-HQ-AMR","Approved","critical_battery","1","7","Lead/Manganese/Silver","RESULTS OF THE 78TH MINING LICENSING COMMITTEE (MLC) MEETING HELD ON 27TH FEBRUARY TO 1ST MARCH 2024","https://www.mmmd.gov.zm/?p=2785"
"Kapwepwe Innocent Kaunda","person_or_unclassified","Luapula","Samfya","34840-HQ-AMR","Approved","gemstones","1","7","Rare EarthsElements/Manganese/Zinc","RESULTS OF THE 77TH MINING LICENSING COMMITTEE (MLC) MEETING HELD ON 11TH TO 12TH JANUARY 2024","https://www.mmmd.gov.zm/?p=2675"
"Karaka Mineral Resources Limited","organization","North Western","Solwezi","39955-HQ-SEL","APPROVED","critical_battery","2","954","Gold/Silver/Cobalt","RESULTS OF THE 86TH MINING LICENSING COMMITTEE (MLC) MEETING HELD ON 27TH MARCH 2025","https://www.mmmd.gov.zm/?p=4061"
"karakoram Resources Limited","organization","Eastern | Central | Copperbelt | Southern","Lundazi; Northern, Mpika | Chibombo, Mumbwa; Southern, Mazabuka | Mpongwe | Siavonga","34159-HQ-LEL | 34160-HQ-LEL | 37248-HQ-SEL | 41849-HQ-LEL","APPROVED | Approved","critical_battery","3","218213","Gold/Iron Ore/Zinc","RESULTS OF THE 75TH MINING LICENSING COMMITTEE (MLC) MEETING HELD FROM 27TH TO 29TH SEPTEMBER 2023","https://www.mmmd.gov.zm/?p=2618"
"Karamay Investment Company Limited","organization","Southern | Northern","Kazungula | Mpika | Gwembe, Siavonga | Gwembe","32514-HQ-LEL | 32929-HQ-LEL | 37230-HQ-LEL | 41088-HQ-LEL","Approved","gemstones","1","74530","Quartz/Platinum/Niobium (Columbium)","RESULTS OF THE 72ND MINING LICENSING COMMITTEE (MLC) MEETING HELD FROM 17TH TO 22 MAY 2023","https://www.mmmd.gov.zm/?p=2559"
"Karen Phiri","person_or_unclassified","Southern","Monze","40669-HQ-AMR","Approved","gemstones","1","7","Anhydrite/Gypsum/Diamond","RESULTS OF THE 88TH MINING LICENSING COMMITTEE (MLC) MEETING HELD ON 30TH MAY, 2025","https://www.mmmd.gov.zm/?p=4111"
"Karma Processing Services and Rural Development Limited","organization","North Western","Solwezi","38486-HQ-LEL","Approved","critical_battery","1","21249","Lead/Manganese/Nickel","RESULTS OF THE 82ND MINING LICENSING COMMITTEE (MLC) MEETING HELD ON 11TH SEPTEMBER, 2024","https://www.mmmd.gov.zm/?p=3378"
"Karma Rean Investments Limited","organization","North Western","Mufumbwe; Western, Kaoma","35828-HQ-LEL | 34803-HQ-LEL","DEFERRED | APPROVED | Approved","gold","1","14893","Iron Ore/Silver/Gold","RESULTS OF THE 75TH MINING LICENSING COMMITTEE (MLC) MEETING HELD FROM 27TH TO 29TH SEPTEMBER 2023","https://www.mmmd.gov.zm/?p=2618"
"Kasafya Youth Multi-purpose Co-operative Society Limited","organization","Luapula","Kawambwa","35765-HQ-AMR","APPROVED","critical_battery","1","7","Manganese/Copper/Cobalt","RESULTS OF THE EXTRA ORDINARY MINING LICENSING COMMITTEE (MLC) MEETING HELD ON 27TH OCTOBER 2023","https://www.mmmd.gov.zm/?p=2626"
"Kasanjiku Mining Company Limited","organization","North Western","Mwinilunga","15056-HQ-SML","","gold","1","398","Gold/Copper/Cobalt","RESULTS OF THE 74TH MINING LICENSING COMMITTEE (MLC) MEETING HELD FROM 3RD TO 4TH AUGUST 2023","https://www.mmmd.gov.zm/?p=2598"
"Kaseloki Brown Kapila","person_or_unclassified","Northern","Chinsali","35872-HQ-AMR","Approved","gemstones","1","7","Manganese/Lead/Quartz","RESULTS OF THE 76TH MINING LICENSING COMMITTEE (MLC) MEETING HELD ON 17TH AND 20TH NOVEMBER 2023","https://www.mmmd.gov.zm/?p=2640"
"Kasempa Copper Mines Zambia Limited","organization","Central","Mumbwa","26717-HQ-SEL | 26718-HQ-SEL | 26719-HQ-LEL","Cancelled | DEFERRED | REJECTED","gold","1","83","Gold/Copper/Cobalt","CANCELLATION OF NON-COMPLIANT MINING AND NON-MINING RIGHTS BY THE MINING LICENSING COMMITTEE (MLC)","https://www.mmmd.gov.zm/?p=2787"
"Kasimure Enterprises Limited","organization","Copperbelt","Lufwanyama","29144-HQ-SEL","Approved | Cancelled","gemstones","1","110","Emerald/Beryllium","RESULTS OF THE 72ND MINING LICENSING COMMITTEE (MLC) MEETING HELD FROM 17TH TO 22 MAY 2023","https://www.mmmd.gov.zm/?p=2559"
"Kasiya Mining Company Limited","organization","Southern","Livingstone","33426-HQ-SEL","","gemstones","1","65","Marble/Magnesium (Brucit)/Lithium","RESULTS OF THE 74TH MINING LICENSING COMMITTEE (MLC) MEETING HELD FROM 3RD TO 4TH AUGUST 2023","https://www.mmmd.gov.zm/?p=2598"
"Kasoma Mining Project Limited","organization","North Western","Chavuma","33365-HQ-SEL","","critical_battery","1","23","Iron Ore/Lithium/Manganese","RESULTS OF THE 74TH MINING LICENSING COMMITTEE (MLC) MEETING HELD FROM 3RD TO 4TH AUGUST 2023","https://www.mmmd.gov.zm/?p=2598"
"Kasompe Mining Limited","organization","","","19661-HQ-SML","Cancelled","other","1","10","Laterite","CANCELLATION OF NON-COMPLIANT MINING AND NON-MINING RIGHTS BY THE MINING LICENSING COMMITTEE (MLC)","https://www.mmmd.gov.zm/?p=2787"
"Kasonde Chanda","person_or_unclassified","Luapula","Kawambwa","33070-HQ-AMR","Approved","critical_battery","1","7","Manganese/Quartz/Gold","RESULTS OF THE 73RD MINING LICENSING COMMITTEE (MLC) MEETING HELD FROM 29TH TO 30TH JUNE 2023","https://www.mmmd.gov.zm/?p=2583"
"Kasonta Resources Limited","organization","Central","Serenje","30114-HQ-SEL | 29550-HQ-SEL | 29229-HQ-SEL | 29230-HQ-SEL | 29272-HQ-SEL","Approved | Cancelled","gemstones","4","308","Iron Ore/Silver/Zinc","REMINDER ON RESULTS OF THE 70TH AND 71ST MINING LICENSING COMMITTEE (MLC) MEETINGS HELD IN FEBRUARY AND MARCH 2023","https://www.mmmd.gov.zm/?p=2555"
"Kasote International Limited","organization","Southern","Itezhi Tezhi","26472-HQ-LEL","Cancelled | DEFERRED | Approved","critical_battery","1","19491","Gold/Iron Ore/Tin","CANCELLATION OF NON-COMPLIANT MINING AND NON-MINING RIGHTS BY THE MINING LICENSING COMMITTEE (MLC)","https://www.mmmd.gov.zm/?p=2787"
"Kasumili Mine  Limited","organization","North Western","Mwinilunga","31291-HQ-SEL","","gemstones","1","208","Quartz/Emerald/Citrine","RESULTS OF THE 80TH MINING LICENSING COMMITTEE (MLC) MEETING HELD ON 6TH TO 7TH AND 10TH JUNE 2024","https://www.mmmd.gov.zm/?p=2849"
"KASUNGA MINING LIMITED","organization","Central","Serenje","39598-HQ-LEL | 39599-HQ-LEL","APPROVED","gemstones","2","28224","Manganese/Zinc/Quartz","RESULTS OF THE 85TH MINING LICENSING COMMITTEE (MLC) MEETING HELD ON 5TH MARCH, 2025","https://www.mmmd.gov.zm/?p=4013"
"Katanda Natural Resources Limited","organization","Central","Mumbwa","29067-HQ-LEL | 28505-HQ-SEL | 39473-HQ-SML","Cancelled | Rejected","critical_battery","1","23","Nickel/Manganese/Uranium","CANCELLATION OF NON-COMPLIANT MINING AND NON-MINING RIGHTS BY THE MINING LICENSING COMMITTEE (MLC)","https://www.mmmd.gov.zm/?p=2787"
"Katangwa Mushinge","person_or_unclassified","Central","Mumbwa","34226-HQ-AMR | 32568-HQ-AMR","Approved","industrial_minerals","1","7","Silica/Sand and Gravel/Quartz","RESULTS OF THE 74TH MINING LICENSING COMMITTEE (MLC) MEETING HELD FROM 3RD TO 4TH AUGUST 2023","https://www.mmmd.gov.zm/?p=2598"
"Katema Malolwa Resources Limited","organization","North Western","Kabompo","34474-HQ-LEL","","critical_battery","1","2000","Manganese/Nickel/Rare EarthsElements","RESULTS OF THE 75TH MINING LICENSING COMMITTEE (MLC) MEETING HELD FROM 27TH TO 29TH SEPTEMBER 2023","https://www.mmmd.gov.zm/?p=2618"
"Kathel Mining Limited","organization","Eastern","Petauke","20336-HQ-SML | 20231-HQ-SML","Cancelled | Deferred | Approved","gemstones","2","499","Quartz/Tourmaline/Amazonite","CANCELLATION OF NON-COMPLIANT MINING AND NON-MINING RIGHTS BY THE MINING LICENSING COMMITTEE (MLC)","https://www.mmmd.gov.zm/?p=2787"
"Katima Stones Limited","organization","Western","Sesheke","7683-HQ-SML","Approved","construction_materials","1","108","Stone","RESULTS OF THE 74TH MINING LICENSING COMMITTEE (MLC) MEETING HELD FROM 3RD TO 4TH AUGUST 2023","https://www.mmmd.gov.zm/?p=2598"
"Katiso Resources Limited","organization","Copperbelt | Northern | Central","Lufwanyama | Chinsali, Mpika | Mpika | Serenje","36369-HQ-SEL | 36370-HQ-SEL | 27239-HQ-SEL | 27240-HQ-SEL | 37904-HQ-SEL | 38568-HQ-MPL | 38835-HQ-SML | 40355-HQ-SML","Approved | Cancelled | Deferred | Rejected","gemstones","6","2566","Copper/Gold/Manganese","RESULTS OF THE 78TH MINING LICENSING COMMITTEE (MLC) MEETING HELD ON 27TH FEBRUARY TO 1ST MARCH 2024","https://www.mmmd.gov.zm/?p=2785"
"Katizo Mining Company Limited","organization","Central","Serenje","26804-HQ-SEL | 38721-HQ-SML","Cancelled | Deferred | Approved","critical_battery","1","346","Nickel/Tantalum/Titanium","CANCELLATION OF NON-COMPLIANT MINING AND NON-MINING RIGHTS BY THE MINING LICENSING COMMITTEE (MLC)","https://www.mmmd.gov.zm/?p=2787"
"Katken Enterprises Limited","organization","Copperbelt | North Western","Lufwanyama | Solwezi","38012-HQ-SEL | 39472-HQ-LEL","Approved | DEFERRED | REJECTED","gemstones","1","303","Nickel/Quartz/Manganese","RESULTS OF THE 82ND MINING LICENSING COMMITTEE (MLC) MEETING HELD ON 11TH SEPTEMBER, 2024","https://www.mmmd.gov.zm/?p=3378"
"Katoka Mema Corporation Limited","organization","Copperbelt","Lufwanyama","32482-HQ-SEL","Approved","gold","1","843","Gold/Iron Ore/Cobalt","RESULTS OF THE 81ST MINING LICENSING COMMITTEE (MLC) MEETING HELD ON 31ST JULY, 2024","https://www.mmmd.gov.zm/?p=2923"
"Katotebujo Mullti-Purpose Co-operative Limited","organization","North Western","Mufumbwe","39191-HQ-AMR","Approved","gemstones","1","7","Iron Ore/Manganese/Silver","RESULTS OF THE 84TH MINING LICENSING COMMITTEE (MLC) MEETING HELD ON 12TH DECEMBER, 2024","https://www.mmmd.gov.zm/?p=3780"
"KATUBELEKE MINING LIMITED","organization","Eastern | Southern","Chama; Northern, Isoka | Gwembe","39162-HQ-LEL | 39163-HQ-LEL","Approved","gemstones","2","27976","Tin/Copper/Coal","RESULTS OF THE 84TH MINING LICENSING COMMITTEE (MLC) MEETING HELD ON 12TH DECEMBER, 2024","https://www.mmmd.gov.zm/?p=3780"
"Katuna Makanta","person_or_unclassified","Luapula | Central","Kawambwa | Mkushi; Copperbelt, Masaiti","36476-HQ-AMR | 37542-HQ-AMR | 37635-HQ-AMR","Approved","critical_battery","2","13","Manganese/Copper/Quartz","RESULTS OF THE 77TH MINING LICENSING COMMITTEE (MLC) MEETING HELD ON 11TH TO 12TH JANUARY 2024","https://www.mmmd.gov.zm/?p=2675"
"Katuzumanana Mining Co-operative Society Limited","organization","Central","Mumbwa","39020-HQ-AMR","Approved","gold","1","7","Gold","RESULTS OF THE 83RD MINING LICENSING COMMITTEE (MLC) MEETING HELD ON 30TH OCTOBER, 2024","https://www.mmmd.gov.zm/?p=3515"
"Kaunda Bridget Kanyanta","person_or_unclassified","Luapula","Kawambwa","34224-HQ-AMR","Approved","critical_battery","1","7","Manganese/Silica/Granite","RESULTS OF THE 74TH MINING LICENSING COMMITTEE (MLC) MEETING HELD FROM 3RD TO 4TH AUGUST 2023","https://www.mmmd.gov.zm/?p=2598"
"Kaur Suppliers Limited","organization","Copperbelt","Masaiti","25906-HQ-SML","Deferred","base_metals","1","140","Quartz/Sand and Gravel/Silica","RESULTS OF THE 72ND MINING LICENSING COMMITTEE (MLC) MEETING HELD FROM 17TH TO 22 MAY 2023","https://www.mmmd.gov.zm/?p=2559"
"KAVOD MINING LIMITED","organization","Northern","Isoka","38351-HQ-LEL","Approved","gemstones","1","21936","Limestone (General)/Iron Ore/Manganese","RESULTS OF THE 82ND MINING LICENSING COMMITTEE (MLC) MEETING HELD ON 11TH SEPTEMBER, 2024","https://www.mmmd.gov.zm/?p=3378"
"Kavs Equipment Limited","organization","Central","Kapiri Mposhi","36771-HQ-SEL | 26575-HQ-LEL | 26563-HQ-LEL | 26575-HQ-SEL","Deferred | Cancelled","gemstones","1","28","Emerald","RESULTS OF THE 77TH MINING LICENSING COMMITTEE (MLC) MEETING HELD ON 11TH TO 12TH JANUARY 2024","https://www.mmmd.gov.zm/?p=2675"
"Kavula Kahilu","person_or_unclassified","North Western","Solwezi","37479-HQ-AMR","","critical_battery","1","7","Manganese/Zinc/Iron Ore","RESULTS OF THE 83RD MINING LICENSING COMMITTEE (MLC) MEETING HELD ON 30TH OCTOBER, 2024","https://www.mmmd.gov.zm/?p=3515"
"Kavuluvulu Ventures Limited","organization","Southern","Kalomo | Choma, Sinazongwe | Sinazongwe | Choma","25648-HQ-SML | 28716-HQ-LEL | 24459-HQ-LEL | 28541-HQ-LEL | 37397-HQ-SML | 27526-HQ-LEL","Approved | Rejected | REJECTED | APPROVED","gemstones","3","7002","Coal/Quartz/Nickel","REMINDER ON RESULTS OF THE 70TH AND 71ST MINING LICENSING COMMITTEE (MLC) MEETINGS HELD IN FEBRUARY AND MARCH 2023","https://www.mmmd.gov.zm/?p=2555"
"Kawachi Drilling and Exploration Limited","organization","Eastern","Lundazi","37415-HQ-LEL","Approved","gemstones","1","7928","Lead/Limestone (General)/Graphite","SUBJECT: RESULTS OF THE 79TH MINING LICENSING COMMITTEE (MLC) MEETING HELD ON 11TH TO 12TH APRIL 2024","https://www.mmmd.gov.zm/?p=2794"
"Kawachi Minerals Limited","organization","Luapula | Southern","Milenge | Itezhi Tezhi | Mansa, Milenge | Mansa","37404-HQ-SEL | 37267-HQ-LEL | 37418-HQ-LEL | 38168-HQ-LEL","Approved","gemstones","3","50997","Manganese/Gold/Copper","SUBJECT: RESULTS OF THE 79TH MINING LICENSING COMMITTEE (MLC) MEETING HELD ON 11TH TO 12TH APRIL 2024","https://www.mmmd.gov.zm/?p=2794"
"KAYANGES VENTURES LIMITED","organization","Central","Serenje","37377-HQ-LEL","Approved","critical_battery","1","15672","Manganese/Lithium/Zinc","SUBJECT: RESULTS OF THE 79TH MINING LICENSING COMMITTEE (MLC) MEETING HELD ON 11TH TO 12TH APRIL 2024","https://www.mmmd.gov.zm/?p=2794"
"Kayden Investments Limited","organization","Central","Mkushi; Eastern, Nyimba","25787-HQ-LEL | 21212-HQ-SEL","Rejected | Cancelled","gemstones","1","50","Emerald","REMINDER ON RESULTS OF THE 70TH AND 71ST MINING LICENSING COMMITTEE (MLC) MEETINGS HELD IN FEBRUARY AND MARCH 2023","https://www.mmmd.gov.zm/?p=2555"
"Kaykas Investements Limited","organization","Luapula","Mwense | Kawambwa; Northern, Mporokoso","32745-HQ-SEL | 32746-HQ-SEL","Approved","gemstones","2","864","Copper/Manganese/Rare EarthsElements","RESULTS OF THE 72ND MINING LICENSING COMMITTEE (MLC) MEETING HELD FROM 17TH TO 22 MAY 2023","https://www.mmmd.gov.zm/?p=2559"
"Kaystech Zambia Limited","organization","Eastern | Central","Nyimba, Petauke | Petauke | Kapiri Mposhi","29711-HQ-LEL | 29713-HQ-LEL | 34017-HQ-LEL","Approved | APPROVED","critical_battery","1","990","Rare EarthsElements/Zinc/Iron Ore","REMINDER ON RESULTS OF THE 70TH AND 71ST MINING LICENSING COMMITTEE (MLC) MEETINGS HELD IN FEBRUARY AND MARCH 2023","https://www.mmmd.gov.zm/?p=2555"
"Keda Zambia Ceramics Company Limited","organization","Central","Kapiri Mposhi; Copperbelt, Masaiti | Chibombo","24041-HQ-LEL | 23870-HQ-LEL","Deferred | Approved","energy_minerals","4","8111","Limestone (General)/Talc-Soapstone/Clay (General)","RESULTS OF THE 74TH MINING LICENSING COMMITTEE (MLC) MEETING HELD FROM 3RD TO 4TH AUGUST 2023","https://www.mmmd.gov.zm/?p=2598"
"Kekedar Investment Zambia Company Limited","organization","Central | Eastern | Southern","Kapiri Mposhi | Nyimba | Mazabuka | Gwembe","23561-HQ-LEL | 23789-HQ-LEL | 23790-HQ-LEL | 23532-HQ-LEL","Rejected | Cancelled","industrial_minerals","1","1699","Sand/Molding/Talc-Soapstone","REMINDER ON RESULTS OF THE 70TH AND 71ST MINING LICENSING COMMITTEE (MLC) MEETINGS HELD IN FEBRUARY AND MARCH 2023","https://www.mmmd.gov.zm/?p=2555"
"KEKI MINING LIMITED","organization","North Western | Lusaka | Copperbelt | Luapula | Central","Solwezi | Chongwe, Luangwa | Lufwanyama, Masaiti | Mansa | Serenje","38038-HQ-LEL | 38249-HQ-LEL | 38202-HQ-SEL | 38299-HQ-SEL | 38300-HQ-SEL","Approved","gemstones","5","19488","Manganese/Copper/Gold","RESULTS OF THE 81ST MINING LICENSING COMMITTEE (MLC) MEETING HELD ON 31ST JULY, 2024","https://www.mmmd.gov.zm/?p=2923"
"KELINK GENERAL DEALERS LIMITED","organization","North Western","Mwinilunga","38441-HQ-LEL","Approved","critical_battery","1","11881","Sugilite/Silver/Titanium","RESULTS OF THE 82ND MINING LICENSING COMMITTEE (MLC) MEETING HELD ON 11TH SEPTEMBER, 2024","https://www.mmmd.gov.zm/?p=3378"
"Kelly Chipasha kamema","person_or_unclassified","North Western","Solwezi","30834-HQ-AMR","Approved","industrial_minerals","1","7","Silica/Quartz","REMINDER ON RESULTS OF THE 70TH AND 71ST MINING LICENSING COMMITTEE (MLC) MEETINGS HELD IN FEBRUARY AND MARCH 2023","https://www.mmmd.gov.zm/?p=2555"
"Kelvin  Munyeu","person_or_unclassified","Western","Sesheke","35205-HQ-AMR","","critical_battery","1","7","Manganese/Silver/Gold","RESULTS OF THE 76TH MINING LICENSING COMMITTEE (MLC) MEETING HELD ON 17TH AND 20TH NOVEMBER 2023","https://www.mmmd.gov.zm/?p=2640"
"Kelvin Hamasani","person_or_unclassified","Southern","Sinazongwe","38741-HQ-AMR | 39950-HQ-AMR","Approved","gemstones","2","13","Gold/Copper/Zinc","RESULTS OF THE 84TH MINING LICENSING COMMITTEE (MLC) MEETING HELD ON 12TH DECEMBER, 2024","https://www.mmmd.gov.zm/?p=3780"
"Kelvin Milton Bornface Toloko","person_or_unclassified","Southern","Monze","33151-HQ-AMR","Approved","industrial_minerals","1","7","Anhydrite/Gypsum","RESULTS OF THE 73RD MINING LICENSING COMMITTEE (MLC) MEETING HELD FROM 29TH TO 30TH JUNE 2023","https://www.mmmd.gov.zm/?p=2583"
"Kelvin Mubanga Chileshe","person_or_unclassified","Luapula","Mansa","30122-HQ-AMR","Rejected | Approved","critical_battery","1","7","Manganese/Quartz/Tantalum","REMINDER ON RESULTS OF THE 70TH AND 71ST MINING LICENSING COMMITTEE (MLC) MEETINGS HELD IN FEBRUARY AND MARCH 2023","https://www.mmmd.gov.zm/?p=2555"
"Kelvin Namadula","person_or_unclassified","Southern","Kalomo","39251-HQ-AMR","Approved","gemstones","1","7","Iron Ore/Quartz/Fluorine-Fluorite","RESULTS OF THE 85TH MINING LICENSING COMMITTEE (MLC) MEETING HELD ON 5TH MARCH, 2025","https://www.mmmd.gov.zm/?p=4013"
"Kemose Mining Limited","organization","Central","Serenje","23765-HQ-LEL | 39101-HQ-SEL","Approved | Rejected","gemstones","1","5780","Lead/Iron Ore/Limestone (General)","RESULTS OF THE 77TH MINING LICENSING COMMITTEE (MLC) MEETING HELD ON 11TH TO 12TH JANUARY 2024","https://www.mmmd.gov.zm/?p=2675"
"KEMUFU MINING LIMITED","organization","North Western | Central | Eastern | Luapula","Solwezi | Mumbwa; Southern, Mazabuka | Chadiza, Chipata, Katete | Samfya; Northern, Luwingu","38502-HQ-SEL | 38433-HQ-LEL | 38434-HQ-LEL | 38548-HQ-LEL | 38507-HQ-LEL","Deferred | Approved | Rejected","gemstones","4","122357","Emerald/Gold/Nickel","RESULTS OF THE 83RD MINING LICENSING COMMITTEE (MLC) MEETING HELD ON 30TH OCTOBER, 2024","https://www.mmmd.gov.zm/?p=3515"
"Kena Kunj Mining Limited","organization","North Western","Solwezi","37188-HQ-LEL | 28492-HQ-LEL | 28559-HQ-MPL | 40074-HQ-LML","Approved | Cancelled | Rejected","critical_battery","1","19254","Malachite/Limestone (General)/Nickel","RESULTS OF THE 78TH MINING LICENSING COMMITTEE (MLC) MEETING HELD ON 27TH FEBRUARY TO 1ST MARCH 2024","https://www.mmmd.gov.zm/?p=2785"
"Kend Engineering Limited","organization","","","35122-HQ-SEL","Deferred | Approved","gold","1","400","Gold/Copper","RESULTS OF THE 78TH MINING LICENSING COMMITTEE (MLC) MEETING HELD ON 27TH FEBRUARY TO 1ST MARCH 2024","https://www.mmmd.gov.zm/?p=2785"
"Kenjess general Dealers Limited","organization","Central","Mumbwa","37009-HQ-SEL","Deferred | Approved","gold","1","644","Gold/Copper","RESULTS OF THE 82ND MINING LICENSING COMMITTEE (MLC) MEETING HELD ON 11TH SEPTEMBER, 2024","https://www.mmmd.gov.zm/?p=3378"
"Kenlen Minerals Limited","organization","","","25160-HQ-SEL","Cancelled","gold","1","981","Quartz/Zinc/Gold","CANCELLATION OF NON-COMPLIANT MINING AND NON-MINING RIGHTS BY THE MINING LICENSING COMMITTEE (MLC)","https://www.mmmd.gov.zm/?p=2787"
"Kennados Mining Ventures Co-operative Society Limited","organization","Southern","Siavonga","38676-HQ-AMR","","gemstones","1","7","Silica/Tantalum/Tin","RESULTS OF THE 84TH MINING LICENSING COMMITTEE (MLC) MEETING HELD ON 12TH DECEMBER, 2024","https://www.mmmd.gov.zm/?p=3780"
"Kennedy  Mwewa","person_or_unclassified","Luapula","Kawambwa","33058-HQ-AMR","","critical_battery","1","7","Manganese/Gold/Copper","RESULTS OF THE 77TH MINING LICENSING COMMITTEE (MLC) MEETING HELD ON 11TH TO 12TH JANUARY 2024","https://www.mmmd.gov.zm/?p=2675"
"Kennedy Hamudulu","person_or_unclassified","Southern","Sinazongwe","34220-HQ-AMR","Deferred | Approved","gemstones","1","7","Lithium/Lead/Manganese","RESULTS OF THE 75TH MINING LICENSING COMMITTEE (MLC) MEETING HELD FROM 27TH TO 29TH SEPTEMBER 2023","https://www.mmmd.gov.zm/?p=2618"
"Kennedy Kaunda Hamudulu","person_or_unclassified","Southern | Central","Siavonga | Kabwe","33336-HQ-AMR | 34408-HQ-AMR","Approved","critical_battery","2","13","Sand and Gravel/Lead/Zinc","RESULTS OF THE 73RD MINING LICENSING COMMITTEE (MLC) MEETING HELD FROM 29TH TO 30TH JUNE 2023","https://www.mmmd.gov.zm/?p=2583"
"Kennedy Mutambo","person_or_unclassified","Luapula | Copperbelt | Northern","Samfya | Lufwanyama | Mpika | Chinsali","28052-HQ-AMR | 36368-HQ-AMR | 38652-HQ-AMR | 38632-HQ-AMR","Approved","gemstones","3","20","Iron Ore/Zinc/Manganese","RESULTS OF THE 78TH MINING LICENSING COMMITTEE (MLC) MEETING HELD ON 27TH FEBRUARY TO 1ST MARCH 2024","https://www.mmmd.gov.zm/?p=2785"
"Kenneth Daka","person_or_unclassified","Central","Mkushi","36295-HQ-AMR","Approved","gemstones","1","7","Silver/Manganese/Limestone (General)","RESULTS OF THE 81ST MINING LICENSING COMMITTEE (MLC) MEETING HELD ON 31ST JULY, 2024","https://www.mmmd.gov.zm/?p=2923"
"Kenneth Kapinga","person_or_unclassified","","","30512-HQ-AMR","Cancelled","gemstones","2","13","Gold/Quartz/Copper","CANCELLATION OF NON-COMPLIANT MINING AND NON-MINING RIGHTS BY THE MINING LICENSING COMMITTEE (MLC)","https://www.mmmd.gov.zm/?p=2787"
"Kenneth Katobo","person_or_unclassified","Central","Serenje","30971-HQ-AMR | 37287-HQ-AMR","Approved","critical_battery","1","7","Manganese/Lead/Zinc","REMINDER ON RESULTS OF THE 70TH AND 71ST MINING LICENSING COMMITTEE (MLC) MEETINGS HELD IN FEBRUARY AND MARCH 2023","https://www.mmmd.gov.zm/?p=2555"
"Kenneth Mudenda","person_or_unclassified","Luapula","Samfya","24382-HQ-AMR","Approved","critical_battery","1","7","Manganese/Zinc/Gold","REMINDER ON RESULTS OF THE 70TH AND 71ST MINING LICENSING COMMITTEE (MLC) MEETINGS HELD IN FEBRUARY AND MARCH 2023","https://www.mmmd.gov.zm/?p=2555"
"Kesava Mineral Limited","organization","Copperbelt","Chililabombwe","40020-HQ-SEL","APPROVED","gemstones","1","394","Gold/Nickel/Emerald","RESULTS OF THE 85TH MINING LICENSING COMMITTEE (MLC) MEETING HELD ON 5TH MARCH, 2025","https://www.mmmd.gov.zm/?p=4013"
"Kesya Resources Limited","organization","Southern","Mazabuka","34858-HQ-LEL","Approved","gemstones","1","1053","Iron Ore/Coal/Amethyst","RESULTS OF THE 73RD MINING LICENSING COMMITTEE (MLC) MEETING HELD FROM 29TH TO 30TH JUNE 2023","https://www.mmmd.gov.zm/?p=2583"
"Kevmich Resources Limited","organization","Central","Mumbwa","38942-HQ-MPL","Deferred | Approved","gold","1","10","Gold/Copper/Cobalt","RESULTS OF THE 83RD MINING LICENSING COMMITTEE (MLC) MEETING HELD ON 30TH OCTOBER, 2024","https://www.mmmd.gov.zm/?p=3515"
"Kezram Minerals and Chemical Limited","organization","North Western","Mwinilunga, Solwezi","32963-HQ-SEL","Approved","gold","1","402","Gold/Copper","RESULTS OF THE 72ND MINING LICENSING COMMITTEE (MLC) MEETING HELD FROM 17TH TO 22 MAY 2023","https://www.mmmd.gov.zm/?p=2559"
"Khadela Mining Limited","organization","Southern","Kalomo","7261-HQ-SML | 7185-HQ-SML","Approved","gemstones","3","109","Amethyst/","RESULTS OF THE 77TH MINING LICENSING COMMITTEE (MLC) MEETING HELD ON 11TH TO 12TH JANUARY 2024","https://www.mmmd.gov.zm/?p=2675"
"Khalid Umarji","person_or_unclassified","Central","Chibombo","32674-HQ-AMR","","critical_battery","1","7","Iron Ore/Manganese/Copper","RESULTS OF THE 73RD MINING LICENSING COMMITTEE (MLC) MEETING HELD FROM 29TH TO 30TH JUNE 2023","https://www.mmmd.gov.zm/?p=2583"
"Khasavasa Resources Limited","organization","","","28329-HQ-SEL","Cancelled","critical_battery","1","563","Lead/Manganese/Zinc","CANCELLATION OF NON-COMPLIANT MINING AND NON-MINING RIGHTS BY THE MINING LICENSING COMMITTEE (MLC)","https://www.mmmd.gov.zm/?p=2787"
"KHAYBAR RESOURCES LIMITED","organization","Northern | Lusaka | Eastern","Mbala | Chongwe | Petauke | Chipata, Mambwe","38372-HQ-LEL | 38948-HQ-LEL | 39794-HQ-LEL | 39793-HQ-LEL","Approved | Deferred | REJECTED | APPROVED","gemstones","5","42182","Gold/Manganese/Cobalt","RESULTS OF THE 82ND MINING LICENSING COMMITTEE (MLC) MEETING HELD ON 11TH SEPTEMBER, 2024","https://www.mmmd.gov.zm/?p=3378"
"Khazma Investments Limited","organization","Eastern | Central","Nyimba | Mkushi","25632-HQ-LEL | 25809-HQ-LEL | 35645-HQ-LML","Rejected | Cancelled | Deferred","gemstones","1","130","Tantalum/Tin/Quartz","RESULTS OF THE 78TH MINING LICENSING COMMITTEE (MLC) MEETING HELD ON 27TH FEBRUARY TO 1ST MARCH 2024","https://www.mmmd.gov.zm/?p=2785"
"Khlozo Construction And General Dealers Limited","organization","Central","Mumbwa","36803-HQ-SEL","Deferred | Approved","critical_battery","1","447","Nickel/Silver/Zinc","RESULTS OF THE 82ND MINING LICENSING COMMITTEE (MLC) MEETING HELD ON 11TH SEPTEMBER, 2024","https://www.mmmd.gov.zm/?p=3378"
"Kiddies University Limited","organization","North Western","Kasempa | Mufumbwe | Mwinilunga","25993-HQ-LEL | 25743-HQ-LEL | 25801-HQ-LEL | 25786-HQ-LEL | 25992-HQ-LEL","Rejected | Deferred","critical_battery","2","5549","Manganese/Zinc/Gold","RESULTS OF THE 78TH MINING LICENSING COMMITTEE (MLC) MEETING HELD ON 27TH FEBRUARY TO 1ST MARCH 2024","https://www.mmmd.gov.zm/?p=2785"
"Kilajits Engineering & Logistics Zambia Limited","organization","Copperbelt | Central","Chingola, Kalulushi | Mumbwa","28168-HQ-SEL | 34663-HQ-LEL","Deferred | Approved | Cancelled","critical_battery","2","5289","Lead/Copper/Cobalt","REMINDER ON RESULTS OF THE 70TH AND 71ST MINING LICENSING COMMITTEE (MLC) MEETINGS HELD IN FEBRUARY AND MARCH 2023","https://www.mmmd.gov.zm/?p=2555"
"Kilimanjaro Mining Limited","organization","Central | Lusaka | Southern","Mkushi; Lusaka, Chongwe | Chongwe | Kazungula, Livingstone","39972-HQ-LEL | 39974-HQ-SEL | 41601-HQ-LEL","Approved | APPROVED","gemstones","2","2147","Manganese/Lead/Quartz","RESULTS OF THE 86TH MINING LICENSING COMMITTEE (MLC) MEETING HELD ON 27TH MARCH 2025","https://www.mmmd.gov.zm/?p=4061"
"Kilobo Multi-purpose Cooperative Society Limited","organization","North Western","Kasempa","40342-HQ-AMR","Approved","gold","1","7","Gold/Copper/Cobalt","RESULTS OF THE 87TH MINING LICENSING COMMITTEE (MLC) MEETING HELD ON 7TH MAY, 2025","https://www.mmmd.gov.zm/?p=4069"
"Kilonga Investment Limited","organization","North Western","Solwezi","39674-HQ-LEL","Approved","gemstones","1","8118","Manganese/Limestone (General)/Zinc","RESULTS OF THE 86TH MINING LICENSING COMMITTEE (MLC) MEETING HELD ON 27TH MARCH 2025","https://www.mmmd.gov.zm/?p=4061"
"Kindred Mining Limited","organization","Southern","Mazabuka","37075-HQ-SEL","Approved","industrial_minerals","1","887","Silica/Quartz/Limestone (General)","RESULTS OF THE 81ST MINING LICENSING COMMITTEE (MLC) MEETING HELD ON 31ST JULY, 2024","https://www.mmmd.gov.zm/?p=2923"
"King of Ore Mine Limited","organization","","","28999-HQ-SML | 26382-HQ-SEL | 26402-HQ-SEL | 26394-HQ-LEL | 26400-HQ-SEL | 26403-HQ-SEL","Cancelled","gemstones","1","398","Quartz/Gold/Tourmaline","CANCELLATION OF NON-COMPLIANT MINING AND NON-MINING RIGHTS BY THE MINING LICENSING COMMITTEE (MLC)","https://www.mmmd.gov.zm/?p=2787"
"KINGBLUE INVESTMENTS LIMITED","organization","Central | North Western | Northern","Kabwe, Kapiri Mposhi | Mwinilunga | Chinsali, Mpika | Mufumbwe","38363-HQ-LEL | 39266-HQ-LEL | 39804-HQ-LEL | 40227-HQ-LEL","Approved | Rejected | Deferred","gemstones","3","40197","Iron Ore/Zinc/Gold","RESULTS OF THE 82ND MINING LICENSING COMMITTEE (MLC) MEETING HELD ON 11TH SEPTEMBER, 2024","https://www.mmmd.gov.zm/?p=3378"
"Kingda Mining Limited","organization","Southern","Kalomo | Choma, Kalomo","27516-HQ-LEL | 20611-HQ-LML | 39819-HQ-LEL | 39821-HQ-LEL","Cancelled | APPROVED","gemstones","3","15838","Quartz/Iron Ore/Lithium","CANCELLATION OF NON-COMPLIANT MINING AND NON-MINING RIGHTS BY THE MINING LICENSING COMMITTEE (MLC)","https://www.mmmd.gov.zm/?p=2787"
"Kinghorse Investment Limited","organization","","","35644-HQ-SEL","Approved","industrial_minerals","1","632","Limestone (General)/Sand and Gravel/Clay (General)","RESULTS OF THE 78TH MINING LICENSING COMMITTEE (MLC) MEETING HELD ON 27TH FEBRUARY TO 1ST MARCH 2024","https://www.mmmd.gov.zm/?p=2785"
"Kings Centre Limited","organization","Southern","Choma","38210-HQ-SEL | 38207-HQ-SEL","Approved | APPROVED","gold","2","554","Sand/Limestone (General)/Gravel","RESULTS OF THE 81ST MINING LICENSING COMMITTEE (MLC) MEETING HELD ON 31ST JULY, 2024","https://www.mmmd.gov.zm/?p=2923"
"Kingsley Esau Lilamono","person_or_unclassified","Northern","Mpika","38343-HQ-AMR","Approved","gemstones","1","7","Quartz/Rare EarthsElements/Talc-Soapstone","RESULTS OF THE 82ND MINING LICENSING COMMITTEE (MLC) MEETING HELD ON 11TH SEPTEMBER, 2024","https://www.mmmd.gov.zm/?p=3378"
"Kingslight Minerals Limited","organization","Northern","Mbala","31100-HQ-SEL | 30534-HQ-LEL","Approved | Cancelled","gemstones","1","830","Manganese/Quartz/Silver","REMINDER ON RESULTS OF THE 70TH AND 71ST MINING LICENSING COMMITTEE (MLC) MEETINGS HELD IN FEBRUARY AND MARCH 2023","https://www.mmmd.gov.zm/?p=2555"
"Kitendekesho Orphans and Vulnerable Women Club","person_or_unclassified","","","36629-HQ-AMR","Approved","unknown","1","7","","RESULTS OF THE 77TH MINING LICENSING COMMITTEE (MLC) MEETING HELD ON 11TH TO 12TH JANUARY 2024","https://www.mmmd.gov.zm/?p=2675"
"Klay Investements Limited","organization","Central","Chibombo, Kabwe","34383-HQ-SEL","APPROVED","industrial_minerals","1","268","Limestone (General)/Granite/Dolomite","RESULTS OF THE 75TH MINING LICENSING COMMITTEE (MLC) MEETING HELD FROM 27TH TO 29TH SEPTEMBER 2023","https://www.mmmd.gov.zm/?p=2618"
"KLC Investments Limited","organization","","","29064-HQ-SEL | 29065-HQ-SEL","Cancelled","gemstones","1","903","Limestone (General)/Rare EarthsElements/Ruby","CANCELLATION OF NON-COMPLIANT MINING AND NON-MINING RIGHTS BY THE MINING LICENSING COMMITTEE (MLC)","https://www.mmmd.gov.zm/?p=2787"
"KLR Drilling Technologies Limited","organization","Luapula | Lusaka","Mwense | Kawambwa, Nchelenge | Chongwe","36108-HQ-LEL | 36110-HQ-LEL | 36109-HQ-LEL | 38396-HQ-LEL","Approved | Rejected","critical_battery","2","3084","Nickel/Manganese/Zinc","RESULTS OF THE 77TH MINING LICENSING COMMITTEE (MLC) MEETING HELD ON 11TH TO 12TH JANUARY 2024","https://www.mmmd.gov.zm/?p=2675"
"KMC Engineering & Construction Limited","organization","Southern","Monze","33962-HQ-SEL","","critical_battery","1","944","Nickel/Manganese/Quartz","RESULTS OF THE 80TH MINING LICENSING COMMITTEE (MLC) MEETING HELD ON 6TH TO 7TH AND 10TH JUNE 2024","https://www.mmmd.gov.zm/?p=2849"
"KMCI Mining Limited","organization","Copperbelt | Luapula | Northern","Masaiti, Ndola | Mwense | Chinsali","31173-HQ-SEL | 32149-HQ-LEL | 37381-HQ-LEL","Approved | Rejected | REJECTED","critical_battery","1","990","Lead/Manganese/Zinc","REMINDER ON RESULTS OF THE 70TH AND 71ST MINING LICENSING COMMITTEE (MLC) MEETINGS HELD IN FEBRUARY AND MARCH 2023","https://www.mmmd.gov.zm/?p=2555"
"KMR Geo Resources Limited","organization","North Western | Eastern","Mwinilunga | Mufumbwe | Chama; Northern, Chinsali | Chama; Northern, Chinsali, Isoka","31053-HQ-SEL | 31054-HQ-SEL | 32961-HQ-LEL | 32960-HQ-LEL","Approved | Deferred | REJECTED","gold","1","217","Iron Ore/Quartz/Silver","REMINDER ON RESULTS OF THE 70TH AND 71ST MINING LICENSING COMMITTEE (MLC) MEETINGS HELD IN FEBRUARY AND MARCH 2023","https://www.mmmd.gov.zm/?p=2555"
"Koala Mining Limited","organization","Eastern","Nyimba","32420-HQ-LEL | 32530-HQ-SEL","APPROVED | Deferred | Rejected","gemstones","1","1756","Lithium/Gold/Quartz","RESULTS OF THE 75TH MINING LICENSING COMMITTEE (MLC) MEETING HELD FROM 27TH TO 29TH SEPTEMBER 2023","https://www.mmmd.gov.zm/?p=2618"
"Koeshma Business Ventures LTD","organization","North Western","Solwezi","32906-HQ-SEL","","critical_battery","1","524","Rare EarthsElements/Silica/Silver","RESULTS OF THE 74TH MINING LICENSING COMMITTEE (MLC) MEETING HELD FROM 3RD TO 4TH AUGUST 2023","https://www.mmmd.gov.zm/?p=2598"
"Koinonia Zambia Limited","organization","","","29299-HQ-LEL","Cancelled","gemstones","4","2423","Lead/Tourmaline/Silver","CANCELLATION OF NON-COMPLIANT MINING AND NON-MINING RIGHTS BY THE MINING LICENSING COMMITTEE (MLC)","https://www.mmmd.gov.zm/?p=2787"
"Konige Mining and Exploration Limited","organization","Central | Lusaka | Southern","Mumbwa | Luangwa | Kalomo","32426-HQ-LEL | 32765-HQ-LEL | 26979-HQ-LEL | 27059-HQ-LEL | 30626-HQ-SEL | 37657-HQ-LML | 37595-HQ-MPL | 38601-HQ-LML | 30627-HQ-SEL","Approved | Deferred | Cancelled | Rejected | DEFERRED","gemstones","9","34501","Gold/Copper/Cobalt","RESULTS OF THE 72ND MINING LICENSING COMMITTEE (MLC) MEETING HELD FROM 17TH TO 22 MAY 2023","https://www.mmmd.gov.zm/?p=2559"
"Konkola Copper Mines Plc","organization","Southern | Central | Copperbelt","Choma, Kalomo, Sinazongwe | Chibombo | Mumbwa, Nampundwe | Chililabombwe, Chingola | Kitwe | Chibombo, Mumbwa","29549-HQ-LML | 19167-HQ-LEL | 7074-HQ-LML | 7075-HQ-LML | 7076-HQ-LML | 20945-HQ-MPL | 39168-HQ-LEL","Deferred | Approved | APPROVED","critical_battery","7","139197","/Gold/Silver","REMINDER ON RESULTS OF THE 70TH AND 71ST MINING LICENSING COMMITTEE (MLC) MEETINGS HELD IN FEBRUARY AND MARCH 2023","https://www.mmmd.gov.zm/?p=2555"
"Kopano Mineral Resources Limited","organization","Copperbelt","Chingola, Lufwanyama; North Western, Solwezi | Ndola","24657-HQ-LEL | 26924-HQ-LEL","Approved","critical_battery","2","29732","Copper/Manganese/Silver","RESULTS OF THE 74TH MINING LICENSING COMMITTEE (MLC) MEETING HELD FROM 3RD TO 4TH AUGUST 2023","https://www.mmmd.gov.zm/?p=2598"
"Kounnas Zambia Limited","organization","Copperbelt | North Western","Lufwanyama | Solwezi","29169-HQ-LEL | 40963-HQ-LML | 40583-HQ-SML | 40584-HQ-SML","Deferred | REJECTED | Approved","critical_battery","2","3876","Nickel/Silver/Gold","RESULTS OF THE 88TH MINING LICENSING COMMITTEE (MLC) MEETING HELD ON 30TH MAY, 2025","https://www.mmmd.gov.zm/?p=4111"
"Kovichi Contractors and Suppliers Limited","organization","","","19862-HQ-SML | 19863-HQ-SML","Cancelled","industrial_minerals","1","27","Silica/Sand and Gravel","CANCELLATION OF NON-COMPLIANT MINING AND NON-MINING RIGHTS BY THE MINING LICENSING COMMITTEE (MLC)","https://www.mmmd.gov.zm/?p=2787"
"Kratos Mining Limited","organization","Luapula","Mansa, Milenge","27532-HQ-LEL | 39252-HQ-LML","Cancelled | Deferred | Approved","critical_battery","1","2356","Iron Ore/Manganese/Zinc","CANCELLATION OF NON-COMPLIANT MINING AND NON-MINING RIGHTS BY THE MINING LICENSING COMMITTEE (MLC)","https://www.mmmd.gov.zm/?p=2787"
"Krisos Manufacturing Limited","organization","Central","Mumbwa","34664-HQ-LEL","Approved","critical_battery","1","5277","Manganese/Zinc/Cobalt","RESULTS OF THE 78TH MINING LICENSING COMMITTEE (MLC) MEETING HELD ON 27TH FEBRUARY TO 1ST MARCH 2024","https://www.mmmd.gov.zm/?p=2785"
"KSP Investements Limited","organization","Eastern","Petauke","37295-HQ-LEL","Approved","gemstones","1","3701","Iron Ore/Graphite/Zinc","RESULTS OF THE 78TH MINING LICENSING COMMITTEE (MLC) MEETING HELD ON 27TH FEBRUARY TO 1ST MARCH 2024","https://www.mmmd.gov.zm/?p=2785"
"KSR GLOBAL RESOURCES LIMITED","organization","Northern","Mungwi | Kasama, Mporokoso","35744-HQ-LEL | 36568-HQ-LEL | 37782-HQ-LEL","Approved","critical_battery","2","142362","Manganese/Limestone (General)/Silver","RESULTS OF THE 78TH MINING LICENSING COMMITTEE (MLC) MEETING HELD ON 27TH FEBRUARY TO 1ST MARCH 2024","https://www.mmmd.gov.zm/?p=2785"
"Kuaisu Auto Service Limited","organization","Lusaka | North Western","Chongwe | Chongwe, Kafue | Kasempa","39282-HQ-LEL | 41703-HQ-LEL | 42139-HQ-SEL | 42143-HQ-SEL","Approved","gold","1","2609","Iron Ore/Zinc/Gold","RESULTS OF THE 84TH MINING LICENSING COMMITTEE (MLC) MEETING HELD ON 12TH DECEMBER, 2024","https://www.mmmd.gov.zm/?p=3780"
"Kubanta Investements Limited","organization","","","30151-HQ-LEL","Cancelled","gemstones","1","4452","Gold/Iron Ore/Tourmaline","CANCELLATION OF NON-COMPLIANT MINING AND NON-MINING RIGHTS BY THE MINING LICENSING COMMITTEE (MLC)","https://www.mmmd.gov.zm/?p=2787"
"Kubeleka Natural Resources Limited","organization","Copperbelt | Central","Mpongwe | Mkushi","34886-HQ-LEL | 34888-HQ-SEL | 34889-HQ-SEL | 34890-HQ-SEL","Approved | Deferred","critical_battery","4","5361","Iron Ore/Manganese/Copper","RESULTS OF THE 76TH MINING LICENSING COMMITTEE (MLC) MEETING HELD ON 17TH AND 20TH NOVEMBER 2023","https://www.mmmd.gov.zm/?p=2640"
"Kuchime Mining Company Limited","organization","Central","Chibombo, Kapiri Mposhi","31835-HQ-SML","Approved","base_metals","1","384","Copper","RESULTS OF THE 72ND MINING LICENSING COMMITTEE (MLC) MEETING HELD FROM 17TH TO 22 MAY 2023","https://www.mmmd.gov.zm/?p=2559"
"Kuchomwetu Mining company Limited","organization","Lusaka","Kafue","39032-HQ-LEL","APPROVED","gemstones","1","6091","Nickel/Manganese/Gravel","RESULTS OF THE 85TH MINING LICENSING COMMITTEE (MLC) MEETING HELD ON 5TH MARCH, 2025","https://www.mmmd.gov.zm/?p=4013"
"Kudinkaku Multi-Purpose Society Limited","organization","North Western","Mwinilunga","29595-HQ-AMR","Approved","critical_battery","1","7","Limestone (General)/Lead/Zinc","RESULTS OF THE 81ST MINING LICENSING COMMITTEE (MLC) MEETING HELD ON 31ST JULY, 2024","https://www.mmmd.gov.zm/?p=2923"
"Kuhimpika Mining Company Limited","organization","Northern","Chinsali","38576-HQ-SEL","Approved","gold","1","952","Iron Ore/Silver/Gold","RESULTS OF THE 82ND MINING LICENSING COMMITTEE (MLC) MEETING HELD ON 11TH SEPTEMBER, 2024","https://www.mmmd.gov.zm/?p=3378"
"Kukenga Chivweta","person_or_unclassified","Luapula","Mansa","37890-HQ-AMR","Approved","critical_battery","1","7","Quartz/Sugilite/Manganese","RESULTS OF THE 81ST MINING LICENSING COMMITTEE (MLC) MEETING HELD ON 31ST JULY, 2024","https://www.mmmd.gov.zm/?p=2923"
"KUKUMBA NA KULIMA MULTI-PURPOSE CO-OPERATIVE SOCIETY LIMITED","organization","Central","Chibombo","40436-HQ-AMR | 41038-HQ-AMR","Approved","gemstones","1","2","Palladium/Nickel/Manganese","RESULTS OF THE 87TH MINING LICENSING COMMITTEE (MLC) MEETING HELD ON 7TH MAY, 2025","https://www.mmmd.gov.zm/?p=4069"
"Kukwatakana Community Initiative Foundation","organization","North Western","Kasempa","35252-HQ-SEL","","critical_battery","1","385","Nickel/Lead/Zinc","RESULTS OF THE 76TH MINING LICENSING COMMITTEE (MLC) MEETING HELD ON 17TH AND 20TH NOVEMBER 2023","https://www.mmmd.gov.zm/?p=2640"
"Kulwant Investments Limited","organization","North Western | Eastern","Kasempa, Mufumbwe | Nyimba, Petauke","34024-HQ-LEL | 39525-HQ-LEL","APPROVED | Approved","gemstones","2","67393","Copper/Iron Ore/Gold","RESULTS OF THE 75TH MINING LICENSING COMMITTEE (MLC) MEETING HELD FROM 27TH TO 29TH SEPTEMBER 2023","https://www.mmmd.gov.zm/?p=2618"
"Kuma Mining Company Limited","organization","Eastern | Southern","Katete | Mazabuka | Chipata, Mambwe","34720-HQ-SML | 37147-HQ-LEL | 25950-HQ-SEL | 37829-HQ-LEL","Approved | Deferred | Cancelled","industrial_minerals","4","17520","Granite/Marble/Limestone (General)","RESULTS OF THE 77TH MINING LICENSING COMMITTEE (MLC) MEETING HELD ON 11TH TO 12TH JANUARY 2024","https://www.mmmd.gov.zm/?p=2675"
"Kumbele Mining Company Limited","organization","Copperbelt","Chililabombwe, Chingola, Kalulushi","28753-HQ-LML | 25965-HQ-LEL | 38867-HQ-LEL","Cancelled","critical_battery","3","19165","Gold/Cobalt/Copper","CANCELLATION OF NON-COMPLIANT MINING AND NON-MINING RIGHTS BY THE MINING LICENSING COMMITTEE (MLC)","https://www.mmmd.gov.zm/?p=2787"
"Kunachi Northwest Investements Limited","organization","Central","Serenje","34145-HQ-SEL","APPROVED","gemstones","1","870","Rare EarthsElements/Manganese/Zinc","RESULTS OF THE 75TH MINING LICENSING COMMITTEE (MLC) MEETING HELD FROM 27TH TO 29TH SEPTEMBER 2023","https://www.mmmd.gov.zm/?p=2618"
"Kunigal Murthy Minerals limited","organization","","","30011-HQ-LEL | 28778-HQ-LEL","Cancelled","critical_battery","3","3977","Lead/Manganese/Zinc","CANCELLATION OF NON-COMPLIANT MINING AND NON-MINING RIGHTS BY THE MINING LICENSING COMMITTEE (MLC)","https://www.mmmd.gov.zm/?p=2787"
"KUNXIN MINETECH LIMITED","organization","Eastern","Lundazi","38235-HQ-LEL | 38236-HQ-LEL | 38237-HQ-LEL | 38238-HQ-LEL","Approved","gemstones","4","29039","Quartz/Tourmaline/Aquamarine","RESULTS OF THE 82ND MINING LICENSING COMMITTEE (MLC) MEETING HELD ON 11TH SEPTEMBER, 2024","https://www.mmmd.gov.zm/?p=3378"
"KUSENI ZAMBIA LIMITED","organization","Copperbelt | Lusaka","Masaiti | Chongwe | Masaiti, Ndola","38582-HQ-LEL | 38584-HQ-LEL | 38586-HQ-LEL","Approved","critical_battery","3","17616","Zinc/Gold/Copper","RESULTS OF THE 82ND MINING LICENSING COMMITTEE (MLC) MEETING HELD ON 11TH SEPTEMBER, 2024","https://www.mmmd.gov.zm/?p=3378"
"KUTANGA MINING LIMITED","organization","Central","Mkushi","40377-HQ-SEL","Approved","gemstones","1","76","Manganese/Malachite/Zinc","RESULTS OF THE 88TH MINING LICENSING COMMITTEE (MLC) MEETING HELD ON 30TH MAY, 2025","https://www.mmmd.gov.zm/?p=4111"
"Kuti Foods Company Limited","organization","Southern","Kalomo","30781-HQ-SEL","APPROVED","gemstones","1","63","Tantalum/Quartz/Tourmaline","RESULTS OF THE 75TH MINING LICENSING COMMITTEE (MLC) MEETING HELD FROM 27TH TO 29TH SEPTEMBER 2023","https://www.mmmd.gov.zm/?p=2618"
"Kuweza Freightways Limited","organization","Eastern","Katete, Petauke","33613-HQ-LEL","","gemstones","2","84457","Phosphorus-Phosphates/Gold/Tin","RESULTS OF THE 74TH MINING LICENSING COMMITTEE (MLC) MEETING HELD FROM 3RD TO 4TH AUGUST 2023","https://www.mmmd.gov.zm/?p=2598"
"KUYUMA YUMA INVESTMENTS LIMITED","organization","Central","Serenje","37955-HQ-SEL","Approved","critical_battery","3","11181","Gold/Manganese/Cobalt","RESULTS OF THE 81ST MINING LICENSING COMMITTEE (MLC) MEETING HELD ON 31ST JULY, 2024","https://www.mmmd.gov.zm/?p=2923"
"Kuza Investments Limited","organization","","","27982-HQ-SEL","Cancelled","critical_battery","1","899","Nickel/Manganese/Talc-Soapstone","CANCELLATION OF NON-COMPLIANT MINING AND NON-MINING RIGHTS BY THE MINING LICENSING COMMITTEE (MLC)","https://www.mmmd.gov.zm/?p=2787"
"Kuzata Investments Limited","organization","North Western | Northern","Mwinilunga | Mufumbwe; Western, Kaoma | Mpika","36102-HQ-SEL | 36103-HQ-SEL","Approved","critical_battery","2","1364","Manganese/Nickel/Silver","RESULTS OF THE 77TH MINING LICENSING COMMITTEE (MLC) MEETING HELD ON 11TH TO 12TH JANUARY 2024","https://www.mmmd.gov.zm/?p=2675"
"Kwetu Multi Purpose Co-operative Society Limited","organization","Central","Chibombo","33069-HQ-AMR","Approved","gold","1","7","Quartz/Gold","RESULTS OF THE 91ST MINING LICENSING COMMITTEE (MLC) MEETING HELD ON 08TH OCTOBER, 2025","https://www.mmmd.gov.zm/?p=6170"
"KWICK CHEKS MINES LIMITED","organization","Lusaka","Kafue","39903-HQ-SEL","APPROVED","gemstones","1","494","Manganese/Sand/Limestone (General)","RESULTS OF THE 86TH MINING LICENSING COMMITTEE (MLC) MEETING HELD ON 27TH MARCH 2025","https://www.mmmd.gov.zm/?p=4061"
"Kwidini Kampewa  Nundwe","person_or_unclassified","Southern","Kalomo","36287-HQ-AMR","Approved","gemstones","1","7","Silver/Manganese/Limestone (General)","RESULTS OF THE 81ST MINING LICENSING COMMITTEE (MLC) MEETING HELD ON 31ST JULY, 2024","https://www.mmmd.gov.zm/?p=2923"
"Kwikfix Engineering Limited","organization","Northern","Mpika","32726-HQ-LEL","Approved","gold","1","18758","Gold/Copper/Cobalt","RESULTS OF THE 73RD MINING LICENSING COMMITTEE (MLC) MEETING HELD FROM 29TH TO 30TH JUNE 2023","https://www.mmmd.gov.zm/?p=2583"
"Kwisano Resources Limited","organization","Eastern | Lusaka | Northern","Nyimba | Chipata, Lundazi | Chongwe | Mporokoso","40072-HQ-LEL | 40252-HQ-LEL | 40422-HQ-LEL | 40423-HQ-LEL","APPROVED | DEFERRED | Approved","gemstones","4","31237","Silver/Manganese/Nickel","RESULTS OF THE 87TH MINING LICENSING COMMITTEE (MLC) MEETING HELD ON 7TH MAY, 2025","https://www.mmmd.gov.zm/?p=4069"
"Kyandanshi Investment Limited","organization","North Western","Kasempa","38710-HQ-SEL | 39951-HQ-LEL","Approved","gemstones","2","22287","Manganese/Malachite/Limestone (General)","RESULTS OF THE 83RD MINING LICENSING COMMITTEE (MLC) MEETING HELD ON 30TH OCTOBER, 2024","https://www.mmmd.gov.zm/?p=3515"
"KYASALAULA MULTIPURPOSE CO-OPERATIVE SOCIETY","organization","North Western","Mufumbwe","40066-HQ-AMR | 40067-HQ-AMR","Approved","critical_battery","2","13","Zinc/Gold/Copper","RESULTS OF THE 87TH MINING LICENSING COMMITTEE (MLC) MEETING HELD ON 7TH MAY, 2025","https://www.mmmd.gov.zm/?p=4069"
"Kyasalaula Multi-Purpose Co-operative Society Limited","organization","North Western","Mufumbwe","35881-HQ-AMR","APPROVED","gemstones","1","7","Nickel/Quartz/Gold","RESULTS OF THE EXTRA ORDINARY MINING LICENSING COMMITTEE (MLC) MEETING HELD ON 27TH OCTOBER 2023","https://www.mmmd.gov.zm/?p=2626"
"KYLIN NONFERROUS MINING ZAMBIA LIMITED","organization","North Western | Eastern | Southern | Northern","Mwinilunga | Petauke | Kalomo | Chinsali","39283-HQ-SEL | 39433-HQ-SEL | 39659-HQ-SEL | 39587-HQ-SEL | 40477-HQ-SEL | 40478-HQ-SEL","Approved | DEFERRED","gemstones","4","1714","Copper/Cobalt/Gold","RESULTS OF THE 84TH MINING LICENSING COMMITTEE (MLC) MEETING HELD ON 12TH DECEMBER, 2024","https://www.mmmd.gov.zm/?p=3780"
"Kyulu Development Trust","organization","North Western","Solwezi","31126-HQ-SML | 31127-HQ-SML | 19932-HQ-SML | 22635-HQ-SML | 22636-HQ-SML | 22793-HQ-SML","Approved | Cancelled","gemstones","5","1379","Sandstone/Malachite/Manganese","REMINDER ON RESULTS OF THE 70TH AND 71ST MINING LICENSING COMMITTEE (MLC) MEETINGS HELD IN FEBRUARY AND MARCH 2023","https://www.mmmd.gov.zm/?p=2555"
"Kyuulu Mutezhi Multi-purpose Co-operative Society Limited","organization","North Western","Solwezi","39947-HQ-AMR","Approved","gemstones","1","7","Iron Ore/Gold/Zinc","RESULTS OF THE 85TH MINING LICENSING COMMITTEE (MLC) MEETING HELD ON 5TH MARCH, 2025","https://www.mmmd.gov.zm/?p=4013"
"L and I Investments Limited","organization","North Western","Mwinilunga","28001-HQ-LEL","Cancelled | deferred","critical_battery","1","55208","Nickel/Silver/Gold","CANCELLATION OF NON-COMPLIANT MINING AND NON-MINING RIGHTS BY THE MINING LICENSING COMMITTEE (MLC)","https://www.mmmd.gov.zm/?p=2787"
"LA Tashen Limited","organization","","","29787-HQ-SEL | 29735-HQ-SEL | 29957-HQ-LEL","Cancelled","critical_battery","1","154","Manganese/Lead/Silver","CANCELLATION OF NON-COMPLIANT MINING AND NON-MINING RIGHTS BY THE MINING LICENSING COMMITTEE (MLC)","https://www.mmmd.gov.zm/?p=2787"
"Laka Mining Resources LIMITED","organization","Central","Mumbwa","38110-HQ-SEL","APPROVED","critical_battery","1","911","Gold/Nickel/Cobalt","RESULTS OF THE 81ST MINING LICENSING COMMITTEE (MLC) MEETING HELD ON 31ST JULY, 2024","https://www.mmmd.gov.zm/?p=2923"
"Lakki Reddy Mining Limited","organization","Copperbelt | North Western | Central | Luapula","Masaiti, Mpongwe | Mufumbwe | Serenje | Mansa","32302-HQ-LEL | 32794-HQ-SEL | 32866-HQ-SEL | 32867-HQ-SEL | 32868-HQ-SEL | 40532-HQ-SML","Approved | Deferred | APPROVED","critical_battery","4","4054","Lead/Manganese/Zinc","RESULTS OF THE 72ND MINING LICENSING COMMITTEE (MLC) MEETING HELD FROM 17TH TO 22 MAY 2023","https://www.mmmd.gov.zm/?p=2559"
"Lakucho Enterprise Limited","organization","Central | Lusaka | Copperbelt","Kapiri Mposhi | Kafue | Mumbwa | Masaiti | Kalulushi | Kalulushi, Kitwe","34349-HQ-SEL | 30838-HQ-LEL | 39169-HQ-SEL | 39210-HQ-SEL | 41022-HQ-SEL | 41023-HQ-SEL","Approved | Deferred","gemstones","4","4532","Manganese/Copper/Gold","RESULTS OF THE 74TH MINING LICENSING COMMITTEE (MLC) MEETING HELD FROM 3RD TO 4TH AUGUST 2023","https://www.mmmd.gov.zm/?p=2598"
"Lamba Zambia Limited","organization","North Western | Central","Solwezi | Kapiri Mposhi; Copperbelt, Mpongwe","34744-HQ-LEL | 34745-HQ-LEL | 39923-HQ-LEL","APPROVED","gemstones","4","88262","Gold/Copper/Cobalt","RESULTS OF THE 74TH MINING LICENSING COMMITTEE (MLC) MEETING HELD FROM 3RD TO 4TH AUGUST 2023","https://www.mmmd.gov.zm/?p=2598"
"Landilani Mwanza","person_or_unclassified","Luapula","Mwense","31072-HQ-AMR | 30465-HQ-AMR | 30466-HQ-AMR","Cancelled","critical_battery","1","7","Iron Ore/Manganese/Cobalt","REMINDER ON RESULTS OF THE 70TH AND 71ST MINING LICENSING COMMITTEE (MLC) MEETINGS HELD IN FEBRUARY AND MARCH 2023","https://www.mmmd.gov.zm/?p=2555"
"Landilani Natural Resources Limited","organization","Central | Lusaka | Eastern | Copperbelt","Mkushi | Chongwe, Luangwa | Chadiza, Chipata | Chongwe | Luangwa | Chililabombwe, Chingola","37310-HQ-LEL | 37350-HQ-LEL | 37361-HQ-LEL | 37352-HQ-SEL | 37351-HQ-SEL | 37297-HQ-SEL","Approved | Deferred","gemstones","5","120172","Gold/Silver/Cobalt","SUBJECT: RESULTS OF THE 79TH MINING LICENSING COMMITTEE (MLC) MEETING HELD ON 11TH TO 12TH APRIL 2024","https://www.mmmd.gov.zm/?p=2794"
"Langtasee Mining Company Limited","organization","Northern","Mpika","35752-HQ-SEL | 35753-HQ-SEL | 35751-HQ-SEL","Approved | Deferred | APPROVED","gemstones","2","666","Iron Ore/Manganese/Gold","RESULTS OF THE 78TH MINING LICENSING COMMITTEE (MLC) MEETING HELD ON 27TH FEBRUARY TO 1ST MARCH 2024","https://www.mmmd.gov.zm/?p=2785"
"Lanorth Zambia Limited","organization","Southern | Eastern","Siavonga | Katete","31276-HQ-LEL | 26659-HQ-LEL | 36905-HQ-LML","Cancelled | Rejected","industrial_minerals","1","3567","Anhydrite/Gypsum/Feldspar","REMINDER ON RESULTS OF THE 70TH AND 71ST MINING LICENSING COMMITTEE (MLC) MEETINGS HELD IN FEBRUARY AND MARCH 2023","https://www.mmmd.gov.zm/?p=2555"
"Lanxing Investment Limited","organization","North Western","Solwezi | Kabompo, Mwinilunga","30559-HQ-LEL | 35434-HQ-MPL | 39340-HQ-LEL","Cancelled | Deferred | Approved | REJECTED","gemstones","2","19472","Copper/Magnesium (Brucit)/Iron Ore","CANCELLATION OF NON-COMPLIANT MINING AND NON-MINING RIGHTS BY THE MINING LICENSING COMMITTEE (MLC)","https://www.mmmd.gov.zm/?p=2787"
"larrisa chabala katongo","person_or_unclassified","Eastern | Central","Petauke | Chibombo | Mumbwa","39969-HQ-AMR | 40053-HQ-AMR | 40063-HQ-AMR | 40514-HQ-AMR","Approved","gold","4","26","Iron Ore/Silver/Sand","RESULTS OF THE 86TH MINING LICENSING COMMITTEE (MLC) MEETING HELD ON 27TH MARCH 2025","https://www.mmmd.gov.zm/?p=4061"
"Larrys Lorrys Limited","organization","North Western","Solwezi","38326-HQ-LEL","","gold","1","3448","Iron Ore/Lead/Limestone (General)","RESULTS OF THE 83RD MINING LICENSING COMMITTEE (MLC) MEETING HELD ON 30TH OCTOBER, 2024","https://www.mmmd.gov.zm/?p=3515"
"Larson Chipamape Chishemba","person_or_unclassified","Copperbelt","Mufulira","40277-HQ-AMR | 42137-HQ-AMR","Approved | APPROVED","critical_battery","1","7","Quartz/Nickel/Zinc","RESULTS OF THE 87TH MINING LICENSING COMMITTEE (MLC) MEETING HELD ON 7TH MAY, 2025","https://www.mmmd.gov.zm/?p=4069"
"LASKAY KABUTA","person_or_unclassified","North Western","Solwezi","40173-HQ-AMR | 40376-HQ-AMR","Approved","gemstones","2","13","Silver/Gold/Copper","RESULTS OF THE 87TH MINING LICENSING COMMITTEE (MLC) MEETING HELD ON 7TH MAY, 2025","https://www.mmmd.gov.zm/?p=4069"
"Lavuponde Multi - Cooperative Society Limited","organization","Northern","Mpika","37599-HQ-AMR","","gemstones","1","7","Gold/Iron Ore/Manganese","RESULTS OF THE 83RD MINING LICENSING COMMITTEE (MLC) MEETING HELD ON 30TH OCTOBER, 2024","https://www.mmmd.gov.zm/?p=3515"
"Lawgum Investments Limited","organization","Copperbelt","Kalulushi","38499-HQ-SEL","Approved","gemstones","1","83","Manganese/Malachite/Limestone (General)","RESULTS OF THE 83RD MINING LICENSING COMMITTEE (MLC) MEETING HELD ON 30TH OCTOBER, 2024","https://www.mmmd.gov.zm/?p=3515"
"Lawrence Kapelabulungu","person_or_unclassified","Central","Mumbwa","34918-HQ-AMR","APPROVED","critical_battery","1","7","Silica/Quartz/Silver","RESULTS OF THE EXTRA ORDINARY MINING LICENSING COMMITTEE (MLC) MEETING HELD ON 27TH OCTOBER 2023","https://www.mmmd.gov.zm/?p=2626"
"Lawrence Mvula","person_or_unclassified","North Western","Kasempa | Solwezi","30855-HQ-AMR | 36858-HQ-AMR","Approved","critical_battery","1","7","Iron Ore/Manganese/Silver","RESULTS OF THE 72ND MINING LICENSING COMMITTEE (MLC) MEETING HELD FROM 17TH TO 22 MAY 2023","https://www.mmmd.gov.zm/?p=2559"
"Lazor Mateo Kayoli","person_or_unclassified","","","34415-HQ-AMR","Approved","gold","1","7","Limestone (General)/Gold/Cobalt","RESULTS OF THE 74TH MINING LICENSING COMMITTEE (MLC) MEETING HELD FROM 3RD TO 4TH AUGUST 2023","https://www.mmmd.gov.zm/?p=2598"
"Lead Way Youth Multi Purpose Cooperative Society Limited","organization","Central","Mumbwa","34377-HQ-SEL","DEFERRED | Approved","base_metals","1","33","Copper","RESULTS OF THE EXTRA ORDINARY MINING LICENSING COMMITTEE (MLC) MEETING HELD ON 27TH OCTOBER 2023","https://www.mmmd.gov.zm/?p=2626"
"Lebrenca Investments Limited","organization","North Western","Mwinilunga","29795-HQ-LEL | 29796-HQ-LEL","Approved","critical_battery","2","112960","Silver/Zinc/Manganese","RESULTS OF THE 90TH MINING LICENSING COMMITTEE (MLC) MEETING HELD ON 29TH AUGUST, 2025","https://www.mmmd.gov.zm/?p=5836"
"Ledge Mining and Logistics Limited","organization","North Western","Mwinilunga","27714-HQ-SEL | 40749-HQ-SML","Cancelled | Approved","gemstones","1","396","Gold/Manganese/Silver","CANCELLATION OF NON-COMPLIANT MINING AND NON-MINING RIGHTS BY THE MINING LICENSING COMMITTEE (MLC)","https://www.mmmd.gov.zm/?p=2787"
"Legacy Innovations Limited","organization","Northern","Chinsali, Mpika","33035-HQ-LEL | 28031-HQ-SEL","Approved | Cancelled","gemstones","1","6979","Manganese/Nickel/Silver","RESULTS OF THE 73RD MINING LICENSING COMMITTEE (MLC) MEETING HELD FROM 29TH TO 30TH JUNE 2023","https://www.mmmd.gov.zm/?p=2583"
"Legacy Resources Limited","organization","Eastern","Chama, Lundazi","32194-HQ-LEL","Approved","gemstones","1","3010","Rare EarthsElements/Lithium/Zinc","RESULTS OF THE 73RD MINING LICENSING COMMITTEE (MLC) MEETING HELD FROM 29TH TO 30TH JUNE 2023","https://www.mmmd.gov.zm/?p=2583"
"Leixin  Renewable Resources Limited","organization","Copperbelt","Chililabombwe","38600-HQ-MPL","","gold","1","53","Gold/Copper","RESULTS OF THE 83RD MINING LICENSING COMMITTEE (MLC) MEETING HELD ON 30TH OCTOBER, 2024","https://www.mmmd.gov.zm/?p=3515"
"Lekima Zambia Limited","organization","Luapula","Kawambwa","27849-HQ-LEL","Cancelled | Approved","critical_battery","1","25464","Lead/Manganese/Zinc","REMINDER ON RESULTS OF THE 70TH AND 71ST MINING LICENSING COMMITTEE (MLC) MEETINGS HELD IN FEBRUARY AND MARCH 2023","https://www.mmmd.gov.zm/?p=2555"
"Lekwa Investments Limited","organization","Central | Eastern | Southern | Northern","Mkushi; Lusaka, Chongwe | Lundazi | Kalomo | Mkushi | Chinsali, Mpika","30863-HQ-LEL | 31251-HQ-LEL | 32495-HQ-SEL | 36475-HQ-SEL | 38779-HQ-SEL","Approved | Deferred","critical_battery","2","27964","Gold/Iron Ore/Rare EarthsElements","REMINDER ON RESULTS OF THE 70TH AND 71ST MINING LICENSING COMMITTEE (MLC) MEETINGS HELD IN FEBRUARY AND MARCH 2023","https://www.mmmd.gov.zm/?p=2555"
"Lemba Resources Limited","organization","North Western","Solwezi","35922-HQ-SEL | 37357-HQ-SEL","Approved","gold","2","1334","Gold/Cobalt/Iron Ore","RESULTS OF THE 78TH MINING LICENSING COMMITTEE (MLC) MEETING HELD ON 27TH FEBRUARY TO 1ST MARCH 2024","https://www.mmmd.gov.zm/?p=2785"
"LENTASIM LOGISTICS LIMITED","organization","North Western","Solwezi","37911-HQ-SEL","Approved","gemstones","1","766","Copper/Gold/Aquamarine","RESULTS OF THE 81ST MINING LICENSING COMMITTEE (MLC) MEETING HELD ON 31ST JULY, 2024","https://www.mmmd.gov.zm/?p=2923"
"Leonk Mining Consultants Limited","organization","Central","Mumbwa; Southern, Itezhi Tezhi","38547-HQ-LEL","","gold","1","2402","Silver/Zinc/Gold","RESULTS OF THE 83RD MINING LICENSING COMMITTEE (MLC) MEETING HELD ON 30TH OCTOBER, 2024","https://www.mmmd.gov.zm/?p=3515"
"Leopard Exploration and Mining Limited","organization","","","12848-HQ-LML","Cancelled","base_metals","1","3320","Zinc/Lead","CANCELLATION OF NON-COMPLIANT MINING AND NON-MINING RIGHTS BY THE MINING LICENSING COMMITTEE (MLC)","https://www.mmmd.gov.zm/?p=2787"
"Leopards Hill Quarry Limited","organization","North Western","Chavuma, Zambezi","22607-HQ-LEL","Approved","base_metals","1","6706","Silver/Phosphorus-Phosphates/Copper","RESULTS OF THE 76TH MINING LICENSING COMMITTEE (MLC) MEETING HELD ON 17TH AND 20TH NOVEMBER 2023","https://www.mmmd.gov.zm/?p=2640"
"Leroy Minerals Logistics And Construction Limited","organization","Central | Luapula","Mkushi; Eastern, Nyimba | Mwense | Serenje","33997-HQ-SEL | 38347-HQ-SEL | 38348-HQ-SEL | 38619-HQ-SEL","Deferred | Approved","critical_battery","4","2253","Gold/Silver/Manganese","RESULTS OF THE 74TH MINING LICENSING COMMITTEE (MLC) MEETING HELD FROM 3RD TO 4TH AUGUST 2023","https://www.mmmd.gov.zm/?p=2598"
"Leveka Mining Ltd","organization","Central | Copperbelt","Mumbwa | Masaiti","30969-HQ-LEL | 34133-HQ-SEL | 37082-HQ-SML | 25638-HQ-SEL","Approved | Deferred | Cancelled | REJECTED","gemstones","3","1665","Gold/Copper/Manganese","REMINDER ON RESULTS OF THE 70TH AND 71ST MINING LICENSING COMMITTEE (MLC) MEETINGS HELD IN FEBRUARY AND MARCH 2023","https://www.mmmd.gov.zm/?p=2555"
"Levy Kabunda","person_or_unclassified","Central","Mumbwa","36385-HQ-AMR","Deferred | Approved","critical_battery","1","7","Limestone (General)/Manganese/Copper","RESULTS OF THE 82ND MINING LICENSING COMMITTEE (MLC) MEETING HELD ON 11TH SEPTEMBER, 2024","https://www.mmmd.gov.zm/?p=3378"
"Levy Lumbusha Kasanda","person_or_unclassified","Luapula","Mwense","37336-HQ-AMR","Approved","gemstones","1","7","Manganese/Mineral Sands/Malachite","RESULTS OF THE 82ND MINING LICENSING COMMITTEE (MLC) MEETING HELD ON 11TH SEPTEMBER, 2024","https://www.mmmd.gov.zm/?p=3378"
"Lewis Kabesha","person_or_unclassified","Central","Mkushi","28819-HQ-AMR","Approved","gemstones","1","7","Tantalum/Tin/Zinc","REMINDER ON RESULTS OF THE 70TH AND 71ST MINING LICENSING COMMITTEE (MLC) MEETINGS HELD IN FEBRUARY AND MARCH 2023","https://www.mmmd.gov.zm/?p=2555"
"Lewis Katakwe","person_or_unclassified","Luapula","Mansa","37813-HQ-AMR","Approved","critical_battery","1","7","Manganese/Sugilite/Gold","RESULTS OF THE 81ST MINING LICENSING COMMITTEE (MLC) MEETING HELD ON 31ST JULY, 2024","https://www.mmmd.gov.zm/?p=2923"
"Lewit Mwewa","person_or_unclassified","Northern","Luwingu","30587-HQ-AMR | 30588-HQ-AMR","","critical_battery","2","13","Iron Ore/Manganese/Copper","REMINDER ON RESULTS OF THE 70TH AND 71ST MINING LICENSING COMMITTEE (MLC) MEETINGS HELD IN FEBRUARY AND MARCH 2023","https://www.mmmd.gov.zm/?p=2555"
"Leza Njavwa Resources Company Limited","organization","Luapula | Central | Copperbelt | Lusaka","Mwense | Serenje | Masaiti | Chongwe, Kafue","32208-HQ-SEL | 32214-HQ-SEL | 32211-HQ-SEL | 32201-HQ-LEL","Approved | APPROVED","critical_battery","4","10572","Manganese/Copper/Silver","RESULTS OF THE 72ND MINING LICENSING COMMITTEE (MLC) MEETING HELD FROM 17TH TO 22 MAY 2023","https://www.mmmd.gov.zm/?p=2559"
"Liakaz  Investment Limited","organization","Central","Mumbwa","35174-HQ-SEL","Approved","gemstones","1","198","Quartz/Tourmaline/Manganese","RESULTS OF THE 78TH MINING LICENSING COMMITTEE (MLC) MEETING HELD ON 27TH FEBRUARY TO 1ST MARCH 2024","https://www.mmmd.gov.zm/?p=2785"
"Lian Chao and Yue Ventures Limited","organization","Central | North Western","Kapiri Mposhi; North Western, Kasempa | Kasempa","25086-HQ-LEL","Deferred | Approved","critical_battery","1","24977","Lead/Manganese/Zinc","RESULTS OF THE 78TH MINING LICENSING COMMITTEE (MLC) MEETING HELD ON 27TH FEBRUARY TO 1ST MARCH 2024","https://www.mmmd.gov.zm/?p=2785"
"Liang Yun Company Limited","organization","Lusaka","Chongwe","23289-HQ-LEL","Rejected","base_metals","1","7","Copper/Cobalt","SUBJECT: RESULTS OF THE 79TH MINING LICENSING COMMITTEE (MLC) MEETING HELD ON 11TH TO 12TH APRIL 2024","https://www.mmmd.gov.zm/?p=2794"
"lianneng mining limited","organization","Southern","Mazabuka, Monze | Siavonga","39069-HQ-LEL | 38986-HQ-SEL","Approved | Deferred","gemstones","2","5199","Gold/Anhydrite/Gypsum","RESULTS OF THE 84TH MINING LICENSING COMMITTEE (MLC) MEETING HELD ON 12TH DECEMBER, 2024","https://www.mmmd.gov.zm/?p=3780"
"Libonene Enterprises Limited","organization","North Western","Mwinilunga","33703-HQ-LEL","Approved","critical_battery","1","3191","Gold/Nickel/Cobalt","RESULTS OF THE 77TH MINING LICENSING COMMITTEE (MLC) MEETING HELD ON 11TH TO 12TH JANUARY 2024","https://www.mmmd.gov.zm/?p=2675"
"Libra Mining Limited","organization","Central","Mumbwa","38440-HQ-MPL","Deferred | Approved","gold","1","7","Gold","RESULTS OF THE 82ND MINING LICENSING COMMITTEE (MLC) MEETING HELD ON 11TH SEPTEMBER, 2024","https://www.mmmd.gov.zm/?p=3378"
"Libra Mining Multi-Purpose Cooperative Society Limited","organization","Central","Mumbwa","34246-HQ-AMR | 34517-HQ-AMR | 34518-HQ-AMR | 34247-HQ-AMR | 34475-HQ-AMR","Approved","gold","4","26","Quartz/Silica/Limestone (General)","RESULTS OF THE 75TH MINING LICENSING COMMITTEE (MLC) MEETING HELD FROM 27TH TO 29TH SEPTEMBER 2023","https://www.mmmd.gov.zm/?p=2618"
"Lifestone Minerals Limited","organization","","","28431-HQ-SEL | 28327-HQ-SEL | 28361-HQ-SEL | 28362-HQ-SEL","Cancelled","gemstones","1","966","Quartz/Manganese/Zinc","CANCELLATION OF NON-COMPLIANT MINING AND NON-MINING RIGHTS BY THE MINING LICENSING COMMITTEE (MLC)","https://www.mmmd.gov.zm/?p=2787"
"Light Man Tours General Dealers Limited","organization","Southern","Sinazongwe","39518-HQ-SEL","Approved","gemstones","1","26","Quartz/Gold/Garnet","RESULTS OF THE 85TH MINING LICENSING COMMITTEE (MLC) MEETING HELD ON 5TH MARCH, 2025","https://www.mmmd.gov.zm/?p=4013"
"LIGHTSTONE MINING COMPANY LIMITED","organization","North Western","Solwezi | Kasempa, Solwezi","39355-HQ-SEL | 39356-HQ-SEL | 41210-HQ-SEL","Approved | Deferred","critical_battery","2","517","Tantalum/Tin/Rare EarthsElements","RESULTS OF THE 85TH MINING LICENSING COMMITTEE (MLC) MEETING HELD ON 5TH MARCH, 2025","https://www.mmmd.gov.zm/?p=4013"
"LIHAAN MINING COMPANY LIMITED","organization","Eastern | Northern","Petauke | Mungwi | Mbala, Mporokoso, Mungwi","38416-HQ-LEL | 38637-HQ-LEL | 38641-HQ-LEL","Approved","gemstones","3","24081","Manganese/Lead/Nickel","RESULTS OF THE 82ND MINING LICENSING COMMITTEE (MLC) MEETING HELD ON 11TH SEPTEMBER, 2024","https://www.mmmd.gov.zm/?p=3378"
"LIIBAN INVESTMENTS ZAMBIA LIMITED","organization","North Western","Mufumbwe","38330-HQ-LEL","Approved","critical_battery","1","17519","Manganese/Limestone (General)/Silver","RESULTS OF THE 82ND MINING LICENSING COMMITTEE (MLC) MEETING HELD ON 11TH SEPTEMBER, 2024","https://www.mmmd.gov.zm/?p=3378"
"Lilayi Talc Mine Association","organization","Lusaka | Central","Kafue | Chibombo","31213-HQ-AMR | 36656-HQ-AMR | 36658-HQ-AMR | 36659-HQ-AMR","Rejected | Approved","gold","1","7","Gold","REMINDER ON RESULTS OF THE 70TH AND 71ST MINING LICENSING COMMITTEE (MLC) MEETINGS HELD IN FEBRUARY AND MARCH 2023","https://www.mmmd.gov.zm/?p=2555"
"Lilume E.K.M Investment Limited","organization","Lusaka","Kafue","19281-HQ-SML","Approved","critical_battery","1","379","Limestone (General)/Tin/Zinc","RESULTS OF THE 83RD MINING LICENSING COMMITTEE (MLC) MEETING HELD ON 30TH OCTOBER, 2024","https://www.mmmd.gov.zm/?p=3515"
"Limeco Resources Limited","organization","Lusaka","Kafue","37483-HQ-SEL | 37900-HQ-SEL","Approved","critical_battery","3","924","Limestone (General)/Marble/Talc-Soapstone","RESULTS OF THE 81ST MINING LICENSING COMMITTEE (MLC) MEETING HELD ON 31ST JULY, 2024","https://www.mmmd.gov.zm/?p=2923"
"Lincolnsabrina Equity Limited","organization","","","28471-HQ-SEL","Cancelled","gemstones","1","94","Quartz/Lithium/Tin","CANCELLATION OF NON-COMPLIANT MINING AND NON-MINING RIGHTS BY THE MINING LICENSING COMMITTEE (MLC)","https://www.mmmd.gov.zm/?p=2787"
"Linkstone Investments Limited","organization","North Western | Eastern","Solwezi | Nyimba, Petauke | Lundazi","33887-HQ-LEL | 23003-HQ-LEL | 23000-HQ-LEL","Rejected","gemstones","1","5731","Manganese/Quartz/Silver","RESULTS OF THE 77TH MINING LICENSING COMMITTEE (MLC) MEETING HELD ON 11TH TO 12TH JANUARY 2024","https://www.mmmd.gov.zm/?p=2675"
"LINPU PAT MINING LIMITED","organization","North Western","Solwezi","39792-HQ-SEL","APPROVED","gemstones","1","455","Quartz/Emerald/Amethyst","RESULTS OF THE 86TH MINING LICENSING COMMITTEE (MLC) MEETING HELD ON 27TH MARCH 2025","https://www.mmmd.gov.zm/?p=4061"
"Lintai Mining Company Limited","organization","North Western | Eastern | Central | Copperbelt | Southern","Solwezi | Petauke | Mkushi; Copperbelt, Masaiti | Ndola | Chingola, Mufulira | Itezhi Tezhi","35191-HQ-LEL | 35212-HQ-LEL | 34936-HQ-LEL | 37218-HQ-SEL | 37231-HQ-SEL | 41818-HQ-LEL","Deferred | deferred | Approved | Rejected","critical_battery","1","1176","Manganese/Lead/Zinc","RESULTS OF THE 78TH MINING LICENSING COMMITTEE (MLC) MEETING HELD ON 27TH FEBRUARY TO 1ST MARCH 2024","https://www.mmmd.gov.zm/?p=2785"
"LION ZONE DEVELOPMENT LIMITED","organization","Southern","Sinazongwe | Kalomo","40275-HQ-LEL | 41550-HQ-LEL","DEFERRED | Approved","gemstones","1","9142","Rare EarthsElements/Sheet Mica/Manganese","RESULTS OF THE 87TH MINING LICENSING COMMITTEE (MLC) MEETING HELD ON 7TH MAY, 2025","https://www.mmmd.gov.zm/?p=4069"
"Lipmar Resources Limited","organization","North Western","Kasempa","40160-HQ-SEL","Rejected","gemstones","3","655","Copper/Iron Ore/Gold","RESULTS OF THE 87TH MINING LICENSING COMMITTEE (MLC) MEETING HELD ON 7TH MAY, 2025","https://www.mmmd.gov.zm/?p=4069"
"Lipostide Resources Limited","organization","","","27327-HQ-SEL","Cancelled","gemstones","1","1733","Gold/Lithium/Aquamarine","CANCELLATION OF NON-COMPLIANT MINING AND NON-MINING RIGHTS BY THE MINING LICENSING COMMITTEE (MLC)","https://www.mmmd.gov.zm/?p=2787"
"Lisko Logistics Limited","organization","","","30206-HQ-SEL","Cancelled","gemstones","1","533","Manganese/Iron Ore/Silver","CANCELLATION OF NON-COMPLIANT MINING AND NON-MINING RIGHTS BY THE MINING LICENSING COMMITTEE (MLC)","https://www.mmmd.gov.zm/?p=2787"
"Lithachi Logistics Limited","organization","Eastern","Lundazi","33520-HQ-SEL","Approved","gemstones","1","461","Precious Gems/Semi-Precious Gems/Platinum","RESULTS OF THE 76TH MINING LICENSING COMMITTEE (MLC) MEETING HELD ON 17TH AND 20TH NOVEMBER 2023","https://www.mmmd.gov.zm/?p=2640"
"Litinta Resources Limited","organization","Southern | Copperbelt","Kalomo, Kazungula | Choma, Gwembe, Monze | Chililabombwe","32353-HQ-LEL | 32313-HQ-LEL | 34766-HQ-SEL","Approved | APPROVED","critical_battery","2","12237","Copper/Cobalt/Manganese","RESULTS OF THE 72ND MINING LICENSING COMMITTEE (MLC) MEETING HELD FROM 17TH TO 22 MAY 2023","https://www.mmmd.gov.zm/?p=2559"
"Litohonolo Resources Limited","organization","Lusaka | Central | Eastern","Chongwe | Mkushi | Chama","38583-HQ-LEL | 38587-HQ-LEL | 38792-HQ-LEL","Approved | APPROVED","gemstones","3","11512","Copper/Zinc/Manganese","RESULTS OF THE 82ND MINING LICENSING COMMITTEE (MLC) MEETING HELD ON 11TH SEPTEMBER, 2024","https://www.mmmd.gov.zm/?p=3378"
"Liuris Resources Limited","organization","Southern | North Western","Gwembe, Siavonga | Solwezi","35674-HQ-LEL | 38537-HQ-LEL","Approved","critical_battery","2","66988","Manganese/Malachite/Zinc","RESULTS OF THE 77TH MINING LICENSING COMMITTEE (MLC) MEETING HELD ON 11TH TO 12TH JANUARY 2024","https://www.mmmd.gov.zm/?p=2675"
"Liuzh Company Limited","organization","Central","Mkushi","38373-HQ-SEL | 38125-HQ-LEL | 42111-HQ-SML","Approved | REJECTED | Deferred","gemstones","2","7911","Copper/Gold/Aquamarine","RESULTS OF THE 82ND MINING LICENSING COMMITTEE (MLC) MEETING HELD ON 11TH SEPTEMBER, 2024","https://www.mmmd.gov.zm/?p=3378"
"Liyez Enterprises Limited","organization","Northern","Mpika","32429-HQ-LEL","Approved","critical_battery","1","9830","Lithium/Manganese/Copper","RESULTS OF THE 72ND MINING LICENSING COMMITTEE (MLC) MEETING HELD FROM 17TH TO 22 MAY 2023","https://www.mmmd.gov.zm/?p=2559"
"Lizamwe Enterprises Limited","organization","Copperbelt","Luanshya, Lufwanyama | Lufwanyama","35221-HQ-SEL | 35222-HQ-SEL | 35392-HQ-SEL | 35394-HQ-SEL | 35220-HQ-SEL","Approved | Deferred","gemstones","5","206","Gold/Silver/Manganese","RESULTS OF THE 76TH MINING LICENSING COMMITTEE (MLC) MEETING HELD ON 17TH AND 20TH NOVEMBER 2023","https://www.mmmd.gov.zm/?p=2640"
"Lizzie  Mukalati","person_or_unclassified","Southern","Kalomo","34196-HQ-AMR","Approved","industrial_minerals","1","7","Granite/Limestone (General)/Sand and Gravel","RESULTS OF THE 75TH MINING LICENSING COMMITTEE (MLC) MEETING HELD FROM 27TH TO 29TH SEPTEMBER 2023","https://www.mmmd.gov.zm/?p=2618"
"LOBITO RESOURCES LIMITED","organization","North Western","Solwezi","28312-HQ-LEL","DEFERRED | Approved","gemstones","1","50657","Garnet/Gemstones/Feldspar","RESULTS OF THE 85TH MINING LICENSING COMMITTEE (MLC) MEETING HELD ON 5TH MARCH, 2025","https://www.mmmd.gov.zm/?p=4013"
"LOBO GENERAL DEALERS LIMITED","organization","Central","Serenje","36726-HQ-LEL | 41173-HQ-SEL | 41890-HQ-SEL","Deferred | Approved","gemstones","1","2622","Tantalum/Quartz/Titanium","RESULTS OF THE 82ND MINING LICENSING COMMITTEE (MLC) MEETING HELD ON 11TH SEPTEMBER, 2024","https://www.mmmd.gov.zm/?p=3378"
"Lochiku Logistics Limited","organization","Central","Kapiri Mposhi, Mkushi","35575-HQ-LEL","Approved","gemstones","1","3664","Manganese/Iron Ore/Tourmaline","RESULTS OF THE 77TH MINING LICENSING COMMITTEE (MLC) MEETING HELD ON 11TH TO 12TH JANUARY 2024","https://www.mmmd.gov.zm/?p=2675"
"Longa Adele  Mwanauta","person_or_unclassified","North Western","Mufumbwe","36498-HQ-AMR","Approved","critical_battery","1","7","Lead/Manganese/Zinc","RESULTS OF THE 77TH MINING LICENSING COMMITTEE (MLC) MEETING HELD ON 11TH TO 12TH JANUARY 2024","https://www.mmmd.gov.zm/?p=2675"
"Longhorn Global Commodities Limited","organization","Luapula | North Western","Mansa, Mwense; Northern, Luwingu | Mufumbwe","40190-HQ-LEL | 41011-HQ-LEL","APPROVED | Rejected","gemstones","1","17292","Silver/Tourmaline/Zinc","RESULTS OF THE 87TH MINING LICENSING COMMITTEE (MLC) MEETING HELD ON 7TH MAY, 2025","https://www.mmmd.gov.zm/?p=4069"
"Longpula Investments Limited","organization","","","27476-HQ-SEL | 27477-HQ-SEL | 26426-HQ-SEL | 26435-HQ-SEL | 26436-HQ-SEL","Cancelled","gold","1","354","Iron Ore/Silver/Gold","CANCELLATION OF NON-COMPLIANT MINING AND NON-MINING RIGHTS BY THE MINING LICENSING COMMITTEE (MLC)","https://www.mmmd.gov.zm/?p=2787"
"Longvee industry Limited","organization","Copperbelt | Southern","Masaiti | Siavonga","37735-HQ-LEL | 37790-HQ-LEL | 37954-HQ-LEL","Approved","gemstones","3","21917","Copper/Feldspar/Iron Ore","RESULTS OF THE 80TH MINING LICENSING COMMITTEE (MLC) MEETING HELD ON 6TH TO 7TH AND 10TH JUNE 2024","https://www.mmmd.gov.zm/?p=2849"
"Longvee Investments Limited","organization","Copperbelt | Eastern | Southern","Chingola | Chililabombwe, Chingola | Chama | Gwembe","39172-HQ-SEL | 39171-HQ-SEL | 39667-HQ-SEL | 40344-HQ-LEL","Approved | APPROVED","gemstones","4","4149","Gold/Cobalt/Copper","RESULTS OF THE 84TH MINING LICENSING COMMITTEE (MLC) MEETING HELD ON 12TH DECEMBER, 2024","https://www.mmmd.gov.zm/?p=3780"
"Longvee Mining Limited","organization","Copperbelt","Chililabombwe, Chingola","37294-HQ-LEL","Approved","critical_battery","2","1970","Copper/Cobalt/Gold","RESULTS OF THE 78TH MINING LICENSING COMMITTEE (MLC) MEETING HELD ON 27TH FEBRUARY TO 1ST MARCH 2024","https://www.mmmd.gov.zm/?p=2785"
"Lords Craftsmen Enterprises Limited","organization","Central","Kapiri Mposhi","33921-HQ-LEL","Approved","critical_battery","1","7390","Nickel/Silver/Zinc","RESULTS OF THE 74TH MINING LICENSING COMMITTEE (MLC) MEETING HELD FROM 3RD TO 4TH AUGUST 2023","https://www.mmmd.gov.zm/?p=2598"
"Lorella Products Limited","organization","Eastern","Katete","30045-HQ-LEL | 26512-HQ-LEL | 27058-HQ-LEL","Cancelled","critical_battery","1","1800","Granite/Manganese/Silver","REMINDER ON RESULTS OF THE 70TH AND 71ST MINING LICENSING COMMITTEE (MLC) MEETINGS HELD IN FEBRUARY AND MARCH 2023","https://www.mmmd.gov.zm/?p=2555"
"Lorreen Chibbonta","person_or_unclassified","Lusaka","Chongwe","30729-HQ-AMR","","gold","1","7","Silver/Zinc/Quartz","REMINDER ON RESULTS OF THE 70TH AND 71ST MINING LICENSING COMMITTEE (MLC) MEETINGS HELD IN FEBRUARY AND MARCH 2023","https://www.mmmd.gov.zm/?p=2555"
"Lotuno Enterprises Limited","organization","Southern","Kalomo","25768-HQ-SEL | 35407-HQ-SML | 35407-HQ-AMR","Cancelled | Deferred | Rejected | Approved","gemstones","1","57","Tin/Tourmaline/Amethyst","CANCELLATION OF NON-COMPLIANT MINING AND NON-MINING RIGHTS BY THE MINING LICENSING COMMITTEE (MLC)","https://www.mmmd.gov.zm/?p=2787"
"Lotus Mining Limited","organization","Southern | Central","Kazungula | Chibombo","34555-HQ-LEL | 24484-HQ-SEL | 27837-HQ-SML | 34551-HQ-LEL","Approved | Cancelled | Rejected","critical_battery","1","336","Iron Ore/Manganese/Copper","RESULTS OF THE 78TH MINING LICENSING COMMITTEE (MLC) MEETING HELD ON 27TH FEBRUARY TO 1ST MARCH 2024","https://www.mmmd.gov.zm/?p=2785"
"Louis Mining Company Limited","organization","Eastern | Central","Mambwe, Petauke | Mkushi","27710-HQ-SEL | 27688-HQ-SEL | 36831-HQ-SEL","Cancelled | Rejected","critical_battery","1","97","Manganese/Silver/Copper","RESULTS OF THE 74TH MINING LICENSING COMMITTEE (MLC) MEETING HELD FROM 3RD TO 4TH AUGUST 2023","https://www.mmmd.gov.zm/?p=2598"
"Loved Mweene","person_or_unclassified","Central","Mumbwa","38206-HQ-AMR","Approved","gold","1","7","Gold/Copper","RESULTS OF THE 81ST MINING LICENSING COMMITTEE (MLC) MEETING HELD ON 31ST JULY, 2024","https://www.mmmd.gov.zm/?p=2923"
"Loveday  Mumba","person_or_unclassified","Copperbelt","Chingola","38233-HQ-AMR","","critical_battery","1","7","Malachite/Lead/Zinc","RESULTS OF THE 83RD MINING LICENSING COMMITTEE (MLC) MEETING HELD ON 30TH OCTOBER, 2024","https://www.mmmd.gov.zm/?p=3515"
"loveness mubanga","person_or_unclassified","Luapula","Mansa","38402-HQ-AMR","Deferred | Approved","critical_battery","2","13","Manganese/Silica/Zinc","RESULTS OF THE 82ND MINING LICENSING COMMITTEE (MLC) MEETING HELD ON 11TH SEPTEMBER, 2024","https://www.mmmd.gov.zm/?p=3378"
"Lovenne Story Shane","person_or_unclassified","Northern","Chinsali","33659-HQ-AMR","Deferred | Approved","gemstones","1","7","Manganese/Tantalum/Titanium","RESULTS OF THE 75TH MINING LICENSING COMMITTEE (MLC) MEETING HELD FROM 27TH TO 29TH SEPTEMBER 2023","https://www.mmmd.gov.zm/?p=2618"
"LSL CONSULTANCY & INVESTMENT LIMITED","organization","North Western","Mwinilunga","37866-HQ-SEL","Approved | APPROVED","critical_battery","1","111","Quartz/Nickel/Zinc","RESULTS OF THE 81ST MINING LICENSING COMMITTEE (MLC) MEETING HELD ON 31ST JULY, 2024","https://www.mmmd.gov.zm/?p=2923"
"LSS Corporate World Limited","organization","Lusaka","Chongwe, Kafue","32054-HQ-LEL","Approved","gemstones","1","11230","Nickel/Platinum Group Metals/Granite","RESULTS OF THE 73RD MINING LICENSING COMMITTEE (MLC) MEETING HELD FROM 29TH TO 30TH JUNE 2023","https://www.mmmd.gov.zm/?p=2583"
"Luamba Investment Company Limited","organization","Central","Mkushi","34685-HQ-SEL | 35069-HQ-SEL | 35072-HQ-SEL","Approved | REJECTED","critical_battery","1","549","Quartz/Silver/Tin","RESULTS OF THE 78TH MINING LICENSING COMMITTEE (MLC) MEETING HELD ON 27TH FEBRUARY TO 1ST MARCH 2024","https://www.mmmd.gov.zm/?p=2785"
"Luambulu Mining Limited","organization","","","29552-HQ-SEL | 29553-HQ-SEL | 29554-HQ-SEL | 29555-HQ-SEL","Cancelled","gemstones","1","994","Gold/Quartz/Tourmaline","CANCELLATION OF NON-COMPLIANT MINING AND NON-MINING RIGHTS BY THE MINING LICENSING COMMITTEE (MLC)","https://www.mmmd.gov.zm/?p=2787"
"Luangwa Gemfields Mining Company Limited","organization","Eastern","Chipata","35633-HQ-SEL","Approved","gemstones","1","116","Phosphorus-Phosphates/Nickel/Quartz","RESULTS OF THE 78TH MINING LICENSING COMMITTEE (MLC) MEETING HELD ON 27TH FEBRUARY TO 1ST MARCH 2024","https://www.mmmd.gov.zm/?p=2785"
"Luano Agricultural Development Limited","organization","Eastern","Chipata, Mambwe","33603-HQ-LEL","Approved","critical_battery","1","41856","Manganese/Silver/Zinc","RESULTS OF THE 73RD MINING LICENSING COMMITTEE (MLC) MEETING HELD FROM 29TH TO 30TH JUNE 2023","https://www.mmmd.gov.zm/?p=2583"
"Luapula Women In Extractive Mining Co-operative Society Limited","organization","Luapula","Mansa","34910-HQ-AMR","DEFERRED | Deferred | Approved","critical_battery","1","7","Iron Ore/Manganese/Quartz","RESULTS OF THE EXTRA ORDINARY MINING LICENSING COMMITTEE (MLC) MEETING HELD ON 27TH OCTOBER 2023","https://www.mmmd.gov.zm/?p=2626"
"Lubalashi Co-operative Limited","organization","Lusaka","Chongwe","33334-HQ-AMR | 33338-HQ-AMR","APPROVED","industrial_minerals","2","13","Limestone (General)","RESULTS OF THE 75TH MINING LICENSING COMMITTEE (MLC) MEETING HELD FROM 27TH TO 29TH SEPTEMBER 2023","https://www.mmmd.gov.zm/?p=2618"
"Luban Engineering Zambia Limited","organization","Southern | North Western | Eastern | Lusaka | Copperbelt","Mazabuka, Siavonga | Kasempa, Solwezi | Lundazi | Chongwe | Chingola","37608-HQ-LEL | 37734-HQ-LEL | 38234-HQ-LEL | 40414-HQ-SEL | 41722-HQ-LEL | 41731-HQ-SEL","Deferred | APPROVED | Approved","gemstones","2","1237","Iron Ore/Nickel/Gold","RESULTS OF THE 82ND MINING LICENSING COMMITTEE (MLC) MEETING HELD ON 11TH SEPTEMBER, 2024","https://www.mmmd.gov.zm/?p=3378"
"Lubinda Kaonde","person_or_unclassified","Central","Mumbwa","35935-HQ-AMR","Approved","industrial_minerals","1","7","Silica/Limestone (General)","SUBJECT: RESULTS OF THE 79TH MINING LICENSING COMMITTEE (MLC) MEETING HELD ON 11TH TO 12TH APRIL 2024","https://www.mmmd.gov.zm/?p=2794"
"Lubona Mining Company","organization","Northern | Copperbelt | Central","Mpika | Chililabombwe | Mkushi | Serenje","34866-HQ-SEL | 34867-HQ-SEL | 34911-HQ-LEL | 35337-HQ-SEL | 36142-HQ-LEL","APPROVED | Approved","gemstones","5","28347","Gold/Zinc/Manganese","RESULTS OF THE 75TH MINING LICENSING COMMITTEE (MLC) MEETING HELD FROM 27TH TO 29TH SEPTEMBER 2023","https://www.mmmd.gov.zm/?p=2618"
"Lubuchi geo-consultancy Limited","organization","Lusaka","Chongwe, Kafue","39665-HQ-SEL | 40349-HQ-SEL","Approved | Rejected","critical_battery","1","653","Iron Ore/Manganese/Gold","RESULTS OF THE 85TH MINING LICENSING COMMITTEE (MLC) MEETING HELD ON 5TH MARCH, 2025","https://www.mmmd.gov.zm/?p=4013"
"Lubuto Landscaping Limited","organization","North Western","Solwezi","35849-HQ-LEL","Approved","critical_battery","1","24866","Manganese/Silver/Zinc","RESULTS OF THE 78TH MINING LICENSING COMMITTEE (MLC) MEETING HELD ON 27TH FEBRUARY TO 1ST MARCH 2024","https://www.mmmd.gov.zm/?p=2785"
"Luchat Business Company Limited","organization","","","34768-HQ-SEL","Approved","gemstones","1","919","Emerald/Quartz/Copper","SUBJECT: RESULTS OF THE 79TH MINING LICENSING COMMITTEE (MLC) MEETING HELD ON 11TH TO 12TH APRIL 2024","https://www.mmmd.gov.zm/?p=2794"
"Luckking Star Investment Limited","organization","Lusaka | Northern","Kafue | Mbala | Chongwe","37448-HQ-SEL | 37449-HQ-SEL | 37774-HQ-LEL | 38240-HQ-SEL","Approved","gemstones","4","20259","Gold/Copper/Lead","SUBJECT: RESULTS OF THE 79TH MINING LICENSING COMMITTEE (MLC) MEETING HELD ON 11TH TO 12TH APRIL 2024","https://www.mmmd.gov.zm/?p=2794"
"Lucky crystal investments Limited","organization","Southern | North Western | Central","Kalomo | Solwezi | Serenje | Kalomo, Sinazongwe","37467-HQ-LEL | 38456-HQ-LEL | 38458-HQ-LEL | 39085-HQ-LEL","Approved | Deferred","gemstones","4","36896","Copper/Cobalt/Amethyst","SUBJECT: RESULTS OF THE 79TH MINING LICENSING COMMITTEE (MLC) MEETING HELD ON 11TH TO 12TH APRIL 2024","https://www.mmmd.gov.zm/?p=2794"
"Luco Mines Company Limited","organization","Southern | Copperbelt","Sinazongwe | Lufwanyama","7418-HQ-SML | 33970-HQ-SEL","Deferred | Approved","gemstones","2","325","Emerald/Copper/Quartz","RESULTS OF THE 82ND MINING LICENSING COMMITTEE (MLC) MEETING HELD ON 11TH SEPTEMBER, 2024","https://www.mmmd.gov.zm/?p=3378"
"Lucy Phiri","person_or_unclassified","Northern","Mpika","37652-HQ-AMR | 39144-HQ-AMR","Approved","iron_ferro","1","7","Quartz/Iron Ore/Gravel","RESULTS OF THE 81ST MINING LICENSING COMMITTEE (MLC) MEETING HELD ON 31ST JULY, 2024","https://www.mmmd.gov.zm/?p=2923"
"lucyc chungu","person_or_unclassified","North Western","Zambezi","40223-HQ-AMR","Approved","gemstones","1","7","Lead/Iron Ore/Quartz","RESULTS OF THE 87TH MINING LICENSING COMMITTEE (MLC) MEETING HELD ON 7TH MAY, 2025","https://www.mmmd.gov.zm/?p=4069"
"Lufwambula Small Scale Mining Limited","organization","Central","Chibombo","26346-HQ-SEL | 37600-HQ-SML | 37601-HQ-SML | 37602-HQ-SML | 39563-HQ-MPL","Cancelled | Deferred | Approved","gemstones","3","840","Gold/Copper/Cobalt","CANCELLATION OF NON-COMPLIANT MINING AND NON-MINING RIGHTS BY THE MINING LICENSING COMMITTEE (MLC)","https://www.mmmd.gov.zm/?p=2787"
"Lugubbe Multi-Purpose Co-operative Society Limited","organization","Southern","Choma","38404-HQ-AMR","Approved","gold","1","7","Mica/Limestone (General)/Silica","RESULTS OF THE 82ND MINING LICENSING COMMITTEE (MLC) MEETING HELD ON 11TH SEPTEMBER, 2024","https://www.mmmd.gov.zm/?p=3378"
"Luiri Miners Cooperative Society","organization","Central","Mumbwa","32385-HQ-AMR | 33050-HQ-AMR | 33049-HQ-AMR | 36942-HQ-AMR","Approved | APPROVED","critical_battery","3","20","Gold/Copper/Silver","RESULTS OF THE 75TH MINING LICENSING COMMITTEE (MLC) MEETING HELD FROM 27TH TO 29TH SEPTEMBER 2023","https://www.mmmd.gov.zm/?p=2618"
"Lukabu Westlake enterprises","organization","Northern","Kaputa","38485-HQ-SEL | 38830-HQ-SEL","","gemstones","2","1818","Iron Ore/Lead/Gold","RESULTS OF THE 83RD MINING LICENSING COMMITTEE (MLC) MEETING HELD ON 30TH OCTOBER, 2024","https://www.mmmd.gov.zm/?p=3515"
"Lukalia Mining Co-operative Society Limited","organization","Luapula","Mansa","38634-HQ-AMR","","critical_battery","1","7","Manganese/Sand/Sugilite","RESULTS OF THE 83RD MINING LICENSING COMMITTEE (MLC) MEETING HELD ON 30TH OCTOBER, 2024","https://www.mmmd.gov.zm/?p=3515"
"Lukamantano Energy Company Limited","organization","Southern","Sinazongwe","40431-HQ-LEL","Approved","energy_minerals","1","13407","Iron Ore/Lead/Zinc","RESULTS OF THE 88TH MINING LICENSING COMMITTEE (MLC) MEETING HELD ON 30TH MAY, 2025","https://www.mmmd.gov.zm/?p=4111"
"Lukanga Quarries Limited","organization","","","23166-HQ-SML","Cancelled","critical_battery","3","2434","Limestone (General)/Silver/Quartz","CANCELLATION OF NON-COMPLIANT MINING AND NON-MINING RIGHTS BY THE MINING LICENSING COMMITTEE (MLC)","https://www.mmmd.gov.zm/?p=2787"
"LUKANKO INVESTMENTS LIMITED","organization","North Western | Central","Kasempa | Mwinilunga | Mufumbwe | Chibombo","38271-HQ-LEL | 38625-HQ-SEL | 39815-HQ-LEL | 40378-HQ-SEL | 40683-HQ-SEL","Approved","gemstones","2","14174","Zinc/Copper/Gold","RESULTS OF THE 81ST MINING LICENSING COMMITTEE (MLC) MEETING HELD ON 31ST JULY, 2024","https://www.mmmd.gov.zm/?p=2923"
"Lukomaria Mining Investment Limited","organization","Copperbelt","Lufwanyama","31285-HQ-SEL","Deferred | Approved","gemstones","1","20","Emerald/Beryllium","RESULTS OF THE 82ND MINING LICENSING COMMITTEE (MLC) MEETING HELD ON 11TH SEPTEMBER, 2024","https://www.mmmd.gov.zm/?p=3378"
"LUKUNKA CENTRAL MULTI -PURPOSE CO-OPERATIVE SOCIETY LIMITED","organization","Central","Mumbwa","37614-HQ-AMR | 37615-HQ-AMR","","gold","2","13","Iron Ore/Gold/Copper","RESULTS OF THE 80TH MINING LICENSING COMMITTEE (MLC) MEETING HELD ON 6TH TO 7TH AND 10TH JUNE 2024","https://www.mmmd.gov.zm/?p=2849"
"Lukusashi Company Limited","organization","","","28410-HQ-LEL","Cancelled","critical_battery","1","8410","Manganese/Silver/Uranium","CANCELLATION OF NON-COMPLIANT MINING AND NON-MINING RIGHTS BY THE MINING LICENSING COMMITTEE (MLC)","https://www.mmmd.gov.zm/?p=2787"
"Lulamba Quarries Limited","organization","Southern","Livingstone","31273-HQ-SEL","Approved","construction_materials","1","169","Sand and Gravel/Crushed/Broken Stone","REMINDER ON RESULTS OF THE 70TH AND 71ST MINING LICENSING COMMITTEE (MLC) MEETINGS HELD IN FEBRUARY AND MARCH 2023","https://www.mmmd.gov.zm/?p=2555"
"Lulea Mining Engineering Limited","organization","Central","Chibombo | Chibombo; Lusaka, Kafue","31283-HQ-LEL | 31284-HQ-SEL","Approved","industrial_minerals","2","1907","Limestone (General)/Kaolin/Silica","REMINDER ON RESULTS OF THE 70TH AND 71ST MINING LICENSING COMMITTEE (MLC) MEETINGS HELD IN FEBRUARY AND MARCH 2023","https://www.mmmd.gov.zm/?p=2555"
"Lumbeni Multi-purpose Co-operative Society Limited","organization","Central","Kabwe","38350-HQ-AMR | 39462-HQ-AMR","Approved","critical_battery","2","13","Lead/Manganese/Zinc","RESULTS OF THE 82ND MINING LICENSING COMMITTEE (MLC) MEETING HELD ON 11TH SEPTEMBER, 2024","https://www.mmmd.gov.zm/?p=3378"
"Lumezi Mining Limited","organization","Eastern","Lundazi","33157-HQ-SEL","Approved","gemstones","1","47","Garnet","RESULTS OF THE 73RD MINING LICENSING COMMITTEE (MLC) MEETING HELD FROM 29TH TO 30TH JUNE 2023","https://www.mmmd.gov.zm/?p=2583"
"Lumuno Enterprises Limited","organization","","","27785-HQ-SEL | 27865-HQ-SEL","Cancelled","gemstones","2","1350","Iron Ore/Tourmaline/Gold","CANCELLATION OF NON-COMPLIANT MINING AND NON-MINING RIGHTS BY THE MINING LICENSING COMMITTEE (MLC)","https://www.mmmd.gov.zm/?p=2787"
"Lumwana Mining Co. Limited","organization","Northern | North Western","Chinsali, Kasama, Mungwi | Chinsali, Kasama, Mpika | Kasama, Luwingu | Chilubi, Kasama, Luwingu, Mpika | Solwezi | Chinsali, Kasama","37273-HQ-LEL | 37274-HQ-LEL | 40120-HQ-LEL | 40122-HQ-LEL | 40255-HQ-LEL | 41608-HQ-LEL","APPROVED | Approved","gemstones","12","699256","Gold/Silver/Cobalt","RESULTS OF THE 80TH MINING LICENSING COMMITTEE (MLC) MEETING HELD ON 6TH TO 7TH AND 10TH JUNE 2024","https://www.mmmd.gov.zm/?p=2849"
"LUNAREDGE VENTURES LIMITED","organization","North Western","Kabompo","40033-HQ-LEL | 42012-HQ-LEL | 42014-HQ-LEL | 42017-HQ-LEL","APPROVED | Deferred | Rejected","gemstones","1","10185","Manganese/Malachite/Lead","RESULTS OF THE 85TH MINING LICENSING COMMITTEE (MLC) MEETING HELD ON 5TH MARCH, 2025","https://www.mmmd.gov.zm/?p=4013"
"Lunda Resources Limited","organization","North Western","Mwinilunga","8248-HQ-SML","","critical_battery","2","796","Gold/Silver/Cobalt","RESULTS OF THE 87TH MINING LICENSING COMMITTEE (MLC) MEETING HELD ON 7TH MAY, 2025","https://www.mmmd.gov.zm/?p=4069"
"Lunga Minerals and Geological Limited","organization","","","8566-HQ-SML","Cancelled","base_metals","1","256","Copper","CANCELLATION OF NON-COMPLIANT MINING AND NON-MINING RIGHTS BY THE MINING LICENSING COMMITTEE (MLC)","https://www.mmmd.gov.zm/?p=2787"
"Lunsongwa and Mining  Exploration  Resources Limited","organization","North Western","Kabompo","35862-HQ-LEL","Approved","critical_battery","1","87354","Nickel/Zinc/Gold","RESULTS OF THE 77TH MINING LICENSING COMMITTEE (MLC) MEETING HELD ON 11TH TO 12TH JANUARY 2024","https://www.mmmd.gov.zm/?p=2675"
"Luongo Mineral Resources Limited","organization","Luapula","Mansa","38442-HQ-LEL","Approved","gemstones","1","8785","Platinum/Rubidium/Manganese","RESULTS OF THE 82ND MINING LICENSING COMMITTEE (MLC) MEETING HELD ON 11TH SEPTEMBER, 2024","https://www.mmmd.gov.zm/?p=3378"
"Lupande Investements Limited","organization","Eastern | Southern","Chama | Siavonga | Gwembe","30866-HQ-SEL | 32736-HQ-LEL | 32306-HQ-LEL","Approved | Cancelled","gemstones","3","16843","Gypsum/Iron Ore/Gold","REMINDER ON RESULTS OF THE 70TH AND 71ST MINING LICENSING COMMITTEE (MLC) MEETINGS HELD IN FEBRUARY AND MARCH 2023","https://www.mmmd.gov.zm/?p=2555"
"Lupansa Mining And Exploration Limited","organization","Northern","Mporokoso","36219-HQ-SEL","Approved","gemstones","1","371","Iron Ore/Manganese/Quartz","RESULTS OF THE 81ST MINING LICENSING COMMITTEE (MLC) MEETING HELD ON 31ST JULY, 2024","https://www.mmmd.gov.zm/?p=2923"
"Lusa Small Mines Limited","organization","Copperbelt","Lufwanyama","15940-HQ-SML","Rejected","gemstones","1","46","Emerald/Beryllium","REMINDER ON RESULTS OF THE 70TH AND 71ST MINING LICENSING COMMITTEE (MLC) MEETINGS HELD IN FEBRUARY AND MARCH 2023","https://www.mmmd.gov.zm/?p=2555"
"LUSAC BUILDERS MULTI- PURPOSE  CO-OPERATIVE SOCIETY LIMITED","organization","Lusaka | Northern","Chongwe | Isoka","37034-HQ-AMR | 37035-HQ-AMR","Approved","gemstones","2","13","Nickel/Anhydrite/Zinc","RESULTS OF THE 77TH MINING LICENSING COMMITTEE (MLC) MEETING HELD ON 11TH TO 12TH JANUARY 2024","https://www.mmmd.gov.zm/?p=2675"
"Lusan Indusries Ltd","organization","Northern","Mporokoso | Kaputa, Mporokoso","35365-HQ-SEL | 18663-HQ-LEL","Approved | Rejected | Deferred","gemstones","2","43555","Gold/Iron Ore/Cobalt","RESULTS OF THE 77TH MINING LICENSING COMMITTEE (MLC) MEETING HELD ON 11TH TO 12TH JANUARY 2024","https://www.mmmd.gov.zm/?p=2675"
"Lusangazi Nyakulemba Gold Minerals Resources Limited","organization","","","29035-HQ-SEL","Cancelled","gemstones","1","791","Tourmaline/Gold/Copper","CANCELLATION OF NON-COMPLIANT MINING AND NON-MINING RIGHTS BY THE MINING LICENSING COMMITTEE (MLC)","https://www.mmmd.gov.zm/?p=2787"
"Lusasha Mining and Contractors Limited","organization","","","29745-HQ-LEL","Cancelled","critical_battery","1","57465","Quartz/Manganese/Zinc","CANCELLATION OF NON-COMPLIANT MINING AND NON-MINING RIGHTS BY THE MINING LICENSING COMMITTEE (MLC)","https://www.mmmd.gov.zm/?p=2787"
"Lusho Watson Shamalime","person_or_unclassified","Southern","Mazabuka","35482-HQ-AMR","Approved","critical_battery","1","7","Manganese/Nickel/Lead","RESULTS OF THE 78TH MINING LICENSING COMMITTEE (MLC) MEETING HELD ON 27TH FEBRUARY TO 1ST MARCH 2024","https://www.mmmd.gov.zm/?p=2785"
"Lusinde Investments Limited","organization","","","8000-HQ-SML","Cancelled","other","1","155","Diatomite","CANCELLATION OF NON-COMPLIANT MINING AND NON-MINING RIGHTS BY THE MINING LICENSING COMMITTEE (MLC)","https://www.mmmd.gov.zm/?p=2787"
"Lutebwe Mining Zambia Limited","organization","Eastern","Chipata","35436-HQ-SEL","Deferred | Approved","gold","1","997","Lead/Quartz/Zinc","RESULTS OF THE 82ND MINING LICENSING COMMITTEE (MLC) MEETING HELD ON 11TH SEPTEMBER, 2024","https://www.mmmd.gov.zm/?p=3378"
"Luwan Excellency Investments Limited","organization","Southern | Central","Gwembe | Sinazongwe | Chibombo, Kapiri Mposhi","26983-HQ-LEL | 27694-HQ-LEL | 29865-HQ-SML | 29412-HQ-SEL | 27777-HQ-LEL","Deferred | Cancelled | Approved","critical_battery","5","18362","Silver/Limestone (General)/Zinc","REMINDER ON RESULTS OF THE 70TH AND 71ST MINING LICENSING COMMITTEE (MLC) MEETINGS HELD IN FEBRUARY AND MARCH 2023","https://www.mmmd.gov.zm/?p=2555"
"Luwi Business Resources Limited","organization","Southern","Kazungula","32091-HQ-LEL","Approved","critical_battery","1","15672","Silver/Manganese/Tin","RESULTS OF THE 77TH MINING LICENSING COMMITTEE (MLC) MEETING HELD ON 11TH TO 12TH JANUARY 2024","https://www.mmmd.gov.zm/?p=2675"
"Luwi Gemstone Mining Limited","organization","Copperbelt","Lufwanyama","38699-HQ-SEL","Approved","gemstones","1","180","Tourmaline/Emerald/Amethyst","RESULTS OF THE 84TH MINING LICENSING COMMITTEE (MLC) MEETING HELD ON 12TH DECEMBER, 2024","https://www.mmmd.gov.zm/?p=3780"
"Luwi Investments Limited","organization","Southern | North Western | Lusaka","Kalomo | Mwinilunga | Chongwe","24187-HQ-SEL | 25447-HQ-SEL | 25448-HQ-SEL | 36944-HQ-SML | 37529-HQ-SML | 37550-HQ-SML | 36945-HQ-SML | 38532-HQ-SEL | 38533-HQ-SEL","Cancelled | Deferred | Approved","gemstones","6","1917","Gold/Copper/Quartz","REMINDER ON RESULTS OF THE 70TH AND 71ST MINING LICENSING COMMITTEE (MLC) MEETINGS HELD IN FEBRUARY AND MARCH 2023","https://www.mmmd.gov.zm/?p=2555"
"Luwi Kalukangu","person_or_unclassified","Luapula","Samfya","30314-HQ-AMR","Cancelled | Deferred | Approved","critical_battery","1","7","Silica/Quartz/Manganese","CANCELLATION OF NON-COMPLIANT MINING AND NON-MINING RIGHTS BY THE MINING LICENSING COMMITTEE (MLC)","https://www.mmmd.gov.zm/?p=2787"
"Lwando Chabala","person_or_unclassified","Lusaka","Chongwe","34575-HQ-AMR","Approved","critical_battery","1","7","Lead/Manganese/Zinc","RESULTS OF THE 75TH MINING LICENSING COMMITTEE (MLC) MEETING HELD FROM 27TH TO 29TH SEPTEMBER 2023","https://www.mmmd.gov.zm/?p=2618"
"Lwantete Mining Limited","organization","North Western","Mwinilunga","25105-HQ-SML | 25097-HQ-SML","Deferred | Approved","critical_battery","2","526","Iron Ore/Manganese/Gold","REMINDER ON RESULTS OF THE 70TH AND 71ST MINING LICENSING COMMITTEE (MLC) MEETINGS HELD IN FEBRUARY AND MARCH 2023","https://www.mmmd.gov.zm/?p=2555"
"Lwebitech Farms Limited","organization","Central","Mumbwa","33623-HQ-SEL","Deferred","gold","1","944","Gold/Copper/Cobalt","RESULTS OF THE 73RD MINING LICENSING COMMITTEE (MLC) MEETING HELD FROM 29TH TO 30TH JUNE 2023","https://www.mmmd.gov.zm/?p=2583"
"Lwibbe Energy Company Limited","organization","Southern | Lusaka","Gwembe, Sinazongwe | Gwembe | Chongwe, Luangwa","40632-HQ-LEL | 40633-HQ-LEL | 40634-HQ-LEL | 42191-HQ-LEL","Approved","critical_battery","3","25273","Tin/Coal/Copper","RESULTS OF THE 88TH MINING LICENSING COMMITTEE (MLC) MEETING HELD ON 30TH MAY, 2025","https://www.mmmd.gov.zm/?p=4111"
"Lwimbo Copper Mine Limited","organization","","","12953-HQ-SML | 12954-HQ-SML","Cancelled","gold","2","750","Copper/Cobalt/Silver","CANCELLATION OF NON-COMPLIANT MINING AND NON-MINING RIGHTS BY THE MINING LICENSING COMMITTEE (MLC)","https://www.mmmd.gov.zm/?p=2787"
"Lxco investment Company Limited","organization","Southern | Copperbelt","Choma | Chililabombwe","33436-HQ-SEL | 32007-HQ-SML | 33436-HQ-LEL","Deferred | Approved","gold","2","661","Gold/Copper/Cobalt","RESULTS OF THE 72ND MINING LICENSING COMMITTEE (MLC) MEETING HELD FROM 17TH TO 22 MAY 2023","https://www.mmmd.gov.zm/?p=2559"
"Lydia Chambeshi","person_or_unclassified","Central","Kapiri Mposhi","23499-HQ-AMR | 23500-HQ-AMR | 23457-HQ-AM | 23457-HQ-AMR","Rejected | Deferred","critical_battery","3","20","Manganese/Gold/Copper","RESULTS OF THE 74TH MINING LICENSING COMMITTEE (MLC) MEETING HELD FROM 3RD TO 4TH AUGUST 2023","https://www.mmmd.gov.zm/?p=2598"
"Lying Dragon Investment Company Limited","organization","North Western","Mufumbwe","34687-HQ-LEL","Approved","critical_battery","1","23614","Manganese/Zinc/Gold","RESULTS OF THE 78TH MINING LICENSING COMMITTEE (MLC) MEETING HELD ON 27TH FEBRUARY TO 1ST MARCH 2024","https://www.mmmd.gov.zm/?p=2785"
"Lyon Investment Zambia Limited","organization","Northern | Luapula","Chinsali | Chinsali, Mpika | Mansa, Samfya","30917-HQ-LEL | 31135-HQ-LEL | 29118-HQ-LEL | 39129-HQ-LML","Cancelled | Approved | APPROVED","critical_battery","5","179899","Manganese/Gold/Copper","REMINDER ON RESULTS OF THE 70TH AND 71ST MINING LICENSING COMMITTEE (MLC) MEETINGS HELD IN FEBRUARY AND MARCH 2023","https://www.mmmd.gov.zm/?p=2555"
"Lyon Mining Zambia Limited","organization","","","30474-HQ-LEL","Cancelled","gemstones","1","3912","Quartz/Platinum/Tantalum","CANCELLATION OF NON-COMPLIANT MINING AND NON-MINING RIGHTS BY THE MINING LICENSING COMMITTEE (MLC)","https://www.mmmd.gov.zm/?p=2787"
"M.A.C General Dealers Limited","organization","","","7080-HQ-SML","Cancelled","gemstones","1","189","Emerald/Beryllium","CANCELLATION OF NON-COMPLIANT MINING AND NON-MINING RIGHTS BY THE MINING LICENSING COMMITTEE (MLC)","https://www.mmmd.gov.zm/?p=2787"
"M.G Mwanjisi Auto Parts Limited","organization","Copperbelt","Lufwanyama","33167-HQ-SEL","","gemstones","1","44","Emerald","RESULTS OF THE 74TH MINING LICENSING COMMITTEE (MLC) MEETING HELD FROM 3RD TO 4TH AUGUST 2023","https://www.mmmd.gov.zm/?p=2598"
"Maamba Colieries Limited","organization","Southern","Kalomo | Kalomo, Sinazongwe","37747-HQ-LEL | 37819-HQ-LEL","Approved","gemstones","4","19497","Tantalum/Lithium/Amethyst","RESULTS OF THE 80TH MINING LICENSING COMMITTEE (MLC) MEETING HELD ON 6TH TO 7TH AND 10TH JUNE 2024","https://www.mmmd.gov.zm/?p=2849"
"Mable Namuyemba","person_or_unclassified","Luapula","Milenge","33346-HQ-AMR","Approved","critical_battery","1","7","Iron Ore/Manganese/Zinc","RESULTS OF THE 75TH MINING LICENSING COMMITTEE (MLC) MEETING HELD FROM 27TH TO 29TH SEPTEMBER 2023","https://www.mmmd.gov.zm/?p=2618"
"Mabula Mining Company Limited","organization","Lusaka | Central | Southern","Chongwe | Chibombo | Mazabuka","31711-HQ-SML | 25736-HQ-SEL | 37477-HQ-SML | 37828-HQ-SML","Rejected | Approved | Deferred","gemstones","7","4496","Limestone (General)/Granite/Copper","RESULTS OF THE 78TH MINING LICENSING COMMITTEE (MLC) MEETING HELD ON 27TH FEBRUARY TO 1ST MARCH 2024","https://www.mmmd.gov.zm/?p=2785"
"Mabwetuba Investments Limited","organization","Southern | North Western | Central","Mazabuka | Kabompo | Solwezi | Mkushi","37232-HQ-LEL | 38227-HQ-SEL | 38719-HQ-LEL | 38720-HQ-SEL | 38756-HQ-LEL","Approved | Deferred | REJECTED","gemstones","4","32705","Gold/Copper/Cobalt","SUBJECT: RESULTS OF THE 79TH MINING LICENSING COMMITTEE (MLC) MEETING HELD ON 11TH TO 12TH APRIL 2024","https://www.mmmd.gov.zm/?p=2794"
"Machiba Computers Limited","organization","Southern","Mazabuka","35351-HQ-SEL","Approved","critical_battery","1","937","Silica/Zinc/Manganese","RESULTS OF THE 82ND MINING LICENSING COMMITTEE (MLC) MEETING HELD ON 11TH SEPTEMBER, 2024","https://www.mmmd.gov.zm/?p=3378"
"Machinyise Musa Kafimbwa","person_or_unclassified","Central | North Western","Serenje | Solwezi","37364-HQ-AMR | 37365-HQ-AMR | 38241-HQ-AMR | 38256-HQ-AMR","Deferred | Approved","gemstones","4","27","Nickel/Silver/Zinc","SUBJECT: RESULTS OF THE 79TH MINING LICENSING COMMITTEE (MLC) MEETING HELD ON 11TH TO 12TH APRIL 2024","https://www.mmmd.gov.zm/?p=2794"
"Mackford General Works Limited","organization","Central","Mkushi","32666-HQ-SEL","Approved","gemstones","1","363","Manganese/Quartz/Copper","RESULTS OF THE 73RD MINING LICENSING COMMITTEE (MLC) MEETING HELD FROM 29TH TO 30TH JUNE 2023","https://www.mmmd.gov.zm/?p=2583"
"Macro Mining Africa Limited","organization","Lusaka | Central","Kafue | Mumbwa","35040-HQ-MPL | 28774-HQ-SEL","Approved | Deferred | REJECTED","critical_battery","4","342","Gold/Nickel/Zinc","RESULTS OF THE 77TH MINING LICENSING COMMITTEE (MLC) MEETING HELD ON 11TH TO 12TH JANUARY 2024","https://www.mmmd.gov.zm/?p=2675"
"Madar Mining Industry Zambia Limited","organization","Copperbelt","Masaiti, Ndola | Chingola | Masaiti","32663-HQ-LEL | 32661-HQ-LEL | 32167-HQ-LEL | 32662-HQ-LEL","Approved","gemstones","4","4860","Manganese/Lead/Silver","RESULTS OF THE 72ND MINING LICENSING COMMITTEE (MLC) MEETING HELD FROM 17TH TO 22 MAY 2023","https://www.mmmd.gov.zm/?p=2559"
"Madar Mining Zambia Limited","organization","Northern","Mbala, Mporokoso, Mpulungu, Mungwi","32667-HQ-LEL","Approved","gemstones","1","79372","Rare EarthsElements/Manganese/Lead","RESULTS OF THE 72ND MINING LICENSING COMMITTEE (MLC) MEETING HELD FROM 17TH TO 22 MAY 2023","https://www.mmmd.gov.zm/?p=2559"
"Madi Resources Limited","organization","Northern | Central","Mpika | Mkushi | Chinsali","37989-HQ-LEL | 37990-HQ-LEL | 38297-HQ-LEL","Approved","critical_battery","2","17680","Quartz/Nickel/Zinc","RESULTS OF THE 81ST MINING LICENSING COMMITTEE (MLC) MEETING HELD ON 31ST JULY, 2024","https://www.mmmd.gov.zm/?p=2923"
"Madibba Resources  And Exploration Company Limited","organization","Southern","Kalomo","37565-HQ-LEL","Approved","gemstones","1","2463","Radium/Silver/Quartz","SUBJECT: RESULTS OF THE 79TH MINING LICENSING COMMITTEE (MLC) MEETING HELD ON 11TH TO 12TH APRIL 2024","https://www.mmmd.gov.zm/?p=2794"
"Madibba Resources Multipurpose Cooperative Society","organization","Southern","Kalomo","33612-HQ-AMR | 38325-HQ-AMR","Approved","gemstones","1","7","Quartz/Radium/Nickel","RESULTS OF THE 75TH MINING LICENSING COMMITTEE (MLC) MEETING HELD FROM 27TH TO 29TH SEPTEMBER 2023","https://www.mmmd.gov.zm/?p=2618"
"Mafota Minerals and Mines Limited","organization","","","29637-HQ-SEL","Cancelled","critical_battery","1","949","Manganese/Gold/Copper","CANCELLATION OF NON-COMPLIANT MINING AND NON-MINING RIGHTS BY THE MINING LICENSING COMMITTEE (MLC)","https://www.mmmd.gov.zm/?p=2787"
"Mafula Minerals Resources  Limited","organization","North Western","Solwezi","30872-HQ-LEL","","critical_battery","1","2623","Manganese/Silver/Zinc","REMINDER ON RESULTS OF THE 70TH AND 71ST MINING LICENSING COMMITTEE (MLC) MEETINGS HELD IN FEBRUARY AND MARCH 2023","https://www.mmmd.gov.zm/?p=2555"
"Mafula Mining Limited","organization","Central | Luapula","Serenje; Northern, Mpika | Samfya; Northern, Chilubi, Luwingu","24559-HQ-LEL | 24560-HQ-LEL | 30026-HQ-SEL","Rejected | Cancelled","gemstones","1","902","Platinum/Nickel/Silver","RESULTS OF THE 72ND MINING LICENSING COMMITTEE (MLC) MEETING HELD FROM 17TH TO 22 MAY 2023","https://www.mmmd.gov.zm/?p=2559"
"Maggie Nkole","person_or_unclassified","Southern","Kalomo","34722-HQ-AMR","Approved","gemstones","1","7","Manganese/Iron Ore/Quartz","RESULTS OF THE 75TH MINING LICENSING COMMITTEE (MLC) MEETING HELD FROM 27TH TO 29TH SEPTEMBER 2023","https://www.mmmd.gov.zm/?p=2618"
"Magna Mining Limited","organization","Central","Chibombo | Kapiri Mposhi, Mkushi | Mumbwa | Serenje","25364-HQ-LEL | 24870-HQ-LEL | 25470-HQ-LEL | 25506-HQ-LEL | 25365-HQ-SEL | 20617-HQ-LEL | 21700-HQ-LEL | 41140-HQ-LML","Cancelled | Rejected | Approved | Deferred | APPROVED | DEFERRED","gemstones","5","71697","Copper/Gold/Manganese","REMINDER ON RESULTS OF THE 70TH AND 71ST MINING LICENSING COMMITTEE (MLC) MEETINGS HELD IN FEBRUARY AND MARCH 2023","https://www.mmmd.gov.zm/?p=2555"
"Magna Vita Investments Limited","organization","Central","Chibombo, Kapiri Mposhi","30613-HQ-SEL | 30493-HQ-SEL | 30494-HQ-LEL","Rejected | Cancelled","critical_battery","4","2981","Gold/Silver/Cobalt","REMINDER ON RESULTS OF THE 70TH AND 71ST MINING LICENSING COMMITTEE (MLC) MEETINGS HELD IN FEBRUARY AND MARCH 2023","https://www.mmmd.gov.zm/?p=2555"
"Magnum Gulf Resources (Zambia) Limited","organization","Central","Mumbwa; Lusaka, Kafue | Chibombo, Mumbwa; Lusaka, Kafue","32345-HQ-LEL | 32447-HQ-LEL","Approved","critical_battery","2","47698","Manganese/Limestone (General)/Dolomite","RESULTS OF THE 73RD MINING LICENSING COMMITTEE (MLC) MEETING HELD FROM 29TH TO 30TH JUNE 2023","https://www.mmmd.gov.zm/?p=2583"
"Magnus Mining Limited","organization","Luapula | Lusaka | Southern","Mansa, Mwense | Milenge | Kafue | Itezhi Tezhi","38445-HQ-LEL | 38759-HQ-LEL | 39093-HQ-LEL | 39074-HQ-SEL","Approved | APPROVED","gemstones","2","36804","Manganese/Quartz/Limestone (General)","RESULTS OF THE 82ND MINING LICENSING COMMITTEE (MLC) MEETING HELD ON 11TH SEPTEMBER, 2024","https://www.mmmd.gov.zm/?p=3378"
"Mahamu Holdings Limited","organization","Copperbelt","Lufwanyama","34855-HQ-LEL","Approved","gold","1","24017","Gold/Silver/Coal","RESULTS OF THE 76TH MINING LICENSING COMMITTEE (MLC) MEETING HELD ON 17TH AND 20TH NOVEMBER 2023","https://www.mmmd.gov.zm/?p=2640"
"Mainga Aongola","person_or_unclassified","North Western","Solwezi","29547-HQ-AMR","Deferred","industrial_minerals","2","13","Sand and Gravel/Silica/Molding","RESULTS OF THE 82ND MINING LICENSING COMMITTEE (MLC) MEETING HELD ON 11TH SEPTEMBER, 2024","https://www.mmmd.gov.zm/?p=3378"
"Mainga Mbuye Mbuye","person_or_unclassified","Southern","Livingstone","34444-HQ-AMR","APPROVED","iron_ferro","1","7","Sandstone/Sand and Gravel/Iron Ore","RESULTS OF THE EXTRA ORDINARY MINING LICENSING COMMITTEE (MLC) MEETING HELD ON 27TH OCTOBER 2023","https://www.mmmd.gov.zm/?p=2626"
"Majeed Pasha Investments Limited","organization","Central","Mumbwa","39281-HQ-SEL","Approved","gold","1","990","Gold/Iron Ore/Cobalt","RESULTS OF THE 84TH MINING LICENSING COMMITTEE (MLC) MEETING HELD ON 12TH DECEMBER, 2024","https://www.mmmd.gov.zm/?p=3780"
"Makaasa Multi-Purpose Co-operative Society Limited","organization","North Western","Mwinilunga","35294-HQ-AMR | 35296-HQ-AMR | 35295-HQ-AMR","APPROVED | Deferred | Approved","critical_battery","3","17","Quartz/Nickel/Rare EarthsElements","RESULTS OF THE EXTRA ORDINARY MINING LICENSING COMMITTEE (MLC) MEETING HELD ON 27TH OCTOBER 2023","https://www.mmmd.gov.zm/?p=2626"
"Makali Enterprises Limited","organization","","","07211-HQ-SML","Cancelled","gemstones","1","75","Emerald/Beryllium","CANCELLATION OF NON-COMPLIANT MINING AND NON-MINING RIGHTS BY THE MINING LICENSING COMMITTEE (MLC)","https://www.mmmd.gov.zm/?p=2787"
"Makandwe Multi-purpose cooperative Society Limited","organization","Central","Chibombo","36638-HQ-AMR | 41257-HQ-AMR","APPROVED","gold","1","7","Iron Ore/Silver/Gold","RESULTS OF THE EXTRA ORDINARY MINING LICENSING COMMITTEE (MLC) MEETING HELD ON 27TH OCTOBER 2023","https://www.mmmd.gov.zm/?p=2626"
"Makeni College School of Nursing","organization","Central","Kabwe","21308-HQ-LEL","Approved","critical_battery","1","11073","Tantalum/Thallium/Silver","REMINDER ON RESULTS OF THE 70TH AND 71ST MINING LICENSING COMMITTEE (MLC) MEETINGS HELD IN FEBRUARY AND MARCH 2023","https://www.mmmd.gov.zm/?p=2555"
"Makgowan Resources Limited","organization","Copperbelt | Central","Kitwe | Serenje","32225-HQ-SEL | 32699-HQ-SEL","Approved","critical_battery","2","1057","Granite/Iron Ore/Manganese","RESULTS OF THE 72ND MINING LICENSING COMMITTEE (MLC) MEETING HELD FROM 17TH TO 22 MAY 2023","https://www.mmmd.gov.zm/?p=2559"
"Makgreen Consultant Limited","organization","Central","Mumbwa","35136-HQ-SEL | 35734-HQ-SEL | 40482-HQ-SML","Approved | Deferred | APPROVED","gemstones","1","13","Manganese/Laterite/Nickel","RESULTS OF THE 77TH MINING LICENSING COMMITTEE (MLC) MEETING HELD ON 11TH TO 12TH JANUARY 2024","https://www.mmmd.gov.zm/?p=2675"
"MAKOOLA RESOURCES LIMITED","organization","North Western","Solwezi","38549-HQ-LEL | 38550-HQ-LEL","Approved","gemstones","2","46834","Emerald/Manganese/Nickel","RESULTS OF THE 84TH MINING LICENSING COMMITTEE (MLC) MEETING HELD ON 12TH DECEMBER, 2024","https://www.mmmd.gov.zm/?p=3780"
"Maks Hill Investment Limited","organization","Luapula | Copperbelt | Northern","Samfya | Lufwanyama | Chinsali","36960-HQ-SEL | 37334-HQ-SEL | 41111-HQ-LEL | 41111-HQ-SEL","Approved | Deferred","critical_battery","1","440","Gold/Manganese/Cobalt","RESULTS OF THE 77TH MINING LICENSING COMMITTEE (MLC) MEETING HELD ON 11TH TO 12TH JANUARY 2024","https://www.mmmd.gov.zm/?p=2675"
"Malabwe Mine Limited","organization","","","07146-HQ-SML","Cancelled","gemstones","1","96","Emerald/Beryllium","CANCELLATION OF NON-COMPLIANT MINING AND NON-MINING RIGHTS BY THE MINING LICENSING COMMITTEE (MLC)","https://www.mmmd.gov.zm/?p=2787"
"Malambo Mining Limited","organization","North Western","Solwezi | Kasempa","32584-HQ-SEL | 32673-HQ-SEL | 32305-HQ-SEL","Approved","gemstones","3","1765","Lithium/Silver/Quartz","RESULTS OF THE 72ND MINING LICENSING COMMITTEE (MLC) MEETING HELD FROM 17TH TO 22 MAY 2023","https://www.mmmd.gov.zm/?p=2559"
"Malani Ng'ambi","person_or_unclassified","Central","Kabwe","32030-HQ-AMR | 33622-HQ-AMR","Approved","base_metals","2","13","Zinc/Quartz/Copper","RESULTS OF THE 72ND MINING LICENSING COMMITTEE (MLC) MEETING HELD FROM 17TH TO 22 MAY 2023","https://www.mmmd.gov.zm/?p=2559"
"Maleka Mining & Farming Resources Limited","organization","Copperbelt","Mpongwe","35944-HQ-SML | 30348-HQ-SEL","Approved | Cancelled","critical_battery","1","399","Silica/Manganese/Silver","RESULTS OF THE 75TH MINING LICENSING COMMITTEE (MLC) MEETING HELD FROM 27TH TO 29TH SEPTEMBER 2023","https://www.mmmd.gov.zm/?p=2618"
"Malemashi Copper Mult Purpose Cooperative Society Limited","organization","Central","Mumbwa","32997-HQ-AMR","Approved","gemstones","1","7","Quartz/Silver/Tourmaline","RESULTS OF THE 73RD MINING LICENSING COMMITTEE (MLC) MEETING HELD FROM 29TH TO 30TH JUNE 2023","https://www.mmmd.gov.zm/?p=2583"
"Malibu Mining Limited","organization","Central","Chibombo | Chibombo, Kapiri Mposhi | Mumbwa; Southern, Itezhi Tezhi","33740-HQ-SEL | 39787-HQ-SML | 40605-HQ-SEL | 40712-HQ-LEL | 41923-HQ-LEL","Deferred | Approved | Rejected","gold","3","900","Gold/Silver/Zinc","RESULTS OF THE 76TH MINING LICENSING COMMITTEE (MLC) MEETING HELD ON 17TH AND 20TH NOVEMBER 2023","https://www.mmmd.gov.zm/?p=2640"
"Malica Enterprises Limited","organization","Eastern","Nyimba, Petauke","39565-HQ-LEL","Approved","gemstones","1","11832","Lithium/Manganese/Kyanite","RESULTS OF THE 86TH MINING LICENSING COMMITTEE (MLC) MEETING HELD ON 27TH MARCH 2025","https://www.mmmd.gov.zm/?p=4061"
"Malimba East Quardz Mine Limited","organization","Central","Mumbwa","36185-HQ-SML","Approved","gemstones","1","370","Quartz/Iron Ore/Tourmaline","RESULTS OF THE 82ND MINING LICENSING COMMITTEE (MLC) MEETING HELD ON 11TH SEPTEMBER, 2024","https://www.mmmd.gov.zm/?p=3378"
"Maliot Goldhill Zambia Limited","organization","Southern | Central","Kalomo | Serenje | Chibombo","31043-HQ-SEL | 30651-HQ-LEL | 29193-HQ-SEL | 39946-HQ-SEL | 39952-HQ-SEL","Deferred | Cancelled | DEFERRED | Rejected","critical_battery","2","15091","Gold/Lead/Cobalt","REMINDER ON RESULTS OF THE 70TH AND 71ST MINING LICENSING COMMITTEE (MLC) MEETINGS HELD IN FEBRUARY AND MARCH 2023","https://www.mmmd.gov.zm/?p=2555"
"Malota Multpurpose Cooperative Society Limited","organization","Central","Mumbwa","32573-HQ-AMR | 33041-HQ-AMR","Approved","critical_battery","1","7","Limestone (General)/Lead/Zinc","RESULTS OF THE 75TH MINING LICENSING COMMITTEE (MLC) MEETING HELD FROM 27TH TO 29TH SEPTEMBER 2023","https://www.mmmd.gov.zm/?p=2618"
"MALUNECHA RESOURCES LIMITED","organization","Northern | North Western | Central","Mpika | Mpulungu | Mufumbwe | Mumbwa","39151-HQ-LEL | 39156-HQ-LEL | 39086-HQ-LEL | 39287-HQ-SEL","Approved | Deferred | APPROVED","gemstones","4","26645","Gold/Copper/Cobalt","RESULTS OF THE 84TH MINING LICENSING COMMITTEE (MLC) MEETING HELD ON 12TH DECEMBER, 2024","https://www.mmmd.gov.zm/?p=3780"
"Mambombu Mining Limited","organization","North Western","Mwinilunga, Solwezi","37286-HQ-SEL","Approved","gold","1","151","Granite/Iron Ore/Limestone (General)","RESULTS OF THE 80TH MINING LICENSING COMMITTEE (MLC) MEETING HELD ON 6TH TO 7TH AND 10TH JUNE 2024","https://www.mmmd.gov.zm/?p=2849"
"Manasa Mining Associates Limited","organization","Copperbelt | Central","Lufwanyama | Mkushi","37321-HQ-LEL | 37326-HQ-LEL","Approved","gemstones","2","5474","Quartz/Nickel/Zinc","RESULTS OF THE 78TH MINING LICENSING COMMITTEE (MLC) MEETING HELD ON 27TH FEBRUARY TO 1ST MARCH 2024","https://www.mmmd.gov.zm/?p=2785"
"Mandlethu Zambia Ltd","organization","Copperbelt","Lufwanyama","16887-HQ-SML","Deferred","gemstones","1","121","Mica/Tourmaline/Emerald","RESULTS OF THE 82ND MINING LICENSING COMMITTEE (MLC) MEETING HELD ON 11TH SEPTEMBER, 2024","https://www.mmmd.gov.zm/?p=3378"
"Manfred Drilling,Blasting & General Delears","person_or_unclassified","Eastern","Chama","18979-HQ-SML","Cancelled | Deferred","gemstones","1","369","Niobium (Columbium)/Mica/Quartz","CANCELLATION OF NON-COMPLIANT MINING AND NON-MINING RIGHTS BY THE MINING LICENSING COMMITTEE (MLC)","https://www.mmmd.gov.zm/?p=2787"
"MANFUIL MINING COMPANY LIMITED","organization","Central","Kabwe","39847-HQ-MPL","Approved","base_metals","1","20","Sand/Zinc/Gravel","RESULTS OF THE 85TH MINING LICENSING COMMITTEE (MLC) MEETING HELD ON 5TH MARCH, 2025","https://www.mmmd.gov.zm/?p=4013"
"Mangal Mine Limited","organization","Central | Copperbelt","Mumbwa | Lufwanyama, Mpongwe; North Western, Solwezi","07318-HQ-SML | 41010-HQ-LEL | 41529-HQ-LEL","Cancelled | Approved","gemstones","1","169","Emerald","CANCELLATION OF NON-COMPLIANT MINING AND NON-MINING RIGHTS BY THE MINING LICENSING COMMITTEE (MLC)","https://www.mmmd.gov.zm/?p=2787"
"Mango Grove Investments Limited","organization","North Western","Solwezi","26437-HQ-LEL | 27462-HQ-LEL | 27463-HQ-SEL | 26379-HQ-SEL | 26380-HQ-SEL","Rejected | Cancelled","critical_battery","2","1159","Lead/Quartz/Zinc","REMINDER ON RESULTS OF THE 70TH AND 71ST MINING LICENSING COMMITTEE (MLC) MEETINGS HELD IN FEBRUARY AND MARCH 2023","https://www.mmmd.gov.zm/?p=2555"
"Mango Mining Co-operative Society Limited","organization","Central","Kabwe | Chibombo","36627-HQ-AMR | 36630-HQ-AMR | 41248-HQ-AMR | 42083-HQ-AMR","APPROVED | Approved","critical_battery","1","7","Gold/Nickel/Cobalt","RESULTS OF THE EXTRA ORDINARY MINING LICENSING COMMITTEE (MLC) MEETING HELD ON 27TH OCTOBER 2023","https://www.mmmd.gov.zm/?p=2626"
"Manjimela Benson","person_or_unclassified","North Western","Mwinilunga","30107-HQ-AMR | 41527-HQ-AMR","Approved | APPROVED","gold","1","7","Iron Ore/Silver/Gold","REMINDER ON RESULTS OF THE 70TH AND 71ST MINING LICENSING COMMITTEE (MLC) MEETINGS HELD IN FEBRUARY AND MARCH 2023","https://www.mmmd.gov.zm/?p=2555"
"Mano Yachilamaka Mining Company Limited","organization","Copperbelt","Lufwanyama","30957-HQ-SML","Approved","gemstones","1","78","Emerald/Beryllium","RESULTS OF THE 78TH MINING LICENSING COMMITTEE (MLC) MEETING HELD ON 27TH FEBRUARY TO 1ST MARCH 2024","https://www.mmmd.gov.zm/?p=2785"
"Manvi Mining Associates Limited","organization","North Western | Luapula | Copperbelt | Central","Mufumbwe; Western, Kaoma | Kasempa, Mufumbwe | Mansa | Lufwanyama | Mkushi","37197-HQ-LEL | 37196-HQ-SEL | 37195-HQ-SEL | 37198-HQ-SEL | 37194-HQ-SEL | 37199-HQ-SEL","Approved","gemstones","6","3937","Lead/Copper/Manganese","RESULTS OF THE 78TH MINING LICENSING COMMITTEE (MLC) MEETING HELD ON 27TH FEBRUARY TO 1ST MARCH 2024","https://www.mmmd.gov.zm/?p=2785"
"Manyame Manasseh","person_or_unclassified","Luapula","Mansa","31237-HQ-AMR","","gemstones","1","7","Quartz/Ruby/Sugilite","REMINDER ON RESULTS OF THE 70TH AND 71ST MINING LICENSING COMMITTEE (MLC) MEETINGS HELD IN FEBRUARY AND MARCH 2023","https://www.mmmd.gov.zm/?p=2555"
"Maosheng Mineral Resources Limited","organization","Central","Mumbwa","8531-HQ-SML","Approved | Cancelled","base_metals","1","297","Copper","RESULTS OF THE 73RD MINING LICENSING COMMITTEE (MLC) MEETING HELD FROM 29TH TO 30TH JUNE 2023","https://www.mmmd.gov.zm/?p=2583"
"Maosheng Mineral Resources Zambia Limited","organization","Central","Mumbwa","30744-HQ-MPL","Approved | Cancelled","critical_battery","1","53","Gold/Manganese/Cobalt","REMINDER ON RESULTS OF THE 70TH AND 71ST MINING LICENSING COMMITTEE (MLC) MEETINGS HELD IN FEBRUARY AND MARCH 2023","https://www.mmmd.gov.zm/?p=2555"
"Mapalo Quarries Limited","organization","Copperbelt","Luanshya, Ndola","34956-HQ-SEL | 39432-HQ-SML","Deferred | Approved","gold","1","213","Platinum/Silver/Zinc","RESULTS OF THE 82ND MINING LICENSING COMMITTEE (MLC) MEETING HELD ON 11TH SEPTEMBER, 2024","https://www.mmmd.gov.zm/?p=3378"
"Mapatizya Central Multi-Purpose Cooperative Society","organization","Southern","Kalomo","33884-HQ-AMR","APPROVED","gemstones","1","7","Lithium/Lead/Mica","RESULTS OF THE 75TH MINING LICENSING COMMITTEE (MLC) MEETING HELD FROM 27TH TO 29TH SEPTEMBER 2023","https://www.mmmd.gov.zm/?p=2618"
"Mapelo Gemstone Export Co. Limited","organization","","","7345-HQ-SML","Cancelled","gemstones","1","60","Garnet","CANCELLATION OF NON-COMPLIANT MINING AND NON-MINING RIGHTS BY THE MINING LICENSING COMMITTEE (MLC)","https://www.mmmd.gov.zm/?p=2787"
"Mapompo Investements Limited","organization","","","12865-HQ-SML","Cancelled","critical_battery","1","76","Manganese/Limestone (General)/Talc-Soapstone","CANCELLATION OF NON-COMPLIANT MINING AND NON-MINING RIGHTS BY THE MINING LICENSING COMMITTEE (MLC)","https://www.mmmd.gov.zm/?p=2787"
"MAPONYA KINGS","person_or_unclassified","Lusaka","Kafue","40689-HQ-AMR","Approved","gemstones","1","7","Quartz/Limestone (General)/Lead","RESULTS OF THE 88TH MINING LICENSING COMMITTEE (MLC) MEETING HELD ON 30TH MAY, 2025","https://www.mmmd.gov.zm/?p=4111"
"Mapp Mining Limited","organization","Central","Mkushi","34414-HQ-LEL","","critical_battery","1","1099","Manganese/Lead/Zinc","RESULTS OF THE 75TH MINING LICENSING COMMITTEE (MLC) MEETING HELD FROM 27TH TO 29TH SEPTEMBER 2023","https://www.mmmd.gov.zm/?p=2618"
"Mara Benefit Logistics Limited","organization","North Western","Solwezi","38877-HQ-SEL | 38879-HQ-SEL","Approved","gemstones","2","60","Nickel/Manganese/Zinc","RESULTS OF THE 84TH MINING LICENSING COMMITTEE (MLC) MEETING HELD ON 12TH DECEMBER, 2024","https://www.mmmd.gov.zm/?p=3780"
"Marengo Limited","organization","North Western","Kasempa","34229-HQ-LEL | 34230-HQ-LEL","","critical_battery","2","2179","Lithium/Limestone (General)/Lead","RESULTS OF THE 74TH MINING LICENSING COMMITTEE (MLC) MEETING HELD FROM 3RD TO 4TH AUGUST 2023","https://www.mmmd.gov.zm/?p=2598"
"MARESTHER MINERAL RESOURCES LIMITED","organization","North Western","Mufumbwe","38342-HQ-LEL","Approved","gold","1","29724","Gold/Copper/Cobalt","RESULTS OF THE 82ND MINING LICENSING COMMITTEE (MLC) MEETING HELD ON 11TH SEPTEMBER, 2024","https://www.mmmd.gov.zm/?p=3378"
"Maretec Investments Limited","organization","Southern","Kazungula | Kalomo","34170-HQ-SEL | 36973-HQ-SEL","Approved | Deferred | REJECTED","critical_battery","2","1752","Gold/Copper/Cobalt","RESULTS OF THE 73RD MINING LICENSING COMMITTEE (MLC) MEETING HELD FROM 29TH TO 30TH JUNE 2023","https://www.mmmd.gov.zm/?p=2583"
"Marian Kapembwa","person_or_unclassified","Luapula","Kawambwa | Mwense","33073-HQ-AMR | 33060-HQ-AMR | 37823-HQ-AMR | 37946-HQ-AMR | 38733-HQ-AMR","Approved | Deferred | Rejected","gemstones","2","13","Graphite/Garnet/Marble","RESULTS OF THE 73RD MINING LICENSING COMMITTEE (MLC) MEETING HELD FROM 29TH TO 30TH JUNE 2023","https://www.mmmd.gov.zm/?p=2583"
"Maricep Investments Zambia Limited","organization","North Western | Southern | Eastern","Solwezi | Mazabuka | Katete","38495-HQ-SEL | 38496-HQ-SEL | 38498-HQ-SEL | 38552-HQ-SEL","Approved","gemstones","4","2395","Gold/Iron Ore/Zinc","RESULTS OF THE 83RD MINING LICENSING COMMITTEE (MLC) MEETING HELD ON 30TH OCTOBER, 2024","https://www.mmmd.gov.zm/?p=3515"
"Mariod Fisonga","person_or_unclassified","North Western","Solwezi","39705-HQ-AMR","Approved","gemstones","1","7","Copper/Gold/Quartz","RESULTS OF THE 85TH MINING LICENSING COMMITTEE (MLC) MEETING HELD ON 5TH MARCH, 2025","https://www.mmmd.gov.zm/?p=4013"
"Mariot  Manda","person_or_unclassified","Lusaka","Chongwe","38332-HQ-AMR","","gold","1","7","Gold/Zinc/Cobalt","RESULTS OF THE 83RD MINING LICENSING COMMITTEE (MLC) MEETING HELD ON 30TH OCTOBER, 2024","https://www.mmmd.gov.zm/?p=3515"
"Marjohn Lukeka Mining & Exploration Company Limited","organization","North Western","Kasempa","21969-HQ-LEL","Rejected","critical_battery","1","3555","Iron Ore/Manganese/Zinc","RESULTS OF THE 74TH MINING LICENSING COMMITTEE (MLC) MEETING HELD FROM 3RD TO 4TH AUGUST 2023","https://www.mmmd.gov.zm/?p=2598"
"Mark Munjeni Likando","person_or_unclassified","North Western","Kasempa","33926-HQ-AMR","Approved","gold","1","7","Platinum Group Metals/Quartz/Silver","RESULTS OF THE 75TH MINING LICENSING COMMITTEE (MLC) MEETING HELD FROM 27TH TO 29TH SEPTEMBER 2023","https://www.mmmd.gov.zm/?p=2618"
"Marko Kajilambinga","person_or_unclassified","North Western","Solwezi","26776-HQ-AMR","Deferred","base_metals","1","7","Copper","RESULTS OF THE 72ND MINING LICENSING COMMITTEE (MLC) MEETING HELD FROM 17TH TO 22 MAY 2023","https://www.mmmd.gov.zm/?p=2559"
"Marriot Industries Limited","organization","Central | North Western | Lusaka","Mkushi; Copperbelt, Masaiti | Solwezi | Chongwe","32114-HQ-LEL | 32192-HQ-LEL | 32115-HQ-SEL | 35838-HQ-LEL","Approved | Deferred","critical_battery","3","13482","Iron Ore/Manganese/Copper","RESULTS OF THE 76TH MINING LICENSING COMMITTEE (MLC) MEETING HELD ON 17TH AND 20TH NOVEMBER 2023","https://www.mmmd.gov.zm/?p=2640"
"Marriott Industries Limited","organization","North Western | Luapula","Solwezi | Mansa","32192-HQ-LEL | 35766-HQ-LEL","Deferred | Approved","critical_battery","1","9220","Iron Ore/Manganese/Copper","RESULTS OF THE 74TH MINING LICENSING COMMITTEE (MLC) MEETING HELD FROM 3RD TO 4TH AUGUST 2023","https://www.mmmd.gov.zm/?p=2598"
"Martha Chababa","person_or_unclassified","North Western","Mwinilunga","37434-HQ-AMR","Approved","gemstones","1","7","Nickel/Lead/Zinc","SUBJECT: RESULTS OF THE 79TH MINING LICENSING COMMITTEE (MLC) MEETING HELD ON 11TH TO 12TH APRIL 2024","https://www.mmmd.gov.zm/?p=2794"
"Martha Mutengwana","person_or_unclassified","Southern","Kalomo","38116-HQ-AMR","Approved","gemstones","1","7","Cobalt/Columbite/Clay (General)","RESULTS OF THE 81ST MINING LICENSING COMMITTEE (MLC) MEETING HELD ON 31ST JULY, 2024","https://www.mmmd.gov.zm/?p=2923"
"Martha Mwila Mushipi","person_or_unclassified","Luapula","Kawambwa","37697-HQ-AMR","Approved","gemstones","1","7","Malachite/Manganese/Lead","RESULTS OF THE 81ST MINING LICENSING COMMITTEE (MLC) MEETING HELD ON 31ST JULY, 2024","https://www.mmmd.gov.zm/?p=2923"
"Martin Azere Tembo","person_or_unclassified","Northern","Luwingu","22259-HQ-AMR | 22258-HQ-AMR","Approved | Deferred","critical_battery","1","7","Lead/Manganese/Iron Ore","RESULTS OF THE 72ND MINING LICENSING COMMITTEE (MLC) MEETING HELD FROM 17TH TO 22 MAY 2023","https://www.mmmd.gov.zm/?p=2559"
"Martin Katete","person_or_unclassified","Central","Mumbwa","34611-HQ-AMR","APPROVED","critical_battery","1","7","Iron Ore/Rare EarthsElements/Silver","RESULTS OF THE EXTRA ORDINARY MINING LICENSING COMMITTEE (MLC) MEETING HELD ON 27TH OCTOBER 2023","https://www.mmmd.gov.zm/?p=2626"
"Martin Mukosa","person_or_unclassified","Luapula","Samfya","26965-HQ-AMR","","critical_battery","1","7","Manganese","REMINDER ON RESULTS OF THE 70TH AND 71ST MINING LICENSING COMMITTEE (MLC) MEETINGS HELD IN FEBRUARY AND MARCH 2023","https://www.mmmd.gov.zm/?p=2555"
"Marumunachi Mining Company Limited","organization","","","33293-HQ-SEL","Approved","gemstones","1","13","Emerald/Aquamarine","SUBJECT: RESULTS OF THE 79TH MINING LICENSING COMMITTEE (MLC) MEETING HELD ON 11TH TO 12TH APRIL 2024","https://www.mmmd.gov.zm/?p=2794"
"MARVIN HANGOMA","person_or_unclassified","Central","Kabwe","37318-HQ-AMR","","base_metals","1","7","Lead/Zinc/Iron Ore","RESULTS OF THE 80TH MINING LICENSING COMMITTEE (MLC) MEETING HELD ON 6TH TO 7TH AND 10TH JUNE 2024","https://www.mmmd.gov.zm/?p=2849"
"Marvin Likando Natamoyo","person_or_unclassified","Central","Mkushi","32829-HQ-AMR","Approved","critical_battery","1","7","Iron Ore/Anhydrite/Zinc","RESULTS OF THE 82ND MINING LICENSING COMMITTEE (MLC) MEETING HELD ON 11TH SEPTEMBER, 2024","https://www.mmmd.gov.zm/?p=3378"
"Marvin Mtoya","person_or_unclassified","Lusaka","Kafue","34975-HQ-AMR | 34976-HQ-AMR | 34977-HQ-AMR","Approved","critical_battery","1","7","Manganese/Iron Ore/Copper","RESULTS OF THE 75TH MINING LICENSING COMMITTEE (MLC) MEETING HELD FROM 27TH TO 29TH SEPTEMBER 2023","https://www.mmmd.gov.zm/?p=2618"
"mary daka","person_or_unclassified","Southern","Sinazongwe | Monze","38541-HQ-AMR | 39137-HQ-AMR","Approved","gemstones","2","13","Coal/Amethyst/Sand","RESULTS OF THE 82ND MINING LICENSING COMMITTEE (MLC) MEETING HELD ON 11TH SEPTEMBER, 2024","https://www.mmmd.gov.zm/?p=3378"
"Mary Kabwe","person_or_unclassified","Northern","Mporokoso","34232-HQ-AMR","Approved","critical_battery","1","7","Manganese/Quartz/Silica","RESULTS OF THE 75TH MINING LICENSING COMMITTEE (MLC) MEETING HELD FROM 27TH TO 29TH SEPTEMBER 2023","https://www.mmmd.gov.zm/?p=2618"
"Masccor Construction And Plant Limited","organization","Luapula","","33720-HQ-LEL","","critical_battery","1","27481","Manganese/Silver/Copper","RESULTS OF THE 74TH MINING LICENSING COMMITTEE (MLC) MEETING HELD FROM 3RD TO 4TH AUGUST 2023","https://www.mmmd.gov.zm/?p=2598"
"Masob General Dealers Limited","organization","North Western","Solwezi | Kasempa | Mwinilunga, Solwezi","29913-HQ-SEL | 29248-HQ-SEL | 29259-HQ-SEL | 29250-HQ-SEL | 29251-HQ-SEL | 39440-HQ-SML | 39528-HQ-SML | 39963-HQ-SEL | 41155-HQ-SML","Rejected | Cancelled | Deferred | DEFERRED | Approved","gemstones","4","214","Quartz/Manganese/Gold","REMINDER ON RESULTS OF THE 70TH AND 71ST MINING LICENSING COMMITTEE (MLC) MEETINGS HELD IN FEBRUARY AND MARCH 2023","https://www.mmmd.gov.zm/?p=2555"
"Masuku Copper Development Limited","organization","Southern","Kalomo","33265-HQ-SEL | 28724-HQ-SEL | 29173-HQ-SEL","Cancelled","gemstones","1","182","Tantalum/Tin/Gold","RESULTS OF THE 74TH MINING LICENSING COMMITTEE (MLC) MEETING HELD FROM 3RD TO 4TH AUGUST 2023","https://www.mmmd.gov.zm/?p=2598"
"Matala Gold Hero Multi-Purpose Society Limited","organization","Central","Mumbwa","33386-HQ-AMR | 33384-HQ-AMR | 33385-HQ-AMR | 33383-HQ-AMR","Approved","gemstones","4","26","Gold/Silver/Zinc","RESULTS OF THE 75TH MINING LICENSING COMMITTEE (MLC) MEETING HELD FROM 27TH TO 29TH SEPTEMBER 2023","https://www.mmmd.gov.zm/?p=2618"
"Matalloy Company Limited","organization","Copperbelt","Luanshya","7593-HQ-SML","Deferred","base_metals","1","150","Copper","RESULTS OF THE 82ND MINING LICENSING COMMITTEE (MLC) MEETING HELD ON 11TH SEPTEMBER, 2024","https://www.mmmd.gov.zm/?p=3378"
"Matatoka Masuzyo","person_or_unclassified","Northern","Chinsali","39027-HQ-AMR","Approved","gold","1","7","Gold","RESULTS OF THE 83RD MINING LICENSING COMMITTEE (MLC) MEETING HELD ON 30TH OCTOBER, 2024","https://www.mmmd.gov.zm/?p=3515"
"Mate Sibeta Mangambwa","person_or_unclassified","North Western","Mwinilunga","27592-HQ-AMR","Approved","gold","1","7","Zinc/Gold/Copper","REMINDER ON RESULTS OF THE 70TH AND 71ST MINING LICENSING COMMITTEE (MLC) MEETINGS HELD IN FEBRUARY AND MARCH 2023","https://www.mmmd.gov.zm/?p=2555"
"Mathew Cole Kapobe","person_or_unclassified","North Western | Luapula | Southern","Kasempa | Mansa | Mufumbwe | Monze","33373-HQ-AMR | 34905-HQ-AMR | 38707-HQ-AMR | 38708-HQ-AMR | 39781-HQ-AMR","Approved","critical_battery","5","33","Copper/Gold/Manganese","RESULTS OF THE 74TH MINING LICENSING COMMITTEE (MLC) MEETING HELD FROM 3RD TO 4TH AUGUST 2023","https://www.mmmd.gov.zm/?p=2598"
"Mathews  Kaoma","person_or_unclassified","Luapula","Samfya | Mwense","33916-HQ-AMR | 36492-HQ-AMR","Deferred | Approved","base_metals","1","7","Silica/Granite/Copper","RESULTS OF THE 73RD MINING LICENSING COMMITTEE (MLC) MEETING HELD FROM 29TH TO 30TH JUNE 2023","https://www.mmmd.gov.zm/?p=2583"
"Mathews Kaoma","person_or_unclassified","Luapula","Samfya | Mwense","33916-HQ-AMR | 36492-HQ-AMR","Deferred | Approved","critical_battery","1","7","Manganese","RESULTS OF THE 73RD MINING LICENSING COMMITTEE (MLC) MEETING HELD FROM 29TH TO 30TH JUNE 2023","https://www.mmmd.gov.zm/?p=2583"
"Mathews Katwai","person_or_unclassified","Luapula","Samfya | Mansa","27097-HQ-AMR | 25998-HQ-AMR","Rejected","critical_battery","1","7","Lead/Manganese/Silver","REMINDER ON RESULTS OF THE 70TH AND 71ST MINING LICENSING COMMITTEE (MLC) MEETINGS HELD IN FEBRUARY AND MARCH 2023","https://www.mmmd.gov.zm/?p=2555"
"Mathews Muwowo","person_or_unclassified","Northern","Isoka","36257-HQ-AMR","Approved","critical_battery","1","7","Manganese/Zinc/Copper","RESULTS OF THE 80TH MINING LICENSING COMMITTEE (MLC) MEETING HELD ON 6TH TO 7TH AND 10TH JUNE 2024","https://www.mmmd.gov.zm/?p=2849"
"Mathkat General Dealers Limited","organization","","","14837-HQ-SML | 26100-HQ-SEL","Cancelled","critical_battery","1","221","Manganese","CANCELLATION OF NON-COMPLIANT MINING AND NON-MINING RIGHTS BY THE MINING LICENSING COMMITTEE (MLC)","https://www.mmmd.gov.zm/?p=2787"
"Matil Distributors Limited","organization","North Western","Solwezi","30964-HQ-LEL","","gemstones","3","5015","Cobalt/Copper/Gold","REMINDER ON RESULTS OF THE 70TH AND 71ST MINING LICENSING COMMITTEE (MLC) MEETINGS HELD IN FEBRUARY AND MARCH 2023","https://www.mmmd.gov.zm/?p=2555"
"Matka Technical Services Limited","organization","","","27559-HQ-LEL","Cancelled","critical_battery","1","3698","Manganese/Lead/Zinc","CANCELLATION OF NON-COMPLIANT MINING AND NON-MINING RIGHTS BY THE MINING LICENSING COMMITTEE (MLC)","https://www.mmmd.gov.zm/?p=2787"
"Matpet Holdings Limited","organization","Central | Luapula","Serenje | Kawambwa; Northern, Luwingu","34752-HQ-LEL | 34754-HQ-LEL","Approved","critical_battery","2","96611","Iron Ore/Manganese/Cobalt","RESULTS OF THE 76TH MINING LICENSING COMMITTEE (MLC) MEETING HELD ON 17TH AND 20TH NOVEMBER 2023","https://www.mmmd.gov.zm/?p=2640"
"Matrix Mining Limited","organization","North Western","Mufumbwe","8370-HQ-SML","Approved","gold","1","398","Gold/Copper","RESULTS OF THE 82ND MINING LICENSING COMMITTEE (MLC) MEETING HELD ON 11TH SEPTEMBER, 2024","https://www.mmmd.gov.zm/?p=3378"
"Matsimu Investment Limited","organization","Luapula","Kawambwa, Mwense","34872-HQ-LEL","APPROVED","critical_battery","1","43617","Tin/Tantalum","RESULTS OF THE 75TH MINING LICENSING COMMITTEE (MLC) MEETING HELD FROM 27TH TO 29TH SEPTEMBER 2023","https://www.mmmd.gov.zm/?p=2618"
"MAVIKEM RESOURCES COMPANY LIMITED","organization","Lusaka | Eastern | Copperbelt | Central","Luangwa | Petauke | Lufwanyama | Mkushi","39824-HQ-LEL | 39713-HQ-SEL | 39723-HQ-SEL | 39867-HQ-SEL","APPROVED | Approved","gemstones","4","4586","Gold/Copper/Manganese","RESULTS OF THE 85TH MINING LICENSING COMMITTEE (MLC) MEETING HELD ON 5TH MARCH, 2025","https://www.mmmd.gov.zm/?p=4013"
"Max Global Ferro Alloys Limited","organization","","","28522-HQ-MPL","Cancelled","critical_battery","1","37","Silica/Manganese","CANCELLATION OF NON-COMPLIANT MINING AND NON-MINING RIGHTS BY THE MINING LICENSING COMMITTEE (MLC)","https://www.mmmd.gov.zm/?p=2787"
"Max Rudolph","person_or_unclassified","Eastern","Lundazi","38384-HQ-AMR | 39494-HQ-AMR","Approved","gemstones","3","15","Quartz/Aquamarine/Amethyst","RESULTS OF THE 84TH MINING LICENSING COMMITTEE (MLC) MEETING HELD ON 12TH DECEMBER, 2024","https://www.mmmd.gov.zm/?p=3780"
"Maxchi Cargo Services Zambia Limited","organization","North Western","Solwezi","36041-HQ-SEL","Approved","gemstones","1","144","Manganese/Nickel/Anhydrite","RESULTS OF THE 77TH MINING LICENSING COMMITTEE (MLC) MEETING HELD ON 11TH TO 12TH JANUARY 2024","https://www.mmmd.gov.zm/?p=2675"
"Maxglobal Ferro Alloys Limited","organization","Luapula","Mansa","34086-HQ-LML","Approved","critical_battery","2","14903","Manganese","RESULTS OF THE 73RD MINING LICENSING COMMITTEE (MLC) MEETING HELD FROM 29TH TO 30TH JUNE 2023","https://www.mmmd.gov.zm/?p=2583"
"Maxping Mining Limited","organization","","","29767-HQ-SEL","Cancelled","gemstones","1","845","Quartz/Gold/Silver","CANCELLATION OF NON-COMPLIANT MINING AND NON-MINING RIGHTS BY THE MINING LICENSING COMMITTEE (MLC)","https://www.mmmd.gov.zm/?p=2787"
"Maxsma Minerals Limited","organization","Southern","Siavonga","28523-HQ-LEL | 28440-HQ-LEL | 28781-HQ-LEL | 28299-HQ-SEL","Cancelled","critical_battery","1","5952","Limestone (General)/Lead/Iron Ore","REMINDER ON RESULTS OF THE 70TH AND 71ST MINING LICENSING COMMITTEE (MLC) MEETINGS HELD IN FEBRUARY AND MARCH 2023","https://www.mmmd.gov.zm/?p=2555"
"Maxwell Machiko","person_or_unclassified","Northern","Chinsali, Mpika","38630-HQ-AMR","Approved","critical_battery","1","7","Lead/Manganese/Zinc","RESULTS OF THE 82ND MINING LICENSING COMMITTEE (MLC) MEETING HELD ON 11TH SEPTEMBER, 2024","https://www.mmmd.gov.zm/?p=3378"
"Maxwell Mwiinga","person_or_unclassified","Southern","Kalomo","38118-HQ-AMR","Approved","gemstones","1","7","Gemstones/Gold/Garnet","RESULTS OF THE 81ST MINING LICENSING COMMITTEE (MLC) MEETING HELD ON 31ST JULY, 2024","https://www.mmmd.gov.zm/?p=2923"
"MAY FLOWERS MINING LIMITED","organization","Lusaka | Central","Chongwe, Luangwa | Chibombo; Lusaka, Chongwe | Serenje | Mkushi","37854-HQ-LEL | 37966-HQ-LEL | 39418-HQ-SEL | 39570-HQ-SEL | 40127-HQ-SEL | 40842-HQ-SEL","Approved","gemstones","4","15912","Gold/Copper/Silver","RESULTS OF THE 80TH MINING LICENSING COMMITTEE (MLC) MEETING HELD ON 6TH TO 7TH AND 10TH JUNE 2024","https://www.mmmd.gov.zm/?p=2849"
"Maybin Mwaba Mulenga","person_or_unclassified","Eastern","Chama","37022-HQ-AMR | 26891-HQ-AMR","Approved | Cancelled","critical_battery","2","13","Iron Ore/Copper/Zinc","RESULTS OF THE 77TH MINING LICENSING COMMITTEE (MLC) MEETING HELD ON 11TH TO 12TH JANUARY 2024","https://www.mmmd.gov.zm/?p=2675"
"Mayfair Global Solutions Zambia Limited","organization","North Western","Kasempa, Solwezi | Kasempa","27338-HQ-LEL | 23353-HQ-LEL | 24577-HQ-LEL | 26981-HQ-LEL","Cancelled | Approved","critical_battery","4","101321","Manganese/Silver/Zinc","CANCELLATION OF NON-COMPLIANT MINING AND NON-MINING RIGHTS BY THE MINING LICENSING COMMITTEE (MLC)","https://www.mmmd.gov.zm/?p=2787"
"Mayiko Infrastructure Limited","organization","Luapula","Mansa | Mansa, Milenge, Samfya","36116-HQ-LEL | 27368-HQ-LEL","Approved","critical_battery","2","82244","Iron Ore/Zinc/Manganese","RESULTS OF THE 80TH MINING LICENSING COMMITTEE (MLC) MEETING HELD ON 6TH TO 7TH AND 10TH JUNE 2024","https://www.mmmd.gov.zm/?p=2849"
"Mayiko Mining Limited","organization","Luapula","Milenge","37844-HQ-SEL","","critical_battery","1","871","Iron Ore/Manganese/Zinc","RESULTS OF THE 80TH MINING LICENSING COMMITTEE (MLC) MEETING HELD ON 6TH TO 7TH AND 10TH JUNE 2024","https://www.mmmd.gov.zm/?p=2849"
"Mbadwa Mining Limited","organization","Eastern","Chama | Lundazi","32708-HQ-LEL | 32368-HQ-LEL","Approved | APPROVED","gemstones","2","16400","Gold/Lithium/Cobalt","RESULTS OF THE 73RD MINING LICENSING COMMITTEE (MLC) MEETING HELD FROM 29TH TO 30TH JUNE 2023","https://www.mmmd.gov.zm/?p=2583"
"Mbeze Resources Limited","organization","North Western","Kabompo, Zambezi; Western, Lukulu | Kabompo, Zambezi | Chavuma, Zambezi","39989-HQ-LEL | 39990-HQ-LEL | 39991-HQ-LEL | 39992-HQ-LEL | 39993-HQ-LEL","APPROVED | Approved","gemstones","5","776994","Lead/Gold/Molybdenum","RESULTS OF THE 85TH MINING LICENSING COMMITTEE (MLC) MEETING HELD ON 5TH MARCH, 2025","https://www.mmmd.gov.zm/?p=4013"
"Mboo Investments Limited","organization","Northern | Southern | Copperbelt | Central | North Western","Kasama, Luwingu | Sinazongwe | Masaiti, Ndola | Isoka | Mumbwa | Monze | Kasempa","38512-HQ-LEL | 38489-HQ-LEL | 38468-HQ-SEL | 38606-HQ-SEL | 38882-HQ-SEL | 39134-HQ-LEL | 39150-HQ-LEL","Approved | Rejected | APPROVED | DEFERRED","gemstones","5","8283","Copper/Gold/Cobalt","RESULTS OF THE 82ND MINING LICENSING COMMITTEE (MLC) MEETING HELD ON 11TH SEPTEMBER, 2024","https://www.mmmd.gov.zm/?p=3378"
"MBOOZIBATEBULI MULTI- PURPOSE CO-OPERATIVE SOCIETY LIMITED","organization","Southern","Siavonga","38319-HQ-AMR | 38321-HQ-AMR","Approved","industrial_minerals","2","13","Quartz/Stone/Granite","RESULTS OF THE 81ST MINING LICENSING COMMITTEE (MLC) MEETING HELD ON 31ST JULY, 2024","https://www.mmmd.gov.zm/?p=2923"
"MC Mining Limited","organization","North Western","Solwezi","38000-HQ-SEL","Approved","critical_battery","1","217","Nickel/Manganese/Quartz","RESULTS OF THE 81ST MINING LICENSING COMMITTEE (MLC) MEETING HELD ON 31ST JULY, 2024","https://www.mmmd.gov.zm/?p=2923"
"MCK Mining Zambia Limited","organization","","","23855-HQ-SML","Cancelled","gold","1","199","Gold/Silver/Cobalt","CANCELLATION OF NON-COMPLIANT MINING AND NON-MINING RIGHTS BY THE MINING LICENSING COMMITTEE (MLC)","https://www.mmmd.gov.zm/?p=2787"
"Meadow Processing Technologies Limited","organization","North Western","Mwinilunga","39786-HQ-SEL | 39891-HQ-SEL","Approved","gemstones","2","277","Quartz/Rare EarthsElements/Manganese","RESULTS OF THE 85TH MINING LICENSING COMMITTEE (MLC) MEETING HELD ON 5TH MARCH, 2025","https://www.mmmd.gov.zm/?p=4013"
"Mechross enterprises limited","organization","North Western","Kasempa","37543-HQ-SEL","Approved","critical_battery","1","133","Manganese/Lead/Zinc","SUBJECT: RESULTS OF THE 79TH MINING LICENSING COMMITTEE (MLC) MEETING HELD ON 11TH TO 12TH APRIL 2024","https://www.mmmd.gov.zm/?p=2794"
"MECS Service Limited","organization","Central","Mumbwa","33279-HQ-SEL | 39374-HQ-SML","Approved","gemstones","1","377","Gold/Quartz/Silver","RESULTS OF THE 73RD MINING LICENSING COMMITTEE (MLC) MEETING HELD FROM 29TH TO 30TH JUNE 2023","https://www.mmmd.gov.zm/?p=2583"
"Medha Consultancy Limited","organization","Luapula","Milenge | Samfya","25565-HQ-LEL | 25562-HQ-LEL | 25563-HQ-LEL | 25564-HQ-LEL | 25571-HQ-LEL | 25572-HQ-LEL","Rejected | Cancelled","critical_battery","3","5817","Manganese/Zinc/Lead","RESULTS OF THE 78TH MINING LICENSING COMMITTEE (MLC) MEETING HELD ON 27TH FEBRUARY TO 1ST MARCH 2024","https://www.mmmd.gov.zm/?p=2785"
"MEDIBUK INVESTMENTS LIMITED","organization","Northern","Mpika","37754-HQ-SEL","Approved","gemstones","1","13","Lithium/Manganese/Iron Ore","RESULTS OF THE 81ST MINING LICENSING COMMITTEE (MLC) MEETING HELD ON 31ST JULY, 2024","https://www.mmmd.gov.zm/?p=2923"
"MEDICI RESOURCES LIMITED","organization","Central | Luapula","Serenje | Mansa, Mwense","39872-HQ-LEL | 39873-HQ-SEL","Deferred | Approved","gemstones","1","4297","Silver/Niobium (Columbium)/Nickel","RESULTS OF THE 86TH MINING LICENSING COMMITTEE (MLC) MEETING HELD ON 27TH MARCH 2025","https://www.mmmd.gov.zm/?p=4061"
"Mediterranean Mining Limited","organization","","","8087-HQ-SML","Cancelled","gold","1","149","Gold/Copper","CANCELLATION OF NON-COMPLIANT MINING AND NON-MINING RIGHTS BY THE MINING LICENSING COMMITTEE (MLC)","https://www.mmmd.gov.zm/?p=2787"
"Mega Press Limited","organization","","","30765-HQ-LEL","Cancelled","gemstones","1","19962","Iron Ore/Manganese/Zinc","CANCELLATION OF NON-COMPLIANT MINING AND NON-MINING RIGHTS BY THE MINING LICENSING COMMITTEE (MLC)","https://www.mmmd.gov.zm/?p=2787"
"Meihua International Mining Limited","organization","","","36839-HQ-LEL","Approved","gemstones","1","7658","Lead/Iron Ore/Tin","RESULTS OF THE 77TH MINING LICENSING COMMITTEE (MLC) MEETING HELD ON 11TH TO 12TH JANUARY 2024","https://www.mmmd.gov.zm/?p=2675"
"Melai Company Limited","organization","Copperbelt","Lufwanyama","7234-HQ-SML","Approved","gemstones","1","121","Emerald/Beryllium","RESULTS OF THE 78TH MINING LICENSING COMMITTEE (MLC) MEETING HELD ON 27TH FEBRUARY TO 1ST MARCH 2024","https://www.mmmd.gov.zm/?p=2785"
"Melaot Zones Mining and Engineering Limited","organization","North Western","Mufumbwe","34338-HQ-LEL","","critical_battery","1","3620","Lead/Manganese/Zinc","RESULTS OF THE 74TH MINING LICENSING COMMITTEE (MLC) MEETING HELD FROM 3RD TO 4TH AUGUST 2023","https://www.mmmd.gov.zm/?p=2598"
"Melesa Mining Limited","organization","Central | Northern","Serenje; Eastern, Nyimba | Kaputa","39260-HQ-LEL | 39470-HQ-LEL","APPROVED | DEFERRED | Approved","gemstones","1","83388","Manganese/Iron Ore/Tourmaline","RESULTS OF THE 85TH MINING LICENSING COMMITTEE (MLC) MEETING HELD ON 5TH MARCH, 2025","https://www.mmmd.gov.zm/?p=4013"
"MELKON MINERALS LIMITED","organization","Lusaka | North Western | Central | Southern","Chongwe | Mwinilunga | Chibombo; Lusaka, Chongwe | Kasempa | Mazabuka","38585-HQ-LEL | 39130-HQ-SEL | 39937-HQ-LEL | 40247-HQ-LEL | 42216-HQ-MPL | 40390-HQ-LEL","Deferred | Approved | APPROVED | DEFERRED","critical_battery","1","572","Tantalum/Nickel/Uranium","RESULTS OF THE 84TH MINING LICENSING COMMITTEE (MLC) MEETING HELD ON 12TH DECEMBER, 2024","https://www.mmmd.gov.zm/?p=3780"
"Melody Kapambwe","person_or_unclassified","Lusaka","Kafue","31149-HQ-AMR","","gold","1","7","Granite/Gold/Copper","REMINDER ON RESULTS OF THE 70TH AND 71ST MINING LICENSING COMMITTEE (MLC) MEETINGS HELD IN FEBRUARY AND MARCH 2023","https://www.mmmd.gov.zm/?p=2555"
"Melody Mwatingeti  Tatiso","person_or_unclassified","Lusaka","Kafue","35680-HQ-AMR","Approved","gold","1","7","Silver/Zinc/Gold","RESULTS OF THE 78TH MINING LICENSING COMMITTEE (MLC) MEETING HELD ON 27TH FEBRUARY TO 1ST MARCH 2024","https://www.mmmd.gov.zm/?p=2785"
"Meloks Agencies Limited","organization","Lusaka","Chongwe","31897-HQ-SML","Deferred","gold","1","162","Gold/Silver/Cobalt","RESULTS OF THE 82ND MINING LICENSING COMMITTEE (MLC) MEETING HELD ON 11TH SEPTEMBER, 2024","https://www.mmmd.gov.zm/?p=3378"
"Meltap Enterprise Limited","organization","Southern","Gwembe, Siavonga","37311-HQ-LEL","Approved","gold","1","493","Anhydrite/Gypsum/Quartz","SUBJECT: RESULTS OF THE 79TH MINING LICENSING COMMITTEE (MLC) MEETING HELD ON 11TH TO 12TH APRIL 2024","https://www.mmmd.gov.zm/?p=2794"
"Melvin Mweemba","person_or_unclassified","Central | Southern","Mkushi | Mazabuka","35783-HQ-AMR | 35500-HQ-AMR","APPROVED | deferred | Deferred","critical_battery","1","7","Manganese/Cobalt","RESULTS OF THE 75TH MINING LICENSING COMMITTEE (MLC) MEETING HELD FROM 27TH TO 29TH SEPTEMBER 2023","https://www.mmmd.gov.zm/?p=2618"
"Melzer Mining Limited","organization","","","7581-HQ-SML","Cancelled","gemstones","1","25","Emerald","CANCELLATION OF NON-COMPLIANT MINING AND NON-MINING RIGHTS BY THE MINING LICENSING COMMITTEE (MLC)","https://www.mmmd.gov.zm/?p=2787"
"Memory  Nambeye","person_or_unclassified","Luapula","Samfya","36583-HQ-AMR","Approved","critical_battery","1","7","Manganese/Gold/Copper","RESULTS OF THE 78TH MINING LICENSING COMMITTEE (MLC) MEETING HELD ON 27TH FEBRUARY TO 1ST MARCH 2024","https://www.mmmd.gov.zm/?p=2785"
"Menel Energy & Resources Limited","organization","Lusaka | North Western","Chongwe, Kafue, Luangwa | Solwezi","37172-HQ-LEL | 39748-HQ-LEL","Approved | APPROVED","gold","1","96168","Lead/Quartz/Zinc","SUBJECT: RESULTS OF THE 79TH MINING LICENSING COMMITTEE (MLC) MEETING HELD ON 11TH TO 12TH APRIL 2024","https://www.mmmd.gov.zm/?p=2794"
"MERACLUS INVESTMENTS LIMITED","organization","Northern | Eastern","Chinsali | Petauke","40264-HQ-LEL | 40270-HQ-SEL","Approved","gemstones","2","1997","Copper/Gold/Nickel","RESULTS OF THE 87TH MINING LICENSING COMMITTEE (MLC) MEETING HELD ON 7TH MAY, 2025","https://www.mmmd.gov.zm/?p=4069"
"Meraki Mining Limited","organization","","","35344-HQ-SEL","Approved","gemstones","1","691","Manganese/Lead/Rare EarthsElements","RESULTS OF THE 78TH MINING LICENSING COMMITTEE (MLC) MEETING HELD ON 27TH FEBRUARY TO 1ST MARCH 2024","https://www.mmmd.gov.zm/?p=2785"
"Mercy Chomba Malisawa","person_or_unclassified","Lusaka","Chongwe","34576-HQ-AMR","Approved","critical_battery","1","7","Iron Ore/Lead/Manganese","RESULTS OF THE 75TH MINING LICENSING COMMITTEE (MLC) MEETING HELD FROM 27TH TO 29TH SEPTEMBER 2023","https://www.mmmd.gov.zm/?p=2618"
"Mercy Mayani","person_or_unclassified","Central | Copperbelt","Mkushi | Masaiti","32020-HQ-AMR | 32022-HQ-AMR | 32021-HQ-AMR | 19530-HQ-SML | 19462-HQ-SML | 19825-HQ-SML","Approved | Cancelled","critical_battery","3","20","Manganese/Iron Ore/Kyanite","RESULTS OF THE 72ND MINING LICENSING COMMITTEE (MLC) MEETING HELD FROM 17TH TO 22 MAY 2023","https://www.mmmd.gov.zm/?p=2559"
"Mercy Ndafoka","person_or_unclassified","Central","Mumbwa","39135-HQ-AMR | 39136-HQ-AMR","Deferred | Approved | Rejected","gold","1","7","Gold/Copper/Cobalt","RESULTS OF THE 84TH MINING LICENSING COMMITTEE (MLC) MEETING HELD ON 12TH DECEMBER, 2024","https://www.mmmd.gov.zm/?p=3780"
"Meridian Mining & Exploration Limited","organization","Western","Sesheke","35636-HQ-LEL","Approved","gemstones","1","44322","Gold/Lithium/Manganese","RESULTS OF THE 82ND MINING LICENSING COMMITTEE (MLC) MEETING HELD ON 11TH SEPTEMBER, 2024","https://www.mmmd.gov.zm/?p=3378"
"Merjun Explorations Limited","organization","Central","Mumbwa","31171-HQ-SEL","Approved","gemstones","1","953","Diamond","REMINDER ON RESULTS OF THE 70TH AND 71ST MINING LICENSING COMMITTEE (MLC) MEETINGS HELD IN FEBRUARY AND MARCH 2023","https://www.mmmd.gov.zm/?p=2555"
"Messiah Sekani","person_or_unclassified","Central | Northern | Eastern","Kabwe | Mpika | Chama","30698-HQ-AMR | 30839-HQ-AMR | 37021-HQ-AMR","Approved","critical_battery","2","13","Niobium (Columbium)/Phosphorus-Phosphates/Dolomite","REMINDER ON RESULTS OF THE 70TH AND 71ST MINING LICENSING COMMITTEE (MLC) MEETINGS HELD IN FEBRUARY AND MARCH 2023","https://www.mmmd.gov.zm/?p=2555"
"Metacorp Exploration and Mining Investment Limited","organization","Central | North Western | Northern","Mumbwa | Solwezi | Mpika | Mwinilunga","32760-HQ-LEL | 37426-HQ-SEL | 37454-HQ-SEL | 37482-HQ-SEL | 37516-HQ-SEL | 38808-HQ-LML","Approved","gemstones","6","3190","Copper/Gold/Iron Ore","RESULTS OF THE 74TH MINING LICENSING COMMITTEE (MLC) MEETING HELD FROM 3RD TO 4TH AUGUST 2023","https://www.mmmd.gov.zm/?p=2598"
"Metalix Mining Limited","organization","","","28923-HQ-LEL | 28924-HQ-LEL | 28971-HQ-LEL | 29792-HQ-LEL","Cancelled","gemstones","1","6034","Limestone (General)/Anhydrite/Tantalum","CANCELLATION OF NON-COMPLIANT MINING AND NON-MINING RIGHTS BY THE MINING LICENSING COMMITTEE (MLC)","https://www.mmmd.gov.zm/?p=2787"
"Metmin Limited","organization","Southern | North Western | Central","Kalomo, Kazungula | Mwinilunga | Serenje","27287-HQ-LEL | 27355-HQ-LEL | 27308-HQ-LEL","Approved","gemstones","1","1831","Talc-Soapstone/Silver/Rare EarthsElements","REMINDER ON RESULTS OF THE 70TH AND 71ST MINING LICENSING COMMITTEE (MLC) MEETINGS HELD IN FEBRUARY AND MARCH 2023","https://www.mmmd.gov.zm/?p=2555"
"Metro Mining Limited","organization","Copperbelt | North Western","Lufwanyama | Mwinilunga | Luanshya, Lufwanyama | Kalulushi","31244-HQ-SEL | 25577-HQ-SEL | 29515-HQ-SML | 29516-HQ-SML | 29517-HQ-SML | 24462-HQ-SEL | 07704-HQ-SML | 31163-HQ-MPL | 24156-HQ-SEL | 24473-HQ-SEL | 24782-HQ-SEL | 25138-HQ-SEL | 25153-HQ-SEL | 25504-HQ-SEL | 25505-HQ-SEL | 16312-HQ-SML | 17770-HQ-SML | 34351-HQ-SML","Approved | Rejected | Deferred | Cancelled","gemstones","11","2012","Emerald/Beryllium/Aquamarine","REMINDER ON RESULTS OF THE 70TH AND 71ST MINING LICENSING COMMITTEE (MLC) MEETINGS HELD IN FEBRUARY AND MARCH 2023","https://www.mmmd.gov.zm/?p=2555"
"Mfumu Property Group Limited","organization","Luapula | Central","Kawambwa, Mwense | Mkushi","28569-HQ-LEL | 39249-HQ-LEL | 39084-HQ-SEL","Rejected | DEFERRED | Deferred","critical_battery","1","14180","Gold/Fluorine-Fluorite/Quartz","RESULTS OF THE 82ND MINING LICENSING COMMITTEE (MLC) MEETING HELD ON 11TH SEPTEMBER, 2024","https://www.mmmd.gov.zm/?p=3378"
"Mfunshi Enterprise Limited","organization","","","30382-HQ-SEL","Cancelled","critical_battery","1","519","Nickel/Malachite/Zinc","CANCELLATION OF NON-COMPLIANT MINING AND NON-MINING RIGHTS BY THE MINING LICENSING COMMITTEE (MLC)","https://www.mmmd.gov.zm/?p=2787"
"MGB Mining Limited","organization","","","7698-HQ-SML","Cancelled","gemstones","1","97","Emerald","CANCELLATION OF NON-COMPLIANT MINING AND NON-MINING RIGHTS BY THE MINING LICENSING COMMITTEE (MLC)","https://www.mmmd.gov.zm/?p=2787"
"MIAHS Auto and General Trading Limited","organization","Northern","Mpika","34072-HQ-LEL","","critical_battery","1","3379","Lithium/Iron Ore/Manganese","RESULTS OF THE 74TH MINING LICENSING COMMITTEE (MLC) MEETING HELD FROM 3RD TO 4TH AUGUST 2023","https://www.mmmd.gov.zm/?p=2598"
"Michael Kaemba","person_or_unclassified","Central","Kapiri Mposhi","38841-HQ-AMR","Approved","gold","1","3","Gold/Copper","RESULTS OF THE 84TH MINING LICENSING COMMITTEE (MLC) MEETING HELD ON 12TH DECEMBER, 2024","https://www.mmmd.gov.zm/?p=3780"
"Michael Nkhata","person_or_unclassified","Central","Kabwe","34969-HQ-AMR","Deferred","base_metals","1","7","Silver/Zinc/Copper","RESULTS OF THE 82ND MINING LICENSING COMMITTEE (MLC) MEETING HELD ON 11TH SEPTEMBER, 2024","https://www.mmmd.gov.zm/?p=3378"
"Micheal Tembo","person_or_unclassified","Central","Mumbwa","38848-HQ-AMR | 38847-HQ-AMR","Approved","gold","2","13","Gold/Copper/Cobalt","RESULTS OF THE 84TH MINING LICENSING COMMITTEE (MLC) MEETING HELD ON 12TH DECEMBER, 2024","https://www.mmmd.gov.zm/?p=3780"
"Micheal Tilimboyi","person_or_unclassified","Central","Mumbwa","38869-HQ-AMR","","gold","1","7","Gold","RESULTS OF THE 83RD MINING LICENSING COMMITTEE (MLC) MEETING HELD ON 30TH OCTOBER, 2024","https://www.mmmd.gov.zm/?p=3515"
"Michelo Lwiindi Kachabe","person_or_unclassified","North Western","Solwezi","24749-HQ-AMR","Approved","gold","1","7","Granite/Sand and Gravel/Silver","RESULTS OF THE 72ND MINING LICENSING COMMITTEE (MLC) MEETING HELD FROM 17TH TO 22 MAY 2023","https://www.mmmd.gov.zm/?p=2559"
"Midstream Capital Limited","organization","Southern","Kalomo","35854-HQ-LEL","Approved","critical_battery","1","1707","Manganese/Platinum/Tantalum","RESULTS OF THE 80TH MINING LICENSING COMMITTEE (MLC) MEETING HELD ON 6TH TO 7TH AND 10TH JUNE 2024","https://www.mmmd.gov.zm/?p=2849"
"Midway Mining Limited","organization","North Western","Mwinilunga","39324-HQ-SEL","Approved","critical_battery","1","523","Manganese/Malachite/Sand","RESULTS OF THE 84TH MINING LICENSING COMMITTEE (MLC) MEETING HELD ON 12TH DECEMBER, 2024","https://www.mmmd.gov.zm/?p=3780"
"Mighte General Dealers and Suppliers","organization","Northern","Chinsali","39026-HQ-SEL","Approved","gold","1","359","Gold","RESULTS OF THE 83RD MINING LICENSING COMMITTEE (MLC) MEETING HELD ON 30TH OCTOBER, 2024","https://www.mmmd.gov.zm/?p=3515"
"MIHA MINING INVESTMENT LIMITED","organization","Central","Mumbwa","38514-HQ-MPL","Approved","gold","1","7","Gold","RESULTS OF THE 82ND MINING LICENSING COMMITTEE (MLC) MEETING HELD ON 11TH SEPTEMBER, 2024","https://www.mmmd.gov.zm/?p=3378"
"Mijeko Mining Limited","organization","Copperbelt","Masaiti","36161-HQ-SEL","","critical_battery","2","4729","Manganese/Nickel/Iron Ore","RESULTS OF THE 77TH MINING LICENSING COMMITTEE (MLC) MEETING HELD ON 11TH TO 12TH JANUARY 2024","https://www.mmmd.gov.zm/?p=2675"
"Mijo Mining Limited","organization","Central","Kapiri Mposhi","35949-HQ-SEL","Approved","gold","1","550","Granite/Limestone (General)/Gold","SUBJECT: RESULTS OF THE 79TH MINING LICENSING COMMITTEE (MLC) MEETING HELD ON 11TH TO 12TH APRIL 2024","https://www.mmmd.gov.zm/?p=2794"
"Mike Sinyangwe","person_or_unclassified","","","30093-HQ-AMR","Cancelled","gemstones","1","7","Iron Ore/Manganese/Tourmaline","CANCELLATION OF NON-COMPLIANT MINING AND NON-MINING RIGHTS BY THE MINING LICENSING COMMITTEE (MLC)","https://www.mmmd.gov.zm/?p=2787"
"Mildil Construction Limited","organization","Central | North Western | Copperbelt","Mumbwa | Solwezi | Chingola | Kasempa, Mufumbwe","33632-HQ-SEL | 35796-HQ-SEL | 35795-HQ-LEL | 35794-HQ-SEL | 37578-HQ-SEL | 35793-HQ-LEL","APPROVED | Approved | Rejected","critical_battery","4","69272","Gold/Copper/Cobalt","RESULTS OF THE 74TH MINING LICENSING COMMITTEE (MLC) MEETING HELD FROM 3RD TO 4TH AUGUST 2023","https://www.mmmd.gov.zm/?p=2598"
"Milindi Sanitation and General Dealers Limited","organization","Southern","Siavonga","30582-HQ-SEL","Approved","gemstones","1","836","Quartz/Silver/Tourmaline","REMINDER ON RESULTS OF THE 70TH AND 71ST MINING LICENSING COMMITTEE (MLC) MEETINGS HELD IN FEBRUARY AND MARCH 2023","https://www.mmmd.gov.zm/?p=2555"
"Millenium Business Systems Limited","organization","Lusaka | Southern","Luangwa | Sinazongwe | Kalomo","26699-HQ-SEL | 29400-HQ-SEL | 14406-HQ-SML | 26790-HQ-LEL | 38270-HQ-SML | 30498-HQ-SEL | 27100-HQ-LEL","Cancelled | Deferred | Rejected | Approved","gemstones","1","17","Quartz/Amethyst","CANCELLATION OF NON-COMPLIANT MINING AND NON-MINING RIGHTS BY THE MINING LICENSING COMMITTEE (MLC)","https://www.mmmd.gov.zm/?p=2787"
"Millenium Business systems Ltd","organization","Lusaka | Southern","Luangwa | Sinazongwe | Kalomo","26699-HQ-SEL | 29400-HQ-SEL | 14406-HQ-SML | 26790-HQ-LEL | 38270-HQ-SML | 30498-HQ-SEL | 27100-HQ-LEL","Cancelled | Deferred | Rejected | Approved","critical_battery","2","3314","Manganese/Gold/Niobium (Columbium)","CANCELLATION OF NON-COMPLIANT MINING AND NON-MINING RIGHTS BY THE MINING LICENSING COMMITTEE (MLC)","https://www.mmmd.gov.zm/?p=2787"
"MILLIOT NGOMA","person_or_unclassified","North Western | Copperbelt","Solwezi | Luanshya","38171-HQ-AMR | 38313-HQ-AMR","Approved","gemstones","2","13","Zinc/Malachite/Silver","RESULTS OF THE 82ND MINING LICENSING COMMITTEE (MLC) MEETING HELD ON 11TH SEPTEMBER, 2024","https://www.mmmd.gov.zm/?p=3378"
"Milz Mining and Construction Limited","organization","Central | North Western | Southern | Copperbelt","Serenje; Northern, Mpika | Mumbwa | Kasempa | Siavonga | Chililabombwe","34032-HQ-SEL | 37165-HQ-SEL | 37167-HQ-SEL | 37168-HQ-SEL | 37169-HQ-LEL","Approved","gemstones","5","5075","Gold/Copper/Cobalt","RESULTS OF THE 73RD MINING LICENSING COMMITTEE (MLC) MEETING HELD FROM 29TH TO 30TH JUNE 2023","https://www.mmmd.gov.zm/?p=2583"
"Minache Resources Limited","organization","Northern","Chinsali","39024-HQ-SEL","Approved","gold","1","282","Gold","RESULTS OF THE 83RD MINING LICENSING COMMITTEE (MLC) MEETING HELD ON 30TH OCTOBER, 2024","https://www.mmmd.gov.zm/?p=3515"
"Mindeco Small Mines Limited","organization","","","7041-HQ-SML | 15486-HQ-LML","Cancelled","gemstones","1","1537","Quartz/Tantalum/Tourmaline","CANCELLATION OF NON-COMPLIANT MINING AND NON-MINING RIGHTS BY THE MINING LICENSING COMMITTEE (MLC)","https://www.mmmd.gov.zm/?p=2787"
"MINEGEM RESOURCES LIMITED","organization","Lusaka | Central","Kafue | Mumbwa; Lusaka, Kafue","38367-HQ-LEL | 38581-HQ-LEL","Deferred | Approved | Rejected","critical_battery","1","18020","Nickel/Manganese/Zinc","RESULTS OF THE 82ND MINING LICENSING COMMITTEE (MLC) MEETING HELD ON 11TH SEPTEMBER, 2024","https://www.mmmd.gov.zm/?p=3378"
"Mineral Junxion And Transport Limited","organization","","","20726-HQ-MPL","Cancelled","base_metals","1","10","Copper","CANCELLATION OF NON-COMPLIANT MINING AND NON-MINING RIGHTS BY THE MINING LICENSING COMMITTEE (MLC)","https://www.mmmd.gov.zm/?p=2787"
"MineralXplore Multi-Purpose  Cooperative Society limited","organization","Central","Mumbwa","38029-HQ-AMR | 38030-HQ-AMR | 38031-HQ-AMR","Approved","gold","3","20","Sand/Limestone (General)/Gold","RESULTS OF THE 81ST MINING LICENSING COMMITTEE (MLC) MEETING HELD ON 31ST JULY, 2024","https://www.mmmd.gov.zm/?p=2923"
"Minerox Resources Limited","organization","Central | North Western | Lusaka","Serenje | Mumbwa | Mwinilunga | Chongwe | Chibombo","25879-HQ-LEL | 26285-HQ-SEL | 25917-HQ-SEL | 25905-HQ-SEL | 26496-HQ-LEL | 26054-HQ-SEL","Approved | Cancelled | Deferred | Rejected","gemstones","6","3111","Gold/Iron Ore/Copper","REMINDER ON RESULTS OF THE 70TH AND 71ST MINING LICENSING COMMITTEE (MLC) MEETINGS HELD IN FEBRUARY AND MARCH 2023","https://www.mmmd.gov.zm/?p=2555"
"Minetech Resources Limited","organization","Lusaka | Central","Chongwe | Mumbwa","33116-HQ-LEL | 34479-HQ-SML | 29842-HQ-SEL | 29936-HQ-LEL","Approved | Cancelled","critical_battery","2","41187","Iron Ore/Silver/Zinc","RESULTS OF THE 72ND MINING LICENSING COMMITTEE (MLC) MEETING HELD FROM 17TH TO 22 MAY 2023","https://www.mmmd.gov.zm/?p=2559"
"Mineworth Investments Limited","organization","Lusaka | North Western","Kafue | Mwinilunga | Solwezi | Kasempa","40060-HQ-SEL | 40238-HQ-SEL | 40239-HQ-SEL | 42219-HQ-SEL","APPROVED | Deferred | Approved","critical_battery","2","1099","Iron Ore/Nickel/Zinc","RESULTS OF THE 87TH MINING LICENSING COMMITTEE (MLC) MEETING HELD ON 7TH MAY, 2025","https://www.mmmd.gov.zm/?p=4069"
"Ming De Yu Yang Mining Company Limited","organization","","","25233-HQ-SEL | 26921-HQ-SML","Cancelled","critical_battery","1","373","Manganese/Nickel/Silver","CANCELLATION OF NON-COMPLIANT MINING AND NON-MINING RIGHTS BY THE MINING LICENSING COMMITTEE (MLC)","https://www.mmmd.gov.zm/?p=2787"
"Mingeli Resources Limited","organization","North Western","Solwezi","37435-HQ-SEL","","critical_battery","1","661","Rare EarthsElements/Quartz/Platinum Group Metals","RESULTS OF THE 80TH MINING LICENSING COMMITTEE (MLC) MEETING HELD ON 6TH TO 7TH AND 10TH JUNE 2024","https://www.mmmd.gov.zm/?p=2849"
"Mingi Investments Holdings Limited","organization","Central | Eastern","Kapiri Mposhi | Lundazi","30952-HQ-LEL | 27162-HQ-SEL | 27163-HQ-LEL | 27346-HQ-SEL","Cancelled | Rejected","critical_battery","2","2714","Copper/Talc-Soapstone/Gold","REMINDER ON RESULTS OF THE 70TH AND 71ST MINING LICENSING COMMITTEE (MLC) MEETINGS HELD IN FEBRUARY AND MARCH 2023","https://www.mmmd.gov.zm/?p=2555"
"Mingomba Mining Limited","organization","Copperbelt","Chililabombwe","36888-HQ-LML | 36887-HQ-LEL","Approved | Approved.","base_metals","1","16996","Sulfur/Silver/Zinc","RESULTS OF THE 76TH MINING LICENSING COMMITTEE (MLC) MEETING HELD ON 17TH AND 20TH NOVEMBER 2023","https://www.mmmd.gov.zm/?p=2640"
"Minicom Technologies Limited","organization","North Western","Mwinilunga","38817-HQ-SEL","","critical_battery","1","268","Nickel/Quartz/Zinc","RESULTS OF THE 83RD MINING LICENSING COMMITTEE (MLC) MEETING HELD ON 30TH OCTOBER, 2024","https://www.mmmd.gov.zm/?p=3515"
"Mining Ventures Company Limited","organization","Copperbelt | North Western | Luapula | Central","Lufwanyama | Solwezi | Mpongwe | Mwinilunga | Mansa | Serenje | Mumbwa","34001-HQ-LEL | 34002-HQ-LEL | 34004-HQ-LEL | 34005-HQ-LEL | 35819-HQ-LEL | 35820-HQ-LEL | 35821-HQ-LEL | 34003-HQ-SEL","APPROVED | DEFERRED | Rejected","gemstones","4","31304","Manganese/Zinc/Gold","RESULTS OF THE 74TH MINING LICENSING COMMITTEE (MLC) MEETING HELD FROM 3RD TO 4TH AUGUST 2023","https://www.mmmd.gov.zm/?p=2598"
"Minol Insights Investments Limited","organization","Southern","Choma","31185-HQ-SEL | 30761-HQ-SEL","Approved | Cancelled","gemstones","3","1531","Emerald/Diamond","REMINDER ON RESULTS OF THE 70TH AND 71ST MINING LICENSING COMMITTEE (MLC) MEETINGS HELD IN FEBRUARY AND MARCH 2023","https://www.mmmd.gov.zm/?p=2555"
"Minsundu Gemstone Mining Limited","organization","Central","Mkushi","29236-HQ-SEL | 30039-HQ-SEL | 25058-HQ-SEL | 29623-HQ-SEL | 29624-HQ-LEL","Rejected | Cancelled","gemstones","1","984","Manganese/Quartz/Tourmaline","REMINDER ON RESULTS OF THE 70TH AND 71ST MINING LICENSING COMMITTEE (MLC) MEETINGS HELD IN FEBRUARY AND MARCH 2023","https://www.mmmd.gov.zm/?p=2555"
"Miratorg Investments Limited","organization","Lusaka | Central","Luangwa | Mumbwa; Southern, Itezhi Tezhi","34581-HQ-LEL | 34582-HQ-LEL","Approved","gemstones","2","37009","Lithium/Manganese/Lead","RESULTS OF THE 75TH MINING LICENSING COMMITTEE (MLC) MEETING HELD FROM 27TH TO 29TH SEPTEMBER 2023","https://www.mmmd.gov.zm/?p=2618"
"Mirene Investments Limited","organization","Copperbelt","Ndola","36165-HQ-SEL","Deferred | APPROVED","gemstones","2","510","Quartz/Garnet","RESULTS OF THE 81ST MINING LICENSING COMMITTEE (MLC) MEETING HELD ON 31ST JULY, 2024","https://www.mmmd.gov.zm/?p=2923"
"Mirkal Enterprises Limited","organization","Central | Eastern","Mumbwa | Chama | Serenje","32052-HQ-LEL | 34405-HQ-LEL | 32032-HQ-SEL","Approved | Rejected","critical_battery","2","26060","Gold/Iron Ore/Cobalt","RESULTS OF THE 72ND MINING LICENSING COMMITTEE (MLC) MEETING HELD FROM 17TH TO 22 MAY 2023","https://www.mmmd.gov.zm/?p=2559"
"Mirriam Bishonga","person_or_unclassified","Central","Mkushi","31197-HQ-AMR","","critical_battery","1","7","Manganese/Gold/Cobalt","REMINDER ON RESULTS OF THE 70TH AND 71ST MINING LICENSING COMMITTEE (MLC) MEETINGS HELD IN FEBRUARY AND MARCH 2023","https://www.mmmd.gov.zm/?p=2555"
"Mirriam Daka","person_or_unclassified","North Western","Mwinilunga","38923-HQ-AMR | 39443-HQ-AMR | 39444-HQ-AMR","Approved","gemstones","3","13","Quartz/Copper/Amethyst","RESULTS OF THE 85TH MINING LICENSING COMMITTEE (MLC) MEETING HELD ON 5TH MARCH, 2025","https://www.mmmd.gov.zm/?p=4013"
"Mirriam K. Chibesa","person_or_unclassified","Copperbelt","Ndola","28758-HQ-AMR","Approved","industrial_minerals","1","7","Quartz/Granite","RESULTS OF THE 72ND MINING LICENSING COMMITTEE (MLC) MEETING HELD FROM 17TH TO 22 MAY 2023","https://www.mmmd.gov.zm/?p=2559"
"Mise Mining Limited","organization","Central","Mkushi","33537-HQ-SEL","Approved","critical_battery","1","973","Anhydrite/Iron Ore/Rare EarthsElements","RESULTS OF THE 73RD MINING LICENSING COMMITTEE (MLC) MEETING HELD FROM 29TH TO 30TH JUNE 2023","https://www.mmmd.gov.zm/?p=2583"
"Misheck Lukonde","person_or_unclassified","Central","Kapiri Mposhi","35641-HQ-AMR","Approved","gemstones","1","7","Emerald/Ruby/Aquamarine","RESULTS OF THE 77TH MINING LICENSING COMMITTEE (MLC) MEETING HELD ON 11TH TO 12TH JANUARY 2024","https://www.mmmd.gov.zm/?p=2675"
"Misheck Mandala","person_or_unclassified","Northern | Central","Chinsali | Mumbwa","38787-HQ-AMR | 40403-HQ-AMR","Approved","gemstones","2","13","Copper/Amethyst/Gold","RESULTS OF THE 84TH MINING LICENSING COMMITTEE (MLC) MEETING HELD ON 12TH DECEMBER, 2024","https://www.mmmd.gov.zm/?p=3780"
"Misheck Minerals Exploration Limited","organization","North Western","Solwezi","35654-HQ-SEL","Approved","gold","1","820","Iron Ore/Silver/Gold","RESULTS OF THE 77TH MINING LICENSING COMMITTEE (MLC) MEETING HELD ON 11TH TO 12TH JANUARY 2024","https://www.mmmd.gov.zm/?p=2675"
"Misoler Investment Limited","organization","North Western","Mufumbwe","37682-HQ-LEL | 38876-HQ-SEL","Deferred | Approved","critical_battery","2","2371","Manganese/Silver/Zinc","RESULTS OF THE 81ST MINING LICENSING COMMITTEE (MLC) MEETING HELD ON 31ST JULY, 2024","https://www.mmmd.gov.zm/?p=2923"
"Mistique Trading Limited","organization","","","30257-HQ-LEL","Cancelled","critical_battery","1","1997","Manganese/Zinc/Gold","CANCELLATION OF NON-COMPLIANT MINING AND NON-MINING RIGHTS BY THE MINING LICENSING COMMITTEE (MLC)","https://www.mmmd.gov.zm/?p=2787"
"Mitchell Cotts Mining Limited","organization","Western","Sesheke | Shang’ombo","37672-HQ-SEL | 37681-HQ-SEL | 39669-HQ-SEL","Approved | DEFERRED","gemstones","2","1965","Lithium/Quartz/Tourmaline","RESULTS OF THE 80TH MINING LICENSING COMMITTEE (MLC) MEETING HELD ON 6TH TO 7TH AND 10TH JUNE 2024","https://www.mmmd.gov.zm/?p=2849"
"Mitondo Mining Company Limited","organization","","","07019-HQ-SML","Cancelled","gemstones","1","88","Emerald/Beryllium","CANCELLATION OF NON-COMPLIANT MINING AND NON-MINING RIGHTS BY THE MINING LICENSING COMMITTEE (MLC)","https://www.mmmd.gov.zm/?p=2787"
"Miyoba Namakobo","person_or_unclassified","Southern","Choma","38571-HQ-AMR","Approved","gemstones","1","7","Tantalum/Manganese/Tungsten","RESULTS OF THE 82ND MINING LICENSING COMMITTEE (MLC) MEETING HELD ON 11TH SEPTEMBER, 2024","https://www.mmmd.gov.zm/?p=3378"
"MJAC Minerals Company Limited","organization","Lusaka","Kafue","39154-HQ-LEL","APPROVED","gemstones","1","1288","Green tourmaline/Iron Ore/Quartz","RESULTS OF THE 85TH MINING LICENSING COMMITTEE (MLC) MEETING HELD ON 5TH MARCH, 2025","https://www.mmmd.gov.zm/?p=4013"
"MJF Exploration & Mining Limited","organization","Central | Lusaka","Kapiri Mposhi | Kapiri Mposhi, Mkushi | Kafue; Southern, Mazabuka, Siavonga | Kabwe","30173-HQ-LEL | 32308-HQ-LEL | 34453-HQ-SEL | 38992-HQ-LEL | 39317-HQ-SEL","Approved | DEFERRED | REJECTED | Rejected","critical_battery","3","25238","Limestone (General)/Lead/Zinc","REMINDER ON RESULTS OF THE 70TH AND 71ST MINING LICENSING COMMITTEE (MLC) MEETINGS HELD IN FEBRUARY AND MARCH 2023","https://www.mmmd.gov.zm/?p=2555"
"MJK Resources Zambia Limited","organization","Luapula","Mansa","32627-HQ-SEL | 32625-HQ-SEL | 34211-HQ-SEL","Approved | rejected","critical_battery","2","711","Lithium/Manganese/Gold","RESULTS OF THE 76TH MINING LICENSING COMMITTEE (MLC) MEETING HELD ON 17TH AND 20TH NOVEMBER 2023","https://www.mmmd.gov.zm/?p=2640"
"Mjumpi Moses","person_or_unclassified","Northern","Luwingu","32325-HQ-AMR","Approved","critical_battery","1","7","Iron Ore/Lead/Manganese","RESULTS OF THE 72ND MINING LICENSING COMMITTEE (MLC) MEETING HELD FROM 17TH TO 22 MAY 2023","https://www.mmmd.gov.zm/?p=2559"
"Mkumbacanoka Mining Co-operatives  Society Limited","organization","Eastern","Petauke","35160-HQ-AMR","Approved","gemstones","1","7","Silica/Quartz/Manganese","RESULTS OF THE 85TH MINING LICENSING COMMITTEE (MLC) MEETING HELD ON 5TH MARCH, 2025","https://www.mmmd.gov.zm/?p=4013"
"Mkushi Stones Zambia Limited","organization","Central","Mkushi, Serenje; Eastern, Nyimba","24423-HQ-LEL","Approved","gemstones","1","17322","Nickel/Manganese/Quartz","REMINDER ON RESULTS OF THE 70TH AND 71ST MINING LICENSING COMMITTEE (MLC) MEETINGS HELD IN FEBRUARY AND MARCH 2023","https://www.mmmd.gov.zm/?p=2555"
"Mkushi-Serenje Investments Limited","organization","Central | Southern","Mkushi | Mazabuka, Siavonga | Siavonga | Serenje","34709-HQ-SEL | 34710-HQ-LEL | 37559-HQ-LEL | 37566-HQ-LEL | 37589-HQ-SEL | 34712-HQ-SEL | 39107-HQ-SEL","Approved | Deferred | REJECTED","gemstones","3","4239","Quartz/Gold/Copper","RESULTS OF THE 76TH MINING LICENSING COMMITTEE (MLC) MEETING HELD ON 17TH AND 20TH NOVEMBER 2023","https://www.mmmd.gov.zm/?p=2640"
"Mlema Mining Limited","organization","Southern","Choma","32933-HQ-SML","Deferred","critical_battery","2","199","Tantalum/Manganese/Zinc","RESULTS OF THE 82ND MINING LICENSING COMMITTEE (MLC) MEETING HELD ON 11TH SEPTEMBER, 2024","https://www.mmmd.gov.zm/?p=3378"
"MLG Resources Limited","organization","Copperbelt","Lufwanyama","36244-HQ-SEL","Approved","industrial_minerals","1","353","Silica/Quartz","RESULTS OF THE 78TH MINING LICENSING COMMITTEE (MLC) MEETING HELD ON 27TH FEBRUARY TO 1ST MARCH 2024","https://www.mmmd.gov.zm/?p=2785"
"Mlima Mining Investment Limited","organization","","","29452-HQ-SEL | 29551-HQ-SEL | 29180-HQ-LEL | 29451-HQ-SEL","Cancelled","critical_battery","1","4792","Lead/Manganese/Zinc","CANCELLATION OF NON-COMPLIANT MINING AND NON-MINING RIGHTS BY THE MINING LICENSING COMMITTEE (MLC)","https://www.mmmd.gov.zm/?p=2787"
"MM Homes Management Limited","organization","Central | Lusaka","Kapiri Mposhi; Copperbelt, Mpongwe | Chongwe | Kapiri Mposhi | Chibombo","32307-HQ-LEL | 34452-HQ-SEL | 34801-HQ-SEL | 36901-HQ-LEL | 36879-HQ-LEL | 34489-HQ-SEL","Approved | APPROVED | Deferred | Rejected","gemstones","4","34473","Manganese/Lead/Copper","RESULTS OF THE 72ND MINING LICENSING COMMITTEE (MLC) MEETING HELD FROM 17TH TO 22 MAY 2023","https://www.mmmd.gov.zm/?p=2559"
"MMG (Zambia) Exploration Limited","organization","North Western","Solwezi","20697-HQ-LEL | 21579-HQ-LEL | 23007-HQ-LEL | 22119-HQ-LEL","DEFERRED | Approved","critical_battery","4","33639","Silver/Nickel/Zinc","RESULTS OF THE EXTRA ORDINARY MINING LICENSING COMMITTEE (MLC) MEETING HELD ON 27TH OCTOBER 2023","https://www.mmmd.gov.zm/?p=2626"
"Mmkaz Mining Company","organization","Copperbelt","Lufwanyama","22753-HQ-SEL | 39501-HQ-SML","Cancelled | Deferred | Approved","gemstones","2","181","Emerald","CANCELLATION OF NON-COMPLIANT MINING AND NON-MINING RIGHTS BY THE MINING LICENSING COMMITTEE (MLC)","https://www.mmmd.gov.zm/?p=2787"
"MNS Global World import and Export Limited","organization","Eastern | Northern","Nyimba | Chinsali","32605-HQ-LEL | 33543-HQ-LEL","","gemstones","1","2399","Nickel/Niobium (Columbium)/Kaolin","RESULTS OF THE 76TH MINING LICENSING COMMITTEE (MLC) MEETING HELD ON 17TH AND 20TH NOVEMBER 2023","https://www.mmmd.gov.zm/?p=2640"
"Mobile Shaft Metals Limited","organization","Central","Kapiri Mposhi","29354-HQ-LEL | 29281-HQ-SEL | 28876-HQ-SEL","Rejected | Cancelled","critical_battery","2","1661","Iron Ore/Anhydrite/Manganese","REMINDER ON RESULTS OF THE 70TH AND 71ST MINING LICENSING COMMITTEE (MLC) MEETINGS HELD IN FEBRUARY AND MARCH 2023","https://www.mmmd.gov.zm/?p=2555"
"MODIBO RESOURCES LIMITED","organization","Southern | Luapula | Eastern","Gwembe | Mansa | Mambwe | Petauke","38688-HQ-LEL | 38784-HQ-LEL | 38899-HQ-LEL | 39181-HQ-LEL | 38784-HQ-SEL | 39075-HQ-SEL","Deferred | Approved | REJECTED | DEFERRED","gemstones","4","5198","Gold/Zinc/Manganese","RESULTS OF THE 83RD MINING LICENSING COMMITTEE (MLC) MEETING HELD ON 30TH OCTOBER, 2024","https://www.mmmd.gov.zm/?p=3515"
"Moersis Enterprises Limited","organization","Luapula","Mwense","37708-HQ-SEL","","gemstones","1","239","Sand/Nickel/Manganese","RESULTS OF THE 80TH MINING LICENSING COMMITTEE (MLC) MEETING HELD ON 6TH TO 7TH AND 10TH JUNE 2024","https://www.mmmd.gov.zm/?p=2849"
"Moffat Sinyangwe","person_or_unclassified","Northern","Mpika","36327-HQ-AMR","Approved","critical_battery","1","7","Manganese/Quartz/Iron Ore","RESULTS OF THE 80TH MINING LICENSING COMMITTEE (MLC) MEETING HELD ON 6TH TO 7TH AND 10TH JUNE 2024","https://www.mmmd.gov.zm/?p=2849"
"Mofya Foreman Chikoma","person_or_unclassified","Eastern","Chipata","38590-HQ-AMR","","gemstones","1","2","Iron Ore/Mica/Zinc","RESULTS OF THE 83RD MINING LICENSING COMMITTEE (MLC) MEETING HELD ON 30TH OCTOBER, 2024","https://www.mmmd.gov.zm/?p=3515"
"Mohafra Mining Limited","organization","Lusaka | Eastern | Central | Southern","Kafue | Chipata | Mumbwa | Lundazi | Sinazongwe | Kalomo","31220-HQ-SEL | 37923-HQ-LEL | 38032-HQ-LEL | 38734-HQ-LML | 37930-HQ-LEL | 37685-HQ-SEL | 37825-HQ-SEL","Approved | Deferred","gemstones","7","13959","Copper/Manganese/Iron Ore","REMINDER ON RESULTS OF THE 70TH AND 71ST MINING LICENSING COMMITTEE (MLC) MEETINGS HELD IN FEBRUARY AND MARCH 2023","https://www.mmmd.gov.zm/?p=2555"
"Mojo Commodities Limited","organization","North Western | Central","Mwinilunga | Mumbwa","33700-HQ-SEL | 33708-HQ-SEL","Approved","gold","2","497","Gold/Copper/Iron Ore","RESULTS OF THE 73RD MINING LICENSING COMMITTEE (MLC) MEETING HELD FROM 29TH TO 30TH JUNE 2023","https://www.mmmd.gov.zm/?p=2583"
"Mokha Investment Zambia Limited","organization","Copperbelt","Lufwanyama","34639-HQ-SEL","Approved","critical_battery","1","517","Manganese/Iron Ore/Silver","RESULTS OF THE 76TH MINING LICENSING COMMITTEE (MLC) MEETING HELD ON 17TH AND 20TH NOVEMBER 2023","https://www.mmmd.gov.zm/?p=2640"
"molly habbanti","person_or_unclassified","North Western","Mufumbwe","39780-HQ-AMR","Approved","critical_battery","1","7","Malachite/Manganese/Zinc","RESULTS OF THE 85TH MINING LICENSING COMMITTEE (MLC) MEETING HELD ON 5TH MARCH, 2025","https://www.mmmd.gov.zm/?p=4013"
"Momentsky Company Limited","organization","Southern","Siavonga","31032-HQ-SML | 33042-HQ-MPL | 27696-HQ-SEL | 27697-HQ-SEL | 37437-HQ-LEL","Approved on condition | Approved | Cancelled","gemstones","5","9642","Fluorine-Fluorite/Cobalt/Copper","REMINDER ON RESULTS OF THE 70TH AND 71ST MINING LICENSING COMMITTEE (MLC) MEETINGS HELD IN FEBRUARY AND MARCH 2023","https://www.mmmd.gov.zm/?p=2555"
"Momentum  Mining Services  Limited","organization","Eastern | Central | Copperbelt","Chadiza, Chipata | Serenje | Mpongwe","35360-HQ-LEL | 37978-HQ-LEL | 38921-HQ-LEL","Approved","critical_battery","1","32597","Nickel/Manganese/Zinc","RESULTS OF THE 81ST MINING LICENSING COMMITTEE (MLC) MEETING HELD ON 31ST JULY, 2024","https://www.mmmd.gov.zm/?p=2923"
"Momentum Mining Services Limited","organization","Eastern | Central | Copperbelt","Chadiza, Chipata | Serenje | Mpongwe","35360-HQ-LEL | 37978-HQ-LEL | 38921-HQ-LEL","Approved","critical_battery","1","2166","Nickel/Manganese/Quartz","RESULTS OF THE 81ST MINING LICENSING COMMITTEE (MLC) MEETING HELD ON 31ST JULY, 2024","https://www.mmmd.gov.zm/?p=2923"
"Mon Fuel and Oil Investment","organization","Copperbelt","Ndola | Masaiti","33102-HQ-SEL | 33101-HQ-SEL","Approved | Deferred | Rejected","critical_battery","1","767","Manganese/Limestone (General)/Zinc","RESULTS OF THE 76TH MINING LICENSING COMMITTEE (MLC) MEETING HELD ON 17TH AND 20TH NOVEMBER 2023","https://www.mmmd.gov.zm/?p=2640"
"Monet Geo Resources Limited","organization","Central | Eastern","Mumbwa | Chama; Northern, Chinsali","30734-HQ-LEL | 32446-HQ-LEL","APPROVED","gemstones","2","25241","Gold/Silver/Diamond","REMINDER ON RESULTS OF THE 70TH AND 71ST MINING LICENSING COMMITTEE (MLC) MEETINGS HELD IN FEBRUARY AND MARCH 2023","https://www.mmmd.gov.zm/?p=2555"
"Monica Chenda","person_or_unclassified","Central","Kapiri Mposhi","35640-HQ-AMR","Approved","gemstones","1","7","Emerald/Ruby/Aquamarine","RESULTS OF THE 77TH MINING LICENSING COMMITTEE (MLC) MEETING HELD ON 11TH TO 12TH JANUARY 2024","https://www.mmmd.gov.zm/?p=2675"
"Monica Chibiya","person_or_unclassified","Northern","Chinsali","39391-HQ-AMR | 39392-HQ-AMR | 39393-HQ-AMR","Approved","gold","3","20","Gold/Copper","RESULTS OF THE 84TH MINING LICENSING COMMITTEE (MLC) MEETING HELD ON 12TH DECEMBER, 2024","https://www.mmmd.gov.zm/?p=3780"
"Monica Phiri","person_or_unclassified","Lusaka","Chongwe","33284-HQ-AMR","Approved","critical_battery","1","7","Nickel/Manganese/Zinc","RESULTS OF THE 80TH MINING LICENSING COMMITTEE (MLC) MEETING HELD ON 6TH TO 7TH AND 10TH JUNE 2024","https://www.mmmd.gov.zm/?p=2849"
"Monique Nyambe-Mpho Wamulume","person_or_unclassified","Lusaka","Chongwe","26962-HQ-AMR | 36506-HQ-AMR | 36507-HQ-AMR","Approved","gemstones","3","17","Beryllium/Clay (General)/Quartz","REMINDER ON RESULTS OF THE 70TH AND 71ST MINING LICENSING COMMITTEE (MLC) MEETINGS HELD IN FEBRUARY AND MARCH 2023","https://www.mmmd.gov.zm/?p=2555"
"Monoliths Mining Group Limited","organization","North Western | Copperbelt","Kabompo, Mufumbwe, Mwinilunga | Lufwanyama","39722-HQ-LEL | 39655-HQ-SEL","APPROVED | Approved","gemstones","2","9432","Iron Ore/Gold/Zinc","RESULTS OF THE 85TH MINING LICENSING COMMITTEE (MLC) MEETING HELD ON 5TH MARCH, 2025","https://www.mmmd.gov.zm/?p=4013"
"Montauk Mining & Minerals Limited","organization","North Western","Mufumbwe","20246-HQ-LEL","Cancelled | Approved","gold","1","21488","Iron Ore/Silver/Gold","CANCELLATION OF NON-COMPLIANT MINING AND NON-MINING RIGHTS BY THE MINING LICENSING COMMITTEE (MLC)","https://www.mmmd.gov.zm/?p=2787"
"MOONSHINE MINING LIMITED","organization","Northern | North Western | Central | Southern","Isoka | Kasempa | Mumbwa; Western, Kaoma | Monze | Chibombo, Kabwe","39033-HQ-LEL | 39094-HQ-LEL | 39541-HQ-LEL | 39542-HQ-LEL | 39543-HQ-SEL","APPROVED | DEFERRED | Deferred | Approved","gemstones","5","175120","Copper/Gold/Cobalt","RESULTS OF THE 85TH MINING LICENSING COMMITTEE (MLC) MEETING HELD ON 5TH MARCH, 2025","https://www.mmmd.gov.zm/?p=4013"
"Mopani Copper Mines Plc","organization","Copperbelt","Mufulira | Kalulushi, Nkana Mines Site; Kitwe","7073-HQ-LML | 7625-HQ-LML","Approved","other","2","28547","","RESULTS OF THE 78TH MINING LICENSING COMMITTEE (MLC) MEETING HELD ON 27TH FEBRUARY TO 1ST MARCH 2024","https://www.mmmd.gov.zm/?p=2785"
"Mopti Company Limited","organization","Copperbelt","Mpongwe","16036-HQ-SML","REJECTED | Cancelled","industrial_minerals","1","402","Quartz","RESULTS OF THE EXTRA ORDINARY MINING LICENSING COMMITTEE (MLC) MEETING HELD ON 27TH OCTOBER 2023","https://www.mmmd.gov.zm/?p=2626"
"Moreen Nauluta Sindono","person_or_unclassified","North Western","Solwezi","30516-HQ-AMR","Approved","gold","1","7","Sandstone/Gold/Copper","REMINDER ON RESULTS OF THE 70TH AND 71ST MINING LICENSING COMMITTEE (MLC) MEETINGS HELD IN FEBRUARY AND MARCH 2023","https://www.mmmd.gov.zm/?p=2555"
"Morgan Malambo","person_or_unclassified","Central","Serenje","34033-HQ-AMR","Approved","critical_battery","1","7","Manganese","RESULTS OF THE 73RD MINING LICENSING COMMITTEE (MLC) MEETING HELD FROM 29TH TO 30TH JUNE 2023","https://www.mmmd.gov.zm/?p=2583"
"Morgan Mwape Musoma","person_or_unclassified","Northern","Mpika","34071-HQ-AMR","Approved","critical_battery","1","7","Manganese/Quartz/Copper","RESULTS OF THE 74TH MINING LICENSING COMMITTEE (MLC) MEETING HELD FROM 3RD TO 4TH AUGUST 2023","https://www.mmmd.gov.zm/?p=2598"
"Morton Enterprises Limited","organization","Copperbelt","Luanshya, Ndola | Luanshya, Masaiti, Ndola","33701-HQ-LEL | 39211-HQ-LEL","Approved","critical_battery","2","8835","Manganese/Zinc/Copper","SUBJECT: RESULTS OF THE 79TH MINING LICENSING COMMITTEE (MLC) MEETING HELD ON 11TH TO 12TH APRIL 2024","https://www.mmmd.gov.zm/?p=2794"
"Moses Mabiza","person_or_unclassified","","","27591-HQ-AMR","Cancelled","gemstones","1","3","Emerald/Gold/Zinc","CANCELLATION OF NON-COMPLIANT MINING AND NON-MINING RIGHTS BY THE MINING LICENSING COMMITTEE (MLC)","https://www.mmmd.gov.zm/?p=2787"
"Moses Mululu Ndolo","person_or_unclassified","Central","Mkushi","29323-HQ-AMR","","critical_battery","1","7","Silica/Talc-Soapstone/Quartz","RESULTS OF THE 76TH MINING LICENSING COMMITTEE (MLC) MEETING HELD ON 17TH AND 20TH NOVEMBER 2023","https://www.mmmd.gov.zm/?p=2640"
"Moses Mwanza","person_or_unclassified","Luapula","Mansa","34860-HQ-AMR","Approved","critical_battery","1","7","Manganese/Lead/Zinc","RESULTS OF THE 78TH MINING LICENSING COMMITTEE (MLC) MEETING HELD ON 27TH FEBRUARY TO 1ST MARCH 2024","https://www.mmmd.gov.zm/?p=2785"
"Moses Njipi","person_or_unclassified","Luapula","Mansa","38430-HQ-AMR | 38431-HQ-AMR | 38432-HQ-AMR","Approved | Deferred","critical_battery","3","20","Manganese","RESULTS OF THE 82ND MINING LICENSING COMMITTEE (MLC) MEETING HELD ON 11TH SEPTEMBER, 2024","https://www.mmmd.gov.zm/?p=3378"
"Moses Silungwe","person_or_unclassified","Lusaka | North Western","Chongwe | Kasempa","39837-HQ-AMR | 42099-HQ-AMR","Approved | DEFERRED","gemstones","1","7","Iron Ore/Manganese/Zinc","RESULTS OF THE 85TH MINING LICENSING COMMITTEE (MLC) MEETING HELD ON 5TH MARCH, 2025","https://www.mmmd.gov.zm/?p=4013"
"Mother Land Resources Limited","organization","Lusaka","Kafue","35569-HQ-SEL","Deferred | Rejected | DEFERRED","critical_battery","2","1723","Granite/Limestone (General)/Nickel","RESULTS OF THE 78TH MINING LICENSING COMMITTEE (MLC) MEETING HELD ON 27TH FEBRUARY TO 1ST MARCH 2024","https://www.mmmd.gov.zm/?p=2785"
"Mother Load Deposits Limited","organization","Southern | North Western | Central","Kalomo | Mufumbwe | Mumbwa","30520-HQ-LEL | 30562-HQ-LEL | 30471-HQ-LEL | 30472-HQ-LEL | 30439-HQ-LEL | 30594-HQ-SEL","Rejected | Cancelled","critical_battery","1","197","Lithium/Tin/Cobalt","REMINDER ON RESULTS OF THE 70TH AND 71ST MINING LICENSING COMMITTEE (MLC) MEETINGS HELD IN FEBRUARY AND MARCH 2023","https://www.mmmd.gov.zm/?p=2555"
"Motherland Resources Limited","organization","Eastern","Chama","39236-HQ-SML","Deferred","critical_battery","1","393","Lithium/Limestone (General)/Nickel","RESULTS OF THE 85TH MINING LICENSING COMMITTEE (MLC) MEETING HELD ON 5TH MARCH, 2025","https://www.mmmd.gov.zm/?p=4013"
"Motomine Zambia Limited","organization","Eastern | Central","Chama | Mkushi","30065-HQ-SEL | 30066-HQ-SEL | 28304-HQ-LEL | 30064-HQ-SEL","Approved | Cancelled","gemstones","3","1797","Manganese/Lead/Iron Ore","REMINDER ON RESULTS OF THE 70TH AND 71ST MINING LICENSING COMMITTEE (MLC) MEETINGS HELD IN FEBRUARY AND MARCH 2023","https://www.mmmd.gov.zm/?p=2555"
"Mount Horeb Investments Limited","organization","","","7016-HQ-SML","Cancelled","gemstones","1","85","Tin/Titanium/Tungsten","CANCELLATION OF NON-COMPLIANT MINING AND NON-MINING RIGHTS BY THE MINING LICENSING COMMITTEE (MLC)","https://www.mmmd.gov.zm/?p=2787"
"Mount Putuo Copper Mine Limited","organization","Lusaka | Central | Southern","Luangwa | Mumbwa | Mazabuka","38804-HQ-LEL | 38806-HQ-LEL | 39943-HQ-SEL","Approved | DEFERRED","gemstones","4","59237","Lead/Gold/Silver","RESULTS OF THE 83RD MINING LICENSING COMMITTEE (MLC) MEETING HELD ON 30TH OCTOBER, 2024","https://www.mmmd.gov.zm/?p=3515"
"MOUNT WATAI COPPER MINE LIMITED","organization","North Western | Central","Mufumbwe | Chibombo, Mumbwa | Kasempa","39061-HQ-SEL | 40615-HQ-LEL | 40739-HQ-SEL","Rejected | Approved","gemstones","1","20102","Nickel/Lead/Silver","RESULTS OF THE 84TH MINING LICENSING COMMITTEE (MLC) MEETING HELD ON 12TH DECEMBER, 2024","https://www.mmmd.gov.zm/?p=3780"
"Mountlisa Minerals Limited","organization","Central | Lusaka","Mkushi | Kafue","40551-HQ-SEL | 40553-HQ-SEL | 40972-HQ-SEL | 40974-HQ-SEL","Approved","gemstones","2","239","Iron Ore/Lead/Gypsum","RESULTS OF THE 88TH MINING LICENSING COMMITTEE (MLC) MEETING HELD ON 30TH MAY, 2025","https://www.mmmd.gov.zm/?p=4111"
"Mowen Resourses Limited","organization","Central","Mkushi","39364-HQ-LEL","Approved","gemstones","1","6560","Malachite/Iron Ore/Zinc","RESULTS OF THE 84TH MINING LICENSING COMMITTEE (MLC) MEETING HELD ON 12TH DECEMBER, 2024","https://www.mmmd.gov.zm/?p=3780"
"Moxico Amadoda Mining Limited","organization","Copperbelt","Chililabombwe","20752-HQ-LEL","APPROVED | Approved","critical_battery","1","9141","Nickel/Manganese/Zinc","RESULTS OF THE 74TH MINING LICENSING COMMITTEE (MLC) MEETING HELD FROM 3RD TO 4TH AUGUST 2023","https://www.mmmd.gov.zm/?p=2598"
"Moxico Resources Zambia Limited","organization","North Western","Solwezi | Mufumbwe","22800-HQ-LEL | 8440-HQ-SML | 22756-HQ-LEL","APPROVED | DEFERRED | Approved | Cancelled","critical_battery","2","54121","Gold/Copper/Cobalt","RESULTS OF THE 75TH MINING LICENSING COMMITTEE (MLC) MEETING HELD FROM 27TH TO 29TH SEPTEMBER 2023","https://www.mmmd.gov.zm/?p=2618"
"Moyan Services Limited","organization","Central","Mumbwa","38614-HQ-MPL","Approved","gold","1","7","Gold","RESULTS OF THE 82ND MINING LICENSING COMMITTEE (MLC) MEETING HELD ON 11TH SEPTEMBER, 2024","https://www.mmmd.gov.zm/?p=3378"
"Mpande Limestone Limited","organization","","","18703-HQ-LML","Cancelled","industrial_minerals","1","10799","Limestone (General)","CANCELLATION OF NON-COMPLIANT MINING AND NON-MINING RIGHTS BY THE MINING LICENSING COMMITTEE (MLC)","https://www.mmmd.gov.zm/?p=2787"
"Mpanga Mining Cooperative Society Limited","organization","Northern","Mpika","38758-HQ-AMR","Approved","gold","1","7","Platinum Group Metals/Silver/Uranium","RESULTS OF THE 85TH MINING LICENSING COMMITTEE (MLC) MEETING HELD ON 5TH MARCH, 2025","https://www.mmmd.gov.zm/?p=4013"
"Mpanga Yabusasa Investment Limited","organization","North Western","Solwezi","34308-HQ-LEL","APPROVED | Approved","critical_battery","1","14699","Lead/Lithium/Manganese","RESULTS OF THE 75TH MINING LICENSING COMMITTEE (MLC) MEETING HELD FROM 27TH TO 29TH SEPTEMBER 2023","https://www.mmmd.gov.zm/?p=2618"
"Mpaso Mining Company Ltd","organization","","","26326-HQ-SEL","Cancelled","gemstones","1","417","Quartz/Gold/Tourmaline","CANCELLATION OF NON-COMPLIANT MINING AND NON-MINING RIGHTS BY THE MINING LICENSING COMMITTEE (MLC)","https://www.mmmd.gov.zm/?p=2787"
"Mpavu Multi-Purpose Cooperative Society Limited","organization","Southern | Lusaka","Kalomo | Chongwe","33661-HQ-AMR","APPROVED","gemstones","1","7","Quartz/Niobium (Columbium)/Aquamarine","RESULTS OF THE 75TH MINING LICENSING COMMITTEE (MLC) MEETING HELD FROM 27TH TO 29TH SEPTEMBER 2023","https://www.mmmd.gov.zm/?p=2618"
"MSANZALA RESOURCES LIMITED","organization","Eastern","Petauke","39199-HQ-LEL | 39505-HQ-LEL","APPROVED","gemstones","2","12175","Nickel/Manganese/Zinc","RESULTS OF THE 85TH MINING LICENSING COMMITTEE (MLC) MEETING HELD ON 5TH MARCH, 2025","https://www.mmmd.gov.zm/?p=4013"
"Mshisha Lizabuya","person_or_unclassified","Eastern","Nyimba | Lundazi","30624-HQ-AMR | 23227-HQ-AMR | 23395-HQ-AMR | 25958-HQ-AMR | 27492-HQ-AMR | 25090-HQ-AMR","Deferred | Approved","gemstones","5","30","Garnet/Gold/Tourmaline","REMINDER ON RESULTS OF THE 70TH AND 71ST MINING LICENSING COMMITTEE (MLC) MEETINGS HELD IN FEBRUARY AND MARCH 2023","https://www.mmmd.gov.zm/?p=2555"
"MTDK INVESTMENT LIMITED","organization","North Western | Lusaka","Solwezi | Chongwe","39702-HQ-LEL | 42051-HQ-LEL","APPROVED | Approved","gemstones","1","2097","Nickel/Lead/Zinc","RESULTS OF THE 85TH MINING LICENSING COMMITTEE (MLC) MEETING HELD ON 5TH MARCH, 2025","https://www.mmmd.gov.zm/?p=4013"
"Muamba and Company Ltd","organization","Central","Mkushi | Mkushi; Eastern, Nyimba","15701-HQ-SML | 16548-HQ-SML","Rejected | REJECTED | Cancelled | Deferred","gemstones","1","143","Tourmaline/Quartz/Aquamarine","REMINDER ON RESULTS OF THE 70TH AND 71ST MINING LICENSING COMMITTEE (MLC) MEETINGS HELD IN FEBRUARY AND MARCH 2023","https://www.mmmd.gov.zm/?p=2555"
"Mubaich Resources Limited","organization","Central","Serenje","35962-HQ-SEL | 35917-HQ-SEL | 35963-HQ-SEL","Approved","gemstones","1","501","Lithium/Manganese/Lead","RESULTS OF THE 77TH MINING LICENSING COMMITTEE (MLC) MEETING HELD ON 11TH TO 12TH JANUARY 2024","https://www.mmmd.gov.zm/?p=2675"
"Mubanga Chanda","person_or_unclassified","Luapula","Kawambwa","33071-HQ-AMR","Approved","critical_battery","1","7","Manganese/Quartz/Gold","RESULTS OF THE 73RD MINING LICENSING COMMITTEE (MLC) MEETING HELD FROM 29TH TO 30TH JUNE 2023","https://www.mmmd.gov.zm/?p=2583"
"Mublecha Enteprises Limited","organization","Central","Mkushi","33689-HQ-SEL","Approved","critical_battery","1","989","Manganese/Zinc/Gold","RESULTS OF THE 73RD MINING LICENSING COMMITTEE (MLC) MEETING HELD FROM 29TH TO 30TH JUNE 2023","https://www.mmmd.gov.zm/?p=2583"
"Muchaba Enterprises Company Limited","organization","Lusaka","Kafue","32629-HQ-SEL | 32648-HQ-SEL","Approved","energy_minerals","2","956","Limestone (General)/Sand/Molding","RESULTS OF THE 73RD MINING LICENSING COMMITTEE (MLC) MEETING HELD FROM 29TH TO 30TH JUNE 2023","https://www.mmmd.gov.zm/?p=2583"
"Muchenga Resources Limited","organization","Central | Northern","Kapiri Mposhi | Chinsali","32957-HQ-SEL | 38655-HQ-SEL","Approved","critical_battery","2","1964","Zinc/Iron Ore/Lead","RESULTS OF THE 73RD MINING LICENSING COMMITTEE (MLC) MEETING HELD FROM 29TH TO 30TH JUNE 2023","https://www.mmmd.gov.zm/?p=2583"
"Muchenge African Power Traders International Limited","organization","North Western","Mwinilunga","37249-HQ-SEL","Approved","gemstones","2","520","Nickel/Iron Ore/Silver","RESULTS OF THE 78TH MINING LICENSING COMMITTEE (MLC) MEETING HELD ON 27TH FEBRUARY TO 1ST MARCH 2024","https://www.mmmd.gov.zm/?p=2785"
"Muchinga Energy Resources Limited","organization","Southern","Gwembe, Siavonga","19800-HQ-LEL | 38555-HQ-LML","Approved","energy_minerals","2","44327","Uranium/Coal","RESULTS OF THE 74TH MINING LICENSING COMMITTEE (MLC) MEETING HELD FROM 3RD TO 4TH AUGUST 2023","https://www.mmmd.gov.zm/?p=2598"
"Muchinga Route Multi-purpose Co-operative Society Limited","organization","Lusaka | Northern","Chongwe | Isoka","37038-HQ-AMR | 37046-HQ-AMR","Approved","gemstones","2","13","Nickel/Anhydrite/Zinc","RESULTS OF THE 77TH MINING LICENSING COMMITTEE (MLC) MEETING HELD ON 11TH TO 12TH JANUARY 2024","https://www.mmmd.gov.zm/?p=2675"
"Mudiwa Resources Limited","organization","Eastern | North Western | Copperbelt","Lundazi | Mwinilunga | Lufwanyama","37175-HQ-LEL | 37907-HQ-LEL | 37975-HQ-LEL","Approved","gemstones","3","76943","Gold/Cobalt/Copper","RESULTS OF THE 78TH MINING LICENSING COMMITTEE (MLC) MEETING HELD ON 27TH FEBRUARY TO 1ST MARCH 2024","https://www.mmmd.gov.zm/?p=2785"
"Mufumbwe Mining Multi-purpose Co-operative Society Limited","organization","North Western","Mufumbwe","37139-HQ-AMR","Approved","critical_battery","1","7","Quartz/Nickel/Rare EarthsElements","RESULTS OF THE 77TH MINING LICENSING COMMITTEE (MLC) MEETING HELD ON 11TH TO 12TH JANUARY 2024","https://www.mmmd.gov.zm/?p=2675"
"Mufwashi Mining and Resources Limited","organization","North Western","Kasempa","37215-HQ-SML | 37214-HQ-SML","Approved","gemstones","2","779","Manganese/Iron Ore/Silver","SUBJECT: RESULTS OF THE 79TH MINING LICENSING COMMITTEE (MLC) MEETING HELD ON 11TH TO 12TH APRIL 2024","https://www.mmmd.gov.zm/?p=2794"
"Mufwashi Mining Cooperative Society Limited","organization","North Western","Solwezi","37670-HQ-AMR","","gemstones","1","7","Gold/Iron Ore/Tourmaline","RESULTS OF THE 80TH MINING LICENSING COMMITTEE (MLC) MEETING HELD ON 6TH TO 7TH AND 10TH JUNE 2024","https://www.mmmd.gov.zm/?p=2849"
"Mugla Mining Investment Zambia Limited","organization","Central | Eastern | Northern","Serenje | Mkushi | Lundazi | Mpika","30728-HQ-SEL | 30772-HQ-SEL | 36520-HQ-SEL | 36535-HQ-SEL | 36536-HQ-SEL","Approved | Deferred | Rejected | Cancelled","critical_battery","1","842","Lead/Manganese/Zinc","REMINDER ON RESULTS OF THE 70TH AND 71ST MINING LICENSING COMMITTEE (MLC) MEETINGS HELD IN FEBRUARY AND MARCH 2023","https://www.mmmd.gov.zm/?p=2555"
"Mugwazo Mining Co-operative Society Limited","organization","Eastern","Lundazi","33001-HQ-AMR","Approved","gold","1","7","Gold/Copper/Cobalt","RESULTS OF THE 73RD MINING LICENSING COMMITTEE (MLC) MEETING HELD FROM 29TH TO 30TH JUNE 2023","https://www.mmmd.gov.zm/?p=2583"
"Mujimanzovu Resources Limited","organization","North Western","Solwezi","36921-HQ-LEL","Approved","gemstones","1","41155","Mica/Gold/Quartz","RESULTS OF THE 80TH MINING LICENSING COMMITTEE (MLC) MEETING HELD ON 6TH TO 7TH AND 10TH JUNE 2024","https://www.mmmd.gov.zm/?p=2849"
"Mukabamo Copper Mines Limited","organization","Luapula","Mwense","29763-HQ-SML","Rejected","critical_battery","1","384","Manganese/Silver/Lead","RESULTS OF THE 75TH MINING LICENSING COMMITTEE (MLC) MEETING HELD FROM 27TH TO 29TH SEPTEMBER 2023","https://www.mmmd.gov.zm/?p=2618"
"Mukala Mineral  Co-operation Society Limited","organization","North Western","Mwinilunga","32776-HQ-AMR","Approved","gold","1","7","Gold/Copper/Cobalt","RESULTS OF THE 75TH MINING LICENSING COMMITTEE (MLC) MEETING HELD FROM 27TH TO 29TH SEPTEMBER 2023","https://www.mmmd.gov.zm/?p=2618"
"Mukala Mineral co-operative Society Limited","organization","North Western","Mwinilunga","32834-HQ-AMR | 32819-HQ-AMR | 32823-HQ-AMR | 32835-HQ-AMR","Approved | APPROVED","gold","3","20","Copper/Cobalt/Gold","RESULTS OF THE 75TH MINING LICENSING COMMITTEE (MLC) MEETING HELD FROM 27TH TO 29TH SEPTEMBER 2023","https://www.mmmd.gov.zm/?p=2618"
"Mukamandu Mining Limited","organization","Copperbelt","Ndola","19588-HQ-SML","Rejected | Approved","base_metals","1","177","Copper/Cobalt","RESULTS OF THE 82ND MINING LICENSING COMMITTEE (MLC) MEETING HELD ON 11TH SEPTEMBER, 2024","https://www.mmmd.gov.zm/?p=3378"
"Mukamba Kabombo","person_or_unclassified","Central","Kapiri Mposhi","33182-HQ-AMR","Approved","critical_battery","1","7","Manganese/Silver/Zinc","RESULTS OF THE 73RD MINING LICENSING COMMITTEE (MLC) MEETING HELD FROM 29TH TO 30TH JUNE 2023","https://www.mmmd.gov.zm/?p=2583"
"Mukanjaka Mining Industries Company Limited","organization","","","07231-HQ-SML","Cancelled","gemstones","1","117","Emerald","CANCELLATION OF NON-COMPLIANT MINING AND NON-MINING RIGHTS BY THE MINING LICENSING COMMITTEE (MLC)","https://www.mmmd.gov.zm/?p=2787"
"MUKAPELWA SMALL SCALE MINING LIMITED","organization","Northern","Mpika","37146-HQ-SEL","","gemstones","1","911","Manganese/Lead/Iron Ore","RESULTS OF THE 80TH MINING LICENSING COMMITTEE (MLC) MEETING HELD ON 6TH TO 7TH AND 10TH JUNE 2024","https://www.mmmd.gov.zm/?p=2849"
"Mukema Minerals Limited","organization","North Western","Kasempa","28230-HQ-LEL | 27962-HQ-LEL | 41598-HQ-MPL","Cancelled | Deferred | APPROVED","gold","1","8684","Iron Ore/Lead/Zinc","CANCELLATION OF NON-COMPLIANT MINING AND NON-MINING RIGHTS BY THE MINING LICENSING COMMITTEE (MLC)","https://www.mmmd.gov.zm/?p=2787"
"Mukoleku Security Services Limited","organization","North Western | Western","Kabompo, Zambezi | Kasempa, Mufumbwe | Kaoma","34794-HQ-LEL | 34796-HQ-LEL | 34793-HQ-LEL","APPROVED | Approved","critical_battery","1","64075","Silica/Rare EarthsElements/Platinum","RESULTS OF THE 75TH MINING LICENSING COMMITTEE (MLC) MEETING HELD FROM 27TH TO 29TH SEPTEMBER 2023","https://www.mmmd.gov.zm/?p=2618"
"Mukoleku Security Services LTD","organization","North Western | Western","Kabompo, Zambezi | Kasempa, Mufumbwe | Kaoma","34794-HQ-LEL | 34796-HQ-LEL | 34793-HQ-LEL","APPROVED | Approved","critical_battery","1","4124","Platinum/Mineral Sands/Rare EarthsElements","RESULTS OF THE 75TH MINING LICENSING COMMITTEE (MLC) MEETING HELD FROM 27TH TO 29TH SEPTEMBER 2023","https://www.mmmd.gov.zm/?p=2618"
"Mukuka Jephany Siame","person_or_unclassified","Central","Serenje","36695-HQ-AMR","Approved","critical_battery","1","7","Manganese/Quartz/Silica","RESULTS OF THE 77TH MINING LICENSING COMMITTEE (MLC) MEETING HELD ON 11TH TO 12TH JANUARY 2024","https://www.mmmd.gov.zm/?p=2675"
"MUKULIKA MINING AND GENERAL DEALERS LIMITED","organization","Northern","Nakonde","38055-HQ-LEL","Approved","gemstones","1","2048","Precious Gems/Quartz/Green tourmaline","RESULTS OF THE 81ST MINING LICENSING COMMITTEE (MLC) MEETING HELD ON 31ST JULY, 2024","https://www.mmmd.gov.zm/?p=2923"
"MUKUNGULE MULTI PURPOSE CO-OPERATIVE SOCIETY LIMITED","organization","Northern","Mpika","40398-HQ-AMR","Approved","gold","1","7","Gold/Copper","RESULTS OF THE 87TH MINING LICENSING COMMITTEE (MLC) MEETING HELD ON 7TH MAY, 2025","https://www.mmmd.gov.zm/?p=4069"
"Mukuni Mining Cooperative Society Limited","organization","Central","Kapiri Mposhi","37865-HQ-AMR","Approved","gemstones","1","7","Tourmaline/Zinc/Copper","RESULTS OF THE 80TH MINING LICENSING COMMITTEE (MLC) MEETING HELD ON 6TH TO 7TH AND 10TH JUNE 2024","https://www.mmmd.gov.zm/?p=2849"
"Mukupa Chitupa","person_or_unclassified","Luapula","Kawambwa","39626-HQ-AMR | 39593-HQ-AMR","Approved","critical_battery","2","9","Manganese","RESULTS OF THE 85TH MINING LICENSING COMMITTEE (MLC) MEETING HELD ON 5TH MARCH, 2025","https://www.mmmd.gov.zm/?p=4013"
"Mukuta Bulongo Multipurpose Society Limited","organization","Central","Mumbwa","32580-HQ-AMR","Approved","gold","1","7","Gold","RESULTS OF THE 75TH MINING LICENSING COMMITTEE (MLC) MEETING HELD FROM 27TH TO 29TH SEPTEMBER 2023","https://www.mmmd.gov.zm/?p=2618"
"Mulala Farms Limited","organization","Lusaka","Kafue","33981-HQ-SEL","Approved","critical_battery","1","933","Manganese/Phosphorus-Phosphates/Lead","RESULTS OF THE 76TH MINING LICENSING COMMITTEE (MLC) MEETING HELD ON 17TH AND 20TH NOVEMBER 2023","https://www.mmmd.gov.zm/?p=2640"
"Mulangi Investments Limited","organization","Southern","Mazabuka | Kalomo","24042-HQ-SEL | 39985-HQ-SML | 39986-HQ-SML","Cancelled | Deferred | Approved","critical_battery","3","1652","Tungsten/Tin/Titanium","REMINDER ON RESULTS OF THE 70TH AND 71ST MINING LICENSING COMMITTEE (MLC) MEETINGS HELD IN FEBRUARY AND MARCH 2023","https://www.mmmd.gov.zm/?p=2555"
"Mulberry Mining Company LIMITED","organization","Copperbelt","Ndola","40543-HQ-SEL","Approved","critical_battery","1","183","Manganese/Silver/Zinc","RESULTS OF THE 88TH MINING LICENSING COMMITTEE (MLC) MEETING HELD ON 30TH MAY, 2025","https://www.mmmd.gov.zm/?p=4111"
"MULENGA CHIKUPULE  MULENGA","person_or_unclassified","Eastern","Nyimba","38224-HQ-AMR","","gemstones","1","7","Gold/Quartz/Tourmaline","RESULTS OF THE 83RD MINING LICENSING COMMITTEE (MLC) MEETING HELD ON 30TH OCTOBER, 2024","https://www.mmmd.gov.zm/?p=3515"
"Mulenga Joseph  Chikwamo","person_or_unclassified","Central","Serenje","40018-HQ-AMR","Approved","gemstones","1","7","Rare EarthsElements/Silica/Quartz","RESULTS OF THE 86TH MINING LICENSING COMMITTEE (MLC) MEETING HELD ON 27TH MARCH 2025","https://www.mmmd.gov.zm/?p=4061"
"Mulenga Lombachalo","person_or_unclassified","Luapula","Mansa","34986-HQ-AMR","Deferred","critical_battery","1","7","Silver/Sugilite/Zinc","RESULTS OF THE 76TH MINING LICENSING COMMITTEE (MLC) MEETING HELD ON 17TH AND 20TH NOVEMBER 2023","https://www.mmmd.gov.zm/?p=2640"
"Mulennsali Investment Limited","organization","Luapula | Central","Kawambwa | Mkushi","36478-HQ-SEL | 37645-HQ-SEL | 37647-HQ-SEL | 38609-HQ-SEL | 39637-HQ-LEL","Approved | APPROVED","gemstones","5","7677","Copper/Manganese/Quartz","RESULTS OF THE 77TH MINING LICENSING COMMITTEE (MLC) MEETING HELD ON 11TH TO 12TH JANUARY 2024","https://www.mmmd.gov.zm/?p=2675"
"Mulev Mining And Agricultural Multi Purpose Cooperative Society Limited","organization","Central","Mumbwa","33568-HQ-AMR","APPROVED | Approved","gemstones","1","7","Manganese/Quartz/Silica","RESULTS OF THE 75TH MINING LICENSING COMMITTEE (MLC) MEETING HELD FROM 27TH TO 29TH SEPTEMBER 2023","https://www.mmmd.gov.zm/?p=2618"
"Muliya Muliya","person_or_unclassified","Copperbelt","Lufwanyama","37410-HQ-AMR | 37142-HQ-AMR","Deferred | Rejected","critical_battery","1","7","Limestone (General)/Manganese/Gold","RESULTS OF THE 80TH MINING LICENSING COMMITTEE (MLC) MEETING HELD ON 6TH TO 7TH AND 10TH JUNE 2024","https://www.mmmd.gov.zm/?p=2849"
"Mulonda Ngenda","person_or_unclassified","Central","Mkushi","30363-HQ-AMR | 30362-HQ-AMR","Approved | Cancelled","critical_battery","1","7","Iron Ore/Manganese/Quartz","REMINDER ON RESULTS OF THE 70TH AND 71ST MINING LICENSING COMMITTEE (MLC) MEETINGS HELD IN FEBRUARY AND MARCH 2023","https://www.mmmd.gov.zm/?p=2555"
"Mulonga Mining Cooperative Society Limited","organization","Southern","Siavonga","37658-HQ-AMR","Approved","gemstones","2","13","Lead/Anhydrite/Manganese","RESULTS OF THE 81ST MINING LICENSING COMMITTEE (MLC) MEETING HELD ON 31ST JULY, 2024","https://www.mmmd.gov.zm/?p=2923"
"Mulopwe Metals Mining Limited","organization","North Western | Lusaka","Kasempa | Chongwe","25191-HQ-SML | 25210-HQ-SML | 31074-HQ-MPL | 25189-HQ-SML | 24750-HQ-MPL","Deferred | Approved | Cancelled | Rejected","gold","2","2176","Gold/Copper/Lead","RESULTS OF THE 72ND MINING LICENSING COMMITTEE (MLC) MEETING HELD FROM 17TH TO 22 MAY 2023","https://www.mmmd.gov.zm/?p=2559"
"Mulowa Josephine Lukwesa","person_or_unclassified","Central","Serenje","36230-HQ-AMR","Approved","critical_battery","1","7","Manganese/Gold/Copper","RESULTS OF THE 81ST MINING LICENSING COMMITTEE (MLC) MEETING HELD ON 31ST JULY, 2024","https://www.mmmd.gov.zm/?p=2923"
"Multiport Logistics Limited","organization","Southern | North Western","Kalomo, Sinazongwe | Mufumbwe | Gwembe","33627-HQ-LEL | 36727-HQ-LEL | 38695-HQ-LEL","Approved","gold","2","30790","Gold/Silver/Copper","RESULTS OF THE 72ND MINING LICENSING COMMITTEE (MLC) MEETING HELD FROM 17TH TO 22 MAY 2023","https://www.mmmd.gov.zm/?p=2559"
"Mululu Minerals Limited","organization","Central","Mkushi","29831-HQ-SEL","Rejected | Approved","critical_battery","1","346","Quartz/Manganese/Silver","REMINDER ON RESULTS OF THE 70TH AND 71ST MINING LICENSING COMMITTEE (MLC) MEETINGS HELD IN FEBRUARY AND MARCH 2023","https://www.mmmd.gov.zm/?p=2555"
"Mulundu Holdings Limited","organization","Luapula | North Western | Southern","Mansa | Solwezi | Choma, Kalomo","32163-HQ-LEL | 32072-HQ-LEL | 32096-HQ-LEL","Approved | APPROVED","critical_battery","3","45149","Rare EarthsElements/Manganese/Zinc","RESULTS OF THE 72ND MINING LICENSING COMMITTEE (MLC) MEETING HELD FROM 17TH TO 22 MAY 2023","https://www.mmmd.gov.zm/?p=2559"
"Mulundu Mineral Resources Limited","organization","North Western | Southern | Eastern | Copperbelt | Central","Solwezi | Choma, Mazabuka, Monze | Nyimba | Kitwe | Mkushi","34761-HQ-SEL | 37443-HQ-LEL | 37444-HQ-SEL | 37684-HQ-SEL | 37445-HQ-SEL | 37687-HQ-SEL","APPROVED | Approved | Deferred | REJECTED","gemstones","2","1109","Gold/Nickel/Silver","RESULTS OF THE 75TH MINING LICENSING COMMITTEE (MLC) MEETING HELD FROM 27TH TO 29TH SEPTEMBER 2023","https://www.mmmd.gov.zm/?p=2618"
"Mulungushi Corporation Limited","organization","Central | North Western","Mumbwa; North Western, Kasempa | Mumbwa | Kasempa","19694-HQ-SML | 26686-HQ-SEL | 24018-HQ-MPL | 22855-HQ-LEL","Rejected | Deferred | Cancelled","gold","3","18659","Gold/Copper/Cobalt","REMINDER ON RESULTS OF THE 70TH AND 71ST MINING LICENSING COMMITTEE (MLC) MEETINGS HELD IN FEBRUARY AND MARCH 2023","https://www.mmmd.gov.zm/?p=2555"
"Mulusa Adamson","person_or_unclassified","North Western","Solwezi","30792-HQ-AMR","","industrial_minerals","1","7","Molding/Silica/Mineral Sands","REMINDER ON RESULTS OF THE 70TH AND 71ST MINING LICENSING COMMITTEE (MLC) MEETINGS HELD IN FEBRUARY AND MARCH 2023","https://www.mmmd.gov.zm/?p=2555"
"Mumbachala Mines Company Limited","organization","Central","Kapiri Mposhi; Kasempa","34361-HQ-SEL","APPROVED","gemstones","1","928","Limestone (General)/Manganese/Quartz","RESULTS OF THE 75TH MINING LICENSING COMMITTEE (MLC) MEETING HELD FROM 27TH TO 29TH SEPTEMBER 2023","https://www.mmmd.gov.zm/?p=2618"
"Mumfunshya Mining Limited","organization","Copperbelt","Lufwanyama","27812-HQ-SEL | 37558-HQ-SML","Cancelled | Deferred | Approved","gemstones","2","1357","Emerald/Rare EarthsElements/Copper","CANCELLATION OF NON-COMPLIANT MINING AND NON-MINING RIGHTS BY THE MINING LICENSING COMMITTEE (MLC)","https://www.mmmd.gov.zm/?p=2787"
"Munalu Small Scale Mining Co-operative Society Limited","organization","Southern","Kalomo","33730-HQ-AMR","APPROVED","critical_battery","1","7","Tantalum/Tin/Tungsten","RESULTS OF THE 75TH MINING LICENSING COMMITTEE (MLC) MEETING HELD FROM 27TH TO 29TH SEPTEMBER 2023","https://www.mmmd.gov.zm/?p=2618"
"Munalula Munalula","person_or_unclassified","Lusaka","Kafue","36474-HQ-AMR","Approved","base_metals","1","3","Limestone (General)/Copper/Cobalt","RESULTS OF THE 78TH MINING LICENSING COMMITTEE (MLC) MEETING HELD ON 27TH FEBRUARY TO 1ST MARCH 2024","https://www.mmmd.gov.zm/?p=2785"
"Munamalu Resources Limited","organization","Lusaka | Luapula","Kafue; Southern, Mazabuka, Siavonga | Mansa, Milenge | Milenge, Samfya","27317-HQ-LEL | 22688-HQ-LEL | 22687-HQ-LEL","Cancelled | Deferred | Approved | Rejected","gemstones","2","222946","Lithium/Manganese/Garnet","REMINDER ON RESULTS OF THE 70TH AND 71ST MINING LICENSING COMMITTEE (MLC) MEETINGS HELD IN FEBRUARY AND MARCH 2023","https://www.mmmd.gov.zm/?p=2555"
"Munanzuki Resources","organization","Southern","Monze","37960-HQ-LEL","Approved","gemstones","1","1085","Limestone (General)/Anhydrite/Quartz","RESULTS OF THE 81ST MINING LICENSING COMMITTEE (MLC) MEETING HELD ON 31ST JULY, 2024","https://www.mmmd.gov.zm/?p=2923"
"Mundala Corporation Limited","organization","Eastern","Petauke","35938-HQ-LEL","Approved","critical_battery","1","10144","Magnesium (Brucit)/Limestone (General)/Lead","RESULTS OF THE 80TH MINING LICENSING COMMITTEE (MLC) MEETING HELD ON 6TH TO 7TH AND 10TH JUNE 2024","https://www.mmmd.gov.zm/?p=2849"
"Mung'omba Mutumiya","person_or_unclassified","Central","Chibombo","40352-HQ-AMR","Approved","critical_battery","1","7","Nickel/Zinc/Copper","RESULTS OF THE 87TH MINING LICENSING COMMITTEE (MLC) MEETING HELD ON 7TH MAY, 2025","https://www.mmmd.gov.zm/?p=4069"
"Munjiwe Enterprises Limited","organization","Lusaka | Central","Chongwe | Mumbwa | Chibombo; Lusaka, Chongwe, Kafue, Lusaka","34069-HQ-SEL | 36020-HQ-LEL | 36021-HQ-LEL","Rejected","critical_battery","1","891","Lead/Manganese/Silver","RESULTS OF THE 74TH MINING LICENSING COMMITTEE (MLC) MEETING HELD FROM 3RD TO 4TH AUGUST 2023","https://www.mmmd.gov.zm/?p=2598"
"Munkotachi Investments Limited","organization","Northern","Luwingu","36673-HQ-SEL","Deferred | Approved","gemstones","1","472","Limestone (General)/Lead/Iron Ore","RESULTS OF THE 82ND MINING LICENSING COMMITTEE (MLC) MEETING HELD ON 11TH SEPTEMBER, 2024","https://www.mmmd.gov.zm/?p=3378"
"Munkoyo Mining Limited","organization","Central","Kapiri Mposhi","32913-HQ-SML | 25633-HQ-SEL","Cancelled","critical_battery","1","397","Manganese/Silver/Gold","RESULTS OF THE 73RD MINING LICENSING COMMITTEE (MLC) MEETING HELD FROM 29TH TO 30TH JUNE 2023","https://www.mmmd.gov.zm/?p=2583"
"Munshya Njelesani","person_or_unclassified","Lusaka","Chongwe","39176-HQ-AMR","Approved","critical_battery","1","7","Iron Ore/Tin/Zinc","RESULTS OF THE 85TH MINING LICENSING COMMITTEE (MLC) MEETING HELD ON 5TH MARCH, 2025","https://www.mmmd.gov.zm/?p=4013"
"Munyaka Investments Limited","organization","Central | Lusaka","Kapiri Mposhi | Chibombo | Kafue","37228-HQ-LEL | 37707-HQ-LEL | 39559-HQ-SEL | 41880-HQ-LEL","Approved","industrial_minerals","2","5333","Sand/Feldspar/Clay (General)","RESULTS OF THE 80TH MINING LICENSING COMMITTEE (MLC) MEETING HELD ON 6TH TO 7TH AND 10TH JUNE 2024","https://www.mmmd.gov.zm/?p=2849"
"Mupangarwa Copper Mines","organization","Central","Mumbwa","8759-HQ-SML","Rejected | Cancelled","gold","1","400","Gold/Copper/Cobalt","RESULTS OF THE 77TH MINING LICENSING COMMITTEE (MLC) MEETING HELD ON 11TH TO 12TH JANUARY 2024","https://www.mmmd.gov.zm/?p=2675"
"Mupika Sericulture Company Limited","organization","Central | Copperbelt | Southern","Kapiri Mposhi | Mpongwe | Mkushi | Siavonga","34526-HQ-SEL | 34495-HQ-SEL | 34525-HQ-SEL | 34494-HQ-SEL | 34527-HQ-SEL","APPROVED | Approved | Deferred","industrial_minerals","2","1910","Silica/Feldspar/Clay (General)","RESULTS OF THE 75TH MINING LICENSING COMMITTEE (MLC) MEETING HELD FROM 27TH TO 29TH SEPTEMBER 2023","https://www.mmmd.gov.zm/?p=2618"
"Musa Kachingwe","person_or_unclassified","Central","Mumbwa | Kapiri Mposhi","39981-HQ-AMR | 39982-HQ-AMR | 39983-HQ-AMR | 40662-HQ-AMR | 40663-HQ-AMR","Approved","critical_battery","3","20","Manganese/Zinc/Copper","RESULTS OF THE 85TH MINING LICENSING COMMITTEE (MLC) MEETING HELD ON 5TH MARCH, 2025","https://www.mmmd.gov.zm/?p=4013"
"Musakashi Farms Limited","organization","North Western","Solwezi","30446-HQ-SML | 36925-HQ-LEL","Approved on condition | Cancelled","gemstones","3","4597","Emerald/Gold/Quartz","REMINDER ON RESULTS OF THE 70TH AND 71ST MINING LICENSING COMMITTEE (MLC) MEETINGS HELD IN FEBRUARY AND MARCH 2023","https://www.mmmd.gov.zm/?p=2555"
"Musamani Minerals and Agric. Limited","organization","","","8449-HQ-SML","Cancelled","base_metals","1","476","Copper","CANCELLATION OF NON-COMPLIANT MINING AND NON-MINING RIGHTS BY THE MINING LICENSING COMMITTEE (MLC)","https://www.mmmd.gov.zm/?p=2787"
"Musanya Quarries Limited","organization","","","7972-HQ-SML","Cancelled","construction_materials","1","398","Sand and Gravel","CANCELLATION OF NON-COMPLIANT MINING AND NON-MINING RIGHTS BY THE MINING LICENSING COMMITTEE (MLC)","https://www.mmmd.gov.zm/?p=2787"
"Musanza Exploration and Mining Co-operative Society Limited","organization","Southern","Choma","37749-HQ-AMR","Approved","construction_materials","1","2","Stone/Granite","RESULTS OF THE 81ST MINING LICENSING COMMITTEE (MLC) MEETING HELD ON 31ST JULY, 2024","https://www.mmmd.gov.zm/?p=2923"
"Musanza Mining and Exploration Company Limited","organization","Central","Mumbwa","30790-HQ-SEL","Deferred | Approved","critical_battery","1","30","Lead/Iron Ore/Limestone (General)","REMINDER ON RESULTS OF THE 70TH AND 71ST MINING LICENSING COMMITTEE (MLC) MEETINGS HELD IN FEBRUARY AND MARCH 2023","https://www.mmmd.gov.zm/?p=2555"
"Musenga Mining Zambia Limited","organization","Southern | Central","Kalomo | Kapiri Mposhi","39499-HQ-SEL | 40125-HQ-LEL | 40656-HQ-SEL","APPROVED | Approved","gold","2","44644","Iron Ore/Copper/Gold","RESULTS OF THE 86TH MINING LICENSING COMMITTEE (MLC) MEETING HELD ON 27TH MARCH 2025","https://www.mmmd.gov.zm/?p=4061"
"Musenga Resources Limited","organization","","","28226-HQ-MPL | 27639-HQ-LEL","Cancelled","gold","1","53","Gold/Zinc/Cobalt","CANCELLATION OF NON-COMPLIANT MINING AND NON-MINING RIGHTS BY THE MINING LICENSING COMMITTEE (MLC)","https://www.mmmd.gov.zm/?p=2787"
"Musenge Mutakwa","person_or_unclassified","Southern | Central | Luapula","Choma | Serenje | Mansa","33356-HQ-AMR | 33501-HQ-AMR | 32197-HQ-AMR","Approved | Deferred","critical_battery","1","7","Tungsten/Rare EarthsElements/Mica","RESULTS OF THE 81ST MINING LICENSING COMMITTEE (MLC) MEETING HELD ON 31ST JULY, 2024","https://www.mmmd.gov.zm/?p=2923"
"Musi Gems Limited","organization","","","7339-HQ-SML | 14594-HQ-SML","Cancelled","gemstones","1","66","Emerald","CANCELLATION OF NON-COMPLIANT MINING AND NON-MINING RIGHTS BY THE MINING LICENSING COMMITTEE (MLC)","https://www.mmmd.gov.zm/?p=2787"
"Musia Minerals Limited","organization","Southern","Kazungula, Livingstone","38573-HQ-LEL","","gemstones","1","24420","Limestone (General)/Iron Ore/Manganese","RESULTS OF THE 83RD MINING LICENSING COMMITTEE (MLC) MEETING HELD ON 30TH OCTOBER, 2024","https://www.mmmd.gov.zm/?p=3515"
"Musokamuka Kasempa Mining and Construction Limited","organization","North Western","Kasempa","38504-HQ-LEL","Approved","gold","1","3555","Gold/Copper","RESULTS OF THE 83RD MINING LICENSING COMMITTEE (MLC) MEETING HELD ON 30TH OCTOBER, 2024","https://www.mmmd.gov.zm/?p=3515"
"MUSOKONTWELELE MINING CO-OPERATIVE SOCIETY LIMITED","organization","Central","Chibombo","37591-HQ-AMR | 37592-HQ-AMR","Approved","critical_battery","1","7","Manganese/Gold/Copper","SUBJECT: RESULTS OF THE 79TH MINING LICENSING COMMITTEE (MLC) MEETING HELD ON 11TH TO 12TH APRIL 2024","https://www.mmmd.gov.zm/?p=2794"
"Musonda Kasani","person_or_unclassified","Central","Kabwe","25466-HQ-AMR","Approved | Cancelled","base_metals","1","3","Lead/Zinc/Iron Ore","RESULTS OF THE 72ND MINING LICENSING COMMITTEE (MLC) MEETING HELD FROM 17TH TO 22 MAY 2023","https://www.mmmd.gov.zm/?p=2559"
"musonda simukonda","person_or_unclassified","Central","Mkushi","39517-HQ-AMR","Approved","gemstones","1","7","Lead/Iron Ore/Quartz","RESULTS OF THE 85TH MINING LICENSING COMMITTEE (MLC) MEETING HELD ON 5TH MARCH, 2025","https://www.mmmd.gov.zm/?p=4013"
"Musulumba Investments Limited","organization","Lusaka | Southern | North Western | Central","Chongwe | Siavonga | Solwezi | Chibombo | Kasempa, Mufumbwe | Kasempa","37530-HQ-LEL | 37466-HQ-LEL | 37499-HQ-SEL | 38366-HQ-LEL | 40026-HQ-MPL | 41911-HQ-SEL | 41908-HQ-SEL","Approved | Deferred","critical_battery","2","11398","Gold/Copper/Iron Ore","SUBJECT: RESULTS OF THE 79TH MINING LICENSING COMMITTEE (MLC) MEETING HELD ON 11TH TO 12TH APRIL 2024","https://www.mmmd.gov.zm/?p=2794"
"Musunga Mwansa","person_or_unclassified","Northern","Luwingu","35292-HQ-AMR","Approved","gemstones","1","7","Manganese/Gold/Silver","RESULTS OF THE 78TH MINING LICENSING COMMITTEE (MLC) MEETING HELD ON 27TH FEBRUARY TO 1ST MARCH 2024","https://www.mmmd.gov.zm/?p=2785"
"MUTABI MUTANZI MULTI-PURPOSE CO-OPERATIVE SOCIETY","organization","Central","Chibombo","37594-HQ-AMR","Approved","critical_battery","1","7","Manganese/Gold/Copper","SUBJECT: RESULTS OF THE 79TH MINING LICENSING COMMITTEE (MLC) MEETING HELD ON 11TH TO 12TH APRIL 2024","https://www.mmmd.gov.zm/?p=2794"
"Mutale Mulenga","person_or_unclassified","Copperbelt","Kitwe","33107-HQ-AMR","Approved","gemstones","1","7","Quartz/Silica/Emerald","RESULTS OF THE 73RD MINING LICENSING COMMITTEE (MLC) MEETING HELD FROM 29TH TO 30TH JUNE 2023","https://www.mmmd.gov.zm/?p=2583"
"Mutale Mwenya","person_or_unclassified","Northern","Kasama, Mungwi","34507-HQ-AMR","Approved","gemstones","1","7","Manganese/Limestone (General)/Quartz","RESULTS OF THE 75TH MINING LICENSING COMMITTEE (MLC) MEETING HELD FROM 27TH TO 29TH SEPTEMBER 2023","https://www.mmmd.gov.zm/?p=2618"
"Mutand Resources Limited","organization","Western | North Western | Copperbelt","Kaoma | Lukulu | Kabompo | Mpongwe","26221-HQ-LEL | 26219-HQ-LEL | 26220-HQ-LEL | 26218-HQ-LEL | 42001-HQ-LML | 42000-HQ-LML | 41999-HQ-LML","Cancelled | DEFERRED | REJECTED | Rejected","gemstones","4","119266","Limestone (General)/Lead/Anhydrite","CANCELLATION OF NON-COMPLIANT MINING AND NON-MINING RIGHTS BY THE MINING LICENSING COMMITTEE (MLC)","https://www.mmmd.gov.zm/?p=2787"
"Mutane Akose Mining Coorperative Society Limited","organization","Luapula","Mansa","36969-HQ-AMR","Approved","critical_battery","1","7","Manganese/Sand/Silica","RESULTS OF THE 81ST MINING LICENSING COMMITTEE (MLC) MEETING HELD ON 31ST JULY, 2024","https://www.mmmd.gov.zm/?p=2923"
"Muteta Mpampi","person_or_unclassified","Eastern","Chipata","38901-HQ-AMR","Approved","gemstones","1","7","Gold/Quartz/Tourmaline","RESULTS OF THE 84TH MINING LICENSING COMMITTEE (MLC) MEETING HELD ON 12TH DECEMBER, 2024","https://www.mmmd.gov.zm/?p=3780"
"MUTINONDO INVESTMENTS LIMITED","organization","Northern","Mpika","29097-HQ-SML | 29098-HQ-SML","Rejected | Approved | Cancelled | Deferred","gold","1","398","Anhydrite/Quartz/Silica","REMINDER ON RESULTS OF THE 70TH AND 71ST MINING LICENSING COMMITTEE (MLC) MEETINGS HELD IN FEBRUARY AND MARCH 2023","https://www.mmmd.gov.zm/?p=2555"
"Mutinta Mudenda","person_or_unclassified","Luapula","Mansa","34789-HQ-AMR","Deferred | Approved","critical_battery","1","7","Lead/Manganese/Zinc","RESULTS OF THE 75TH MINING LICENSING COMMITTEE (MLC) MEETING HELD FROM 27TH TO 29TH SEPTEMBER 2023","https://www.mmmd.gov.zm/?p=2618"
"Mutivals Company Limited","organization","Northern","Mpika","33434-HQ-SEL | 34683-HQ-LEL","Approved","critical_battery","2","1458","Manganese/Gold/Copper","RESULTS OF THE 76TH MINING LICENSING COMMITTEE (MLC) MEETING HELD ON 17TH AND 20TH NOVEMBER 2023","https://www.mmmd.gov.zm/?p=2640"
"Mutobo Mining & General Dealers Limited","organization","Western","Kaoma","33392-HQ-SEL","","gemstones","1","945","Diamond/Emerald/Quartz","RESULTS OF THE 74TH MINING LICENSING COMMITTEE (MLC) MEETING HELD FROM 3RD TO 4TH AUGUST 2023","https://www.mmmd.gov.zm/?p=2598"
"Mutongo Margret  Phiri Kanyongo","person_or_unclassified","Central","Chibombo","38642-HQ-AMR | 38643-HQ-AMR","Approved","industrial_minerals","2","13","Limestone (General)/Gravel/Crushed/Broken Stone","RESULTS OF THE 82ND MINING LICENSING COMMITTEE (MLC) MEETING HELD ON 11TH SEPTEMBER, 2024","https://www.mmmd.gov.zm/?p=3378"
"MUTUPA MINING MULT-PURPOSE COOPERATIVE SOCIETY LIMITED","organization","Copperbelt","Kitwe, Mufulira","35928-HQ-AMR","Approved","construction_materials","1","7","Stone/Sand/Granite","RESULTS OF THE 77TH MINING LICENSING COMMITTEE (MLC) MEETING HELD ON 11TH TO 12TH JANUARY 2024","https://www.mmmd.gov.zm/?p=2675"
"Muvalu Mining Company Limited","organization","Central","Kapiri Mposhi; Copperbelt, Mpongwe; North Western, Kasempa","34574-HQ-LEL","Approved","base_metals","1","68627","Copper","RESULTS OF THE 76TH MINING LICENSING COMMITTEE (MLC) MEETING HELD ON 17TH AND 20TH NOVEMBER 2023","https://www.mmmd.gov.zm/?p=2640"
"Muwamba Nyama Mining & Agricultural Cooperative Society","organization","","","35127-HQ-AMR","APPROVED","gemstones","1","7","Tourmaline","RESULTS OF THE 75TH MINING LICENSING COMMITTEE (MLC) MEETING HELD FROM 27TH TO 29TH SEPTEMBER 2023","https://www.mmmd.gov.zm/?p=2618"
"Muya wamunyima","person_or_unclassified","Western","Kaoma","38133-HQ-AMR","Approved","gold","1","2","Silver/Gold/Copper","RESULTS OF THE 82ND MINING LICENSING COMMITTEE (MLC) MEETING HELD ON 11TH SEPTEMBER, 2024","https://www.mmmd.gov.zm/?p=3378"
"Muyinda Ndumba Malik","person_or_unclassified","North Western","Mwinilunga","34401-HQ-AMR | 35017-HQ-AMR","Approved","gold","1","7","Iron Ore/Zinc/Gold","RESULTS OF THE 75TH MINING LICENSING COMMITTEE (MLC) MEETING HELD FROM 27TH TO 29TH SEPTEMBER 2023","https://www.mmmd.gov.zm/?p=2618"
"Muyongo Shilenga Small Scale Mining Co-operative Society Limited","organization","Southern","Choma | Choma, Namwala","36523-HQ-AMR | 41917-HQ-AMR | 41909-HQ-AMR","APPROVED | Approved","critical_battery","1","7","Lead/Manganese/Zinc","RESULTS OF THE EXTRA ORDINARY MINING LICENSING COMMITTEE (MLC) MEETING HELD ON 27TH OCTOBER 2023","https://www.mmmd.gov.zm/?p=2626"
"Muzatinva Investments Limited","organization","Northern | Southern | Central | Luapula","Chinsali | Itezhi Tezhi | Mpika | Mkushi | Mansa | Chinsali, Mpika","35324-HQ-LEL | 37968-HQ-SEL | 38086-HQ-SEL | 38089-HQ-SEL | 39278-HQ-LEL | 39803-HQ-LEL","Approved | Deferred | DEFERRED","gemstones","4","30241","Copper/Cobalt/Nickel","RESULTS OF THE 77TH MINING LICENSING COMMITTEE (MLC) MEETING HELD ON 11TH TO 12TH JANUARY 2024","https://www.mmmd.gov.zm/?p=2675"
"Muzuri Sana Mining Limited","organization","Copperbelt | North Western","Kalulushi | Solwezi","37269-HQ-SEL | 26065-HQ-LEL","DEFERRED","critical_battery","1","9367","Nickel/Lead/Zinc","RESULTS OF THE 80TH MINING LICENSING COMMITTEE (MLC) MEETING HELD ON 6TH TO 7TH AND 10TH JUNE 2024","https://www.mmmd.gov.zm/?p=2849"
"Mvuu Resources Limited","organization","North Western","Solwezi","22188-HQ-LEL","Approved","gold","1","1094","Iron Ore/Zinc/Gold","RESULTS OF THE 82ND MINING LICENSING COMMITTEE (MLC) MEETING HELD ON 11TH SEPTEMBER, 2024","https://www.mmmd.gov.zm/?p=3378"
"Mwabombeni Resources Limited","organization","Southern","Sinazongwe | Siavonga","36849-HQ-SEL | 38883-HQ-SEL","Deferred | Approved","energy_minerals","1","72","Fluorine-Fluorite/Iron Ore/Feldspar","RESULTS OF THE 82ND MINING LICENSING COMMITTEE (MLC) MEETING HELD ON 11TH SEPTEMBER, 2024","https://www.mmmd.gov.zm/?p=3378"
"Mwakabanga Investments","organization","Lusaka | Western","Kafue | Lukulu","38283-HQ-SEL | 38285-HQ-SEL","Approved","gemstones","2","507","Gold/Lead/Nickel","RESULTS OF THE 82ND MINING LICENSING COMMITTEE (MLC) MEETING HELD ON 11TH SEPTEMBER, 2024","https://www.mmmd.gov.zm/?p=3378"
"Mwakali Mining Limited","organization","Eastern","Chama","39973-HQ-SEL","Approved","gemstones","1","852","Iridium/Lead/Anhydrite","RESULTS OF THE 85TH MINING LICENSING COMMITTEE (MLC) MEETING HELD ON 5TH MARCH, 2025","https://www.mmmd.gov.zm/?p=4013"
"Mwala Crushing Limited","organization","Western | Central | Southern","Shang’ombo | Senanga, Shang’ombo | Kabwe | Choma | Chibombo","28382-HQ-SEL | 30303-HQ-LEL | 28381-HQ-SEL | 34250-HQ-LEL | 19189-HQ-SML | 20198-HQ-SEL | 20485-HQ-SEL","Approved | Deferred | Rejected | REJECTED","gemstones","5","11101","Limestone (General)/Cobalt/Gold","REMINDER ON RESULTS OF THE 70TH AND 71ST MINING LICENSING COMMITTEE (MLC) MEETINGS HELD IN FEBRUARY AND MARCH 2023","https://www.mmmd.gov.zm/?p=2555"
"Mwalimu Kamanga","person_or_unclassified","Central","Mumbwa","34674-HQ-AMR","Approved","gold","1","7","Iron Ore/Gold/Copper","RESULTS OF THE 78TH MINING LICENSING COMMITTEE (MLC) MEETING HELD ON 27TH FEBRUARY TO 1ST MARCH 2024","https://www.mmmd.gov.zm/?p=2785"
"Mwalindu Shokile","person_or_unclassified","Luapula","Mwense","32570-HQ-AMR","Approved","gemstones","1","7","Rare EarthsElements/Manganese/Zinc","RESULTS OF THE 72ND MINING LICENSING COMMITTEE (MLC) MEETING HELD FROM 17TH TO 22 MAY 2023","https://www.mmmd.gov.zm/?p=2559"
"Mwalkan Investments Limited","organization","Lusaka","Chongwe","36117-HQ-SEL","","critical_battery","1","162","Manganese/Lead/Zinc","RESULTS OF THE 83RD MINING LICENSING COMMITTEE (MLC) MEETING HELD ON 30TH OCTOBER, 2024","https://www.mmmd.gov.zm/?p=3515"
"Mwandanga Mining And Crushing Multi-purpose Co-operative Society Limited","organization","Copperbelt","Lufwanyama","36911-HQ-AMR","Approved","gemstones","2","13","Quartz/Iron Ore/Manganese","SUBJECT: RESULTS OF THE 79TH MINING LICENSING COMMITTEE (MLC) MEETING HELD ON 11TH TO 12TH APRIL 2024","https://www.mmmd.gov.zm/?p=2794"
"Mwansa Chitundu","person_or_unclassified","North Western","Solwezi","38170-HQ-AMR","Approved","gold","1","7","Malachite/Limestone (General)/Zinc","RESULTS OF THE 82ND MINING LICENSING COMMITTEE (MLC) MEETING HELD ON 11TH SEPTEMBER, 2024","https://www.mmmd.gov.zm/?p=3378"
"Mwapanda Corner Multi-Purpose Co-operative Society Limited","organization","Luapula","Mansa","39654-HQ-AMR","Deferred | Approved","critical_battery","1","7","Mineral Sands/Manganese/Sand","RESULTS OF THE 85TH MINING LICENSING COMMITTEE (MLC) MEETING HELD ON 5TH MARCH, 2025","https://www.mmmd.gov.zm/?p=4013"
"Mwape Joseph Kabunda","person_or_unclassified","Copperbelt","Lufwanyama","36514-HQ-AMR","Approved","gold","1","7","Gold/Copper","RESULTS OF THE 77TH MINING LICENSING COMMITTEE (MLC) MEETING HELD ON 11TH TO 12TH JANUARY 2024","https://www.mmmd.gov.zm/?p=2675"
"Mwaphi Investmnet limited","organization","Lusaka","Chongwe","33064-HQ-LEL","Approved","gemstones","1","8369","Gold/Manganese/Zinc","RESULTS OF THE 80TH MINING LICENSING COMMITTEE (MLC) MEETING HELD ON 6TH TO 7TH AND 10TH JUNE 2024","https://www.mmmd.gov.zm/?p=2849"
"Mwapo Business Solutions Limited","organization","Central","Serenje; Northern, Mpika","33369-HQ-SEL","Deferred | Approved","critical_battery","1","13","Nickel/Silver/Zinc","RESULTS OF THE 82ND MINING LICENSING COMMITTEE (MLC) MEETING HELD ON 11TH SEPTEMBER, 2024","https://www.mmmd.gov.zm/?p=3378"
"Mwashia Resources Limited","organization","North Western | Central | Copperbelt","Mwinilunga, Solwezi | Kasempa, Mufumbwe | Kapiri Mposhi; Copperbelt, Mpongwe | Solwezi | Chililabombwe, Chingola","27066-HQ-LEL | 27068-HQ-LEL | 27069-HQ-LEL | 27067-HQ-LEL","Deferred | Approved","critical_battery","1","3573","Manganese/Nickel/Zinc","RESULTS OF THE 81ST MINING LICENSING COMMITTEE (MLC) MEETING HELD ON 31ST JULY, 2024","https://www.mmmd.gov.zm/?p=2923"
"Mwatwiinda Multi Purpose Co-operative Society Limited","organization","Central","Mumbwa","40199-HQ-AMR","Approved","gemstones","1","7","Gold/Quartz/Amethyst","RESULTS OF THE 87TH MINING LICENSING COMMITTEE (MLC) MEETING HELD ON 7TH MAY, 2025","https://www.mmmd.gov.zm/?p=4069"
"Mwaze Multipurpose Co-operative Society Limited","organization","Central","Mumbwa","37571-HQ-AMR | 37572-HQ-AMR","Approved","gold","1","7","Iron Ore/Gold/Copper","SUBJECT: RESULTS OF THE 79TH MINING LICENSING COMMITTEE (MLC) MEETING HELD ON 11TH TO 12TH APRIL 2024","https://www.mmmd.gov.zm/?p=2794"
"Mwaze Village Multi Purpose Cooperative","organization","Central","Mumbwa","32908-HQ-AMR","Approved","gold","1","7","Gold/Copper","RESULTS OF THE 74TH MINING LICENSING COMMITTEE (MLC) MEETING HELD FROM 3RD TO 4TH AUGUST 2023","https://www.mmmd.gov.zm/?p=2598"
"Mweembezi Siakoche","person_or_unclassified","Southern","Gwembe","38413-HQ-AMR","Approved","gemstones","1","7","Clay (General)/Coal/Carbonates","RESULTS OF THE 82ND MINING LICENSING COMMITTEE (MLC) MEETING HELD ON 11TH SEPTEMBER, 2024","https://www.mmmd.gov.zm/?p=3378"
"Mweengwe Multi-Purpose Cooperative","organization","Central","Mumbwa","36714-HQ-AMR","Approved","gold","1","7","Gold/Lead/Cobalt","SUBJECT: RESULTS OF THE 79TH MINING LICENSING COMMITTEE (MLC) MEETING HELD ON 11TH TO 12TH APRIL 2024","https://www.mmmd.gov.zm/?p=2794"
"Mwekuna Estate Limited","organization","Copperbelt | North Western | Central","Ndola | Mufulira | Kasempa, Mufumbwe | Serenje","30916-HQ-LEL | 31029-HQ-LEL | 32186-HQ-LEL | 32557-HQ-SEL","Approved | Deferred | deferred","critical_battery","2","49764","Iron Ore/Manganese/Gold","REMINDER ON RESULTS OF THE 70TH AND 71ST MINING LICENSING COMMITTEE (MLC) MEETINGS HELD IN FEBRUARY AND MARCH 2023","https://www.mmmd.gov.zm/?p=2555"
"Mwema Mining Investment Limited","organization","Central","Kabwe","31045-HQ-SEL | 30219-HQ-SEL | 29994-HQ-LEL | 29954-HQ-LEL","Cancelled","critical_battery","1","133","Limestone (General)/Manganese/Zinc","REMINDER ON RESULTS OF THE 70TH AND 71ST MINING LICENSING COMMITTEE (MLC) MEETINGS HELD IN FEBRUARY AND MARCH 2023","https://www.mmmd.gov.zm/?p=2555"
"Mwembeshi Resources Limited","organization","","","15547-HQ-LML","Cancelled","critical_battery","1","24531","Platinum Group Metals/Nickel/Zinc","CANCELLATION OF NON-COMPLIANT MINING AND NON-MINING RIGHTS BY THE MINING LICENSING COMMITTEE (MLC)","https://www.mmmd.gov.zm/?p=2787"
"Mweni Chabala","person_or_unclassified","Luapula","Mwense","38731-HQ-AMR","Approved","critical_battery","1","7","Sand/Sugilite/Zinc","RESULTS OF THE 84TH MINING LICENSING COMMITTEE (MLC) MEETING HELD ON 12TH DECEMBER, 2024","https://www.mmmd.gov.zm/?p=3780"
"Mwenshi Resources Limited","organization","Luapula","Mwense","40045-HQ-LEL | 40080-HQ-LEL","Approved | APPROVED","critical_battery","2","48217","Nickel/Quartz/Zinc","RESULTS OF THE 86TH MINING LICENSING COMMITTEE (MLC) MEETING HELD ON 27TH MARCH 2025","https://www.mmmd.gov.zm/?p=4061"
"Mwenya Mwansabamba","person_or_unclassified","Eastern","Nyimba","34903-HQ-AMR","Approved","industrial_minerals","1","3","Limestone (General)/Feldspar/Clay (General)","RESULTS OF THE 76TH MINING LICENSING COMMITTEE (MLC) MEETING HELD ON 17TH AND 20TH NOVEMBER 2023","https://www.mmmd.gov.zm/?p=2640"
"Mwepago Mineral Resources","organization","","","29825-HQ-LEL | 29255-HQ-LEL","Cancelled","base_metals","1","991","Talc-Soapstone/Zinc/Kaolin","CANCELLATION OF NON-COMPLIANT MINING AND NON-MINING RIGHTS BY THE MINING LICENSING COMMITTEE (MLC)","https://www.mmmd.gov.zm/?p=2787"
"Mwichan World Link Limited","organization","Eastern | Copperbelt | Luapula","Chama; Northern, Chinsali, Mpika | Masaiti, Ndola | Mansa","32057-HQ-LEL | 32609-HQ-LEL | 34137-HQ-LEL","Approved | Deferred | REJECTED","gemstones","3","206074","Iron Ore/Gold/Lithium","RESULTS OF THE 74TH MINING LICENSING COMMITTEE (MLC) MEETING HELD FROM 3RD TO 4TH AUGUST 2023","https://www.mmmd.gov.zm/?p=2598"
"MWILA  J. CIVILS LIMITED","organization","Copperbelt | Northern | North Western","Kitwe | Isoka | Mwinilunga","38346-HQ-SEL | 38436-HQ-SEL | 41604-HQ-SEL","Deferred | APPROVED","gemstones","2","976","Limestone (General)/Malachite/Manganese","RESULTS OF THE 82ND MINING LICENSING COMMITTEE (MLC) MEETING HELD ON 11TH SEPTEMBER, 2024","https://www.mmmd.gov.zm/?p=3378"
"Mwila Mukuya","person_or_unclassified","Luapula","Mwense","32500-HQ-AMR","Approved","gemstones","1","7","Silica/Manganese/Tin","RESULTS OF THE 82ND MINING LICENSING COMMITTEE (MLC) MEETING HELD ON 11TH SEPTEMBER, 2024","https://www.mmmd.gov.zm/?p=3378"
"Mwinu Mines Limited","organization","Central","Kapiri Mposhi; Copperbelt, Mpongwe","36286-HQ-LEL","Approved","gemstones","1","39371","Lead/Iron Ore/Anhydrite","RESULTS OF THE 77TH MINING LICENSING COMMITTEE (MLC) MEETING HELD ON 11TH TO 12TH JANUARY 2024","https://www.mmmd.gov.zm/?p=2675"
"Mwizerwa and Sons Mineral Trading Company Limited","organization","Southern","Kalomo","34288-HQ-SML | 34289-HQ-SML","Approved | Deferred","critical_battery","1","339","Tin/Tantalum","RESULTS OF THE 74TH MINING LICENSING COMMITTEE (MLC) MEETING HELD FROM 3RD TO 4TH AUGUST 2023","https://www.mmmd.gov.zm/?p=2598"
"Myafi Mining Co-orperative Multi- Purpose Society","organization","Luapula","Kawambwa","34785-HQ-AMR","APPROVED","gemstones","1","7","Saprolite/Rare EarthsElements/Tourmaline","RESULTS OF THE 75TH MINING LICENSING COMMITTEE (MLC) MEETING HELD FROM 27TH TO 29TH SEPTEMBER 2023","https://www.mmmd.gov.zm/?p=2618"
"Myala City Company Limited","organization","Eastern","Chadiza | Chipata","33486-HQ-SEL | 28829-HQ-SEL | 40298-HQ-SML","Deferred | Approved | Cancelled","base_metals","2","170","Granite/Copper","RESULTS OF THE 77TH MINING LICENSING COMMITTEE (MLC) MEETING HELD ON 11TH TO 12TH JANUARY 2024","https://www.mmmd.gov.zm/?p=2675"
"Myanango Enterprises Company Limited","organization","Luapula | Lusaka","Mansa | Chongwe","34623-HQ-SEL | 34757-HQ-LEL","Approved","industrial_minerals","2","8089","Silica/Granite","RESULTS OF THE 77TH MINING LICENSING COMMITTEE (MLC) MEETING HELD ON 11TH TO 12TH JANUARY 2024","https://www.mmmd.gov.zm/?p=2675"
"Myth Minerals Limited","organization","North Western | Copperbelt","Kasempa | Masaiti | Solwezi","33513-HQ-LEL | 37183-HQ-LEL | 37184-HQ-LEL","APPROVED | Approved","critical_battery","3","14886","Gold/Silver/Cobalt","RESULTS OF THE 75TH MINING LICENSING COMMITTEE (MLC) MEETING HELD FROM 27TH TO 29TH SEPTEMBER 2023","https://www.mmmd.gov.zm/?p=2618"
"Mzanga Enterprises Limited","organization","Lusaka | Southern","Kafue | Sinazongwe","32182-HQ-SEL | 32081-HQ-LEL","APPROVED | Deferred","critical_battery","1","399","Lithium/Nickel/Tin","RESULTS OF THE 75TH MINING LICENSING COMMITTEE (MLC) MEETING HELD FROM 27TH TO 29TH SEPTEMBER 2023","https://www.mmmd.gov.zm/?p=2618"
"N.I.C Investments Limited","organization","North Western","Kasempa, Solwezi","20738-HQ-LEL","Approved | Cancelled","critical_battery","1","77332","Nickel/Uranium/Zinc","REMINDER ON RESULTS OF THE 70TH AND 71ST MINING LICENSING COMMITTEE (MLC) MEETINGS HELD IN FEBRUARY AND MARCH 2023","https://www.mmmd.gov.zm/?p=2555"
"Nabasuntwe Mining Ventures Co-operative Society Limited","organization","Southern","Siavonga","38677-HQ-AMR","Approved","gemstones","1","7","Garnet/Feldspar/Iron Ore","RESULTS OF THE 84TH MINING LICENSING COMMITTEE (MLC) MEETING HELD ON 12TH DECEMBER, 2024","https://www.mmmd.gov.zm/?p=3780"
"Nachibila Resources Limited","organization","Northern","Chinsali","37945-HQ-SEL | 38315-HQ-SEL | 38380-HQ-SEL","Approved","gemstones","3","299","Gold/Tourmaline/Cobalt","RESULTS OF THE 81ST MINING LICENSING COMMITTEE (MLC) MEETING HELD ON 31ST JULY, 2024","https://www.mmmd.gov.zm/?p=2923"
"Nachingwali Enterprises Limited","organization","","","7443-HQ-SML","Cancelled","gemstones","1","378","Emerald","CANCELLATION OF NON-COMPLIANT MINING AND NON-MINING RIGHTS BY THE MINING LICENSING COMMITTEE (MLC)","https://www.mmmd.gov.zm/?p=2787"
"Nachingwali Enterprises Ltd","organization","","","7443-HQ-SML","Cancelled","gemstones","1","106","Emerald","CANCELLATION OF NON-COMPLIANT MINING AND NON-MINING RIGHTS BY THE MINING LICENSING COMMITTEE (MLC)","https://www.mmmd.gov.zm/?p=2787"
"Nachone Lena Mubanga","person_or_unclassified","Northern","Mbala","30696-HQ-AMR","Approved","gold","1","7","Quartz/Gold/Copper","REMINDER ON RESULTS OF THE 70TH AND 71ST MINING LICENSING COMMITTEE (MLC) MEETINGS HELD IN FEBRUARY AND MARCH 2023","https://www.mmmd.gov.zm/?p=2555"
"Nairaw Mining Services Limited","organization","North Western | Southern | Copperbelt | Northern | Lusaka","Mwinilunga | Kazungula | Chingola | Mpika | Chongwe","37240-HQ-SEL | 37340-HQ-LEL | 37241-HQ-SEL | 37431-HQ-SEL | 37242-HQ-SEL","Approved","gemstones","5","5117","Copper/Iron Ore/Gold","RESULTS OF THE 78TH MINING LICENSING COMMITTEE (MLC) MEETING HELD ON 27TH FEBRUARY TO 1ST MARCH 2024","https://www.mmmd.gov.zm/?p=2785"
"Nakuru Logistics Limited","organization","Central | Northern | Lusaka","Mumbwa | Kasama | Chibombo | Chongwe, Kafue","39353-HQ-MPL | 39478-HQ-LEL | 39503-HQ-LEL | 39545-HQ-LEL | 39539-HQ-LEL","Approved | APPROVED","gemstones","5","30155","Copper/Gold/Nickel","RESULTS OF THE 84TH MINING LICENSING COMMITTEE (MLC) MEETING HELD ON 12TH DECEMBER, 2024","https://www.mmmd.gov.zm/?p=3780"
"Nalikolo Mining Limited","organization","Central","Chibombo, Kapiri Mposhi | Kapiri Mposhi, Mkushi","36924-HQ-LEL | 38598-HQ-LEL","Approved","critical_battery","1","1752","Malachite/Iron Ore/Manganese","RESULTS OF THE 78TH MINING LICENSING COMMITTEE (MLC) MEETING HELD ON 27TH FEBRUARY TO 1ST MARCH 2024","https://www.mmmd.gov.zm/?p=2785"
"NALILIMA MINING LIMITED","organization","Southern","Siavonga","38908-HQ-SEL","APPROVED","gemstones","1","69","Fluorine-Fluorite/Gold/Dolomite","RESULTS OF THE 86TH MINING LICENSING COMMITTEE (MLC) MEETING HELD ON 27TH MARCH 2025","https://www.mmmd.gov.zm/?p=4061"
"Nalucha Resources Limited","organization","North Western","Mufumbwe","39831-HQ-LEL","APPROVED","gold","1","6167","Lead/Quartz/Zinc","RESULTS OF THE 85TH MINING LICENSING COMMITTEE (MLC) MEETING HELD ON 5TH MARCH, 2025","https://www.mmmd.gov.zm/?p=4013"
"Nalukui Investments  Limited","organization","Central","Chibombo, Mumbwa | Mumbwa; Southern, Itezhi Tezhi","22655-HQ-LEL | 22656-HQ-LEL","Rejected | Deferred | Approved | APPROVED","gold","2","66132","Lead/Palladium/Platinum","RESULTS OF THE 78TH MINING LICENSING COMMITTEE (MLC) MEETING HELD ON 27TH FEBRUARY TO 1ST MARCH 2024","https://www.mmmd.gov.zm/?p=2785"
"Nalume Mining Limited","organization","Northern | Copperbelt","Mbala, Mpulungu | Isoka, Nakonde | Mpongwe","31081-HQ-LEL | 34636-HQ-LEL | 27810-HQ-LEL","Deferred | Approved | Rejected","base_metals","1","4012","Copper","REMINDER ON RESULTS OF THE 70TH AND 71ST MINING LICENSING COMMITTEE (MLC) MEETINGS HELD IN FEBRUARY AND MARCH 2023","https://www.mmmd.gov.zm/?p=2555"
"Namadan General Trading Limited","organization","Central","Mkushi","34615-HQ-SEL","Deferred | Approved","gold","1","133","Gold/Copper/Cobalt","RESULTS OF THE 78TH MINING LICENSING COMMITTEE (MLC) MEETING HELD ON 27TH FEBRUARY TO 1ST MARCH 2024","https://www.mmmd.gov.zm/?p=2785"
"Namita Construction and Mining Limited","organization","","","27772-HQ-SEL","Cancelled","gold","1","20","Silver/Gold","CANCELLATION OF NON-COMPLIANT MINING AND NON-MINING RIGHTS BY THE MINING LICENSING COMMITTEE (MLC)","https://www.mmmd.gov.zm/?p=2787"
"Namonde Mining Limited","organization","Eastern | Copperbelt","Nyimba | Lufwanyama","39142-HQ-SEL | 41828-HQ-SEL","Deferred | Approved","gemstones","4","82644","Iron Ore/Lead/Zinc","RESULTS OF THE 84TH MINING LICENSING COMMITTEE (MLC) MEETING HELD ON 12TH DECEMBER, 2024","https://www.mmmd.gov.zm/?p=3780"
"Namposya Mutambo","person_or_unclassified","Southern | Northern","Kalomo | Mpika","26912-HQ-AMR | 35871-HQ-AMR","Approved","gemstones","1","7","Manganese/Lead/Tantalum","REMINDER ON RESULTS OF THE 70TH AND 71ST MINING LICENSING COMMITTEE (MLC) MEETINGS HELD IN FEBRUARY AND MARCH 2023","https://www.mmmd.gov.zm/?p=2555"
"namundela mining co-operative society limited","organization","Northern","Mpika","37630-HQ-AMR","","gemstones","1","7","Gold/Emerald/Manganese","RESULTS OF THE 83RD MINING LICENSING COMMITTEE (MLC) MEETING HELD ON 30TH OCTOBER, 2024","https://www.mmmd.gov.zm/?p=3515"
"Namwawa  Siwale","person_or_unclassified","Northern","Chinsali","36367-HQ-AMR","Approved","gold","1","7","Limestone (General)/Quartz/Silica","RESULTS OF THE 80TH MINING LICENSING COMMITTEE (MLC) MEETING HELD ON 6TH TO 7TH AND 10TH JUNE 2024","https://www.mmmd.gov.zm/?p=2849"
"Nancy Mulenga Nkonde","person_or_unclassified","Southern","Mazabuka","35483-HQ-AMR","Approved","critical_battery","1","7","Nickel/Silver/Manganese","RESULTS OF THE 78TH MINING LICENSING COMMITTEE (MLC) MEETING HELD ON 27TH FEBRUARY TO 1ST MARCH 2024","https://www.mmmd.gov.zm/?p=2785"
"Nantube Investment Limited","organization","Copperbelt","Lufwanyama","33567-HQ-SEL","Deferred | Approved","gold","1","651","Phosphorus-Phosphates/Quartz/Gold","RESULTS OF THE 83RD MINING LICENSING COMMITTEE (MLC) MEETING HELD ON 30TH OCTOBER, 2024","https://www.mmmd.gov.zm/?p=3515"
"Naoje Boarder World Zambia Limited","organization","North Western | Northern","Mwinilunga | Isoka","32068-HQ-SEL | 32066-HQ-LEL","Approved | Deferred","critical_battery","1","749","Quartz/Rare EarthsElements/Nickel","RESULTS OF THE 72ND MINING LICENSING COMMITTEE (MLC) MEETING HELD FROM 17TH TO 22 MAY 2023","https://www.mmmd.gov.zm/?p=2559"
"Naomi Chipili","person_or_unclassified","Northern","Mungwi | Mporokoso","40434-HQ-AMR | 40435-HQ-AMR","Approved","critical_battery","2","13","Manganese/Gold/Copper","RESULTS OF THE 88TH MINING LICENSING COMMITTEE (MLC) MEETING HELD ON 30TH MAY, 2025","https://www.mmmd.gov.zm/?p=4111"
"Nash Import & Export Limited","organization","Southern","Kazungula, Livingstone | Kazungula | Livingstone","27889-HQ-LEL | 32171-HQ-LEL | 37632-HQ-SEL | 38854-HQ-SML","Cancelled | Deferred | REJECTED | Rejected","gemstones","2","60964","Rare EarthsElements/Anhydrite/Zinc","REMINDER ON RESULTS OF THE 70TH AND 71ST MINING LICENSING COMMITTEE (MLC) MEETINGS HELD IN FEBRUARY AND MARCH 2023","https://www.mmmd.gov.zm/?p=2555"
"NASH INVESTMENTS LIMITED","organization","North Western | Copperbelt | Central","Kasempa, Solwezi | Kasempa, Mufumbwe, Solwezi | Kasempa | Chililabombwe | Chibombo | Mkushi | Mwinilunga | Solwezi","39126-HQ-LEL | 39537-HQ-LEL | 39127-HQ-SEL | 40152-HQ-SEL | 40320-HQ-SEL | 40369-HQ-SEL | 41572-HQ-LEL | 41565-HQ-SEL | 40453-HQ-SEL | 41762-HQ-LEL","Rejected | APPROVED | Approved","gemstones","4","15498","Copper/Gold/Cobalt","RESULTS OF THE 84TH MINING LICENSING COMMITTEE (MLC) MEETING HELD ON 12TH DECEMBER, 2024","https://www.mmmd.gov.zm/?p=3780"
"Nason Lawrence Mwape","person_or_unclassified","Luapula","Mansa","38650-HQ-AMR","","critical_battery","1","7","Manganese/Sugilite/Zinc","RESULTS OF THE 83RD MINING LICENSING COMMITTEE (MLC) MEETING HELD ON 30TH OCTOBER, 2024","https://www.mmmd.gov.zm/?p=3515"
"Nasson Kapambala Silwamba","person_or_unclassified","Southern","Mazabuka","36910-HQ-AMR","","gemstones","1","7","Quartz/Manganese/Tourmaline","RESULTS OF THE 77TH MINING LICENSING COMMITTEE (MLC) MEETING HELD ON 11TH TO 12TH JANUARY 2024","https://www.mmmd.gov.zm/?p=2675"
"Nasteho Investment Limited","organization","Central","Mumbwa","39582-HQ-MPL","Approved","gold","1","10","Gold/Copper","RESULTS OF THE 85TH MINING LICENSING COMMITTEE (MLC) MEETING HELD ON 5TH MARCH, 2025","https://www.mmmd.gov.zm/?p=4013"
"Natasha Muleya","person_or_unclassified","Western | North Western","Kaoma | Mufumbwe","37309-HQ-AMR | 37308-HQ-AMR | 37885-HQ-AMR","Approved","gemstones","3","20","Quartz/Iron Ore/Silver","RESULTS OF THE 78TH MINING LICENSING COMMITTEE (MLC) MEETING HELD ON 27TH FEBRUARY TO 1ST MARCH 2024","https://www.mmmd.gov.zm/?p=2785"
"Natasha NGANDU","person_or_unclassified","North Western | Luapula","Mwinilunga | Mansa, Milenge","37698-HQ-AMR | 40550-HQ-AMR","Approved","gemstones","2","10","Tourmaline/Sand/Silica","RESULTS OF THE 81ST MINING LICENSING COMMITTEE (MLC) MEETING HELD ON 31ST JULY, 2024","https://www.mmmd.gov.zm/?p=2923"
"Nathan Ng'andwe","person_or_unclassified","Luapula","Mansa","27891-HQ-AMR","Deferred | Approved","critical_battery","1","7","Rare EarthsElements/Zinc/Manganese","RESULTS OF THE 78TH MINING LICENSING COMMITTEE (MLC) MEETING HELD ON 27TH FEBRUARY TO 1ST MARCH 2024","https://www.mmmd.gov.zm/?p=2785"
"Nathan Nyirenda","person_or_unclassified","Luapula","Kawambwa","38672-HQ-AMR","Approved","critical_battery","1","7","Manganese/Sand/Sugilite","RESULTS OF THE 84TH MINING LICENSING COMMITTEE (MLC) MEETING HELD ON 12TH DECEMBER, 2024","https://www.mmmd.gov.zm/?p=3780"
"Nathania Investments Limited","organization","North Western","Mufumbwe","37423-HQ-SEL","Approved","gold","1","393","Gold/Malachite/Copper","SUBJECT: RESULTS OF THE 79TH MINING LICENSING COMMITTEE (MLC) MEETING HELD ON 11TH TO 12TH APRIL 2024","https://www.mmmd.gov.zm/?p=2794"
"NATRAJ MINING AND MINERALS LIMITED","organization","Luapula","Kawambwa | Mwense","39876-HQ-LEL | 39575-HQ-LEL","DEFERRED | Deferred | APPROVED","critical_battery","1","9524","Limestone (General)/Manganese/Iron Ore","RESULTS OF THE 85TH MINING LICENSING COMMITTEE (MLC) MEETING HELD ON 5TH MARCH, 2025","https://www.mmmd.gov.zm/?p=4013"
"Natural Precious Resources Company Limited","organization","North Western","Mwinilunga","39514-HQ-LEL | 39511-HQ-LEL","DEFERRED | Approved","critical_battery","1","8231","Nickel/Molybdenum/Silver","RESULTS OF THE 85TH MINING LICENSING COMMITTEE (MLC) MEETING HELD ON 5TH MARCH, 2025","https://www.mmmd.gov.zm/?p=4013"
"NAVEX MINING AND CONTRACTORS LIMITED","organization","North Western | Lusaka | Northern","Mwinilunga | Chongwe | Mpika","37974-HQ-LEL | 41797-HQ-LEL | 42077-HQ-LEL","Approved","critical_battery","1","3530","Nickel/Malachite/Zinc","RESULTS OF THE 81ST MINING LICENSING COMMITTEE (MLC) MEETING HELD ON 31ST JULY, 2024","https://www.mmmd.gov.zm/?p=2923"
"Navratan Enterprise Limited","organization","North Western","Mufumbwe, Solwezi","33944-HQ-LEL","Approved","critical_battery","1","46605","Nickel/Manganese/Silver","RESULTS OF THE 73RD MINING LICENSING COMMITTEE (MLC) MEETING HELD FROM 29TH TO 30TH JUNE 2023","https://www.mmmd.gov.zm/?p=2583"
"nchimunya chimbulu","person_or_unclassified","Lusaka","Chongwe","38648-HQ-AMR","","gemstones","1","7","Iron Ore/Anhydrite/Lead","RESULTS OF THE 83RD MINING LICENSING COMMITTEE (MLC) MEETING HELD ON 30TH OCTOBER, 2024","https://www.mmmd.gov.zm/?p=3515"
"Ndalumba  Resources Limited","organization","Central | Southern","Mkushi | Choma, Kalomo","32108-HQ-SEL | 32183-HQ-SEL | 32185-HQ-SEL | 32110-HQ-LEL | 32117-HQ-LEL","Approved","critical_battery","4","8302","Iron Ore/Manganese/Quartz","RESULTS OF THE 72ND MINING LICENSING COMMITTEE (MLC) MEETING HELD FROM 17TH TO 22 MAY 2023","https://www.mmmd.gov.zm/?p=2559"
"Ndodzomuyaco Mining Limited","organization","","","14187-HQ-SML","Cancelled","gemstones","1","144","Emerald/Beryllium","CANCELLATION OF NON-COMPLIANT MINING AND NON-MINING RIGHTS BY THE MINING LICENSING COMMITTEE (MLC)","https://www.mmmd.gov.zm/?p=2787"
"Ndola Quarries Limited","organization","Copperbelt | North Western | Eastern","Chingola, Lufwanyama; North Western, Solwezi | Kasempa | Petauke","20362-HQ-LEL | 21289-HQ-LEL | 38976-HQ-LEL","Approved","critical_battery","3","3872","Limestone (General)/Zinc/Silver","REMINDER ON RESULTS OF THE 70TH AND 71ST MINING LICENSING COMMITTEE (MLC) MEETINGS HELD IN FEBRUARY AND MARCH 2023","https://www.mmmd.gov.zm/?p=2555"
"Ndulumba Mines Limited","organization","","","7971-HQ-SML","Cancelled","gemstones","1","110","Emerald","CANCELLATION OF NON-COMPLIANT MINING AND NON-MINING RIGHTS BY THE MINING LICENSING COMMITTEE (MLC)","https://www.mmmd.gov.zm/?p=2787"
"Neba Resources Limited","organization","Northern | Central","Chinsali | Mkushi | Kaputa","40163-HQ-LEL | 40271-HQ-LEL | 40468-HQ-LEL","APPROVED | Approved","gemstones","3","29433","Manganese/Silver/Zinc","RESULTS OF THE 87TH MINING LICENSING COMMITTEE (MLC) MEETING HELD ON 7TH MAY, 2025","https://www.mmmd.gov.zm/?p=4069"
"Nebula Mining Limited","organization","","","28459-HQ-LEL | 28480-HQ-SEL","Cancelled","critical_battery","1","878","Manganese/Quartz/Copper","CANCELLATION OF NON-COMPLIANT MINING AND NON-MINING RIGHTS BY THE MINING LICENSING COMMITTEE (MLC)","https://www.mmmd.gov.zm/?p=2787"
"Negro F-Solutions Limited","organization","Central","Serenje | Kapiri Mposhi","33610-HQ-SEL | 33611-HQ-SEL","Rejected | Approved","critical_battery","1","952","Manganese/Lead/Zinc","RESULTS OF THE 76TH MINING LICENSING COMMITTEE (MLC) MEETING HELD ON 17TH AND 20TH NOVEMBER 2023","https://www.mmmd.gov.zm/?p=2640"
"NELEMU MULTI-PURPOSE  CO-OPERATIVE LIMITED","organization","Lusaka","Kafue","40691-HQ-AMR","Approved","gemstones","1","7","Lead/Iron Ore/Anhydrite","RESULTS OF THE 88TH MINING LICENSING COMMITTEE (MLC) MEETING HELD ON 30TH MAY, 2025","https://www.mmmd.gov.zm/?p=4111"
"Nelia Chibanga","person_or_unclassified","Lusaka | Eastern","Kafue | Nyimba","32631-HQ-AMR | 36473-HQ-AMR","Approved | Deferred","gemstones","2","13","Kaolin/Feldspar/Sand and Gravel","RESULTS OF THE 73RD MINING LICENSING COMMITTEE (MLC) MEETING HELD FROM 29TH TO 30TH JUNE 2023","https://www.mmmd.gov.zm/?p=2583"
"Nelna Suppliers and General Works Limited","organization","Central | Southern","Chibombo, Kapiri Mposhi | Mazabuka, Monze","34372-HQ-LEL | 34680-HQ-LEL","Rejected | Deferred | REJECTED","critical_battery","1","8220","Quartz/Nickel/Manganese","RESULTS OF THE 77TH MINING LICENSING COMMITTEE (MLC) MEETING HELD ON 11TH TO 12TH JANUARY 2024","https://www.mmmd.gov.zm/?p=2675"
"NELSON HANKWA","person_or_unclassified","Lusaka | Central","Kafue | Kapiri Mposhi","40690-HQ-AMR | 40694-HQ-AMR","Approved","gemstones","1","7","Quartz/Molybdenum/Silver","RESULTS OF THE 88TH MINING LICENSING COMMITTEE (MLC) MEETING HELD ON 30TH MAY, 2025","https://www.mmmd.gov.zm/?p=4111"
"Nelson Matavu","person_or_unclassified","Copperbelt","Lufwanyama","37366-HQ-AMR","Approved","gold","1","7","Silver/Zinc/Iron Ore","RESULTS OF THE 82ND MINING LICENSING COMMITTEE (MLC) MEETING HELD ON 11TH SEPTEMBER, 2024","https://www.mmmd.gov.zm/?p=3378"
"Nelson Zimba","person_or_unclassified","Southern","Siavonga","36044-HQ-AMR","Approved","construction_materials","1","3","Sand and Gravel","RESULTS OF THE 80TH MINING LICENSING COMMITTEE (MLC) MEETING HELD ON 6TH TO 7TH AND 10TH JUNE 2024","https://www.mmmd.gov.zm/?p=2849"
"Neon Mining Limited","organization","Central | Luapula","Kabwe | Mwense | Mansa, Mwense","31187-HQ-SEL | 31218-HQ-SEL | 31219-HQ-SEL | 31225-HQ-SEL","Approved","critical_battery","4","1250","Limestone (General)/Manganese/Zinc","REMINDER ON RESULTS OF THE 70TH AND 71ST MINING LICENSING COMMITTEE (MLC) MEETINGS HELD IN FEBRUARY AND MARCH 2023","https://www.mmmd.gov.zm/?p=2555"
"Neptune  Iron Ore Mining LTD","organization","North Western | Central","Kasempa | Solwezi | Serenje","37548-HQ-LEL | 37532-HQ-LEL | 37883-HQ-LEL | 38500-HQ-LEL","Approved | Deferred | approved","gemstones","2","33788","Zinc/Gold/Copper","SUBJECT: RESULTS OF THE 79TH MINING LICENSING COMMITTEE (MLC) MEETING HELD ON 11TH TO 12TH APRIL 2024","https://www.mmmd.gov.zm/?p=2794"
"New Decade Mining and Exploration Limited","organization","Central","Mkushi","31168-HQ-SEL","Approved","critical_battery","1","280","Iron Ore/Manganese/Gold","REMINDER ON RESULTS OF THE 70TH AND 71ST MINING LICENSING COMMITTEE (MLC) MEETINGS HELD IN FEBRUARY AND MARCH 2023","https://www.mmmd.gov.zm/?p=2555"
"New Generation Invesment Limited","organization","Lusaka","Chongwe","32842-HQ-SEL","","gemstones","1","642","Rare EarthsElements/Niobium (Columbium)/Nickel","RESULTS OF THE 76TH MINING LICENSING COMMITTEE (MLC) MEETING HELD ON 17TH AND 20TH NOVEMBER 2023","https://www.mmmd.gov.zm/?p=2640"
"New Norodom Mines Limited","organization","Copperbelt","Lufwanyama","26664-HQ-SML","Approved | Cancelled","gemstones","1","13","Emerald/Beryllium","RESULTS OF THE 72ND MINING LICENSING COMMITTEE (MLC) MEETING HELD FROM 17TH TO 22 MAY 2023","https://www.mmmd.gov.zm/?p=2559"
"New Power Industries Limited","organization","Central","Kapiri Mposhi; Copperbelt, Masaiti, Mpongwe","35866-HQ-LEL","Approved","gemstones","1","4490","Manganese/Limestone (General)/Lead","RESULTS OF THE 77TH MINING LICENSING COMMITTEE (MLC) MEETING HELD ON 11TH TO 12TH JANUARY 2024","https://www.mmmd.gov.zm/?p=2675"
"NEWCORE MINING ZAMBIA LIMITED","organization","Northern | Luapula","Kasama | Samfya","39845-HQ-LEL | 41221-HQ-LEL","APPROVED | Deferred | Approved","gemstones","1","20028","Malachite/Manganese/Lead","RESULTS OF THE 85TH MINING LICENSING COMMITTEE (MLC) MEETING HELD ON 5TH MARCH, 2025","https://www.mmmd.gov.zm/?p=4013"
"Newcrest Lime Limited","organization","Lusaka","Kafue","35235-HQ-MPL","APPROVED","industrial_minerals","1","92","Limestone (General)","RESULTS OF THE 75TH MINING LICENSING COMMITTEE (MLC) MEETING HELD FROM 27TH TO 29TH SEPTEMBER 2023","https://www.mmmd.gov.zm/?p=2618"
"Newcrest Mining Limited","organization","","","28040-HQ-LEL | 28042-HQ-LEL | 28041-HQ-LEL","Cancelled","critical_battery","1","1869","Manganese/Iron Ore/Silver","CANCELLATION OF NON-COMPLIANT MINING AND NON-MINING RIGHTS BY THE MINING LICENSING COMMITTEE (MLC)","https://www.mmmd.gov.zm/?p=2787"
"Newhorizons Mineral Resources Limited","organization","Copperbelt","Chililabombwe","40372-HQ-SEL","Approved","critical_battery","1","234","Nickel/Silver/Zinc","RESULTS OF THE 87TH MINING LICENSING COMMITTEE (MLC) MEETING HELD ON 7TH MAY, 2025","https://www.mmmd.gov.zm/?p=4069"
"Newlight Nominees Zambia Limited","organization","Central","Mumbwa","27715-HQ-LEL","Approved","gold","1","25511","Limestone (General)/Silver/Zinc","REMINDER ON RESULTS OF THE 70TH AND 71ST MINING LICENSING COMMITTEE (MLC) MEETINGS HELD IN FEBRUARY AND MARCH 2023","https://www.mmmd.gov.zm/?p=2555"
"Newmark Resources Limited","organization","Copperbelt","Masaiti","35975-HQ-SEL","Approved","gemstones","1","949","Manganese/Nickel/Anhydrite","RESULTS OF THE 77TH MINING LICENSING COMMITTEE (MLC) MEETING HELD ON 11TH TO 12TH JANUARY 2024","https://www.mmmd.gov.zm/?p=2675"
"New-MC Investment Limited","organization","Northern | Eastern | North Western | Lusaka","Kasama, Luwingu, Mporokoso | Katete | Luwingu | Zambezi | Kafue; Southern, Mazabuka","39235-HQ-LEL | 39243-HQ-LEL | 39616-HQ-LEL | 39618-HQ-LEL | 39686-HQ-LEL","Approved | APPROVED","gemstones","5","55412","Gold/Copper/Cobalt","RESULTS OF THE 84TH MINING LICENSING COMMITTEE (MLC) MEETING HELD ON 12TH DECEMBER, 2024","https://www.mmmd.gov.zm/?p=3780"
"Newmont Industries Limited","organization","Copperbelt | North Western | Lusaka","Masaiti, Ndola | Solwezi | Kafue","33956-HQ-SEL | 33957-HQ-SEL | 30451-HQ-SML | 40086-HQ-SEL","Approved | Cancelled","critical_battery","5","2100","Limestone (General)/Marble/Granite","RESULTS OF THE 73RD MINING LICENSING COMMITTEE (MLC) MEETING HELD FROM 29TH TO 30TH JUNE 2023","https://www.mmmd.gov.zm/?p=2583"
"Newport Marketing Company Limited","organization","Central","Serenje","31141-HQ-SEL","Approved","gemstones","1","882","Iron Ore/Anhydrite/Gypsum","REMINDER ON RESULTS OF THE 70TH AND 71ST MINING LICENSING COMMITTEE (MLC) MEETINGS HELD IN FEBRUARY AND MARCH 2023","https://www.mmmd.gov.zm/?p=2555"
"Newton Kalaba","person_or_unclassified","Luapula","Mansa","32972-HQ-AMR","Approved","industrial_minerals","1","7","Limestone (General)/Granite/Dolomite","RESULTS OF THE 72ND MINING LICENSING COMMITTEE (MLC) MEETING HELD FROM 17TH TO 22 MAY 2023","https://www.mmmd.gov.zm/?p=2559"
"NGABWE KAPANDE MINING CO-OPERATIVE SOCIETY  LIMITED","organization","Central","Kapiri Mposhi","38218-HQ-AMR","Approved","gemstones","1","7","Quartz/Manganese/Tin","RESULTS OF THE 81ST MINING LICENSING COMMITTEE (MLC) MEETING HELD ON 31ST JULY, 2024","https://www.mmmd.gov.zm/?p=2923"
"N'gandu Mining Co-operative Society Limited","organization","Northern","Chinsali | Mpika","37848-HQ-AMR | 41440-HQ-AMR","Approved","gemstones","1","7","Iron Ore/Gravel/Lead","RESULTS OF THE 81ST MINING LICENSING COMMITTEE (MLC) MEETING HELD ON 31ST JULY, 2024","https://www.mmmd.gov.zm/?p=2923"
"Ngetill Resources Company Limited","organization","Central | Lusaka | North Western | Eastern","Serenje | Chongwe | Solwezi | Nyimba | Serenje; Northern, Mpika","32202-HQ-LEL | 32210-HQ-SEL | 32212-HQ-SEL | 32413-HQ-SEL | 32200-HQ-LEL","Approved | Deferred","critical_battery","3","21122","Gold/Manganese/Cobalt","RESULTS OF THE 72ND MINING LICENSING COMMITTEE (MLC) MEETING HELD FROM 17TH TO 22 MAY 2023","https://www.mmmd.gov.zm/?p=2559"
"Ngosa Chola","person_or_unclassified","North Western","Kasempa","33031-HQ-AMR","Approved","base_metals","1","7","Copper/Cobalt","RESULTS OF THE 73RD MINING LICENSING COMMITTEE (MLC) MEETING HELD FROM 29TH TO 30TH JUNE 2023","https://www.mmmd.gov.zm/?p=2583"
"Ngowani Makasa","person_or_unclassified","Central","Mumbwa","22965-HQ-AMR","Approved","gold","1","7","Gold/Copper","RESULTS OF THE 74TH MINING LICENSING COMMITTEE (MLC) MEETING HELD FROM 3RD TO 4TH AUGUST 2023","https://www.mmmd.gov.zm/?p=2598"
"Ngucha Energy Corporation Limited","organization","North Western","Kasempa, Solwezi","21752-HQ-LEL | 30407-HQ-LEL","Approved | Cancelled | Rejected","critical_battery","1","42726","Nickel/Manganese/Platinum","REMINDER ON RESULTS OF THE 70TH AND 71ST MINING LICENSING COMMITTEE (MLC) MEETINGS HELD IN FEBRUARY AND MARCH 2023","https://www.mmmd.gov.zm/?p=2555"
"Nguzu Mining Limited","organization","North Western","Kasempa","30850-HQ-LEL","Approved","critical_battery","1","3228","Manganese/Silver/Zinc","REMINDER ON RESULTS OF THE 70TH AND 71ST MINING LICENSING COMMITTEE (MLC) MEETINGS HELD IN FEBRUARY AND MARCH 2023","https://www.mmmd.gov.zm/?p=2555"
"Ngwanda Limited","organization","Copperbelt","Lufwanyama","30381-HQ-SML | 30380-HQ-SML","Rejected | Approved","gemstones","2","383","Emerald/Beryllium","REMINDER ON RESULTS OF THE 70TH AND 71ST MINING LICENSING COMMITTEE (MLC) MEETINGS HELD IN FEBRUARY AND MARCH 2023","https://www.mmmd.gov.zm/?p=2555"
"Ngwerere General Merchants Limited","organization","Southern | Copperbelt | North Western","Monze | Lufwanyama | Namwala | Kasempa | Kalomo","38095-HQ-LEL | 38323-HQ-SEL | 37779-HQ-LEL | 40135-HQ-LEL | 40495-HQ-SEL","Approved | DEFERRED | Deferred","gemstones","3","2878","Copper/Gold/Zinc","RESULTS OF THE 82ND MINING LICENSING COMMITTEE (MLC) MEETING HELD ON 11TH SEPTEMBER, 2024","https://www.mmmd.gov.zm/?p=3378"
"NIANG MINING VENTURES LIMITED","organization","Copperbelt | North Western | Eastern","Ndola | Kasempa | Lufwanyama | Chama","37472-HQ-SEL | 38015-HQ-LEL | 37478-HQ-SEL | 39108-HQ-LEL","Approved | Deferred | APPROVED","gemstones","3","7774","Iron Ore/Lead/Manganese","SUBJECT: RESULTS OF THE 79TH MINING LICENSING COMMITTEE (MLC) MEETING HELD ON 11TH TO 12TH APRIL 2024","https://www.mmmd.gov.zm/?p=2794"
"Nicho Cargo Services Limited","organization","","","29006-HQ-SEL | 27290-HQ-SEL","Cancelled","gemstones","1","565","Iron Ore/Quartz/Zinc","CANCELLATION OF NON-COMPLIANT MINING AND NON-MINING RIGHTS BY THE MINING LICENSING COMMITTEE (MLC)","https://www.mmmd.gov.zm/?p=2787"
"Nicho Investments Limited","organization","Lusaka","Kafue","32099-HQ-LEL","Approved","critical_battery","1","395","Iron Ore/Manganese/Quartz","RESULTS OF THE 72ND MINING LICENSING COMMITTEE (MLC) MEETING HELD FROM 17TH TO 22 MAY 2023","https://www.mmmd.gov.zm/?p=2559"
"Nicholas muongo Chibanda","person_or_unclassified","North Western","Mwinilunga","33368-HQ-AMR","APPROVED","gold","1","7","Silver/Zinc/Gold","RESULTS OF THE EXTRA ORDINARY MINING LICENSING COMMITTEE (MLC) MEETING HELD ON 27TH OCTOBER 2023","https://www.mmmd.gov.zm/?p=2626"
"Nicholas Tembo","person_or_unclassified","Copperbelt","Chingola","37988-HQ-AMR | 38303-HQ-AMR | 37943-HQ-AMR","Approved","gemstones","3","17","Silver/Malachite/Gravel","RESULTS OF THE 81ST MINING LICENSING COMMITTEE (MLC) MEETING HELD ON 31ST JULY, 2024","https://www.mmmd.gov.zm/?p=2923"
"Nick Misapa  Nkole","person_or_unclassified","Eastern","Petauke","26928-HQ-AMR","","gemstones","1","7","Gold/Manganese/Quartz","REMINDER ON RESULTS OF THE 70TH AND 71ST MINING LICENSING COMMITTEE (MLC) MEETINGS HELD IN FEBRUARY AND MARCH 2023","https://www.mmmd.gov.zm/?p=2555"
"Nico Zaloumis","person_or_unclassified","Luapula","Mwense","38604-HQ-AMR","","gemstones","1","7","Nickel/Manganese/Silver","RESULTS OF THE 83RD MINING LICENSING COMMITTEE (MLC) MEETING HELD ON 30TH OCTOBER, 2024","https://www.mmmd.gov.zm/?p=3515"
"Nikajo Enterprises Limited","organization","North Western","Mwinilunga","8359-HQ-SML | 36792-HQ-SML","APPROVED","critical_battery","2","476","Copper/Cobalt/Lead","RESULTS OF THE EXTRA ORDINARY MINING LICENSING COMMITTEE (MLC) MEETING HELD ON 27TH OCTOBER 2023","https://www.mmmd.gov.zm/?p=2626"
"Nikars Mining Limited","organization","Central | Southern | North Western","Kapiri Mposhi | Choma, Kalomo | Solwezi","34650-HQ-LEL | 34647-HQ-LEL | 34646-HQ-LEL","APPROVED | Approved | Deferred","gemstones","1","2739","Manganese/Limestone (General)/Lead","RESULTS OF THE 75TH MINING LICENSING COMMITTEE (MLC) MEETING HELD FROM 27TH TO 29TH SEPTEMBER 2023","https://www.mmmd.gov.zm/?p=2618"
"Nile Minerals Limited","organization","Eastern | Southern | North Western | Central | Northern","Lundazi | Kalomo, Kazungula | Solwezi | Mwinilunga | Kapiri Mposhi | Isoka","33326-HQ-SEL | 33301-HQ-LEL | 32617-HQ-SEL | 39412-HQ-LEL | 38569-HQ-LEL | 39431-HQ-LEL | 41166-HQ-LEL","APPROVED | Approved | Deferred | Rejected","gemstones","4","74613","Manganese/Copper/Zinc","RESULTS OF THE 75TH MINING LICENSING COMMITTEE (MLC) MEETING HELD FROM 27TH TO 29TH SEPTEMBER 2023","https://www.mmmd.gov.zm/?p=2618"
"Nisco Industries Limited","organization","Lusaka","Chongwe, Luangwa","33474-HQ-LEL","Approved","critical_battery","1","46167","Lead/Tungsten/Bismuth","RESULTS OF THE 73RD MINING LICENSING COMMITTEE (MLC) MEETING HELD FROM 29TH TO 30TH JUNE 2023","https://www.mmmd.gov.zm/?p=2583"
"Nisco Industries Ltd","organization","Lusaka","Chongwe, Luangwa","33474-HQ-LEL","Approved","critical_battery","2","18343","Lead/Gold/Coal","RESULTS OF THE 73RD MINING LICENSING COMMITTEE (MLC) MEETING HELD FROM 29TH TO 30TH JUNE 2023","https://www.mmmd.gov.zm/?p=2583"
"NISS SKY Spares and Accessories (1996) Limited","organization","Copperbelt","Luanshya","38340-HQ-SEL","Approved","gemstones","1","67","Nickel/Manganese/Tourmaline","RESULTS OF THE 85TH MINING LICENSING COMMITTEE (MLC) MEETING HELD ON 5TH MARCH, 2025","https://www.mmmd.gov.zm/?p=4013"
"Nizam minerals Limited","organization","Copperbelt","Masaiti, Ndola","19329-HQ-SML","Deferred","industrial_minerals","1","353","Limestone (General)","RESULTS OF THE 82ND MINING LICENSING COMMITTEE (MLC) MEETING HELD ON 11TH SEPTEMBER, 2024","https://www.mmmd.gov.zm/?p=3378"
"Njamba P Kalenga","person_or_unclassified","North Western","Solwezi","36133-HQ-AMR","Approved","gold","1","7","Iron Ore/Lead/Zinc","SUBJECT: RESULTS OF THE 79TH MINING LICENSING COMMITTEE (MLC) MEETING HELD ON 11TH TO 12TH APRIL 2024","https://www.mmmd.gov.zm/?p=2794"
"Njekwa Jay Linyama","person_or_unclassified","Lusaka","Kafue","33898-HQ-AMR","Approved","gold","1","7","Gold/Copper/Cobalt","RESULTS OF THE 74TH MINING LICENSING COMMITTEE (MLC) MEETING HELD FROM 3RD TO 4TH AUGUST 2023","https://www.mmmd.gov.zm/?p=2598"
"Njunga Kakusa","person_or_unclassified","Central","Chibombo","30782-HQ-AMR","","base_metals","1","7","Copper","REMINDER ON RESULTS OF THE 70TH AND 71ST MINING LICENSING COMMITTEE (MLC) MEETINGS HELD IN FEBRUARY AND MARCH 2023","https://www.mmmd.gov.zm/?p=2555"
"Nkana Alloy Smelting Company Limited","organization","North Western | Eastern","Mufumbwe | Petauke | Solwezi","38111-HQ-LEL | 39681-HQ-LEL | 39682-HQ-LEL","Approved","critical_battery","4","7304","Gold/Copper/Cobalt","RESULTS OF THE 83RD MINING LICENSING COMMITTEE (MLC) MEETING HELD ON 30TH OCTOBER, 2024","https://www.mmmd.gov.zm/?p=3515"
"Nkana General Delalers Ltd","organization","Copperbelt","Lufwanyama","7343-HQ-SML","Approved","gemstones","1","113","Emerald/Beryllium","RESULTS OF THE 77TH MINING LICENSING COMMITTEE (MLC) MEETING HELD ON 11TH TO 12TH JANUARY 2024","https://www.mmmd.gov.zm/?p=2675"
"Nkana Mining and Mineral Processing Limited","organization","","","28655-HQ-MPL","Cancelled","base_metals","1","140","Copper/Cobalt","CANCELLATION OF NON-COMPLIANT MINING AND NON-MINING RIGHTS BY THE MINING LICENSING COMMITTEE (MLC)","https://www.mmmd.gov.zm/?p=2787"
"Nkanza Resources Limited","organization","North Western","Zambezi","29399-HQ-LEL | 25509-HQ-SEL | 26503-HQ-SEL | 25519-HQ-SEL | 25520-HQ-SEL","Cancelled","critical_battery","1","22942","Lead/Nickel/Platinum","REMINDER ON RESULTS OF THE 70TH AND 71ST MINING LICENSING COMMITTEE (MLC) MEETINGS HELD IN FEBRUARY AND MARCH 2023","https://www.mmmd.gov.zm/?p=2555"
"Nkausu Christopher  Mwape","person_or_unclassified","Central","Mumbwa","33423-HQ-AMR","Approved","critical_battery","1","7","Nickel/Manganese/Zinc","SUBJECT: RESULTS OF THE 79TH MINING LICENSING COMMITTEE (MLC) MEETING HELD ON 11TH TO 12TH APRIL 2024","https://www.mmmd.gov.zm/?p=2794"
"Nkinsu Gold and Platinum Enterprises Limited","organization","North Western","Mwinilunga","19378-HQ-SML","Cancelled","gold","1","399","Platinum Group Metals/Gold/Copper","CANCELLATION OF NON-COMPLIANT MINING AND NON-MINING RIGHTS BY THE MINING LICENSING COMMITTEE (MLC)","https://www.mmmd.gov.zm/?p=2787"
"Nkisu Minerals and Mining Limited","organization","","","28284-HQ-LEL","Cancelled","gold","1","20954","Platinum/Silica/Silver","CANCELLATION OF NON-COMPLIANT MINING AND NON-MINING RIGHTS BY THE MINING LICENSING COMMITTEE (MLC)","https://www.mmmd.gov.zm/?p=2787"
"Nkulundundu Multi-purpose Cooperative","organization","North Western","Solwezi","38109-HQ-AMR","Approved","gold","1","7","Quartz/Silica/Zinc","RESULTS OF THE 81ST MINING LICENSING COMMITTEE (MLC) MEETING HELD ON 31ST JULY, 2024","https://www.mmmd.gov.zm/?p=2923"
"Nkundalila Small Scale Mines Ltd","organization","Central","Serenje","23058-HQ-SML","Deferred","gemstones","1","390","Manganese/Quartz/Tourmaline","RESULTS OF THE 72ND MINING LICENSING COMMITTEE (MLC) MEETING HELD FROM 17TH TO 22 MAY 2023","https://www.mmmd.gov.zm/?p=2559"
"NKUSULULU MULTPURPOSE CO-OPERATIVE SOCIETY LIMITED","organization","Northern","Chinsali","37333-HQ-AMR","","gemstones","1","7","Mineral Sands/Silver/Gold","RESULTS OF THE 80TH MINING LICENSING COMMITTEE (MLC) MEETING HELD ON 6TH TO 7TH AND 10TH JUNE 2024","https://www.mmmd.gov.zm/?p=2849"
"Nkuti Ventures Limited","organization","North Western","Mwinilunga | Mufumbwe","39265-HQ-LEL | 39849-HQ-SEL","APPROVED | Deferred","gemstones","2","4718","Manganese/Gold/Copper","RESULTS OF THE 85TH MINING LICENSING COMMITTEE (MLC) MEETING HELD ON 5TH MARCH, 2025","https://www.mmmd.gov.zm/?p=4013"
"Noah Chisola","person_or_unclassified","North Western","Solwezi","36679-HQ-AMR","Approved","industrial_minerals","1","7","Quartz","SUBJECT: RESULTS OF THE 79TH MINING LICENSING COMMITTEE (MLC) MEETING HELD ON 11TH TO 12TH APRIL 2024","https://www.mmmd.gov.zm/?p=2794"
"Noah Ilunga","person_or_unclassified","Northern","Mpika","36365-HQ-AMR","Approved","gold","1","7","Limestone (General)/Quartz/Silica","RESULTS OF THE 81ST MINING LICENSING COMMITTEE (MLC) MEETING HELD ON 31ST JULY, 2024","https://www.mmmd.gov.zm/?p=2923"
"Noah Sambo","person_or_unclassified","Copperbelt","Mufulira","30181-HQ-AMR | 36666-HQ-AMR","Cancelled | Approved","gold","1","7","Iron Ore/Lead/Zinc","CANCELLATION OF NON-COMPLIANT MINING AND NON-MINING RIGHTS BY THE MINING LICENSING COMMITTEE (MLC)","https://www.mmmd.gov.zm/?p=2787"
"Noel Kasonde","person_or_unclassified","Central","Mkushi | Serenje","30948-HQ-AMR | 30949-HQ-AMR","Deferred | Rejected | Approved","critical_battery","1","7","Silver/Nickel/Zinc","REMINDER ON RESULTS OF THE 70TH AND 71ST MINING LICENSING COMMITTEE (MLC) MEETINGS HELD IN FEBRUARY AND MARCH 2023","https://www.mmmd.gov.zm/?p=2555"
"Noel Muthunzi Phiri","person_or_unclassified","Central","Mumbwa","36371-HQ-AMR","Approved","gold","1","7","Gold/Copper/Cobalt","RESULTS OF THE 81ST MINING LICENSING COMMITTEE (MLC) MEETING HELD ON 31ST JULY, 2024","https://www.mmmd.gov.zm/?p=2923"
"NOK Mining Co-Operative Society Limited","organization","Central","Mumbwa","36056-HQ-AMR","APPROVED","gemstones","1","7","Manganese/Granite/Tourmaline","RESULTS OF THE EXTRA ORDINARY MINING LICENSING COMMITTEE (MLC) MEETING HELD ON 27TH OCTOBER 2023","https://www.mmmd.gov.zm/?p=2626"
"Noralta Resources Limited","organization","Central","Mkushi","39586-HQ-LEL","APPROVED","gemstones","1","4253","Nickel/Lead/Quartz","RESULTS OF THE 85TH MINING LICENSING COMMITTEE (MLC) MEETING HELD ON 5TH MARCH, 2025","https://www.mmmd.gov.zm/?p=4013"
"Nordic Mineral Traders Limited","organization","Copperbelt","Kitwe","30124-HQ-MPL | 24847-HQ-SEL | 24848-HQ-SEL | 25251-HQ-SEL | 25252-HQ-SEL | 25254-HQ-SEL | 25256-HQ-SEL","Approved | Cancelled","critical_battery","1","13","Manganese/Zinc/Cobalt","REMINDER ON RESULTS OF THE 70TH AND 71ST MINING LICENSING COMMITTEE (MLC) MEETINGS HELD IN FEBRUARY AND MARCH 2023","https://www.mmmd.gov.zm/?p=2555"
"North Gypsum Mining Limited","organization","Eastern","Chipata, Mambwe","34485-HQ-LEL","DEFERRED | Approved","gemstones","1","78318","Rare EarthsElements/Manganese/Silver","RESULTS OF THE 75TH MINING LICENSING COMMITTEE (MLC) MEETING HELD FROM 27TH TO 29TH SEPTEMBER 2023","https://www.mmmd.gov.zm/?p=2618"
"Northcut Mining Limited","organization","Southern","Choma, Sinazongwe","29679-HQ-LEL","Approved","gemstones","1","1146","Silver/Gold/Tin","REMINDER ON RESULTS OF THE 70TH AND 71ST MINING LICENSING COMMITTEE (MLC) MEETINGS HELD IN FEBRUARY AND MARCH 2023","https://www.mmmd.gov.zm/?p=2555"
"Northdale Explorations & Logistics Limited","organization","North Western","Solwezi","38449-HQ-SEL","Approved","industrial_minerals","1","979","Stone/Silica/Crushed/Broken Stone","RESULTS OF THE 82ND MINING LICENSING COMMITTEE (MLC) MEETING HELD ON 11TH SEPTEMBER, 2024","https://www.mmmd.gov.zm/?p=3378"
"Northern Salt Limited","organization","Northern | Luapula | North Western","Kaputa | Kasempa | Mpika","33732-HQ-SEL | 33733-HQ-SEL | 33903-HQ-SEL | 33731-HQ-SEL | 35031-HQ-SEL","APPROVED | Approved | Deferred | REJECTED","gemstones","2","596","Lead/Iron Ore/Granite","RESULTS OF THE 74TH MINING LICENSING COMMITTEE (MLC) MEETING HELD FROM 3RD TO 4TH AUGUST 2023","https://www.mmmd.gov.zm/?p=2598"
"NORTHWEST - LINE MULTIPURPOSE CO-OPERATIVE SOCIETY LIMITED","organization","Lusaka | Northern","Chongwe | Isoka","37053-HQ-AMR | 37054-HQ-AMR","Approved","gemstones","2","13","Zinc/Anhydrite/Quartz","RESULTS OF THE 77TH MINING LICENSING COMMITTEE (MLC) MEETING HELD ON 11TH TO 12TH JANUARY 2024","https://www.mmmd.gov.zm/?p=2675"
"Nova Capital Solutions Limited","organization","Central","Serenje","39147-HQ-LEL","Approved","gemstones","1","52295","Gravel/Iron Ore/Gold","RESULTS OF THE 84TH MINING LICENSING COMMITTEE (MLC) MEETING HELD ON 12TH DECEMBER, 2024","https://www.mmmd.gov.zm/?p=3780"
"Novatrade Investments Limited","organization","Southern","Sinazongwe","38635-HQ-SEL","Approved","gemstones","1","88","Coal/Feldspar/Fluorine-Fluorite","RESULTS OF THE 84TH MINING LICENSING COMMITTEE (MLC) MEETING HELD ON 12TH DECEMBER, 2024","https://www.mmmd.gov.zm/?p=3780"
"Novel Ferro Alloys Limited","organization","","","27995-HQ-MPL | 28176-HQ-LEL","Cancelled","critical_battery","1","23","Manganese/Quartz/Iron Ore","CANCELLATION OF NON-COMPLIANT MINING AND NON-MINING RIGHTS BY THE MINING LICENSING COMMITTEE (MLC)","https://www.mmmd.gov.zm/?p=2787"
"Novo Resouces Zambia Limited","organization","Central | Lusaka","Mumbwa | Chongwe","27091-HQ-SEL | 28585-HQ-SEL | 27131-HQ-SEL | 27130-HQ-SEL | 37519-HQ-LEL | 38102-HQ-LEL","Approved | Cancelled","gemstones","3","8134","Gold/Copper/Cobalt","REMINDER ON RESULTS OF THE 70TH AND 71ST MINING LICENSING COMMITTEE (MLC) MEETINGS HELD IN FEBRUARY AND MARCH 2023","https://www.mmmd.gov.zm/?p=2555"
"NSALU MINING LIMITED","organization","Northern | Lusaka","Mpika | Kafue","36332-HQ-LEL","Approved","critical_battery","1","3405","Manganese/Nickel/Lead","RESULTS OF THE 77TH MINING LICENSING COMMITTEE (MLC) MEETING HELD ON 11TH TO 12TH JANUARY 2024","https://www.mmmd.gov.zm/?p=2675"
"Nsang'anyi Ruhiya Mafwilu","person_or_unclassified","Luapula","Milenge","36265-HQ-AMR | 36266-HQ-AMR","APPROVED","critical_battery","2","13","Manganese/Zinc/Iron Ore","RESULTS OF THE EXTRA ORDINARY MINING LICENSING COMMITTEE (MLC) MEETING HELD ON 27TH OCTOBER 2023","https://www.mmmd.gov.zm/?p=2626"
"Nsangi Mineral Resources Limited","organization","North Western","Mwinilunga | Kasempa","35050-HQ-LEL | 25016-HQ-LEL | 35074-HQ-SEL | 29244-HQ-LEL","Approved | Rejected | Deferred","critical_battery","4","7635","Manganese/Nickel/Silver","RESULTS OF THE 76TH MINING LICENSING COMMITTEE (MLC) MEETING HELD ON 17TH AND 20TH NOVEMBER 2023","https://www.mmmd.gov.zm/?p=2640"
"Nswachu Resources Limited","organization","Central | Eastern | Luapula","Serenje | Chama; Northern, Chinsali, Mpika | Mansa","30955-HQ-SEL | 30988-HQ-SEL | 31056-HQ-LEL | 38274-HQ-SEL","Approved | Cancelled","critical_battery","4","89992","Manganese/Copper/Cobalt","REMINDER ON RESULTS OF THE 70TH AND 71ST MINING LICENSING COMMITTEE (MLC) MEETINGS HELD IN FEBRUARY AND MARCH 2023","https://www.mmmd.gov.zm/?p=2555"
"Ntamba Mweru Copper Mine Limited","organization","Northern","Mpika","28914-HQ-SEL | 28946-HQ-LEL","Cancelled","gemstones","1","261","Manganese/Quartz/Tourmaline","REMINDER ON RESULTS OF THE 70TH AND 71ST MINING LICENSING COMMITTEE (MLC) MEETINGS HELD IN FEBRUARY AND MARCH 2023","https://www.mmmd.gov.zm/?p=2555"
"Ntamba Mweru Copper Mines Limited","organization","Northern | Luapula","Chinsali, Mpika | Mwense","35021-HQ-LEL | 34245-HQ-SEL","Approved | APPROVED","critical_battery","4","21990","Iron Ore/Rare EarthsElements/Quartz","RESULTS OF THE 73RD MINING LICENSING COMMITTEE (MLC) MEETING HELD FROM 29TH TO 30TH JUNE 2023","https://www.mmmd.gov.zm/?p=2583"
"Nthanda Investments Limited","organization","","","29415-HQ-LEL | 29009-HQ-LEL","Cancelled","gemstones","1","6823","Anhydrite/Gypsum/Manganese","CANCELLATION OF NON-COMPLIANT MINING AND NON-MINING RIGHTS BY THE MINING LICENSING COMMITTEE (MLC)","https://www.mmmd.gov.zm/?p=2787"
"NTHANZI MINERAL LIMITED","organization","Northern | North Western","Mpulungu | Kasempa, Solwezi | Solwezi","40231-HQ-SEL | 41913-HQ-SEL | 41914-HQ-SEL | 42046-HQ-SEL | 42206-HQ-SEL","Approved","gemstones","1","142","Rhodium/Rubidium/Malachite","RESULTS OF THE 88TH MINING LICENSING COMMITTEE (MLC) MEETING HELD ON 30TH MAY, 2025","https://www.mmmd.gov.zm/?p=4111"
"NTUBU MINERALS LIMITED","organization","Northern | North Western | Central","Mungwi | Mufumbwe | Kapiri Mposhi; Copperbelt, Mpongwe | Mpika","38258-HQ-LEL | 38446-HQ-LEL | 39244-HQ-LEL | 39825-HQ-LEL","Approved | DEFERRED | Rejected","gemstones","3","27978","Manganese/Zinc/Lead","RESULTS OF THE 81ST MINING LICENSING COMMITTEE (MLC) MEETING HELD ON 31ST JULY, 2024","https://www.mmmd.gov.zm/?p=2923"
"NUBIACREEK RESOURCES LIMITED","organization","Central","Kapiri Mposhi, Mkushi","29462-HQ-LEL","Rejected","critical_battery","2","3393","Gold/Quartz/Cobalt","RESULTS OF THE 90TH MINING LICENSING COMMITTEE (MLC) MEETING HELD ON 29TH AUGUST, 2025","https://www.mmmd.gov.zm/?p=5836"
"Nuels Construction Zambia Limited","organization","Northern","Isoka","27449-HQ-SEL | 27266-HQ-SEL | 27858-HQ-SEL | 38470-HQ-SML | 38478-HQ-SML","Cancelled | Deferred | Approved","critical_battery","3","1736","Phosphorus-Phosphates/Niobium (Columbium)/Manganese","CANCELLATION OF NON-COMPLIANT MINING AND NON-MINING RIGHTS BY THE MINING LICENSING COMMITTEE (MLC)","https://www.mmmd.gov.zm/?p=2787"
"Nyakaula Gemstones (2019) Limited","organization","","","29676-HQ-SML | 29775-HQ-SML | 28486-HQ-SEL","Cancelled","gemstones","2","512","Gold/Manganese/Cobalt","CANCELLATION OF NON-COMPLIANT MINING AND NON-MINING RIGHTS BY THE MINING LICENSING COMMITTEE (MLC)","https://www.mmmd.gov.zm/?p=2787"
"NYAMAZA INVESTMENTS LIMITED","organization","North Western","Kasempa","37490-HQ-LEL","Approved","gemstones","1","12037","Lead/Iron Ore/Nickel","SUBJECT: RESULTS OF THE 79TH MINING LICENSING COMMITTEE (MLC) MEETING HELD ON 11TH TO 12TH APRIL 2024","https://www.mmmd.gov.zm/?p=2794"
"Nyambe MM Wamulume","person_or_unclassified","Lusaka","Chongwe","39233-HQ-AMR","Approved","iron_ferro","1","7","Quartz/Iron Ore/Clay (General)","RESULTS OF THE 85TH MINING LICENSING COMMITTEE (MLC) MEETING HELD ON 5TH MARCH, 2025","https://www.mmmd.gov.zm/?p=4013"
"Nyami Resources Limited","organization","North Western | Central","Kasempa | Kabompo, Mwinilunga | Mufumbwe | Chibombo","28987-HQ-LEL | 29600-HQ-LEL | 37678-HQ-SML | 38335-HQ-LEL | 38746-HQ-LEL | 39179-HQ-SEL","Approved | Deferred | Rejected","critical_battery","4","27472","Gold/Copper/Cobalt","RESULTS OF THE 72ND MINING LICENSING COMMITTEE (MLC) MEETING HELD FROM 17TH TO 22 MAY 2023","https://www.mmmd.gov.zm/?p=2559"
"Nyamphende Small Scale Mining Cooperative Society","organization","Eastern","Petauke","36312-HQ-AMR | 36309-HQ-AMR | 36310-HQ-AMR","APPROVED | DEFERRED","gold","2","13","Quartz/Gold/Copper","RESULTS OF THE EXTRA ORDINARY MINING LICENSING COMMITTEE (MLC) MEETING HELD ON 27TH OCTOBER 2023","https://www.mmmd.gov.zm/?p=2626"
"Nyanswa Mining Multi-Purpose Co-Operative Society Limited","organization","North Western","Solwezi","36680-HQ-AMR","Approved","gold","1","7","Iron Ore/Lead/Zinc","RESULTS OF THE 77TH MINING LICENSING COMMITTEE (MLC) MEETING HELD ON 11TH TO 12TH JANUARY 2024","https://www.mmmd.gov.zm/?p=2675"
"Nyatungu  Multipurpose Coorperative  Society","organization","North Western","Mufumbwe","33681-HQ-AMR","Approved","gold","2","44","Copper/Cobalt/Silver","RESULTS OF THE 74TH MINING LICENSING COMMITTEE (MLC) MEETING HELD FROM 3RD TO 4TH AUGUST 2023","https://www.mmmd.gov.zm/?p=2598"
"NYEMBA SICHALWE","person_or_unclassified","Northern","Chinsali","38309-HQ-AMR","","gold","1","7","Gold/Copper/Cobalt","RESULTS OF THE 83RD MINING LICENSING COMMITTEE (MLC) MEETING HELD ON 30TH OCTOBER, 2024","https://www.mmmd.gov.zm/?p=3515"
"Nyengo Resources Limited","organization","Lusaka | Southern","Chongwe | Siavonga | Sinazongwe | Kalomo","39219-HQ-SEL | 39224-HQ-SEL | 39226-HQ-SEL | 41146-HQ-SEL | 39225-HQ-SEL","Approved | Deferred","critical_battery","3","174","Iron Ore/Fluorine-Fluorite/Coal","RESULTS OF THE 85TH MINING LICENSING COMMITTEE (MLC) MEETING HELD ON 5TH MARCH, 2025","https://www.mmmd.gov.zm/?p=4013"
"Nyirenda Simon","person_or_unclassified","Southern","Kalomo","38117-HQ-AMR","Approved","gemstones","1","7","Malachite/Lead/Iron Ore","RESULTS OF THE 81ST MINING LICENSING COMMITTEE (MLC) MEETING HELD ON 31ST JULY, 2024","https://www.mmmd.gov.zm/?p=2923"
"Nyize Enterprises Ltd","organization","Copperbelt","Lufwanyama","16069-HQ-SML","APPROVED | Cancelled | Approved","gemstones","1","180","Emerald/Beryllium","RESULTS OF THE EXTRA ORDINARY MINING LICENSING COMMITTEE (MLC) MEETING HELD ON 27TH OCTOBER 2023","https://www.mmmd.gov.zm/?p=2626"
"Nyolelo Investments Limited","organization","Central | Copperbelt","Mkushi | Kapiri Mposhi | Lufwanyama, Mpongwe","37227-HQ-SEL | 39320-HQ-SEL | 39560-HQ-LEL","Approved | Deferred","industrial_minerals","3","1539","Limestone (General)/Feldspar/Clay (General)","SUBJECT: RESULTS OF THE 79TH MINING LICENSING COMMITTEE (MLC) MEETING HELD ON 11TH TO 12TH APRIL 2024","https://www.mmmd.gov.zm/?p=2794"
"Nyungu Artisanal Mining Multipurpose Co-operative Society Limited","organization","North Western","Solwezi","34036-HQ-AMR","Approved","gold","1","7","Mineral Sands/Silica/Gold","RESULTS OF THE 74TH MINING LICENSING COMMITTEE (MLC) MEETING HELD FROM 3RD TO 4TH AUGUST 2023","https://www.mmmd.gov.zm/?p=2598"
"Obedy Sweta","person_or_unclassified","North Western","Mwinilunga","34601-HQ-AMR","APPROVED","gemstones","1","7","Iron Ore/Gold/Manganese","RESULTS OF THE EXTRA ORDINARY MINING LICENSING COMMITTEE (MLC) MEETING HELD ON 27TH OCTOBER 2023","https://www.mmmd.gov.zm/?p=2626"
"Obert Njomona","person_or_unclassified","Central","Mumbwa","39531-HQ-AMR","Approved","gold","1","7","Gold/Copper","RESULTS OF THE 85TH MINING LICENSING COMMITTEE (MLC) MEETING HELD ON 5TH MARCH, 2025","https://www.mmmd.gov.zm/?p=4013"
"O'brian M Muloongo","person_or_unclassified","Southern","Livingstone","33078-HQ-AMR | 41327-HQ-AMR","Approved","construction_materials","1","7","Stone/Sand and Gravel","RESULTS OF THE 73RD MINING LICENSING COMMITTEE (MLC) MEETING HELD FROM 29TH TO 30TH JUNE 2023","https://www.mmmd.gov.zm/?p=2583"
"Obson Mutosho","person_or_unclassified","Copperbelt","Kalulushi","39574-HQ-AMR","Approved","gemstones","1","3","Limestone (General)/Sand/Silver","RESULTS OF THE 86TH MINING LICENSING COMMITTEE (MLC) MEETING HELD ON 27TH MARCH 2025","https://www.mmmd.gov.zm/?p=4061"
"Octane Investments Limited","organization","Eastern","Lundazi","32642-HQ-SEL","Approved","gemstones","1","718","Gold/Tourmaline/Aquamarine","RESULTS OF THE 72ND MINING LICENSING COMMITTEE (MLC) MEETING HELD FROM 17TH TO 22 MAY 2023","https://www.mmmd.gov.zm/?p=2559"
"Ofia Investments Limited","organization","North Western","Mwinilunga, Solwezi | Mwinilunga","34384-HQ-LEL | 25693-HQ-LEL | 37879-HQ-LEL","Cancelled | Approved","critical_battery","2","8794","Nickel/Silver/Gold","RESULTS OF THE 75TH MINING LICENSING COMMITTEE (MLC) MEETING HELD FROM 27TH TO 29TH SEPTEMBER 2023","https://www.mmmd.gov.zm/?p=2618"
"Old Path Clinic","person_or_unclassified","Copperbelt","Lufwanyama","19263-HQ-SML","Deferred | Approved","gemstones","1","246","Emerald/Beryllium","RESULTS OF THE 82ND MINING LICENSING COMMITTEE (MLC) MEETING HELD ON 11TH SEPTEMBER, 2024","https://www.mmmd.gov.zm/?p=3378"
"Olibul Investments Limited","organization","North Western","Solwezi","28746-HQ-SML | 32473-HQ-SEL","Approved","gemstones","3","2464","Amethyst/Silica/Zinc","REMINDER ON RESULTS OF THE 70TH AND 71ST MINING LICENSING COMMITTEE (MLC) MEETINGS HELD IN FEBRUARY AND MARCH 2023","https://www.mmmd.gov.zm/?p=2555"
"Olinda Minerals Limited","organization","Eastern | Central | Southern","Chama | Mumbwa; North Western, Mufumbwe; Western, Kaoma | Siavonga | Mazabuka, Siavonga","25865-HQ-LEL | 25866-HQ-LEL | 36462-HQ-LML | 25871-HQ-LEL | 25851-HQ-LEL | 25868-HQ-LEL | 25853-HQ-LEL","Rejected | Approved | Cancelled","gemstones","2","13608","Gold/Iron Ore/Cobalt","REMINDER ON RESULTS OF THE 70TH AND 71ST MINING LICENSING COMMITTEE (MLC) MEETINGS HELD IN FEBRUARY AND MARCH 2023","https://www.mmmd.gov.zm/?p=2555"
"Olipe Investments Limited","organization","Eastern","Petauke","33440-HQ-SEL","Approved","gemstones","1","23","Niobium (Columbium)/Nickel/Molybdenum","RESULTS OF THE 81ST MINING LICENSING COMMITTEE (MLC) MEETING HELD ON 31ST JULY, 2024","https://www.mmmd.gov.zm/?p=2923"
"Oliver Sibangwe","person_or_unclassified","Southern","Siavonga","35956-HQ-AMR","Approved","construction_materials","1","7","Sand and Gravel","RESULTS OF THE 77TH MINING LICENSING COMMITTEE (MLC) MEETING HELD ON 11TH TO 12TH JANUARY 2024","https://www.mmmd.gov.zm/?p=2675"
"Olu Shamalime Tembo","person_or_unclassified","Southern","Mazabuka","28708-HQ-AMR","Deferred","critical_battery","1","7","Palladium/Nickel/Manganese","RESULTS OF THE 82ND MINING LICENSING COMMITTEE (MLC) MEETING HELD ON 11TH SEPTEMBER, 2024","https://www.mmmd.gov.zm/?p=3378"
"Omega Mukekelezi Siamweela","person_or_unclassified","Southern","Kalomo","33606-HQ-AMR","Approved","critical_battery","1","7","Manganese/Iron Ore/Gold","RESULTS OF THE 75TH MINING LICENSING COMMITTEE (MLC) MEETING HELD FROM 27TH TO 29TH SEPTEMBER 2023","https://www.mmmd.gov.zm/?p=2618"
"Omei Investments Limited","organization","","","8256-HQ-SML","Cancelled","gemstones","1","100","Emerald","CANCELLATION OF NON-COMPLIANT MINING AND NON-MINING RIGHTS BY THE MINING LICENSING COMMITTEE (MLC)","https://www.mmmd.gov.zm/?p=2787"
"Omex Mining(ZAMBIA) Limited","organization","Copperbelt | Central","Kalulushi, Lufwanyama | Kapiri Mposhi; Copperbelt, Mpongwe | Masaiti, Mpongwe","37604-HQ-LEL | 37606-HQ-LEL | 37634-HQ-LEL","Approved","critical_battery","3","46639","Gold/Zinc/Cobalt","RESULTS OF THE 81ST MINING LICENSING COMMITTEE (MLC) MEETING HELD ON 31ST JULY, 2024","https://www.mmmd.gov.zm/?p=2923"
"Omni Contractors Limited","organization","","","29404-HQ-LEL | 29417-HQ-LEL","Cancelled","critical_battery","1","19620","Manganese/Silver/Zinc","CANCELLATION OF NON-COMPLIANT MINING AND NON-MINING RIGHTS BY THE MINING LICENSING COMMITTEE (MLC)","https://www.mmmd.gov.zm/?p=2787"
"OMNI METALS LIMITED","organization","North Western","Kasempa","29404-HQ-LEL","Approved","critical_battery","1","39632","Manganese/Silver/Zinc","RESULTS OF THE 90TH MINING LICENSING COMMITTEE (MLC) MEETING HELD ON 29TH AUGUST, 2025","https://www.mmmd.gov.zm/?p=5836"
"Omu Metals and Processing Limited","organization","North Western","Chavuma, Zambezi | Zambezi; Western, Lukulu | Solwezi","29459-HQ-LEL | 26484-HQ-MPL | 29167-HQ-LEL | 26618-HQ-LEL","Cancelled | DEFERRED | REJECTED | Approved","critical_battery","2","132841","Gold/Manganese/Platinum Group Metals","CANCELLATION OF NON-COMPLIANT MINING AND NON-MINING RIGHTS BY THE MINING LICENSING COMMITTEE (MLC)","https://www.mmmd.gov.zm/?p=2787"
"One Belt Mining Limited","organization","Copperbelt | North Western | Central","Mpongwe | Solwezi | Chibombo, Kapiri Mposhi","31118-HQ-SEL | 31175-HQ-SEL | 35164-HQ-SEL","Approved | Deferred","critical_battery","3","2085","Iron Ore/Manganese/Gold","REMINDER ON RESULTS OF THE 70TH AND 71ST MINING LICENSING COMMITTEE (MLC) MEETINGS HELD IN FEBRUARY AND MARCH 2023","https://www.mmmd.gov.zm/?p=2555"
"One Candle (Zambia) Limited","organization","Copperbelt","Chililabombwe, Chingola","39534-HQ-LEL","Approved","critical_battery","1","14025","Manganese/Lead/Nickel","RESULTS OF THE 86TH MINING LICENSING COMMITTEE (MLC) MEETING HELD ON 27TH MARCH 2025","https://www.mmmd.gov.zm/?p=4061"
"One Pride Small Mining limited","organization","Copperbelt","Chingola","30586-HQ-SML | 32373-HQ-SML | 30586-HQ-SEL","Approved | Cancelled","critical_battery","1","83","Manganese/Lead/Zinc","REMINDER ON RESULTS OF THE 70TH AND 71ST MINING LICENSING COMMITTEE (MLC) MEETINGS HELD IN FEBRUARY AND MARCH 2023","https://www.mmmd.gov.zm/?p=2555"
"One Stop Tyre Express Limited","organization","","","36820-HQ-SEL | 24930-HQ-SEL","Approved | Cancelled","gold","1","50","Gold/Copper/Cobalt","RESULTS OF THE 78TH MINING LICENSING COMMITTEE (MLC) MEETING HELD ON 27TH FEBRUARY TO 1ST MARCH 2024","https://www.mmmd.gov.zm/?p=2785"
"Onkod Investments Limited","organization","Central","Mumbwa","37858-HQ-MPL","Approved","gold","1","7","Gold/Copper","RESULTS OF THE 82ND MINING LICENSING COMMITTEE (MLC) MEETING HELD ON 11TH SEPTEMBER, 2024","https://www.mmmd.gov.zm/?p=3378"
"ONKOT SOLUTIONS LIMITED","organization","Central","Mumbwa","38287-HQ-MPL","Approved","gold","1","7","Gold/Copper","RESULTS OF THE 83RD MINING LICENSING COMMITTEE (MLC) MEETING HELD ON 30TH OCTOBER, 2024","https://www.mmmd.gov.zm/?p=3515"
"OOLITIC INVESTMENTS LIMITED","organization","North Western | Eastern | Southern | Central | Luapula","Kabompo, Mufumbwe | Chadiza, Katete | Gwembe | Kapiri Mposhi","39588-HQ-LEL | 39590-HQ-LEL | 39591-HQ-LEL | 39606-HQ-LEL | 39624-HQ-LEL","APPROVED","gemstones","4","51686","Gold/Copper/Zinc","RESULTS OF THE 85TH MINING LICENSING COMMITTEE (MLC) MEETING HELD ON 5TH MARCH, 2025","https://www.mmmd.gov.zm/?p=4013"
"Opulent Wealthy Investment Limited","organization","Central","Mkushi","38381-HQ-LML | 36086-HQ-SML","Deferred | Approved | Rejected","critical_battery","3","17233","Quartz/Iron Ore/Manganese","RESULTS OF THE 82ND MINING LICENSING COMMITTEE (MLC) MEETING HELD ON 11TH SEPTEMBER, 2024","https://www.mmmd.gov.zm/?p=3378"
"Orbit Drilling and Exploration Limited","organization","","","27278-HQ-SEL | 25501-HQ-SEL | 25475-HQ-SEL","Cancelled","critical_battery","2","183","Lead/Manganese/Zinc","CANCELLATION OF NON-COMPLIANT MINING AND NON-MINING RIGHTS BY THE MINING LICENSING COMMITTEE (MLC)","https://www.mmmd.gov.zm/?p=2787"
"Orein Resources Limited","organization","Central | Lusaka","Chibombo | Chongwe","37339-HQ-SEL | 38527-HQ-LEL | 38621-HQ-LEL | 39319-HQ-MPL","Approved | approved","gemstones","4","19306","Gold/Copper/Zinc","SUBJECT: RESULTS OF THE 79TH MINING LICENSING COMMITTEE (MLC) MEETING HELD ON 11TH TO 12TH APRIL 2024","https://www.mmmd.gov.zm/?p=2794"
"OREMARK RESOURCES ZAMBIA LIMITED","organization","Eastern | Central","Lundazi, Mambwe | Mumbwa | Chipata","39695-HQ-SEL | 40189-HQ-LEL | 40138-HQ-SEL","Approved | APPROVED | Deferred","gemstones","3","3150","Cobalt/Gold/Iron Ore","RESULTS OF THE 85TH MINING LICENSING COMMITTEE (MLC) MEETING HELD ON 5TH MARCH, 2025","https://www.mmmd.gov.zm/?p=4013"
"Orin Resources Limited","organization","Central","Mumbwa","39858-HQ-MPL","Approved","gold","1","13","Silver/Gold/Copper","RESULTS OF THE 86TH MINING LICENSING COMMITTEE (MLC) MEETING HELD ON 27TH MARCH 2025","https://www.mmmd.gov.zm/?p=4061"
"Osara Mining Limited","organization","North Western | Lusaka | Eastern | Northern","Mufumbwe, Mwinilunga | Chongwe, Kafue, Luangwa | Chama; Northern, Chinsali, Isoka | Kasempa | Isoka","22506-HQ-LEL | 22568-HQ-LEL | 22587-HQ-LEL | 22588-HQ-LEL | 22589-HQ-LEL | 22586-HQ-LEL","Rejected | Approved","critical_battery","5","346379","Copper/Cobalt/Silver","REMINDER ON RESULTS OF THE 70TH AND 71ST MINING LICENSING COMMITTEE (MLC) MEETINGS HELD IN FEBRUARY AND MARCH 2023","https://www.mmmd.gov.zm/?p=2555"
"Oscarios Mining & Exploration Limited","organization","Central","Chibombo","31148-HQ-SEL | 32412-HQ-SEL","Approved | Rejected","critical_battery","3","4649","Lead/Manganese/Zinc","REMINDER ON RESULTS OF THE 70TH AND 71ST MINING LICENSING COMMITTEE (MLC) MEETINGS HELD IN FEBRUARY AND MARCH 2023","https://www.mmmd.gov.zm/?p=2555"
"OSCOL Zambia Limited","organization","Central","Kapiri Mposhi; North Western, Kasempa","33949-HQ-SEL","APPROVED","gemstones","1","939","Nickel/Manganese/Lithium","RESULTS OF THE 75TH MINING LICENSING COMMITTEE (MLC) MEETING HELD FROM 27TH TO 29TH SEPTEMBER 2023","https://www.mmmd.gov.zm/?p=2618"
"OSPREY RESOURCES LIMITED","organization","North Western","Solwezi","39445-HQ-LML | 39465-HQ-LML","Approved","critical_battery","2","35560","Silver/Uranium/Gold","RESULTS OF THE 85TH MINING LICENSING COMMITTEE (MLC) MEETING HELD ON 5TH MARCH, 2025","https://www.mmmd.gov.zm/?p=4013"
"OUEST BUSINESS LIMITED","organization","Central | Northern | Western","Mumbwa | Kasama | Kaoma","38114-HQ-LEL | 38070-HQ-SEL | 38071-HQ-SEL | 40016-HQ-LEL","Approved | Rejected","gemstones","3","19356","Manganese/Gold/Lead","RESULTS OF THE 82ND MINING LICENSING COMMITTEE (MLC) MEETING HELD ON 11TH SEPTEMBER, 2024","https://www.mmmd.gov.zm/?p=3378"
"Ousmane Kenem","person_or_unclassified","Lusaka","Kafue","39399-HQ-AMR","Approved","critical_battery","1","7","Sand/Nickel/Zinc","RESULTS OF THE 85TH MINING LICENSING COMMITTEE (MLC) MEETING HELD ON 5TH MARCH, 2025","https://www.mmmd.gov.zm/?p=4013"
"Ovahglo Limited","organization","Lusaka","Kafue","26560-HQ-LEL | 39467-HQ-SML","Cancelled | Deferred | Approved","critical_battery","3","2402","Lead/Manganese/Zinc","CANCELLATION OF NON-COMPLIANT MINING AND NON-MINING RIGHTS BY THE MINING LICENSING COMMITTEE (MLC)","https://www.mmmd.gov.zm/?p=2787"
"Oval Mining Limited","organization","North Western","Kasempa","25813-HQ-SEL | 29123-HQ-LEL | 26673-HQ-LEL | 27808-HQ-LEL | 34544-HQ-SML","Cancelled | Approved","critical_battery","3","4526","Gold/Copper/Silver","CANCELLATION OF NON-COMPLIANT MINING AND NON-MINING RIGHTS BY THE MINING LICENSING COMMITTEE (MLC)","https://www.mmmd.gov.zm/?p=2787"
"Overland Supplies Limited","organization","North Western","Mufumbwe; Western, Kaoma","34291-HQ-LEL","Approved","gemstones","1","3804","Quartz/Rare EarthsElements/Tourmaline","RESULTS OF THE 74TH MINING LICENSING COMMITTEE (MLC) MEETING HELD FROM 3RD TO 4TH AUGUST 2023","https://www.mmmd.gov.zm/?p=2598"
"Overseas Minerals And Metals Mining Limited","organization","Central","Mkushi","37304-HQ-LEL","Approved","critical_battery","1","18766","Nickel/Manganese/Limestone (General)","RESULTS OF THE 82ND MINING LICENSING COMMITTEE (MLC) MEETING HELD ON 11TH SEPTEMBER, 2024","https://www.mmmd.gov.zm/?p=3378"
"P & C PRACH INVESTMENTS ZAMBIA LIMITED","organization","Northern | North Western","Mpika | Chinsali, Mpika | Kabompo, Mufumbwe, Mwinilunga | Kasama, Mpika","37715-HQ-LEL | 37720-HQ-LEL | 37688-HQ-LEL | 37714-HQ-LEL","Rejected | APPROVED","critical_battery","1","48014","Iron Ore/Manganese/Zinc","RESULTS OF THE 81ST MINING LICENSING COMMITTEE (MLC) MEETING HELD ON 31ST JULY, 2024","https://www.mmmd.gov.zm/?p=2923"
"Pacific Blues Mining Limited","organization","Southern","Monze, Namwala | Monze","35208-HQ-SEL | 35209-HQ-SEL | 35207-HQ-SEL","Approved | Deferred","critical_battery","3","11125","Lead/Iron Ore/Zinc","RESULTS OF THE 76TH MINING LICENSING COMMITTEE (MLC) MEETING HELD ON 17TH AND 20TH NOVEMBER 2023","https://www.mmmd.gov.zm/?p=2640"
"Pacific Minerals Limited","organization","Eastern | Southern | Copperbelt","Chama | Nyimba, Petauke | Kalomo | Luanshya, Lufwanyama, Masaiti","32204-HQ-LEL | 32205-HQ-LEL | 32203-HQ-SEL | 32206-HQ-SEL | 40263-HQ-SEL","Approved | Deferred","gemstones","4","68628","Niobium (Columbium)/Gold/Copper","RESULTS OF THE 72ND MINING LICENSING COMMITTEE (MLC) MEETING HELD FROM 17TH TO 22 MAY 2023","https://www.mmmd.gov.zm/?p=2559"
"Pact Mineral Resources Limited","organization","Northern","Mpika","36686-HQ-SEL","Approved","gemstones","1","482","Silver/Titanium/Zinc","RESULTS OF THE 77TH MINING LICENSING COMMITTEE (MLC) MEETING HELD ON 11TH TO 12TH JANUARY 2024","https://www.mmmd.gov.zm/?p=2675"
"Paison Mumba","person_or_unclassified","Central","Kapiri Mposhi","30105-HQ-AMR","","critical_battery","1","7","Manganese/Silver/Zinc","REMINDER ON RESULTS OF THE 70TH AND 71ST MINING LICENSING COMMITTEE (MLC) MEETINGS HELD IN FEBRUARY AND MARCH 2023","https://www.mmmd.gov.zm/?p=2555"
"Palosha Investments Limited","organization","Southern","Namwala","30751-HQ-SEL | 34993-HQ-SEL","Cancelled | Deferred | DEFERRED","gemstones","1","910","Tantalum/Quartz/Tourmaline","CANCELLATION OF NON-COMPLIANT MINING AND NON-MINING RIGHTS BY THE MINING LICENSING COMMITTEE (MLC)","https://www.mmmd.gov.zm/?p=2787"
"Pamabwe Minerals Limited","organization","Copperbelt","Kitwe, Luanshya","32370-HQ-SEL","APPROVED","gemstones","1","673","Iron Ore/Gold/Tourmaline","RESULTS OF THE 87TH MINING LICENSING COMMITTEE (MLC) MEETING HELD ON 7TH MAY, 2025","https://www.mmmd.gov.zm/?p=4069"
"Pamodzi Investments Limited","organization","North Western | Copperbelt | Southern","Solwezi | Lufwanyama | Sinazongwe","39474-HQ-SEL | 40373-HQ-SEL | 41149-HQ-SEL","Approved","gemstones","2","1082","Copper/Gold/Silver","RESULTS OF THE 85TH MINING LICENSING COMMITTEE (MLC) MEETING HELD ON 5TH MARCH, 2025","https://www.mmmd.gov.zm/?p=4013"
"PAMU MINING LIMITED","organization","Eastern | Lusaka","Chama; Northern, Isoka | Kafue | Petauke","39438-HQ-LEL | 40652-HQ-SEL | 41247-HQ-SEL","APPROVED | Approved","gold","1","53","Iron Ore/Zinc/Copper","RESULTS OF THE 85TH MINING LICENSING COMMITTEE (MLC) MEETING HELD ON 5TH MARCH, 2025","https://www.mmmd.gov.zm/?p=4013"
"Panamba Mining Limited","organization","Copperbelt","Lufwanyama","33053-HQ-SML","Approved","gemstones","1","98","Emerald","RESULTS OF THE 91ST MINING LICENSING COMMITTEE (MLC) MEETING HELD ON 08TH OCTOBER, 2025","https://www.mmmd.gov.zm/?p=6170"
"Panda Mineral Resources Limited","organization","North Western","Solwezi","30601-HQ-LEL","Approved","critical_battery","2","14046","Silver/Gold/Copper","REMINDER ON RESULTS OF THE 70TH AND 71ST MINING LICENSING COMMITTEE (MLC) MEETINGS HELD IN FEBRUARY AND MARCH 2023","https://www.mmmd.gov.zm/?p=2555"
"Pangeni Mineral Resources Limited","organization","North Western","Kabompo","26821-HQ-LEL | 19310-HQ-LEL","Cancelled | Approved","gold","1","28913","Lead/Zinc/Gold","CANCELLATION OF NON-COMPLIANT MINING AND NON-MINING RIGHTS BY THE MINING LICENSING COMMITTEE (MLC)","https://www.mmmd.gov.zm/?p=2787"
"Panshi Zambian Mining Company Limited","organization","Eastern","Chama | Chama; Northern, Isoka","40517-HQ-LEL | 40526-HQ-LEL","Approved | Rejected","critical_battery","1","2674","Silver/Nickel/Tantalum","RESULTS OF THE 88TH MINING LICENSING COMMITTEE (MLC) MEETING HELD ON 30TH MAY, 2025","https://www.mmmd.gov.zm/?p=4111"
"Pantanshi Gold Limited","organization","North Western","Kasempa","24421-HQ-LEL","Approved","gemstones","1","4128","Lead/Tin/Zinc","RESULTS OF THE 72ND MINING LICENSING COMMITTEE (MLC) MEETING HELD FROM 17TH TO 22 MAY 2023","https://www.mmmd.gov.zm/?p=2559"
"Paradime Corporation Limited","organization","Eastern","Nyimba","32813-HQ-LEL | 32832-HQ-LEL","Approved | APPROVED","gemstones","2","6876","Gold/Iron Ore/Rare EarthsElements","RESULTS OF THE 72ND MINING LICENSING COMMITTEE (MLC) MEETING HELD FROM 17TH TO 22 MAY 2023","https://www.mmmd.gov.zm/?p=2559"
"PARAMJIT KAUR","person_or_unclassified","Central","Kabwe","37338-HQ-AMR","Approved","gemstones","1","7","Silver/Manganese/Zinc","SUBJECT: RESULTS OF THE 79TH MINING LICENSING COMMITTEE (MLC) MEETING HELD ON 11TH TO 12TH APRIL 2024","https://www.mmmd.gov.zm/?p=2794"
"Pasture Mining Company Limited","organization","Central","Chibombo, Kabwe","32160-HQ-LEL","Approved","gemstones","1","13488","Gold/Manganese/Copper","RESULTS OF THE 72ND MINING LICENSING COMMITTEE (MLC) MEETING HELD FROM 17TH TO 22 MAY 2023","https://www.mmmd.gov.zm/?p=2559"
"PATCHO Continental Resources Limited","organization","North Western","Solwezi","35859-HQ-LEL | 38394-HQ-SEL","Approved","critical_battery","2","16412","Gold/Nickel/Cobalt","RESULTS OF THE 78TH MINING LICENSING COMMITTEE (MLC) MEETING HELD ON 27TH FEBRUARY TO 1ST MARCH 2024","https://www.mmmd.gov.zm/?p=2785"
"PATEL HAROON","person_or_unclassified","Eastern","Mambwe","39573-HQ-AMR | 39583-HQ-AMR","Deferred | Approved","gemstones","2","13","Gemstones/Mica/Fluorine-Fluorite","RESULTS OF THE 85TH MINING LICENSING COMMITTEE (MLC) MEETING HELD ON 5TH MARCH, 2025","https://www.mmmd.gov.zm/?p=4013"
"Patel Mukeshbhai Bhula Bhat","person_or_unclassified","Luapula","Samfya","38217-HQ-AMR | 37928-HQ-AMR","Approved","critical_battery","2","13","Manganese/Iron Ore/Limestone (General)","RESULTS OF THE 81ST MINING LICENSING COMMITTEE (MLC) MEETING HELD ON 31ST JULY, 2024","https://www.mmmd.gov.zm/?p=2923"
"Patience Lombe  Nsakanya","person_or_unclassified","Luapula","Mansa","40504-HQ-AMR","Approved","critical_battery","1","7","Manganese/Quartz/Sugilite","RESULTS OF THE 88TH MINING LICENSING COMMITTEE (MLC) MEETING HELD ON 30TH MAY, 2025","https://www.mmmd.gov.zm/?p=4111"
"Patience Lombo Nsakanya","person_or_unclassified","Luapula","Mansa","34299-HQ-AMR","Approved","gemstones","1","7","Manganese/Sugilite/Lithium","RESULTS OF THE 81ST MINING LICENSING COMMITTEE (MLC) MEETING HELD ON 31ST JULY, 2024","https://www.mmmd.gov.zm/?p=2923"
"Patricia Mulenga","person_or_unclassified","Central","Mkushi","30965-HQ-AMR","","critical_battery","1","7","Limestone (General)/Manganese/Silver","REMINDER ON RESULTS OF THE 70TH AND 71ST MINING LICENSING COMMITTEE (MLC) MEETINGS HELD IN FEBRUARY AND MARCH 2023","https://www.mmmd.gov.zm/?p=2555"
"Patricia Mwaba Kasese","person_or_unclassified","Northern","Mpika","36337-HQ-AMR","Approved","gemstones","1","7","Silica/Silver/Tourmaline","RESULTS OF THE 81ST MINING LICENSING COMMITTEE (MLC) MEETING HELD ON 31ST JULY, 2024","https://www.mmmd.gov.zm/?p=2923"
"PATRICIA SELA","person_or_unclassified","Central","Kabwe","38649-HQ-AMR","","industrial_minerals","1","7","Sand/Limestone (General)/Gravel","RESULTS OF THE 83RD MINING LICENSING COMMITTEE (MLC) MEETING HELD ON 30TH OCTOBER, 2024","https://www.mmmd.gov.zm/?p=3515"
"Patrick Samukimba","person_or_unclassified","Lusaka","Chongwe","39213-HQ-AMR","Approved","gold","2","13","Gold/Quartz/Silica","RESULTS OF THE 85TH MINING LICENSING COMMITTEE (MLC) MEETING HELD ON 5TH MARCH, 2025","https://www.mmmd.gov.zm/?p=4013"
"paul kasuba chipalo","person_or_unclassified","North Western","Mufumbwe","38481-HQ-AMR","","gemstones","1","7","Lead/Iron Ore/Nickel","RESULTS OF THE 83RD MINING LICENSING COMMITTEE (MLC) MEETING HELD ON 30TH OCTOBER, 2024","https://www.mmmd.gov.zm/?p=3515"
"Paulgil Check Enterprises Limited","organization","Copperbelt","Lufwanyama","17649-HQ-SML","Cancelled | Approved","gemstones","1","139","Emerald","CANCELLATION OF NON-COMPLIANT MINING AND NON-MINING RIGHTS BY THE MINING LICENSING COMMITTEE (MLC)","https://www.mmmd.gov.zm/?p=2787"
"Pauline Mukakula","person_or_unclassified","North Western","Mufumbwe","36758-HQ-AMR","Approved","gold","1","7","Iron Ore/Silver/Copper","RESULTS OF THE 77TH MINING LICENSING COMMITTEE (MLC) MEETING HELD ON 11TH TO 12TH JANUARY 2024","https://www.mmmd.gov.zm/?p=2675"
"PCB Mining Limited","organization","North Western","Mwinilunga","38211-HQ-SML","Deferred","critical_battery","2","751","Manganese/Lead/Zinc","RESULTS OF THE 81ST MINING LICENSING COMMITTEE (MLC) MEETING HELD ON 31ST JULY, 2024","https://www.mmmd.gov.zm/?p=2923"
"Peco Limited","organization","Luapula","Mansa","13704-HQ-SML | 17868-HQ-LML","Approved | Cancelled","critical_battery","2","10084","Manganese/Copper","RESULTS OF THE 72ND MINING LICENSING COMMITTEE (MLC) MEETING HELD FROM 17TH TO 22 MAY 2023","https://www.mmmd.gov.zm/?p=2559"
"Peggy Nyanyanga","person_or_unclassified","Central","Mkushi","30136-HQ-AMR","Approved","critical_battery","1","3","Manganese/Gold/Copper","REMINDER ON RESULTS OF THE 70TH AND 71ST MINING LICENSING COMMITTEE (MLC) MEETINGS HELD IN FEBRUARY AND MARCH 2023","https://www.mmmd.gov.zm/?p=2555"
"Pegma Mining Limited","organization","Eastern | Lusaka","Chipata, Katete, Mambwe | Mambwe | Chongwe","35521-HQ-LEL | 35522-HQ-SEL | 35520-HQ-LEL | 39215-HQ-LEL","Approved | Deferred","gemstones","4","75010","Iron Ore/Zinc/Nickel","RESULTS OF THE 78TH MINING LICENSING COMMITTEE (MLC) MEETING HELD ON 27TH FEBRUARY TO 1ST MARCH 2024","https://www.mmmd.gov.zm/?p=2785"
"Pendwe Mining Company Limited","organization","","","23989-HQ-LML","Cancelled","gemstones","2","42439","Iron Ore/Gold/Copper","CANCELLATION OF NON-COMPLIANT MINING AND NON-MINING RIGHTS BY THE MINING LICENSING COMMITTEE (MLC)","https://www.mmmd.gov.zm/?p=2787"
"Penguin Resources Limited","organization","North Western","Solwezi","32024-HQ-LEL","Approved","critical_battery","1","6255","Granite/Manganese/Silver","RESULTS OF THE 72ND MINING LICENSING COMMITTEE (MLC) MEETING HELD FROM 17TH TO 22 MAY 2023","https://www.mmmd.gov.zm/?p=2559"
"Pensulo Ferro Alloys Limited","organization","Luapula","Kawambwa","30166-HQ-SEL | 30174-HQ-SEL","Approved | Cancelled","critical_battery","1","945","Manganese/Quartz/Limestone (General)","REMINDER ON RESULTS OF THE 70TH AND 71ST MINING LICENSING COMMITTEE (MLC) MEETINGS HELD IN FEBRUARY AND MARCH 2023","https://www.mmmd.gov.zm/?p=2555"
"Pentagon Resources Limited","organization","Central | Eastern","Serenje | Katete, Petauke","25071-HQ-SEL | 21073-HQ-LEL | 21645-HQ-LEL","Cancelled | Rejected","gold","1","5111","Phosphorus-Phosphates/Quartz/Limestone (General)","CANCELLATION OF NON-COMPLIANT MINING AND NON-MINING RIGHTS BY THE MINING LICENSING COMMITTEE (MLC)","https://www.mmmd.gov.zm/?p=2787"
"PEOPLE'S MULTI- PURPOSE CO-OPERATIVE SOCIETY LIMITED","organization","Lusaka | Eastern","Chongwe | Chadiza","37032-HQ-AMR | 37033-HQ-AMR","Approved","gemstones","1","7","Nickel/Anhydrite/Zinc","RESULTS OF THE 77TH MINING LICENSING COMMITTEE (MLC) MEETING HELD ON 11TH TO 12TH JANUARY 2024","https://www.mmmd.gov.zm/?p=2675"
"Pereti Farming Limited","organization","Northern | Central | Lusaka | Eastern","Chinsali, Isoka | Mumbwa | Chongwe | Chama; Northern, Chinsali, Isoka","34340-HQ-LEL | 34350-HQ-SEL | 34345-HQ-LEL | 34347-HQ-LEL","APPROVED | Approved","critical_battery","1","648","Manganese/Silver/Uranium","RESULTS OF THE 74TH MINING LICENSING COMMITTEE (MLC) MEETING HELD FROM 3RD TO 4TH AUGUST 2023","https://www.mmmd.gov.zm/?p=2598"
"Pesamu Investments Limited","organization","Luapula | Eastern","Mansa, Mwense; Northern, Luwingu | Mwense | Petauke","37711-HQ-LEL | 37705-HQ-SEL | 38420-HQ-LEL","Approved","critical_battery","3","97712","Iron Ore/Manganese/Gold","RESULTS OF THE 80TH MINING LICENSING COMMITTEE (MLC) MEETING HELD ON 6TH TO 7TH AND 10TH JUNE 2024","https://www.mmmd.gov.zm/?p=2849"
"Petejax Thrill Limited","organization","","","28341-HQ-SEL","Cancelled","gemstones","1","373","Manganese/Lead/Tourmaline","CANCELLATION OF NON-COMPLIANT MINING AND NON-MINING RIGHTS BY THE MINING LICENSING COMMITTEE (MLC)","https://www.mmmd.gov.zm/?p=2787"
"Peter Kamanga","person_or_unclassified","Central","Mumbwa","34672-HQ-AMR","Approved","gold","1","7","Iron Ore/Gold/Copper","RESULTS OF THE 78TH MINING LICENSING COMMITTEE (MLC) MEETING HELD ON 27TH FEBRUARY TO 1ST MARCH 2024","https://www.mmmd.gov.zm/?p=2785"
"Peter Sacko Malembeka","person_or_unclassified","Central","Mkushi","35332-HQ-AMR | 35333-HQ-AMR","APPROVED | Deferred","critical_battery","1","7","Iron Ore/Manganese/Zinc","RESULTS OF THE EXTRA ORDINARY MINING LICENSING COMMITTEE (MLC) MEETING HELD ON 27TH OCTOBER 2023","https://www.mmmd.gov.zm/?p=2626"
"Petronella Nyondo","person_or_unclassified","Luapula","Samfya","25793-HQ-AMR | 29566-HQ-AMR | 29943-HQ-AMR","REJECTED | Cancelled | Approved","critical_battery","1","7","Iron Ore/Manganese/Cobalt","RESULTS OF THE 75TH MINING LICENSING COMMITTEE (MLC) MEETING HELD FROM 27TH TO 29TH SEPTEMBER 2023","https://www.mmmd.gov.zm/?p=2618"
"PETRUSHKA TRADING LINIITED","organization","Copperbelt | North Western | Northern","Chililabombwe; North Western, Solwezi | Kasempa | Solwezi | Mwinilunga | Chinsali","37332-HQ-LEL | 39864-HQ-LEL | 39941-HQ-LEL | 40444-HQ-LEL | 41728-HQ-LEL | 41681-HQ-LEL","Deferred | Approved | Rejected","gemstones","1","9097","Gold/Nickel/Diamond","RESULTS OF THE 80TH MINING LICENSING COMMITTEE (MLC) MEETING HELD ON 6TH TO 7TH AND 10TH JUNE 2024","https://www.mmmd.gov.zm/?p=2849"
"Phenomenal Mining Company Limited","organization","Southern","Gwembe, Monze | Gwembe, Siavonga | Gwembe | Siavonga","39926-HQ-LEL | 39984-HQ-SEL | 40083-HQ-SEL | 40085-HQ-SEL | 40087-HQ-SEL","APPROVED | DEFERRED | Deferred | Approved | deferred","critical_battery","4","3455","Manganese/Malachite/Feldspar","RESULTS OF THE 87TH MINING LICENSING COMMITTEE (MLC) MEETING HELD ON 7TH MAY, 2025","https://www.mmmd.gov.zm/?p=4069"
"Philip Mukuma","person_or_unclassified","North Western","Mwinilunga","30748-HQ-AMR","Approved","gold","1","7","Iron Ore/Lead/Zinc","REMINDER ON RESULTS OF THE 70TH AND 71ST MINING LICENSING COMMITTEE (MLC) MEETINGS HELD IN FEBRUARY AND MARCH 2023","https://www.mmmd.gov.zm/?p=2555"
"Philip Wilson Jedburgh","person_or_unclassified","Central","Kapiri Mposhi","33178-HQ-AMR","Approved","construction_materials","1","7","Granite","RESULTS OF THE 75TH MINING LICENSING COMMITTEE (MLC) MEETING HELD FROM 27TH TO 29TH SEPTEMBER 2023","https://www.mmmd.gov.zm/?p=2618"
"Phillip Mining Cooperative Society Limited","organization","Northern","Chinsali","35978-HQ-AMR","APPROVED","gemstones","1","7","Limestone (General)/Gold/Manganese","RESULTS OF THE EXTRA ORDINARY MINING LICENSING COMMITTEE (MLC) MEETING HELD ON 27TH OCTOBER 2023","https://www.mmmd.gov.zm/?p=2626"
"Philton Investments Limited","organization","North Western","Mwinilunga","31501-HQ-SML | 32351-HQ-SML","Approved","gold","2","486","Gold/Copper/Cobalt","RESULTS OF THE 72ND MINING LICENSING COMMITTEE (MLC) MEETING HELD FROM 17TH TO 22 MAY 2023","https://www.mmmd.gov.zm/?p=2559"
"Phoenix Materials Ltd","organization","Copperbelt","","15633-HQ-SML | 8329-HQ-SML","Approved | Cancelled","base_metals","1","384","Lightweight Aggregate/Stone/Crushed/Broken Stone","RESULTS OF THE 76TH MINING LICENSING COMMITTEE (MLC) MEETING HELD ON 17TH AND 20TH NOVEMBER 2023","https://www.mmmd.gov.zm/?p=2640"
"Phoenix Mining Services Limited","organization","Central","Serenje; Eastern, Nyimba","34523-HQ-LEL | 34522-HQ-LEL","","gemstones","2","38617","Lead/Iron Ore/Anhydrite","RESULTS OF THE 74TH MINING LICENSING COMMITTEE (MLC) MEETING HELD FROM 3RD TO 4TH AUGUST 2023","https://www.mmmd.gov.zm/?p=2598"
"Phyllite Resources Limited","organization","Lusaka | Eastern","Chongwe | Chipata, Mambwe | Chipata","34423-HQ-SEL | 39196-HQ-SEL | 39253-HQ-SEL | 39254-HQ-SEL | 39255-HQ-SEL","APPROVED | Approved","gemstones","5","3585","Gold/Copper/Cobalt","RESULTS OF THE 75TH MINING LICENSING COMMITTEE (MLC) MEETING HELD FROM 27TH TO 29TH SEPTEMBER 2023","https://www.mmmd.gov.zm/?p=2618"
"Pigeon Mineral Resources Limited","organization","Eastern","Lundazi","35224-HQ-SEL | 35864-HQ-SEL","Approved","gemstones","2","1352","Tourmaline/Garnet/Quartz","RESULTS OF THE 80TH MINING LICENSING COMMITTEE (MLC) MEETING HELD ON 6TH TO 7TH AND 10TH JUNE 2024","https://www.mmmd.gov.zm/?p=2849"
"Pike Tech Engineering Limited","organization","North Western","Mwinilunga","37363-HQ-SEL","Approved","critical_battery","1","461","Iron Ore/Manganese/Quartz","SUBJECT: RESULTS OF THE 79TH MINING LICENSING COMMITTEE (MLC) MEETING HELD ON 11TH TO 12TH APRIL 2024","https://www.mmmd.gov.zm/?p=2794"
"Pinak Resources Zambia Limited","organization","Luapula","Kawambwa","28267-HQ-LEL | 30078-HQ-LEL | 28204-HQ-LEL","Cancelled | Approved","critical_battery","1","28644","Lead/Manganese/Iron Ore","CANCELLATION OF NON-COMPLIANT MINING AND NON-MINING RIGHTS BY THE MINING LICENSING COMMITTEE (MLC)","https://www.mmmd.gov.zm/?p=2787"
"Pine Investments Limited","organization","North Western","Solwezi","29164-HQ-LEL","Cancelled | Approved","gold","1","3608","Iron Ore/Zinc/Gold","CANCELLATION OF NON-COMPLIANT MINING AND NON-MINING RIGHTS BY THE MINING LICENSING COMMITTEE (MLC)","https://www.mmmd.gov.zm/?p=2787"
"PIYO GREY NDHLOVU","person_or_unclassified","Lusaka","Chongwe","38628-HQ-AMR | 38698-HQ-AMR","","gold","2","13","Gold/Silver/Cobalt","RESULTS OF THE 83RD MINING LICENSING COMMITTEE (MLC) MEETING HELD ON 30TH OCTOBER, 2024","https://www.mmmd.gov.zm/?p=3515"
"Pladoc Enterprises Limited","organization","Central","Kapiri Mposhi","32460-HQ-SEL | 32461-HQ-SEL","Rejected | Approved | Deferred","gemstones","1","901","Limestone (General)/Lead/Iron Ore","RESULTS OF THE 72ND MINING LICENSING COMMITTEE (MLC) MEETING HELD FROM 17TH TO 22 MAY 2023","https://www.mmmd.gov.zm/?p=2559"
"Planet  Malumbe","person_or_unclassified","Central","Mumbwa","37616-HQ-AMR | 37617-HQ-AMR","","gold","2","13","Iron Ore/Gold/Copper","RESULTS OF THE 80TH MINING LICENSING COMMITTEE (MLC) MEETING HELD ON 6TH TO 7TH AND 10TH JUNE 2024","https://www.mmmd.gov.zm/?p=2849"
"Plate Techtonics Zambia Limited","organization","North Western | Eastern","Solwezi | Mwinilunga | Chipata, Lundazi, Mambwe","27379-HQ-LEL | 39030-HQ-SEL | 39029-HQ-SEL | 40703-HQ-LEL","Cancelled | Deferred | Approved | APPROVED","gemstones","2","439","Lead/Limestone (General)/Anhydrite","CANCELLATION OF NON-COMPLIANT MINING AND NON-MINING RIGHTS BY THE MINING LICENSING COMMITTEE (MLC)","https://www.mmmd.gov.zm/?p=2787"
"Point & Line Technology Ltd","organization","Lusaka","Kafue","18919-HQ-SML","Deferred | Approved","construction_materials","1","30","Stone","RESULTS OF THE 81ST MINING LICENSING COMMITTEE (MLC) MEETING HELD ON 31ST JULY, 2024","https://www.mmmd.gov.zm/?p=2923"
"Polo Technologies Import and Exports Limited","organization","North Western","Mufumbwe","32830-HQ-SEL","Approved","gemstones","1","596","Nickel/Manganese/Lithium","RESULTS OF THE 73RD MINING LICENSING COMMITTEE (MLC) MEETING HELD FROM 29TH TO 30TH JUNE 2023","https://www.mmmd.gov.zm/?p=2583"
"Poly In Alliance Limited","organization","Copperbelt","Chingola","36883-HQ-MPL","Deferred | Approved","base_metals","1","3","Copper","RESULTS OF THE 82ND MINING LICENSING COMMITTEE (MLC) MEETING HELD ON 11TH SEPTEMBER, 2024","https://www.mmmd.gov.zm/?p=3378"
"Polyplus Zambia Limited","organization","Central | Lusaka","Chibombo, Mkushi; Lusaka, Chongwe | Serenje | Luangwa | Mkushi; Lusaka, Chongwe","38941-HQ-LEL | 39184-HQ-LEL | 39423-HQ-LEL | 39558-HQ-LEL | 40151-HQ-LEL","APPROVED","gemstones","5","103051","Gold/Cobalt/Copper","RESULTS OF THE 85TH MINING LICENSING COMMITTEE (MLC) MEETING HELD ON 5TH MARCH, 2025","https://www.mmmd.gov.zm/?p=4013"
"Portking Investments Limited","organization","","","27485-HQ-SEL | 27486-HQ-SEL | 27540-HQ-SEL","Cancelled","critical_battery","1","338","Manganese/Quartz/Silver","CANCELLATION OF NON-COMPLIANT MINING AND NON-MINING RIGHTS BY THE MINING LICENSING COMMITTEE (MLC)","https://www.mmmd.gov.zm/?p=2787"
"Pragmatic Investments Limited","organization","Central","Mkushi","33702-HQ-SEL","Approved","gold","1","953","Gold/Silver/Cobalt","RESULTS OF THE 73RD MINING LICENSING COMMITTEE (MLC) MEETING HELD FROM 29TH TO 30TH JUNE 2023","https://www.mmmd.gov.zm/?p=2583"
"Praja Minerals Zambia Limited","organization","Central | Copperbelt","Mumbwa | Masaiti","30857-HQ-SML | 27146-HQ-SEL | 22805-HQ-SEL | 22940-HQ-SEL | 22988-HQ-SEL | 22998-HQ-SEL | 23492-HQ-SEL | 23575-HQ-SEL | 23620-HQ-SEL | 23749-HQ-SEL | 23795-HQ-SEL | 23909-HQ-SEL | 23910-HQ-SEL | 24116-HQ-SEL | 24434-HQ-SEL | 24435-HQ-SEL | 24436-HQ-SEL | 24481-HQ-SEL | 24482-HQ-SEL | 24917-HQ-SEL | 24918-HQ-SEL | 25595-HQ-SML | 25596-HQ-SML | 30858-HQ-SML | 31325-HQ-SML | 22938-HQ-SEL | 22939-HQ-SEL | 22941-HQ-SEL | 22993-HQ-SEL | 24437-HQ-SEL | 22455-HQ-SEL","Rejected | Cancelled | Deferred","gold","1","754","Gold/Silver/Cobalt","REMINDER ON RESULTS OF THE 70TH AND 71ST MINING LICENSING COMMITTEE (MLC) MEETINGS HELD IN FEBRUARY AND MARCH 2023","https://www.mmmd.gov.zm/?p=2555"
"Prasine Mineral Limited","organization","North Western | Northern","Solwezi | Chinsali | Kasempa","37912-HQ-LEL | 38178-HQ-LEL | 38535-HQ-LEL | 38574-HQ-LEL","Deferred","gemstones","5","32279","Gold/Copper/Cobalt","RESULTS OF THE 82ND MINING LICENSING COMMITTEE (MLC) MEETING HELD ON 11TH SEPTEMBER, 2024","https://www.mmmd.gov.zm/?p=3378"
"Preacher Solomon Mwape","person_or_unclassified","North Western","Mwinilunga","37922-HQ-AMR","Approved","gold","1","7","Gold/Copper","RESULTS OF THE 81ST MINING LICENSING COMMITTEE (MLC) MEETING HELD ON 31ST JULY, 2024","https://www.mmmd.gov.zm/?p=2923"
"Precious  Namukonda","person_or_unclassified","Central","Serenje","40194-HQ-AMR","Approved","critical_battery","1","3","Zinc/Manganese/Iron Ore","RESULTS OF THE 87TH MINING LICENSING COMMITTEE (MLC) MEETING HELD ON 7TH MAY, 2025","https://www.mmmd.gov.zm/?p=4069"
"Precious Musonda","person_or_unclassified","Luapula","Mansa","24717-HQ-AMR | 37926-HQ-AMR","Approved","critical_battery","1","7","Sand/Manganese/Zinc","RESULTS OF THE 72ND MINING LICENSING COMMITTEE (MLC) MEETING HELD FROM 17TH TO 22 MAY 2023","https://www.mmmd.gov.zm/?p=2559"
"Precious Transparency Limited","organization","","","7515-HQ-SML","Cancelled","gemstones","1","76","Anhydrite/Tourmaline/Aquamarine","CANCELLATION OF NON-COMPLIANT MINING AND NON-MINING RIGHTS BY THE MINING LICENSING COMMITTEE (MLC)","https://www.mmmd.gov.zm/?p=2787"
"Precise Mining Solutions Limited","organization","Copperbelt | North Western","Chingola | Solwezi","27329-HQ-LEL | 39057-HQ-LEL | 39053-HQ-SEL","Cancelled | DEFERRED | Approved","critical_battery","1","2286","Mineral Sands/Sand/Silver","CANCELLATION OF NON-COMPLIANT MINING AND NON-MINING RIGHTS BY THE MINING LICENSING COMMITTEE (MLC)","https://www.mmmd.gov.zm/?p=2787"
"Prekas Company Limited","organization","North Western","Mwinilunga","26922-HQ-SML | 29974-HQ-LEL","Rejected | REJECTED | Cancelled","gold","3","970","Iron Ore/Gold/Copper","REMINDER ON RESULTS OF THE 70TH AND 71ST MINING LICENSING COMMITTEE (MLC) MEETINGS HELD IN FEBRUARY AND MARCH 2023","https://www.mmmd.gov.zm/?p=2555"
"Premiere Consolidated Mining Limited","organization","North Western | Lusaka","Kasempa | Solwezi | Chongwe","27742-HQ-SEL | 38341-HQ-SEL | 38716-HQ-LEL | 40412-HQ-SML","Cancelled | Approved | Deferred","critical_battery","3","4731","Gold/Copper/Silver","CANCELLATION OF NON-COMPLIANT MINING AND NON-MINING RIGHTS BY THE MINING LICENSING COMMITTEE (MLC)","https://www.mmmd.gov.zm/?p=2787"
"Pretium Resources Limited","organization","Eastern | Lusaka","Chama | Chongwe","33418-HQ-LEL | 33419-HQ-LEL | 36078-HQ-LEL","Rejected","gemstones","2","109911","Anhydrite/Gypsum/Graphite","RESULTS OF THE 74TH MINING LICENSING COMMITTEE (MLC) MEETING HELD FROM 3RD TO 4TH AUGUST 2023","https://www.mmmd.gov.zm/?p=2598"
"Pricems Mining & Trading Limited","organization","North Western","Mwinilunga","29209-HQ-SEL | 37927-HQ-SML","Cancelled | Deferred | Approved","critical_battery","1","563","Iron Ore/Manganese/Silver","CANCELLATION OF NON-COMPLIANT MINING AND NON-MINING RIGHTS BY THE MINING LICENSING COMMITTEE (MLC)","https://www.mmmd.gov.zm/?p=2787"
"Pridegems Mines Limited","organization","Copperbelt | North Western","Mpongwe; North Western, Kasempa | Lufwanyama | Lufwanyama; North Western, Kasempa, Solwezi | Solwezi","30289-HQ-LEL | 35948-HQ-SML | 21499-HQ-LEL | 37453-HQ-LML","Approved | Deferred","gemstones","3","51091","Emerald/Copper/Gold","REMINDER ON RESULTS OF THE 70TH AND 71ST MINING LICENSING COMMITTEE (MLC) MEETINGS HELD IN FEBRUARY AND MARCH 2023","https://www.mmmd.gov.zm/?p=2555"
"Prime  Rock Mining and Logistics Solutions Limited","organization","Central | Copperbelt | North Western","Mkushi | Serenje | Mpongwe | Kasempa","36899-HQ-SEL | 36896-HQ-SEL | 36898-HQ-LEL | 41337-HQ-LEL | 41336-HQ-SEL","Approved","critical_battery","3","7333","Manganese/Gold/Copper","RESULTS OF THE 77TH MINING LICENSING COMMITTEE (MLC) MEETING HELD ON 11TH TO 12TH JANUARY 2024","https://www.mmmd.gov.zm/?p=2675"
"Prime Gold Mining Limited","organization","North Western","Mwinilunga","40980-HQ-LML","REJECTED","critical_battery","1","4982","Iron Ore/Manganese/Silver","RESULTS OF THE 91ST MINING LICENSING COMMITTEE (MLC) MEETING HELD ON 08TH OCTOBER, 2025","https://www.mmmd.gov.zm/?p=6170"
"Prime Marble Ltd","organization","Lusaka","Lusaka","8048-HQ-SML | 8051-HQ-SML","Deferred | Cancelled","industrial_minerals","2","188","Marble/Limestone (General)","RESULTS OF THE 72ND MINING LICENSING COMMITTEE (MLC) MEETING HELD FROM 17TH TO 22 MAY 2023","https://www.mmmd.gov.zm/?p=2559"
"Prime Marble Products","person_or_unclassified","Lusaka","Kafue","8049-HQ-SML | 8050-HQ-SML","Deferred | Cancelled","construction_materials","2","43","Marble/Granite","RESULTS OF THE 72ND MINING LICENSING COMMITTEE (MLC) MEETING HELD FROM 17TH TO 22 MAY 2023","https://www.mmmd.gov.zm/?p=2559"
"PRIMEQUEST MINERALS LIMITED","organization","Southern","Sinazongwe","38016-HQ-LEL","Approved","gemstones","2","7205","Titanium/Nickel/Coal","RESULTS OF THE 81ST MINING LICENSING COMMITTEE (MLC) MEETING HELD ON 31ST JULY, 2024","https://www.mmmd.gov.zm/?p=2923"
"Primerose Resources Zambia Limited","organization","Southern","Sinazongwe","38077-HQ-LEL","","gemstones","3","124986","Lead/Malachite/Nickel","RESULTS OF THE 83RD MINING LICENSING COMMITTEE (MLC) MEETING HELD ON 30TH OCTOBER, 2024","https://www.mmmd.gov.zm/?p=3515"
"prince anwell nyama","person_or_unclassified","Northern","Chinsali","37742-HQ-AMR","Approved","gold","1","2","Gold","RESULTS OF THE 82ND MINING LICENSING COMMITTEE (MLC) MEETING HELD ON 11TH SEPTEMBER, 2024","https://www.mmmd.gov.zm/?p=3378"
"Prince John Kafusha","person_or_unclassified","Northern","Chinsali","36071-HQ-AMR","Approved","gemstones","1","7","Manganese/Quartz/Silver","SUBJECT: RESULTS OF THE 79TH MINING LICENSING COMMITTEE (MLC) MEETING HELD ON 11TH TO 12TH APRIL 2024","https://www.mmmd.gov.zm/?p=2794"
"Prince Muuzu Chinyama","person_or_unclassified","Southern","Kalomo","32543-HQ-AMR","Approved","gemstones","1","7","Lead/Manganese/Zinc","RESULTS OF THE 72ND MINING LICENSING COMMITTEE (MLC) MEETING HELD FROM 17TH TO 22 MAY 2023","https://www.mmmd.gov.zm/?p=2559"
"Princes Nakatindi Wina Wina","person_or_unclassified","Western","Kaoma","12580-HQ-SML","Deferred","construction_materials","1","235","Lightweight Aggregate","RESULTS OF THE 82ND MINING LICENSING COMMITTEE (MLC) MEETING HELD ON 11TH SEPTEMBER, 2024","https://www.mmmd.gov.zm/?p=3378"
"Proactive Youths Construction Limited","organization","Southern","Itezhi Tezhi, Namwala","35457-HQ-SEL","Approved","gemstones","1","1002","Anhydrite/Gypsum/Iron Ore","RESULTS OF THE 77TH MINING LICENSING COMMITTEE (MLC) MEETING HELD ON 11TH TO 12TH JANUARY 2024","https://www.mmmd.gov.zm/?p=2675"
"PROGRESSION YOUTH MULTI PURPOSE COOPERATIVE SOCIETY LIMITED","organization","Central","Mumbwa","39851-HQ-AMR | 39852-HQ-AMR","Approved","gold","2","13","Gold/Copper/Zinc","RESULTS OF THE 85TH MINING LICENSING COMMITTEE (MLC) MEETING HELD ON 5TH MARCH, 2025","https://www.mmmd.gov.zm/?p=4013"
"Project For Agricultural And Individual Development Limited","organization","Central","Mumbwa","30622-HQ-SEL | 28418-HQ-LEL","Approved | Cancelled","critical_battery","1","69","Iron Ore/Manganese/Rare EarthsElements","REMINDER ON RESULTS OF THE 70TH AND 71ST MINING LICENSING COMMITTEE (MLC) MEETINGS HELD IN FEBRUARY AND MARCH 2023","https://www.mmmd.gov.zm/?p=2555"
"Prolight Investment Limited","organization","Luapula","Kawambwa","36479-HQ-SEL","Approved","critical_battery","1","135","Silver/Manganese/Zinc","RESULTS OF THE 81ST MINING LICENSING COMMITTEE (MLC) MEETING HELD ON 31ST JULY, 2024","https://www.mmmd.gov.zm/?p=2923"
"Proquest Minerals and Exploration Limited","organization","North Western","Mwinilunga","32507-HQ-LEL","Approved","gemstones","1","2472","Copper/Gold/Quartz","RESULTS OF THE 77TH MINING LICENSING COMMITTEE (MLC) MEETING HELD ON 11TH TO 12TH JANUARY 2024","https://www.mmmd.gov.zm/?p=2675"
"prosper kamwana","person_or_unclassified","Eastern | North Western","Lundazi | Kasempa, Solwezi","37250-HQ-AMR | 38159-HQ-AMR","Approved","gemstones","2","13","Copper/Cobalt/Gold","RESULTS OF THE 80TH MINING LICENSING COMMITTEE (MLC) MEETING HELD ON 6TH TO 7TH AND 10TH JUNE 2024","https://www.mmmd.gov.zm/?p=2849"
"Provential Investments Limited","organization","Southern","Kalomo | Sinazongwe","26812-HQ-SEL | 26795-HQ-SEL","Approved","gemstones","1","147","Tantalum/Tin/Amethyst","REMINDER ON RESULTS OF THE 70TH AND 71ST MINING LICENSING COMMITTEE (MLC) MEETINGS HELD IN FEBRUARY AND MARCH 2023","https://www.mmmd.gov.zm/?p=2555"
"Prowave  Investments  Limited","organization","North Western | Copperbelt | Central","Mwinilunga | Kalulushi | Mumbwa","38104-HQ-SEL | 38106-HQ-SEL | 38108-HQ-SEL","Approved","gold","2","298","Gold/Copper/Cobalt","RESULTS OF THE 81ST MINING LICENSING COMMITTEE (MLC) MEETING HELD ON 31ST JULY, 2024","https://www.mmmd.gov.zm/?p=2923"
"Proximity Mining and Engineering Company Ltd","organization","Copperbelt","Lufwanyama","16745-HQ-SML | 15974-HQ-SML","Cancelled | Rejected","gemstones","2","284","Tourmaline/Emerald/Beryllium","CANCELLATION OF NON-COMPLIANT MINING AND NON-MINING RIGHTS BY THE MINING LICENSING COMMITTEE (MLC)","https://www.mmmd.gov.zm/?p=2787"
"Prudence Chinama","person_or_unclassified","Luapula","Mwense | Milenge","33723-HQ-AMR | 33725-HQ-AMR","Approved","critical_battery","1","7","Iron Ore/Manganese/Gold","RESULTS OF THE 72ND MINING LICENSING COMMITTEE (MLC) MEETING HELD FROM 17TH TO 22 MAY 2023","https://www.mmmd.gov.zm/?p=2559"
"Psalms Auto Spares Limited","organization","","","28499-HQ-SEL | 28496-HQ-SEL | 28497-HQ-SEL | 28498-HQ-LEL","Cancelled","gold","3","2720","Iron Ore/Silver/Zinc","CANCELLATION OF NON-COMPLIANT MINING AND NON-MINING RIGHTS BY THE MINING LICENSING COMMITTEE (MLC)","https://www.mmmd.gov.zm/?p=2787"
"PSI MINING LIMITED","organization","Copperbelt","Kitwe, Mufulira, Ndola","39460-HQ-LEL","Approved","critical_battery","1","27296","Malachite/Nickel/Zinc","RESULTS OF THE 84TH MINING LICENSING COMMITTEE (MLC) MEETING HELD ON 12TH DECEMBER, 2024","https://www.mmmd.gov.zm/?p=3780"
"Pssreddy Mining Limited","organization","Copperbelt | North Western | Central","Lufwanyama | Solwezi | Mkushi","32270-HQ-LEL | 32728-HQ-LEL | 32827-HQ-SEL | 37808-HQ-LEL","Approved","gemstones","4","20611","Zinc/Lead/Gold","RESULTS OF THE 72ND MINING LICENSING COMMITTEE (MLC) MEETING HELD FROM 17TH TO 22 MAY 2023","https://www.mmmd.gov.zm/?p=2559"
"Puissance Resources Limited","organization","Central | Southern","Kabwe | Kalomo","31228-HQ-SEL | 41855-HQ-SEL","Approved","critical_battery","1","480","Limestone (General)/Manganese/Zinc","REMINDER ON RESULTS OF THE 70TH AND 71ST MINING LICENSING COMMITTEE (MLC) MEETINGS HELD IN FEBRUARY AND MARCH 2023","https://www.mmmd.gov.zm/?p=2555"
"Pule Grace","person_or_unclassified","Copperbelt","Mpongwe","24257-HQ-AMR","","gemstones","1","7","Quartz/Tourmaline/Beryllium","REMINDER ON RESULTS OF THE 70TH AND 71ST MINING LICENSING COMMITTEE (MLC) MEETINGS HELD IN FEBRUARY AND MARCH 2023","https://www.mmmd.gov.zm/?p=2555"
"Pum Copper Mining Limited","organization","Copperbelt","Chililabombwe","36822-HQ-SEL","Approved","gold","1","210","Gold/Zinc/Copper","RESULTS OF THE 82ND MINING LICENSING COMMITTEE (MLC) MEETING HELD ON 11TH SEPTEMBER, 2024","https://www.mmmd.gov.zm/?p=3378"
"pumbaa ventures limited","organization","North Western | Central","Mwinilunga | Chibombo, Mumbwa | Chibombo","38028-HQ-LEL | 38157-HQ-LEL | 38135-HQ-LEL","Approved | REJECTED","critical_battery","2","68971","Iron Ore/Copper/Cobalt","RESULTS OF THE 81ST MINING LICENSING COMMITTEE (MLC) MEETING HELD ON 31ST JULY, 2024","https://www.mmmd.gov.zm/?p=2923"
"Pure Stone Mining Limited","organization","Central | Northern","Mumbwa | Chinsali","38788-HQ-SEL | 39712-HQ-MPL | 40429-HQ-SML | 40430-HQ-SML","Deferred","gold","1","564","Gold/Iron Ore/Cobalt","RESULTS OF THE 83RD MINING LICENSING COMMITTEE (MLC) MEETING HELD ON 30TH OCTOBER, 2024","https://www.mmmd.gov.zm/?p=3515"
"Purple Pegmine Limited","organization","","","25345-HQ-SML | 26633-HQ-SML","Cancelled","gemstones","2","723","Quartz/Silica/Tourmaline","CANCELLATION OF NON-COMPLIANT MINING AND NON-MINING RIGHTS BY THE MINING LICENSING COMMITTEE (MLC)","https://www.mmmd.gov.zm/?p=2787"
"Puza Investments Limited","organization","Central","Serenje","36241-HQ-SEL","Approved","gemstones","1","33","Manganese/Niobium (Columbium)/Limestone (General)","RESULTS OF THE 81ST MINING LICENSING COMMITTEE (MLC) MEETING HELD ON 31ST JULY, 2024","https://www.mmmd.gov.zm/?p=2923"
"Pydustone Resources Limited","organization","North Western","Kabompo","38543-HQ-LEL","Approved","gemstones","1","12486","Lead/Iron Ore/Zinc","RESULTS OF THE 82ND MINING LICENSING COMMITTEE (MLC) MEETING HELD ON 11TH SEPTEMBER, 2024","https://www.mmmd.gov.zm/?p=3378"
"Qayshuan International Zambia Limited","organization","Central","Mumbwa","33469-HQ-LEL","Approved","critical_battery","1","1479","Iron Ore/Nickel/Gold","RESULTS OF THE 76TH MINING LICENSING COMMITTEE (MLC) MEETING HELD ON 17TH AND 20TH NOVEMBER 2023","https://www.mmmd.gov.zm/?p=2640"
"Qomolangma Resources Limited","organization","Central | North Western","Mkushi | Solwezi | Mumbwa","35013-HQ-SEL | 35015-HQ-SEL | 35014-HQ-SEL | 34811-HQ-SEL","Approved | Deferred | Rejected | DEFERRED","critical_battery","2","220","Tin/Zinc/Copper","RESULTS OF THE 76TH MINING LICENSING COMMITTEE (MLC) MEETING HELD ON 17TH AND 20TH NOVEMBER 2023","https://www.mmmd.gov.zm/?p=2640"
"Quality Beef Trading and General Dealers Limited","organization","North Western","Mufumbwe | Kabompo","39430-HQ-LEL | 39651-HQ-LEL","Approved | APPROVED","critical_battery","1","14906","Malachite/Limestone (General)/Nickel","RESULTS OF THE 84TH MINING LICENSING COMMITTEE (MLC) MEETING HELD ON 12TH DECEMBER, 2024","https://www.mmmd.gov.zm/?p=3780"
"Quality Circles General Trade Limited","organization","Luapula","Mansa","33696-HQ-LEL","Deferred","critical_battery","1","19863","Manganese/Copper/Cobalt","RESULTS OF THE 73RD MINING LICENSING COMMITTEE (MLC) MEETING HELD FROM 29TH TO 30TH JUNE 2023","https://www.mmmd.gov.zm/?p=2583"
"Quantella Resources Limited","organization","North Western | Northern","Mufumbwe | Mpika","37048-HQ-LEL | 41193-HQ-SEL","Approved","critical_battery","1","2551","Rare EarthsElements/Nickel/Zinc","SUBJECT: RESULTS OF THE 79TH MINING LICENSING COMMITTEE (MLC) MEETING HELD ON 11TH TO 12TH APRIL 2024","https://www.mmmd.gov.zm/?p=2794"
"quantum Leap Mining Limited","organization","North Western","Solwezi","32727-HQ-SEL","Approved","base_metals","1","441","Copper/Cobalt","RESULTS OF THE 72ND MINING LICENSING COMMITTEE (MLC) MEETING HELD FROM 17TH TO 22 MAY 2023","https://www.mmmd.gov.zm/?p=2559"
"Queludha Limited","organization","Copperbelt","Mpongwe","29743-HQ-SML | 29938-HQ-SEL","Rejected | Cancelled","gold","1","596","Silica/Iron Ore/Zinc","REMINDER ON RESULTS OF THE 70TH AND 71ST MINING LICENSING COMMITTEE (MLC) MEETINGS HELD IN FEBRUARY AND MARCH 2023","https://www.mmmd.gov.zm/?p=2555"
"Quick Copper Mining Limited","organization","North Western","Mufumbwe","29051-HQ-LEL","Approved","critical_battery","1","1498","Iron Ore/Silver/Tin","RESULTS OF THE 91ST MINING LICENSING COMMITTEE (MLC) MEETING HELD ON 08TH OCTOBER, 2025","https://www.mmmd.gov.zm/?p=6170"
"QUICK SQUAD MULTI-PURPOSE COOPERATIVE LIMITED","organization","Northern | Central","Mpika | Mumbwa | Chinsali","39809-HQ-AMR | 39853-HQ-AMR | 39806-HQ-AMR | 39807-HQ-AMR","Approved | Deferred","gold","2","13","Copper/Cobalt/Gold","RESULTS OF THE 85TH MINING LICENSING COMMITTEE (MLC) MEETING HELD ON 5TH MARCH, 2025","https://www.mmmd.gov.zm/?p=4013"
"QUICK SQUADMULTI-PURPOSE COOPERATIVE LIMITED","organization","Central","Mkushi","38757-HQ-AMR","Approved","critical_battery","1","7","Manganese/Quartz/Copper","RESULTS OF THE 84TH MINING LICENSING COMMITTEE (MLC) MEETING HELD ON 12TH DECEMBER, 2024","https://www.mmmd.gov.zm/?p=3780"
"Qwatu Construction Limited","organization","North Western","Kasempa","37101-HQ-SEL","Approved","critical_battery","1","948","Iron Ore/Lead/Nickel","RESULTS OF THE 77TH MINING LICENSING COMMITTEE (MLC) MEETING HELD ON 11TH TO 12TH JANUARY 2024","https://www.mmmd.gov.zm/?p=2675"
"R and R Matunga Logistics Limited","organization","","","28083-HQ-LEL | 23072-HQ-SEL | 27994-HQ-SEL","Cancelled","critical_battery","2","20752","Gold/Silver/Cobalt","CANCELLATION OF NON-COMPLIANT MINING AND NON-MINING RIGHTS BY THE MINING LICENSING COMMITTEE (MLC)","https://www.mmmd.gov.zm/?p=2787"
"Raah Women Mining Enterprises","organization","Luapula","Mansa, Samfya; Northern, Luwingu","31502-HQ-LML","Deferred | Approved","critical_battery","1","24855","Manganese/Copper/Cobalt","RESULTS OF THE 76TH MINING LICENSING COMMITTEE (MLC) MEETING HELD ON 17TH AND 20TH NOVEMBER 2023","https://www.mmmd.gov.zm/?p=2640"
"Rabya Machining Ltd","organization","Copperbelt","Mufulira","18440-HQ-SML","APPROVED","industrial_minerals","1","254","Silica/Sand and Gravel/Quartz","RESULTS OF THE EXTRA ORDINARY MINING LICENSING COMMITTEE (MLC) MEETING HELD ON 27TH OCTOBER 2023","https://www.mmmd.gov.zm/?p=2626"
"Racheal Mubanga Mwilwa","person_or_unclassified","Central","Kapiri Mposhi","27258-HQ-AMR","","critical_battery","1","7","Manganese/Silver/Iron Ore","REMINDER ON RESULTS OF THE 70TH AND 71ST MINING LICENSING COMMITTEE (MLC) MEETINGS HELD IN FEBRUARY AND MARCH 2023","https://www.mmmd.gov.zm/?p=2555"
"Radiant King Mining Zambia Limited","organization","Southern","Itezhi Tezhi","37024-HQ-LEL","Approved","gemstones","2","35544","Manganese/Iron Ore/Rare EarthsElements","SUBJECT: RESULTS OF THE 79TH MINING LICENSING COMMITTEE (MLC) MEETING HELD ON 11TH TO 12TH APRIL 2024","https://www.mmmd.gov.zm/?p=2794"
"Rahmid Engineering Limited","organization","North Western","Mufumbwe","38497-HQ-LEL","Approved","gold","1","10762","Gold/Copper/Cobalt","RESULTS OF THE 82ND MINING LICENSING COMMITTEE (MLC) MEETING HELD ON 11TH SEPTEMBER, 2024","https://www.mmmd.gov.zm/?p=3378"
"Rainsun Allena Mining Limited","organization","Southern | North Western | Northern","Mazabuka | Solwezi | Mpika | Kabompo, Mwinilunga","38565-HQ-LEL | 39657-HQ-LEL | 39826-HQ-LEL | 40042-HQ-SEL | 40481-HQ-LEL | 39932-HQ-SEL","Approved | APPROVED | Rejected | Deferred","gemstones","3","29991","Gold/Copper/Cobalt","RESULTS OF THE 82ND MINING LICENSING COMMITTEE (MLC) MEETING HELD ON 11TH SEPTEMBER, 2024","https://www.mmmd.gov.zm/?p=3378"
"Rajeev Minerals Limited","organization","Central","Kapiri Mposhi | Mkushi | Kabwe, Kapiri Mposhi","26969-HQ-LEL | 26971-HQ-LEL | 26972-HQ-LEL","DEFERRED | Deferred | Rejected | Approved","critical_battery","4","34360","Limestone (General)/Iron Ore/Molding","RESULTS OF THE 85TH MINING LICENSING COMMITTEE (MLC) MEETING HELD ON 5TH MARCH, 2025","https://www.mmmd.gov.zm/?p=4013"
"Rajeshwari Resources Limited","organization","","","28196-HQ-SEL | 28219-HQ-SEL | 28315-HQ-SEL","Cancelled","critical_battery","3","1471","Lead/Manganese/Zinc","CANCELLATION OF NON-COMPLIANT MINING AND NON-MINING RIGHTS BY THE MINING LICENSING COMMITTEE (MLC)","https://www.mmmd.gov.zm/?p=2787"
"Rajnish Sharma","person_or_unclassified","Central","Mumbwa","39933-HQ-AMR","Rejected","gemstones","1","7","Lead/Gold/Zinc","RESULTS OF THE 87TH MINING LICENSING COMMITTEE (MLC) MEETING HELD ON 7TH MAY, 2025","https://www.mmmd.gov.zm/?p=4069"
"Ralphjoe Ferro Alloy Limited","organization","Eastern | Northern","Chama | Isoka","39269-HQ-LEL | 39262-HQ-SEL | 39256-HQ-SEL","Approved | APPROVED","gemstones","1","368","Tourmaline/Niobium (Columbium)/Zirconium","RESULTS OF THE 84TH MINING LICENSING COMMITTEE (MLC) MEETING HELD ON 12TH DECEMBER, 2024","https://www.mmmd.gov.zm/?p=3780"
"Ramada Trade Investment Limited","organization","Central","Mumbwa","38709-HQ-SEL","Approved","gold","1","96","Gold/Copper/Cobalt","RESULTS OF THE 84TH MINING LICENSING COMMITTEE (MLC) MEETING HELD ON 12TH DECEMBER, 2024","https://www.mmmd.gov.zm/?p=3780"
"Ramfield Mining Limited","organization","Copperbelt | Eastern","Lufwanyama | Nyimba","33154-HQ-SML | 33882-HQ-SML | 23283-HQ-LEL | 40681-HQ-SML","Rejected | Approved | deferred | APPROVED","gemstones","1","171","Emerald/Beryllium","RESULTS OF THE 77TH MINING LICENSING COMMITTEE (MLC) MEETING HELD ON 11TH TO 12TH JANUARY 2024","https://www.mmmd.gov.zm/?p=2675"
"Ramoji Resources Limited","organization","","","22551-HQ-MPL","Cancelled","base_metals","1","13","Copper","CANCELLATION OF NON-COMPLIANT MINING AND NON-MINING RIGHTS BY THE MINING LICENSING COMMITTEE (MLC)","https://www.mmmd.gov.zm/?p=2787"
"Ramt Mining Zambia Limited","organization","Southern | Central | Northern","Kalomo | Mkushi | Chinsali, Mpika","32360-HQ-SEL | 32934-HQ-SEL | 39296-HQ-SEL | 39610-HQ-LEL | 39755-HQ-SEL | 41313-HQ-SEL","Approved | DEFERRED","gemstones","3","30221","Gold/Cobalt/Copper","RESULTS OF THE 72ND MINING LICENSING COMMITTEE (MLC) MEETING HELD FROM 17TH TO 22 MAY 2023","https://www.mmmd.gov.zm/?p=2559"
"Randn Cooperate Zambia Limited","organization","Lusaka | Central | North Western","Chongwe | Serenje | Mwinilunga","35173-HQ-LEL | 34139-HQ-LEL | 32046-HQ-SEL","Approved | Deferred | Rejected","critical_battery","2","31299","Nickel/Anhydrite/Zinc","RESULTS OF THE 76TH MINING LICENSING COMMITTEE (MLC) MEETING HELD ON 17TH AND 20TH NOVEMBER 2023","https://www.mmmd.gov.zm/?p=2640"
"Rankin Enineering Consultants","person_or_unclassified","Northern","Kasama, Mporokoso | Kasama, Luwingu","32717-HQ-LEL | 32716-HQ-LEL","Approved | REJECTED","gold","1","19203","Silver/Gold/Copper","RESULTS OF THE 73RD MINING LICENSING COMMITTEE (MLC) MEETING HELD FROM 29TH TO 30TH JUNE 2023","https://www.mmmd.gov.zm/?p=2583"
"RANONG MINING AND MINERALS COMPANY LIMITED","organization","Southern","Choma, Sinazongwe","40180-HQ-LEL | 40442-HQ-LEL | 41321-HQ-LML","APPROVED | Rejected","gemstones","2","16283","Malachite/Lead/Tin","RESULTS OF THE 87TH MINING LICENSING COMMITTEE (MLC) MEETING HELD ON 7TH MAY, 2025","https://www.mmmd.gov.zm/?p=4069"
"Raphael Mbao","person_or_unclassified","Central","Mkushi","15465-HQ-SML | 27833-HQ-AMR","Cancelled | Approved","construction_materials","1","7","Stone/Sand and Gravel/Granite","CANCELLATION OF NON-COMPLIANT MINING AND NON-MINING RIGHTS BY THE MINING LICENSING COMMITTEE (MLC)","https://www.mmmd.gov.zm/?p=2787"
"Raptor Mining Limited","organization","Eastern","Lundazi","39232-HQ-SEL","Approved","gemstones","1","998","Gold/Silver/Tourmaline","RESULTS OF THE 84TH MINING LICENSING COMMITTEE (MLC) MEETING HELD ON 12TH DECEMBER, 2024","https://www.mmmd.gov.zm/?p=3780"
"Rarefind Zambia Limited","organization","Southern","Choma, Sinazongwe","26769-HQ-SEL | 26680-HQ-SEL | 26534-HQ-LEL | 26473-HQ-LEL","Cancelled","critical_battery","1","229","Tin/Tantalum","REMINDER ON RESULTS OF THE 70TH AND 71ST MINING LICENSING COMMITTEE (MLC) MEETINGS HELD IN FEBRUARY AND MARCH 2023","https://www.mmmd.gov.zm/?p=2555"
"Rayn Mining Limited","organization","","","8055-HQ-SML","Cancelled","gemstones","1","333","Gold/Malachite/Quartz","CANCELLATION OF NON-COMPLIANT MINING AND NON-MINING RIGHTS BY THE MINING LICENSING COMMITTEE (MLC)","https://www.mmmd.gov.zm/?p=2787"
"Real Oil Investment Limited","organization","Central","Mumbwa","38517-HQ-MPL","Deferred | Approved","gold","1","13","Silver/Zinc/Iron Ore","RESULTS OF THE 83RD MINING LICENSING COMMITTEE (MLC) MEETING HELD ON 30TH OCTOBER, 2024","https://www.mmmd.gov.zm/?p=3515"
"Reality Real Estate Limited","organization","Copperbelt","Lufwanyama","32033-HQ-SEL | 35974-HQ-SEL","APPROVED | Approved","gemstones","2","127","Emerald/Beryllium","RESULTS OF THE 75TH MINING LICENSING COMMITTEE (MLC) MEETING HELD FROM 27TH TO 29TH SEPTEMBER 2023","https://www.mmmd.gov.zm/?p=2618"
"Rech Mining Limited","organization","Copperbelt","Lufwanyama","34243-HQ-SEL","APPROVED","gemstones","1","67","Emerald/Beryllium","RESULTS OF THE 75TH MINING LICENSING COMMITTEE (MLC) MEETING HELD FROM 27TH TO 29TH SEPTEMBER 2023","https://www.mmmd.gov.zm/?p=2618"
"Red Bell Construction Limited","organization","Lusaka","Kafue; Southern, Siavonga","37484-HQ-LEL","Approved","gemstones","1","1063","Manganese/Nickel/Iron Ore","RESULTS OF THE 82ND MINING LICENSING COMMITTEE (MLC) MEETING HELD ON 11TH SEPTEMBER, 2024","https://www.mmmd.gov.zm/?p=3378"
"Red Copper Resources Limited","organization","Copperbelt","Mufulira","30354-HQ-SEL | 30357-HQ-SEL","Approved | Cancelled","critical_battery","3","1255","Silver/Gold/Copper","REMINDER ON RESULTS OF THE 70TH AND 71ST MINING LICENSING COMMITTEE (MLC) MEETINGS HELD IN FEBRUARY AND MARCH 2023","https://www.mmmd.gov.zm/?p=2555"
"RED HEARTY MINING COMPANY LIMITED","organization","Southern","Siavonga | Mazabuka","38151-HQ-LEL | 38154-HQ-LEL | 38149-HQ-SEL","Deferred | Approved","critical_battery","3","4157","Iron Ore/Silver/Nickel","RESULTS OF THE 81ST MINING LICENSING COMMITTEE (MLC) MEETING HELD ON 31ST JULY, 2024","https://www.mmmd.gov.zm/?p=2923"
"Red Rats Minerals Limited","organization","North Western","Mwinilunga","37959-HQ-LEL","Approved","critical_battery","1","13624","Iron Ore/Manganese/Nickel","RESULTS OF THE 82ND MINING LICENSING COMMITTEE (MLC) MEETING HELD ON 11TH SEPTEMBER, 2024","https://www.mmmd.gov.zm/?p=3378"
"Red Sea Resources Zambia Limited","organization","Copperbelt | Northern | Southern","Lufwanyama; North Western, Solwezi | Mungwi | Siavonga | Chinsali, Mungwi, Nakonde","32126-HQ-LEL | 32463-HQ-LEL | 33267-HQ-LEL | 34195-HQ-LEL","Approved | Deferred","critical_battery","3","78163","Lead/Manganese/Gold","RESULTS OF THE 72ND MINING LICENSING COMMITTEE (MLC) MEETING HELD FROM 17TH TO 22 MAY 2023","https://www.mmmd.gov.zm/?p=2559"
"Redeem Investments Company Limited","organization","Central","Mumbwa","37182-HQ-MPL","Approved","gold","1","13","Gold","RESULTS OF THE 77TH MINING LICENSING COMMITTEE (MLC) MEETING HELD ON 11TH TO 12TH JANUARY 2024","https://www.mmmd.gov.zm/?p=2675"
"Redfern Technical Services Limited","organization","Lusaka | North Western | Central | Eastern | Northern","Chongwe | Mwinilunga | Mumbwa | Nyimba | Chinsali","37398-HQ-SEL | 37399-HQ-SEL | 37402-HQ-SEL | 37534-HQ-LEL | 37414-HQ-SEL","Approved","gemstones","5","8394","Iron Ore/Lead/Silver","SUBJECT: RESULTS OF THE 79TH MINING LICENSING COMMITTEE (MLC) MEETING HELD ON 11TH TO 12TH APRIL 2024","https://www.mmmd.gov.zm/?p=2794"
"Redspot Intertrade Limited","organization","Copperbelt","Masaiti","34228-HQ-LEL","","critical_battery","1","8265","Lead/Iron Ore/Lithium","RESULTS OF THE 74TH MINING LICENSING COMMITTEE (MLC) MEETING HELD FROM 3RD TO 4TH AUGUST 2023","https://www.mmmd.gov.zm/?p=2598"
"REDSTONE MACHINERY COMPANY","organization","North Western","Solwezi","36015-HQ-SEL | 36011-HQ-SEL","Approved","critical_battery","2","1883","Manganese/Rare EarthsElements/Zinc","RESULTS OF THE 78TH MINING LICENSING COMMITTEE (MLC) MEETING HELD ON 27TH FEBRUARY TO 1ST MARCH 2024","https://www.mmmd.gov.zm/?p=2785"
"Redstone Resources Limited","organization","Central","Chibombo | Mumbwa","38188-HQ-MPL | 38591-HQ-SEL | 38620-HQ-SEL","Approved","critical_battery","3","1849","Gold/Copper/Zinc","RESULTS OF THE 81ST MINING LICENSING COMMITTEE (MLC) MEETING HELD ON 31ST JULY, 2024","https://www.mmmd.gov.zm/?p=2923"
"Regal Ferro Alloys Limited","organization","Central","Mkushi | Mkushi; Copperbelt, Masaiti | Serenje","29847-HQ-LEL | 30047-HQ-LEL | 30552-HQ-MPL","Approved","critical_battery","2","11056","Manganese/Silver/Iron Ore","REMINDER ON RESULTS OF THE 70TH AND 71ST MINING LICENSING COMMITTEE (MLC) MEETINGS HELD IN FEBRUARY AND MARCH 2023","https://www.mmmd.gov.zm/?p=2555"
"Remmy Contractors And General Dealers Limited","organization","Northern","Mpika","19630-HQ-SML","Cancelled | Deferred","gemstones","1","40","Quartz/Aquamarine","CANCELLATION OF NON-COMPLIANT MINING AND NON-MINING RIGHTS BY THE MINING LICENSING COMMITTEE (MLC)","https://www.mmmd.gov.zm/?p=2787"
"Remy Mbanji Kasonteka","person_or_unclassified","Northern","Mpika","33873-HQ-AMR","Approved","critical_battery","1","7","Manganese/Quartz/Copper","RESULTS OF THE 76TH MINING LICENSING COMMITTEE (MLC) MEETING HELD ON 17TH AND 20TH NOVEMBER 2023","https://www.mmmd.gov.zm/?p=2640"
"RENES MINING LIMITED","organization","Southern","Sinazongwe","39773-HQ-SEL | 39603-HQ-SEL","Approved","gemstones","2","631","Copper/Zinc/Tourmaline","RESULTS OF THE 85TH MINING LICENSING COMMITTEE (MLC) MEETING HELD ON 5TH MARCH, 2025","https://www.mmmd.gov.zm/?p=4013"
"RENO HILLS GENERAL DEALERS LIMITED","organization","Eastern","Chipata","39735-HQ-LEL","APPROVED","gemstones","1","21917","Quartz/Mica/Zinc","RESULTS OF THE 85TH MINING LICENSING COMMITTEE (MLC) MEETING HELD ON 5TH MARCH, 2025","https://www.mmmd.gov.zm/?p=4013"
"replica ndaba situnya","person_or_unclassified","Northern | North Western | Central","Mpika | Mwinilunga | Chinsali | Mumbwa","37500-HQ-AMR | 37504-HQ-AMR | 37508-HQ-AMR | 37741-HQ-AMR | 37568-HQ-AMR","Approved","gold","4","27","Gold","RESULTS OF THE 81ST MINING LICENSING COMMITTEE (MLC) MEETING HELD ON 31ST JULY, 2024","https://www.mmmd.gov.zm/?p=2923"
"Reuben Chama","person_or_unclassified","Lusaka","Kafue","22083-HQ-AMR","","gold","1","7","Gold","REMINDER ON RESULTS OF THE 70TH AND 71ST MINING LICENSING COMMITTEE (MLC) MEETINGS HELD IN FEBRUARY AND MARCH 2023","https://www.mmmd.gov.zm/?p=2555"
"Reymans Mining Zambia Limited","organization","Central | Southern | Northern | Eastern","Mumbwa | Namwala | Mungwi | Kalomo | Lundazi","38460-HQ-MPL | 40137-HQ-LEL | 40202-HQ-LEL | 40230-HQ-LEL | 40243-HQ-LEL | 40244-HQ-LEL","Approved | DEFERRED | Deferred","gemstones","3","6567","Gold/Silica/Iron Ore","RESULTS OF THE 83RD MINING LICENSING COMMITTEE (MLC) MEETING HELD ON 30TH OCTOBER, 2024","https://www.mmmd.gov.zm/?p=3515"
"RHEMA MINING COOPERATIVE SOCIETY LIMITED","organization","Central","Mumbwa","40413-HQ-AMR | 40498-HQ-AMR","Approved","critical_battery","1","7","Malachite/Lead/Zinc","RESULTS OF THE 88TH MINING LICENSING COMMITTEE (MLC) MEETING HELD ON 30TH MAY, 2025","https://www.mmmd.gov.zm/?p=4111"
"Rhodah Tembo","person_or_unclassified","Central | Eastern","Mkushi | Nyimba","27025-HQ-AMR | 27339-HQ-AMR","Approved on Condition | APPROVED","construction_materials","3","20","Stone/Ball Clay/Clay (General)","REMINDER ON RESULTS OF THE 70TH AND 71ST MINING LICENSING COMMITTEE (MLC) MEETINGS HELD IN FEBRUARY AND MARCH 2023","https://www.mmmd.gov.zm/?p=2555"
"Richard Kombe","person_or_unclassified","North Western | Copperbelt","Solwezi | Lufwanyama","26915-HQ-AMR | 35758-HQ-AMR","Approved","gemstones","1","7","Emerald/Quartz/Tourmaline","REMINDER ON RESULTS OF THE 70TH AND 71ST MINING LICENSING COMMITTEE (MLC) MEETINGS HELD IN FEBRUARY AND MARCH 2023","https://www.mmmd.gov.zm/?p=2555"
"Richard Lubinda","person_or_unclassified","Central","Mumbwa","39532-HQ-AMR","Approved","gold","1","7","Gold/Copper","RESULTS OF THE 85TH MINING LICENSING COMMITTEE (MLC) MEETING HELD ON 5TH MARCH, 2025","https://www.mmmd.gov.zm/?p=4013"
"Richard Mabvuto Zulu","person_or_unclassified","Central | Copperbelt","Chibombo | Masaiti","27019-HQ-AMR | 27020-HQ-AMR","Approved | Deferred","construction_materials","4","26","Sandstone/Stone/Ball Clay","RESULTS OF THE 72ND MINING LICENSING COMMITTEE (MLC) MEETING HELD FROM 17TH TO 22 MAY 2023","https://www.mmmd.gov.zm/?p=2559"
"Richard Mwanza","person_or_unclassified","Eastern","Nyimba","30198-HQ-AMR","","gemstones","3","20","Copper/Cobalt/Niobium (Columbium)","REMINDER ON RESULTS OF THE 70TH AND 71ST MINING LICENSING COMMITTEE (MLC) MEETINGS HELD IN FEBRUARY AND MARCH 2023","https://www.mmmd.gov.zm/?p=2555"
"richard nguvulu kasoma","person_or_unclassified","North Western","Chavuma","39180-HQ-AMR","Approved","gold","1","7","Gold/Copper","RESULTS OF THE 84TH MINING LICENSING COMMITTEE (MLC) MEETING HELD ON 12TH DECEMBER, 2024","https://www.mmmd.gov.zm/?p=3780"
"Richard Saiti Kambulu","person_or_unclassified","Southern","Kalomo | Kazungula","14683-HQ-SML | 36437-HQ-AMR | 36373-HQ-AMR | 37003-HQ-AMR","Cancelled | Approved","critical_battery","3","20","Gold/Copper/Tantalum","CANCELLATION OF NON-COMPLIANT MINING AND NON-MINING RIGHTS BY THE MINING LICENSING COMMITTEE (MLC)","https://www.mmmd.gov.zm/?p=2787"
"Richard Viyuyi","person_or_unclassified","Central","Chibombo","39227-HQ-AMR","Approved","gold","1","7","Iron Ore/Gold/Copper","RESULTS OF THE 85TH MINING LICENSING COMMITTEE (MLC) MEETING HELD ON 5TH MARCH, 2025","https://www.mmmd.gov.zm/?p=4013"
"Ridochi Mining Limited","organization","Southern","Siavonga","37290-HQ-SEL","Approved","gemstones","1","933","Gypsum/Gold/Quartz","RESULTS OF THE 78TH MINING LICENSING COMMITTEE (MLC) MEETING HELD ON 27TH FEBRUARY TO 1ST MARCH 2024","https://www.mmmd.gov.zm/?p=2785"
"Rigid Engine Recondition Limited","organization","Eastern | Northern","Chama; Northern, Chinsali, Isoka | Isoka | Chama; Northern, Isoka","32693-HQ-LEL | 33431-HQ-LEL | 32694-HQ-LEL","Approved | Deferred | DEFERRED","critical_battery","2","91235","Iron Ore/Manganese/Copper","RESULTS OF THE 78TH MINING LICENSING COMMITTEE (MLC) MEETING HELD ON 27TH FEBRUARY TO 1ST MARCH 2024","https://www.mmmd.gov.zm/?p=2785"
"Rigo Minerals Company Limited","organization","Southern","Gwembe, Siavonga","32258-HQ-LEL","Deferred","critical_battery","1","8007","Silver/Zinc/Nickel","RESULTS OF THE 73RD MINING LICENSING COMMITTEE (MLC) MEETING HELD FROM 29TH TO 30TH JUNE 2023","https://www.mmmd.gov.zm/?p=2583"
"Rimond Mining Resources Limited","organization","Lusaka","Chongwe","34394-HQ-SEL","APPROVED","gold","1","982","Gold/Iron Ore/Cobalt","RESULTS OF THE 75TH MINING LICENSING COMMITTEE (MLC) MEETING HELD FROM 27TH TO 29TH SEPTEMBER 2023","https://www.mmmd.gov.zm/?p=2618"
"Rio Resources Zambia Limited","organization","Central | Luapula","Serenje; Northern, Mpika | Mansa","30795-HQ-LEL | 30796-HQ-LEL | 29802-HQ-SML | 29801-HQ-SML | 28319-HQ-LEL | 28320-HQ-LEL | 37619-HQ-LML","Deferred | Cancelled | Approved","critical_battery","7","30759","Manganese/Cobalt/Zinc","REMINDER ON RESULTS OF THE 70TH AND 71ST MINING LICENSING COMMITTEE (MLC) MEETINGS HELD IN FEBRUARY AND MARCH 2023","https://www.mmmd.gov.zm/?p=2555"
"Rio Tinto Exploration Zambia Limited","organization","North Western | Eastern | Central","Solwezi | Chama; Northern, Chinsali | Kapiri Mposhi","28911-HQ-LEL | 34061-HQ-LEL | 28840-HQ-LEL | 30149-HQ-LEL","Cancelled | Approved | Deferred","critical_battery","2","28876","Gold/Manganese/Cobalt","REMINDER ON RESULTS OF THE 70TH AND 71ST MINING LICENSING COMMITTEE (MLC) MEETINGS HELD IN FEBRUARY AND MARCH 2023","https://www.mmmd.gov.zm/?p=2555"
"Rio Tinto Exploration Zambia Ltd","organization","North Western | Eastern | Central","Solwezi | Chama; Northern, Chinsali | Kapiri Mposhi","28911-HQ-LEL | 34061-HQ-LEL | 28840-HQ-LEL | 30149-HQ-LEL","Cancelled | Approved | Deferred","gemstones","1","18514","Rare EarthsElements/Niobium (Columbium)/Nickel","REMINDER ON RESULTS OF THE 70TH AND 71ST MINING LICENSING COMMITTEE (MLC) MEETINGS HELD IN FEBRUARY AND MARCH 2023","https://www.mmmd.gov.zm/?p=2555"
"Risers Mining Cooperative Society Limited","organization","Luapula","Mansa","33998-HQ-AMR","Approved","critical_battery","1","7","Lead/Manganese/Gold","RESULTS OF THE 73RD MINING LICENSING COMMITTEE (MLC) MEETING HELD FROM 29TH TO 30TH JUNE 2023","https://www.mmmd.gov.zm/?p=2583"
"Rishi Resources Limited","organization","Luapula","Mansa, Mwense","31279-HQ-LEL","","critical_battery","1","25880","Manganese","REMINDER ON RESULTS OF THE 70TH AND 71ST MINING LICENSING COMMITTEE (MLC) MEETINGS HELD IN FEBRUARY AND MARCH 2023","https://www.mmmd.gov.zm/?p=2555"
"Rising Mines Limited","organization","Lusaka | Central","Chongwe | Kapiri Mposhi","24441-HQ-LEL | 24440-HQ-LEL","REJECTED | Approved","critical_battery","3","10028","Iron Ore/Manganese/Zinc","RESULTS OF THE EXTRA ORDINARY MINING LICENSING COMMITTEE (MLC) MEETING HELD ON 27TH OCTOBER 2023","https://www.mmmd.gov.zm/?p=2626"
"Rising Resources Limited","organization","Northern","Mpika","39526-HQ-LEL","Approved","critical_battery","1","146752","Quartz/Manganese/Sand","RESULTS OF THE 86TH MINING LICENSING COMMITTEE (MLC) MEETING HELD ON 27TH MARCH 2025","https://www.mmmd.gov.zm/?p=4061"
"RIVA INVESTMENTS LIMITED","organization","Central","Mumbwa","40182-HQ-MPL","Approved","gold","1","2","Gold","RESULTS OF THE 87TH MINING LICENSING COMMITTEE (MLC) MEETING HELD ON 7TH MAY, 2025","https://www.mmmd.gov.zm/?p=4069"
"Riverbed Resources Limited","organization","Central | Southern","Mkushi; Eastern, Nyimba; Lusaka, Chongwe | Mumbwa | Mazabuka","38183-HQ-LEL | 38185-HQ-LEL | 38546-HQ-LEL","Deferred | Approved","gemstones","3","28507","Gold/Malachite/Copper","RESULTS OF THE 81ST MINING LICENSING COMMITTEE (MLC) MEETING HELD ON 31ST JULY, 2024","https://www.mmmd.gov.zm/?p=2923"
"Roads Development Agency","government","Southern | Lusaka | Eastern | Western | Central | Luapula | Northern","Kazungula | Kafue | Chipata | Chama | Sesheke | Mumbwa | Mansa | Kaoma | Mambwe | Mwense | Mbala | Katete","21825-HQ-SML | 21827-HQ-SML | 21830-HQ-SML | 22354-HQ-SML | 22355-HQ-SML | 22356-HQ-SML | 22357-HQ-SML | 22353-HQ-SML | 15649-HQ-SEL | 22352-HQ-SML | 36763-HQ-SML | 22351-HQ-SML | 18647-HQ-SEL | 18536-HQ-SEL | 21821-HQ-SML | 21823-HQ-SML","Deferred | Approved | DEFERRED","gold","26","56284","Granite/Gold/Lightweight Aggregate","REMINDER ON RESULTS OF THE 70TH AND 71ST MINING LICENSING COMMITTEE (MLC) MEETINGS HELD IN FEBRUARY AND MARCH 2023","https://www.mmmd.gov.zm/?p=2555"
"Roan Mineral Resources Company Ltd","organization","North Western","Mufumbwe | Mwinilunga","35240-HQ-LML | 23051-HQ-SEL | 39496-HQ-SML | 39498-HQ-SML","Deferred | Cancelled | Approved","critical_battery","1","731","Nickel/Manganese/Zinc","RESULTS OF THE 77TH MINING LICENSING COMMITTEE (MLC) MEETING HELD ON 11TH TO 12TH JANUARY 2024","https://www.mmmd.gov.zm/?p=2675"
"Roan Sable Limited","organization","Central","Serenje; Northern, Mpika","33556-HQ-SEL","Approved","critical_battery","1","901","Manganese","RESULTS OF THE 73RD MINING LICENSING COMMITTEE (MLC) MEETING HELD FROM 29TH TO 30TH JUNE 2023","https://www.mmmd.gov.zm/?p=2583"
"ROB and NAT Mining Limited","organization","North Western","Mufumbwe; Western, Kaoma","37523-HQ-SEL","Approved","gemstones","1","255","Sand/Quartz/Nickel","RESULTS OF THE 80TH MINING LICENSING COMMITTEE (MLC) MEETING HELD ON 6TH TO 7TH AND 10TH JUNE 2024","https://www.mmmd.gov.zm/?p=2849"
"Robbie Evans Muchimba Lesole","person_or_unclassified","Central","Kabwe","26493-HQ-AMR","DEFERRED | Approved","critical_battery","1","7","Nickel/Silver/Zinc","RESULTS OF THE 75TH MINING LICENSING COMMITTEE (MLC) MEETING HELD FROM 27TH TO 29TH SEPTEMBER 2023","https://www.mmmd.gov.zm/?p=2618"
"Robby Chikumba","person_or_unclassified","North Western","Mwinilunga","38617-HQ-AMR","Approved","gemstones","1","7","Quartz/Tourmaline/Garnet","RESULTS OF THE 84TH MINING LICENSING COMMITTEE (MLC) MEETING HELD ON 12TH DECEMBER, 2024","https://www.mmmd.gov.zm/?p=3780"
"Robert Banda","person_or_unclassified","Eastern | Central | Southern | Northern","Chipata | Kabwe | Siavonga | Kasama","37916-HQ-AMR | 38426-HQ-AMR | 40693-HQ-AMR | 41662-HQ-AMR","Approved","gemstones","3","20","Iron Ore/Lead/Zinc","RESULTS OF THE 81ST MINING LICENSING COMMITTEE (MLC) MEETING HELD ON 31ST JULY, 2024","https://www.mmmd.gov.zm/?p=2923"
"Robert Zulu","person_or_unclassified","Luapula","Mansa","34614-HQ-AMR","Approved","critical_battery","1","7","Limestone (General)/Manganese/Quartz","RESULTS OF THE 78TH MINING LICENSING COMMITTEE (MLC) MEETING HELD ON 27TH FEBRUARY TO 1ST MARCH 2024","https://www.mmmd.gov.zm/?p=2785"
"Robinson Sikaona","person_or_unclassified","Central","Serenje","32971-HQ-AMR","Approved","critical_battery","1","7","Quartz/Silver/Tin","RESULTS OF THE 75TH MINING LICENSING COMMITTEE (MLC) MEETING HELD FROM 27TH TO 29TH SEPTEMBER 2023","https://www.mmmd.gov.zm/?p=2618"
"Roche Investments Limited","organization","Lusaka","Kafue","30101-HQ-SEL","Deferred | Approved","critical_battery","1","89","Iron Ore/Anhydrite/Manganese","REMINDER ON RESULTS OF THE 70TH AND 71ST MINING LICENSING COMMITTEE (MLC) MEETINGS HELD IN FEBRUARY AND MARCH 2023","https://www.mmmd.gov.zm/?p=2555"
"Rochris Investments Limited","organization","Lusaka | Central","Chongwe | Kapiri Mposhi; Copperbelt, Mpongwe","32069-HQ-LEL | 37244-HQ-LEL","Deferred | Approved | Rejected","critical_battery","1","6169","Manganese/Lithium/Platinum Group Metals","RESULTS OF THE 77TH MINING LICENSING COMMITTEE (MLC) MEETING HELD ON 11TH TO 12TH JANUARY 2024","https://www.mmmd.gov.zm/?p=2675"
"Rock Trapper mining Limited","organization","Central | Southern","Mkushi | Choma, Sinazongwe","40359-HQ-SEL | 41414-HQ-SEL","Approved","gemstones","1","829","Quartz/Manganese/Zinc","RESULTS OF THE 87TH MINING LICENSING COMMITTEE (MLC) MEETING HELD ON 7TH MAY, 2025","https://www.mmmd.gov.zm/?p=4069"
"Rockerfield Corporation Limited","organization","North Western | Northern","Mufumbwe | Isoka, Nakonde","21506-HQ-LEL | 24826-HQ-SEL | 33148-HQ-LEL","Deferred | Cancelled | APPROVED","gemstones","2","17681","Cobalt/Copper/Zinc","RESULTS OF THE 77TH MINING LICENSING COMMITTEE (MLC) MEETING HELD ON 11TH TO 12TH JANUARY 2024","https://www.mmmd.gov.zm/?p=2675"
"RockModeller Company Limited","organization","Western | North Western | Copperbelt","Kaoma | Solwezi | Lufwanyama, Mpongwe","30606-HQ-SEL | 37349-HQ-SEL | 33738-HQ-LEL | 39362-HQ-LEL","Cancelled | Deferred | Approved | REJECTED","gemstones","2","7907","Gold/Copper/Cobalt","CANCELLATION OF NON-COMPLIANT MINING AND NON-MINING RIGHTS BY THE MINING LICENSING COMMITTEE (MLC)","https://www.mmmd.gov.zm/?p=2787"
"Rockvalley Mining Zambia Limited","organization","Southern","Choma","25460-HQ-LEL","Rejected | Approved","gemstones","1","9296","Tantalum/Quartz/Tin","SUBJECT: RESULTS OF THE 79TH MINING LICENSING COMMITTEE (MLC) MEETING HELD ON 11TH TO 12TH APRIL 2024","https://www.mmmd.gov.zm/?p=2794"
"Rodger The Badger Ventures Limited","organization","Central","Kapiri Mposhi | Mkushi, Serenje","28661-HQ-SEL | 28662-HQ-SEL","Approved","critical_battery","1","417","Manganese/Limestone (General)/Nickel","REMINDER ON RESULTS OF THE 70TH AND 71ST MINING LICENSING COMMITTEE (MLC) MEETINGS HELD IN FEBRUARY AND MARCH 2023","https://www.mmmd.gov.zm/?p=2555"
"Rodgers Chisebu","person_or_unclassified","Luapula","Mansa","34565-HQ-AMR","APPROVED","gemstones","1","7","Gold/Manganese/Zinc","RESULTS OF THE 75TH MINING LICENSING COMMITTEE (MLC) MEETING HELD FROM 27TH TO 29TH SEPTEMBER 2023","https://www.mmmd.gov.zm/?p=2618"
"Rodiah Mudenda","person_or_unclassified","Luapula","Samfya | Mansa","28018-HQ-AMR | 28072-HQ-AMR","Deferred | Approved","critical_battery","2","13","Manganese","RESULTS OF THE 82ND MINING LICENSING COMMITTEE (MLC) MEETING HELD ON 11TH SEPTEMBER, 2024","https://www.mmmd.gov.zm/?p=3378"
"ROGMAT ENTERPRISES & GENERAL DEALERS LIMITED","organization","Central","Mumbwa","37745-HQ-SEL","","critical_battery","1","371","Nickel/Manganese/Zinc","RESULTS OF THE 80TH MINING LICENSING COMMITTEE (MLC) MEETING HELD ON 6TH TO 7TH AND 10TH JUNE 2024","https://www.mmmd.gov.zm/?p=2849"
"Rong Xing Investments Limited","organization","","","25099-HQ-MPL","Cancelled","critical_battery","1","110","Manganese/Zinc/Gold","CANCELLATION OF NON-COMPLIANT MINING AND NON-MINING RIGHTS BY THE MINING LICENSING COMMITTEE (MLC)","https://www.mmmd.gov.zm/?p=2787"
"Ronsin Minerals Limited","organization","Central","Mkushi; Copperbelt, Masaiti","40730-HQ-SML","APPROVED","critical_battery","1","176","Tantalum/Tin/Tungsten","RESULTS OF THE 90TH MINING LICENSING COMMITTEE (MLC) MEETING HELD ON 29TH AUGUST, 2025","https://www.mmmd.gov.zm/?p=5836"
"Rontex Minerals  Limited","organization","Southern","Choma | Siavonga","27090-HQ-LEL | 33639-HQ-LEL | 26762-HQ-SEL | 27211-HQ-LEL | 37319-HQ-SEL","Rejected | Cancelled","critical_battery","1","1641","Gold/Iron Ore/Lithium","REMINDER ON RESULTS OF THE 70TH AND 71ST MINING LICENSING COMMITTEE (MLC) MEETINGS HELD IN FEBRUARY AND MARCH 2023","https://www.mmmd.gov.zm/?p=2555"
"Roseberry Stone & Tile Limited","organization","Luapula","Mansa","30062-HQ-SML | 30061-HQ-SML | 25387-HQ-SEL","Deferred | Approved | Cancelled","construction_materials","2","754","Stone","RESULTS OF THE 72ND MINING LICENSING COMMITTEE (MLC) MEETING HELD FROM 17TH TO 22 MAY 2023","https://www.mmmd.gov.zm/?p=2559"
"Rothrock Zambia Limited","organization","Central","Mkushi","36782-HQ-LEL","Approved","critical_battery","1","2789","Manganese/Zinc/Gold","RESULTS OF THE 77TH MINING LICENSING COMMITTEE (MLC) MEETING HELD ON 11TH TO 12TH JANUARY 2024","https://www.mmmd.gov.zm/?p=2675"
"Routestar Logistics Limited","organization","Eastern | North Western | Central","Nyimba | Kasempa | Mkushi","32915-HQ-SEL | 35230-HQ-SEL | 35757-HQ-SEL","APPROVED | Approved","gemstones","3","2460","Emerald/Gold/Limestone (General)","RESULTS OF THE 75TH MINING LICENSING COMMITTEE (MLC) MEETING HELD FROM 27TH TO 29TH SEPTEMBER 2023","https://www.mmmd.gov.zm/?p=2618"
"ROX  METAL INVESTMENT LIMITED","organization","Central | North Western | Lusaka","Kapiri Mposhi, Mkushi | Mufumbwe | Serenje | Kafue","40158-HQ-SEL | 40241-HQ-SEL | 40348-HQ-SEL | 41080-HQ-SEL","Approved | DEFERRED | Rejected","critical_battery","1","775","Malachite/Nickel/Zinc","RESULTS OF THE 87TH MINING LICENSING COMMITTEE (MLC) MEETING HELD ON 7TH MAY, 2025","https://www.mmmd.gov.zm/?p=4069"
"Roy NAKOONJE  SHICHILABA","person_or_unclassified","Central","Mumbwa","40512-HQ-AMR","Approved","gold","1","7","Iron Ore/Limestone (General)/Silver","RESULTS OF THE 88TH MINING LICENSING COMMITTEE (MLC) MEETING HELD ON 30TH MAY, 2025","https://www.mmmd.gov.zm/?p=4111"
"Roy Nakoonje Shichiliba","person_or_unclassified","Luapula","Kawambwa","33074-HQ-AMR","Approved","critical_battery","1","7","Manganese/Quartz/Gold","RESULTS OF THE 73RD MINING LICENSING COMMITTEE (MLC) MEETING HELD FROM 29TH TO 30TH JUNE 2023","https://www.mmmd.gov.zm/?p=2583"
"Royal Carats Gems Limited","organization","","","25240-HQ-SEL | 25330-HQ-SEL | 25854-HQ-SML | 25855-HQ-SML","Cancelled","critical_battery","2","516","Manganese/Silver/Zinc","CANCELLATION OF NON-COMPLIANT MINING AND NON-MINING RIGHTS BY THE MINING LICENSING COMMITTEE (MLC)","https://www.mmmd.gov.zm/?p=2787"
"Royal Chamuka Mining Limited","organization","Central","Chibombo","26397-HQ-LEL","Cancelled","critical_battery","1","1815","Silver/Manganese/Zinc","CANCELLATION OF NON-COMPLIANT MINING AND NON-MINING RIGHTS BY THE MINING LICENSING COMMITTEE (MLC)","https://www.mmmd.gov.zm/?p=2787"
"Rudra Copper Limited","organization","Copperbelt | North Western","Lufwanyama | Kasempa | Mwinilunga","28619-HQ-LEL | 34826-HQ-LEL | 29840-HQ-LEL","Approved | Deferred | Rejected","critical_battery","4","113148","Copper/Gold/Cobalt","REMINDER ON RESULTS OF THE 70TH AND 71ST MINING LICENSING COMMITTEE (MLC) MEETINGS HELD IN FEBRUARY AND MARCH 2023","https://www.mmmd.gov.zm/?p=2555"
"Rufunsa Green Multi-purpose Co-operative Society Limited","organization","Lusaka","Chongwe","37588-HQ-AMR","Approved","critical_battery","1","7","Manganese/Gold/Copper","SUBJECT: RESULTS OF THE 79TH MINING LICENSING COMMITTEE (MLC) MEETING HELD ON 11TH TO 12TH APRIL 2024","https://www.mmmd.gov.zm/?p=2794"
"Ruida Investments Limited","organization","","","20584-HQ-LML","Cancelled","base_metals","1","743","Copper","CANCELLATION OF NON-COMPLIANT MINING AND NON-MINING RIGHTS BY THE MINING LICENSING COMMITTEE (MLC)","https://www.mmmd.gov.zm/?p=2787"
"Rukwa Mines Limited","organization","Copperbelt","Luanshya, Lufwanyama","32843-HQ-SEL","Approved","gemstones","1","37","Emerald/Copper","RESULTS OF THE 73RD MINING LICENSING COMMITTEE (MLC) MEETING HELD FROM 29TH TO 30TH JUNE 2023","https://www.mmmd.gov.zm/?p=2583"
"Ruth Dante","person_or_unclassified","Northern","Chinsali","33285-HQ-AMR","Approved","gemstones","1","7","Niobium (Columbium)/Quartz/Manganese","RESULTS OF THE 75TH MINING LICENSING COMMITTEE (MLC) MEETING HELD FROM 27TH TO 29TH SEPTEMBER 2023","https://www.mmmd.gov.zm/?p=2618"
"RUTH MATOVU","person_or_unclassified","Northern","Mpika","39375-HQ-AMR","Approved","gemstones","1","7","Gold/Beryllium/Aquamarine","RESULTS OF THE 84TH MINING LICENSING COMMITTEE (MLC) MEETING HELD ON 12TH DECEMBER, 2024","https://www.mmmd.gov.zm/?p=3780"
"Ruth Mwale","person_or_unclassified","Northern","Mporokoso","33098-HQ-AMR","Approved","gemstones","1","7","Manganese/Quartz/Tourmaline","RESULTS OF THE 72ND MINING LICENSING COMMITTEE (MLC) MEETING HELD FROM 17TH TO 22 MAY 2023","https://www.mmmd.gov.zm/?p=2559"
"Ruth NKANDU  Chifinda","person_or_unclassified","Luapula","Mansa","35272-HQ-AMR","Approved","critical_battery","1","7","Quartz/Silver/Manganese","RESULTS OF THE 78TH MINING LICENSING COMMITTEE (MLC) MEETING HELD ON 27TH FEBRUARY TO 1ST MARCH 2024","https://www.mmmd.gov.zm/?p=2785"
"RUVIT INVESTMENTS LIMITED","organization","Eastern | Northern","Chama | Mpika","39922-HQ-LEL | 41593-HQ-LEL","APPROVED | Approved","gemstones","1","3952","Manganese/Malachite/Nickel","RESULTS OF THE 85TH MINING LICENSING COMMITTEE (MLC) MEETING HELD ON 5TH MARCH, 2025","https://www.mmmd.gov.zm/?p=4013"
"S.B Mineral Resources Limited","organization","Luapula | Northern","Samfya | Luwingu","37204-HQ-SEL | 37288-HQ-SEL","Rejected","gemstones","2","1375","Rare EarthsElements/Manganese/Quartz","RESULTS OF THE 78TH MINING LICENSING COMMITTEE (MLC) MEETING HELD ON 27TH FEBRUARY TO 1ST MARCH 2024","https://www.mmmd.gov.zm/?p=2785"
"S.One Enterprises Limited","organization","Central | North Western","Mkushi | Solwezi | Mkushi; Lusaka, Chongwe","40875-HQ-SML | 29502-HQ-LEL | 40876-HQ-SML | 40877-HQ-SML","DEFERRED | Approved | Rejected","gemstones","2","2768","Iron Ore/Manganese/Zinc","RESULTS OF THE 90TH MINING LICENSING COMMITTEE (MLC) MEETING HELD ON 29TH AUGUST, 2025","https://www.mmmd.gov.zm/?p=5836"
"Sabi Lodges and Adventures Limited","organization","Central","Mumbwa","30710-HQ-MPL | 29237-HQ-SEL | 29221-HQ-SEL","Approved | Cancelled","gold","2","940","Gold/Copper/Silver","RESULTS OF THE 72ND MINING LICENSING COMMITTEE (MLC) MEETING HELD FROM 17TH TO 22 MAY 2023","https://www.mmmd.gov.zm/?p=2559"
"Sabi Minerals Limited","organization","Southern | Eastern","Mazabuka | Petauke","24429-HQ-LEL | 25928-HQ-SML | 21900-HQ-LEL","Approved | Cancelled | REJECTED","critical_battery","4","10185","Gold/Copper/Silver","RESULTS OF THE 78TH MINING LICENSING COMMITTEE (MLC) MEETING HELD ON 27TH FEBRUARY TO 1ST MARCH 2024","https://www.mmmd.gov.zm/?p=2785"
"Sable Transport Limited","organization","Southern | Northern | Luapula","Sinazongwe | Luwingu","26693-HQ-SML | 27142-HQ-SEL | 40196-HQ-SEL","Approved | Deferred","energy_minerals","2","1255","Sand and Gravel/Coal/Granite","RESULTS OF THE 76TH MINING LICENSING COMMITTEE (MLC) MEETING HELD ON 17TH AND 20TH NOVEMBER 2023","https://www.mmmd.gov.zm/?p=2640"
"Sable Zinc Kabwe Limited","organization","Copperbelt | Central | North Western","Ndola | Kapiri Mposhi | Mumbwa | Mwinilunga","41382-HQ-MPL | 41100-HQ-LEL | 41097-HQ-SEL | 41098-HQ-SEL | 41099-HQ-SEL","APPROVED | Deferred | Rejected","base_metals","1","43","Lead/Zinc/Cobalt","RESULTS OF THE 90TH MINING LICENSING COMMITTEE (MLC) MEETING HELD ON 29TH AUGUST, 2025","https://www.mmmd.gov.zm/?p=5836"
"Sabs Global Limited","organization","Copperbelt","Lufwanyama; North Western, Solwezi","32085-HQ-LEL","Approved","critical_battery","1","26753","Nickel/Uranium/Zinc","RESULTS OF THE 73RD MINING LICENSING COMMITTEE (MLC) MEETING HELD FROM 29TH TO 30TH JUNE 2023","https://www.mmmd.gov.zm/?p=2583"
"Sachi National Wide Suppliers Limited","organization","Eastern","Petauke","33086-HQ-SEL","Approved","critical_battery","1","920","Nickel/Manganese/Zinc","RESULTS OF THE 73RD MINING LICENSING COMMITTEE (MLC) MEETING HELD FROM 29TH TO 30TH JUNE 2023","https://www.mmmd.gov.zm/?p=2583"
"Sachi Ventures Limited","organization","Central | North Western","Mkushi; Eastern, Nyimba | Mufumbwe","32048-HQ-LEL | 34175-HQ-LEL","Approved","critical_battery","1","11831","Silver/Platinum/Manganese","RESULTS OF THE 72ND MINING LICENSING COMMITTEE (MLC) MEETING HELD FROM 17TH TO 22 MAY 2023","https://www.mmmd.gov.zm/?p=2559"
"Sachin Limited","organization","","","7309-HQ-SML","Cancelled","gemstones","2","361","Emerald","CANCELLATION OF NON-COMPLIANT MINING AND NON-MINING RIGHTS BY THE MINING LICENSING COMMITTEE (MLC)","https://www.mmmd.gov.zm/?p=2787"
"Sacko Resources Limited","organization","Northern | Central","Mpika | Serenje","33507-HQ-SEL | 33508-HQ-SEL","APPROVED","critical_battery","2","1575","Lead/Nickel/Zinc","RESULTS OF THE 75TH MINING LICENSING COMMITTEE (MLC) MEETING HELD FROM 27TH TO 29TH SEPTEMBER 2023","https://www.mmmd.gov.zm/?p=2618"
"Safe Haven Investments Limited","organization","Central","Mumbwa","38064-HQ-MPL","","gold","1","7","Gold/Copper","RESULTS OF THE 83RD MINING LICENSING COMMITTEE (MLC) MEETING HELD ON 30TH OCTOBER, 2024","https://www.mmmd.gov.zm/?p=3515"
"Safearth Mining Limited","organization","Northern | Copperbelt","Mpika | Mpongwe","36060-HQ-LEL | 14666-HQ-LML | 30581-HQ-SEL | 36061-HQ-LEL | 39040-HQ-SML","Approved | Cancelled | Deferred","critical_battery","4","10647","Manganese/Copper/Iron Ore","RESULTS OF THE 78TH MINING LICENSING COMMITTEE (MLC) MEETING HELD ON 27TH FEBRUARY TO 1ST MARCH 2024","https://www.mmmd.gov.zm/?p=2785"
"Sajakle Resources Limited","organization","Central | Copperbelt","Serenje | Lufwanyama","32031-HQ-SEL | 32121-HQ-LEL","Deferred | DEFERRED","critical_battery","1","293","Iron Ore/Manganese/Copper","RESULTS OF THE 74TH MINING LICENSING COMMITTEE (MLC) MEETING HELD FROM 3RD TO 4TH AUGUST 2023","https://www.mmmd.gov.zm/?p=2598"
"Sajarke Resources Limited","organization","North Western","Solwezi","32025-HQ-LEL","Approved","critical_battery","1","1324","Iron Ore/Manganese/Copper","RESULTS OF THE 76TH MINING LICENSING COMMITTEE (MLC) MEETING HELD ON 17TH AND 20TH NOVEMBER 2023","https://www.mmmd.gov.zm/?p=2640"
"Sakeji Mining Limited","organization","Central | North Western","Kapiri Mposhi | Mwinilunga","23011-HQ-SML | 23010-HQ-SML","Rejected | Deferred | Approved","gemstones","1","393","Copper/Manganese/Beryllium","REMINDER ON RESULTS OF THE 70TH AND 71ST MINING LICENSING COMMITTEE (MLC) MEETINGS HELD IN FEBRUARY AND MARCH 2023","https://www.mmmd.gov.zm/?p=2555"
"Saleforce General Dealers Limited","organization","Eastern","Nyimba","34317-HQ-SEL","","gemstones","1","948","Gold/Tourmaline/Copper","RESULTS OF THE 74TH MINING LICENSING COMMITTEE (MLC) MEETING HELD FROM 3RD TO 4TH AUGUST 2023","https://www.mmmd.gov.zm/?p=2598"
"Salman mining Enterprises Limited","organization","Central | Lusaka | Eastern","Serenje; Eastern, Nyimba | Chongwe | Lundazi | Chama, Lundazi | Serenje","27039-HQ-SEL | 37710-HQ-LEL | 38078-HQ-LEL | 38141-HQ-LEL | 38220-HQ-SML | 38484-HQ-LEL | 39554-HQ-MPL","Cancelled | Approved | Deferred","gemstones","4","46115","Silver/Nickel/Platinum Group Metals","CANCELLATION OF NON-COMPLIANT MINING AND NON-MINING RIGHTS BY THE MINING LICENSING COMMITTEE (MLC)","https://www.mmmd.gov.zm/?p=2787"
"Salmar Zambia Limited","organization","North Western","Mwinilunga | Kasempa | Kasempa, Mufumbwe","36205-HQ-SEL | 36754-HQ-SEL | 41276-HQ-LEL","Approved | Deferred","gemstones","2","1525","Manganese/Limestone (General)/Lead","RESULTS OF THE 78TH MINING LICENSING COMMITTEE (MLC) MEETING HELD ON 27TH FEBRUARY TO 1ST MARCH 2024","https://www.mmmd.gov.zm/?p=2785"
"Samaka Gemstone Mining Company Limited","organization","Copperbelt","Lufwanyama","8112-HQ-SML","Approved | Cancelled","gemstones","1","65","Quartz/Mica/Silica","RESULTS OF THE 72ND MINING LICENSING COMMITTEE (MLC) MEETING HELD FROM 17TH TO 22 MAY 2023","https://www.mmmd.gov.zm/?p=2559"
"Samaras John Stephanos","person_or_unclassified","Southern","Kalomo","30758-HQ-AMR","","gemstones","2","13","Dolomite/Sand and Gravel/Beryllium","REMINDER ON RESULTS OF THE 70TH AND 71ST MINING LICENSING COMMITTEE (MLC) MEETINGS HELD IN FEBRUARY AND MARCH 2023","https://www.mmmd.gov.zm/?p=2555"
"Samfuel Limited","organization","Southern | North Western","Kalomo | Choma | Kabompo | Choma, Sinazongwe","31109-HQ-SML | 31110-HQ-SML | 31111-HQ-SML | 31112-HQ-SML | 31113-HQ-SML | 31114-HQ-SML | 31115-HQ-SML | 31116-HQ-SML | 31165-HQ-SML | 22761-HQ-LEL | 22767-HQ-LEL | 35090-HQ-SML | 22764-HQ-LEL | 32753-HQ-SML | 32763-HQ-SML","Rejected | Approved | REJECTED | Deferred","gemstones","2","42435","Tantalum/Iron Ore/Tin","REMINDER ON RESULTS OF THE 70TH AND 71ST MINING LICENSING COMMITTEE (MLC) MEETINGS HELD IN FEBRUARY AND MARCH 2023","https://www.mmmd.gov.zm/?p=2555"
"Samre Mining Resources Limited","organization","Central","Mkushi","36485-HQ-SEL","Deferred | Approved","gold","1","864","Gold/Copper/Cobalt","RESULTS OF THE 83RD MINING LICENSING COMMITTEE (MLC) MEETING HELD ON 30TH OCTOBER, 2024","https://www.mmmd.gov.zm/?p=3515"
"Samstone crushing limited","organization","Copperbelt | North Western","Masaiti | Solwezi","23645-HQ-SEL | 17468-HQ-LEL","Deferred | Approved | Rejected","gold","1","747","Lead/Limestone (General)/Uranium","REMINDER ON RESULTS OF THE 70TH AND 71ST MINING LICENSING COMMITTEE (MLC) MEETINGS HELD IN FEBRUARY AND MARCH 2023","https://www.mmmd.gov.zm/?p=2555"
"Samuel Mwandama","person_or_unclassified","Luapula","Mwense","39174-HQ-AMR","deferred | Approved","gemstones","1","7","Limestone (General)/Lead/Manganese","RESULTS OF THE 85TH MINING LICENSING COMMITTEE (MLC) MEETING HELD ON 5TH MARCH, 2025","https://www.mmmd.gov.zm/?p=4013"
"Samuel Mwila","person_or_unclassified","Southern","Kalomo","34282-HQ-AMR","Approved","critical_battery","1","7","Tin/Tungsten/Aluminum (General)","RESULTS OF THE 74TH MINING LICENSING COMMITTEE (MLC) MEETING HELD FROM 3RD TO 4TH AUGUST 2023","https://www.mmmd.gov.zm/?p=2598"
"Samuel Ngoma","person_or_unclassified","Lusaka","Kafue","35816-HQ-AMR","Approved","gemstones","1","7","Granite/Iron Ore/Quartz","RESULTS OF THE 78TH MINING LICENSING COMMITTEE (MLC) MEETING HELD ON 27TH FEBRUARY TO 1ST MARCH 2024","https://www.mmmd.gov.zm/?p=2785"
"San He (Zambia) Limited","organization","Central","Mkushi, Serenje | Kabwe | Chibombo, Kapiri Mposhi","23804-HQ-LEL | 35119-HQ-MPL | 23217-HQ-LEL","Rejected | APPROVED | Deferred | Approved","critical_battery","6","32155","Manganese/Copper/Cobalt","REMINDER ON RESULTS OF THE 70TH AND 71ST MINING LICENSING COMMITTEE (MLC) MEETINGS HELD IN FEBRUARY AND MARCH 2023","https://www.mmmd.gov.zm/?p=2555"
"San He Manufacturing Zambia Limited","organization","Southern | North Western | Central","Siavonga | Mazabuka, Siavonga | Solwezi | Kapiri Mposhi; Copperbelt, Masaiti | Kapiri Mposhi","26601-HQ-LEL | 26677-HQ-LEL | 37798-HQ-LML | 37801-HQ-LML | 37802-HQ-LML | 38645-HQ-LEL | 40062-HQ-LEL","Cancelled | Deferred | Approved | APPROVED","gemstones","8","36732","Copper/Zinc/Manganese","REMINDER ON RESULTS OF THE 70TH AND 71ST MINING LICENSING COMMITTEE (MLC) MEETINGS HELD IN FEBRUARY AND MARCH 2023","https://www.mmmd.gov.zm/?p=2555"
"SANAABIL INVESTMENTS LIMITED","organization","Central","Mumbwa","37767-HQ-MPL","Approved","gold","1","7","Gold","RESULTS OF THE 81ST MINING LICENSING COMMITTEE (MLC) MEETING HELD ON 31ST JULY, 2024","https://www.mmmd.gov.zm/?p=2923"
"Sanchembe Gem And Minerals Limited","organization","Southern","Kazungula; Western, Sesheke","35087-HQ-SEL","Deferred | Approved","gemstones","1","53","Limestone (General)/Iron Ore/Anhydrite","RESULTS OF THE 82ND MINING LICENSING COMMITTEE (MLC) MEETING HELD ON 11TH SEPTEMBER, 2024","https://www.mmmd.gov.zm/?p=3378"
"Sandland Resources Limited","organization","North Western","Kabompo","36860-HQ-SML | 25130-HQ-SEL | 25131-HQ-SEL","Approved | Cancelled","critical_battery","1","396","Silver/Nickel/Vanadium","RESULTS OF THE 77TH MINING LICENSING COMMITTEE (MLC) MEETING HELD ON 11TH TO 12TH JANUARY 2024","https://www.mmmd.gov.zm/?p=2675"
"Sandspring Ventures Limited","organization","Luapula","Samfya | Mansa","38822-HQ-SEL | 38894-HQ-SEL | 38895-HQ-SEL","Deferred | Approved","gemstones","2","1396","Manganese/Lead/Silver","RESULTS OF THE 84TH MINING LICENSING COMMITTEE (MLC) MEETING HELD ON 12TH DECEMBER, 2024","https://www.mmmd.gov.zm/?p=3780"
"SANDSTONE PROJECTS LIMITED","organization","North Western","Mwinilunga","39064-HQ-SEL","Approved","critical_battery","1","178","Manganese/Silver/Zinc","RESULTS OF THE 84TH MINING LICENSING COMMITTEE (MLC) MEETING HELD ON 12TH DECEMBER, 2024","https://www.mmmd.gov.zm/?p=3780"
"Sangalala General Trading Limited","organization","Central","Mumbwa","34344-HQ-MPL","Approved","gold","1","7","Gold/Copper","RESULTS OF THE 74TH MINING LICENSING COMMITTEE (MLC) MEETING HELD FROM 3RD TO 4TH AUGUST 2023","https://www.mmmd.gov.zm/?p=2598"
"Santas Mining Limited","organization","","","7351-HQ-SML","Cancelled","gemstones","1","148","Emerald","CANCELLATION OF NON-COMPLIANT MINING AND NON-MINING RIGHTS BY THE MINING LICENSING COMMITTEE (MLC)","https://www.mmmd.gov.zm/?p=2787"
"Sapike Mbao","person_or_unclassified","Central | Northern","Serenje | Mpika | Mkushi","30726-HQ-AMR | 32218-HQ-AMR | 35339-HQ-AMR","Approved | Deferred | Rejected","critical_battery","1","7","Manganese/Iron Ore","REMINDER ON RESULTS OF THE 70TH AND 71ST MINING LICENSING COMMITTEE (MLC) MEETINGS HELD IN FEBRUARY AND MARCH 2023","https://www.mmmd.gov.zm/?p=2555"
"Sapphire Mining Limited","organization","","","28462-HQ-SEL | 28463-HQ-SEL","Cancelled","critical_battery","2","637","Iron Ore/Anhydrite/Manganese","CANCELLATION OF NON-COMPLIANT MINING AND NON-MINING RIGHTS BY THE MINING LICENSING COMMITTEE (MLC)","https://www.mmmd.gov.zm/?p=2787"
"Satwant Mining Limited","organization","Southern","Gwembe, Sinazongwe","32393-HQ-LEL","Approved","critical_battery","1","27689","Tantalum/Manganese/Tungsten","RESULTS OF THE 72ND MINING LICENSING COMMITTEE (MLC) MEETING HELD FROM 17TH TO 22 MAY 2023","https://www.mmmd.gov.zm/?p=2559"
"Sauyanga Chilomba","person_or_unclassified","North Western","Solwezi","28215-HQ-AMR","","critical_battery","1","3","Manganese/Silver/Iron Ore","REMINDER ON RESULTS OF THE 70TH AND 71ST MINING LICENSING COMMITTEE (MLC) MEETINGS HELD IN FEBRUARY AND MARCH 2023","https://www.mmmd.gov.zm/?p=2555"
"Save Lives Multi- Purpose Co-operative Limited","organization","Copperbelt","Ndola","35671-HQ-AMR","APPROVED","critical_battery","1","7","Gold/Manganese/Cobalt","RESULTS OF THE EXTRA ORDINARY MINING LICENSING COMMITTEE (MLC) MEETING HELD ON 27TH OCTOBER 2023","https://www.mmmd.gov.zm/?p=2626"
"Saviour Katwai","person_or_unclassified","Luapula","Mansa","33381-HQ-AMR | 33380-HQ-AMR","Approved","gemstones","2","10","Lead/Manganese/Zinc","RESULTS OF THE 75TH MINING LICENSING COMMITTEE (MLC) MEETING HELD FROM 27TH TO 29TH SEPTEMBER 2023","https://www.mmmd.gov.zm/?p=2618"
"Scholastica Phiri","person_or_unclassified","Luapula","Milenge","28618-HQ-AMR","Approved","gemstones","1","7","Rhodium/Sugilite/Tourmaline","RESULTS OF THE 72ND MINING LICENSING COMMITTEE (MLC) MEETING HELD FROM 17TH TO 22 MAY 2023","https://www.mmmd.gov.zm/?p=2559"
"Scirocco Enterprises Limited","organization","","","8275-HQ-SML","Cancelled","gold","3","1111","Limestone (General)/Gold/Silver","CANCELLATION OF NON-COMPLIANT MINING AND NON-MINING RIGHTS BY THE MINING LICENSING COMMITTEE (MLC)","https://www.mmmd.gov.zm/?p=2787"
"Sckm Mining Company Limited","organization","","","21168-HQ-SEL","Cancelled","gemstones","1","1","Emerald","CANCELLATION OF NON-COMPLIANT MINING AND NON-MINING RIGHTS BY THE MINING LICENSING COMMITTEE (MLC)","https://www.mmmd.gov.zm/?p=2787"
"SDLG INVESTMENTS LIMITED","organization","North Western","Kasempa","38153-HQ-LEL | 37713-HQ-SEL","Approved | Deferred","critical_battery","2","1847","Manganese/Nickel/Zinc","RESULTS OF THE 81ST MINING LICENSING COMMITTEE (MLC) MEETING HELD ON 31ST JULY, 2024","https://www.mmmd.gov.zm/?p=2923"
"Sea Green Mining Limited","organization","North Western","Mwinilunga","34874-HQ-SEL | 7197-HQ-SML | 39663-HQ-SEL","REJECTED | Cancelled | APPROVED","gemstones","2","305","Gold/Copper/Emerald","RESULTS OF THE 75TH MINING LICENSING COMMITTEE (MLC) MEETING HELD FROM 27TH TO 29TH SEPTEMBER 2023","https://www.mmmd.gov.zm/?p=2618"
"Seagreen Mining Company Limited","organization","North Western","Mwinilunga","38260-HQ-SEL | 38261-HQ-SEL","Approved","critical_battery","1","811","Lead/Manganese/Zinc","RESULTS OF THE 82ND MINING LICENSING COMMITTEE (MLC) MEETING HELD ON 11TH SEPTEMBER, 2024","https://www.mmmd.gov.zm/?p=3378"
"Sebastian Nyendwa","person_or_unclassified","Lusaka","Chongwe","38681-HQ-AMR","","gold","1","7","Iron Ore/Zinc/Gold","RESULTS OF THE 83RD MINING LICENSING COMMITTEE (MLC) MEETING HELD ON 30TH OCTOBER, 2024","https://www.mmmd.gov.zm/?p=3515"
"Sedhost Minerals Limited","organization","Central | North Western","Serenje | Kapiri Mposhi, Mkushi | Mufumbwe","36214-HQ-SEL | 36215-HQ-SEL | 38838-HQ-LEL | 39140-HQ-SEL","Approved | Deferred | APPROVED","gemstones","4","5816","Nickel/Copper/Silver","RESULTS OF THE 78TH MINING LICENSING COMMITTEE (MLC) MEETING HELD ON 27TH FEBRUARY TO 1ST MARCH 2024","https://www.mmmd.gov.zm/?p=2785"
"Sekanji Suppliers Limited","organization","Central","Serenje","33555-HQ-SEL","APPROVED","critical_battery","1","680","Silica/Quartz/Titanium","RESULTS OF THE 75TH MINING LICENSING COMMITTEE (MLC) MEETING HELD FROM 27TH TO 29TH SEPTEMBER 2023","https://www.mmmd.gov.zm/?p=2618"
"Sekulu Mining Limited","organization","Copperbelt | Central","Mufulira | Chibombo, Kabwe, Kapiri Mposhi, Mkushi","35107-HQ-LEL | 35246-HQ-LEL","Approved","critical_battery","2","185687","Lithium/Manganese/Tin","RESULTS OF THE 76TH MINING LICENSING COMMITTEE (MLC) MEETING HELD ON 17TH AND 20TH NOVEMBER 2023","https://www.mmmd.gov.zm/?p=2640"
"Sele Investements Limited","organization","Luapula","Mansa","29203-HQ-SEL | 41232-HQ-SML","Cancelled | DEFERRED | Approved","critical_battery","1","399","Manganese/Iron Ore/Copper","CANCELLATION OF NON-COMPLIANT MINING AND NON-MINING RIGHTS BY THE MINING LICENSING COMMITTEE (MLC)","https://www.mmmd.gov.zm/?p=2787"
"SELEAD MINING AND QUARRIES LIMITED","organization","North Western | Central | Southern | Eastern","Mwinilunga | Mkushi | Kalomo, Kazungula | Chama; Northern, Chinsali","39046-HQ-LEL | 39048-HQ-LEL | 39678-HQ-LEL | 39744-HQ-LEL | 41792-HQ-LEL","Approved | DEFERRED | APPROVED","gemstones","3","28576","Silver/Tourmaline/Copper","RESULTS OF THE 84TH MINING LICENSING COMMITTEE (MLC) MEETING HELD ON 12TH DECEMBER, 2024","https://www.mmmd.gov.zm/?p=3780"
"Sellome Investment Limited","organization","Western | Lusaka | Central | Southern","Kaoma | Chongwe, Lusaka | Kabwe | Choma, Monze, Namwala","34094-HQ-LEL | 39877-HQ-LEL | 39875-HQ-SEL | 40733-HQ-LEL | 40639-HQ-SEL","APPROVED | Deferred | REJECTED | Approved","critical_battery","1","1934","Lithium/Silver/Zinc","RESULTS OF THE 74TH MINING LICENSING COMMITTEE (MLC) MEETING HELD FROM 3RD TO 4TH AUGUST 2023","https://www.mmmd.gov.zm/?p=2598"
"Selmat Investments Limited","organization","","","28322-HQ-SEL","Cancelled","gold","1","1115","Quartz/Gold/Copper","CANCELLATION OF NON-COMPLIANT MINING AND NON-MINING RIGHTS BY THE MINING LICENSING COMMITTEE (MLC)","https://www.mmmd.gov.zm/?p=2787"
"SELMIN MINERALS LIMITED","organization","North Western","Kasempa","38226-HQ-MPL","Approved","gold","1","50","Gold/Copper/Cobalt","RESULTS OF THE 81ST MINING LICENSING COMMITTEE (MLC) MEETING HELD ON 31ST JULY, 2024","https://www.mmmd.gov.zm/?p=2923"
"Sendwe Investments Limited","organization","North Western | North western","Kasempa | Solwezi","37909-HQ-LEL | 37901-HQ-LEL | 37905-HQ-LEL | 39016-HQ-LML","Approved | Deferred","critical_battery","5","70697","Gold/Nickel/Cobalt","RESULTS OF THE 80TH MINING LICENSING COMMITTEE (MLC) MEETING HELD ON 6TH TO 7TH AND 10TH JUNE 2024","https://www.mmmd.gov.zm/?p=2849"
"Senke Investment Limited","organization","Central | Lusaka","Kapiri Mposhi | Chongwe, Lusaka | Chongwe | Chibombo; Lusaka, Chongwe | Chibombo, Kabwe, Kapiri Mposhi","30518-HQ-LEL | 30778-HQ-LEL | 30893-HQ-LEL | 30894-HQ-LEL | 30800-HQ-LEL | 30802-HQ-LEL","Cancelled | Deferred","gemstones","6","71981","Copper/Kaolin/Feldspar","REMINDER ON RESULTS OF THE 70TH AND 71ST MINING LICENSING COMMITTEE (MLC) MEETINGS HELD IN FEBRUARY AND MARCH 2023","https://www.mmmd.gov.zm/?p=2555"
"Sensele Enterprises Limited","organization","Copperbelt","Chingola | Chingola, Chingola","8724-HQ-SML | 8723-HQ-SML","Deferred | Approved","base_metals","2","647","Copper/Cobalt","REMINDER ON RESULTS OF THE 70TH AND 71ST MINING LICENSING COMMITTEE (MLC) MEETINGS HELD IN FEBRUARY AND MARCH 2023","https://www.mmmd.gov.zm/?p=2555"
"Serengeti Lodge Limited","organization","Lusaka","Chongwe","33065-HQ-LEL","","gemstones","1","4767","Manganese/Silver/Zinc","RESULTS OF THE 74TH MINING LICENSING COMMITTEE (MLC) MEETING HELD FROM 3RD TO 4TH AUGUST 2023","https://www.mmmd.gov.zm/?p=2598"
"Sezic Minerals Limited","organization","Central","Kabwe, Kapiri Mposhi","24381-HQ-LEL","Deferred | APPROVED","critical_battery","1","16068","Manganese/Nickel/Lead","RESULTS OF THE 80TH MINING LICENSING COMMITTEE (MLC) MEETING HELD ON 6TH TO 7TH AND 10TH JUNE 2024","https://www.mmmd.gov.zm/?p=2849"
"Sezic Resources Limited","organization","Southern","Kalomo, Sinazongwe","25966-HQ-SEL | 30267-HQ-MPL | 29585-HQ-SEL | 26196-HQ-SEL","Cancelled | Approved","energy_minerals","4","1470","Coal/Anhydrite/Quartz","REMINDER ON RESULTS OF THE 70TH AND 71ST MINING LICENSING COMMITTEE (MLC) MEETINGS HELD IN FEBRUARY AND MARCH 2023","https://www.mmmd.gov.zm/?p=2555"
"SGC Investments Limited","organization","Lusaka | Central | Eastern","Kafue | Kapiri Mposhi | Chama | Serenje","33937-HQ-LEL | 33938-HQ-LEL | 37598-HQ-LEL | 37342-HQ-LEL | 37343-HQ-LEL","APPROVED | REJECTED","critical_battery","2","14285","Lithium/Limestone (General)/Lead","RESULTS OF THE 75TH MINING LICENSING COMMITTEE (MLC) MEETING HELD FROM 27TH TO 29TH SEPTEMBER 2023","https://www.mmmd.gov.zm/?p=2618"
"SHABEELE GOLD INVESTMENTS LIMITED","organization","Central","Mumbwa","37673-HQ-MPL","Approved","critical_battery","1","2","Gold/Manganese/Cobalt","RESULTS OF THE 81ST MINING LICENSING COMMITTEE (MLC) MEETING HELD ON 31ST JULY, 2024","https://www.mmmd.gov.zm/?p=2923"
"Shachizulu Enterprise Limited","organization","Northern","Mbala","36786-HQ-SEL","Approved","gemstones","1","762","Nickel/Manganese/Tourmaline","RESULTS OF THE 77TH MINING LICENSING COMMITTEE (MLC) MEETING HELD ON 11TH TO 12TH JANUARY 2024","https://www.mmmd.gov.zm/?p=2675"
"Shack Trading Limited","organization","Copperbelt","Chingola","40651-HQ-SML","Approved","gemstones","2","254","Iron Ore/Gold/Copper","RESULTS OF THE 88TH MINING LICENSING COMMITTEE (MLC) MEETING HELD ON 30TH MAY, 2025","https://www.mmmd.gov.zm/?p=4111"
"Shadreck Mwale","person_or_unclassified","North Western","Mwinilunga","30109-HQ-AMR","","gold","1","7","Iron Ore/Silver/Gold","REMINDER ON RESULTS OF THE 70TH AND 71ST MINING LICENSING COMMITTEE (MLC) MEETINGS HELD IN FEBRUARY AND MARCH 2023","https://www.mmmd.gov.zm/?p=2555"
"Shagra Mining Company Limited","organization","Central | Eastern | Southern | North Western","Serenje | Chibombo | Lundazi | Mazabuka | Mwinilunga","39277-HQ-LEL | 40113-HQ-LEL | 40126-HQ-LEL | 40324-HQ-LEL | 40625-HQ-LEL","APPROVED | Deferred","gemstones","3","21854","Nickel/Sugilite/Copper","RESULTS OF THE 87TH MINING LICENSING COMMITTEE (MLC) MEETING HELD ON 7TH MAY, 2025","https://www.mmmd.gov.zm/?p=4069"
"Shalom Wesu Multi-purpose Co-operative Society Limited","organization","Luapula","Mwense","38745-HQ-AMR","Approved","critical_battery","1","7","Sand/Manganese/Zinc","RESULTS OF THE 84TH MINING LICENSING COMMITTEE (MLC) MEETING HELD ON 12TH DECEMBER, 2024","https://www.mmmd.gov.zm/?p=3780"
"Shamin Resources Limited","organization","North Western","Mwinilunga","38593-HQ-LEL","Approved","gemstones","1","3659","Manganese/Malachite/Nickel","RESULTS OF THE 82ND MINING LICENSING COMMITTEE (MLC) MEETING HELD ON 11TH SEPTEMBER, 2024","https://www.mmmd.gov.zm/?p=3378"
"SHAN MINING LIMITED","organization","Copperbelt","Chililabombwe, Chingola; North Western, Solwezi","39214-HQ-LEL","Approved","gemstones","1","18371","Malachite/Manganese/Lead","RESULTS OF THE 84TH MINING LICENSING COMMITTEE (MLC) MEETING HELD ON 12TH DECEMBER, 2024","https://www.mmmd.gov.zm/?p=3780"
"Sharon  Katiyaka","person_or_unclassified","Southern","Itezhi Tezhi","30803-HQ-AMR","","gemstones","1","7","Citrine/Emerald/Amethyst","REMINDER ON RESULTS OF THE 70TH AND 71ST MINING LICENSING COMMITTEE (MLC) MEETINGS HELD IN FEBRUARY AND MARCH 2023","https://www.mmmd.gov.zm/?p=2555"
"Sharon Mwaba Sabina Chanda","person_or_unclassified","Central","Kabwe","29989-HQ-AMR | 39315-HQ-AMR | 39636-HQ-AMR","Cancelled | Approved","gold","1","7","Zinc/Gold/Copper","CANCELLATION OF NON-COMPLIANT MINING AND NON-MINING RIGHTS BY THE MINING LICENSING COMMITTEE (MLC)","https://www.mmmd.gov.zm/?p=2787"
"Shearzone Resources Limited","organization","North Western","Mwinilunga","20798-HQ-LEL | 21907-HQ-LEL","REJECTED | Cancelled","gemstones","1","21685","Gold/Nickel/Platinum Group Metals","RESULTS OF THE 75TH MINING LICENSING COMMITTEE (MLC) MEETING HELD FROM 27TH TO 29TH SEPTEMBER 2023","https://www.mmmd.gov.zm/?p=2618"
"Sheira Kabwe","person_or_unclassified","Northern","Mporokoso","34221-HQ-AMR","Approved","critical_battery","1","7","Manganese/Quartz/Silica","RESULTS OF THE 74TH MINING LICENSING COMMITTEE (MLC) MEETING HELD FROM 3RD TO 4TH AUGUST 2023","https://www.mmmd.gov.zm/?p=2598"
"Shellen Lungu","person_or_unclassified","Southern","Choma","36083-HQ-AMR","Approved","gemstones","1","7","Tantalum/Tin/Tungsten","RESULTS OF THE 77TH MINING LICENSING COMMITTEE (MLC) MEETING HELD ON 11TH TO 12TH JANUARY 2024","https://www.mmmd.gov.zm/?p=2675"
"Shellen Matambo","person_or_unclassified","Northern","Luwingu","27322-HQ-AMR","Approved","critical_battery","1","7","Lead/Manganese/Zinc","RESULTS OF THE 73RD MINING LICENSING COMMITTEE (MLC) MEETING HELD FROM 29TH TO 30TH JUNE 2023","https://www.mmmd.gov.zm/?p=2583"
"Shelo Company Limited","organization","Copperbelt","Luanshya, Lufwanyama","7275-HQ-SML","Approved | Cancelled","gemstones","1","177","Emerald/Beryllium","RESULTS OF THE 72ND MINING LICENSING COMMITTEE (MLC) MEETING HELD FROM 17TH TO 22 MAY 2023","https://www.mmmd.gov.zm/?p=2559"
"Shen Zhou Investment Compmay Limited","organization","Central","Chibombo","20247-HQ-SML","Deferred | Approved","industrial_minerals","1","79","Limestone (General)/Granite/Crushed/Broken Stone","RESULTS OF THE 85TH MINING LICENSING COMMITTEE (MLC) MEETING HELD ON 5TH MARCH, 2025","https://www.mmmd.gov.zm/?p=4013"
"Sherco investment limited","organization","North Western | Lusaka | Central","Kasempa | Chongwe | Kapiri Mposhi | Kabwe | Mumbwa","37811-HQ-SEL | 38464-HQ-LEL | 38453-HQ-SEL | 38575-HQ-SEL | 40598-HQ-LEL","Deferred | Approved","critical_battery","5","9671","Gold/Copper/Cobalt","RESULTS OF THE 80TH MINING LICENSING COMMITTEE (MLC) MEETING HELD ON 6TH TO 7TH AND 10TH JUNE 2024","https://www.mmmd.gov.zm/?p=2849"
"SHihong Minerals Limited","organization","North Western | Eastern | Lusaka","Mwinilunga | Chadiza, Chipata | Chongwe","38595-HQ-LEL | 39043-HQ-LEL | 39044-HQ-SEL","Approved","critical_battery","3","5070","Silver/Zinc/Gold","RESULTS OF THE 83RD MINING LICENSING COMMITTEE (MLC) MEETING HELD ON 30TH OCTOBER, 2024","https://www.mmmd.gov.zm/?p=3515"
"Shikuha Minerals Limited","organization","Southern","Mazabuka","38428-HQ-LEL","Approved","critical_battery","1","6253","Nickel/Manganese/Silver","RESULTS OF THE 82ND MINING LICENSING COMMITTEE (MLC) MEETING HELD ON 11TH SEPTEMBER, 2024","https://www.mmmd.gov.zm/?p=3378"
"Shimabu Mining Limited","organization","Southern","Gwembe","22912-HQ-LEL | 41420-HQ-LML","Approved | DEFERRED","energy_minerals","1","3653","Coal","RESULTS OF THE 74TH MINING LICENSING COMMITTEE (MLC) MEETING HELD FROM 3RD TO 4TH AUGUST 2023","https://www.mmmd.gov.zm/?p=2598"
"Shimumu Investment Limited","organization","Northern | Southern | Central","Mpika | Siavonga | Mumbwa | Mkushi","35258-HQ-LEL | 35334-HQ-SEL | 35335-HQ-SEL | 35438-HQ-SEL","Deferred | Approved | Rejected | REJECTED","critical_battery","2","988","Quartz/Zinc/Manganese","RESULTS OF THE 77TH MINING LICENSING COMMITTEE (MLC) MEETING HELD ON 11TH TO 12TH JANUARY 2024","https://www.mmmd.gov.zm/?p=2675"
"Shindumba Mining Limited","organization","North Western","Mwinilunga, Solwezi","31247-HQ-LEL","Approved","critical_battery","1","63901","Nickel/Silver/Zinc","RESULTS OF THE 73RD MINING LICENSING COMMITTEE (MLC) MEETING HELD FROM 29TH TO 30TH JUNE 2023","https://www.mmmd.gov.zm/?p=2583"
"SHINETH RESOURCE MINING LIMITED","organization","Copperbelt | Eastern | North Western | Northern","Kalulushi, Lufwanyama | Lundazi | Kabompo | Chinsali, Mpika","38972-HQ-LEL | 39271-HQ-LEL | 39753-HQ-LEL | 39754-HQ-LEL","Approved | DEFERRED | APPROVED","gemstones","3","57617","Malachite/Gold/Copper","RESULTS OF THE 84TH MINING LICENSING COMMITTEE (MLC) MEETING HELD ON 12TH DECEMBER, 2024","https://www.mmmd.gov.zm/?p=3780"
"Shireen Ahmed  Dalal","person_or_unclassified","Eastern | North Western","Petauke | Mufumbwe","40400-HQ-AMR | 40502-HQ-AMR","Approved | Deferred","gold","1","7","Iron Ore/Silver/Zinc","RESULTS OF THE 88TH MINING LICENSING COMMITTEE (MLC) MEETING HELD ON 30TH MAY, 2025","https://www.mmmd.gov.zm/?p=4111"
"SHIWANGANDU MULTI PURPOSE CO-OPERATIVE SOCIETY LIMITED","organization","Northern","Chinsali","36559-HQ-AMR | 36560-HQ-AMR","APPROVED","critical_battery","1","7","Manganese/Quartz/Limestone (General)","RESULTS OF THE EXTRA ORDINARY MINING LICENSING COMMITTEE (MLC) MEETING HELD ON 27TH OCTOBER 2023","https://www.mmmd.gov.zm/?p=2626"
"Shoe Bill Resources Limited","organization","North Western | Central","Mwinilunga | Mumbwa | Mkushi | Kapiri Mposhi, Mkushi","38881-HQ-LEL | 39229-HQ-SEL | 39500-HQ-SEL | 39510-HQ-SEL | 39509-HQ-LEL","Approved | DEFERRED | APPROVED","critical_battery","5","19633","Copper/Gold/Iron Ore","RESULTS OF THE 83RD MINING LICENSING COMMITTEE (MLC) MEETING HELD ON 30TH OCTOBER, 2024","https://www.mmmd.gov.zm/?p=3515"
"Shoots chifundo  Shangala","person_or_unclassified","Copperbelt","Lufwanyama","37665-HQ-AMR","","gemstones","1","3","Mica/Green tourmaline/Silica","RESULTS OF THE 83RD MINING LICENSING COMMITTEE (MLC) MEETING HELD ON 30TH OCTOBER, 2024","https://www.mmmd.gov.zm/?p=3515"
"Showplus Investment Limited","organization","Southern","Kazungula, Livingstone","36245-HQ-LEL","Approved","gemstones","1","8993","Tantalum/Lithium/Tin","RESULTS OF THE 77TH MINING LICENSING COMMITTEE (MLC) MEETING HELD ON 11TH TO 12TH JANUARY 2024","https://www.mmmd.gov.zm/?p=2675"
"Showplus Investments Limited","organization","Southern","Choma","38130-HQ-SML | 38131-HQ-SML | 38132-HQ-SML","Approved","gemstones","4","10103","Amethyst/Aquamarine/Coal","RESULTS OF THE 81ST MINING LICENSING COMMITTEE (MLC) MEETING HELD ON 31ST JULY, 2024","https://www.mmmd.gov.zm/?p=2923"
"Shree  Agro Farm Limited","organization","Southern | Luapula","Itezhi Tezhi | Mansa","34477-HQ-LEL | 33017-HQ-LEL","Approved","gemstones","1","12593","Quartz/Manganese/Rare EarthsElements","RESULTS OF THE 77TH MINING LICENSING COMMITTEE (MLC) MEETING HELD ON 11TH TO 12TH JANUARY 2024","https://www.mmmd.gov.zm/?p=2675"
"Shree Agro Farm Limited","organization","Southern | Luapula","Itezhi Tezhi | Mansa","34477-HQ-LEL | 33017-HQ-LEL","Approved","gemstones","1","2687","Quartz/Manganese/Rare EarthsElements","RESULTS OF THE 77TH MINING LICENSING COMMITTEE (MLC) MEETING HELD ON 11TH TO 12TH JANUARY 2024","https://www.mmmd.gov.zm/?p=2675"
"Shri Subh Metals Limited","organization","North Western","Mufumbwe","39848-HQ-LEL","Approved","critical_battery","1","1127","Malachite/Lead/Zinc","RESULTS OF THE 86TH MINING LICENSING COMMITTEE (MLC) MEETING HELD ON 27TH MARCH 2025","https://www.mmmd.gov.zm/?p=4061"
"Shrinath Company Limited","organization","Southern | Northern | Central","Itezhi Tezhi | Mbala, Mpulungu | Mumbwa | Itezhi Tezhi, Namwala","37299-HQ-LEL | 37771-HQ-LEL | 37316-HQ-LEL | 39073-HQ-LEL","Approved | APPROVED","gemstones","4","354887","Copper/Nickel/Lead","RESULTS OF THE 78TH MINING LICENSING COMMITTEE (MLC) MEETING HELD ON 27TH FEBRUARY TO 1ST MARCH 2024","https://www.mmmd.gov.zm/?p=2785"
"Shultz Mining  Limited","organization","Copperbelt","Lufwanyama","7765-HQ-SML","APPROVED | Cancelled","gemstones","1","128","Emerald/Beryllium","RESULTS OF THE EXTRA ORDINARY MINING LICENSING COMMITTEE (MLC) MEETING HELD ON 27TH OCTOBER 2023","https://www.mmmd.gov.zm/?p=2626"
"Shuumbwa Resources Limited","organization","North Western","Mwinilunga","38588-HQ-LEL","Approved","gemstones","1","3983","Nickel/Quartz/Malachite","RESULTS OF THE 82ND MINING LICENSING COMMITTEE (MLC) MEETING HELD ON 11TH SEPTEMBER, 2024","https://www.mmmd.gov.zm/?p=3378"
"Siam Mining Zambia Limited","organization","Southern","Namwala | Choma, Sinazongwe","38165-HQ-LEL | 38865-HQ-SEL | 40576-HQ-SEL","Approved | Rejected","gemstones","3","7997","Tin/Copper/Coal","RESULTS OF THE 83RD MINING LICENSING COMMITTEE (MLC) MEETING HELD ON 30TH OCTOBER, 2024","https://www.mmmd.gov.zm/?p=3515"
"Sianzovu Community Mining Cooperative","organization","Southern","Kalomo","33188-HQ-AMR","APPROVED","gemstones","1","7","Quartz/Nickel/Manganese","RESULTS OF THE 75TH MINING LICENSING COMMITTEE (MLC) MEETING HELD FROM 27TH TO 29TH SEPTEMBER 2023","https://www.mmmd.gov.zm/?p=2618"
"Siavonga Mining Multi-Purpose Co-operative Limited","organization","Southern","Siavonga","38675-HQ-AMR","","gemstones","1","7","Gold/Silica/Tantalum","RESULTS OF THE 84TH MINING LICENSING COMMITTEE (MLC) MEETING HELD ON 12TH DECEMBER, 2024","https://www.mmmd.gov.zm/?p=3780"
"Sibir Investment Limited","organization","Central","Kapiri Mposhi","32550-HQ-SEL | 33435-HQ-SEL","Rejected | Approved","critical_battery","1","955","Rare EarthsElements/Tantalum/Zinc","SUBJECT: RESULTS OF THE 79TH MINING LICENSING COMMITTEE (MLC) MEETING HELD ON 11TH TO 12TH APRIL 2024","https://www.mmmd.gov.zm/?p=2794"
"SIBRU MINING INVESTMENTS LIMITED","organization","North Western","Mwinilunga","39188-HQ-LEL | 39189-HQ-LEL | 39190-HQ-LEL","Approved","gemstones","4","72300","Nickel/Silver/Zinc","RESULTS OF THE 84TH MINING LICENSING COMMITTEE (MLC) MEETING HELD ON 12TH DECEMBER, 2024","https://www.mmmd.gov.zm/?p=3780"
"Sichanzu Multipurpose Cooperative  society Limited","organization","Central","Mumbwa","38953-HQ-AMR | 38954-HQ-AMR | 38955-HQ-AMR | 38958-HQ-AMR","Deferred | Approved","critical_battery","4","26","Iron Ore/Zinc/Gold","RESULTS OF THE 84TH MINING LICENSING COMMITTEE (MLC) MEETING HELD ON 12TH DECEMBER, 2024","https://www.mmmd.gov.zm/?p=3780"
"Sichipema Resources Limited","organization","Central","Mkushi | Kapiri Mposhi | Serenje","32198-HQ-SEL | 32221-HQ-SEL | 32222-HQ-SEL | 32224-HQ-SEL | 40109-HQ-SML","Approved","critical_battery","6","1082","Gold/Manganese/Cobalt","RESULTS OF THE 72ND MINING LICENSING COMMITTEE (MLC) MEETING HELD FROM 17TH TO 22 MAY 2023","https://www.mmmd.gov.zm/?p=2559"
"Sidhi Vinayak Base Metal Limited","organization","","","29643-HQ-LEL | 29644-HQ-LEL | 29648-HQ-LEL","Cancelled","critical_battery","3","1106","Manganese","CANCELLATION OF NON-COMPLIANT MINING AND NON-MINING RIGHTS BY THE MINING LICENSING COMMITTEE (MLC)","https://www.mmmd.gov.zm/?p=2787"
"Sidone Life Chibuye","person_or_unclassified","Central","Mkushi","30505-HQ-AMR","","critical_battery","1","3","Iron Ore/Manganese/Gold","RESULTS OF THE 76TH MINING LICENSING COMMITTEE (MLC) MEETING HELD ON 17TH AND 20TH NOVEMBER 2023","https://www.mmmd.gov.zm/?p=2640"
"Siege Mining Limited","organization","Central","Chibombo","30074-HQ-SML | 28575-HQ-SEL","Approved | Cancelled","critical_battery","1","399","Zinc/Manganese","REMINDER ON RESULTS OF THE 70TH AND 71ST MINING LICENSING COMMITTEE (MLC) MEETINGS HELD IN FEBRUARY AND MARCH 2023","https://www.mmmd.gov.zm/?p=2555"
"Silazo Enterprises Limited","organization","Central","Mumbwa | Mkushi","33355-HQ-SEL | 36509-HQ-SEL | 34765-HQ-SEL | 36508-HQ-SEL","APPROVED | Approved","gemstones","4","1246","Gold/Copper/Aquamarine","RESULTS OF THE 75TH MINING LICENSING COMMITTEE (MLC) MEETING HELD FROM 27TH TO 29TH SEPTEMBER 2023","https://www.mmmd.gov.zm/?p=2618"
"Silchil Construction Solutions Ltd","organization","","","20208-HQ-SML","Cancelled","construction_materials","1","3","Sandstone/Lightweight Aggregate","CANCELLATION OF NON-COMPLIANT MINING AND NON-MINING RIGHTS BY THE MINING LICENSING COMMITTEE (MLC)","https://www.mmmd.gov.zm/?p=2787"
"Silgram Energy and Mining Suppliers Limited","organization","Central | Lusaka","Mumbwa | Chongwe","33485-HQ-SEL | 33487-HQ-SEL | 42292-HQ-SEL","","critical_battery","2","624","Gold/Copper/Cobalt","RESULTS OF THE 80TH MINING LICENSING COMMITTEE (MLC) MEETING HELD ON 6TH TO 7TH AND 10TH JUNE 2024","https://www.mmmd.gov.zm/?p=2849"
"Silondwa Safaris Limited","organization","Southern | Central","Monze | Mumbwa","38689-HQ-SEL | 40578-HQ-SEL","Approved","gold","2","1816","Iron Ore/Gold/Copper","RESULTS OF THE 83RD MINING LICENSING COMMITTEE (MLC) MEETING HELD ON 30TH OCTOBER, 2024","https://www.mmmd.gov.zm/?p=3515"
"Silver creek  Mining Limited","organization","Central","Mumbwa; Southern, Itezhi Tezhi | Mumbwa","33996-HQ-LEL | 32856-HQ-MPL","Approved | Deferred | APPROVED","gold","1","20066","Silver/Zinc/Gold","RESULTS OF THE 76TH MINING LICENSING COMMITTEE (MLC) MEETING HELD ON 17TH AND 20TH NOVEMBER 2023","https://www.mmmd.gov.zm/?p=2640"
"Silver Grown Investment Limited","organization","North Western | Central","Kasempa | Mumbwa","38538-HQ-MPL | 37792-HQ-MPL","Approved","gold","2","13","Gold/Copper","RESULTS OF THE 82ND MINING LICENSING COMMITTEE (MLC) MEETING HELD ON 11TH SEPTEMBER, 2024","https://www.mmmd.gov.zm/?p=3378"
"SILVER JACKET GENERAL DEALERS LIMITED","organization","Central | Copperbelt | Lusaka | Eastern","Mumbwa | Lufwanyama | Kafue | Chipata, Lundazi","37098-HQ-LEL | 37099-HQ-LEL | 37100-HQ-LEL | 37164-HQ-LEL","Approved | Deferred","critical_battery","3","48061","Iron Ore/Manganese/Copper","RESULTS OF THE 77TH MINING LICENSING COMMITTEE (MLC) MEETING HELD ON 11TH TO 12TH JANUARY 2024","https://www.mmmd.gov.zm/?p=2675"
"Silver Pearl Motors Limited","organization","Southern | Central | Northern | Lusaka","Kalomo, Kazungula | Serenje | Mumbwa | Mpika | Chongwe","34104-HQ-SEL | 37291-HQ-SEL | 37158-HQ-LEL | 37089-HQ-SEL | 38298-HQ-SEL","APPROVED | Approved | Deferred","gemstones","5","3712","Gold/Copper/Cobalt","RESULTS OF THE 75TH MINING LICENSING COMMITTEE (MLC) MEETING HELD FROM 27TH TO 29TH SEPTEMBER 2023","https://www.mmmd.gov.zm/?p=2618"
"Silver Rock Mining Limited","organization","Southern","Itezhi Tezhi","32845-HQ-LEL | 32848-HQ-LEL | 32853-HQ-LEL | 32849-HQ-SEL | 32847-HQ-LEL","Approved | Deferred | Rejected","gemstones","1","1528","Silica/Quartz/Mica","RESULTS OF THE 72ND MINING LICENSING COMMITTEE (MLC) MEETING HELD FROM 17TH TO 22 MAY 2023","https://www.mmmd.gov.zm/?p=2559"
"Silvia Mulenga","person_or_unclassified","Luapula","Mwense","39469-HQ-AMR","Approved","critical_battery","1","7","Sand/Manganese/Zinc","RESULTS OF THE 85TH MINING LICENSING COMMITTEE (MLC) MEETING HELD ON 5TH MARCH, 2025","https://www.mmmd.gov.zm/?p=4013"
"Simba Venture Limited","organization","Central | North Western","Kabwe | Kasempa","37071-HQ-SEL | 37065-HQ-SEL","Approved","gemstones","2","398","Iron Ore/Zinc/Manganese","RESULTS OF THE 80TH MINING LICENSING COMMITTEE (MLC) MEETING HELD ON 6TH TO 7TH AND 10TH JUNE 2024","https://www.mmmd.gov.zm/?p=2849"
"Simba Ventures Limited","organization","Central | Luapula","Kapiri Mposhi | Mansa | Chibombo","36951-HQ-SEL | 36950-HQ-SEL","Approved | Deferred","critical_battery","2","1631","Lead/Manganese/Zinc","RESULTS OF THE 77TH MINING LICENSING COMMITTEE (MLC) MEETING HELD ON 11TH TO 12TH JANUARY 2024","https://www.mmmd.gov.zm/?p=2675"
"SIMBARA MINING LIMITED","organization","Southern | Central | North Western","Kalomo | Mumbwa | Mwinilunga","39999-HQ-SEL | 40649-HQ-SEL | 40678-HQ-SEL","Approved | Deferred","gemstones","2","59","Aquamarine/Amethyst/Zinc","RESULTS OF THE 85TH MINING LICENSING COMMITTEE (MLC) MEETING HELD ON 5TH MARCH, 2025","https://www.mmmd.gov.zm/?p=4013"
"Simon Masumba","person_or_unclassified","Eastern","Lundazi","33302-HQ-AMR","Approved","gemstones","2","13","Lead/Iron Ore/Manganese","RESULTS OF THE 73RD MINING LICENSING COMMITTEE (MLC) MEETING HELD FROM 29TH TO 30TH JUNE 2023","https://www.mmmd.gov.zm/?p=2583"
"Simon Muma Kalunda","person_or_unclassified","Northern","Mpika","33584-HQ-AMR","Approved","gemstones","1","7","Silver/Tourmaline/Gold","RESULTS OF THE 82ND MINING LICENSING COMMITTEE (MLC) MEETING HELD ON 11TH SEPTEMBER, 2024","https://www.mmmd.gov.zm/?p=3378"
"Simon Sakala","person_or_unclassified","Central","Serenje | Mumbwa","32423-HQ-AMR | 30349-HQ-AMR","Approved | Cancelled | Deferred","critical_battery","1","7","Manganese/Quartz/Copper","RESULTS OF THE 72ND MINING LICENSING COMMITTEE (MLC) MEETING HELD FROM 17TH TO 22 MAY 2023","https://www.mmmd.gov.zm/?p=2559"
"Simum General Dealers and Construction Limited","organization","Central | Luapula","Mkushi | Mansa, Mwense | Mkushi; Copperbelt, Masaiti","32100-HQ-LEL | 32157-HQ-LEL | 33162-HQ-LEL","Approved","gemstones","3","16769","Copper/Gold/Manganese","RESULTS OF THE 72ND MINING LICENSING COMMITTEE (MLC) MEETING HELD FROM 17TH TO 22 MAY 2023","https://www.mmmd.gov.zm/?p=2559"
"SIMWAMI MINERAL RESOURCES LIMITED","organization","North Western | Central","Solwezi | Kasempa | Chibombo","38773-HQ-LEL | 38961-HQ-SEL | 39838-HQ-SEL | 40119-HQ-LEL","Approved | DEFERRED | Deferred","gold","2","2385","Gold/Iron Ore/Cobalt","RESULTS OF THE 84TH MINING LICENSING COMMITTEE (MLC) MEETING HELD ON 12TH DECEMBER, 2024","https://www.mmmd.gov.zm/?p=3780"
"SINANKUMBI MINING COOPERATIVE SOCIETY LIMITED","organization","Southern","Sinazongwe","38401-HQ-AMR","","gemstones","1","7","Tin/Gemstones/Tourmaline","RESULTS OF THE 83RD MINING LICENSING COMMITTEE (MLC) MEETING HELD ON 30TH OCTOBER, 2024","https://www.mmmd.gov.zm/?p=3515"
"SINKING MINING LIMITED","organization","North Western","Mufumbwe","39466-HQ-SEL","Approved","critical_battery","1","30","Malachite/Limestone (General)/Nickel","RESULTS OF THE 85TH MINING LICENSING COMMITTEE (MLC) MEETING HELD ON 5TH MARCH, 2025","https://www.mmmd.gov.zm/?p=4013"
"Sino Great Chemical Company Limited","organization","Central | Eastern","Chibombo, Kabwe, Kapiri Mposhi | Katete, Mambwe, Petauke | Katete, Petauke","34693-HQ-LEL | 39791-HQ-LEL | 40019-HQ-SEL","Deferred | APPROVED | Rejected","gemstones","1","72516","Malachite/Iron Ore/Nickel","RESULTS OF THE 82ND MINING LICENSING COMMITTEE (MLC) MEETING HELD ON 11TH SEPTEMBER, 2024","https://www.mmmd.gov.zm/?p=3378"
"Sino Great Development Company Zambia Limited","organization","Southern","Kalomo","33583-HQ-LEL | 33581-HQ-LEL | 33582-HQ-LEL","APPROVED | Approved","critical_battery","1","5747","Tin/Tantalum/Zinc","RESULTS OF THE 75TH MINING LICENSING COMMITTEE (MLC) MEETING HELD FROM 27TH TO 29TH SEPTEMBER 2023","https://www.mmmd.gov.zm/?p=2618"
"Sino Great Development Company(Zambia) Limited","organization","Southern","Kalomo","33583-HQ-LEL | 33581-HQ-LEL | 33582-HQ-LEL","APPROVED | Approved","critical_battery","1","7592","Tin/Tantalum/Zinc","RESULTS OF THE 75TH MINING LICENSING COMMITTEE (MLC) MEETING HELD FROM 27TH TO 29TH SEPTEMBER 2023","https://www.mmmd.gov.zm/?p=2618"
"Sino Great Logistics Company Limited","organization","Southern | Eastern","Kalomo, Sinazongwe | Katete","36741-HQ-LEL | 36742-HQ-LEL | 39335-HQ-LML | 39354-HQ-LML","Approved","gemstones","4","38558","Talc-Soapstone/Coal/Limestone (General)","RESULTS OF THE 77TH MINING LICENSING COMMITTEE (MLC) MEETING HELD ON 11TH TO 12TH JANUARY 2024","https://www.mmmd.gov.zm/?p=2675"
"Sino Superstar Investment Limited","organization","Southern","Sinazongwe","40682-HQ-LEL","Approved","gemstones","1","3229","Nickel/Manganese/Zinc","RESULTS OF THE 88TH MINING LICENSING COMMITTEE (MLC) MEETING HELD ON 30TH MAY, 2025","https://www.mmmd.gov.zm/?p=4111"
"Sino West Mining Company","organization","Central","Chibombo","15320-HQ-LPL","DEFERRED","critical_battery","1","12079","Manganese/Silver/Gold","RESULTS OF THE 87TH MINING LICENSING COMMITTEE (MLC) MEETING HELD ON 7TH MAY, 2025","https://www.mmmd.gov.zm/?p=4069"
"SINO-ARAB Investments Limited","organization","Luapula","Milenge","40034-HQ-SEL","APPROVED","critical_battery","1","670","Iron Ore/Manganese/Zinc","RESULTS OF THE 86TH MINING LICENSING COMMITTEE (MLC) MEETING HELD ON 27TH MARCH 2025","https://www.mmmd.gov.zm/?p=4061"
"Sino-Kasempa Minerals Limited","organization","Central","Kabwe, Kapiri Mposhi","39602-HQ-LEL","Approved","critical_battery","2","35820","Gold/Zinc/Copper","RESULTS OF THE 86TH MINING LICENSING COMMITTEE (MLC) MEETING HELD ON 27TH MARCH 2025","https://www.mmmd.gov.zm/?p=4061"
"SINOMINE INTERNATIONAL (ZAMBIA) ENGINEERING COMPANY LIMITED","organization","Central","Mkushi | Kapiri Mposhi, Mkushi | Mumbwa","40214-HQ-LEL | 40215-HQ-LEL | 40216-HQ-SEL","APPROVED | Deferred","gold","2","44554","Malachite/Gold/Copper","RESULTS OF THE 87TH MINING LICENSING COMMITTEE (MLC) MEETING HELD ON 7TH MAY, 2025","https://www.mmmd.gov.zm/?p=4069"
"Sinomine Resource Geological Engineering Company Limited","organization","Eastern","Chama","27335-HQ-LEL | 27336-HQ-LEL | 27335-HQ-LPL","DEFERRED | APPROVED","gemstones","2","52612","Gold/Manganese/Beryllium","RESULTS OF THE 85TH MINING LICENSING COMMITTEE (MLC) MEETING HELD ON 5TH MARCH, 2025","https://www.mmmd.gov.zm/?p=4013"
"Sinseong Development Company Limited","organization","North Western","Kabompo, Mwinilunga | Kabompo, Mufumbwe | Mufumbwe","29809-HQ-SEL | 38911-HQ-SEL | 39161-HQ-LEL | 39760-HQ-SEL","Cancelled | Deferred | APPROVED | Rejected | REJECTED","gemstones","2","11053","Gold/Copper/Cobalt","CANCELLATION OF NON-COMPLIANT MINING AND NON-MINING RIGHTS BY THE MINING LICENSING COMMITTEE (MLC)","https://www.mmmd.gov.zm/?p=2787"
"Siraj Solutions Company Limited","organization","North Western | Western | Central","Solwezi | Kaoma, Lukulu | Mwinilunga | Chibombo | Mkushi","39367-HQ-LEL | 39579-HQ-LEL | 39580-HQ-LEL | 39752-HQ-LEL | 39766-HQ-LEL","APPROVED","gemstones","5","47951","Copper/Cobalt/Gold","RESULTS OF THE 85TH MINING LICENSING COMMITTEE (MLC) MEETING HELD ON 5TH MARCH, 2025","https://www.mmmd.gov.zm/?p=4013"
"SIRMUSA MINERALS LIMITED","organization","North Western","Solwezi","38599-HQ-SEL | 38836-HQ-SEL","Approved","gemstones","2","67","Manganese/Silver/Zinc","RESULTS OF THE 83RD MINING LICENSING COMMITTEE (MLC) MEETING HELD ON 30TH OCTOBER, 2024","https://www.mmmd.gov.zm/?p=3515"
"Sitepe Cooperative Society Limited","organization","North Western","Kasempa","35554-HQ-AMR","Approved","gemstones","1","7","Manganese/Malachite/Nickel","RESULTS OF THE 77TH MINING LICENSING COMMITTEE (MLC) MEETING HELD ON 11TH TO 12TH JANUARY 2024","https://www.mmmd.gov.zm/?p=2675"
"Sitonia Limited","organization","","","7093-HQ-SML","Cancelled","gemstones","1","512","Beryllium","CANCELLATION OF NON-COMPLIANT MINING AND NON-MINING RIGHTS BY THE MINING LICENSING COMMITTEE (MLC)","https://www.mmmd.gov.zm/?p=2787"
"SIXM ENTERPRISE LIMITED","organization","Northern | Central","Chinsali, Mpika | Kapiri Mposhi","39689-HQ-SEL | 41918-HQ-SEL","Approved","critical_battery","1","13","Manganese/Silver/Zinc","RESULTS OF THE 85TH MINING LICENSING COMMITTEE (MLC) MEETING HELD ON 5TH MARCH, 2025","https://www.mmmd.gov.zm/?p=4013"
"Sixtus Trading Limited","organization","Northern | Southern","Mpika | Mazabuka, Siavonga","38767-HQ-LEL | 38540-HQ-SEL | 38669-HQ-SEL | 39031-HQ-SEL","Approved","gemstones","4","11399","Gold/Copper/Rare EarthsElements","RESULTS OF THE 84TH MINING LICENSING COMMITTEE (MLC) MEETING HELD ON 12TH DECEMBER, 2024","https://www.mmmd.gov.zm/?p=3780"
"SK Civil Worksmen and Construction LTD","organization","North Western | Southern","Kasempa | Kalomo | Mufumbwe | Kasempa, Mufumbwe, Solwezi | Monze, Namwala","35470-HQ-LEL | 37265-HQ-LEL | 37264-HQ-SEL | 37313-HQ-SEL | 37846-HQ-SEL | 38344-HQ-LEL | 39238-HQ-LEL | 41566-HQ-LEL","Approved | Rejected","gemstones","4","2909","Nickel/Lead/Zinc","RESULTS OF THE 76TH MINING LICENSING COMMITTEE (MLC) MEETING HELD ON 17TH AND 20TH NOVEMBER 2023","https://www.mmmd.gov.zm/?p=2640"
"SK Rural Development Company Limited","organization","Southern","Kalomo, Kazungula","29268-HQ-LEL","Approved","critical_battery","1","64773","Silver/Manganese/Tantalum","REMINDER ON RESULTS OF THE 70TH AND 71ST MINING LICENSING COMMITTEE (MLC) MEETINGS HELD IN FEBRUARY AND MARCH 2023","https://www.mmmd.gov.zm/?p=2555"
"Skopos Resources Limited","organization","Copperbelt | Central","Lufwanyama | Mumbwa","37057-HQ-SEL | 37058-HQ-SEL | 41742-HQ-SEL","Approved","gemstones","1","110","Quartz/Emerald/Beryllium","RESULTS OF THE 77TH MINING LICENSING COMMITTEE (MLC) MEETING HELD ON 11TH TO 12TH JANUARY 2024","https://www.mmmd.gov.zm/?p=2675"
"Sky Africa Engineering & Construction Limited","organization","","","24166-HQ-SML | 27419-HQ-SEL","Cancelled","construction_materials","1","261","Sand and Gravel","CANCELLATION OF NON-COMPLIANT MINING AND NON-MINING RIGHTS BY THE MINING LICENSING COMMITTEE (MLC)","https://www.mmmd.gov.zm/?p=2787"
"SKY AKM Trading Limited","organization","Lusaka","Chongwe","32812-HQ-SEL","Approved","critical_battery","2","5512","Platinum/Lead/Zinc","RESULTS OF THE 72ND MINING LICENSING COMMITTEE (MLC) MEETING HELD FROM 17TH TO 22 MAY 2023","https://www.mmmd.gov.zm/?p=2559"
"SKY GROW INVESTMENTS LIMITED","organization","North Western","Kasempa","37699-HQ-SEL","","critical_battery","1","922","Malachite/Manganese/Zinc","RESULTS OF THE 80TH MINING LICENSING COMMITTEE (MLC) MEETING HELD ON 6TH TO 7TH AND 10TH JUNE 2024","https://www.mmmd.gov.zm/?p=2849"
"Smart Deal Tech Limited","organization","Central","Kapiri Mposhi","36448-HQ-SEL","Deferred","gold","1","860","Gold/Copper/Cobalt","RESULTS OF THE 78TH MINING LICENSING COMMITTEE (MLC) MEETING HELD ON 27TH FEBRUARY TO 1ST MARCH 2024","https://www.mmmd.gov.zm/?p=2785"
"Smart Mwape","person_or_unclassified","Northern","Mporokoso","33125-HQ-AMR | 30353-HQ-AMR","Approved | Cancelled","gemstones","2","14","Manganese/Quartz/Tourmaline","RESULTS OF THE 73RD MINING LICENSING COMMITTEE (MLC) MEETING HELD FROM 29TH TO 30TH JUNE 2023","https://www.mmmd.gov.zm/?p=2583"
"Smart Wood Limited","organization","","","19645-HQ-SML | 26490-HQ-SML","Cancelled","critical_battery","2","63","Silver/Tantalum/Tin","CANCELLATION OF NON-COMPLIANT MINING AND NON-MINING RIGHTS BY THE MINING LICENSING COMMITTEE (MLC)","https://www.mmmd.gov.zm/?p=2787"
"SMR Construction Limited","organization","Northern | Lusaka","Chinsali | Chongwe","36715-HQ-LEL | 38391-HQ-LEL","Approved | Rejected","gemstones","1","1344","Silver/Nickel/Zinc","RESULTS OF THE 77TH MINING LICENSING COMMITTEE (MLC) MEETING HELD ON 11TH TO 12TH JANUARY 2024","https://www.mmmd.gov.zm/?p=2675"
"Sofitel Investments Limited","organization","Southern | North Western","Gwembe | Chavuma, Zambezi | Kalomo","30056-HQ-LEL | 30273-HQ-SEL | 27080-HQ-SEL | 37582-HQ-LEL | 27079-HQ-SEL","Rejected | Cancelled | Deferred | Approved","gemstones","1","20682","Manganese/Malachite/Nickel","REMINDER ON RESULTS OF THE 70TH AND 71ST MINING LICENSING COMMITTEE (MLC) MEETINGS HELD IN FEBRUARY AND MARCH 2023","https://www.mmmd.gov.zm/?p=2555"
"Sokotela Investments Ltd","organization","Central","Mumbwa","29908-HQ-SML","Approved","gold","2","198","Granite/Limestone (General)/Copper","RESULTS OF THE 83RD MINING LICENSING COMMITTEE (MLC) MEETING HELD ON 30TH OCTOBER, 2024","https://www.mmmd.gov.zm/?p=3515"
"Solanga Enterprise Limited","organization","Lusaka","Chongwe","39698-HQ-SEL","Approved","gemstones","1","46","Gold/Iron Ore/Silver","RESULTS OF THE 85TH MINING LICENSING COMMITTEE (MLC) MEETING HELD ON 5TH MARCH, 2025","https://www.mmmd.gov.zm/?p=4013"
"Solid Connections Zambia Limited","organization","Central","Mkushi, Serenje","39001-HQ-LEL","Approved","critical_battery","1","11847","Nickel/Manganese/Quartz","RESULTS OF THE 83RD MINING LICENSING COMMITTEE (MLC) MEETING HELD ON 30TH OCTOBER, 2024","https://www.mmmd.gov.zm/?p=3515"
"Solidstone Construction Limited","organization","","","28043-HQ-LEL | 25903-HQ-SEL | 25669-HQ-LEL | 25294-HQ-SEL","Cancelled","critical_battery","1","260","Manganese","CANCELLATION OF NON-COMPLIANT MINING AND NON-MINING RIGHTS BY THE MINING LICENSING COMMITTEE (MLC)","https://www.mmmd.gov.zm/?p=2787"
"Solola Multi-purpose Co-operative","organization","North Western","Chavuma","39690-HQ-AMR","Approved","gold","2","13","Gold/Copper/Silver","RESULTS OF THE 85TH MINING LICENSING COMMITTEE (MLC) MEETING HELD ON 5TH MARCH, 2025","https://www.mmmd.gov.zm/?p=4013"
"Solplus Holdings Limited","organization","Southern","Kalomo, Kazungula | Kalomo","28053-HQ-SEL | 28098-HQ-SEL | 36611-HQ-LEL | 39527-HQ-SML | 40303-HQ-SML","Cancelled | Deferred | Approved","gemstones","3","80386","Amethyst/Quartz/Ruby","CANCELLATION OF NON-COMPLIANT MINING AND NON-MINING RIGHTS BY THE MINING LICENSING COMMITTEE (MLC)","https://www.mmmd.gov.zm/?p=2787"
"Solwezi Cement Limited","organization","","","28138-HQ-SML","Cancelled","critical_battery","1","37","Manganese/Silica/Limestone (General)","CANCELLATION OF NON-COMPLIANT MINING AND NON-MINING RIGHTS BY THE MINING LICENSING COMMITTEE (MLC)","https://www.mmmd.gov.zm/?p=2787"
"SOMNOR INVESTMENT LIMITED","organization","Central","Mumbwa","38399-HQ-MPL","Approved","gold","1","7","Gold/Copper","RESULTS OF THE 82ND MINING LICENSING COMMITTEE (MLC) MEETING HELD ON 11TH SEPTEMBER, 2024","https://www.mmmd.gov.zm/?p=3378"
"Sonda Resources Limited","organization","Luapula","Mansa","24836-HQ-SEL | 37787-HQ-SML | 38254-HQ-LML","Cancelled | Deferred | Approved | APPROVED","critical_battery","1","375","Pyrite/Quartz/Manganese","CANCELLATION OF NON-COMPLIANT MINING AND NON-MINING RIGHTS BY THE MINING LICENSING COMMITTEE (MLC)","https://www.mmmd.gov.zm/?p=2787"
"SOngachi Mining and Supplies Services Limited","organization","Luapula | Copperbelt","Mansa | Lufwanyama | Mufulira","38065-HQ-SEL | 37334-HQ-SEL | 39348-HQ-SEL | 40153-HQ-SEL","Approved","gemstones","4","1843","Copper/Gold/Iron Ore","RESULTS OF THE 81ST MINING LICENSING COMMITTEE (MLC) MEETING HELD ON 31ST JULY, 2024","https://www.mmmd.gov.zm/?p=2923"
"Sonia Patel","person_or_unclassified","Luapula","Samfya","40070-HQ-AMR","Approved","gemstones","1","7","Manganese/Sugilite/Zinc","RESULTS OF THE 87TH MINING LICENSING COMMITTEE (MLC) MEETING HELD ON 7TH MAY, 2025","https://www.mmmd.gov.zm/?p=4069"
"Sonkolo Mines & General Dealers Ltd","organization","","","25117-HQ-SML | 29027-HQ-SEL","Cancelled","critical_battery","1","392","Gold/Manganese/Cobalt","CANCELLATION OF NON-COMPLIANT MINING AND NON-MINING RIGHTS BY THE MINING LICENSING COMMITTEE (MLC)","https://www.mmmd.gov.zm/?p=2787"
"Sookol Enterprises Limited","organization","Copperbelt","Lufwanyama","37007-HQ-SEL | 37170-HQ-SEL | 37171-HQ-SEL","Approved | Deferred","gemstones","2","406","Nickel/Gold/Zinc","RESULTS OF THE 77TH MINING LICENSING COMMITTEE (MLC) MEETING HELD ON 11TH TO 12TH JANUARY 2024","https://www.mmmd.gov.zm/?p=2675"
"SOS Metals and Resources Limited","organization","Southern","Siavonga","33412-HQ-SEL","Approved","base_metals","1","237","Zinc","RESULTS OF THE 72ND MINING LICENSING COMMITTEE (MLC) MEETING HELD FROM 17TH TO 22 MAY 2023","https://www.mmmd.gov.zm/?p=2559"
"South Vale Coal Limited","organization","Southern | Eastern","Choma, Kalomo, Sinazongwe | Nyimba","31235-HQ-LEL | 35545-HQ-LML | 36675-HQ-LEL","Approved | Deferred","energy_minerals","2","8677","Quartz/Coal","RESULTS OF THE 72ND MINING LICENSING COMMITTEE (MLC) MEETING HELD FROM 17TH TO 22 MAY 2023","https://www.mmmd.gov.zm/?p=2559"
"Southern Africa Copper Company Limited","organization","Copperbelt | North Western","Mufulira | Mwinilunga | Ndola | Kitwe","35388-HQ-SEL | 37491-HQ-LEL | 37495-HQ-LEL | 38061-HQ-LEL | 38037-HQ-SEL | 38815-HQ-LEL | 38947-HQ-SEL","Approved | Deferred | REJECTED | Rejected","gemstones","4","8909","Iron Ore/Manganese/Zinc","RESULTS OF THE 78TH MINING LICENSING COMMITTEE (MLC) MEETING HELD ON 27TH FEBRUARY TO 1ST MARCH 2024","https://www.mmmd.gov.zm/?p=2785"
"Southern African Rare Metals Mining Company Limited","organization","Central | Luapula | Southern","Kapiri Mposhi | Kabwe | Kawambwa, Mwense | Choma","32264-HQ-SEL | 32931-HQ-SEL | 37763-HQ-LEL | 39569-HQ-SML","Approved | Deferred","critical_battery","3","94518","Tantalum/Tin/Rare EarthsElements","RESULTS OF THE 72ND MINING LICENSING COMMITTEE (MLC) MEETING HELD FROM 17TH TO 22 MAY 2023","https://www.mmmd.gov.zm/?p=2559"
"Southern Latitude Company Limited","organization","Southern","Siavonga","33422-HQ-LEL","Approved","gemstones","1","8798","Tantalum/Quartz/Vanadium","RESULTS OF THE 72ND MINING LICENSING COMMITTEE (MLC) MEETING HELD FROM 17TH TO 22 MAY 2023","https://www.mmmd.gov.zm/?p=2559"
"Southern Minerals And Mining Cooperative Society Limited","organization","Northern | Southern","Chinsali | Choma","35931-HQ-AMR","DEFERRED | Deferred","gemstones","1","7","Quartz/Manganese/Lithium","RESULTS OF THE EXTRA ORDINARY MINING LICENSING COMMITTEE (MLC) MEETING HELD ON 27TH OCTOBER 2023","https://www.mmmd.gov.zm/?p=2626"
"Southern Minerals Co-operative Society Limited","organization","","","35106-HQ-AMR","APPROVED","construction_materials","1","7","Sand and Gravel/Granite/Crushed/Broken Stone","RESULTS OF THE 75TH MINING LICENSING COMMITTEE (MLC) MEETING HELD FROM 27TH TO 29TH SEPTEMBER 2023","https://www.mmmd.gov.zm/?p=2618"
"Southlink Resources limited","organization","Central","Chibombo","33636-HQ-SEL","APPROVED","gold","1","473","Gold/Copper/Cobalt","RESULTS OF THE 75TH MINING LICENSING COMMITTEE (MLC) MEETING HELD FROM 27TH TO 29TH SEPTEMBER 2023","https://www.mmmd.gov.zm/?p=2618"
"SOWETO MINING ZAMBIA LIMITED","organization","Lusaka | Copperbelt | Central","Chongwe, Luangwa | Mpongwe | Kapiri Mposhi; Copperbelt, Masaiti, Mpongwe | Kapiri Mposhi","39264-HQ-SEL | 40123-HQ-LEL | 40654-HQ-SEL | 40655-HQ-SEL","Approved | APPROVED","critical_battery","4","8969","Gold/Copper/Nickel","RESULTS OF THE 84TH MINING LICENSING COMMITTEE (MLC) MEETING HELD ON 12TH DECEMBER, 2024","https://www.mmmd.gov.zm/?p=3780"
"Sparkler Mining and Exploration Limited","organization","","","29896-HQ-LEL | 29904-HQ-LEL","Cancelled","gemstones","1","2897","Platinum/Ruby/Zinc","CANCELLATION OF NON-COMPLIANT MINING AND NON-MINING RIGHTS BY THE MINING LICENSING COMMITTEE (MLC)","https://www.mmmd.gov.zm/?p=2787"
"Spaxs Mining Limited","organization","Copperbelt","Chingola | Chililabombwe, Chingola | Chingola, Lufwanyama | Chililabombwe","24893-HQ-SEL | 37396-HQ-SEL | 41292-HQ-SEL | 41293-HQ-SEL | 41425-HQ-SEL","Cancelled | Deferred","critical_battery","1","20","Manganese/Sand and Gravel/Silica","CANCELLATION OF NON-COMPLIANT MINING AND NON-MINING RIGHTS BY THE MINING LICENSING COMMITTEE (MLC)","https://www.mmmd.gov.zm/?p=2787"
"Spearnet Zambia Limited","organization","","","19805-HQ-LGL","Cancelled","gemstones","1","1928","Gemstones","CANCELLATION OF NON-COMPLIANT MINING AND NON-MINING RIGHTS BY THE MINING LICENSING COMMITTEE (MLC)","https://www.mmmd.gov.zm/?p=2787"
"speedy waters mining cooperative society ltd","organization","Lusaka","Chongwe","37576-HQ-AMR","Approved","critical_battery","1","7","Manganese/Gold/Copper","SUBJECT: RESULTS OF THE 79TH MINING LICENSING COMMITTEE (MLC) MEETING HELD ON 11TH TO 12TH APRIL 2024","https://www.mmmd.gov.zm/?p=2794"
"SRI DURGA VINAYAKA MINES AND MINERALS LIMITED","organization","Luapula","Samfya","39316-HQ-SEL | 40382-HQ-SEL","Approved | Deferred","critical_battery","1","887","Quartz/Manganese/Sand","RESULTS OF THE 84TH MINING LICENSING COMMITTEE (MLC) MEETING HELD ON 12TH DECEMBER, 2024","https://www.mmmd.gov.zm/?p=3780"
"Sri Karthikeya Minerals Trading Limited","organization","Northern","Kasama, Luwingu | Kasama, Mungwi","25779-HQ-LEL | 25780-HQ-LEL","Cancelled | Approved","critical_battery","2","87532","Lead/Manganese/Zinc","CANCELLATION OF NON-COMPLIANT MINING AND NON-MINING RIGHTS BY THE MINING LICENSING COMMITTEE (MLC)","https://www.mmmd.gov.zm/?p=2787"
"Sri Maan Resources Limited","organization","Southern","Kalomo, Sinazongwe","23570-HQ-LPL | 41481-HQ-LML","APPROVED","gemstones","1","4168","Niobium (Columbium)/Nickel/Molybdenum","RESULTS OF THE EXTRA ORDINARY MINING LICENSING COMMITTEE (MLC) MEETING HELD ON 27TH OCTOBER 2023","https://www.mmmd.gov.zm/?p=2626"
"Srinibash Metals Zambia Limited","organization","North Western","Solwezi","38267-HQ-SEL","Deferred","gemstones","1","911","Manganese/Malachite/Lead","RESULTS OF THE 82ND MINING LICENSING COMMITTEE (MLC) MEETING HELD ON 11TH SEPTEMBER, 2024","https://www.mmmd.gov.zm/?p=3378"
"Srinibash Resources Zambia Limited","organization","North Western | Copperbelt | Central","Solwezi | Kasempa | Kitwe | Chililabombwe | Kapiri Mposhi | Lufwanyama, Mpongwe | Mpongwe","34148-HQ-SEL | 35712-HQ-LEL | 37459-HQ-LEL | 37464-HQ-LEL | 38245-HQ-LEL | 38263-HQ-LEL | 37755-HQ-LEL | 38085-HQ-LEL","Approved | Rejected","gemstones","4","34337","Copper/Gold/Lead","RESULTS OF THE 73RD MINING LICENSING COMMITTEE (MLC) MEETING HELD FROM 29TH TO 30TH JUNE 2023","https://www.mmmd.gov.zm/?p=2583"
"Stache General Contractors","organization","Copperbelt","Chililabombwe, Chingola, Mufulira","15586-HQ-SML","Cancelled | DEFERRED","gold","1","354","Sand/Malachite/Molding","CANCELLATION OF NON-COMPLIANT MINING AND NON-MINING RIGHTS BY THE MINING LICENSING COMMITTEE (MLC)","https://www.mmmd.gov.zm/?p=2787"
"Stallon Mulowa","person_or_unclassified","Central","Kapiri Mposhi","34457-HQ-AMR","Approved","critical_battery","1","7","Manganese/Zinc/Iron Ore","RESULTS OF THE 76TH MINING LICENSING COMMITTEE (MLC) MEETING HELD ON 17TH AND 20TH NOVEMBER 2023","https://www.mmmd.gov.zm/?p=2640"
"Stalwart Investments Limited","organization","Copperbelt | North Western | Eastern | Western","Kalulushi | Mwinilunga | Chama, Lundazi; Northern, Mpika | Chavuma, Zambezi | Kaoma","22942-HQ-SEL | 27583-HQ-SEL | 32188-HQ-LEL | 32075-HQ-LEL | 37006-HQ-SML","Deferred | Rejected | Approved | APPROVED | DEFERRED","critical_battery","2","91406","Gold/Manganese/Iron Ore","REMINDER ON RESULTS OF THE 70TH AND 71ST MINING LICENSING COMMITTEE (MLC) MEETINGS HELD IN FEBRUARY AND MARCH 2023","https://www.mmmd.gov.zm/?p=2555"
"stanley c. malasha","person_or_unclassified","North Western","Solwezi","37233-HQ-AMR","","industrial_minerals","1","7","Silica/Sand and Gravel","RESULTS OF THE 80TH MINING LICENSING COMMITTEE (MLC) MEETING HELD ON 6TH TO 7TH AND 10TH JUNE 2024","https://www.mmmd.gov.zm/?p=2849"
"stanley chingoya malasha","person_or_unclassified","Southern","Monze","39782-HQ-AMR","Approved","critical_battery","1","7","Manganese/Lead/Iron Ore","RESULTS OF THE 85TH MINING LICENSING COMMITTEE (MLC) MEETING HELD ON 5TH MARCH, 2025","https://www.mmmd.gov.zm/?p=4013"
"Star Choice Zambia Limited","organization","North Western | Southern","Kasempa | Mazabuka","35496-HQ-SML | 24192-HQ-SEL | 24463-HQ-SEL | 24947-HQ-SEL | 25971-HQ-SEL | 37320-HQ-SML | 37324-HQ-SML","Approved | Cancelled | Deferred | Rejected","critical_battery","2","713","Iron Ore/Zinc/Silver","RESULTS OF THE 77TH MINING LICENSING COMMITTEE (MLC) MEETING HELD ON 11TH TO 12TH JANUARY 2024","https://www.mmmd.gov.zm/?p=2675"
"Starcom Mining Company Limited","organization","North Western","Kasempa, Solwezi","37253-HQ-LEL","Approved","gemstones","1","7286","Diamond/Copper/Columbite","RESULTS OF THE 78TH MINING LICENSING COMMITTEE (MLC) MEETING HELD ON 27TH FEBRUARY TO 1ST MARCH 2024","https://www.mmmd.gov.zm/?p=2785"
"Starland Mining Limited","organization","Northern | Central","Mpika | Mumbwa","39384-HQ-SEL | 39894-HQ-LEL | 39239-HQ-SEL | 39246-HQ-SEL | 39536-HQ-SEL | 41650-HQ-LEL | 41278-HQ-SEL","Approved | DEFERRED | Deferred | APPROVED","gemstones","4","4783","Manganese/Mineral Sands/Malachite","RESULTS OF THE 84TH MINING LICENSING COMMITTEE (MLC) MEETING HELD ON 12TH DECEMBER, 2024","https://www.mmmd.gov.zm/?p=3780"
"Starmiles Enterprises Limited","organization","","","23064-HQ-SML","Cancelled","industrial_minerals","1","59","Talc-Soapstone/Marble/Limestone (General)","CANCELLATION OF NON-COMPLIANT MINING AND NON-MINING RIGHTS BY THE MINING LICENSING COMMITTEE (MLC)","https://www.mmmd.gov.zm/?p=2787"
"Statunga Investments Limited","organization","Copperbelt","Mufulira","27793-HQ-SEL | 34542-HQ-SML | 34543-HQ-SML | 36169-HQ-SML | 34545-HQ-SML","Cancelled | Deferred | Approved","critical_battery","5","23159","Gold/Copper/Cobalt","CANCELLATION OF NON-COMPLIANT MINING AND NON-MINING RIGHTS BY THE MINING LICENSING COMMITTEE (MLC)","https://www.mmmd.gov.zm/?p=2787"
"Stavin Investements Limited","organization","North Western","Mwinilunga","30307-HQ-SEL | 30308-HQ-SEL | 27464-HQ-LEL | 42133-HQ-LML","Cancelled | APPROVED","critical_battery","2","2056","Gold/Copper/Cobalt","CANCELLATION OF NON-COMPLIANT MINING AND NON-MINING RIGHTS BY THE MINING LICENSING COMMITTEE (MLC)","https://www.mmmd.gov.zm/?p=2787"
"STC Transport and Farming Limited","organization","Central","Mumbwa","29108-HQ-SEL | 41148-HQ-SML | 41151-HQ-SML","Cancelled | DEFERRED | Approved","critical_battery","1","712","Iron Ore/Manganese/Gold","CANCELLATION OF NON-COMPLIANT MINING AND NON-MINING RIGHTS BY THE MINING LICENSING COMMITTEE (MLC)","https://www.mmmd.gov.zm/?p=2787"
"Stephen Bupe Makungu","person_or_unclassified","Luapula","Mansa","32936-HQ-AMR","Approved","critical_battery","1","7","Manganese/Lead/Rare EarthsElements","SUBJECT: RESULTS OF THE 79TH MINING LICENSING COMMITTEE (MLC) MEETING HELD ON 11TH TO 12TH APRIL 2024","https://www.mmmd.gov.zm/?p=2794"
"Stephen Chongo Mulenga","person_or_unclassified","Lusaka | Southern","Kafue | Kalomo","38968-HQ-AMR | 39022-HQ-AMR | 41215-HQ-AMR","Approved","critical_battery","3","20","Copper/Iron Ore/Gold","RESULTS OF THE 83RD MINING LICENSING COMMITTEE (MLC) MEETING HELD ON 30TH OCTOBER, 2024","https://www.mmmd.gov.zm/?p=3515"
"Steven Owen Lukanga","person_or_unclassified","Northern","Chinsali","38654-HQ-AMR","Approved","critical_battery","1","7","Lead/Manganese/Zinc","RESULTS OF THE 82ND MINING LICENSING COMMITTEE (MLC) MEETING HELD ON 11TH SEPTEMBER, 2024","https://www.mmmd.gov.zm/?p=3378"
"Stewes Mineral Resources Limited","organization","Southern","Mazabuka, Siavonga","34020-HQ-LEL","Approved","critical_battery","1","5227","Lithium/Manganese/Gold","RESULTS OF THE 82ND MINING LICENSING COMMITTEE (MLC) MEETING HELD ON 11TH SEPTEMBER, 2024","https://www.mmmd.gov.zm/?p=3378"
"Sthomax Mining Company Limited","organization","Northern","Chinsali","38176-HQ-SEL","Approved","critical_battery","1","406","Limestone (General)/Lead/Sand","RESULTS OF THE 82ND MINING LICENSING COMMITTEE (MLC) MEETING HELD ON 11TH SEPTEMBER, 2024","https://www.mmmd.gov.zm/?p=3378"
"Stone Edge Mining Zambia Limited","organization","","","24573-HQ-SML","Cancelled","gemstones","1","398","Lead/Iron Ore/Gold","CANCELLATION OF NON-COMPLIANT MINING AND NON-MINING RIGHTS BY THE MINING LICENSING COMMITTEE (MLC)","https://www.mmmd.gov.zm/?p=2787"
"Stonecore Mine Limited","organization","Luapula","Milenge | Mansa","39192-HQ-SEL | 39441-HQ-SEL | 39201-HQ-SEL | 42121-HQ-LEL","Approved | APPROVED","gemstones","2","1202","Titanium/Tantalum/Sugilite","RESULTS OF THE 84TH MINING LICENSING COMMITTEE (MLC) MEETING HELD ON 12TH DECEMBER, 2024","https://www.mmmd.gov.zm/?p=3780"
"STRAMIN AFRICA ZAMBIA LIMITED","organization","Southern","Kalomo, Kazungula","39538-HQ-LEL","APPROVED","gemstones","1","67104","Rare EarthsElements/Quartz/Niobium (Columbium)","RESULTS OF THE 85TH MINING LICENSING COMMITTEE (MLC) MEETING HELD ON 5TH MARCH, 2025","https://www.mmmd.gov.zm/?p=4013"
"STREET WISE MINING LIMITED","organization","Southern | Luapula | North Western | Western","Monze | Mansa | Kasempa, Solwezi | Kaoma","37669-HQ-LEL | 37668-HQ-SEL | 38155-HQ-SEL | 40620-HQ-SEL","Deferred | Approved | APPROVED | Rejected","gemstones","2","1610","Manganese/Gold/Copper","RESULTS OF THE 81ST MINING LICENSING COMMITTEE (MLC) MEETING HELD ON 31ST JULY, 2024","https://www.mmmd.gov.zm/?p=2923"
"STRIKING STAR MINERAL RESOURCES LIMITED","organization","Western | North Western","Kaoma | Mufumbwe; Western, Kaoma","37648-HQ-LEL | 38208-HQ-LEL","Approved","gemstones","2","98405","Lead/Iron Ore/Zinc","RESULTS OF THE 80TH MINING LICENSING COMMITTEE (MLC) MEETING HELD ON 6TH TO 7TH AND 10TH JUNE 2024","https://www.mmmd.gov.zm/?p=2849"
"Strong Tower Mining Ltd","organization","Eastern","Lundazi","20313-HQ-SML | 38687-HQ-LEL","Cancelled","gemstones","2","27227","Zinc/Nickel/Quartz","CANCELLATION OF NON-COMPLIANT MINING AND NON-MINING RIGHTS BY THE MINING LICENSING COMMITTEE (MLC)","https://www.mmmd.gov.zm/?p=2787"
"Suanni mining limited.","organization","North Western","Kasempa","38063-HQ-SEL","Approved","gemstones","1","83","Emerald/Gold/Cobalt","RESULTS OF THE 81ST MINING LICENSING COMMITTEE (MLC) MEETING HELD ON 31ST JULY, 2024","https://www.mmmd.gov.zm/?p=2923"
"Sudha Mining Resources Zambia Limited","organization","Northern","Mpika","39125-HQ-LEL","Approved","critical_battery","1","12542","Manganese/Limestone (General)/Sand","RESULTS OF THE 84TH MINING LICENSING COMMITTEE (MLC) MEETING HELD ON 12TH DECEMBER, 2024","https://www.mmmd.gov.zm/?p=3780"
"Suhails International Limited","organization","","","8625-HQ-LML | 8628-HQ-LML","Cancelled","other","2","39206","","CANCELLATION OF NON-COMPLIANT MINING AND NON-MINING RIGHTS BY THE MINING LICENSING COMMITTEE (MLC)","https://www.mmmd.gov.zm/?p=2787"
"Sulicol Trading Limited","organization","North Western","Mwinilunga","38166-HQ-SEL","Approved","critical_battery","1","148","Nickel/Malachite/Zinc","RESULTS OF THE 81ST MINING LICENSING COMMITTEE (MLC) MEETING HELD ON 31ST JULY, 2024","https://www.mmmd.gov.zm/?p=2923"
"Sulphur Creek Resources Limited","organization","Eastern","Chama","27664-HQ-SEL | 27934-HQ-SEL | 25400-HQ-SEL | 30370-HQ-SEL | 29371-HQ-LEL","Cancelled","critical_battery","1","399","Platinum/Manganese/Silver","REMINDER ON RESULTS OF THE 70TH AND 71ST MINING LICENSING COMMITTEE (MLC) MEETINGS HELD IN FEBRUARY AND MARCH 2023","https://www.mmmd.gov.zm/?p=2555"
"Sulwaitech Services Limited","organization","North Western | Lusaka | Eastern | Central","Solwezi | Chongwe | Chadiza | Kapiri Mposhi, Mkushi | Mkushi | Mumbwa","32285-HQ-SEL | 33433-HQ-SEL | 34594-HQ-SEL | 34731-HQ-SEL | 34732-HQ-SEL | 34954-HQ-SEL | 34595-HQ-SEL | 35652-HQ-SEL | 35919-HQ-SEL","Approved | APPROVED | Rejected","gemstones","8","4519","Copper/Zinc/Gold","RESULTS OF THE 72ND MINING LICENSING COMMITTEE (MLC) MEETING HELD FROM 17TH TO 22 MAY 2023","https://www.mmmd.gov.zm/?p=2559"
"Summersky Zambia Limited","organization","Central","Chibombo","7617-HQ-SML","Approved | Rejected","construction_materials","1","162","Marble","RESULTS OF THE 72ND MINING LICENSING COMMITTEE (MLC) MEETING HELD FROM 17TH TO 22 MAY 2023","https://www.mmmd.gov.zm/?p=2559"
"Summit Minerals Limited","organization","North Western | Luapula","Solwezi | Mansa","30835-HQ-SEL | 30868-HQ-SEL | 30889-HQ-SEL","Approved | Cancelled","critical_battery","2","872","Silver/Zinc/Manganese","REMINDER ON RESULTS OF THE 70TH AND 71ST MINING LICENSING COMMITTEE (MLC) MEETINGS HELD IN FEBRUARY AND MARCH 2023","https://www.mmmd.gov.zm/?p=2555"
"Sumwa Construction and Suppliers Limited","organization","North Western","Kasempa","22333-HQ-LEL | 40469-HQ-LML","Approved | Cancelled | Deferred","gold","1","13832","Gold/Zinc/Cobalt","REMINDER ON RESULTS OF THE 70TH AND 71ST MINING LICENSING COMMITTEE (MLC) MEETINGS HELD IN FEBRUARY AND MARCH 2023","https://www.mmmd.gov.zm/?p=2555"
"Sun Avenue Partners Corp Zambia Limited","organization","Central","Mkushi; Lusaka, Chongwe | Mkushi; Copperbelt, Masaiti","29150-HQ-LEL | 29150-HQ-LPL | 29577-HQ-LEL","DEFERRED | APPROVED | Deferred","critical_battery","2","4543","Silver/Zinc/Gold","RESULTS OF THE 85TH MINING LICENSING COMMITTEE (MLC) MEETING HELD ON 5TH MARCH, 2025","https://www.mmmd.gov.zm/?p=4013"
"Sun Park Development Limited","organization","North Western | Central","Mufumbwe | Mumbwa","32497-HQ-LEL | 38597-HQ-SEL","Approved | Deferred | Rejected","critical_battery","1","9351","Tin/Zinc/Silver","RESULTS OF THE 78TH MINING LICENSING COMMITTEE (MLC) MEETING HELD ON 27TH FEBRUARY TO 1ST MARCH 2024","https://www.mmmd.gov.zm/?p=2785"
"Sunday Sinyangwe","person_or_unclassified","Northern","Mpika","20478-HQ-SML | 20695-HQ-SML | 41485-HQ-AMR","Cancelled","gemstones","1","99","Quartz/Tourmaline/Garnet","CANCELLATION OF NON-COMPLIANT MINING AND NON-MINING RIGHTS BY THE MINING LICENSING COMMITTEE (MLC)","https://www.mmmd.gov.zm/?p=2787"
"Sundell Investment Limited","organization","Central | Southern | North Western | Northern","Serenje | Sinazongwe | Mwinilunga | Mufumbwe | Mpika","39268-HQ-LEL | 39275-HQ-LEL | 39327-HQ-LEL | 40319-HQ-LEL | 40321-HQ-LEL","APPROVED | DEFERRED | Deferred | Approved","critical_battery","2","30496","Manganese/Copper/Iron Ore","RESULTS OF THE 87TH MINING LICENSING COMMITTEE (MLC) MEETING HELD ON 7TH MAY, 2025","https://www.mmmd.gov.zm/?p=4069"
"Sunflower Resources Limited","organization","Luapula","Mwense; Northern, Luwingu","34396-HQ-LEL","","critical_battery","1","4728","Nickel/Manganese/Zinc","RESULTS OF THE 75TH MINING LICENSING COMMITTEE (MLC) MEETING HELD FROM 27TH TO 29TH SEPTEMBER 2023","https://www.mmmd.gov.zm/?p=2618"
"Sunhouse Investment Limited","organization","Northern","Chinsali, Mpika","29873-HQ-LEL","Deferred","critical_battery","1","39340","Limestone (General)/Lead/Zinc","RESULTS OF THE 81ST MINING LICENSING COMMITTEE (MLC) MEETING HELD ON 31ST JULY, 2024","https://www.mmmd.gov.zm/?p=2923"
"Sunion Investments Limited","organization","North Western","Kasempa","33744-HQ-MPL | 36246-HQ-SEL | 36247-HQ-LEL","Approved","critical_battery","3","2914","Gold/Copper/Tantalum","RESULTS OF THE 72ND MINING LICENSING COMMITTEE (MLC) MEETING HELD FROM 17TH TO 22 MAY 2023","https://www.mmmd.gov.zm/?p=2559"
"Sunkutu Derrick Mulenga","person_or_unclassified","Luapula","Samfya","27737-HQ-AMR","Approved","critical_battery","1","7","Quartz/Tantalum/Tin","RESULTS OF THE 74TH MINING LICENSING COMMITTEE (MLC) MEETING HELD FROM 3RD TO 4TH AUGUST 2023","https://www.mmmd.gov.zm/?p=2598"
"Sunkutu Engineering Contractors Limited","organization","Copperbelt","Lufwanyama","07206-HQ-SML","","gemstones","1","90","Emerald/Beryllium","RESULTS OF THE 83RD MINING LICENSING COMMITTEE (MLC) MEETING HELD ON 30TH OCTOBER, 2024","https://www.mmmd.gov.zm/?p=3515"
"Sunlight Estates Natural Development Limited","organization","Northern","Kaputa, Mporokoso","35382-HQ-LEL","Approved","gemstones","1","42539","Lead/Mercury/Zinc","SUBJECT: RESULTS OF THE 79TH MINING LICENSING COMMITTEE (MLC) MEETING HELD ON 11TH TO 12TH APRIL 2024","https://www.mmmd.gov.zm/?p=2794"
"Sunpeak Investments Limited","organization","Copperbelt","Lufwanyama","28951-HQ-LEL | 29076-HQ-LEL","Cancelled | Rejected","critical_battery","1","7371","Nickel/Manganese/Zinc","CANCELLATION OF NON-COMPLIANT MINING AND NON-MINING RIGHTS BY THE MINING LICENSING COMMITTEE (MLC)","https://www.mmmd.gov.zm/?p=2787"
"Sunrain Purified Construction Limited","organization","Lusaka","Chongwe","27992-HQ-SEL | 27990-HQ-SEL | 25213-HQ-SML | 27991-HQ-SEL","Rejected | Cancelled | Deferred","gemstones","3","27217","Copper/Manganese/Gold","REMINDER ON RESULTS OF THE 70TH AND 71ST MINING LICENSING COMMITTEE (MLC) MEETINGS HELD IN FEBRUARY AND MARCH 2023","https://www.mmmd.gov.zm/?p=2555"
"Sunrain Purifield Construction Ltd","organization","","","23715-HQ-MPL","Cancelled","construction_materials","1","7","Granite","CANCELLATION OF NON-COMPLIANT MINING AND NON-MINING RIGHTS BY THE MINING LICENSING COMMITTEE (MLC)","https://www.mmmd.gov.zm/?p=2787"
"SUNRIDGE ENERGIES LIMITED","organization","Southern | Central | Northern","Sinazongwe | Serenje | Mpika","39643-HQ-SEL | 39644-HQ-SEL | 40094-HQ-LEL | 40281-HQ-LEL | 40284-HQ-LEL | 40389-HQ-LEL | 40282-HQ-LEL","Approved | REJECTED | APPROVED | DEFERRED","gemstones","2","46106","Copper/Sugilite/Tourmaline","RESULTS OF THE 85TH MINING LICENSING COMMITTEE (MLC) MEETING HELD ON 5TH MARCH, 2025","https://www.mmmd.gov.zm/?p=4013"
"Sunshine Eagle Mining Ltd","organization","","","21344-HQ-SML","Cancelled","gold","1","4","Gold/Silver/Cobalt","CANCELLATION OF NON-COMPLIANT MINING AND NON-MINING RIGHTS BY THE MINING LICENSING COMMITTEE (MLC)","https://www.mmmd.gov.zm/?p=2787"
"Super Rising Sun Mining Company Limited","organization","Northern | North Western","Kasama, Luwingu, Mporokoso | Mufumbwe; Western, Kaoma | Kasempa | Chavuma, Zambezi; Western, Lukulu | Chavuma","39289-HQ-LEL | 39371-HQ-LEL | 39614-HQ-LEL | 39615-HQ-LEL | 40009-HQ-LEL","DEFERRED | APPROVED | Approved","critical_battery","3","13083","Iron Ore/Manganese/Gold","RESULTS OF THE 85TH MINING LICENSING COMMITTEE (MLC) MEETING HELD ON 5TH MARCH, 2025","https://www.mmmd.gov.zm/?p=4013"
"Supernova Mining and Exploration Limited","organization","North Western","Mufumbwe, Mwinilunga | Mufumbwe","35423-HQ-LEL | 41675-HQ-LEL","Deferred","critical_battery","1","47478","Nickel/Rare EarthsElements/Uranium","RESULTS OF THE 77TH MINING LICENSING COMMITTEE (MLC) MEETING HELD ON 11TH TO 12TH JANUARY 2024","https://www.mmmd.gov.zm/?p=2675"
"Supix Minerals Limited","organization","Luapula | Northern","Mwense | Luwingu","31104-HQ-SEL | 24757-HQ-LEL | 25706-HQ-SEL","Approved | Rejected | Cancelled","critical_battery","1","2557","Lead/Manganese/Zinc","REMINDER ON RESULTS OF THE 70TH AND 71ST MINING LICENSING COMMITTEE (MLC) MEETINGS HELD IN FEBRUARY AND MARCH 2023","https://www.mmmd.gov.zm/?p=2555"
"Surya Biofuels Limited","organization","Central","Kapiri Mposhi","35134-HQ-LEL","Deferred | APPROVED","industrial_minerals","1","1588","Mineral Sands/Silica/Clay (General)","RESULTS OF THE 84TH MINING LICENSING COMMITTEE (MLC) MEETING HELD ON 12TH DECEMBER, 2024","https://www.mmmd.gov.zm/?p=3780"
"Susan Milimo","person_or_unclassified","Southern","Kalomo","33275-HQ-AMR","Approved","gemstones","1","7","Manganese/Lead/Iron Ore","RESULTS OF THE 76TH MINING LICENSING COMMITTEE (MLC) MEETING HELD ON 17TH AND 20TH NOVEMBER 2023","https://www.mmmd.gov.zm/?p=2640"
"SUSTAINABLE MINING ZAMBIA LIMITED","organization","Copperbelt","Lufwanyama","38375-HQ-SEL","Approved","gemstones","1","300","Mineral Sands/Nickel/Manganese","RESULTS OF THE 82ND MINING LICENSING COMMITTEE (MLC) MEETING HELD ON 11TH SEPTEMBER, 2024","https://www.mmmd.gov.zm/?p=3378"
"Suwilanji Silwimba","person_or_unclassified","Southern | Northern | Copperbelt","Siavonga | Mpika | Chililabombwe, Chingola","39623-HQ-AMR | 41621-HQ-AMR | 41636-HQ-AMR","Approved | APPROVED","industrial_minerals","1","7","Mica/Fluorine-Fluorite/Feldspar","RESULTS OF THE 85TH MINING LICENSING COMMITTEE (MLC) MEETING HELD ON 5TH MARCH, 2025","https://www.mmmd.gov.zm/?p=4013"
"Suzen Luvweyi","person_or_unclassified","North Western","Kasempa","28009-HQ-AMR","Approved","gold","1","7","Gold/Quartz/Cobalt","RESULTS OF THE 76TH MINING LICENSING COMMITTEE (MLC) MEETING HELD ON 17TH AND 20TH NOVEMBER 2023","https://www.mmmd.gov.zm/?p=2640"
"SW & GVA Mining Company Ltd","organization","","","15510-HQ-SML","Cancelled","base_metals","1","396","Copper","CANCELLATION OF NON-COMPLIANT MINING AND NON-MINING RIGHTS BY THE MINING LICENSING COMMITTEE (MLC)","https://www.mmmd.gov.zm/?p=2787"
"Swaba Wesley Chipambe","person_or_unclassified","Luapula","Kawambwa","37280-HQ-AMR","","gemstones","1","7","Manganese/Lead/Iron Ore","RESULTS OF THE 80TH MINING LICENSING COMMITTEE (MLC) MEETING HELD ON 6TH TO 7TH AND 10TH JUNE 2024","https://www.mmmd.gov.zm/?p=2849"
"Swala John Lubinda","person_or_unclassified","Luapula","Mansa","35080-HQ-AMR","Approved","critical_battery","1","7","Gold/Manganese/Cobalt","RESULTS OF THE 76TH MINING LICENSING COMMITTEE (MLC) MEETING HELD ON 17TH AND 20TH NOVEMBER 2023","https://www.mmmd.gov.zm/?p=2640"
"Swarna Metals Zambia Limited","organization","Copperbelt","Kitwe","39389-HQ-MPL","Approved","critical_battery","1","80","Manganese/Malachite/Nickel","RESULTS OF THE 85TH MINING LICENSING COMMITTEE (MLC) MEETING HELD ON 5TH MARCH, 2025","https://www.mmmd.gov.zm/?p=4013"
"Switty Properties & Real Estate Limited","organization","North Western | Central | Lusaka","Solwezi | Kapiri Mposhi | Kapiri Mposhi; Copperbelt, Mpongwe | Kabompo | Chongwe","30999-HQ-SEL | 30829-HQ-SEL | 30642-HQ-LEL | 37769-HQ-LEL | 40997-HQ-SEL","Approved | Rejected | Deferred","critical_battery","4","45855","Gold/Copper/Nickel","REMINDER ON RESULTS OF THE 70TH AND 71ST MINING LICENSING COMMITTEE (MLC) MEETINGS HELD IN FEBRUARY AND MARCH 2023","https://www.mmmd.gov.zm/?p=2555"
"SYAMATE SIMALELE; Syamate Simalele","person_or_unclassified","Southern","Mazabuka","35835-HQ-AMR","Approved","industrial_minerals","1","7","Sand/Molding/Limestone (General)","RESULTS OF THE 78TH MINING LICENSING COMMITTEE (MLC) MEETING HELD ON 27TH FEBRUARY TO 1ST MARCH 2024","https://www.mmmd.gov.zm/?p=2785"
"Sydney Munkombwe","person_or_unclassified","Central","Kapiri Mposhi","35774-HQ-AMR","Approved","gold","1","7","Gold/Copper/Cobalt","RESULTS OF THE 82ND MINING LICENSING COMMITTEE (MLC) MEETING HELD ON 11TH SEPTEMBER, 2024","https://www.mmmd.gov.zm/?p=3378"
"Sylain Kanyembo","person_or_unclassified","North Western","Kasempa","29991-HQ-AMR | 32817-HQ-AMR","Cancelled | Approved","gemstones","1","7","Garnet/Gold/Cobalt","CANCELLATION OF NON-COMPLIANT MINING AND NON-MINING RIGHTS BY THE MINING LICENSING COMMITTEE (MLC)","https://www.mmmd.gov.zm/?p=2787"
"Sylvia Bubala Chikale Mang'ola","person_or_unclassified","","","29906-HQ-AMR","Cancelled","industrial_minerals","1","7","Anhydrite/Quartz/Stone","CANCELLATION OF NON-COMPLIANT MINING AND NON-MINING RIGHTS BY THE MINING LICENSING COMMITTEE (MLC)","https://www.mmmd.gov.zm/?p=2787"
"Sylvia Likando Mbumba","person_or_unclassified","Luapula","Samfya","25795-HQ-AMR | 29565-HQ-AMR","Deferred | Approved | Rejected","critical_battery","1","7","Iron Ore/Manganese/Cobalt","RESULTS OF THE 72ND MINING LICENSING COMMITTEE (MLC) MEETING HELD FROM 17TH TO 22 MAY 2023","https://www.mmmd.gov.zm/?p=2559"
"Sylvia Musonda","person_or_unclassified","Lusaka","Chongwe","34314-HQ-AMR | 34315-HQ-AMR","Approved","critical_battery","2","7","Manganese/Nickel/Titanium","RESULTS OF THE 74TH MINING LICENSING COMMITTEE (MLC) MEETING HELD FROM 3RD TO 4TH AUGUST 2023","https://www.mmmd.gov.zm/?p=2598"
"Synite Quarries Zambia Limited","organization","North Western","Solwezi","16239-HQ-SML","Deferred | Approved","critical_battery","3","1088","Granite/Sand and Gravel/Silver","RESULTS OF THE 72ND MINING LICENSING COMMITTEE (MLC) MEETING HELD FROM 17TH TO 22 MAY 2023","https://www.mmmd.gov.zm/?p=2559"
"Syra Enterprises Limited","organization","","","26738-HQ-SEL","Cancelled","critical_battery","1","430","Limestone (General)/Manganese/Silica","CANCELLATION OF NON-COMPLIANT MINING AND NON-MINING RIGHTS BY THE MINING LICENSING COMMITTEE (MLC)","https://www.mmmd.gov.zm/?p=2787"
"Ta yu Mining Ltd","organization","","","15093-HQ-SML","Cancelled","critical_battery","1","399","Manganese","CANCELLATION OF NON-COMPLIANT MINING AND NON-MINING RIGHTS BY THE MINING LICENSING COMMITTEE (MLC)","https://www.mmmd.gov.zm/?p=2787"
"TAAZ MINING LIMITED","organization","Central","Kapiri Mposhi | Chibombo","40234-HQ-LEL | 40572-HQ-LEL","APPROVED | Approved","critical_battery","2","51653","Nickel/Zinc/Gold","RESULTS OF THE 87TH MINING LICENSING COMMITTEE (MLC) MEETING HELD ON 7TH MAY, 2025","https://www.mmmd.gov.zm/?p=4069"
"Tabita Phiri","person_or_unclassified","Central","Kapiri Mposhi","31107-HQ-AMR","","critical_battery","1","7","Talc-Soapstone/Graphite","REMINDER ON RESULTS OF THE 70TH AND 71ST MINING LICENSING COMMITTEE (MLC) MEETINGS HELD IN FEBRUARY AND MARCH 2023","https://www.mmmd.gov.zm/?p=2555"
"Taelu Mining and Investments Limited","organization","Eastern","Katete, Petauke","35075-HQ-LEL","Deferred","gemstones","1","18798","Limestone (General)/Iron Ore/Gold","RESULTS OF THE 82ND MINING LICENSING COMMITTEE (MLC) MEETING HELD ON 11TH SEPTEMBER, 2024","https://www.mmmd.gov.zm/?p=3378"
"Taida Resources Limited","organization","Copperbelt","Chingola","39703-HQ-SEL","Approved","gold","1","10","Malachite/Silver/Zinc","RESULTS OF THE 85TH MINING LICENSING COMMITTEE (MLC) MEETING HELD ON 5TH MARCH, 2025","https://www.mmmd.gov.zm/?p=4013"
"Taiyuan Mining Limited","organization","North Western","Mwinilunga","39338-HQ-LEL","APPROVED","gemstones","1","4400","Manganese/Nickel/Limestone (General)","RESULTS OF THE 85TH MINING LICENSING COMMITTEE (MLC) MEETING HELD ON 5TH MARCH, 2025","https://www.mmmd.gov.zm/?p=4013"
"Talang Mining Co. Limited","organization","Northern","Mporokoso | Mpika | Kasama, Mporokoso","30648-HQ-SML | 8306-HQ-SML | 23810-HQ-SEL | 34706-HQ-SEL","Approved on condition | Deferred | Cancelled | Approved","gemstones","2","887","Amethyst/Quartz","REMINDER ON RESULTS OF THE 70TH AND 71ST MINING LICENSING COMMITTEE (MLC) MEETINGS HELD IN FEBRUARY AND MARCH 2023","https://www.mmmd.gov.zm/?p=2555"
"Talang Mining Company Limited","organization","Northern","Mporokoso | Mpika | Kasama, Mporokoso","30648-HQ-SML | 8306-HQ-SML | 23810-HQ-SEL | 34706-HQ-SEL","Approved on condition | Deferred | Cancelled | Approved","critical_battery","2","1348","Copper/Manganese/Iron Ore","REMINDER ON RESULTS OF THE 70TH AND 71ST MINING LICENSING COMMITTEE (MLC) MEETINGS HELD IN FEBRUARY AND MARCH 2023","https://www.mmmd.gov.zm/?p=2555"
"Tamba Lynn Mulela","person_or_unclassified","Copperbelt | North Western","Lufwanyama | Mwinilunga","26056-HQ-AMR | 25910-HQ-AMR","REJECTED | Rejected","gemstones","1","0","Granite/Quartz/Emerald","REMINDER ON RESULTS OF THE 70TH AND 71ST MINING LICENSING COMMITTEE (MLC) MEETINGS HELD IN FEBRUARY AND MARCH 2023","https://www.mmmd.gov.zm/?p=2555"
"TANAROCK ENTERPRISES LIMITED","organization","Northern | Eastern","Kasama, Mbala, Mporokoso, Mungwi | Mpulungu | Chama | Mpika","39390-HQ-LEL | 39417-HQ-LEL | 39461-HQ-LEL | 39463-HQ-LEL","Approved | APPROVED","gold","1","24578","Gold","RESULTS OF THE 84TH MINING LICENSING COMMITTEE (MLC) MEETING HELD ON 12TH DECEMBER, 2024","https://www.mmmd.gov.zm/?p=3780"
"Tancol Minerals Limited","organization","Copperbelt","Lufwanyama","33393-HQ-SEL | 24209-HQ-SML | 24210-HQ-SML | 24211-HQ-SML | 38410-HQ-SML","Cancelled | Deferred | Approved","gemstones","5","1072","Quartz/Tourmaline/Tantalum","RESULTS OF THE 74TH MINING LICENSING COMMITTEE (MLC) MEETING HELD FROM 3RD TO 4TH AUGUST 2023","https://www.mmmd.gov.zm/?p=2598"
"Tanda INVESTMENTS LIMITED","organization","Central","Mkushi","38006-HQ-SEL","Approved","gold","1","349","Gold/Copper/Cobalt","RESULTS OF THE 82ND MINING LICENSING COMMITTEE (MLC) MEETING HELD ON 11TH SEPTEMBER, 2024","https://www.mmmd.gov.zm/?p=3378"
"Tangshan Resources Limited","organization","Central | Lusaka | Copperbelt","Chibombo | Serenje | Kafue | Mpongwe","37536-HQ-SEL | 37552-HQ-SEL | 37554-HQ-SEL | 37373-HQ-SEL","Approved | Deferred | REJECTED","critical_battery","2","1854","Lithium/Limestone (General)/Molybdenum","RESULTS OF THE 80TH MINING LICENSING COMMITTEE (MLC) MEETING HELD ON 6TH TO 7TH AND 10TH JUNE 2024","https://www.mmmd.gov.zm/?p=2849"
"Tantalum Niobium Mining Company Limited","organization","Southern","Choma, Gwembe","40569-HQ-LEL","Approved","gemstones","1","15979","Copper/Gold/Lead","RESULTS OF THE 88TH MINING LICENSING COMMITTEE (MLC) MEETING HELD ON 30TH MAY, 2025","https://www.mmmd.gov.zm/?p=4111"
"Tapiwa Asher Moyo","person_or_unclassified","Lusaka","Kafue","36243-HQ-AMR","Approved","gemstones","1","7","Talc-Soapstone/Ruby/Tourmaline","SUBJECT: RESULTS OF THE 79TH MINING LICENSING COMMITTEE (MLC) MEETING HELD ON 11TH TO 12TH APRIL 2024","https://www.mmmd.gov.zm/?p=2794"
"Tarryard Shanjabale","person_or_unclassified","Southern","Sinazongwe","38743-HQ-AMR","Approved","gemstones","1","7","Tin/Tantalum/Tungsten","RESULTS OF THE 84TH MINING LICENSING COMMITTEE (MLC) MEETING HELD ON 12TH DECEMBER, 2024","https://www.mmmd.gov.zm/?p=3780"
"Tarvaris Ngalande","person_or_unclassified","Copperbelt","Chingola","40210-HQ-AMR | 40330-HQ-AMR","Approved","critical_battery","2","13","Lead/Nickel/Zinc","RESULTS OF THE 87TH MINING LICENSING COMMITTEE (MLC) MEETING HELD ON 7TH MAY, 2025","https://www.mmmd.gov.zm/?p=4069"
"Tauraus Mineral Resources Limited","organization","North Western","Kasempa","37226-HQ-LML | 35253-HQ-LML","Deferred | Approved | REJECTED","critical_battery","6","27651","Gold/Copper/Cobalt","SUBJECT: RESULTS OF THE 79TH MINING LICENSING COMMITTEE (MLC) MEETING HELD ON 11TH TO 12TH APRIL 2024","https://www.mmmd.gov.zm/?p=2794"
"TAURUS MINERAL RESOURCES LIMITED","organization","Lusaka","Chongwe","37724-HQ-LEL","","gold","1","3207","Limestone (General)/Zinc/Gold","RESULTS OF THE 80TH MINING LICENSING COMMITTEE (MLC) MEETING HELD ON 6TH TO 7TH AND 10TH JUNE 2024","https://www.mmmd.gov.zm/?p=2849"
"Tawakkal Gems Investments Co. Limited","organization","Copperbelt | Lusaka","Kitwe, Ndola | Lufwanyama | Chongwe","28752-HQ-LEL | 17777-HQ-SML | 16376-HQ-SML | 40399-HQ-LEL | 40407-HQ-SEL","REJECTED | Cancelled | Rejected | APPROVED | Approved | DEFERRED","gemstones","4","11423","Copper/Gold/Zinc","REMINDER ON RESULTS OF THE 70TH AND 71ST MINING LICENSING COMMITTEE (MLC) MEETINGS HELD IN FEBRUARY AND MARCH 2023","https://www.mmmd.gov.zm/?p=2555"
"Tawakkal Gems Investments Co. Ltd","organization","Copperbelt | Lusaka","Kitwe, Ndola | Lufwanyama | Chongwe","28752-HQ-LEL | 17777-HQ-SML | 16376-HQ-SML | 40399-HQ-LEL | 40407-HQ-SEL","REJECTED | Cancelled | Rejected | APPROVED | Approved | DEFERRED","gemstones","3","997","Emerald/Quartz/Manganese","REMINDER ON RESULTS OF THE 70TH AND 71ST MINING LICENSING COMMITTEE (MLC) MEETINGS HELD IN FEBRUARY AND MARCH 2023","https://www.mmmd.gov.zm/?p=2555"
"Tawakkal Mining Equipments & Auto Spares Limited","organization","Central","Mkushi","30885-HQ-SML | 31531-HQ-LEL","Deferred","gemstones","1","30460","Manganese/Limestone (General)/Tin","RESULTS OF THE 72ND MINING LICENSING COMMITTEE (MLC) MEETING HELD FROM 17TH TO 22 MAY 2023","https://www.mmmd.gov.zm/?p=2559"
"Tawakkal Resources Limited","organization","Southern | Eastern | Copperbelt","Sinazongwe | Nyimba, Petauke | Chama, Lundazi | Mpongwe; North Western, Kasempa | Kalomo","32635-HQ-SEL | 32616-HQ-LEL | 32615-HQ-SEL | 39410-HQ-LEL | 40268-HQ-SEL","Approved | Deferred","gemstones","5","7857","Copper/Gold/Tantalum","RESULTS OF THE 75TH MINING LICENSING COMMITTEE (MLC) MEETING HELD FROM 27TH TO 29TH SEPTEMBER 2023","https://www.mmmd.gov.zm/?p=2618"
"Tawampa Multi-purpose Co-operative Society Limited","organization","Central","Kabwe","36378-HQ-AMR | 36380-HQ-AMR | 36615-HQ-AMR | 36616-HQ-AMR","APPROVED","industrial_minerals","4","27","Dolomite/Granite","RESULTS OF THE 75TH MINING LICENSING COMMITTEE (MLC) MEETING HELD FROM 27TH TO 29TH SEPTEMBER 2023","https://www.mmmd.gov.zm/?p=2618"
"Tawansangthong Mining Limited","organization","Southern","Choma, Kalomo, Sinazongwe | Choma","33466-HQ-LEL | 36920-HQ-SML | 37937-HQ-LML","Approved","gemstones","2","25299","Tin/Tantalum/Aquamarine","RESULTS OF THE 73RD MINING LICENSING COMMITTEE (MLC) MEETING HELD FROM 29TH TO 30TH JUNE 2023","https://www.mmmd.gov.zm/?p=2583"
"Tawonga  Banda","person_or_unclassified","North Western","Mwinilunga","30345-HQ-AMR | 38054-HQ-AMR","Cancelled | Approved","critical_battery","1","7","Gold/Lithium/Cobalt","CANCELLATION OF NON-COMPLIANT MINING AND NON-MINING RIGHTS BY THE MINING LICENSING COMMITTEE (MLC)","https://www.mmmd.gov.zm/?p=2787"
"Taysiir Investments Limited","organization","Central","Mumbwa","35078-HQ-MPL","DEFERRED | Approved","gold","1","13","Gold","RESULTS OF THE 75TH MINING LICENSING COMMITTEE (MLC) MEETING HELD FROM 27TH TO 29TH SEPTEMBER 2023","https://www.mmmd.gov.zm/?p=2618"
"Tayu Metals Mining Limited","organization","Central","Mkushi","33242-HQ-SEl","Approved","critical_battery","1","879","Iron Ore/Manganese/Quartz","RESULTS OF THE 76TH MINING LICENSING COMMITTEE (MLC) MEETING HELD ON 17TH AND 20TH NOVEMBER 2023","https://www.mmmd.gov.zm/?p=2640"
"TCB Mines & Minerals Limited","organization","Copperbelt","Lufwanyama; North Western, Solwezi | Kitwe, Mufulira | Kitwe, Mufulira, Ndola","37620-HQ-LEL | 37622-HQ-LEL | 39065-HQ-LEL","Approved","gemstones","3","47659","Lead/Gold/Tourmaline","RESULTS OF THE 80TH MINING LICENSING COMMITTEE (MLC) MEETING HELD ON 6TH TO 7TH AND 10TH JUNE 2024","https://www.mmmd.gov.zm/?p=2849"
"Tecchinify Geographics Enterprise Limited","organization","Copperbelt","Lufwanyama","40396-HQ-SEL","Approved","gemstones","1","376","Gold/Malachite/Silver","RESULTS OF THE 88TH MINING LICENSING COMMITTEE (MLC) MEETING HELD ON 30TH MAY, 2025","https://www.mmmd.gov.zm/?p=4111"
"TECHA Mining and Consultancy Services Limited","organization","North Western","Mwinilunga | Mufumbwe","25247-HQ-SML | 41114-HQ-SEL","Approved","critical_battery","2","683","Silver/Uranium/Gold","RESULTS OF THE 75TH MINING LICENSING COMMITTEE (MLC) MEETING HELD FROM 27TH TO 29TH SEPTEMBER 2023","https://www.mmmd.gov.zm/?p=2618"
"Techno Mines And Minerals Limited","organization","Luapula","Mansa","37061-HQ-SEL","Approved","critical_battery","1","322","Gold/Manganese/Cobalt","RESULTS OF THE 82ND MINING LICENSING COMMITTEE (MLC) MEETING HELD ON 11TH SEPTEMBER, 2024","https://www.mmmd.gov.zm/?p=3378"
"TECHPRO MINING LIMITED","organization","Central","Serenje | Kapiri Mposhi | Mumbwa; North Western, Kasempa","37510-HQ-SEL | 37511-HQ-SEL | 38115-HQ-LEL","","gemstones","2","1531","Iron Ore/Lead/Manganese","RESULTS OF THE 80TH MINING LICENSING COMMITTEE (MLC) MEETING HELD ON 6TH TO 7TH AND 10TH JUNE 2024","https://www.mmmd.gov.zm/?p=2849"
"TECHURATE SOLUTIONS LIMITED","organization","Northern | Central","Luwingu | Chibombo","39925-HQ-LEL | 40188-HQ-SEL","APPROVED | Approved","critical_battery","2","25271","Gold/Copper/Cobalt","RESULTS OF THE 85TH MINING LICENSING COMMITTEE (MLC) MEETING HELD ON 5TH MARCH, 2025","https://www.mmmd.gov.zm/?p=4013"
"Tedafluo Investment Company Limited","organization","Southern","Gwembe, Mazabuka, Monze, Siavonga","36744-HQ-LEL","Approved","critical_battery","1","9346","Scrap Mica/Quartz/Zinc","SUBJECT: RESULTS OF THE 79TH MINING LICENSING COMMITTEE (MLC) MEETING HELD ON 11TH TO 12TH APRIL 2024","https://www.mmmd.gov.zm/?p=2794"
"Tehila Milling Limited","organization","North Western","Chavuma, Zambezi | Chavuma","28861-HQ-LEL | 28801-HQ-LEL","Cancelled | DEFERRED | REJECTED | Approved","critical_battery","1","69059","Lead/Nickel/Zinc","CANCELLATION OF NON-COMPLIANT MINING AND NON-MINING RIGHTS BY THE MINING LICENSING COMMITTEE (MLC)","https://www.mmmd.gov.zm/?p=2787"
"Temachi Mineral Resources Limited","organization","Luapula","Mansa, Mwense","27457-HQ-LEL","Cancelled | Approved","base_metals","1","8535","Iron Ore/Copper/Cobalt","CANCELLATION OF NON-COMPLIANT MINING AND NON-MINING RIGHTS BY THE MINING LICENSING COMMITTEE (MLC)","https://www.mmmd.gov.zm/?p=2787"
"Teragem Mining Limited","organization","Eastern","Katete","30628-HQ-LEL | 31255-HQ-LEL | 35256-HQ-SEL","Deferred | APPROVED","gemstones","3","10270","Amethyst/Iron Ore/Gold","REMINDER ON RESULTS OF THE 70TH AND 71ST MINING LICENSING COMMITTEE (MLC) MEETINGS HELD IN FEBRUARY AND MARCH 2023","https://www.mmmd.gov.zm/?p=2555"
"Terence Iain Findlay","person_or_unclassified","Copperbelt","Luanshya","25215-HQ-AMR","Deferred","critical_battery","1","3","Manganese/Quartz/Zinc","RESULTS OF THE 82ND MINING LICENSING COMMITTEE (MLC) MEETING HELD ON 11TH SEPTEMBER, 2024","https://www.mmmd.gov.zm/?p=3378"
"TERRANEX RESOURCES LIMITED","organization","Northern","Mpika","39556-HQ-MPL","Deferred | Approved","gold","1","94","Gold","RESULTS OF THE 85TH MINING LICENSING COMMITTEE (MLC) MEETING HELD ON 5TH MARCH, 2025","https://www.mmmd.gov.zm/?p=4013"
"Tertiary Minerals  Zambia Limited","organization","North Western","Mwinilunga","32139-HQ-LEL","Approved","gold","1","4116","Iron Ore/Lead/Zinc","RESULTS OF THE 72ND MINING LICENSING COMMITTEE (MLC) MEETING HELD FROM 17TH TO 22 MAY 2023","https://www.mmmd.gov.zm/?p=2559"
"Teviem Enterprises Limited","organization","Eastern","Lundazi","35128-HQ-SEL","Approved","gemstones","1","354","Iron Ore/Gold/Tourmaline","RESULTS OF THE 77TH MINING LICENSING COMMITTEE (MLC) MEETING HELD ON 11TH TO 12TH JANUARY 2024","https://www.mmmd.gov.zm/?p=2675"
"Texxon Energies Limited","organization","Southern","Sinazongwe | Siavonga","15589-HQ-SML | 24087-HQ-LEL | 26625-HQ-SML | 27193-HQ-LEL | 26509-HQ-SML","Approved | Cancelled | Rejected | Deferred","energy_minerals","2","689","Coal","REMINDER ON RESULTS OF THE 70TH AND 71ST MINING LICENSING COMMITTEE (MLC) MEETINGS HELD IN FEBRUARY AND MARCH 2023","https://www.mmmd.gov.zm/?p=2555"
"TGC Mineral Resources Limited","organization","Luapula","Mwense","32320-HQ-LEL | 32321-HQ-SEL","Approved","critical_battery","2","26187","Nickel/Zinc/Manganese","RESULTS OF THE 72ND MINING LICENSING COMMITTEE (MLC) MEETING HELD FROM 17TH TO 22 MAY 2023","https://www.mmmd.gov.zm/?p=2559"
"Thandiwe Jikanza","person_or_unclassified","North Western","Mwinilunga","35540-HQ-AMR","Approved","critical_battery","1","7","Iron Ore/Rare EarthsElements/Zinc","RESULTS OF THE 77TH MINING LICENSING COMMITTEE (MLC) MEETING HELD ON 11TH TO 12TH JANUARY 2024","https://www.mmmd.gov.zm/?p=2675"
"Thandizo Lathu Multipurpose Co-operative Society Limited","organization","Lusaka | Central","Chongwe | Mumbwa","36807-HQ-AMR | 36808-HQ-AMR | 37567-HQ-AMR | 41611-HQ-AMR | 41623-HQ-AMR","Deferred | Approved","gemstones","4","22","Iron Ore/Manganese/Quartz","RESULTS OF THE 76TH MINING LICENSING COMMITTEE (MLC) MEETING HELD ON 17TH AND 20TH NOVEMBER 2023","https://www.mmmd.gov.zm/?p=2640"
"The Big Shofolo Enterprises Limited","organization","Central","Serenje","36413-HQ-SEL","DEFERRED | Approved","critical_battery","1","187","Tantalum/Iron Ore/Gold","RESULTS OF THE 86TH MINING LICENSING COMMITTEE (MLC) MEETING HELD ON 27TH MARCH 2025","https://www.mmmd.gov.zm/?p=4061"
"The Diamond Rock Mining Limited","organization","North Western","Kasempa, Mufumbwe","38423-HQ-LEL","Approved","critical_battery","1","11125","Limestone (General)/Lead/Silver","RESULTS OF THE 82ND MINING LICENSING COMMITTEE (MLC) MEETING HELD ON 11TH SEPTEMBER, 2024","https://www.mmmd.gov.zm/?p=3378"
"The New Vision Newspapers Limited","organization","Luapula","Mansa","14111-HQ-SML","APPROVED","critical_battery","1","60","Zinc/Manganese/Lead","RESULTS OF THE EXTRA ORDINARY MINING LICENSING COMMITTEE (MLC) MEETING HELD ON 27TH OCTOBER 2023","https://www.mmmd.gov.zm/?p=2626"
"thelma kapeshi","person_or_unclassified","North Western","Kasempa","38292-HQ-AMR | 38294-HQ-AMR","Approved","gold","2","13","Gold/Cobalt/Copper","RESULTS OF THE 82ND MINING LICENSING COMMITTEE (MLC) MEETING HELD ON 11TH SEPTEMBER, 2024","https://www.mmmd.gov.zm/?p=3378"
"Theo Ephraim","person_or_unclassified","Eastern","Petauke","35402-HQ-AMR","Deferred | Approved","gold","1","7","Quartz/Silver/Zinc","RESULTS OF THE 82ND MINING LICENSING COMMITTEE (MLC) MEETING HELD ON 11TH SEPTEMBER, 2024","https://www.mmmd.gov.zm/?p=3378"
"Theopatis Kacha Kasoti","person_or_unclassified","North Western","Solwezi","35879-HQ-AMR","Approved","industrial_minerals","1","7","Silica/Quartz","RESULTS OF THE 78TH MINING LICENSING COMMITTEE (MLC) MEETING HELD ON 27TH FEBRUARY TO 1ST MARCH 2024","https://www.mmmd.gov.zm/?p=2785"
"Thomas Mwelwa","person_or_unclassified","Lusaka","Chongwe","28461-HQ-AMR","","critical_battery","1","7","Iron Ore/Anhydrite/Manganese","REMINDER ON RESULTS OF THE 70TH AND 71ST MINING LICENSING COMMITTEE (MLC) MEETINGS HELD IN FEBRUARY AND MARCH 2023","https://www.mmmd.gov.zm/?p=2555"
"THORAS RESOURCES AND MINERALS LIMITED","organization","Central","Mkushi; Lusaka, Chongwe","39072-HQ-LEL | 39071-HQ-SEL | 39077-HQ-LEL","Approved | APPROVED","gemstones","3","33590","Cobalt/Gold/Copper","RESULTS OF THE 84TH MINING LICENSING COMMITTEE (MLC) MEETING HELD ON 12TH DECEMBER, 2024","https://www.mmmd.gov.zm/?p=3780"
"Thrio Consulting and Management Services Limited","organization","Central","Mkushi","30335-HQ-SEL","Approved","gemstones","1","100","Silver/Quartz/Zinc","RESULTS OF THE 82ND MINING LICENSING COMMITTEE (MLC) MEETING HELD ON 11TH SEPTEMBER, 2024","https://www.mmmd.gov.zm/?p=3378"
"Tian Investments Limited","organization","","","22481-HQ-SML","Cancelled","gold","1","394","Silver/Zinc/Iron Ore","CANCELLATION OF NON-COMPLIANT MINING AND NON-MINING RIGHTS BY THE MINING LICENSING COMMITTEE (MLC)","https://www.mmmd.gov.zm/?p=2787"
"Tiana Tia Manufacturing Zambia Limited","organization","Southern","Kalomo","30922-HQ-SEL | 30123-HQ-SEL | 38337-HQ-SML","Approved | Cancelled | Deferred | Rejected","critical_battery","2","814","Rare EarthsElements/Tin/Tungsten","REMINDER ON RESULTS OF THE 70TH AND 71ST MINING LICENSING COMMITTEE (MLC) MEETINGS HELD IN FEBRUARY AND MARCH 2023","https://www.mmmd.gov.zm/?p=2555"
"Tianle Mineral Development Company Limited","organization","Central | Eastern","Chibombo, Kapiri Mposhi | Petauke","36833-HQ-LEL | 38589-HQ-LEL","Rejected","gemstones","1","2052","Manganese/Limestone (General)/Iron Ore","RESULTS OF THE 83RD MINING LICENSING COMMITTEE (MLC) MEETING HELD ON 30TH OCTOBER, 2024","https://www.mmmd.gov.zm/?p=3515"
"Tiger Distributors Limited","organization","Copperbelt","Mufulira, Ndola | Chililabombwe | Lufwanyama","33749-HQ-SEL | 33750-HQ-SEL | 33378-HQ-SEL | 40169-HQ-SML","Approved","gemstones","4","358","Tourmaline/Zinc/Iron Ore","RESULTS OF THE 73RD MINING LICENSING COMMITTEE (MLC) MEETING HELD FROM 29TH TO 30TH JUNE 2023","https://www.mmmd.gov.zm/?p=2583"
"Tiger Zambezi Investment Limited","organization","Central | Lusaka","Chibombo | Chongwe","32286-HQ-LEL | 32299-HQ-LEL | 34149-HQ-MPL | 39104-HQ-LEL","Approved | Deferred","gemstones","4","16484","Gold/Copper/Nickel","RESULTS OF THE 72ND MINING LICENSING COMMITTEE (MLC) MEETING HELD FROM 17TH TO 22 MAY 2023","https://www.mmmd.gov.zm/?p=2559"
"Tikumbe Tonse Investments Limited","organization","Southern","Siavonga","29937-HQ-LEL","Rejected","industrial_minerals","1","402","Limestone (General)/Sand and Gravel/Talc-Soapstone","REMINDER ON RESULTS OF THE 70TH AND 71ST MINING LICENSING COMMITTEE (MLC) MEETINGS HELD IN FEBRUARY AND MARCH 2023","https://www.mmmd.gov.zm/?p=2555"
"Tilaves Investment Limited","organization","Central","Mkushi | Kapiri Mposhi; Copperbelt, Masaiti","32162-HQ-LEL | 32092-HQ-SEL | 32098-HQ-SEL | 32169-HQ-LEL | 32176-HQ-SEL","Approved","critical_battery","5","3433","Iron Ore/Silver/Gold","RESULTS OF THE 72ND MINING LICENSING COMMITTEE (MLC) MEETING HELD FROM 17TH TO 22 MAY 2023","https://www.mmmd.gov.zm/?p=2559"
"TILITOSE CHIMUTENGO MULTIPURPOSE COOPERATIVE SOCIETY LIMITED","organization","Lusaka | Eastern","Chongwe | Chadiza","37055-HQ-AMR | 37056-HQ-AMR","Approved","gemstones","1","7","Nickel/Anhydrite/Zinc","RESULTS OF THE 77TH MINING LICENSING COMMITTEE (MLC) MEETING HELD ON 11TH TO 12TH JANUARY 2024","https://www.mmmd.gov.zm/?p=2675"
"Tillas Titus Sichinga","person_or_unclassified","Central | Northern | Southern","Serenje | Mumbwa | Mpika | Siavonga | Mkushi","32551-HQ-AMR | 33255-HQ-AMR | 34579-HQ-AMR | 37471-HQ-AMR | 37341-HQ-AMR","Approved","critical_battery","3","17","Quartz/Manganese/Phosphorus-Phosphates","RESULTS OF THE 72ND MINING LICENSING COMMITTEE (MLC) MEETING HELD FROM 17TH TO 22 MAY 2023","https://www.mmmd.gov.zm/?p=2559"
"Timna Valley Resources Limited","organization","Central | Copperbelt","Mkushi | Mpongwe; North Western, Solwezi","29572-HQ-SEL | 38658-HQ-SEL | 38659-HQ-SEL | 38644-HQ-SEL","Cancelled | Approved | Deferred | Rejected","gemstones","3","1417","Iron Ore/Gold/Copper","CANCELLATION OF NON-COMPLIANT MINING AND NON-MINING RIGHTS BY THE MINING LICENSING COMMITTEE (MLC)","https://www.mmmd.gov.zm/?p=2787"
"Timothy Mpempulwa","person_or_unclassified","Lusaka | Northern","Chongwe | Mpika","38250-HQ-AMR | 38251-HQ-AMR | 38328-HQ-AMR","Approved","critical_battery","2","13","Gold/Copper/Cobalt","RESULTS OF THE 82ND MINING LICENSING COMMITTEE (MLC) MEETING HELD ON 11TH SEPTEMBER, 2024","https://www.mmmd.gov.zm/?p=3378"
"Tinco Zambia Limited","organization","Southern","Kalomo","25874-HQ-SEL | 41691-HQ-LEL","Rejected | Approved","gemstones","2","815","Silver/Lithium/Lead","REMINDER ON RESULTS OF THE 70TH AND 71ST MINING LICENSING COMMITTEE (MLC) MEETINGS HELD IN FEBRUARY AND MARCH 2023","https://www.mmmd.gov.zm/?p=2555"
"Tinglong Investments Limited","organization","Copperbelt","Chingola","31610-HQ-MPL | 24789-HQ-SML","Approved | Cancelled","gold","2","206","Copper/Zinc/Lead","RESULTS OF THE 77TH MINING LICENSING COMMITTEE (MLC) MEETING HELD ON 11TH TO 12TH JANUARY 2024","https://www.mmmd.gov.zm/?p=2675"
"Tirupati Investment Limited","organization","Southern | Copperbelt","Kalomo | Lufwanyama","28705-HQ-SEL | 26992-HQ-LEL | 27275-HQ-SEL | 39344-HQ-SEL | 39975-HQ-LEL | 19016-HQ-SML","Cancelled | Approved | Deferred | Rejected","gemstones","1","45","Emerald/Quartz/Corundum","REMINDER ON RESULTS OF THE 70TH AND 71ST MINING LICENSING COMMITTEE (MLC) MEETINGS HELD IN FEBRUARY AND MARCH 2023","https://www.mmmd.gov.zm/?p=2555"
"Tissa Kasonga","person_or_unclassified","Central | Northern","Mkushi | Mpika | Serenje","28786-HQ-AMR | 28106-HQ-AMR | 36759-HQ-AMR | 38353-HQ-AMR","Deferred | Rejected","gemstones","4","19","Quartz/Copper/Iron Ore","REMINDER ON RESULTS OF THE 70TH AND 71ST MINING LICENSING COMMITTEE (MLC) MEETINGS HELD IN FEBRUARY AND MARCH 2023","https://www.mmmd.gov.zm/?p=2555"
"Titamenji Construction Limited","organization","Eastern","Nyimba","36122-HQ-SEL","Approved","gemstones","1","993","Phosphorus-Phosphates/Niobium (Columbium)/Nickel","RESULTS OF THE 78TH MINING LICENSING COMMITTEE (MLC) MEETING HELD ON 27TH FEBRUARY TO 1ST MARCH 2024","https://www.mmmd.gov.zm/?p=2785"
"Tito Ng`andwe","person_or_unclassified","Eastern | Central","Petauke | Chibombo","36202-HQ-AMR | 35702-HQ-AMR","Approved","industrial_minerals","1","7","Silica/Quartz","RESULTS OF THE 81ST MINING LICENSING COMMITTEE (MLC) MEETING HELD ON 31ST JULY, 2024","https://www.mmmd.gov.zm/?p=2923"
"Tito Ng'andwe","person_or_unclassified","Eastern | Central","Petauke | Chibombo","36202-HQ-AMR | 35702-HQ-AMR","Approved","critical_battery","2","13","Quartz/Gold/Iron Ore","RESULTS OF THE 81ST MINING LICENSING COMMITTEE (MLC) MEETING HELD ON 31ST JULY, 2024","https://www.mmmd.gov.zm/?p=2923"
"Tobias Cheelo","person_or_unclassified","Southern","Mazabuka","42066-HQ-AMR | 42067-HQ-AMR","APPROVED","gemstones","1","7","Gold/Quartz/Aquamarine","RESULTS OF THE 91ST MINING LICENSING COMMITTEE (MLC) MEETING HELD ON 08TH OCTOBER, 2025","https://www.mmmd.gov.zm/?p=6170"
"Together Resources Limited","organization","Central | North Western","Mumbwa | Chibombo; Lusaka, Chongwe | Kasempa","38993-HQ-LEL | 38995-HQ-LEL | 38996-HQ-LEL | 39756-HQ-LEL","Approved | APPROVED","gemstones","4","41417","Zinc/Iron Ore/Lead","RESULTS OF THE 84TH MINING LICENSING COMMITTEE (MLC) MEETING HELD ON 12TH DECEMBER, 2024","https://www.mmmd.gov.zm/?p=3780"
"Tomson Ikowa","person_or_unclassified","Luapula","Mansa | Samfya","37501-HQ-AMR | 38144-HQ-AMR | 38145-HQ-AMR | 38147-HQ-AMR | 38148-HQ-AMR","Approved","gemstones","5","34","Manganese/Zinc/Tourmaline","RESULTS OF THE 81ST MINING LICENSING COMMITTEE (MLC) MEETING HELD ON 31ST JULY, 2024","https://www.mmmd.gov.zm/?p=2923"
"Tonawanda Procurement Limited","organization","Central | Copperbelt | North Western","Mumbwa | Mufulira | Mwinilunga","35384-HQ-LEL | 37492-HQ-SEL | 38056-HQ-LEL","Approved","gemstones","3","8582","Iron Ore/Manganese/Gold","SUBJECT: RESULTS OF THE 79TH MINING LICENSING COMMITTEE (MLC) MEETING HELD ON 11TH TO 12TH APRIL 2024","https://www.mmmd.gov.zm/?p=2794"
"Tongxin Metal Company Limited","organization","","","21014-HQ-MPL","Cancelled","gold","1","13","Gold/Lead/Cobalt","CANCELLATION OF NON-COMPLIANT MINING AND NON-MINING RIGHTS BY THE MINING LICENSING COMMITTEE (MLC)","https://www.mmmd.gov.zm/?p=2787"
"Top Feng Investments Limited","organization","Southern","Sinazongwe","36258-HQ-SEL","Approved","energy_minerals","1","150","Coal","RESULTS OF THE 77TH MINING LICENSING COMMITTEE (MLC) MEETING HELD ON 11TH TO 12TH JANUARY 2024","https://www.mmmd.gov.zm/?p=2675"
"Top Stone Mining Limited","organization","Eastern","Nyimba","30895-HQ-LEL","","gemstones","1","4873","Lead/Iron Ore/Manganese","REMINDER ON RESULTS OF THE 70TH AND 71ST MINING LICENSING COMMITTEE (MLC) MEETINGS HELD IN FEBRUARY AND MARCH 2023","https://www.mmmd.gov.zm/?p=2555"
"Topglory Mining Company Limited","organization","","","28277-HQ-MPL","Cancelled","critical_battery","1","27","Manganese","CANCELLATION OF NON-COMPLIANT MINING AND NON-MINING RIGHTS BY THE MINING LICENSING COMMITTEE (MLC)","https://www.mmmd.gov.zm/?p=2787"
"Towhid Trading Limited","organization","Central","Mumbwa","39010-HQ-MPL","Deferred | Approved","gold","1","7","Gold","RESULTS OF THE 83RD MINING LICENSING COMMITTEE (MLC) MEETING HELD ON 30TH OCTOBER, 2024","https://www.mmmd.gov.zm/?p=3515"
"Towing Logistic Limited","organization","North Western","Kasempa","32995-HQ-SEL","","gemstones","1","546","Manganese/Lithium/Nickel","RESULTS OF THE 76TH MINING LICENSING COMMITTEE (MLC) MEETING HELD ON 17TH AND 20TH NOVEMBER 2023","https://www.mmmd.gov.zm/?p=2640"
"Tracy  Njimbo","person_or_unclassified","Central","Chibombo","30791-HQ-AMR | 30908-HQ-AMR","","gold","2","13","Silver/Zinc/Gold","REMINDER ON RESULTS OF THE 70TH AND 71ST MINING LICENSING COMMITTEE (MLC) MEETINGS HELD IN FEBRUARY AND MARCH 2023","https://www.mmmd.gov.zm/?p=2555"
"Trade Zone Limited","organization","Southern","Mazabuka, Monze","29096-HQ-LEL","Approved","critical_battery","3","42662","Anhydrite/Gypsum/Talc-Soapstone","RESULTS OF THE 90TH MINING LICENSING COMMITTEE (MLC) MEETING HELD ON 29TH AUGUST, 2025","https://www.mmmd.gov.zm/?p=5836"
"Tradeco Mineral Resources Limited","organization","Eastern | North Western","Nyimba | Kasempa","30507-HQ-SEL | 42221-HQ-SEL","Approved | Cancelled","gemstones","1","398","Quartz/Tourmaline/Garnet","REMINDER ON RESULTS OF THE 70TH AND 71ST MINING LICENSING COMMITTEE (MLC) MEETINGS HELD IN FEBRUARY AND MARCH 2023","https://www.mmmd.gov.zm/?p=2555"
"Tradium Resources Limited","organization","Luapula","Mansa, Milenge | Mansa | Kawambwa, Mwense","30945-HQ-SEL | 32436-HQ-LEL | 30397-HQ-SEL | 33264-HQ-SEL | 38638-HQ-SEL","Rejected | Approved | Cancelled | Deferred","critical_battery","2","22993","Iron Ore/Lead/Manganese","REMINDER ON RESULTS OF THE 70TH AND 71ST MINING LICENSING COMMITTEE (MLC) MEETINGS HELD IN FEBRUARY AND MARCH 2023","https://www.mmmd.gov.zm/?p=2555"
"Trailblazer Minerals Company","organization","Central | North Western | Western","Mkushi | Kasempa | Mufumbwe | Kaoma","38378-HQ-SEL | 40322-HQ-MPL | 41536-HQ-SEL | 41898-HQ-SEL","Approved | Rejected","gemstones","2","1027","Copper/Gold/Sugilite","RESULTS OF THE 82ND MINING LICENSING COMMITTEE (MLC) MEETING HELD ON 11TH SEPTEMBER, 2024","https://www.mmmd.gov.zm/?p=3378"
"TRALCOM INVESTMENT LIMITED","organization","North Western","Solwezi","39693-HQ-SEL","Approved","gemstones","1","401","Limestone (General)/Lead/Rare EarthsElements","RESULTS OF THE 85TH MINING LICENSING COMMITTEE (MLC) MEETING HELD ON 5TH MARCH, 2025","https://www.mmmd.gov.zm/?p=4013"
"Treasures of Wealth Mining Limited","organization","Lusaka | North Western | Central","Kafue | Solwezi | Mumbwa","31065-HQ-SEL | 35009-HQ-LEL | 35057-HQ-LEL | 37097-HQ-LEL | 27388-HQ-SEL | 28468-HQ-SEL","Approved | Deferred | Cancelled | Rejected","gemstones","5","15125","Gold/Copper/Quartz","REMINDER ON RESULTS OF THE 70TH AND 71ST MINING LICENSING COMMITTEE (MLC) MEETINGS HELD IN FEBRUARY AND MARCH 2023","https://www.mmmd.gov.zm/?p=2555"
"Trendy Enterprises Limited","organization","Central","Mumbwa","35925-HQ-SEL","Approved","critical_battery","2","1256","Lead/Limestone (General)/Manganese","RESULTS OF THE 76TH MINING LICENSING COMMITTEE (MLC) MEETING HELD ON 17TH AND 20TH NOVEMBER 2023","https://www.mmmd.gov.zm/?p=2640"
"Trenfort Investments Zambia Limited","organization","Southern","Sinazongwe","30192-HQ-SEL","","gemstones","1","318","Quartz/Gold/Tourmaline","RESULTS OF THE 76TH MINING LICENSING COMMITTEE (MLC) MEETING HELD ON 17TH AND 20TH NOVEMBER 2023","https://www.mmmd.gov.zm/?p=2640"
"Trentbridge Mining and Exploration Limited","organization","Northern | North Western","Chinsali | Solwezi | Chinsali, Mpika","34818-HQ-LEL | 34894-HQ-LEL | 35053-HQ-LEL","APPROVED","critical_battery","3","197742","Gold/Manganese/Cobalt","RESULTS OF THE 75TH MINING LICENSING COMMITTEE (MLC) MEETING HELD FROM 27TH TO 29TH SEPTEMBER 2023","https://www.mmmd.gov.zm/?p=2618"
"Triad Logistics","organization","Central | Northern","Kapiri Mposhi | Mpika","40368-HQ-LEL | 41710-HQ-LEL | 41712-HQ-LEL","APPROVED | Approved","gemstones","1","9535","Limestone (General)/Manganese/Anhydrite","RESULTS OF THE 87TH MINING LICENSING COMMITTEE (MLC) MEETING HELD ON 7TH MAY, 2025","https://www.mmmd.gov.zm/?p=4069"
"Tripple M Mining Limited","organization","","","29102-HQ-LEL | 28360-HQ-LEL","Cancelled","gold","1","6799","Gold/Zinc/Cobalt","CANCELLATION OF NON-COMPLIANT MINING AND NON-MINING RIGHTS BY THE MINING LICENSING COMMITTEE (MLC)","https://www.mmmd.gov.zm/?p=2787"
"TRISHUL MINES AND MINERALS LIMITED","organization","Central | Eastern","Mumbwa | Petauke | Chibombo","37627-HQ-SEL | 38167-HQ-SEL | 38023-HQ-SEL | 40778-HQ-MPL","Deferred | Approved | REJECTED | DEFERRED","gemstones","2","1508","Malachite/Manganese/Zinc","RESULTS OF THE 80TH MINING LICENSING COMMITTEE (MLC) MEETING HELD ON 6TH TO 7TH AND 10TH JUNE 2024","https://www.mmmd.gov.zm/?p=2849"
"Tropical Mine Investments Zambia Limited","organization","Lusaka","Chongwe","30104-HQ-SEL | 27531-HQ-SEL | 24967-HQ-SEL | 40970-HQ-SEL","Cancelled | Deferred | Approved","critical_battery","3","6825","Copper/Zinc/Gold","CANCELLATION OF NON-COMPLIANT MINING AND NON-MINING RIGHTS BY THE MINING LICENSING COMMITTEE (MLC)","https://www.mmmd.gov.zm/?p=2787"
"Tropics Surveying Technical Services Limited","organization","Central","Chibombo","25275-HQ-LEL","Deferred","critical_battery","1","1624","Gold/Manganese/Cobalt","RESULTS OF THE 80TH MINING LICENSING COMMITTEE (MLC) MEETING HELD ON 6TH TO 7TH AND 10TH JUNE 2024","https://www.mmmd.gov.zm/?p=2849"
"Trovel distributors Limited","organization","Northern | Central","Mpika | Serenje","23230-HQ-SML | 32912-HQ-SML | 22286-HQ-SEL","Deferred | Approved | Cancelled","critical_battery","1","378","Manganese/Lead/Zinc","REMINDER ON RESULTS OF THE 70TH AND 71ST MINING LICENSING COMMITTEE (MLC) MEETINGS HELD IN FEBRUARY AND MARCH 2023","https://www.mmmd.gov.zm/?p=2555"
"Troy Simutunda","person_or_unclassified","Central","Serenje","33246-HQ-AMR | 36712-HQ-AMR","Rejected","gemstones","2","13","Silica/Manganese/Quartz","RESULTS OF THE 76TH MINING LICENSING COMMITTEE (MLC) MEETING HELD ON 17TH AND 20TH NOVEMBER 2023","https://www.mmmd.gov.zm/?p=2640"
"True Ore Mines and Mineral (Zambia) Limited","organization","Luapula","Mansa","39476-HQ-SEL","Approved","gemstones","1","195","Nickel/Sugilite/Zinc","RESULTS OF THE 85TH MINING LICENSING COMMITTEE (MLC) MEETING HELD ON 5TH MARCH, 2025","https://www.mmmd.gov.zm/?p=4013"
"True Ore Mines and Minerals (Tomm) Private Limited","organization","Luapula","Mansa","37465-HQ-MPL","Deferred","critical_battery","1","13","Manganese/Gold/Copper","SUBJECT: RESULTS OF THE 79TH MINING LICENSING COMMITTEE (MLC) MEETING HELD ON 11TH TO 12TH APRIL 2024","https://www.mmmd.gov.zm/?p=2794"
"Truestone Mineral Processing Limited","organization","Eastern | Copperbelt | Central","Mambwe | Kalulushi | Mkushi","32243-HQ-LEL | 32242-HQ-SEL | 33039-HQ-SEL","Approved","critical_battery","4","10034","Lead/Manganese/Zinc","RESULTS OF THE 72ND MINING LICENSING COMMITTEE (MLC) MEETING HELD FROM 17TH TO 22 MAY 2023","https://www.mmmd.gov.zm/?p=2559"
"Trustnet Consultancy Limited","organization","Central | Southern","Mumbwa | Kalomo","34116-HQ-SEL | 33748-HQ-LEL | 28488-HQ-LEL | 28741-HQ-LEL","Approved | REJECTED | Cancelled | Deferred","gemstones","2","3962","Iron Ore/Manganese/Gold","RESULTS OF THE 73RD MINING LICENSING COMMITTEE (MLC) MEETING HELD FROM 29TH TO 30TH JUNE 2023","https://www.mmmd.gov.zm/?p=2583"
"TRUSTROCK RESOURCES LIMITED","organization","North Western | Central","Solwezi | Kasempa, Mufumbwe, Solwezi | Serenje","40485-HQ-LEL | 40496-HQ-LEL | 40718-HQ-LEL","Deferred | Rejected","gemstones","1","1992","Silver/Manganese/Zinc","RESULTS OF THE 88TH MINING LICENSING COMMITTEE (MLC) MEETING HELD ON 30TH MAY, 2025","https://www.mmmd.gov.zm/?p=4111"
"Truststars Mining Investments Limited","organization","North Western | Copperbelt","Solwezi | Chililabombwe","39267-HQ-LEL | 40613-HQ-SEL","Deferred | Approved","gemstones","3","12468","Nickel/Iron Ore/Copper","RESULTS OF THE 84TH MINING LICENSING COMMITTEE (MLC) MEETING HELD ON 12TH DECEMBER, 2024","https://www.mmmd.gov.zm/?p=3780"
"TRYTON CONSTRUCTION & ENGINEERING COMPANY LIMITED","organization","Central","Chibombo","36306-HQ-SEL","Approved","industrial_minerals","1","43","Limestone (General)/Dolomite","RESULTS OF THE 78TH MINING LICENSING COMMITTEE (MLC) MEETING HELD ON 27TH FEBRUARY TO 1ST MARCH 2024","https://www.mmmd.gov.zm/?p=2785"
"TSAHAYI AUGUST LIMITED","organization","Central","Mkushi","37541-HQ-LEL","Approved","critical_battery","1","5099","Nickel/Manganese/Zinc","SUBJECT: RESULTS OF THE 79TH MINING LICENSING COMMITTEE (MLC) MEETING HELD ON 11TH TO 12TH APRIL 2024","https://www.mmmd.gov.zm/?p=2794"
"Tsavari Mining Limited","organization","Central | North Western | Western","Chibombo, Kabwe | Mufumbwe; Western, Kaoma | Kaoma | Mwinilunga","34547-HQ-LEL | 37312-HQ-LEL | 37246-HQ-SEL | 37245-HQ-LEL | 37209-HQ-SEL","Approved | Rejected | APPROVED","gemstones","4","103874","Gold/Silver/Lead","RESULTS OF THE 77TH MINING LICENSING COMMITTEE (MLC) MEETING HELD ON 11TH TO 12TH JANUARY 2024","https://www.mmmd.gov.zm/?p=2675"
"Tsavo Flour Mills Limited","organization","North Western | Northern | Luapula | Copperbelt","Kasempa | Mporokoso | Northern, Kaputa | Mufumbwe, Mwinilunga, Solwezi | Mufulira | Chinsali","38427-HQ-SEL | 39656-HQ-LEL | 39658-HQ-LEL | 39772-HQ-SEL | 40409-HQ-SEL | 42131-HQ-SEL","Deferred | APPROVED | Approved | Rejected","gemstones","4","25300","Gold/Copper/Cobalt","RESULTS OF THE 82ND MINING LICENSING COMMITTEE (MLC) MEETING HELD ON 11TH SEPTEMBER, 2024","https://www.mmmd.gov.zm/?p=3378"
"TSSG Mining Limited","organization","","","29163-HQ-SEL | 28713-HQ-LEL | 28955-HQ-SEL | 28956-HQ-SEL | 28957-HQ-SEL","Cancelled","gemstones","5","9276","Quartz/Tourmaline/Aquamarine","CANCELLATION OF NON-COMPLIANT MINING AND NON-MINING RIGHTS BY THE MINING LICENSING COMMITTEE (MLC)","https://www.mmmd.gov.zm/?p=2787"
"Tubombeshe Mining Limited","organization","Central | Copperbelt","Serenje; Northern, Mpika | Lufwanyama | Chingola","32416-HQ-LEL | 34265-HQ-SML | 35538-HQ-SML | 7087-HQ-SML","Deferred | APPROVED | Cancelled | Approved","gemstones","3","257","Emerald/Copper/Cobalt","RESULTS OF THE 72ND MINING LICENSING COMMITTEE (MLC) MEETING HELD FROM 17TH TO 22 MAY 2023","https://www.mmmd.gov.zm/?p=2559"
"TUGWASHANE MINING LIMITED","organization","Central | Southern","Kapiri Mposhi | Gwembe","39207-HQ-LEL | 39205-HQ-SEL","Approved","critical_battery","2","12145","Copper/Coal/Zinc","RESULTS OF THE 84TH MINING LICENSING COMMITTEE (MLC) MEETING HELD ON 12TH DECEMBER, 2024","https://www.mmmd.gov.zm/?p=3780"
"Tulututwe Mining Limited","organization","","","29920-HQ-SEL","Cancelled","critical_battery","1","957","Lead/Manganese/Zinc","CANCELLATION OF NON-COMPLIANT MINING AND NON-MINING RIGHTS BY THE MINING LICENSING COMMITTEE (MLC)","https://www.mmmd.gov.zm/?p=2787"
"Tumbo Mining And Exploration Limited","organization","Lusaka","Chongwe","35739-HQ-LEL","approved","critical_battery","1","10704","Silver/Platinum/Tin","RESULTS OF THE 83RD MINING LICENSING COMMITTEE (MLC) MEETING HELD ON 30TH OCTOBER, 2024","https://www.mmmd.gov.zm/?p=3515"
"Tundamo Gem Mine Limited","organization","Central","Mumbwa","32384-HQ-SEL","Approved","gemstones","1","422","Tourmaline","RESULTS OF THE 72ND MINING LICENSING COMMITTEE (MLC) MEETING HELD FROM 17TH TO 22 MAY 2023","https://www.mmmd.gov.zm/?p=2559"
"Tunjile Multi-Purpose Co-operative Society Limited","organization","Southern","Kalomo","39011-HQ-AMR","Approved","base_metals","1","7","Malachite/Copper","RESULTS OF THE 83RD MINING LICENSING COMMITTEE (MLC) MEETING HELD ON 30TH OCTOBER, 2024","https://www.mmmd.gov.zm/?p=3515"
"Turuma Mining Limited","organization","Eastern | Central | North Western","Chama | Mkushi | Solwezi","34261-HQ-SEL | 37932-HQ-SEL | 38024-HQ-SEL | 38425-HQ-LEL","Approved | Deferred","gemstones","5","7350","Gold/Manganese/Cobalt","RESULTS OF THE 74TH MINING LICENSING COMMITTEE (MLC) MEETING HELD FROM 3RD TO 4TH AUGUST 2023","https://www.mmmd.gov.zm/?p=2598"
"Tusa Sichaba Multi-Purpose","person_or_unclassified","Southern | Eastern","Monze | Chadiza","33650-HQ-AMR","APPROVED","gemstones","1","7","Gold/Lithium/Quartz","RESULTS OF THE EXTRA ORDINARY MINING LICENSING COMMITTEE (MLC) MEETING HELD ON 27TH OCTOBER 2023","https://www.mmmd.gov.zm/?p=2626"
"Tushiya Mining And General Trading Limited","organization","Luapula","Mansa, Milenge","38564-HQ-LEL","Approved","gemstones","1","2127","Quartz/Silica/Mica","RESULTS OF THE 82ND MINING LICENSING COMMITTEE (MLC) MEETING HELD ON 11TH SEPTEMBER, 2024","https://www.mmmd.gov.zm/?p=3378"
"Tusuwa Multipurpose Cooperative Society Limited","organization","Southern","Kalomo","38324-HQ-AMR","Approved","gemstones","1","7","Beryllium/Feldspar/Amethyst","RESULTS OF THE 81ST MINING LICENSING COMMITTEE (MLC) MEETING HELD ON 31ST JULY, 2024","https://www.mmmd.gov.zm/?p=2923"
"Tutule Sunkutu","person_or_unclassified","Eastern","Lundazi","30653-HQ-AMR | 30652-HQ-AMR","Approved | Cancelled","gold","1","7","Granite/Quartz/Gold","RESULTS OF THE 72ND MINING LICENSING COMMITTEE (MLC) MEETING HELD FROM 17TH TO 22 MAY 2023","https://www.mmmd.gov.zm/?p=2559"
"Tuzikeni Mining and Construction Company Limited","organization","North Western | Luapula | Northern","Kabompo, Mufumbwe | Kawambwa, Mwense | Mwinilunga, Solwezi | Solwezi | Luwingu | Mufumbwe | Kasempa","32287-HQ-LEL | 32289-HQ-LEL | 32295-HQ-LEL | 35318-HQ-SEL | 36231-HQ-SEL | 36050-HQ-LEL | 36051-HQ-LEL","Approved","gemstones","6","154746","Cobalt/Copper/Zinc","RESULTS OF THE 72ND MINING LICENSING COMMITTEE (MLC) MEETING HELD FROM 17TH TO 22 MAY 2023","https://www.mmmd.gov.zm/?p=2559"
"Twafwilishane Multi-Purpose Co-operative Society Limited","organization","Central","Kabwe","38385-HQ-AMR | 39421-HQ-AMR","Approved","critical_battery","2","13","Zinc/Lead/Copper","RESULTS OF THE 82ND MINING LICENSING COMMITTEE (MLC) MEETING HELD ON 11TH SEPTEMBER, 2024","https://www.mmmd.gov.zm/?p=3378"
"Twaima Youth Muilti Purpose Co-operative","organization","Luapula","Kawambwa","35773-HQ-AMR","APPROVED","critical_battery","1","7","Manganese","RESULTS OF THE EXTRA ORDINARY MINING LICENSING COMMITTEE (MLC) MEETING HELD ON 27TH OCTOBER 2023","https://www.mmmd.gov.zm/?p=2626"
"Twalubuka Mineral Resources Limited","organization","Copperbelt","Mufulira","37256-HQ-SEL","","critical_battery","1","37","Manganese/Silver/Zinc","RESULTS OF THE 80TH MINING LICENSING COMMITTEE (MLC) MEETING HELD ON 6TH TO 7TH AND 10TH JUNE 2024","https://www.mmmd.gov.zm/?p=2849"
"Twavwane Multi-Purpose Cooperative Society Limited","organization","Northern","Mungwi","38509-HQ-AMR","Approved","gemstones","1","3","Emerald/Diamond/Manganese","RESULTS OF THE 84TH MINING LICENSING COMMITTEE (MLC) MEETING HELD ON 12TH DECEMBER, 2024","https://www.mmmd.gov.zm/?p=3780"
"Twawilwa Multi Purpose Cooperative  Limited","organization","Central","Mumbwa","32976-HQ-AMR | 32977-HQ-AMR | 32978-HQ-AMR","Approved","gold","2","13","Gold","RESULTS OF THE 75TH MINING LICENSING COMMITTEE (MLC) MEETING HELD FROM 27TH TO 29TH SEPTEMBER 2023","https://www.mmmd.gov.zm/?p=2618"
"TWAYUKA MINING COOPERATIVE SOCIETY LIMITED","organization","North Western","Solwezi","38289-HQ-AMR","Approved","gemstones","1","7","Limestone (General)/Lead/Nickel","RESULTS OF THE 81ST MINING LICENSING COMMITTEE (MLC) MEETING HELD ON 31ST JULY, 2024","https://www.mmmd.gov.zm/?p=2923"
"TWEENDE CHILOBE MULTIPURPOSE COOPERATIVE SOCIETY LIMITED","organization","Southern","Kalomo","38317-HQ-AMR","Approved","gemstones","1","7","Mica/Fluorine-Fluorite/Tourmaline","RESULTS OF THE 81ST MINING LICENSING COMMITTEE (MLC) MEETING HELD ON 31ST JULY, 2024","https://www.mmmd.gov.zm/?p=2923"
"Twenty Ten Investments Limited","organization","Luapula","Kawambwa","37953-HQ-SML | 40310-HQ-SML","Deferred | Approved","gemstones","3","910","Iron Ore/Manganese/Quartz","RESULTS OF THE 82ND MINING LICENSING COMMITTEE (MLC) MEETING HELD ON 11TH SEPTEMBER, 2024","https://www.mmmd.gov.zm/?p=3378"
"Ubuntu Small Scale Mining Company Limited","organization","Central","Mumbwa","36240-HQ-SEL","Approved","critical_battery","1","905","Quartz/Nickel/Zinc","RESULTS OF THE 81ST MINING LICENSING COMMITTEE (MLC) MEETING HELD ON 31ST JULY, 2024","https://www.mmmd.gov.zm/?p=2923"
"Ula Minerals Limited","organization","North Western","Zambezi","30022-HQ-LEL","","critical_battery","1","6801","Silver/Nickel/Zinc","REMINDER ON RESULTS OF THE 70TH AND 71ST MINING LICENSING COMMITTEE (MLC) MEETINGS HELD IN FEBRUARY AND MARCH 2023","https://www.mmmd.gov.zm/?p=2555"
"ULAPA BUSINESS VENTURES LIMITED","organization","Southern","Kazungula | Kazungula; Western, Sesheke","37451-HQ-LEL | 37458-HQ-LEL","Approved","gemstones","2","210459","Niobium (Columbium)/Mica/Manganese","SUBJECT: RESULTS OF THE 79TH MINING LICENSING COMMITTEE (MLC) MEETING HELD ON 11TH TO 12TH APRIL 2024","https://www.mmmd.gov.zm/?p=2794"
"Ulemu Mining Limited","organization","Eastern | Southern | Central","Katete, Petauke | Kalomo | Mumbwa | Mkushi","31067-HQ-LEL | 31250-HQ-SEL | 30924-HQ-LEL | 30937-HQ-LEL | 31031-HQ-SEL","Deferred | Approved | Rejected | Cancelled | deferred","critical_battery","4","18615","Iron Ore/Manganese/Gold","REMINDER ON RESULTS OF THE 70TH AND 71ST MINING LICENSING COMMITTEE (MLC) MEETINGS HELD IN FEBRUARY AND MARCH 2023","https://www.mmmd.gov.zm/?p=2555"
"Ulubwe Mining Limited","organization","Central | Lusaka","Chibombo, Mumbwa | Luangwa | Chibombo","36703-HQ-LEL | 37872-HQ-LEL | 37493-HQ-LML | 37494-HQ-LEL | 38248-HQ-SEL","Approved | Deferred","gemstones","5","60417","Gold/Copper/Zinc","RESULTS OF THE 77TH MINING LICENSING COMMITTEE (MLC) MEETING HELD ON 11TH TO 12TH JANUARY 2024","https://www.mmmd.gov.zm/?p=2675"
"Uluse Minerals Limited","organization","Southern | Eastern","Siavonga | Mambwe, Petauke","38981-HQ-LEL | 41174-HQ-LEL","Approved","gold","1","1628","Iron Ore/Zinc/Gold","RESULTS OF THE 83RD MINING LICENSING COMMITTEE (MLC) MEETING HELD ON 30TH OCTOBER, 2024","https://www.mmmd.gov.zm/?p=3515"
"Umetal Investments Limited","organization","Copperbelt","Chingola","40354-HQ-MPL","Approved","gold","1","40","Gold/Copper","RESULTS OF THE 87TH MINING LICENSING COMMITTEE (MLC) MEETING HELD ON 7TH MAY, 2025","https://www.mmmd.gov.zm/?p=4069"
"Umuntu Resources Limited","organization","","","26008-HQ-SML","Cancelled","gold","1","219","Iron Ore/Silver/Cobalt","CANCELLATION OF NON-COMPLIANT MINING AND NON-MINING RIGHTS BY THE MINING LICENSING COMMITTEE (MLC)","https://www.mmmd.gov.zm/?p=2787"
"Unene Trading Limited","organization","North Western | Luapula","Kasempa, Solwezi | Mansa","35613-HQ-LEL | 37354-HQ-SEL","Approved","critical_battery","2","49669","Manganese/Copper/Cobalt","RESULTS OF THE 77TH MINING LICENSING COMMITTEE (MLC) MEETING HELD ON 11TH TO 12TH JANUARY 2024","https://www.mmmd.gov.zm/?p=2675"
"UNI METALS AND MINERALS LIMITED","organization","Luapula | Central | North Western","Mwense | Mumbwa | Kasempa","38169-HQ-LEL | 38683-HQ-LEL | 36586-HQ-SEL | 38685-HQ-LEL","Approved | Deferred | REJECTED | APPROVED","critical_battery","3","45772","Lead/Tin/Manganese","RESULTS OF THE 83RD MINING LICENSING COMMITTEE (MLC) MEETING HELD ON 30TH OCTOBER, 2024","https://www.mmmd.gov.zm/?p=3515"
"Uni Mining and Construction Zambia Limited","organization","Southern","Sinazongwe","34599-HQ-LML","Approved","gemstones","1","2941","Garnet/Tantalum/Tin","RESULTS OF THE 75TH MINING LICENSING COMMITTEE (MLC) MEETING HELD FROM 27TH TO 29TH SEPTEMBER 2023","https://www.mmmd.gov.zm/?p=2618"
"Uni-African Mining and Energy Corporation Limited","organization","Luapula | Lusaka","Milenge | Chongwe | Mansa, Mwense","28433-HQ-LEL | 37649-HQ-SEL | 28375-HQ-SEL | 39506-HQ-LEL","Cancelled | Deferred | Approved | APPROVED | DEFERRED","gemstones","2","7949","Iron Ore/Lead/Zinc","CANCELLATION OF NON-COMPLIANT MINING AND NON-MINING RIGHTS BY THE MINING LICENSING COMMITTEE (MLC)","https://www.mmmd.gov.zm/?p=2787"
"Unicorn Resources Limited","organization","Northern","Chinsali, Mpika | Mpika","31011-HQ-LEL | 31012-HQ-LEL | 31013-HQ-LEL","Rejected","gemstones","2","143099","Iron Ore/Lead/Quartz","REMINDER ON RESULTS OF THE 70TH AND 71ST MINING LICENSING COMMITTEE (MLC) MEETINGS HELD IN FEBRUARY AND MARCH 2023","https://www.mmmd.gov.zm/?p=2555"
"Uniked Mwanza","person_or_unclassified","North Western","Kasempa","38302-HQ-AMR | 38304-HQ-AMR | 38305-HQ-AMR","Approved | Rejected","critical_battery","2","13","Gold/Iron Ore/Cobalt","RESULTS OF THE 83RD MINING LICENSING COMMITTEE (MLC) MEETING HELD ON 30TH OCTOBER, 2024","https://www.mmmd.gov.zm/?p=3515"
"Union Star Industry Limited","organization","","","25646-HQ-MPL","Cancelled","base_metals","1","33","Zinc/Lead/Copper","CANCELLATION OF NON-COMPLIANT MINING AND NON-MINING RIGHTS BY THE MINING LICENSING COMMITTEE (MLC)","https://www.mmmd.gov.zm/?p=2787"
"Unirate Investments Limited","organization","North Western | Copperbelt | Central","Mwinilunga | Ndola | Chibombo","30033-HQ-SEL | 33906-HQ-SEL | 29225-HQ-SEL | 33905-HQ-SEL | 37929-HQ-LEL","Cancelled | Approved","gemstones","2","36066","Iron Ore/Gold/Manganese","RESULTS OF THE 74TH MINING LICENSING COMMITTEE (MLC) MEETING HELD FROM 3RD TO 4TH AUGUST 2023","https://www.mmmd.gov.zm/?p=2598"
"Unirite Investments Limited","organization","","","29304-HQ-SEL","Cancelled","critical_battery","1","747","Manganese/Quartz/Iron Ore","CANCELLATION OF NON-COMPLIANT MINING AND NON-MINING RIGHTS BY THE MINING LICENSING COMMITTEE (MLC)","https://www.mmmd.gov.zm/?p=2787"
"United Alloys (Z) Limited","organization","","","25427-HQ-MPL","Cancelled","critical_battery","1","47","Manganese","CANCELLATION OF NON-COMPLIANT MINING AND NON-MINING RIGHTS BY THE MINING LICENSING COMMITTEE (MLC)","https://www.mmmd.gov.zm/?p=2787"
"United Gypsum Investment Limited","organization","Southern","Monze","7781-HQ-SML","Cancelled | Deferred","gemstones","1","398","Amethyst","CANCELLATION OF NON-COMPLIANT MINING AND NON-MINING RIGHTS BY THE MINING LICENSING COMMITTEE (MLC)","https://www.mmmd.gov.zm/?p=2787"
"United Gypsum Investments Limited","organization","Southern","Monze, Namwala | Siavonga | Monze","27451-HQ-LML | 27014-HQ-SML | 27015-HQ-SML | 20121-HQ-SML | 35411-HQ-SEL | 20120-HQ-SML","Rejected | Deferred | Cancelled","industrial_minerals","3","793","Anhydrite/Gypsum","REMINDER ON RESULTS OF THE 70TH AND 71ST MINING LICENSING COMMITTEE (MLC) MEETINGS HELD IN FEBRUARY AND MARCH 2023","https://www.mmmd.gov.zm/?p=2555"
"United Gypsum Mine Limited","organization","Central | Southern | Lusaka","Mkushi | Mazabuka, Monze | Chongwe | Kafue; Southern, Mazabuka","34806-HQ-SEL | 36280-HQ-SML | 39763-HQ-LEL | 39519-HQ-SEL | 42207-HQ-LEL","Approved | Rejected | APPROVED","gemstones","4","2287","Gold/Anhydrite/Gypsum","RESULTS OF THE 73RD MINING LICENSING COMMITTEE (MLC) MEETING HELD FROM 29TH TO 30TH JUNE 2023","https://www.mmmd.gov.zm/?p=2583"
"United Quarries Limited","organization","","","7729-HQ-SML","Cancelled","industrial_minerals","1","96","Limestone (General)","CANCELLATION OF NON-COMPLIANT MINING AND NON-MINING RIGHTS BY THE MINING LICENSING COMMITTEE (MLC)","https://www.mmmd.gov.zm/?p=2787"
"Unito Limited","organization","Central","Serenje; Eastern, Nyimba, Petauke | Mumbwa","36006-HQ-LEL | 36007-HQ-SEL","Approved","gold","1","4147","Silver/Zinc/Gold","SUBJECT: RESULTS OF THE 79TH MINING LICENSING COMMITTEE (MLC) MEETING HELD ON 11TH TO 12TH APRIL 2024","https://www.mmmd.gov.zm/?p=2794"
"Uniturtle Industries Zambia Limited","organization","Southern","Mazabuka","25005-HQ-SEL | 37856-HQ-SEL","Cancelled","industrial_minerals","2","222","Limestone (General)/Dolomite","CANCELLATION OF NON-COMPLIANT MINING AND NON-MINING RIGHTS BY THE MINING LICENSING COMMITTEE (MLC)","https://www.mmmd.gov.zm/?p=2787"
"Universal Mining and Chemical Industries Limited","organization","Central","Mumbwa","32705-HQ-LEL | 22301-HQ-MPL","Deferred | Cancelled","critical_battery","4","9306","/Iron Ore/Copper","RESULTS OF THE 74TH MINING LICENSING COMMITTEE (MLC) MEETING HELD FROM 3RD TO 4TH AUGUST 2023","https://www.mmmd.gov.zm/?p=2598"
"Universal Ventures Limited","organization","Luapula | Central","Kawambwa, Nchelenge; Northern, Kaputa, Mporokoso | Kapiri Mposhi; Copperbelt, Mpongwe | Kapiri Mposhi, Mkushi","30440-HQ-LEL | 30441-HQ-LEL | 30442-HQ-LEL | 30285-HQ-LEL | 30287-HQ-LEL","Cancelled","critical_battery","5","123137","Manganese/Copper/Iron Ore","REMINDER ON RESULTS OF THE 70TH AND 71ST MINING LICENSING COMMITTEE (MLC) MEETINGS HELD IN FEBRUARY AND MARCH 2023","https://www.mmmd.gov.zm/?p=2555"
"Uniwide Logistics Limited","organization","","","28580-HQ-LEL","Cancelled","critical_battery","1","1685","Manganese/Iron Ore/Silver","CANCELLATION OF NON-COMPLIANT MINING AND NON-MINING RIGHTS BY THE MINING LICENSING COMMITTEE (MLC)","https://www.mmmd.gov.zm/?p=2787"
"Upendo Resources Limited","organization","Lusaka | Eastern | Central | Northern","Kafue | Chama | Mkushi, Serenje | Chinsali, Mpika | Serenje","27597-HQ-SEL | 28633-HQ-LEL | 27940-HQ-SEL | 34843-HQ-LEL | 38578-HQ-SEL | 40441-HQ-SML | 40671-HQ-SEL","Rejected | Approved | Cancelled","gemstones","3","2075","Gold/Copper/Manganese","REMINDER ON RESULTS OF THE 70TH AND 71ST MINING LICENSING COMMITTEE (MLC) MEETINGS HELD IN FEBRUARY AND MARCH 2023","https://www.mmmd.gov.zm/?p=2555"
"Upper Hands Mining Co-operative Society Limited","organization","Luapula","Mansa","34930-HQ-AMR","APPROVED","industrial_minerals","1","7","Quartz/Granite","RESULTS OF THE 75TH MINING LICENSING COMMITTEE (MLC) MEETING HELD FROM 27TH TO 29TH SEPTEMBER 2023","https://www.mmmd.gov.zm/?p=2618"
"UPRISE INVESTMENT LIMITED","organization","Northern","Mpika","36561-HQ-LEL","Approved","base_metals","1","9732","Copper","RESULTS OF THE 82ND MINING LICENSING COMMITTEE (MLC) MEETING HELD ON 11TH SEPTEMBER, 2024","https://www.mmmd.gov.zm/?p=3378"
"USHA INVESTMENT LIMITED","organization","Copperbelt","Lufwanyama","37719-HQ-LEL | 37718-HQ-LEL","Approved | approved","gemstones","2","7366","Emerald/Quartz/Rare EarthsElements","RESULTS OF THE 80TH MINING LICENSING COMMITTEE (MLC) MEETING HELD ON 6TH TO 7TH AND 10TH JUNE 2024","https://www.mmmd.gov.zm/?p=2849"
"Ushi Logistics Limited","organization","Central","Serenje","35904-HQ-SEL | 36045-HQ-SEL","Approved","gemstones","2","617","Platinum/Quartz/Niobium (Columbium)","SUBJECT: RESULTS OF THE 79TH MINING LICENSING COMMITTEE (MLC) MEETING HELD ON 11TH TO 12TH APRIL 2024","https://www.mmmd.gov.zm/?p=2794"
"USTAWI INVESTMENT LIMITED","organization","Copperbelt","Lufwanyama","40040-HQ-SEL","Approved","gemstones","1","77","Copper/Emerald/Zinc","RESULTS OF THE 87TH MINING LICENSING COMMITTEE (MLC) MEETING HELD ON 7TH MAY, 2025","https://www.mmmd.gov.zm/?p=4069"
"Uzziel Hamoonga","person_or_unclassified","Central","Mkushi","36038-HQ-AMR","Approved","gemstones","1","7","Malachite/Granite/Manganese","RESULTS OF THE 80TH MINING LICENSING COMMITTEE (MLC) MEETING HELD ON 6TH TO 7TH AND 10TH JUNE 2024","https://www.mmmd.gov.zm/?p=2849"
"Vade Ventures Limited","organization","Copperbelt","Mufulira","34920-HQ-SEL","APPROVED","gemstones","1","297","Rare EarthsElements/Nickel/Molybdenum","RESULTS OF THE 75TH MINING LICENSING COMMITTEE (MLC) MEETING HELD FROM 27TH TO 29TH SEPTEMBER 2023","https://www.mmmd.gov.zm/?p=2618"
"Valecrest Mining Limited","organization","Lusaka | Central","Chongwe | Serenje; Northern, Mpika","33467-HQ-SEL | 35004-HQ-LEL","Approved","gemstones","1","212","Copper/Manganese/Silver","RESULTS OF THE 74TH MINING LICENSING COMMITTEE (MLC) MEETING HELD FROM 3RD TO 4TH AUGUST 2023","https://www.mmmd.gov.zm/?p=2598"
"VALZ MINERALS LIMITED COMPANY","organization","North Western","Solwezi","38780-HQ-SEL","Approved","gemstones","1","765","Gold/Iron Ore/Manganese","RESULTS OF THE 84TH MINING LICENSING COMMITTEE (MLC) MEETING HELD ON 12TH DECEMBER, 2024","https://www.mmmd.gov.zm/?p=3780"
"VANBUROCK RESOURCES LIMITED","organization","North Western","Kasempa","38878-HQ-LEL","","critical_battery","1","19351","Iron Ore/Nickel/Gold","RESULTS OF THE 83RD MINING LICENSING COMMITTEE (MLC) MEETING HELD ON 30TH OCTOBER, 2024","https://www.mmmd.gov.zm/?p=3515"
"Vanisa Mining Limited","organization","","","29730-HQ-SEL","Cancelled","critical_battery","1","459","Manganese/Lead/Zinc","CANCELLATION OF NON-COMPLIANT MINING AND NON-MINING RIGHTS BY THE MINING LICENSING COMMITTEE (MLC)","https://www.mmmd.gov.zm/?p=2787"
"Vanzetti Mining Limited","organization","","","29740-HQ-SEL | 29739-HQ-SEL","Cancelled","gemstones","1","410","Silver/Tourmaline/Zinc","CANCELLATION OF NON-COMPLIANT MINING AND NON-MINING RIGHTS BY THE MINING LICENSING COMMITTEE (MLC)","https://www.mmmd.gov.zm/?p=2787"
"Vatech Limited","organization","Central","Mumbwa","38098-HQ-SEL | 38099-HQ-SEL","Approved","critical_battery","2","900","Malachite/Limestone (General)/Nickel","RESULTS OF THE 83RD MINING LICENSING COMMITTEE (MLC) MEETING HELD ON 30TH OCTOBER, 2024","https://www.mmmd.gov.zm/?p=3515"
"Vector Mining Limited","organization","Copperbelt","Lufwanyama","34561-HQ-SEL","REJECTED | Approved","gemstones","1","183","Nickel/Manganese/Zinc","RESULTS OF THE 75TH MINING LICENSING COMMITTEE (MLC) MEETING HELD FROM 27TH TO 29TH SEPTEMBER 2023","https://www.mmmd.gov.zm/?p=2618"
"Vedas Investment Limited","organization","North Western","Solwezi","32009-HQ-SML | 28859-HQ-SEL","Approved | Cancelled","gold","1","398","Iron Ore/Silver/Gold","RESULTS OF THE 72ND MINING LICENSING COMMITTEE (MLC) MEETING HELD FROM 17TH TO 22 MAY 2023","https://www.mmmd.gov.zm/?p=2559"
"Velos Enterprises Limited","organization","Lusaka","Chongwe","40358-HQ-LML","Approved","critical_battery","2","5689","Limestone (General)/Manganese/Gold","RESULTS OF THE 88TH MINING LICENSING COMMITTEE (MLC) MEETING HELD ON 30TH MAY, 2025","https://www.mmmd.gov.zm/?p=4111"
"Veridical Integrity Limited","organization","","","30118-HQ-SEL","Cancelled","critical_battery","1","980","Manganese/Quartz/Silver","CANCELLATION OF NON-COMPLIANT MINING AND NON-MINING RIGHTS BY THE MINING LICENSING COMMITTEE (MLC)","https://www.mmmd.gov.zm/?p=2787"
"Vermark General Engineering Limited","organization","Luapula","Samfya","35768-HQ-SEL","Approved","gemstones","1","108","Manganese/Rare EarthsElements/Lead","RESULTS OF THE 80TH MINING LICENSING COMMITTEE (MLC) MEETING HELD ON 6TH TO 7TH AND 10TH JUNE 2024","https://www.mmmd.gov.zm/?p=2849"
"vernon lusopa","person_or_unclassified","North Western","Solwezi","38128-HQ-AMR","Approved","critical_battery","1","7","Nickel/Manganese/Zinc","RESULTS OF THE 82ND MINING LICENSING COMMITTEE (MLC) MEETING HELD ON 11TH SEPTEMBER, 2024","https://www.mmmd.gov.zm/?p=3378"
"Verona Investments Limited","organization","Central | Lusaka","Kabwe | Kafue | Chongwe, Kafue","30959-HQ-LEL | 32650-HQ-LEL | 33000-HQ-SEL","Approved | Deferred | Rejected","gold","3","2800","Clay (General)/Silica/Talc-Soapstone","REMINDER ON RESULTS OF THE 70TH AND 71ST MINING LICENSING COMMITTEE (MLC) MEETINGS HELD IN FEBRUARY AND MARCH 2023","https://www.mmmd.gov.zm/?p=2555"
"Vetoxy  Investments Limited","organization","Copperbelt | Central | Luapula | Eastern","Lufwanyama | Serenje | Lufwanyama, Masaiti, Mpongwe | Mansa | Petauke","32810-HQ-SEL | 36769-HQ-SEL | 37330-HQ-SEL | 38066-HQ-SEL | 40157-HQ-SEL | 40274-HQ-SEL","Approved | Rejected","gemstones","6","1885","Copper/Cobalt/Iron Ore","RESULTS OF THE 72ND MINING LICENSING COMMITTEE (MLC) MEETING HELD FROM 17TH TO 22 MAY 2023","https://www.mmmd.gov.zm/?p=2559"
"Vic-Chafi MultIpurpose Cooperative Society Limited","organization","Eastern","Lundazi","36810-HQ-AMR","Deferred | Approved","gemstones","1","7","Quartz/Aquamarine","RESULTS OF THE 84TH MINING LICENSING COMMITTEE (MLC) MEETING HELD ON 12TH DECEMBER, 2024","https://www.mmmd.gov.zm/?p=3780"
"Victor  Phiri","person_or_unclassified","Central","Mumbwa","36255-HQ-AMR","Approved","construction_materials","1","7","Granite","RESULTS OF THE 82ND MINING LICENSING COMMITTEE (MLC) MEETING HELD ON 11TH SEPTEMBER, 2024","https://www.mmmd.gov.zm/?p=3378"
"Victor Nawa Nawa","person_or_unclassified","Central","Mkushi","36264-HQ-AMR | 37421-HQ-AMR","Approved","critical_battery","2","13","Manganese/Quartz/Silica","SUBJECT: RESULTS OF THE 79TH MINING LICENSING COMMITTEE (MLC) MEETING HELD ON 11TH TO 12TH APRIL 2024","https://www.mmmd.gov.zm/?p=2794"
"Victory Mining Company Limited","organization","Copperbelt","Lufwanyama","35893-HQ-SEL","Approved","gemstones","1","123","Emerald/Beryllium","RESULTS OF THE 82ND MINING LICENSING COMMITTEE (MLC) MEETING HELD ON 11TH SEPTEMBER, 2024","https://www.mmmd.gov.zm/?p=3378"
"Victory Resources Limited","organization","Central","Kapiri Mposhi","14316-HQ-LPL","","base_metals","1","2432","Copper","RESULTS OF THE 73RD MINING LICENSING COMMITTEE (MLC) MEETING HELD FROM 29TH TO 30TH JUNE 2023","https://www.mmmd.gov.zm/?p=2583"
"Vienco Industries Limited","organization","Eastern","Nyimba | Chipata | Chama; Northern, Isoka","34206-HQ-SEL | 36079-HQ-LEL | 38778-HQ-LEL","Approved | Rejected","gemstones","3","65817","Copper/Gold/Silver","RESULTS OF THE 74TH MINING LICENSING COMMITTEE (MLC) MEETING HELD FROM 3RD TO 4TH AUGUST 2023","https://www.mmmd.gov.zm/?p=2598"
"Viet Zam Diversified Development Corporation Limited","organization","Central | Northern","Serenje; Eastern, Nyimba, Petauke | Mpulungu","35804-HQ-LEL | 35876-HQ-LEL","Approved | Deferred","gemstones","3","158237","Nickel/Copper/Gold","RESULTS OF THE 77TH MINING LICENSING COMMITTEE (MLC) MEETING HELD ON 11TH TO 12TH JANUARY 2024","https://www.mmmd.gov.zm/?p=2675"
"Vietnam Zambia Corporation Limited","organization","Copperbelt | Central","Mpongwe | Kapiri Mposhi","36196-HQ-LPL | 36195-HQ-LEL","Approved","critical_battery","2","14468","Nickel/Quartz/Silver","RESULTS OF THE 77TH MINING LICENSING COMMITTEE (MLC) MEETING HELD ON 11TH TO 12TH JANUARY 2024","https://www.mmmd.gov.zm/?p=2675"
"Vikram Investments Limited","organization","","","20147-HQ-LML","Cancelled","industrial_minerals","1","7670","Limestone (General)/Dolomite","CANCELLATION OF NON-COMPLIANT MINING AND NON-MINING RIGHTS BY THE MINING LICENSING COMMITTEE (MLC)","https://www.mmmd.gov.zm/?p=2787"
"Villian Bikoloni  Banda","person_or_unclassified","Central","Serenje","35409-HQ-AMR","Approved","critical_battery","1","7","Quartz/Manganese","RESULTS OF THE 78TH MINING LICENSING COMMITTEE (MLC) MEETING HELD ON 27TH FEBRUARY TO 1ST MARCH 2024","https://www.mmmd.gov.zm/?p=2785"
"Vincent Muinda","person_or_unclassified","Central","Kapiri Mposhi | Mkushi | Chibombo","24038-HQ-AMR | 24037-HQ-AMR | 24223-HQ-AMR","Approved | Deferred","industrial_minerals","2","13","Silica/Feldspar/Clay (General)","REMINDER ON RESULTS OF THE 70TH AND 71ST MINING LICENSING COMMITTEE (MLC) MEETINGS HELD IN FEBRUARY AND MARCH 2023","https://www.mmmd.gov.zm/?p=2555"
"Vincent Shamunyama","person_or_unclassified","Central","Mumbwa","40511-HQ-AMR","Approved","gold","1","7","Sand/Silver/Zinc","RESULTS OF THE 88TH MINING LICENSING COMMITTEE (MLC) MEETING HELD ON 30TH MAY, 2025","https://www.mmmd.gov.zm/?p=4111"
"VINEYARD MULTI-PURPOSE CO-OPERATIVE SOCIETY LIMITED","organization","North Western","Kasempa","37161-HQ-AMR","Approved","gold","1","7","Gold/Silver/Cobalt","RESULTS OF THE 84TH MINING LICENSING COMMITTEE (MLC) MEETING HELD ON 12TH DECEMBER, 2024","https://www.mmmd.gov.zm/?p=3780"
"Virgin Blue Company","organization","Copperbelt","Kitwe","37611-HQ-MPL","","critical_battery","1","7","Malachite/Manganese/Lead","RESULTS OF THE 83RD MINING LICENSING COMMITTEE (MLC) MEETING HELD ON 30TH OCTOBER, 2024","https://www.mmmd.gov.zm/?p=3515"
"Virunga Biotech and Mining Limited","organization","Northern | Central","Mbala | Mumbwa","25483-HQ-LEL | 25482-HQ-LEL","Cancelled | Rejected | Deferred | APPROVED","critical_battery","2","16597","Lead/Manganese/Zinc","CANCELLATION OF NON-COMPLIANT MINING AND NON-MINING RIGHTS BY THE MINING LICENSING COMMITTEE (MLC)","https://www.mmmd.gov.zm/?p=2787"
"Vista Cotlands Consultants Limited","organization","North Western","Mwinilunga","27806-HQ-SEL | 28368-HQ-SEL | 29264-HQ-LEL | 40747-HQ-SML","Cancelled | Deferred","critical_battery","2","1074","Nickel/Silver/Zinc","CANCELLATION OF NON-COMPLIANT MINING AND NON-MINING RIGHTS BY THE MINING LICENSING COMMITTEE (MLC)","https://www.mmmd.gov.zm/?p=2787"
"Vitreous Minerals Limited","organization","Eastern","Chama | Chama, Lundazi","23850-HQ-LEL | 23852-HQ-LEL | 23851-HQ-LEL","DEFERRED | Deferred | Approved","gemstones","2","143792","Niobium (Columbium)/Rare EarthsElements/Molybdenum","RESULTS OF THE EXTRA ORDINARY MINING LICENSING COMMITTEE (MLC) MEETING HELD ON 27TH OCTOBER 2023","https://www.mmmd.gov.zm/?p=2626"
"Vitumbo Investments Limited","organization","Lusaka | Central | Eastern","Chongwe | Chibombo | Petauke","26015-HQ-LEL | 40418-HQ-SEL | 40426-HQ-SEL | 40383-HQ-SEL","Cancelled | APPROVED | Approved | Deferred","gemstones","3","1381","Gold/Copper/Rare EarthsElements","CANCELLATION OF NON-COMPLIANT MINING AND NON-MINING RIGHTS BY THE MINING LICENSING COMMITTEE (MLC)","https://www.mmmd.gov.zm/?p=2787"
"Vorezat Investment Limited","organization","Central","Mumbwa","35153-HQ-SEL","Rejected | Approved","gemstones","1","947","Manganese/Limestone (General)/Lead","RESULTS OF THE 81ST MINING LICENSING COMMITTEE (MLC) MEETING HELD ON 31ST JULY, 2024","https://www.mmmd.gov.zm/?p=2923"
"Vortan Innovations Limited","organization","","","29712-HQ-SEL","Cancelled","critical_battery","1","300","Manganese/Gold/Copper","CANCELLATION OF NON-COMPLIANT MINING AND NON-MINING RIGHTS BY THE MINING LICENSING COMMITTEE (MLC)","https://www.mmmd.gov.zm/?p=2787"
"Vortexzam Import and Export Limited","organization","Lusaka | Eastern","Chongwe | Lundazi","22685-HQ-SEL | 22686-HQ-SEL | 37406-HQ-SEL | 37407-HQ-SEL | 37460-HQ-SEL","Cancelled | Approved | REJECTED","gemstones","2","401","Gold/Silver/Copper","CANCELLATION OF NON-COMPLIANT MINING AND NON-MINING RIGHTS BY THE MINING LICENSING COMMITTEE (MLC)","https://www.mmmd.gov.zm/?p=2787"
"Voster Hampako","person_or_unclassified","Luapula | Copperbelt","Mansa | Mufulira","38856-HQ-AMR | 39377-HQ-AMR","Approved","gemstones","1","7","Quartz/Silica/Sugilite","RESULTS OF THE 83RD MINING LICENSING COMMITTEE (MLC) MEETING HELD ON 30TH OCTOBER, 2024","https://www.mmmd.gov.zm/?p=3515"
"VS Construction & Mining Services Limited","organization","Northern","Kaputa, Mporokoso, Mpulungu | Mbala, Mporokoso, Mpulungu","32510-HQ-LEL | 32838-HQ-LEL | 32837-HQ-LEL | 32780-HQ-LEL","Approved","critical_battery","3","174170","Manganese/Zinc/Copper","RESULTS OF THE 72ND MINING LICENSING COMMITTEE (MLC) MEETING HELD FROM 17TH TO 22 MAY 2023","https://www.mmmd.gov.zm/?p=2559"
"Vundu Minerals Limited","organization","Copperbelt","Kalulushi","29594-HQ-SEL | 29396-HQ-LEL | 29398-HQ-LEL | 29613-HQ-LEL","Cancelled | Rejected","critical_battery","1","3092","Manganese/Silver/Zinc","RESULTS OF THE 74TH MINING LICENSING COMMITTEE (MLC) MEETING HELD FROM 3RD TO 4TH AUGUST 2023","https://www.mmmd.gov.zm/?p=2598"
"Vyane Mult-Purpose Co-operative Society Limited","organization","Central","Mumbwa","33274-HQ-AMR","Approved","critical_battery","1","7","Manganese/Lead/Nickel","RESULTS OF THE 74TH MINING LICENSING COMMITTEE (MLC) MEETING HELD FROM 3RD TO 4TH AUGUST 2023","https://www.mmmd.gov.zm/?p=2598"
"W.M.M Investments Limited","organization","Copperbelt","Chingola; North Western, Solwezi","40162-HQ-LEL","APPROVED","critical_battery","1","41010","Manganese/Lead/Nickel","RESULTS OF THE 87TH MINING LICENSING COMMITTEE (MLC) MEETING HELD ON 7TH MAY, 2025","https://www.mmmd.gov.zm/?p=4069"
"Wacha Mining Limited","organization","Copperbelt","Lufwanyama","24722-HQ-SEL | 41009-HQ-SML","Cancelled | Deferred","gemstones","1","52","Manganese/Quartz/Copper","CANCELLATION OF NON-COMPLIANT MINING AND NON-MINING RIGHTS BY THE MINING LICENSING COMMITTEE (MLC)","https://www.mmmd.gov.zm/?p=2787"
"WALALAHA INVESTMENT LIMITED","organization","Central","Mumbwa","38871-HQ-MPL","Deferred | Approved","gold","1","26","Sand/Zinc/Iron Ore","RESULTS OF THE 83RD MINING LICENSING COMMITTEE (MLC) MEETING HELD ON 30TH OCTOBER, 2024","https://www.mmmd.gov.zm/?p=3515"
"Walicho Enterprise Limited","organization","","","29931-HQ-LEL | 29917-HQ-LEL","Cancelled","critical_battery","2","29934","Gold/Iron Ore/Nickel","CANCELLATION OF NON-COMPLIANT MINING AND NON-MINING RIGHTS BY THE MINING LICENSING COMMITTEE (MLC)","https://www.mmmd.gov.zm/?p=2787"
"Walson General Dealers Limited","organization","Eastern","Nyimba","33705-HQ-LEL","Deferred","gold","1","1832","Gold","RESULTS OF THE 73RD MINING LICENSING COMMITTEE (MLC) MEETING HELD FROM 29TH TO 30TH JUNE 2023","https://www.mmmd.gov.zm/?p=2583"
"Wamar Mining Consultancy Limited","organization","Central | North Western","Kabwe | Zambezi; Western, Lukulu | Mkushi","39492-HQ-LEL | 39619-HQ-LEL | 40329-HQ-SEL","APPROVED | DEFERRED | Approved","gemstones","2","2199","Aquamarine/Amethyst/Zinc","RESULTS OF THE 85TH MINING LICENSING COMMITTEE (MLC) MEETING HELD ON 5TH MARCH, 2025","https://www.mmmd.gov.zm/?p=4013"
"Wana Emerald Mining Company Ltd","organization","","","07627-HQ-SML","Cancelled","gemstones","1","163","Emerald/Beryllium","CANCELLATION OF NON-COMPLIANT MINING AND NON-MINING RIGHTS BY THE MINING LICENSING COMMITTEE (MLC)","https://www.mmmd.gov.zm/?p=2787"
"Wandsworth Company Limited","organization","","","29082-HQ-SEL","Cancelled","gold","1","517","Granite/Iron Ore/Silver","CANCELLATION OF NON-COMPLIANT MINING AND NON-MINING RIGHTS BY THE MINING LICENSING COMMITTEE (MLC)","https://www.mmmd.gov.zm/?p=2787"
"Wang Sheng Mining Limited","organization","Copperbelt | North Western","Lufwanyama | Mufumbwe","7680-HQ-SML | 11312-HQ-SML","Approved | Cancelled","gemstones","1","111","Emerald","REMINDER ON RESULTS OF THE 70TH AND 71ST MINING LICENSING COMMITTEE (MLC) MEETINGS HELD IN FEBRUARY AND MARCH 2023","https://www.mmmd.gov.zm/?p=2555"
"WANHAO MINING ZAMBIA LIMITED","organization","Central | Southern","Mkushi | Siavonga","39484-HQ-SEL | 39486-HQ-SEL","Approved","gemstones","2","409","Copper/Tantalum/Quartz","RESULTS OF THE 85TH MINING LICENSING COMMITTEE (MLC) MEETING HELD ON 5TH MARCH, 2025","https://www.mmmd.gov.zm/?p=4013"
"Wanshida International Investments Company Limited","organization","Copperbelt","Kalulushi","40015-HQ-MPL","Approved","base_metals","1","7","Copper/Cobalt","RESULTS OF THE 86TH MINING LICENSING COMMITTEE (MLC) MEETING HELD ON 27TH MARCH 2025","https://www.mmmd.gov.zm/?p=4061"
"WANTU RESOURCES COMPANY LIMITED","organization","Northern","Chinsali","40438-HQ-LEL","Approved","gold","1","3636","Quartz/Gold/Copper","RESULTS OF THE 87TH MINING LICENSING COMMITTEE (MLC) MEETING HELD ON 7TH MAY, 2025","https://www.mmmd.gov.zm/?p=4069"
"Wash Zambia Limited","organization","Central | Eastern","Kapiri Mposhi | Petauke","37432-HQ-LEL | 37469-HQ-LEL","Approved","gold","1","3900","Lead/Palladium/Zinc","SUBJECT: RESULTS OF THE 79TH MINING LICENSING COMMITTEE (MLC) MEETING HELD ON 11TH TO 12TH APRIL 2024","https://www.mmmd.gov.zm/?p=2794"
"Waxman Enterprises Limited","organization","Northern","Chinsali, Mpika","35661-HQ-LEL","Approved","critical_battery","1","22878","Manganese/Silver/Zinc","RESULTS OF THE 82ND MINING LICENSING COMMITTEE (MLC) MEETING HELD ON 11TH SEPTEMBER, 2024","https://www.mmmd.gov.zm/?p=3378"
"Wayne Investment Limited","organization","North Western | Copperbelt | Lusaka | Eastern","Kasempa | Mpongwe | Kafue | Chama; Northern, Isoka","33362-HQ-LEL | 38194-HQ-LEL | 38195-HQ-LEL | 38793-HQ-LEL","Approved","critical_battery","4","27705","Tin/Cobalt/Copper","SUBJECT: RESULTS OF THE 79TH MINING LICENSING COMMITTEE (MLC) MEETING HELD ON 11TH TO 12TH APRIL 2024","https://www.mmmd.gov.zm/?p=2794"
"Wazasu Simbeye","person_or_unclassified","North Western","Solwezi","33025-HQ-AMR | 42088-HQ-AMR","Approved | APPROVED","industrial_minerals","1","7","Stone/Silica/Sand and Gravel","RESULTS OF THE 74TH MINING LICENSING COMMITTEE (MLC) MEETING HELD FROM 3RD TO 4TH AUGUST 2023","https://www.mmmd.gov.zm/?p=2598"
"Wealth Front Resources Limited","organization","Central","Mkushi","38887-HQ-SEL","Approved","critical_battery","1","233","Iron Ore/Manganese/Gold","RESULTS OF THE 83RD MINING LICENSING COMMITTEE (MLC) MEETING HELD ON 30TH OCTOBER, 2024","https://www.mmmd.gov.zm/?p=3515"
"Wealthfields Minerals And Metals Limited","organization","Central | Northern","Mumbwa | Mporokoso | Chibombo","37017-HQ-LEL | 37018-HQ-LEL | 41338-HQ-LEL","Approved | APPROVED","critical_battery","3","62144","Iron Ore/Manganese/Silver","RESULTS OF THE 77TH MINING LICENSING COMMITTEE (MLC) MEETING HELD ON 11TH TO 12TH JANUARY 2024","https://www.mmmd.gov.zm/?p=2675"
"WEALTHYBAY MINING COMPANY LIMITED","organization","Central","Mkushi; Lusaka, Chongwe","39998-HQ-LEL","APPROVED","critical_battery","1","10009","Nickel/Silver/Zinc","RESULTS OF THE 85TH MINING LICENSING COMMITTEE (MLC) MEETING HELD ON 5TH MARCH, 2025","https://www.mmmd.gov.zm/?p=4013"
"Webs Electrical Engineering Limited","organization","","","26522-HQ-LEL","Cancelled","critical_battery","1","4654","Iron Ore/Manganese/Zinc","CANCELLATION OF NON-COMPLIANT MINING AND NON-MINING RIGHTS BY THE MINING LICENSING COMMITTEE (MLC)","https://www.mmmd.gov.zm/?p=2787"
"Wecare Resources Limited","organization","North Western","Mufumbwe","35146-HQ-LEL","Approved","critical_battery","1","1280","Manganese/Mica/Rare EarthsElements","RESULTS OF THE 77TH MINING LICENSING COMMITTEE (MLC) MEETING HELD ON 11TH TO 12TH JANUARY 2024","https://www.mmmd.gov.zm/?p=2675"
"weddy mungala","person_or_unclassified","Southern","Kalomo","38119-HQ-AMR","Approved","gemstones","1","7","Emerald/Feldspar/Dolomite","RESULTS OF THE 81ST MINING LICENSING COMMITTEE (MLC) MEETING HELD ON 31ST JULY, 2024","https://www.mmmd.gov.zm/?p=2923"
"Weevol Limited","organization","Eastern","Lundazi","28333-HQ-LEL","Approved","critical_battery","1","2147","Manganese/Lead/Silver","REMINDER ON RESULTS OF THE 70TH AND 71ST MINING LICENSING COMMITTEE (MLC) MEETINGS HELD IN FEBRUARY AND MARCH 2023","https://www.mmmd.gov.zm/?p=2555"
"WEIJU INVESTMENT LIMITED","organization","Central | Eastern | Northern","Kapiri Mposhi; Copperbelt, Mpongwe | Katete, Petauke | Chama; Northern, Mpika | Mungwi | Chama","37869-HQ-LEL | 37870-HQ-LEL | 37884-HQ-LEL | 37898-HQ-LEL | 37918-HQ-LEL","Approved | Rejected | APPROVED","gemstones","4","90061","Lead/Gold/Silver","RESULTS OF THE 81ST MINING LICENSING COMMITTEE (MLC) MEETING HELD ON 31ST JULY, 2024","https://www.mmmd.gov.zm/?p=2923"
"Welcome Habeenzu","person_or_unclassified","Central","Serenje","22579-HQ-AMR","","gemstones","1","7","Manganese/Zinc/Amethyst","REMINDER ON RESULTS OF THE 70TH AND 71ST MINING LICENSING COMMITTEE (MLC) MEETINGS HELD IN FEBRUARY AND MARCH 2023","https://www.mmmd.gov.zm/?p=2555"
"Weleyange Investment Limited","organization","Eastern | Central","Nyimba | Mkushi | Kapiri Mposhi","36470-HQ-SEL | 39321-HQ-SEL | 41975-HQ-LEL","Deferred | Approved","gemstones","2","322","Sand and Gravel/Feldspar/Beryllium","RESULTS OF THE 82ND MINING LICENSING COMMITTEE (MLC) MEETING HELD ON 11TH SEPTEMBER, 2024","https://www.mmmd.gov.zm/?p=3378"
"Wesley Muwowo","person_or_unclassified","Northern","Mpika","39918-HQ-AMR","Approved","gemstones","1","7","Quartz/Manganese/Silver","RESULTS OF THE 86TH MINING LICENSING COMMITTEE (MLC) MEETING HELD ON 27TH MARCH 2025","https://www.mmmd.gov.zm/?p=4061"
"Westate Zambia Limited","organization","Central | North Western","Mumbwa | Mkushi, Serenje | Mufumbwe","33454-HQ-LEL | 33451-HQ-LEL | 33453-HQ-LEL","Approved","critical_battery","3","107136","Gold/Nickel/Cobalt","RESULTS OF THE 73RD MINING LICENSING COMMITTEE (MLC) MEETING HELD FROM 29TH TO 30TH JUNE 2023","https://www.mmmd.gov.zm/?p=2583"
"Whirlpool Minerals Limited","organization","","","25932-HQ-SEL","Cancelled","critical_battery","1","986","Tin/Zinc/Copper","CANCELLATION OF NON-COMPLIANT MINING AND NON-MINING RIGHTS BY THE MINING LICENSING COMMITTEE (MLC)","https://www.mmmd.gov.zm/?p=2787"
"White Lion Mining Limited","organization","Northern","Chinsali, Mpika | Chinsali","40001-HQ-LEL","Rejected | Approved","critical_battery","1","3032","Gold/Manganese/Cobalt","RESULTS OF THE 86TH MINING LICENSING COMMITTEE (MLC) MEETING HELD ON 27TH MARCH 2025","https://www.mmmd.gov.zm/?p=4061"
"White Rock Marketing Limited","organization","Central","Chibombo | Mumbwa | Kabwe","35802-HQ-SEL | 35801-HQ-SEL | 36416-HQ-SEL | 32271-HQ-SEL","Approved","critical_battery","4","1640","Zinc/Manganese/Nickel","RESULTS OF THE 74TH MINING LICENSING COMMITTEE (MLC) MEETING HELD FROM 3RD TO 4TH AUGUST 2023","https://www.mmmd.gov.zm/?p=2598"
"WHITE STALLION MINING LIMITED","organization","North Western | Northern | Southern","Kasempa | Isoka | Mufumbwe | Itezhi Tezhi","38957-HQ-LEL | 38989-HQ-LEL | 38994-HQ-LEL | 39066-HQ-LEL | 39115-HQ-LEL","APPROVED","gemstones","5","129399","Copper/Gold/Nickel","RESULTS OF THE 85TH MINING LICENSING COMMITTEE (MLC) MEETING HELD ON 5TH MARCH, 2025","https://www.mmmd.gov.zm/?p=4013"
"Whyson m. Zulu","person_or_unclassified","Central","Kapiri Mposhi","29563-HQ-AMR","Approved","base_metals","1","7","Copper","RESULTS OF THE 81ST MINING LICENSING COMMITTEE (MLC) MEETING HELD ON 31ST JULY, 2024","https://www.mmmd.gov.zm/?p=2923"
"WIDE FOCUS LIMITED","organization","Southern","Choma","39419-HQ-SEL","","gemstones","1","438","Tantalum/Silver/Tungsten","RESULTS OF THE 84TH MINING LICENSING COMMITTEE (MLC) MEETING HELD ON 12TH DECEMBER, 2024","https://www.mmmd.gov.zm/?p=3780"
"Wila Mining Solutions Limited","organization","Copperbelt","Mpongwe","38040-HQ-SEL","Approved","critical_battery","2","602","Zinc/Gold/Copper","RESULTS OF THE 82ND MINING LICENSING COMMITTEE (MLC) MEETING HELD ON 11TH SEPTEMBER, 2024","https://www.mmmd.gov.zm/?p=3378"
"Wildrock Resources Limited","organization","North Western","Kabompo","29196-HQ-LEL","Approved","gemstones","1","28655","Quartz/Lead/Iron Ore","RESULTS OF THE 90TH MINING LICENSING COMMITTEE (MLC) MEETING HELD ON 29TH AUGUST, 2025","https://www.mmmd.gov.zm/?p=5836"
"Willard Jombi","person_or_unclassified","North Western","Kasempa","38523-HQ-AMR | 38524-HQ-AMR | 38525-HQ-AMR","","critical_battery","3","20","Nickel/Copper/Zinc","RESULTS OF THE 83RD MINING LICENSING COMMITTEE (MLC) MEETING HELD ON 30TH OCTOBER, 2024","https://www.mmmd.gov.zm/?p=3515"
"Willianda Investments Limited","organization","Northern","Chinsali, Kasama, Mungwi | Chinsali","32806-HQ-LEL | 38222-HQ-LEL","Approved","critical_battery","3","177581","Iron Ore/Niobium (Columbium)/Cobalt","RESULTS OF THE 81ST MINING LICENSING COMMITTEE (MLC) MEETING HELD ON 31ST JULY, 2024","https://www.mmmd.gov.zm/?p=2923"
"Wilna Enterprises Limited","organization","Central","Mkushi | Serenje","32216-HQ-SEL | 32217-HQ-SEL | 28061-HQ-SEL | 28062-HQ-SEL | 40110-HQ-SML | 40111-HQ-SML | 40112-HQ-SML","Approved | Cancelled","critical_battery","2","1005","Iron Ore/Manganese/Quartz","RESULTS OF THE 72ND MINING LICENSING COMMITTEE (MLC) MEETING HELD FROM 17TH TO 22 MAY 2023","https://www.mmmd.gov.zm/?p=2559"
"Wincyril Enterprises Limited","organization","Central","Kapiri Mposhi","32037-HQ-SEL","Deferred | APPROVED","gemstones","1","86","Manganese/Gold/Zinc","RESULTS OF THE 72ND MINING LICENSING COMMITTEE (MLC) MEETING HELD FROM 17TH TO 22 MAY 2023","https://www.mmmd.gov.zm/?p=2559"
"Winkalu Limited","organization","Eastern | Lusaka","Nyimba | Chongwe","27171-HQ-LEL | 27536-HQ-LEL | 26592-HQ-SEL","Approved","gold","1","954","Gold/Copper","REMINDER ON RESULTS OF THE 70TH AND 71ST MINING LICENSING COMMITTEE (MLC) MEETINGS HELD IN FEBRUARY AND MARCH 2023","https://www.mmmd.gov.zm/?p=2555"
"Winstone  Hamudulu","person_or_unclassified","Northern","Mpika","41317-HQ-AMR","APPROVED","gold","1","7","Gold/Copper","RESULTS OF THE 91ST MINING LICENSING COMMITTEE (MLC) MEETING HELD ON 08TH OCTOBER, 2025","https://www.mmmd.gov.zm/?p=6170"
"Winter Libbohole","person_or_unclassified","","","24036-HQ-SEL | 19843-HQ-SML","Cancelled","gemstones","1","7","Titanium/Tourmaline/Tungsten","CANCELLATION OF NON-COMPLIANT MINING AND NON-MINING RIGHTS BY THE MINING LICENSING COMMITTEE (MLC)","https://www.mmmd.gov.zm/?p=2787"
"Winzan Mining Limited","organization","Copperbelt","Mpongwe | Chililabombwe, Chingola, Lufwanyama","27121-HQ-LEL | 27571-HQ-SEL | 27120-HQ-LEL | 38934-HQ-LEL","Cancelled | Approved","critical_battery","2","84382","Lead/Zinc/Gold","CANCELLATION OF NON-COMPLIANT MINING AND NON-MINING RIGHTS BY THE MINING LICENSING COMMITTEE (MLC)","https://www.mmmd.gov.zm/?p=2787"
"WI-PAY FINANCE LIMITED","organization","Eastern | Northern","Chipata, Lundazi | Mungwi, Nakonde | Chinsali, Mungwi, Nakonde","39328-HQ-SEL | 42026-HQ-LEL | 42028-HQ-LEL","Approved","gemstones","1","719","Gravel/Fluorine-Fluorite/Limestone (General)","RESULTS OF THE 84TH MINING LICENSING COMMITTEE (MLC) MEETING HELD ON 12TH DECEMBER, 2024","https://www.mmmd.gov.zm/?p=3780"
"Wisdom Maila","person_or_unclassified","Central","Mumbwa | Serenje | Chibombo | Kabwe","30689-HQ-AMR | 33240-HQ-AMR | 36018-HQ-AMR | 36417-HQ-AMR | 37899-HQ-AMR | 37902-HQ-AMR | 39081-HQ-AMR | 39082-HQ-AMR | 39083-HQ-AMR | 39840-HQ-AMR | 39841-HQ-AMR | 39843-HQ-AMR","REJECTED | Approved | Rejected","critical_battery","6","40","Gold/Copper/Cobalt","REMINDER ON RESULTS OF THE 70TH AND 71ST MINING LICENSING COMMITTEE (MLC) MEETINGS HELD IN FEBRUARY AND MARCH 2023","https://www.mmmd.gov.zm/?p=2555"
"Wise Focus Mining Limited","organization","Central | Northern","Serenje | Mpika","21086-HQ-LEL | 13031-HQ-SML | 13296-HQ-LGL | 38358-HQ-LEL","REJECTED | Cancelled | Rejected | Deferred","gemstones","2","702","Quartz/Tourmaline/Amethyst","RESULTS OF THE 75TH MINING LICENSING COMMITTEE (MLC) MEETING HELD FROM 27TH TO 29TH SEPTEMBER 2023","https://www.mmmd.gov.zm/?p=2618"
"Wise Suppliers Company Limited","organization","North Western | Southern | Central | Copperbelt","Chavuma, Zambezi | Choma | Kapiri Mposhi | Chililabombwe, Chingola, Mufulira","34393-HQ-LEL | 33553-HQ-SEL | 33503-HQ-LEL | 39629-HQ-LEL","Approved","gemstones","3","38124","Cobalt/Copper/Gold","RESULTS OF THE 74TH MINING LICENSING COMMITTEE (MLC) MEETING HELD FROM 3RD TO 4TH AUGUST 2023","https://www.mmmd.gov.zm/?p=2598"
"WISKANSIK INVESTMENT LIMITED","organization","Southern","Kalomo","39859-HQ-LEL","Approved","gemstones","1","3756","Tin/Tungsten/Amethyst","RESULTS OF THE 86TH MINING LICENSING COMMITTEE (MLC) MEETING HELD ON 27TH MARCH 2025","https://www.mmmd.gov.zm/?p=4061"
"Wizmanso Mineral  Resources Limited","organization","","","28791-HQ-LEL | 28790-HQ-LEL","Cancelled","gold","1","5082","Lead/Zinc/Gold","CANCELLATION OF NON-COMPLIANT MINING AND NON-MINING RIGHTS BY THE MINING LICENSING COMMITTEE (MLC)","https://www.mmmd.gov.zm/?p=2787"
"Woodpeckers Mining Company Limited","organization","Western | Eastern","Kaoma, Lukulu | Petauke","22095-HQ-LEL | 23678-HQ-LEL","Rejected | Cancelled | REJECTED","critical_battery","1","2884","Iron Ore/Limestone (General)/Titanium","REMINDER ON RESULTS OF THE 70TH AND 71ST MINING LICENSING COMMITTEE (MLC) MEETINGS HELD IN FEBRUARY AND MARCH 2023","https://www.mmmd.gov.zm/?p=2555"
"Workman Construction Zambia Limited","organization","Central | Eastern","Mumbwa | Chama","33443-HQ-SML | 33444-HQ-SML | 25091-HQ-SEL | 42090-HQ-SEL","Approved | Cancelled","critical_battery","2","799","Palladium/Manganese/Zinc","RESULTS OF THE 72ND MINING LICENSING COMMITTEE (MLC) MEETING HELD FROM 17TH TO 22 MAY 2023","https://www.mmmd.gov.zm/?p=2559"
"Workman Mining Industries Zambia Limited","organization","","","29695-HQ-SEL | 12141-HQ-SML","Cancelled","critical_battery","2","876","Gold/Copper/Manganese","CANCELLATION OF NON-COMPLIANT MINING AND NON-MINING RIGHTS BY THE MINING LICENSING COMMITTEE (MLC)","https://www.mmmd.gov.zm/?p=2787"
"World Class Mineral Venture Limited","organization","Copperbelt","Lufwanyama, Mpongwe | Mpongwe","23248-HQ-LEL | 38519-HQ-LEL","Approved | Rejected","critical_battery","3","119663","Copper/Nickel/Silver","RESULTS OF THE 81ST MINING LICENSING COMMITTEE (MLC) MEETING HELD ON 31ST JULY, 2024","https://www.mmmd.gov.zm/?p=2923"
"Worthy Ventures Limited","organization","Central","Kapiri Mposhi","33243-HQ-LEL","Approved","critical_battery","1","82581","Limestone (General)/Lead/Zinc","RESULTS OF THE 73RD MINING LICENSING COMMITTEE (MLC) MEETING HELD FROM 29TH TO 30TH JUNE 2023","https://www.mmmd.gov.zm/?p=2583"
"Wushuang Mining Company Limited","organization","Southern | Copperbelt","Itezhi Tezhi | Masaiti | Luanshya, Masaiti","38203-HQ-LEL | 38794-HQ-LEL | 39746-HQ-LEL","APPROVED","gemstones","3","18317","Gold/Silver/Cobalt","RESULTS OF THE 83RD MINING LICENSING COMMITTEE (MLC) MEETING HELD ON 30TH OCTOBER, 2024","https://www.mmmd.gov.zm/?p=3515"
"Xanadu Commodities Limited","organization","Eastern | Copperbelt","Katete, Petauke | Masaiti","39761-HQ-LEL | 40006-HQ-SEL","Approved | APPROVED","critical_battery","2","4798","Nickel/Manganese/Gold","RESULTS OF THE 86TH MINING LICENSING COMMITTEE (MLC) MEETING HELD ON 27TH MARCH 2025","https://www.mmmd.gov.zm/?p=4061"
"Xingda Company Limited","organization","Central","Chibombo, Kapiri Mposhi, Mkushi","28201-HQ-LEL","Rejected","critical_battery","1","8829","Manganese/Sand and Gravel/Copper","RESULTS OF THE 91ST MINING LICENSING COMMITTEE (MLC) MEETING HELD ON 08TH OCTOBER, 2025","https://www.mmmd.gov.zm/?p=6170"
"Xingstone Resources Limited","organization","","","28390-HQ-LEL | 28730-HQ-SEL | 28385-HQ-SEL | 28386-HQ-SEL | 28411-HQ-SEL","Cancelled","gemstones","2","977","Quartz/Tourmaline/Zinc","CANCELLATION OF NON-COMPLIANT MINING AND NON-MINING RIGHTS BY THE MINING LICENSING COMMITTEE (MLC)","https://www.mmmd.gov.zm/?p=2787"
"XINHONGTAI MINING LIMITED","organization","Eastern","Chama","38518-HQ-LEL","Approved","gemstones","1","1974","Anhydrite/Manganese/Graphite","RESULTS OF THE 82ND MINING LICENSING COMMITTEE (MLC) MEETING HELD ON 11TH SEPTEMBER, 2024","https://www.mmmd.gov.zm/?p=3378"
"XL Waste Management and Green Energy","organization","Copperbelt | Eastern","Masaiti | Chama","37733-HQ-SEL | 39758-HQ-SEL | 40380-HQ-SML","Approved","gemstones","5","1099","Limestone (General)/Copper/Feldspar","RESULTS OF THE 80TH MINING LICENSING COMMITTEE (MLC) MEETING HELD ON 6TH TO 7TH AND 10TH JUNE 2024","https://www.mmmd.gov.zm/?p=2849"
"Xpoint Investment Limited","organization","Central","Mumbwa","32479-HQ-MPL","Approved","gold","1","69","Gold/Copper","RESULTS OF THE 74TH MINING LICENSING COMMITTEE (MLC) MEETING HELD FROM 3RD TO 4TH AUGUST 2023","https://www.mmmd.gov.zm/?p=2598"
"Xtract Mines and Mineral Resources Limited","organization","","","29719-HQ-LEL","Cancelled","critical_battery","3","1247","Manganese/Gypsum/Anhydrite","CANCELLATION OF NON-COMPLIANT MINING AND NON-MINING RIGHTS BY THE MINING LICENSING COMMITTEE (MLC)","https://www.mmmd.gov.zm/?p=2787"
"Yabonse Investment Limited","organization","Eastern | Central | Copperbelt | Northern","Nyimba | Serenje | Lufwanyama | Lufwanyama, Mpongwe | Chinsali, Mpika","39270-HQ-LEL | 39365-HQ-LEL | 39347-HQ-SEL | 40037-HQ-LEL | 39820-HQ-LEL","Approved | REJECTED | Rejected","gemstones","4","21342","Nickel/Iron Ore/Zinc","RESULTS OF THE 84TH MINING LICENSING COMMITTEE (MLC) MEETING HELD ON 12TH DECEMBER, 2024","https://www.mmmd.gov.zm/?p=3780"
"Yabuzam Investment Limited","organization","Central","Kapiri Mposhi; Copperbelt, Mpongwe","35961-HQ-LEL","Approved","gemstones","1","5431","Gold/Quartz/Tourmaline","RESULTS OF THE 77TH MINING LICENSING COMMITTEE (MLC) MEETING HELD ON 11TH TO 12TH JANUARY 2024","https://www.mmmd.gov.zm/?p=2675"
"Yang Mining Company Limited","organization","Eastern | Lusaka | Northern","Nyimba | Kafue | Mpulungu","30983-HQ-SEL | 35755-HQ-SEL | 41853-HQ-LEL","Approved | APPROVED | Cancelled","critical_battery","2","1601","Lead/Zinc/Gold","REMINDER ON RESULTS OF THE 70TH AND 71ST MINING LICENSING COMMITTEE (MLC) MEETINGS HELD IN FEBRUARY AND MARCH 2023","https://www.mmmd.gov.zm/?p=2555"
"Yangzijiang Investments Limited","organization","Eastern | Copperbelt","Nyimba | Mpongwe","40635-HQ-LEL | 40650-HQ-LEL | 41659-HQ-LEL","Approved","gemstones","1","20062","Nickel/Mica/Zinc","RESULTS OF THE 88TH MINING LICENSING COMMITTEE (MLC) MEETING HELD ON 30TH MAY, 2025","https://www.mmmd.gov.zm/?p=4111"
"Yasac Investments Limited","organization","North Western","Kasempa","23710-HQ-LEL","","critical_battery","1","90","Lead/Tin/Zinc","RESULTS OF THE 73RD MINING LICENSING COMMITTEE (MLC) MEETING HELD FROM 29TH TO 30TH JUNE 2023","https://www.mmmd.gov.zm/?p=2583"
"Yasun Investments limited","organization","Central","Chibombo; Lusaka, Kafue","32468-HQ-LML","Deferred | Approved","industrial_minerals","1","4934","Kaolin/Limestone (General)/Sand","RESULTS OF THE 75TH MINING LICENSING COMMITTEE (MLC) MEETING HELD FROM 27TH TO 29TH SEPTEMBER 2023","https://www.mmmd.gov.zm/?p=2618"
"Yatani Holdings Limited","organization","North Western","Mufumbwe","36567-HQ-LEL","Approved","critical_battery","1","16450","Manganese/Silver/Zinc","RESULTS OF THE 77TH MINING LICENSING COMMITTEE (MLC) MEETING HELD ON 11TH TO 12TH JANUARY 2024","https://www.mmmd.gov.zm/?p=2675"
"Yathu Resources Limited","organization","Central","Mumbwa","22633-HQ-LEL","Approved","gold","1","2536","Iron Ore/Limestone (General)/Zinc","RESULTS OF THE 72ND MINING LICENSING COMMITTEE (MLC) MEETING HELD FROM 17TH TO 22 MAY 2023","https://www.mmmd.gov.zm/?p=2559"
"Yatra Enterprise Limited","organization","Central | Lusaka","Mumbwa | Chongwe","39408-HQ-LEL | 39407-HQ-SEL | 39751-HQ-SEL | 39730-HQ-SEL","Approved","gemstones","3","6370","Diamond/Copper/Citrine","RESULTS OF THE 84TH MINING LICENSING COMMITTEE (MLC) MEETING HELD ON 12TH DECEMBER, 2024","https://www.mmmd.gov.zm/?p=3780"
"Yatu Equity Limited","organization","Eastern | Central","Lundazi | Kapiri Mposhi","33112-HQ-LEL | 33113-HQ-SEL | 33110-HQ-SEL","Approved | APPROVED","gemstones","1","3518","Manganese/Iron Ore/Tourmaline","RESULTS OF THE 73RD MINING LICENSING COMMITTEE (MLC) MEETING HELD FROM 29TH TO 30TH JUNE 2023","https://www.mmmd.gov.zm/?p=2583"
"Yellowstone Mining Limited","organization","North Western","Mwinilunga","36171-HQ-SML","Deferred","critical_battery","1","335","Gold/Nickel/Cobalt","RESULTS OF THE 82ND MINING LICENSING COMMITTEE (MLC) MEETING HELD ON 11TH SEPTEMBER, 2024","https://www.mmmd.gov.zm/?p=3378"
"Yengo Investments Limited","organization","Northern","Mbala","28476-HQ-SML","Approved","gold","1","327","Gold/Copper","RESULTS OF THE 72ND MINING LICENSING COMMITTEE (MLC) MEETING HELD FROM 17TH TO 22 MAY 2023","https://www.mmmd.gov.zm/?p=2559"
"Yetu Mining Limited","organization","North Western","Kasempa, Mufumbwe","27989-HQ-LEL | 36528-HQ-LEL","Cancelled | Rejected","critical_battery","2","16948","Silver/Manganese/Gold","CANCELLATION OF NON-COMPLIANT MINING AND NON-MINING RIGHTS BY THE MINING LICENSING COMMITTEE (MLC)","https://www.mmmd.gov.zm/?p=2787"
"Y'hoshua Chibesakunda","person_or_unclassified","Eastern","Nyimba","34418-HQ-AMR | 42156-HQ-AMR","Rejected | Approved | APPROVED","gemstones","2","13","Gold/Quartz/Cobalt","RESULTS OF THE 83RD MINING LICENSING COMMITTEE (MLC) MEETING HELD ON 30TH OCTOBER, 2024","https://www.mmmd.gov.zm/?p=3515"
"Yida Mining Zambia Limited","organization","Central","Serenje; Northern, Mpika","32227-HQ-SEL","","critical_battery","1","234","Manganese/Zinc/Lead","RESULTS OF THE 74TH MINING LICENSING COMMITTEE (MLC) MEETING HELD FROM 3RD TO 4TH AUGUST 2023","https://www.mmmd.gov.zm/?p=2598"
"Yobe Gems Limited","organization","Copperbelt","Lufwanyama","28372-HQ-SEL | 28599-HQ-LEL | 28369-HQ-LEL | 28370-HQ-LEL","Approved | Cancelled","gemstones","4","155496","Quartz/Feldspar/Copper","REMINDER ON RESULTS OF THE 70TH AND 71ST MINING LICENSING COMMITTEE (MLC) MEETINGS HELD IN FEBRUARY AND MARCH 2023","https://www.mmmd.gov.zm/?p=2555"
"Yosef Ventures Company Limited","organization","Central | Northern | Eastern","Chibombo | Mporokoso | Chama","31088-HQ-SEL | 34441-HQ-SEL | 24170-HQ-SEL | 27573-HQ-LEL | 27501-HQ-SEL | 37237-HQ-SML","Rejected | REJECTED | Cancelled | Approved","gemstones","4","2549","Cobalt/Gold/Copper","REMINDER ON RESULTS OF THE 70TH AND 71ST MINING LICENSING COMMITTEE (MLC) MEETINGS HELD IN FEBRUARY AND MARCH 2023","https://www.mmmd.gov.zm/?p=2555"
"Yu Chuan Mining Zambia Limited","organization","Lusaka","Kafue; Southern, Mazabuka, Siavonga","41176-HQ-LEL","Deferred","gemstones","1","2697","Mica/Niobium (Columbium)/Fluorine-Fluorite","RESULTS OF THE 90TH MINING LICENSING COMMITTEE (MLC) MEETING HELD ON 29TH AUGUST, 2025","https://www.mmmd.gov.zm/?p=5836"
"Yuanhua Investment Limited","organization","Central","Mkushi","34504-HQ-LEL | 27467-HQ-SEL | 18055-HQ-SML | 37481-HQ-SML","APPROVED | Cancelled | Deferred | Approved","gemstones","4","32357","Cobalt/Copper/Quartz","RESULTS OF THE 74TH MINING LICENSING COMMITTEE (MLC) MEETING HELD FROM 3RD TO 4TH AUGUST 2023","https://www.mmmd.gov.zm/?p=2598"
"YUE ZAN MINING COMPANY LIMITED","organization","Central | Northern","Mumbwa | Chinsali, Mpika","39584-HQ-LEL | 39634-HQ-LEL","APPROVED","gemstones","2","12161","Gold/Copper/Platinum","RESULTS OF THE 85TH MINING LICENSING COMMITTEE (MLC) MEETING HELD ON 5TH MARCH, 2025","https://www.mmmd.gov.zm/?p=4013"
"Yuezam Investments Company Limited","organization","Northern | North Western | Southern","Chinsali | Solwezi | Sinazongwe","33909-HQ-LEL | 39037-HQ-LEL | 39727-HQ-LEL","Approved | APPROVED | Rejected","critical_battery","2","31474","Iron Ore/Manganese/Nickel","RESULTS OF THE 73RD MINING LICENSING COMMITTEE (MLC) MEETING HELD FROM 29TH TO 30TH JUNE 2023","https://www.mmmd.gov.zm/?p=2583"
"YUSEN INVESTMENTS LIMITED","organization","Central | Copperbelt","Mkushi | Kalulushi, Kitwe","37605-HQ-LEL | 38544-HQ-LEL","Approved","gemstones","1","1396","Platinum/Quartz/Manganese","RESULTS OF THE 80TH MINING LICENSING COMMITTEE (MLC) MEETING HELD ON 6TH TO 7TH AND 10TH JUNE 2024","https://www.mmmd.gov.zm/?p=2849"
"Zaaminco Mining Limited","organization","","","29512-HQ-LEL","Cancelled","critical_battery","1","9487","Manganese/Lead/Zinc","CANCELLATION OF NON-COMPLIANT MINING AND NON-MINING RIGHTS BY THE MINING LICENSING COMMITTEE (MLC)","https://www.mmmd.gov.zm/?p=2787"
"Zabullir Investment Limited","organization","Southern | Central | North Western","Sinazongwe | Mumbwa | Mwinilunga | Chibombo, Kabwe","35298-HQ-SEL | 36464-HQ-SEL | 36410-HQ-SEL | 36301-HQ-LEL | 35299-HQ-SEL","Approved | Deferred","critical_battery","4","19723","Lead/Manganese/Zinc","RESULTS OF THE 77TH MINING LICENSING COMMITTEE (MLC) MEETING HELD ON 11TH TO 12TH JANUARY 2024","https://www.mmmd.gov.zm/?p=2675"
"Zabwino-Ndidi Multi-Purpose Co-operative Society Limited","organization","Central","Mumbwa","38985-HQ-AMR | 38987-HQ-AMR | 38988-HQ-AMR | 38990-HQ-AMR","Approved","gold","4","26","Gold/Copper","RESULTS OF THE 83RD MINING LICENSING COMMITTEE (MLC) MEETING HELD ON 30TH OCTOBER, 2024","https://www.mmmd.gov.zm/?p=3515"
"Zaco Investments Limited","organization","North Western","Mwinilunga","33403-HQ-LML | 23004-HQ-LEL | 33402-HQ-LML | 23005-HQ-LEL","Rejected | Deferred","critical_battery","4","85547","Zinc/Silver/Gold","RESULTS OF THE 80TH MINING LICENSING COMMITTEE (MLC) MEETING HELD ON 6TH TO 7TH AND 10TH JUNE 2024","https://www.mmmd.gov.zm/?p=2849"
"Zagema Mining and Mineral Trading Corperative","organization","Eastern","Chama, Lundazi","33191-HQ-AMR","Approved","gemstones","1","7","Sand and Gravel/Clay (General)/Aquamarine","RESULTS OF THE 73RD MINING LICENSING COMMITTEE (MLC) MEETING HELD FROM 29TH TO 30TH JUNE 2023","https://www.mmmd.gov.zm/?p=2583"
"ZAHAV FLAGE MINING LIMITED","organization","","","21038-HQ-SML","Cancelled","critical_battery","1","399","Manganese/Gold/Copper","CANCELLATION OF NON-COMPLIANT MINING AND NON-MINING RIGHTS BY THE MINING LICENSING COMMITTEE (MLC)","https://www.mmmd.gov.zm/?p=2787"
"Zahori Company Limited","organization","Luapula | North Western","Mansa | Mufumbwe | Kabompo, Zambezi","37694-HQ-LEL | 37704-HQ-LEL | 37706-HQ-LEL","Approved","gemstones","3","43226","Lead/Quartz/Rare EarthsElements","RESULTS OF THE 81ST MINING LICENSING COMMITTEE (MLC) MEETING HELD ON 31ST JULY, 2024","https://www.mmmd.gov.zm/?p=2923"
"ZAKOR Metals Ltd","organization","","","8067-HQ-SML","Cancelled","other","1","120","Malachite","CANCELLATION OF NON-COMPLIANT MINING AND NON-MINING RIGHTS BY THE MINING LICENSING COMMITTEE (MLC)","https://www.mmmd.gov.zm/?p=2787"
"Zam O Fresh Product Limited","organization","Eastern | North Western | Central","Nyimba | Mwinilunga | Mkushi","37838-HQ-LEL | 38107-HQ-SEL | 38748-HQ-LEL","Approved","gemstones","4","64053","Anhydrite/Limestone (General)/Gypsum","RESULTS OF THE 80TH MINING LICENSING COMMITTEE (MLC) MEETING HELD ON 6TH TO 7TH AND 10TH JUNE 2024","https://www.mmmd.gov.zm/?p=2849"
"Zamafa Natural Resources Limited","organization","Central | Western","Kapiri Mposhi | Kaoma | Mkushi","37412-HQ-SEL | 37413-HQ-SEL | 37433-HQ-SEL | 37419-HQ-SEL | 37740-HQ-SEL","Approved | Rejected","gemstones","4","2131","Manganese/Nickel/Zinc","RESULTS OF THE 81ST MINING LICENSING COMMITTEE (MLC) MEETING HELD ON 31ST JULY, 2024","https://www.mmmd.gov.zm/?p=2923"
"Zamare Minerals ( Zambia) Limited","organization","North Western | Copperbelt","Mufumbwe | Mwinilunga, Solwezi | Mufumbwe; Western, Kaoma | Mufulira | Mufumbwe; Western, Kaoma, Lukulu","22562-HQ-LEL | 22562-HQ-LPL | 24827-HQ-LEL | 25521-HQ-LEL | 20859-HQ-LEL | 27909-HQ-LEL","Deferred | DEFERRED | Approved | APPROVED","critical_battery","5","51225","Gold/Copper/Cobalt","RESULTS OF THE 72ND MINING LICENSING COMMITTEE (MLC) MEETING HELD FROM 17TH TO 22 MAY 2023","https://www.mmmd.gov.zm/?p=2559"
"Zambezi Mint Investment Limited","organization","Copperbelt","Lufwanyama; North Western, Solwezi","32474-HQ-LEL","Approved","critical_battery","1","36662","Nickel/Silver/Zinc","RESULTS OF THE 76TH MINING LICENSING COMMITTEE (MLC) MEETING HELD ON 17TH AND 20TH NOVEMBER 2023","https://www.mmmd.gov.zm/?p=2640"
"Zambezi Natural Stone Company Limited","organization","","","8212-HQ-SML","Cancelled","industrial_minerals","1","4","Talc-Soapstone","CANCELLATION OF NON-COMPLIANT MINING AND NON-MINING RIGHTS BY THE MINING LICENSING COMMITTEE (MLC)","https://www.mmmd.gov.zm/?p=2787"
"Zambia Investments Connections Limited","organization","North Western","Kabompo","35175-HQ-LEL","APPROVED | Deferred","gold","1","51300","Gold/Copper/Cobalt","RESULTS OF THE 75TH MINING LICENSING COMMITTEE (MLC) MEETING HELD FROM 27TH TO 29TH SEPTEMBER 2023","https://www.mmmd.gov.zm/?p=2618"
"Zambia Savings and Credit Union Cooperative Society Limited","organization","Central","Mumbwa","35516-HQ-AMR | 35517-HQ-AMR | 39930-HQ-AMR","APPROVED | Deferred","gemstones","2","13","Iron Ore/Anhydrite/Gypsum","RESULTS OF THE 75TH MINING LICENSING COMMITTEE (MLC) MEETING HELD FROM 27TH TO 29TH SEPTEMBER 2023","https://www.mmmd.gov.zm/?p=2618"
"Zambian  Jiangte Mining  Company Limited","organization","Southern","Kalomo","40002-HQ-LEL","APPROVED","gemstones","1","10194","Tantalum/Lithium/Tungsten","RESULTS OF THE 85TH MINING LICENSING COMMITTEE (MLC) MEETING HELD ON 5TH MARCH, 2025","https://www.mmmd.gov.zm/?p=4013"
"Zambian Anglo Copper Limited","organization","North Western","Mufumbwe | Kasempa | Mwinilunga | Solwezi","36232-HQ-LEL | 37225-HQ-LEL | 37222-HQ-SEL | 38126-HQ-LEL | 38868-HQ-LEL | 38870-HQ-LEL","Approved","gemstones","6","56648","Gold/Copper/Cobalt","RESULTS OF THE 77TH MINING LICENSING COMMITTEE (MLC) MEETING HELD ON 11TH TO 12TH JANUARY 2024","https://www.mmmd.gov.zm/?p=2675"
"Zambian Anglo Mining Limited","organization","Central","Mkushi","29340-HQ-LEL | 29341-HQ-LEL | 29358-HQ-LEL | 28160-HQ-LEL | 28755-HQ-LML | 38266-HQ-LML","Cancelled","gemstones","6","257798","Iron Ore/Manganese/Gold","CANCELLATION OF NON-COMPLIANT MINING AND NON-MINING RIGHTS BY THE MINING LICENSING COMMITTEE (MLC)","https://www.mmmd.gov.zm/?p=2787"
"Zambian East Mining Corporation Ltd","organization","North Western","Mwinilunga","26887-HQ-LEL","Approved","gemstones","1","7792","Manganese/Iron Ore/Zinc","SUBJECT: RESULTS OF THE 79TH MINING LICENSING COMMITTEE (MLC) MEETING HELD ON 11TH TO 12TH APRIL 2024","https://www.mmmd.gov.zm/?p=2794"
"Zambian Gold Tiger Construction and Materials Limited","organization","","","19437-HQ-LML","Cancelled","industrial_minerals","1","7","Limestone (General)/Granite/Dolomite","CANCELLATION OF NON-COMPLIANT MINING AND NON-MINING RIGHTS BY THE MINING LICENSING COMMITTEE (MLC)","https://www.mmmd.gov.zm/?p=2787"
"Zambian Goldcommon Resources Holdings Ltd","organization","Lusaka","Luangwa, Luangwa","13196-HQ-LPL","DEFERRED","critical_battery","1","18237","Iron Ore/Nickel/Uranium","RESULTS OF THE 87TH MINING LICENSING COMMITTEE (MLC) MEETING HELD ON 7TH MAY, 2025","https://www.mmmd.gov.zm/?p=4069"
"Zambian High light Mining Investment Limited","organization","North Western","Solwezi","21509-HQ-LEL","Deferred | Rejected | Approved","critical_battery","1","5522","Iron Ore/Nickel/Uranium","SUBJECT: RESULTS OF THE 79TH MINING LICENSING COMMITTEE (MLC) MEETING HELD ON 11TH TO 12TH APRIL 2024","https://www.mmmd.gov.zm/?p=2794"
"Zambian Limo Tours & Travel Limited","organization","Central","Mkushi","34427-HQ-SEL | 34426-HQ-SEL","APPROVED | Approved","gemstones","2","233","Limestone (General)/Manganese/Quartz","RESULTS OF THE 75TH MINING LICENSING COMMITTEE (MLC) MEETING HELD FROM 27TH TO 29TH SEPTEMBER 2023","https://www.mmmd.gov.zm/?p=2618"
"Zambian Metals Industries Limited","organization","Southern | Eastern","Siavonga | Gwembe, Mazabuka, Monze | Chama | Petauke","36948-HQ-LEL | 36163-HQ-LEL | 33959-HQ-LEL | 37638-HQ-LEL","Approved | Deferred | APPROVED","gemstones","4","108963","Gold/Copper/Lead","RESULTS OF THE 77TH MINING LICENSING COMMITTEE (MLC) MEETING HELD ON 11TH TO 12TH JANUARY 2024","https://www.mmmd.gov.zm/?p=2675"
"Zambian North Mining Corporation Limited","organization","North Western","Zambezi; Western, Lukulu","15662-HQ-LPL","DEFERRED","critical_battery","1","30723","Manganese/Uranium/Zinc","RESULTS OF THE 87TH MINING LICENSING COMMITTEE (MLC) MEETING HELD ON 7TH MAY, 2025","https://www.mmmd.gov.zm/?p=4069"
"Zambian United Mining Corporation Limited","organization","Central | North Western","Serenje | Kabompo, Mwinilunga","26670-HQ-LEL | 26888-HQ-LEL","Approved | Deferred","critical_battery","2","42623","Manganese/Lead/Zinc","RESULTS OF THE 81ST MINING LICENSING COMMITTEE (MLC) MEETING HELD ON 31ST JULY, 2024","https://www.mmmd.gov.zm/?p=2923"
"Zambian Weiye Limited","organization","Southern | North Western | Luapula","Solwezi | Sinazongwe | Mansa | Samfya","31093-HQ-LML | 33979-HQ-LEL | 25426-HQ-LEL | 39118-HQ-LEL | 38505-HQ-SEL","Approved | APPROVED | Deferred","critical_battery","5","14208","Nickel/Silver/Coal","REMINDER ON RESULTS OF THE 70TH AND 71ST MINING LICENSING COMMITTEE (MLC) MEETINGS HELD IN FEBRUARY AND MARCH 2023","https://www.mmmd.gov.zm/?p=2555"
"Zambo Industrial Company Limited","organization","Central","Chibombo | Chibombo; Lusaka, Chongwe","39067-HQ-MPL | 39068-HQ-LEL","Approved","critical_battery","1","30","Nickel/Mica/Manganese","RESULTS OF THE 84TH MINING LICENSING COMMITTEE (MLC) MEETING HELD ON 12TH DECEMBER, 2024","https://www.mmmd.gov.zm/?p=3780"
"Zambold Properties Limited","organization","Copperbelt | Southern","Chililabombwe, Chingola | Kalomo","38615-HQ-LEL | 42194-HQ-LEL","Approved","critical_battery","1","1084","Silver/Selenium/Platinum Group Metals","RESULTS OF THE 82ND MINING LICENSING COMMITTEE (MLC) MEETING HELD ON 11TH SEPTEMBER, 2024","https://www.mmmd.gov.zm/?p=3378"
"Zambull Mining Limited","organization","Copperbelt | North Western","Mufulira | Chingola | Mwinilunga | Masaiti","32628-HQ-SEL | 32668-HQ-SEL | 39428-HQ-SEL | 39382-HQ-LEL","Approved | Rejected | Deferred","gemstones","1","701","Manganese/Lead/Rare EarthsElements","RESULTS OF THE 72ND MINING LICENSING COMMITTEE (MLC) MEETING HELD FROM 17TH TO 22 MAY 2023","https://www.mmmd.gov.zm/?p=2559"
"Zamchrom Investment Limited","organization","North Western","Mufumbwe","32509-HQ-SEL","Approved","gemstones","1","399","Anhydrite/Gypsum/Lithium","RESULTS OF THE 72ND MINING LICENSING COMMITTEE (MLC) MEETING HELD FROM 17TH TO 22 MAY 2023","https://www.mmmd.gov.zm/?p=2559"
"Zamco Global Tradings Limited","organization","North Western","Mufumbwe","38318-HQ-LEL","Approved","base_metals","1","17225","Silver/Zinc/Cobalt","RESULTS OF THE 84TH MINING LICENSING COMMITTEE (MLC) MEETING HELD ON 12TH DECEMBER, 2024","https://www.mmmd.gov.zm/?p=3780"
"ZAMDA INDUSTRIES LIMITED","organization","Copperbelt | North Western","Mpongwe | Kabompo","38783-HQ-LEL | 39209-HQ-LEL","Deferred | Approved","gemstones","2","27049","Iron Ore/Silver/Zinc","RESULTS OF THE 84TH MINING LICENSING COMMITTEE (MLC) MEETING HELD ON 12TH DECEMBER, 2024","https://www.mmmd.gov.zm/?p=3780"
"Zamdouble Investements Limited","organization","Southern | North Western","Gwembe, Siavonga | Kasempa, Mufumbwe","29771-HQ-LEL | 29772-HQ-LEL","Cancelled | Approved","critical_battery","4","82891","Zinc/Copper/Cobalt","REMINDER ON RESULTS OF THE 70TH AND 71ST MINING LICENSING COMMITTEE (MLC) MEETINGS HELD IN FEBRUARY AND MARCH 2023","https://www.mmmd.gov.zm/?p=2555"
"Zametal Corporation Limited","organization","","","28105-HQ-SEL | 28110-HQ-SEL | 28104-HQ-SEL | 26541-HQ-SEL | 26542-HQ-SEL","Cancelled","critical_battery","1","390","Manganese/Zinc/Cobalt","CANCELLATION OF NON-COMPLIANT MINING AND NON-MINING RIGHTS BY THE MINING LICENSING COMMITTEE (MLC)","https://www.mmmd.gov.zm/?p=2787"
"Zamfluospar Limited","organization","Southern","Siavonga","19271-HQ-SML","Approved","industrial_minerals","1","394","Fluorine-Fluorite","RESULTS OF THE 81ST MINING LICENSING COMMITTEE (MLC) MEETING HELD ON 31ST JULY, 2024","https://www.mmmd.gov.zm/?p=2923"
"Zamgem International Limited","organization","Central","Serenje | Mkushi","23117-HQ-LEL | 15071-HQ-LML | 23116-HQ-LEL","REJECTED | Cancelled | Rejected","gemstones","1","5828","Tin/Quartz/Zinc","RESULTS OF THE 75TH MINING LICENSING COMMITTEE (MLC) MEETING HELD FROM 27TH TO 29TH SEPTEMBER 2023","https://www.mmmd.gov.zm/?p=2618"
"ZAMKELA MINING LIMITED","organization","Eastern","Lundazi","36554-HQ-SEL","Approved","gemstones","1","20","Ruby/Quartz/Niobium (Columbium)","RESULTS OF THE 78TH MINING LICENSING COMMITTEE (MLC) MEETING HELD ON 27TH FEBRUARY TO 1ST MARCH 2024","https://www.mmmd.gov.zm/?p=2785"
"Zam-Kirin Mining Limited","organization","Copperbelt","Lufwanyama","36971-HQ-SEL | 28634-HQ-SEL | 36972-HQ-SEL","Approved | Cancelled","gemstones","2","1436","Quartz/Tourmaline/Aquamarine","RESULTS OF THE 78TH MINING LICENSING COMMITTEE (MLC) MEETING HELD ON 27TH FEBRUARY TO 1ST MARCH 2024","https://www.mmmd.gov.zm/?p=2785"
"Zamland Resources Management Limited","organization","North Western | Southern","Kasempa | Sinazongwe","35601-HQ-LEL | 34450-HQ-SEL","Approved","gemstones","2","5162","Zinc/Silver/Aquamarine","RESULTS OF THE 77TH MINING LICENSING COMMITTEE (MLC) MEETING HELD ON 11TH TO 12TH JANUARY 2024","https://www.mmmd.gov.zm/?p=2675"
"Zammao Mining Investment Company Limited","organization","Central | Southern","Mkushi | Kalomo, Kazungula | Chibombo, Kapiri Mposhi, Mkushi","34912-HQ-SEL | 34323-HQ-LEL | 34496-HQ-LEL","APPROVED","critical_battery","3","53947","Copper/Manganese/Gold","RESULTS OF THE 75TH MINING LICENSING COMMITTEE (MLC) MEETING HELD FROM 27TH TO 29TH SEPTEMBER 2023","https://www.mmmd.gov.zm/?p=2618"
"Zamqlik Logistics Limited","organization","North Western | Copperbelt","Mufumbwe | Luanshya, Masaiti | Kasempa","38474-HQ-SEL | 38455-HQ-LEL | 39700-HQ-LEL","Approved | REJECTED | Rejected","critical_battery","2","5062","Iron Ore/Nickel/Gold","RESULTS OF THE 82ND MINING LICENSING COMMITTEE (MLC) MEETING HELD ON 11TH SEPTEMBER, 2024","https://www.mmmd.gov.zm/?p=3378"
"Zamrock Investment Limited","organization","Copperbelt","Chililabombwe, Mufulira","23929-HQ-SEL | 39087-HQ-SEL","Cancelled | Deferred | Approved","critical_battery","1","431","Manganese/Lead/Zinc","CANCELLATION OF NON-COMPLIANT MINING AND NON-MINING RIGHTS BY THE MINING LICENSING COMMITTEE (MLC)","https://www.mmmd.gov.zm/?p=2787"
"Zamroyal Investments Limited","organization","North Western","Solwezi","35880-HQ-SEL","Approved","gemstones","1","220","Silica/Quartz/Tourmaline","RESULTS OF THE 78TH MINING LICENSING COMMITTEE (MLC) MEETING HELD ON 27TH FEBRUARY TO 1ST MARCH 2024","https://www.mmmd.gov.zm/?p=2785"
"ZAMSERE YOUTHS MINING COOPERATIVE SOCIETY LIMITED","organization","Central","Serenje","38087-HQ-AMR | 38223-HQ-AMR | 40170-HQ-AMR","Approved","gemstones","3","20","Quartz/Manganese/Iron Ore","RESULTS OF THE 81ST MINING LICENSING COMMITTEE (MLC) MEETING HELD ON 31ST JULY, 2024","https://www.mmmd.gov.zm/?p=2923"
"Zamtech Minerals Limited","organization","Copperbelt | Central","Mpongwe | Serenje | Kapiri Mposhi | Luanshya, Masaiti","30227-HQ-LEL | 30947-HQ-SEL | 28902-HQ-LEL | 30070-HQ-LEL","Deferred | Approved | Cancelled | Rejected","critical_battery","2","1340","Molybdenum/Silver/Tin","REMINDER ON RESULTS OF THE 70TH AND 71ST MINING LICENSING COMMITTEE (MLC) MEETINGS HELD IN FEBRUARY AND MARCH 2023","https://www.mmmd.gov.zm/?p=2555"
"Zamvictory Investments Limited","organization","Central | Eastern","Mkushi | Lundazi | Kabwe, Kapiri Mposhi","32975-HQ-SEL | 38216-HQ-LEL | 38925-HQ-SEL | 41932-HQ-SEL","Deferred | Approved","gemstones","4","27386","Copper/Cobalt/Manganese","RESULTS OF THE 73RD MINING LICENSING COMMITTEE (MLC) MEETING HELD FROM 29TH TO 30TH JUNE 2023","https://www.mmmd.gov.zm/?p=2583"
"Zamway Mining Limited","organization","","","08117-HQ-SML","Cancelled","gemstones","1","107","Emerald","CANCELLATION OF NON-COMPLIANT MINING AND NON-MINING RIGHTS BY THE MINING LICENSING COMMITTEE (MLC)","https://www.mmmd.gov.zm/?p=2787"
"Zamworld Resources Limited","organization","Northern | North Western","Mbala, Mpulungu | Kasempa","29689-HQ-LEL | 29773-HQ-LEL","DEFERRED | REJECTED | Rejected","critical_battery","2","126351","Lead/Manganese/Zinc","RESULTS OF THE 83RD MINING LICENSING COMMITTEE (MLC) MEETING HELD ON 30TH OCTOBER, 2024","https://www.mmmd.gov.zm/?p=3515"
"Zamzinc Industry Company Limited","organization","Lusaka | Central","Kafue | Kabwe, Kapiri Mposhi","31587-HQ-MPL | 35308-HQ-LEL","Approved","critical_battery","2","1852","Manganese/Lead/Silver","RESULTS OF THE 72ND MINING LICENSING COMMITTEE (MLC) MEETING HELD FROM 17TH TO 22 MAY 2023","https://www.mmmd.gov.zm/?p=2559"
"Zan Mining company Limited","organization","Central | Eastern","Chibombo | Petauke | Mkushi","37924-HQ-SEL | 37999-HQ-SEL | 37938-HQ-SEL","Approved","critical_battery","3","2630","Tungsten/Zinc/Nickel","RESULTS OF THE 81ST MINING LICENSING COMMITTEE (MLC) MEETING HELD ON 31ST JULY, 2024","https://www.mmmd.gov.zm/?p=2923"
"Zanase Investments Limited","organization","","","20415-HQ-SML","Cancelled","gemstones","1","323","Quartz/Tourmaline/Beryllium","CANCELLATION OF NON-COMPLIANT MINING AND NON-MINING RIGHTS BY THE MINING LICENSING COMMITTEE (MLC)","https://www.mmmd.gov.zm/?p=2787"
"ZANAVI INVESTMENTS GROUP LIMITED","organization","Central","Mumbwa","38796-HQ-LEL","Approved","critical_battery","1","1109","Manganese/Lead/Zinc","RESULTS OF THE 84TH MINING LICENSING COMMITTEE (MLC) MEETING HELD ON 12TH DECEMBER, 2024","https://www.mmmd.gov.zm/?p=3780"
"Zanima Natural Resources Limited","organization","Northern | Eastern","Isoka | Chipata, Lundazi | Mambwe | Lundazi, Mambwe; Northern, Mpika","34239-HQ-LEL | 37931-HQ-LEL | 37951-HQ-LEL | 37969-HQ-LEL","Deferred | Approved","gemstones","4","162888","Gold/Copper/Silver","RESULTS OF THE 75TH MINING LICENSING COMMITTEE (MLC) MEETING HELD FROM 27TH TO 29TH SEPTEMBER 2023","https://www.mmmd.gov.zm/?p=2618"
"Zao Mining Cooperative Society Limited","organization","Eastern","Petauke","33333-HQ-AMR","Approved","gemstones","1","7","Quartz/Manganese/Rare EarthsElements","RESULTS OF THE 75TH MINING LICENSING COMMITTEE (MLC) MEETING HELD FROM 27TH TO 29TH SEPTEMBER 2023","https://www.mmmd.gov.zm/?p=2618"
"ZCCM - IH Investments Holdings Plc","organization","Copperbelt | Lusaka | North Western","Masaiti, Ndola | Chongwe | Kasempa | Solwezi | Mwinilunga","23137-HQ-LEL | 36213-HQ-SML | 41141-HQ-LEL | 41145-HQ-LEL | 41144-HQ-LEL","Rejected | Approved | Deferred","critical_battery","3","2349","Cobalt/Sand and Gravel/Copper","RESULTS OF THE 72ND MINING LICENSING COMMITTEE (MLC) MEETING HELD FROM 17TH TO 22 MAY 2023","https://www.mmmd.gov.zm/?p=2559"
"ZCCM IH Plc","organization","Central","Serenje","21597-HQ-LEL","Approved","gemstones","1","35819","Manganese/Limestone (General)/Silver","SUBJECT: RESULTS OF THE 79TH MINING LICENSING COMMITTEE (MLC) MEETING HELD ON 11TH TO 12TH APRIL 2024","https://www.mmmd.gov.zm/?p=2794"
"ZDP Mineral Resources Limited","organization","","","25059-HQ-SEL | 25060-HQ-SEL","Cancelled","critical_battery","1","480","Lead/Manganese/Gold","CANCELLATION OF NON-COMPLIANT MINING AND NON-MINING RIGHTS BY THE MINING LICENSING COMMITTEE (MLC)","https://www.mmmd.gov.zm/?p=2787"
"Zeemi Miners and Suppliers Limited","organization","Northern","Luwingu","35515-HQ-SML","Approved","critical_battery","1","270","Manganese","SUBJECT: RESULTS OF THE 79TH MINING LICENSING COMMITTEE (MLC) MEETING HELD ON 11TH TO 12TH APRIL 2024","https://www.mmmd.gov.zm/?p=2794"
"Zejun Investment Limited","organization","Copperbelt","Lufwanyama; North Western, Solwezi","19762-HQ-LGL | 19840-HQ-LGL | 30775-HQ-LEL | 19762-HQ-LML | 40616-HQ-LEL","Cancelled | Deferred","gemstones","3","4001","Quartz/Beryllium/Tourmaline","CANCELLATION OF NON-COMPLIANT MINING AND NON-MINING RIGHTS BY THE MINING LICENSING COMMITTEE (MLC)","https://www.mmmd.gov.zm/?p=2787"
"ZEMBA IRVING MWALULA","person_or_unclassified","Copperbelt | Lusaka","Chingola | Kafue","38421-HQ-AMR | 38451-HQ-AMR","Approved","gold","1","2","Granite/Silver/Gold","RESULTS OF THE 82ND MINING LICENSING COMMITTEE (MLC) MEETING HELD ON 11TH SEPTEMBER, 2024","https://www.mmmd.gov.zm/?p=3378"
"Zeno Investments Limited","organization","Central | North Western | Northern","Mumbwa; Southern, Itezhi Tezhi | Solwezi | Mbala | Kasempa","34833-HQ-SEL | 34834-HQ-SEL | 34776-HQ-LEL | 34778-HQ-LEL","APPROVED","critical_battery","4","19924","Gold/Copper/Manganese","RESULTS OF THE 75TH MINING LICENSING COMMITTEE (MLC) MEETING HELD FROM 27TH TO 29TH SEPTEMBER 2023","https://www.mmmd.gov.zm/?p=2618"
"Zeopoint Resources Limited","organization","Central | North Western","Mumbwa | Mwinilunga","28832-HQ-LEL | 29089-HQ-LEL | 40515-HQ-LML | 40566-HQ-LML","Cancelled | Rejected","gemstones","2","21942","Copper/Iron Ore/Aquamarine","CANCELLATION OF NON-COMPLIANT MINING AND NON-MINING RIGHTS BY THE MINING LICENSING COMMITTEE (MLC)","https://www.mmmd.gov.zm/?p=2787"
"Zerlin Mining Limited","organization","Central","Serenje | Serenje; Northern, Mpika","31153-HQ-LEL | 31154-HQ-LEL","","critical_battery","2","19704","Limestone (General)/Manganese/Zinc","REMINDER ON RESULTS OF THE 70TH AND 71ST MINING LICENSING COMMITTEE (MLC) MEETINGS HELD IN FEBRUARY AND MARCH 2023","https://www.mmmd.gov.zm/?p=2555"
"ZHEJIANG INTERNATIONAL ENGINEERING CONSTRUCTION COMPANY LIMITED","organization","Central","Kabwe","37162-HQ-SEL","","construction_materials","1","530","Sand and Gravel/Granite","RESULTS OF THE 80TH MINING LICENSING COMMITTEE (MLC) MEETING HELD ON 6TH TO 7TH AND 10TH JUNE 2024","https://www.mmmd.gov.zm/?p=2849"
"Zhengying Mining Limited","organization","Southern | Central | Luapula","Siavonga | Chibombo, Kabwe | Gwembe, Monze | Kabwe","39334-HQ-SEL | 39323-HQ-SEL | 39272-HQ-LEL | 39274-HQ-LEL | 39325-HQ-SEL","Approved | Rejected | APPROVED | DEFERRED","gemstones","3","30768","Iron Ore/Lead/Manganese","RESULTS OF THE 84TH MINING LICENSING COMMITTEE (MLC) MEETING HELD ON 12TH DECEMBER, 2024","https://www.mmmd.gov.zm/?p=3780"
"Zhongdi Mining Group Corp.Ltd","organization","Copperbelt","Masaiti, Mpongwe","31066-HQ-LEL","","critical_battery","1","31535","Silver/Manganese/Zinc","REMINDER ON RESULTS OF THE 70TH AND 71ST MINING LICENSING COMMITTEE (MLC) MEETINGS HELD IN FEBRUARY AND MARCH 2023","https://www.mmmd.gov.zm/?p=2555"
"Zhonghui Mining Group Limited","organization","North Western","Mwinilunga","27797-HQ-LEL | 27798-HQ-LEL","Approved","gold","2","2558","Gold/Copper/Cobalt","RESULTS OF THE 81ST MINING LICENSING COMMITTEE (MLC) MEETING HELD ON 31ST JULY, 2024","https://www.mmmd.gov.zm/?p=2923"
"Zibeline Investment Limited","organization","Central","Mumbwa | Kapiri Mposhi, Mkushi | Chibombo","35123-HQ-LEL | 35094-HQ-SEL | 37827-HQ-SEL","Approved","gemstones","4","18586","Copper/Gold/Lead","RESULTS OF THE 76TH MINING LICENSING COMMITTEE (MLC) MEETING HELD ON 17TH AND 20TH NOVEMBER 2023","https://www.mmmd.gov.zm/?p=2640"
"Ziko Pikinini","person_or_unclassified","Luapula | North Western","Mansa | Kasempa","40472-HQ-AMR | 40803-HQ-AMR","Approved","critical_battery","1","7","Manganese/Silver/Tin","RESULTS OF THE 88TH MINING LICENSING COMMITTEE (MLC) MEETING HELD ON 30TH MAY, 2025","https://www.mmmd.gov.zm/?p=4111"
"Zima Transport and Supply Limited","organization","Copperbelt","Luanshya, Masaiti, Mpongwe","30787-HQ-LEL","","critical_battery","1","6496","Nickel/Manganese/Quartz","REMINDER ON RESULTS OF THE 70TH AND 71ST MINING LICENSING COMMITTEE (MLC) MEETINGS HELD IN FEBRUARY AND MARCH 2023","https://www.mmmd.gov.zm/?p=2555"
"Zimasi Resources Limited","organization","Central","Mumbwa","37590-HQ-SEL","","critical_battery","2","265","Iron Ore/Gold/Copper","RESULTS OF THE 83RD MINING LICENSING COMMITTEE (MLC) MEETING HELD ON 30TH OCTOBER, 2024","https://www.mmmd.gov.zm/?p=3515"
"Zincom Mineral Resources Limited","organization","Central","Kabwe","37805-HQ-SEL | 40401-HQ-SML","Deferred | REJECTED","critical_battery","2","706","Manganese/Lead/Zinc","RESULTS OF THE 80TH MINING LICENSING COMMITTEE (MLC) MEETING HELD ON 6TH TO 7TH AND 10TH JUNE 2024","https://www.mmmd.gov.zm/?p=2849"
"Zindi Mining Limted","organization","Luapula","Mwense","37528-HQ-SEL","Approved","gemstones","1","235","Mineral Sands/Nickel/Limestone (General)","RESULTS OF THE 82ND MINING LICENSING COMMITTEE (MLC) MEETING HELD ON 11TH SEPTEMBER, 2024","https://www.mmmd.gov.zm/?p=3378"
"ZIQUAN MINING LIMITED","organization","Luapula | Southern | Eastern | North Western","Nchelenge; Northern, Kaputa | Monze | Chama | Itezhi Tezhi | Kasempa","38771-HQ-LEL | 38936-HQ-LEL | 38891-HQ-LEL | 39133-HQ-LEL | 38980-HQ-LEL | 40092-HQ-LEL | 40673-HQ-SEL","Approved | Rejected | DEFERRED | REJECTED","gemstones","5","273168","Copper/Iron Ore/Nickel","RESULTS OF THE 83RD MINING LICENSING COMMITTEE (MLC) MEETING HELD ON 30TH OCTOBER, 2024","https://www.mmmd.gov.zm/?p=3515"
"Ziwa Musenge","person_or_unclassified","Luapula","Samfya","39279-HQ-AMR","Approved","critical_battery","1","7","Lead/Manganese/Zinc","RESULTS OF THE 84TH MINING LICENSING COMMITTEE (MLC) MEETING HELD ON 12TH DECEMBER, 2024","https://www.mmmd.gov.zm/?p=3780"
"ZL Mining One Company Limited","organization","Lusaka","Chongwe","41357-HQ-SML | 41356-HQ-SML | 41355-HQ-SML","Approved","critical_battery","4","26054","Copper/Iron Ore/Gold","RESULTS OF THE 91ST MINING LICENSING COMMITTEE (MLC) MEETING HELD ON 08TH OCTOBER, 2025","https://www.mmmd.gov.zm/?p=6170"
"Zman Zambia Limited","organization","North Western | Southern | Central","Chavuma | Choma | Serenje; Northern, Mpika | Serenje | Kapiri Mposhi, Mkushi | Kasempa, Solwezi","34287-HQ-LEL | 33357-HQ-LEL | 33500-HQ-LEL | 33502-HQ-LEL | 39571-HQ-LEL | 39572-HQ-LEL","APPROVED","gemstones","4","46116","Cobalt/Copper/Gold","RESULTS OF THE 74TH MINING LICENSING COMMITTEE (MLC) MEETING HELD FROM 3RD TO 4TH AUGUST 2023","https://www.mmmd.gov.zm/?p=2598"
"Zoe Joy Moore","person_or_unclassified","North Western","Mwinilunga","38622-HQ-AMR | 39292-HQ-AMR | 39293-HQ-AMR | 39294-HQ-AMR","Approved","gemstones","4","27","Gold/Iron Ore/Cobalt","RESULTS OF THE 82ND MINING LICENSING COMMITTEE (MLC) MEETING HELD ON 11TH SEPTEMBER, 2024","https://www.mmmd.gov.zm/?p=3378"
"Zohara Mining Limited","organization","Copperbelt | Central","Lufwanyama | Serenje","32527-HQ-SEL | 32738-HQ-SEL | 36749-HQ-SEL","Approved","critical_battery","3","1237","Iron Ore/Manganese/Gold","RESULTS OF THE 72ND MINING LICENSING COMMITTEE (MLC) MEETING HELD FROM 17TH TO 22 MAY 2023","https://www.mmmd.gov.zm/?p=2559"
"Zombe-Tec Investments Ltd","organization","Central","Mkushi","37216-HQ-SML","Deferred","critical_battery","2","799","Manganese/Zinc/Iron Ore","SUBJECT: RESULTS OF THE 79TH MINING LICENSING COMMITTEE (MLC) MEETING HELD ON 11TH TO 12TH APRIL 2024","https://www.mmmd.gov.zm/?p=2794"
"Zoncor Mining Limited","organization","Central","Mumbwa","32641-HQ-MPL","Approved","gold","1","7","Silver/Gold/Copper","RESULTS OF THE 77TH MINING LICENSING COMMITTEE (MLC) MEETING HELD ON 11TH TO 12TH JANUARY 2024","https://www.mmmd.gov.zm/?p=2675"
"Zoomlion Copper Mine Company Limited","organization","","","27984-HQ-LEL | 28057-HQ-LEL","Cancelled","critical_battery","1","3922","Manganese/Iron Ore/Quartz","CANCELLATION OF NON-COMPLIANT MINING AND NON-MINING RIGHTS BY THE MINING LICENSING COMMITTEE (MLC)","https://www.mmmd.gov.zm/?p=2787"
"Zuberi Issa Phiri","person_or_unclassified","Luapula | Northern","Mansa | Luwingu","36419-HQ-AMR | 36418-HQ-AMR","APPROVED | Approved","critical_battery","2","10","Nickel/Manganese/Lead","RESULTS OF THE EXTRA ORDINARY MINING LICENSING COMMITTEE (MLC) MEETING HELD ON 27TH OCTOBER 2023","https://www.mmmd.gov.zm/?p=2626"
"Zumran Mining and Exploration Limited","organization","Central","Mkushi","20906-HQ-LEL | 21422-HQ-LEL | 21424-HQ-LEL | 29087-HQ-LEL | 29104-HQ-LEL | 28118-HQ-SEL | 28119-HQ-SEL","Cancelled | Rejected","critical_battery","1","1755","Manganese/Zinc/Gold","CANCELLATION OF NON-COMPLIANT MINING AND NON-MINING RIGHTS BY THE MINING LICENSING COMMITTEE (MLC)","https://www.mmmd.gov.zm/?p=2787"
"Zuri Mineral Resources Limited","organization","Central","Chibombo","38515-HQ-LEL","","critical_battery","1","3735","Nickel/Silver/Zinc","RESULTS OF THE 83RD MINING LICENSING COMMITTEE (MLC) MEETING HELD ON 30TH OCTOBER, 2024","https://www.mmmd.gov.zm/?p=3515"
