"name","segment","what_they_do","town","district","province","ownership","parent","scale","pacra_number","pacra_status","isic","ncc_grade","officeholder","confidence","evidence","lat","lng","coord_basis","notes","sources"
"Alfred H. Knight (Zambia) Limited","assay_lab","Independent minerals inspection, sampling, weighing and assay laboratory services for copper and cobalt concentrates and cathode; part of the global AHK superintendence group","Kitwe","Kitwe","Copperbelt","Foreign-owned subsidiary (UK parent)","Alfred H Knight International Ltd (UK)","PACRA registration 14/01/1999","119990041960","Active","Other professional, scientific and technical activities n.e.c.",,,"high","non-registry source evidences operations","-12.8024","28.2132","town centroid, not a company address","Kitwe base corroborated by an independent Zambian business-directory listing for Alfred H Knight Ltd.","https://xatu.pacra.org.zm:8344/api/v1/Search/registrysearch?Searchtext=ALFRED%20H%20KNIGHT&SortyBy=entity%20name&Direction=ASC | https://www.zambiayp.com/company/2406/Alfred_H_Knight_Ltd"
"ASSAY RESOURCES LIMITED","assay_lab","Zambian resources company, non-ferrous metal ore mining class",,,,,,,"120200001072","Active","Mining of other non-ferrous metal ores",,,"medium","registry record and/or indirect evidence only",,,,"PACRA registry record only; no town/address published in the registry API. Registered 06/02/2020. Entity type: Local Company - Limited by Shares. Not individually researched beyond the registry in this pass: name, segment and ISIC line are the full extent of the evidence, and no non-registry source has been checked. Do not treat the segment as confirmed trading or processing activity.","https://xatu.pacra.org.zm:8344/api/v1/Search/registrysearch?Searchtext=ASSAY&SortyBy=entity%20name&Direction=ASC"
"AUSTRALIAN LABORATORY GROUP (ZAMBIA) LIMITED","assay_lab","ALS geochemistry and mine-site assay laboratories in Zambia, running sample preparation, fire assay and AAS analysis for copper and gold operations","Chingola","Chingola","Copperbelt","Foreign-owned; Zambian entity of the ALS testing group","ALS Limited (Brisbane, Australia)","SADCAS testing accreditation TEST-5 0027, approved 23 June 2023 and valid to 22 June 2028; ALS group employs over 15,000 staff in more than 65 countries","120100086731","Active","Hospital activities",,,"high","non-registry source evidences operations","-12.5288","27.8492","town centroid, not a company address","Registered in Zambia 02/09/2010. Trades as ALS. Zambian recruitment adverts place a laboratory at Chingola; ALS also staffs a geochemistry laboratory at the Kansanshi mine near Solwezi, North-Western Province, so treat Chingola as the primary but not the only site. The PACRA ISIC line reads 'hospital activities', which is plainly a registry classification error for a minerals laboratory. No Zambia-specific contact details are published on the ALS site.","https://www.sadcas.org/accredited-organisations/testing-laboratories | https://www.greatzambiajobs.com/jobs/job-detail/job-Lab-Analysts-job-at-ALS-71240 | https://xatu.pacra.org.zm:8344/api/v1/Search/registrysearch?Searchtext=AUSTRALIAN%20LABORATORY&SortyBy=entity%20name&Direction=ASC"
"Bureau Veritas Zambia Limited","assay_lab","Testing, inspection and certification services; the group's minerals division provides sample preparation and assay for exploration and mining",,,,"Foreign-owned subsidiary (French parent)","Bureau Veritas SA (France)","PACRA registration 26/03/2015","120150130967","Active","Other monetary intermediation",,,"high","non-registry source evidences operations",,,,"PACRA ISIC line appears to be a registration-form artefact. The related BIVAC BV foreign registration (220110001476) is Inactive.","https://xatu.pacra.org.zm:8344/api/v1/Search/registrysearch?Searchtext=BUREAU%20VERITAS&SortyBy=entity%20name&Direction=ASC"
"FUSION LABORATORY SERVICES LIMITED","assay_lab","Multidisciplinary commercial analytical laboratory in Lusaka with a mining vertical covering mineral sample analysis, ore composition and refining-process testing","Lusaka","Lusaka","Lusaka","Zambian private company",,"Single Lusaka laboratory; recruiting chemists as at 2025-2026","120251018784","Active","Technical testing and analysis",,,"high","non-registry source evidences operations","-15.4167","28.2833","town centroid, not a company address","Registered 18/01/2025, so a recent entrant. PACRA ISIC line 'technical testing and analysis' matches the business exactly. Serves agriculture, food, water and mining; the mining service line is advertised separately on its own site. Address, phone and a general info mailbox are published on its own contact page. Not SADCAS-accredited as at the current accreditation register.","https://fusionlabs.co.zm/contact | https://fusionlabs.co.zm/mining | https://fusionlabs.co.zm/about | https://www.realzambiajobs.com/detail/3711 | https://xatu.pacra.org.zm:8344/api/v1/Search/registrysearch?Searchtext=FUSION%20LAB&SortyBy=entity%20name&Direction=ASC"
"Intertek Genalysis Zambia Limited","assay_lab","Geochemical and minerals assay laboratory (Intertek's Genalysis minerals brand) serving exploration and mining clients",,,,"Foreign-owned subsidiary (UK parent)","Intertek Group plc (UK)","PACRA registration 12/05/2008","120080072563","Active","Other professional, scientific and technical activities n.e.c.",,,"high","non-registry source evidences operations",,,,"A separate foreign-company registration, INTERTEK TESTING SERVICES (EAST AFRICA) (PROPRIETARY) LIMITED (219970001150), is also Active on PACRA.","https://xatu.pacra.org.zm:8344/api/v1/Search/registrysearch?Searchtext=INTERTEK&SortyBy=entity%20name&Direction=ASC"
"JBG Mineral Laboratory Zambia Limited","assay_lab","Mineral laboratory; PACRA ISIC 'Technical testing and analysis'",,,,,,"Incorporated 22/04/2025","120251024357","Active","Technical testing and analysis",,,"medium","registry record and/or indirect evidence only",,,,,"https://xatu.pacra.org.zm:8344/api/v1/Search/registrysearch?Searchtext=MINERAL%20LABORATOR&SortyBy=entity%20name&Direction=ASC"
"SGS Inspection Services Limited","assay_lab","SGS's Zambian inspection, sampling and analytical testing company serving minerals trade and mine site laboratories",,,,"Foreign-owned subsidiary (Swiss parent)","SGS SA (Switzerland)","PACRA registration 22/06/2005","120050059164","Active","Other professional, scientific and technical activities n.e.c.",,,"high","non-registry source evidences operations",,,,"The older 'SGS ZAMBIA LIMITED' (119710006331, registered 1971) is Inactive on PACRA; the Active operating vehicle is SGS Inspection Services Limited.","https://xatu.pacra.org.zm:8344/api/v1/Search/registrysearch?Searchtext=SGS&SortyBy=entity%20name&Direction=ASC"
"Sherdon Materials Laboratory","assay_lab","Materials testing laboratory on the NCC register with a Lusaka classification","Lusaka","Lusaka","Lusaka","NCC ownership classification: male",,,,,,,,"medium","registry record and/or indirect evidence only","-15.4167","28.2833","town centroid, not a company address","Materials (construction) testing rather than mineral assay; recorded as adjacent laboratory capacity. Grade column blank in the published NCC PDF.","https://www.ncc.org.zm/wp-content/uploads/2026/07/2026-List-of-Contractors-as-at-30th-June-2026.pdf"
"Veritech Mineral Laboratory","assay_lab","Registered business name operating a mineral laboratory; PACRA ISIC 'Technical testing and analysis'",,,,"Zambian registered business name (sole proprietor / partnership form)",,"Registered 22/03/2019","320190004429","Active","Technical testing and analysis",,,"medium","registry record and/or indirect evidence only",,,,,"https://xatu.pacra.org.zm:8344/api/v1/Search/registrysearch?Searchtext=MINERAL%20LABORATOR&SortyBy=entity%20name&Direction=ASC"
"Zambian Geoscience Mineral Testing Center Company Limited","assay_lab","Mineral testing centre; PACRA ISIC 'Technical testing and analysis'",,,,,,"Incorporated 27/05/2025","120251026179","Active","Technical testing and analysis",,,"medium","registry record and/or indirect evidence only",,,,,"https://xatu.pacra.org.zm:8344/api/v1/Search/registrysearch?Searchtext=MINERAL%20LABORATOR&SortyBy=entity%20name&Direction=ASC"
"Alimu Mining and Suppliers","consumables_reagents","Mining supplies firm registered with the NCC as a manufacturer/supplier in the civil category and as a civil contractor","Mpongwe","Mpongwe","Copperbelt","Zambian (NCC ownership classification: Zambian, male)",,"NCC grades 5 M (C) and 6C",,,,"5 M (C); 6C",,"high","non-registry source evidences operations","-13.5167","28.15","town centroid, not a company address","One NCC row gives Lusaka as the town and another Mpongwe; both carry Copperbelt as the province.","https://www.ncc.org.zm/wp-content/uploads/2026/07/2026-List-of-Contractors-as-at-30th-June-2026.pdf"
"BKC Mining and Industrial Suppliers Limited","consumables_reagents","Mining and industrial supplies company; PACRA ISIC 'Support activities for other mining and quarrying'. One of the older mining-supply registrations on the register",,,,,,"PACRA registration 1982 - over four decades on the register","119820011524","Active","Support activities for other mining and quarrying",,,"medium","registry record and/or indirect evidence only",,,,,"https://xatu.pacra.org.zm:8344/api/v1/Search/registrysearch?Searchtext=MINE%20SUPPORT&SortyBy=entity%20name&Direction=ASC"
"Boltgas Industrial and Mining Supplies Limited","consumables_reagents","Industrial and mining consumables supplier (name indicates fasteners and industrial gases); PACRA ISIC 'Support activities for other mining and quarrying'",,,,,,"PACRA registration 2011","120110089600","Active","Support activities for other mining and quarrying",,,"medium","registry record and/or indirect evidence only",,,,,"https://xatu.pacra.org.zm:8344/api/v1/Search/registrysearch?Searchtext=MINING%20SUPPLIES&SortyBy=entity%20name&Direction=ASC"
"Curechem Zambia Limited","consumables_reagents","Industrial and mining chemicals distributor supplying reagents and process chemicals to Zambian industry and mines","Lusaka","Lusaka","Lusaka","Part of a regional African chemicals distribution group","Curechem Group",,,,,,,"high","non-registry source evidences operations","-15.4167","28.2833","town centroid, not a company address",,"https://zambianmining.com/mining-directory/"
"Dana Group of Companies (Zambia)","consumables_reagents","Distributes Castrol lubricants, filters and tyres to automotive and mining customers","Lusaka","Lusaka","Lusaka",,"Dana Group",,,,,,,"medium","registry record and/or indirect evidence only","-15.4167","28.2833","town centroid, not a company address","Shares a Mukwa Road, Lusaka address with the Curechem listing in the same directory - the two may be co-located or affiliated.","https://zambianmining.com/mining-directory/"
"Epilite Mining & Industrial Supplies Zambia Limited","consumables_reagents","Mining and industrial supplies; PACRA ISIC 'Support activities for other mining and quarrying'",,,,,,"PACRA registration 2021","120210020470","Active","Support activities for other mining and quarrying",,,"medium","registry record and/or indirect evidence only",,,,,"https://xatu.pacra.org.zm:8344/api/v1/Search/registrysearch?Searchtext=MINING%20SUPPLIES&SortyBy=entity%20name&Direction=ASC"
"Freca Mining & Suppliers","consumables_reagents","Mining supplies firm with three NCC registrations in the electrical, building and civil categories, including a grade-1 electrical registration","Lusaka","Lusaka",,"Zambian (NCC ownership classification: Zambian)",,"NCC grades 1E, 5B and 5C - grade 1 is the top NCC capacity band",,,,"1E; 5B; 5C",,"high","non-registry source evidences operations","-15.4167","28.2833","town centroid, not a company address","A grade-1E registration is unusual for a supplier and indicates substantial electrical contracting capacity.","https://www.ncc.org.zm/wp-content/uploads/2026/07/2026-List-of-Contractors-as-at-30th-June-2026.pdf"
"Gemburst Mining Industries & Suppliers","consumables_reagents","Mining supplies firm with Lusaka and Kitwe NCC registrations, both carrying a Copperbelt province classification","Kitwe","Kitwe","Copperbelt","Zambian (NCC ownership classification: Zambian, male)",,"NCC grades 6R and 6B",,,,"6R; 6B",,"high","non-registry source evidences operations","-12.8024","28.2132","town centroid, not a company address",,"https://www.ncc.org.zm/wp-content/uploads/2026/07/2026-List-of-Contractors-as-at-30th-June-2026.pdf"
"Jabali Mining and Suppliers","consumables_reagents","Mining and supply contractor with five NCC registrations spread across Ndola, Lusaka, Kabwe and Katete, all carrying a Copperbelt province classification","Ndola","Ndola","Copperbelt","Zambian (NCC ownership classification: Zambian, male)",,"NCC grades 6 M (R), 6B, 2B, 5R, 5B - including a grade-2 registration",,,,"6 M (R); 6B; 2B; 5R; 5B",,"high","non-registry source evidences operations","-12.9587","28.6366","town centroid, not a company address","Five registrations across four towns indicate a genuinely multi-site operation.","https://www.ncc.org.zm/wp-content/uploads/2026/07/2026-List-of-Contractors-as-at-30th-June-2026.pdf"
"Josto Mining and Suppliers","consumables_reagents","Mining supplies firm with Kitwe-based NCC registrations across roads, mechanical/electrical and building categories","Kitwe","Kitwe","Copperbelt","Zambian (NCC ownership classification)",,"NCC grades 6R, 6 ME and 6B",,,,"6R; 6 ME; 6B",,"high","non-registry source evidences operations","-12.8024","28.2132","town centroid, not a company address",,"https://www.ncc.org.zm/wp-content/uploads/2026/07/2026-List-of-Contractors-as-at-30th-June-2026.pdf"
"Kabwe Mining and Drilling Supplies Company","consumables_reagents","Mining and drilling supplies business named for Kabwe, the historic lead-zinc mining town; one of the oldest registrations in this segment","Kabwe","Kabwe","Central","Zambian registered business name",,"PACRA registration 1971","319710009935","Active",,,,"medium","registry record and/or indirect evidence only","-14.4469","28.4464","town centroid, not a company address","Town inferred from the trading name; PACRA search output carries no address field, so treat town as provisional.","https://xatu.pacra.org.zm:8344/api/v1/Search/registrysearch?Searchtext=MINING%20SUPPLIES&SortyBy=entity%20name&Direction=ASC"
"Koppa Mining Services and Supplies Limited","consumables_reagents","Mining services and supplies; PACRA ISIC 'Support activities for other mining and quarrying'",,,,,,"PACRA registration 2003","120030053612","Active","Support activities for other mining and quarrying",,,"medium","registry record and/or indirect evidence only",,,,,"https://xatu.pacra.org.zm:8344/api/v1/Search/registrysearch?Searchtext=MINING%20SUPPLIES&SortyBy=entity%20name&Direction=ASC"
"LHS Mining Tools Limited","consumables_reagents","Supplier of mining tools; NCC-registered as a manufacturer/supplier in the civil category","Lusaka","Lusaka","Lusaka","Zambian (NCC ownership classification: Zambian, male)",,"NCC grade 6 M (C) - the 'M' prefix denotes manufacturer/supplier registration",,,,"6 M (C)",,"high","non-registry source evidences operations","-15.4167","28.2833","town centroid, not a company address",,"https://www.ncc.org.zm/wp-content/uploads/2026/07/2026-List-of-Contractors-as-at-30th-June-2026.pdf"
"ME Long Teng Grinding Media (Zambia) Limited","consumables_reagents","Manufactures forged steel grinding media (mill balls) for copper concentrators from a purpose-built plant in the Kalumbila industrial park","Kalumbila","Kalumbila","North-Western","Joint venture: ME Elecmetal (Chile) and Jiangyin Long Teng / Longteng Special Steel (China)","ME Elecmetal and China Longteng Special Steel Group","USD 60 million total investment (USD 40 million phase I) on a 50,000 sq m site; designed output 200,000 t/yr of grinding media; 260 jobs at full build (150 in phase I); long-term supply agreement with First Quantum's Kalumbila Minerals","120160005351","Active","Other retail sale in non-specialized stores",,,"high","non-registry source evidences operations","-12.25","25.35","town centroid, not a company address","Factory established October 2018, production lines formally commissioned 2021. Built expressly to serve First Quantum Kalumbila Minerals plus the wider African market. PACRA ISIC line is a registration-form artefact.","https://xatu.pacra.org.zm:8344/api/v1/Search/registrysearch?Searchtext=GRINDING%20MEDIA&SortyBy=entity%20name&Direction=ASC | https://www.longtengspecialsteel.com/news/long-teng-grinding-media-zambia-co-ltd-are-officially-put-into-operation-95680.html"
"Rephidim Mining Supplies and Technical Services Limited","consumables_reagents","Mining supplies and technical services; PACRA nature of business 'Mining of other non-ferrous metal ores'",,,,,,"PACRA registration 2002","120020050780","Active","Mining of other non-ferrous metal ores",,,"medium","registry record and/or indirect evidence only",,,,,"https://xatu.pacra.org.zm:8344/api/v1/Search/registrysearch?Searchtext=MINING%20SUPPLIES&SortyBy=entity%20name&Direction=ASC"
"Sulphuric Acid Solution Limited","consumables_reagents","Sulphuric acid supply business; PACRA ISIC 'Support activities for other mining and quarrying'. Sulphuric acid is the principal leaching reagent for Zambian copper oxide and cobalt processing",,,,,,"PACRA registration 02/11/2006","120060064106","Active","Support activities for other mining and quarrying",,,"medium","registry record and/or indirect evidence only",,,,,"https://xatu.pacra.org.zm:8344/api/v1/Search/registrysearch?Searchtext=SULPHURIC&SortyBy=entity%20name&Direction=ASC"
"Sulphuric Source Zambia Limited","consumables_reagents","Sulphuric acid sourcing/supply company; PACRA ISIC 'Mining of chemical and fertilizer minerals'",,,,,,"Incorporated 07/12/2024","120241016834","Active","Mining of chemical and fertilizer minerals",,,"medium","registry record and/or indirect evidence only",,,,,"https://xatu.pacra.org.zm:8344/api/v1/Search/registrysearch?Searchtext=SULPHURIC&SortyBy=entity%20name&Direction=ASC"
"Trentyre (Zambia)","consumables_reagents","Tyre supply and management business; Trentyre is the mining and industrial tyre arm associated with the Bridgestone/Otraco tyre-management network",,,,,"Trentyre / Bridgestone group brand","PACRA business-name registration 08/02/1996","319960074471","Active","Other retail sale not in stores, stalls or markets",,,"medium","registry record and/or indirect evidence only",,,,"Registered on PACRA as the business name 'TRENTYRE'. Parent-group attribution is from brand identity, not from the register.","https://xatu.pacra.org.zm:8344/api/v1/Search/registrysearch?Searchtext=TRENTYRE&SortyBy=entity%20name&Direction=ASC"
"Weir ESCO Ground Engaging Tools Zambia Limited","consumables_reagents","Supplies ESCO ground-engaging tools - excavator and loader teeth, lips, buckets and wear parts - to mining fleets",,,,"Foreign-owned subsidiary (UK parent)","The Weir Group PLC (UK), ESCO division","Incorporated 21/10/2024","120241014678","Active","Non-specialized wholesale trade",,,"high","non-registry source evidences operations",,,,,"https://xatu.pacra.org.zm:8344/api/v1/Search/registrysearch?Searchtext=WEIR&SortyBy=entity%20name&Direction=ASC"
"Africa Drilling and Exploration Limited","drilling","Drilling and exploration contractor; NCC-registered in civil and electrical categories","Lusaka","Lusaka","Lusaka","Zambian (NCC ownership classification: Zambian, male)",,"NCC grades 4C and 5E",,,,"4C; 5E",,"high","non-registry source evidences operations","-15.4167","28.2833","town centroid, not a company address",,"https://www.ncc.org.zm/wp-content/uploads/2026/07/2026-List-of-Contractors-as-at-30th-June-2026.pdf"
"ATL Drilling Services Limited","drilling","Turnkey drilling solutions for mining and construction projects, supplying rigs and drilling crews","Ndola","Ndola","Copperbelt",,,,,,,,,"high","non-registry source evidences operations","-12.9587","28.6366","town centroid, not a company address",,"https://zambianmining.com/mining-directory/"
"Baba Drilling & Exploration Company Limited","drilling","Drilling and exploration company listed on the NCC contractor register",,,,,,,,,,,,"medium","registry record and/or indirect evidence only",,,,"Grade and location columns blank in the published NCC PDF.","https://www.ncc.org.zm/wp-content/uploads/2026/07/2026-List-of-Contractors-as-at-30th-June-2026.pdf"
"Bamboo Rock Drilling Limited","drilling","Rock drilling contractor; PACRA ISIC 'Support activities for other mining and quarrying'",,,,,,"PACRA registration 2019","120190003518","Active","Support activities for other mining and quarrying",,,"medium","registry record and/or indirect evidence only",,,,,"https://xatu.pacra.org.zm:8344/api/v1/Search/registrysearch?Searchtext=DRILLING&SortyBy=entity%20name&Direction=ASC"
"BLY Drilling Services Zambia Limited","drilling","Drilling services company using the Boart Longyear 'BLY' identifier; PACRA ISIC 'Support activities for other mining and quarrying'",,,,"Foreign-linked (Boart Longyear group identifier)","Boart Longyear (BLY)","Incorporated 29/03/2025","120251023049","Active","Support activities for other mining and quarrying",,,"medium","registry record and/or indirect evidence only",,,,"Parent attribution inferred from the 'BLY' trading identifier and is not independently confirmed - treat the parent field as provisional.","https://xatu.pacra.org.zm:8344/api/v1/Search/registrysearch?Searchtext=DRILLING&SortyBy=entity%20name&Direction=ASC"
"E.F Drilling and Exploration Limited","drilling","Drilling and exploration contractor; PACRA ISIC 'Support activities for other mining and quarrying' and NCC-registered at grade 6B","Lusaka","Lusaka","Lusaka","Zambian (NCC ownership classification: Zambian, male)",,"NCC grade 6B","120210012538","Active","Support activities for other mining and quarrying","6B",,"high","non-registry source evidences operations","-15.4167","28.2833","town centroid, not a company address","Confirmed independently on both the PACRA company register and the NCC contractor register.","https://xatu.pacra.org.zm:8344/api/v1/Search/registrysearch?Searchtext=DRILLING&SortyBy=entity%20name&Direction=ASC | https://www.ncc.org.zm/wp-content/uploads/2026/07/2026-List-of-Contractors-as-at-30th-June-2026.pdf"
"Eureka Drilling Zambia Limited","drilling","Drilling contractor; PACRA ISIC 'Support activities for other mining and quarrying'",,,,,,"PACRA registration 2020","120200006045","Active","Support activities for other mining and quarrying",,,"medium","registry record and/or indirect evidence only",,,,,"https://xatu.pacra.org.zm:8344/api/v1/Search/registrysearch?Searchtext=DRILLING&SortyBy=entity%20name&Direction=ASC"
"FTE Drilling (Zambia) Limited","drilling","Drilling contractor; PACRA ISIC 'Support activities for other mining and quarrying'",,,,,,"Incorporated 2024","120241010618","Active","Support activities for other mining and quarrying",,,"medium","registry record and/or indirect evidence only",,,,,"https://xatu.pacra.org.zm:8344/api/v1/Search/registrysearch?Searchtext=DRILLING&SortyBy=entity%20name&Direction=ASC"
"Geotech Drilling Limited","drilling","Drilling contractor on the NCC register with a Copperbelt province classification",,,"Copperbelt","NCC ownership classification: male",,,,,,,,"medium","registry record and/or indirect evidence only",,,,"The NCC row for this company has blank grade and town columns in the published PDF.","https://www.ncc.org.zm/wp-content/uploads/2026/07/2026-List-of-Contractors-as-at-30th-June-2026.pdf"
"HQNQ Core Drilling and Mining Services Limited","drilling","Core drilling and mining services; the name references HQ and NQ core sizes, i.e. exploration diamond drilling. PACRA ISIC 'Support activities for other mining and quarrying'",,,,,,"Incorporated 2026","120261044042","Active","Support activities for other mining and quarrying",,,"medium","registry record and/or indirect evidence only",,,,,"https://xatu.pacra.org.zm:8344/api/v1/Search/registrysearch?Searchtext=DRILLING&SortyBy=entity%20name&Direction=ASC"
"Hub Drilling (Zambia) Limited","drilling","Drilling contractor; PACRA ISIC 'Support activities for other mining and quarrying'",,,,,,"Incorporated 2023","120230056702","Active","Support activities for other mining and quarrying",,,"medium","registry record and/or indirect evidence only",,,,,"https://xatu.pacra.org.zm:8344/api/v1/Search/registrysearch?Searchtext=DRILLING&SortyBy=entity%20name&Direction=ASC"
"Inafrica Drilling & Exploration Limited","drilling","Drilling and exploration contractor listed on the NCC contractor register (two registrations)",,,,,,,,,,,,"medium","registry record and/or indirect evidence only",,,,"Grade, town and province columns are blank for this company in the published NCC PDF.","https://www.ncc.org.zm/wp-content/uploads/2026/07/2026-List-of-Contractors-as-at-30th-June-2026.pdf"
"Jumbexplor Drilling Services Limited","drilling","Drilling services company; the name references jumbo drill rigs used in underground development. PACRA ISIC 'Support activities for other mining and quarrying'",,,,,,"PACRA registration 2023","120230045946","Active","Support activities for other mining and quarrying",,,"medium","registry record and/or indirect evidence only",,,,,"https://xatu.pacra.org.zm:8344/api/v1/Search/registrysearch?Searchtext=DRILLING&SortyBy=entity%20name&Direction=ASC"
"Lusitu Drilling and Exploration Limited","drilling","Drilling and exploration contractor; NCC grade 1R is the top capacity band in the roads category, making this an unusually highly graded driller","Lusaka","Lusaka","Lusaka","Zambian, female-owned (NCC ownership classification: Female)",,"NCC grades 1R and 2C - high capacity bands",,,,"1R; 2C",,"high","non-registry source evidences operations","-15.4167","28.2833","town centroid, not a company address","Notable as a female-owned Zambian firm holding top-band NCC grades.","https://www.ncc.org.zm/wp-content/uploads/2026/07/2026-List-of-Contractors-as-at-30th-June-2026.pdf"
"Major Drilling Zambia Limited","drilling","Specialist exploration and surface/underground diamond drilling contractor; Zambian company of the Canadian Major Drilling Group",,,,"Foreign-owned subsidiary (Canadian parent)","Major Drilling Group International Inc. (Canada)","PACRA registration 2010","120100084932","Active","Support activities for other mining and quarrying",,,"high","non-registry source evidences operations",,,,,"https://xatu.pacra.org.zm:8344/api/v1/Search/registrysearch?Searchtext=DRILLING&SortyBy=entity%20name&Direction=ASC"
"Master Drilling Zambia Limited","drilling","Zambian company of Master Drilling, the raise-boring and specialised drilling contractor; NCC-registered contractor","Lusaka","Lusaka","Lusaka","Zambian ownership classification on the NCC register; brand is South African in origin","Master Drilling Group Limited (South Africa)","NCC grades 6B and 6E",,,,"6B; 6E",,"high","non-registry source evidences operations","-15.4167","28.2833","town centroid, not a company address","Parent attribution is from brand identity; the NCC register itself records only the Zambian entity.","https://www.ncc.org.zm/wp-content/uploads/2026/07/2026-List-of-Contractors-as-at-30th-June-2026.pdf"
"Mid Continent Drilling Company","drilling","Foreign company registered in Zambia for drilling operations (PACRA foreign-company number series 21...)",,,,"Foreign company registered under Part of the Companies Act for external companies",,"PACRA registration 1997","219970001143","Active",,,,"medium","registry record and/or indirect evidence only",,,,"The 219... number prefix marks this as a registered foreign company rather than a locally incorporated one.","https://xatu.pacra.org.zm:8344/api/v1/Search/registrysearch?Searchtext=DRILLING&SortyBy=entity%20name&Direction=ASC"
"ML Drilling & Exploration Zambia Limited","drilling","Drilling and exploration contractor; PACRA ISIC 'Support activities for other mining and quarrying'",,,,,,"PACRA registration 2011","120110094898","Active","Support activities for other mining and quarrying",,,"medium","registry record and/or indirect evidence only",,,,,"https://xatu.pacra.org.zm:8344/api/v1/Search/registrysearch?Searchtext=DRILLING&SortyBy=entity%20name&Direction=ASC"
"New Resources Drilling Limited","drilling","Drilling contractor; PACRA ISIC 'Support activities for other mining and quarrying'",,,,,,"PACRA registration 2018","120180004486","Active","Support activities for other mining and quarrying",,,"medium","registry record and/or indirect evidence only",,,,,"https://xatu.pacra.org.zm:8344/api/v1/Search/registrysearch?Searchtext=DRILLING&SortyBy=entity%20name&Direction=ASC"
"Tekno Exploration Drilling Limited","drilling","Exploration drilling contractor; PACRA ISIC 'Support activities for other mining and quarrying'",,,,,,"PACRA registration 2020","120200007963","Active","Support activities for other mining and quarrying",,,"medium","registry record and/or indirect evidence only",,,,,"https://xatu.pacra.org.zm:8344/api/v1/Search/registrysearch?Searchtext=DRILLING&SortyBy=entity%20name&Direction=ASC"
"Torque Drilling Zambia Limited","drilling","Drilling contractor; PACRA ISIC 'Support activities for other mining and quarrying'",,,,,,"Incorporated 2024","120241012540","Active","Support activities for other mining and quarrying",,,"medium","registry record and/or indirect evidence only",,,,,"https://xatu.pacra.org.zm:8344/api/v1/Search/registrysearch?Searchtext=DRILLING&SortyBy=entity%20name&Direction=ASC"
"United Drilling and Exploration Company Limited","drilling","Drilling and exploration contractor; PACRA ISIC 'Support activities for other mining and quarrying'",,,,,,"PACRA registration 2011","120110090863","Active","Support activities for other mining and quarrying",,,"medium","registry record and/or indirect evidence only",,,,,"https://xatu.pacra.org.zm:8344/api/v1/Search/registrysearch?Searchtext=DRILLING&SortyBy=entity%20name&Direction=ASC"
"Zandrill Exploration & Drilling Equipment Limited","drilling","Supplies exploration and drilling equipment and drilling services; PACRA ISIC 'Support activities for other mining and quarrying'",,,,,,"Incorporated 2026","120261049826","Active","Support activities for other mining and quarrying",,,"medium","registry record and/or indirect evidence only",,,,,"https://xatu.pacra.org.zm:8344/api/v1/Search/registrysearch?Searchtext=DRILLING&SortyBy=entity%20name&Direction=ASC"
"African Engineering Services Ltd","engineering_epcm","Repairs and manufactures hydraulic components - cylinders, pumps, motors and buckets - supporting mining equipment maintenance","Kitwe","Kitwe","Copperbelt",,,,,,,,,"high","non-registry source evidences operations","-12.8024","28.2132","town centroid, not a company address",,"https://zambianmining.com/mining-directory/"
"African Mechanical and Superlift Limited","engineering_epcm","Mechanical and heavy-lifting contractor; NCC-registered in electrical and roads categories with a Copperbelt province classification","Lusaka","Lusaka","Copperbelt","Zambian (NCC ownership classification: Zambian, male)",,"NCC grades 5E and 4R",,,,"5E; 4R",,"high","non-registry source evidences operations","-15.4167","28.2833","town centroid, not a company address","Heavy lifting is a specialist mine-plant service (mill relines, shaft and crusher installations). NCC rows carry Lusaka as the town and Copperbelt as the province of operation.","https://www.ncc.org.zm/wp-content/uploads/2026/07/2026-List-of-Contractors-as-at-30th-June-2026.pdf"
"Alph-Teck Conveyor Solutions","engineering_epcm","Conveyor systems specialist on the NCC register with a Copperbelt classification; conveyors are core plant for Zambian concentrators and stockpile handling",,,"Copperbelt","NCC ownership classification: male",,,,,,,,"medium","registry record and/or indirect evidence only",,,,"Grade and town columns blank in the published NCC PDF.","https://www.ncc.org.zm/wp-content/uploads/2026/07/2026-List-of-Contractors-as-at-30th-June-2026.pdf"
"C & B Engineering Limited","engineering_epcm","Refurbishes mechanical and electrical rotables - pumps, valves, gearboxes and gaskets - to extend equipment life and reduce mine downtime","Kitwe","Kitwe","Copperbelt",,,,,,,,,"high","non-registry source evidences operations","-12.8024","28.2132","town centroid, not a company address",,"https://zambianmining.com/mining-directory/"
"Chinzu Mining and Construction Solutions Limited","engineering_epcm","Mining and construction solutions; PACRA ISIC 'Installation of industrial machinery and equipment'",,,,,,"PACRA registration 2020","120200002501","Active","Installation of industrial machinery and equipment",,,"medium","registry record and/or indirect evidence only",,,,,"https://xatu.pacra.org.zm:8344/api/v1/Search/registrysearch?Searchtext=MINING%20EQUIPMENT&SortyBy=entity%20name&Direction=ASC"
"CMNL Mining, Engineering and Consultancy Limited","engineering_epcm","Mining engineering and consultancy; PACRA ISIC 'Support activities for other mining and quarrying'",,,,,,"PACRA registration 2015","120150133178","Active","Support activities for other mining and quarrying",,,"medium","registry record and/or indirect evidence only",,,,,"https://xatu.pacra.org.zm:8344/api/v1/Search/registrysearch?Searchtext=MINING%20ENGINEERING&SortyBy=entity%20name&Direction=ASC"
"Gersrod Mining Engineering Services Limited","engineering_epcm","Mining engineering services; PACRA ISIC 'Support activities for other mining and quarrying'",,,,,,"PACRA registration 2004","120040055558","Active","Support activities for other mining and quarrying",,,"medium","registry record and/or indirect evidence only",,,,,"https://xatu.pacra.org.zm:8344/api/v1/Search/registrysearch?Searchtext=MINING%20ENGINEERING&SortyBy=entity%20name&Direction=ASC"
"IMES Infrastructure Mining Engineering Solutions Limited","engineering_epcm","Mining and infrastructure engineering solutions; PACRA ISIC 'Support activities for other mining and quarrying'",,,,,,"PACRA registration 2015","120150134093","Active","Support activities for other mining and quarrying",,,"medium","registry record and/or indirect evidence only",,,,,"https://xatu.pacra.org.zm:8344/api/v1/Search/registrysearch?Searchtext=MINING%20ENGINEERING&SortyBy=entity%20name&Direction=ASC"
"Jerana Mining & Engineering Limited","engineering_epcm","Mining and engineering services; PACRA ISIC 'Support activities for other mining and quarrying'",,,,,,"PACRA registration 2008","120080074005","Active","Support activities for other mining and quarrying",,,"medium","registry record and/or indirect evidence only",,,,,"https://xatu.pacra.org.zm:8344/api/v1/Search/registrysearch?Searchtext=MINING%20ENGINEERING&SortyBy=entity%20name&Direction=ASC"
"Lavas Engineering & Mining Services Limited","engineering_epcm","Engineering and mining services; PACRA ISIC 'Installation of industrial machinery and equipment'",,,,,,"PACRA registration 2023","120230044767","Active","Installation of industrial machinery and equipment",,,"medium","registry record and/or indirect evidence only",,,,,"https://xatu.pacra.org.zm:8344/api/v1/Search/registrysearch?Searchtext=MINING%20EQUIPMENT&SortyBy=entity%20name&Direction=ASC"
"Lten Mining & Engineering","engineering_epcm","Mining and engineering contractor; NCC-registered in the electrical category with Lusaka town and province","Lusaka","Lusaka","Lusaka","Zambian (NCC ownership classification: Zambian, male)",,"NCC grade 5E",,,,"5E",,"high","non-registry source evidences operations","-15.4167","28.2833","town centroid, not a company address",,"https://www.ncc.org.zm/wp-content/uploads/2026/07/2026-List-of-Contractors-as-at-30th-June-2026.pdf"
"Metal Fabs Limited","engineering_epcm","Metal fabrication contractor in Kitwe serving Copperbelt industrial and mine plant work; NCC-registered in civil and electrical categories at grade 2","Kitwe","Kitwe","Copperbelt","Foreign-owned (NCC country of ownership: India)",,"NCC grades 2C and 2E - grade 2 is a high capacity band",,,,"2C; 2E",,"high","non-registry source evidences operations","-12.8024","28.2132","town centroid, not a company address",,"https://www.ncc.org.zm/wp-content/uploads/2026/07/2026-List-of-Contractors-as-at-30th-June-2026.pdf"
"Minopex Zambia Limited","engineering_epcm","Contract operation and maintenance of mineral processing plants; DRA Global's operations arm. PACRA ISIC 'Support activities for other mining and quarrying'",,,,"Foreign-owned subsidiary (DRA Global)","DRA Global Limited","PACRA registration 21/07/2017","120170005530","Active","Support activities for other mining and quarrying",,,"high","non-registry source evidences operations",,,,"Minopex is the plant operations-and-maintenance contractor within DRA Global; this is the EPCM/plant-operator link into Zambia.","https://xatu.pacra.org.zm:8344/api/v1/Search/registrysearch?Searchtext=MINOPEX&SortyBy=entity%20name&Direction=ASC"
"Atlas Copco Industrial Zambia Limited","equipment_dealer","Supplies compressed air and gas systems, generators, industrial power tools and vacuum equipment to mining and manufacturing","Kitwe","Kitwe","Copperbelt","Foreign-owned subsidiary (Swedish parent)","Atlas Copco AB (Sweden)",,"120170007525","Active","Wholesale of other machinery and equipment",,,"high","non-registry source evidences operations","-12.8024","28.2132","town centroid, not a company address","Registered 02/10/2017, i.e. after the Epiroc de-merger separated the mining equipment business.","https://xatu.pacra.org.zm:8344/api/v1/Search/registrysearch?Searchtext=ATLAS%20COPCO&SortyBy=entity%20name&Direction=ASC | https://zambianmining.com/mining-directory/"
"Barloworld Equipment Zambia Limited","equipment_dealer","Caterpillar dealer for Zambia: sale, rental, parts and field service of Cat earthmoving, mining and power equipment","Lusaka","Lusaka","Lusaka","Foreign-owned subsidiary (South African parent)","Barloworld Limited (South Africa)","PACRA registration 1994; Copperbelt and North-Western branch network serving the large mines","119940032095","Active","Retail sale of electrical household appliances, furniture, lighting equipment and other household articles in specialized stores",,,"high","non-registry source evidences operations","-15.4167","28.2833","town centroid, not a company address","A legacy 'BARLOWORLD HOLDINGS LIMITED' (219420000453, registered 1942) is Inactive on PACRA. Published Lusaka branch address and phone from the company's mapped business listing.","https://xatu.pacra.org.zm:8344/api/v1/Search/registrysearch?Searchtext=BARLOWORLD&SortyBy=entity%20name&Direction=ASC | https://duckduckgo.com/?q=Barloworld+Equipment+Zambia+branch+Kitwe+Lusaka+Solwezi+address"
"Bell Equipment Company (Zambia) Limited","equipment_dealer","Zambian dealer for Bell articulated dump trucks and related earthmoving machines, plus parts and service",,,,"Foreign-owned subsidiary (South African parent)","Bell Equipment Limited (South Africa)","PACRA registration 30/09/1993","119930029877","Active","Retail sale of electrical household appliances, furniture, lighting equipment and other household articles in specialized stores",,,"high","non-registry source evidences operations",,,,,"https://xatu.pacra.org.zm:8344/api/v1/Search/registrysearch?Searchtext=BELL%20EQUIPMENT&SortyBy=entity%20name&Direction=ASC"
"Bellview Mining Equipment & Services Limited","equipment_dealer","Mining equipment and services company; PACRA ISIC 'Installation of industrial machinery and equipment'",,,,,,"PACRA registration 1985","119850014356","Active","Installation of industrial machinery and equipment",,,"medium","registry record and/or indirect evidence only",,,,,"https://xatu.pacra.org.zm:8344/api/v1/Search/registrysearch?Searchtext=MINING%20EQUIPMENT&SortyBy=entity%20name&Direction=ASC"
"Camco Equipment Zambia Limited","equipment_dealer","Supplier of heavy machinery for mining, construction and agriculture; branch located on the Solwezi mining corridor","Solwezi","Solwezi","North-Western","Chinese-linked",,,,,,,,"high","non-registry source evidences operations","-12.1688","26.3894","town centroid, not a company address","Solwezi siting is significant - it is the service base for Kansanshi and Kalumbila.","https://zambianmining.com/mining-directory/"
"Cummins Zambia Limited","equipment_dealer","Supplies and services diesel engines, generator sets and power systems for mining and industrial customers","Kitwe","Kitwe","Copperbelt","Foreign-owned subsidiary (US parent)","Cummins Inc. (USA)",,,,,,,"high","non-registry source evidences operations","-12.8024","28.2132","town centroid, not a company address",,"https://zambianmining.com/mining-directory/"
"Epiroc Zambia Limited","equipment_dealer","Epiroc's Zambian company for rock drilling rigs, underground loaders and trucks, rock drilling tools, automation and aftermarket service",,,,"Foreign-owned subsidiary (Swedish parent)","Epiroc AB (Sweden)","PACRA registration date 01/02/1949 - the legacy Atlas Copco Zambia registration carried into Epiroc at the 2018 group split","119490000284","Active",,,,"high","non-registry source evidences operations",,,,"Unrelated PACRA namesake 'EPIROC CONSTRUCTION' (320180007501) is a building-construction business name, not the OEM.","https://xatu.pacra.org.zm:8344/api/v1/Search/registrysearch?Searchtext=EPIROC&SortyBy=entity%20name&Direction=ASC | https://zambianmining.com/mining-directory/"
"Hitachi Construction Machinery Zambia Company Limited","equipment_dealer","Zambian company of Hitachi Construction Machinery, supplier of hydraulic excavators, rigid dump trucks and mining machinery",,,,"Foreign-owned subsidiary (Japanese parent)","Hitachi Construction Machinery Co., Ltd (Japan)","PACRA registration 27/10/2010","120100087875","Active","Construction of buildings",,,"medium","registry record and/or indirect evidence only",,,,"The PACRA ISIC line ('Construction of buildings') looks like a registration-form artefact rather than the real activity.","https://xatu.pacra.org.zm:8344/api/v1/Search/registrysearch?Searchtext=HITACHI&SortyBy=entity%20name&Direction=ASC"
"ITR Earthmoving Parts & Services Limited","equipment_dealer","Supplies earthmoving undercarriage and wear parts plus services; PACRA ISIC 'Wholesale of other machinery and equipment'",,,,,,"Incorporated 2026","120261046255","Active","Wholesale of other machinery and equipment",,,"medium","registry record and/or indirect evidence only",,,,"'ITR' is a well-known undercarriage parts brand (Italtractor ITR); the link is suggested by the name only and is not confirmed.","https://xatu.pacra.org.zm:8344/api/v1/Search/registrysearch?Searchtext=EARTHMOVING&SortyBy=entity%20name&Direction=ASC"
"Komatsu Zambia Limited","equipment_dealer","Komatsu-branded Zambian company; the PACRA record is Inactive, so current Komatsu mining-equipment supply into Zambia is likely routed through another dealer entity",,,,"Foreign-linked (Japanese OEM brand)","Komatsu Ltd (Japan)",,"120100083785","Inactive","Retail sale of electrical household appliances, furniture, lighting equipment and other household articles in specialized stores",,,"medium","registry record and/or indirect evidence only",,,,"Recorded because the register status itself is the finding: PACRA shows no Active Komatsu company in Zambia as at this sweep. Registered 07/04/2010.","https://xatu.pacra.org.zm:8344/api/v1/Search/registrysearch?Searchtext=KOMATSU&SortyBy=entity%20name&Direction=ASC"
"KP Mining Machinery Ltd","equipment_dealer","Mining machinery supplier; PACRA ISIC 'Support activities for other mining and quarrying'",,,,,,"PACRA registration 2022","120220040591","Active","Support activities for other mining and quarrying",,,"medium","registry record and/or indirect evidence only",,,,,"https://xatu.pacra.org.zm:8344/api/v1/Search/registrysearch?Searchtext=MINE%20SUPPORT&SortyBy=entity%20name&Direction=ASC"
"Liebherr Zambia Limited","equipment_dealer","Liebherr's Zambian company; PACRA nature of business 'Repair of machinery', consistent with a mining-equipment sales and service operation",,,,"Foreign-owned subsidiary (Liebherr group, Switzerland/Germany)","Liebherr-International AG",,"120140123060","Active","Repair of machinery",,,"medium","registry record and/or indirect evidence only",,,,"PACRA registration 05/06/2014.","https://xatu.pacra.org.zm:8344/api/v1/Search/registrysearch?Searchtext=LIEBHERR&SortyBy=entity%20name&Direction=ASC"
"Limpopo Earthmoving Construction Equipment Limited","equipment_dealer","Earthmoving and construction equipment supplier; PACRA ISIC 'Support activities for other mining and quarrying'",,,,,,"Incorporated 2024","120241013534","Active","Support activities for other mining and quarrying",,,"medium","registry record and/or indirect evidence only",,,,,"https://xatu.pacra.org.zm:8344/api/v1/Search/registrysearch?Searchtext=EARTHMOVING&SortyBy=entity%20name&Direction=ASC"
"Meljan Mining Equipment Limited","equipment_dealer","Mining equipment supplier based in Kitwe; NCC-registered in civil and building categories","Kitwe","Kitwe","Copperbelt","Zambian, female-owned (NCC ownership classification: Female)",,"NCC grades 6C, 5B, 4B",,,,"6C; 5B; 4B",,"high","non-registry source evidences operations","-12.8024","28.2132","town centroid, not a company address",,"https://www.ncc.org.zm/wp-content/uploads/2026/07/2026-List-of-Contractors-as-at-30th-June-2026.pdf"
"Metso (Zambia) Limited","equipment_dealer","Metso's Zambian company supplying crushing, grinding and mineral-processing equipment, mill liners and wear parts",,,,"Foreign-owned subsidiary (Finnish parent)","Metso Corporation (Finland)","PACRA registration 23/08/1999","119990043233","Active","Non-specialized wholesale trade",,,"high","non-registry source evidences operations",,,,,"https://xatu.pacra.org.zm:8344/api/v1/Search/registrysearch?Searchtext=METSO&SortyBy=entity%20name&Direction=ASC"
"Multotec Zambia Limited","equipment_dealer","Supplies mineral-processing equipment and wear consumables - screening media, cyclones, samplers, magnetic separation and mill liners",,,,"Foreign-owned subsidiary (South African parent)","Multotec Group (South Africa)","PACRA registration 02/04/2001","120010046943","Active","Non-specialized wholesale trade",,,"high","non-registry source evidences operations",,,,,"https://xatu.pacra.org.zm:8344/api/v1/Search/registrysearch?Searchtext=MULTOTEC&SortyBy=entity%20name&Direction=ASC"
"Sandvik Mining and Construction Zambia Limited","equipment_dealer","Sandvik's Zambian sales and service company for underground and surface mining equipment, rock tools and crushing/screening plant","Kitwe","Kitwe","Copperbelt","Foreign-owned subsidiary (Swedish parent)","Sandvik AB (Sweden)","PACRA registration 1993","119930030550","Active","Freight transport by road",,,"high","non-registry source evidences operations","-12.8024","28.2132","town centroid, not a company address","Three older Sandvik entities on PACRA are Inactive: SANDVIK ZAMBIA LIMITED (119220000285, 1922), SANDVIK (ZAMBIA) LIMITED (119640002857, 1964) and SANDVIK TAMROCK ZAMBIA LIMITED (119930030551, 1993).","https://xatu.pacra.org.zm:8344/api/v1/Search/registrysearch?Searchtext=SANDVIK&SortyBy=entity%20name&Direction=ASC | https://duckduckgo.com/?q=%22Sandvik+Mining+and+Construction+Zambia%22+Kitwe+contact+address"
"Sino-Africa Yingtuo Geological Equipment Limited","equipment_dealer","Supplier of geological and drilling equipment; PACRA ISIC 'Wholesale of other machinery and equipment'",,,,"Chinese-linked",,"Incorporated 2026","120261045144","Active","Wholesale of other machinery and equipment",,,"medium","registry record and/or indirect evidence only",,,,,"https://xatu.pacra.org.zm:8344/api/v1/Search/registrysearch?Searchtext=GEOLOG&SortyBy=entity%20name&Direction=ASC"
"Tata Zambia Limited","equipment_dealer","Long-established Tata group company in Zambia; supplies commercial vehicles including tippers and haulage trucks used by mining and civils contractors",,,,"Foreign-owned subsidiary (Indian parent)","Tata Group (India)","PACRA registration 06/10/1977","119770009055","Active","Other manufacturing n.e.c.",,,"medium","registry record and/or indirect evidence only",,,,,"https://xatu.pacra.org.zm:8344/api/v1/Search/registrysearch?Searchtext=TATA%20ZAMBIA&SortyBy=entity%20name&Direction=ASC"
"Weir Minerals Central Africa Limited","equipment_dealer","Weir Minerals' regional company supplying slurry pumps, hydrocyclones, valves, screens and wear-resistant linings to concentrators",,,,"Foreign-owned subsidiary (UK parent)","The Weir Group PLC (UK)","PACRA registration 28/05/2001","120010047337","Active","Retail sale of electrical household appliances, furniture, lighting equipment and other household articles in specialized stores",,,"high","non-registry source evidences operations",,,,"Several older Weir entities are Inactive on PACRA: WEIR MINERALZAMBIA LIMITED (120010048108), WEIR-ENVIROTECH LIMITED (119970039143), WEIR MINERALS AFRICA (320100163731).","https://xatu.pacra.org.zm:8344/api/v1/Search/registrysearch?Searchtext=WEIR&SortyBy=entity%20name&Direction=ASC"
"XCMG Equipment Zambia Limited","equipment_dealer","Zambian distribution entity for XCMG Chinese construction and mining machinery. PACRA nature of business 'Wholesale of other machinery and equipment'",,,,"Chinese-linked","XCMG Group (China)","Recently incorporated (29/03/2025)","120251023032","Active","Wholesale of other machinery and equipment",,,"medium","registry record and/or indirect evidence only",,,,,"https://xatu.pacra.org.zm:8344/api/v1/Search/registrysearch?Searchtext=XCMG&SortyBy=entity%20name&Direction=ASC"
"Zambian Earthmoving and Mining Equipments Limited","equipment_dealer","Earthmoving and mining equipment supplier; PACRA ISIC 'Support activities for other mining and quarrying'",,,,,,"PACRA registration 2021","120210013234","Active","Support activities for other mining and quarrying",,,"medium","registry record and/or indirect evidence only",,,,,"https://xatu.pacra.org.zm:8344/api/v1/Search/registrysearch?Searchtext=EARTHMOVING&SortyBy=entity%20name&Direction=ASC"
"Zamlin Mining Equipment Limited","equipment_dealer","Mining equipment manufacturer/supplier; PACRA ISIC 'Manufacture of other general-purpose machinery' - one of few in this set classified as a machinery manufacturer rather than a trader",,,,,,"Incorporated 2024","120241017826","Active","Manufacture of other general-purpose machinery",,,"medium","registry record and/or indirect evidence only",,,,,"https://xatu.pacra.org.zm:8344/api/v1/Search/registrysearch?Searchtext=MINE%20VENTILATION&SortyBy=entity%20name&Direction=ASC"
"AECI Mining Explosives PLC","explosives","Manufactures and supplies commercial explosives, initiating systems and blasting services (AEL Intelligent Blasting) to underground and surface mines in Zambia; PACRA nature of business 'Other manufacturing n.e.c.'","Kitwe","Kitwe","Copperbelt","Foreign-owned subsidiary (South African parent)","AECI Ltd (South Africa)","Long-established; PACRA registration dates to 1963","119630002736","Active","Other manufacturing n.e.c.",,,"high","non-registry source evidences operations","-12.8024","28.2132","town centroid, not a company address","Formerly AEL Mining Services / African Explosives Zambia. Listed in the Zambian Mining Online mining directory as a Zambian-address supplier.","https://xatu.pacra.org.zm:8344/api/v1/Search/registrysearch?Searchtext=EXPLOSIVES&SortyBy=entity%20name&Direction=ASC | https://zambianmining.com/mining-directory/"
"Amadwala Drilling and Blasting Limited","explosives","Drilling and blasting contractor; PACRA ISIC 'Other mining and quarrying n.e.c.'",,,,,,"Incorporated 2024","120241015749","Active","Other mining and quarrying n.e.c.",,,"medium","registry record and/or indirect evidence only",,,,,"https://xatu.pacra.org.zm:8344/api/v1/Search/registrysearch?Searchtext=BLASTING&SortyBy=entity%20name&Direction=ASC"
"Balaji Explosives Limited","explosives","Explosives company; PACRA nature of business 'Other manufacturing n.e.c.'",,,,,,"PACRA registration 2021","120210021730","Active","Other manufacturing n.e.c.",,,"medium","registry record and/or indirect evidence only",,,,,"https://xatu.pacra.org.zm:8344/api/v1/Search/registrysearch?Searchtext=EXPLOSIVES&SortyBy=entity%20name&Direction=ASC"
"Blastmat Explosives Limited","explosives","Explosives manufacturer/supplier; PACRA nature of business 'Manufacture of other chemical products n.e.c.'",,,,,,"PACRA registration 2017","120170003777","Active","Manufacture of other chemical products n.e.c.",,,"medium","registry record and/or indirect evidence only",,,,,"https://xatu.pacra.org.zm:8344/api/v1/Search/registrysearch?Searchtext=EXPLOSIVES&SortyBy=entity%20name&Direction=ASC"
"Bulk Mining Explosives Zambia Limited","explosives","Bulk emulsion explosives manufacture and blasting services to Zambian open-pit and underground mines; trades as BME. PACRA nature of business 'Other manufacturing n.e.c.'",,,,"Foreign-owned subsidiary (South African parent)","Omnia Holdings Ltd (South Africa), Mining division",,"120020049582","Active","Other manufacturing n.e.c.",,,"high","non-registry source evidences operations",,,,"A separate PACRA business name 'BULK MINING EXPLOSIVES' (320000093780, Active, ISIC 'Support activities for other mining and quarrying') is also on the register.","https://xatu.pacra.org.zm:8344/api/v1/Search/registrysearch?Searchtext=EXPLOSIVES&SortyBy=entity%20name&Direction=ASC"
"Dynamic Explosives and Mining Contractors Limited","explosives","Explosives supply and mining contracting; PACRA ISIC 'Support activities for other mining and quarrying'",,,,,,"PACRA registration 2023","120230058437","Active","Support activities for other mining and quarrying",,,"medium","registry record and/or indirect evidence only",,,,,"https://xatu.pacra.org.zm:8344/api/v1/Search/registrysearch?Searchtext=EXPLOSIVES&SortyBy=entity%20name&Direction=ASC"
"Kirin Blasting Technology Company Limited","explosives","Blasting technology and services contractor; PACRA ISIC 'Support activities for other mining and quarrying'",,,,"Chinese-associated name",,"PACRA registration 2018","120180010580","Active","Support activities for other mining and quarrying",,,"medium","registry record and/or indirect evidence only",,,,,"https://xatu.pacra.org.zm:8344/api/v1/Search/registrysearch?Searchtext=BLASTING&SortyBy=entity%20name&Direction=ASC"
"KW Blasting Zambia Limited","explosives","Blasting contractor; PACRA ISIC 'Support activities for other mining and quarrying'",,,,,,"PACRA registration 2023","120230058829","Active","Support activities for other mining and quarrying",,,"medium","registry record and/or indirect evidence only",,,,,"https://xatu.pacra.org.zm:8344/api/v1/Search/registrysearch?Searchtext=BLASTING&SortyBy=entity%20name&Direction=ASC"
"M.S. Drilling and Blasting Company Limited","explosives","Drilling and blasting contractor; PACRA ISIC 'Other specialized construction activities'",,,,,,"Incorporated 2024","120241017659","Active","Other specialized construction activities",,,"medium","registry record and/or indirect evidence only",,,,,"https://xatu.pacra.org.zm:8344/api/v1/Search/registrysearch?Searchtext=BLASTING&SortyBy=entity%20name&Direction=ASC"
"Maxamcorp Zambia Limited","explosives","Zambian entity of MAXAM, the Spanish explosives and blasting-services group. PACRA nature of business 'Manufacture of other chemical products n.e.c.'",,,,"Foreign-owned subsidiary (Spanish parent)","MAXAM Corp Holding S.L. (Spain)",,"120180000370","Active","Manufacture of other chemical products n.e.c.",,,"medium","registry record and/or indirect evidence only",,,,"PACRA registration 15/01/2018.","https://xatu.pacra.org.zm:8344/api/v1/Search/registrysearch?Searchtext=MAXAM&SortyBy=entity%20name&Direction=ASC"
"Ming Tai Blasting and Construction Limited","explosives","Blasting and construction contractor; PACRA ISIC 'Support activities for other mining and quarrying'",,,,"Chinese-associated name",,"PACRA registration 2018","120180009697","Active","Support activities for other mining and quarrying",,,"medium","registry record and/or indirect evidence only",,,,,"https://xatu.pacra.org.zm:8344/api/v1/Search/registrysearch?Searchtext=BLASTING&SortyBy=entity%20name&Direction=ASC"
"Nash Explosives Limited","explosives","Explosives company; PACRA nature of business 'Other manufacturing n.e.c.'",,,,,,"PACRA registration 2006","120060063488","Active","Other manufacturing n.e.c.",,,"medium","registry record and/or indirect evidence only",,,,,"https://xatu.pacra.org.zm:8344/api/v1/Search/registrysearch?Searchtext=EXPLOSIVES&SortyBy=entity%20name&Direction=ASC"
"Orica Zambia Limited","explosives","Zambian arm of Orica, global supplier of commercial explosives, blasting systems and mining chemicals. PACRA nature of business 'Manufacture of other chemical products n.e.c.'",,,,"Foreign-owned subsidiary (Australian parent)","Orica Limited (Australia)",,"119900022027","Active","Manufacture of other chemical products n.e.c.",,,"medium","registry record and/or indirect evidence only",,,,"PACRA registration date 07/11/1990.","https://xatu.pacra.org.zm:8344/api/v1/Search/registrysearch?Searchtext=ORICA&SortyBy=entity%20name&Direction=ASC"
"Tropix Explosives Zambia Limited","explosives","Explosives supplier; PACRA nature of business 'Non-specialized wholesale trade'",,,,,,"PACRA registration 2022","120220035315","Active","Non-specialized wholesale trade",,,"medium","registry record and/or indirect evidence only",,,,,"https://xatu.pacra.org.zm:8344/api/v1/Search/registrysearch?Searchtext=EXPLOSIVES&SortyBy=entity%20name&Direction=ASC"
"AFRO MINERAL RESOURCE MINING AND EXPORT COMPANY LIMITED","export_intermediary","Mineral resource mining and export company",,,,,,,"120251027278","Active","Other mining and quarrying n.e.c",,,"medium","registry record and/or indirect evidence only",,,,"PACRA registry record only; no town/address published in the registry API. Registered 17/06/2025. Entity type: Local Company - Limited by Shares. Not individually researched beyond the registry in this pass: name, segment and ISIC line are the full extent of the evidence, and no non-registry source has been checked. Do not treat the segment as confirmed trading or processing activity.","https://xatu.pacra.org.zm:8344/api/v1/Search/registrysearch?Searchtext=MINERAL%20EXPORT&SortyBy=entity%20name&Direction=ASC"
"ALFREGEM MINERAL IMPORT AND EXPORT LIMITED","export_intermediary","Mineral import and export company, gemstone-suggestive name",,,,,,,"120241009415","Active","Other mining and quarrying n.e.c",,,"medium","registry record and/or indirect evidence only",,,,"PACRA registry record only; no town/address published in the registry API. Registered 06/07/2024. Entity type: Local Company - Limited by Shares. Not individually researched beyond the registry in this pass: name, segment and ISIC line are the full extent of the evidence, and no non-registry source has been checked. Do not treat the segment as confirmed trading or processing activity.","https://xatu.pacra.org.zm:8344/api/v1/Search/registrysearch?Searchtext=MINERAL%20EXPORT&SortyBy=entity%20name&Direction=ASC"
"EXPORTEDGE COMMODITIES LIMITED","export_intermediary","Commodities export company, non-specialized wholesale trade",,,,,,,"120241009990","Active","Non-specialized wholesale trade",,,"medium","registry record and/or indirect evidence only",,,,"PACRA registry record only; no town/address published in the registry API. Registered 15/07/2024. Entity type: Local Company - Limited by Shares. Not individually researched beyond the registry in this pass: name, segment and ISIC line are the full extent of the evidence, and no non-registry source has been checked. Do not treat the segment as confirmed trading or processing activity.","https://xatu.pacra.org.zm:8344/api/v1/Search/registrysearch?Searchtext=COMMODITIES&SortyBy=entity%20name&Direction=ASC"
"GRANEX MINERAL EXPORTS LIMITED","export_intermediary","Mineral exporter classified as wholesale of metals and metal ores",,,,,,,"120251025237","Active","Wholesale of metals and metal ores",,,"medium","registry record and/or indirect evidence only",,,,"PACRA registry record only; no town/address published in the registry API. Registered 09/05/2025. Entity type: Local Company - Limited by Shares. Not individually researched beyond the registry in this pass: name, segment and ISIC line are the full extent of the evidence, and no non-registry source has been checked. Do not treat the segment as confirmed trading or processing activity.","https://xatu.pacra.org.zm:8344/api/v1/Search/registrysearch?Searchtext=MINERAL%20EXPORT&SortyBy=entity%20name&Direction=ASC"
"JAFADE MINING AND MINERAL EXPORTS LIMITED","export_intermediary","Mining and mineral export company",,,,,,,"120251021759","Active","Other mining and quarrying n.e.c",,,"medium","registry record and/or indirect evidence only",,,,"PACRA registry record only; no town/address published in the registry API. Registered 06/03/2025. Entity type: Local Company - Limited by Shares. Not individually researched beyond the registry in this pass: name, segment and ISIC line are the full extent of the evidence, and no non-registry source has been checked. Do not treat the segment as confirmed trading or processing activity.","https://xatu.pacra.org.zm:8344/api/v1/Search/registrysearch?Searchtext=MINERAL%20EXPORT&SortyBy=entity%20name&Direction=ASC"
"JOY MINERALS IMPORT AND EXPORT COMPANY LIMITED","export_intermediary","Minerals import and export company",,,,,,,"120251024941","Active","Non-specialized wholesale trade",,,"medium","registry record and/or indirect evidence only",,,,"PACRA registry record only; no town/address published in the registry API. Registered 05/05/2025. Entity type: Local Company - Limited by Shares. Not individually researched beyond the registry in this pass: name, segment and ISIC line are the full extent of the evidence, and no non-registry source has been checked. Do not treat the segment as confirmed trading or processing activity.","https://xatu.pacra.org.zm:8344/api/v1/Search/registrysearch?Searchtext=MINERAL%20EXPORT&SortyBy=entity%20name&Direction=ASC"
"KELPA MINERALS EXPORTING LIMITED","export_intermediary","Minerals exporting company",,,,,,,"120241001851","Active","Support activities for other mining and quarrying",,,"medium","registry record and/or indirect evidence only",,,,"PACRA registry record only; no town/address published in the registry API. Registered 07/02/2024. Entity type: Local Company - Limited by Shares. Not individually researched beyond the registry in this pass: name, segment and ISIC line are the full extent of the evidence, and no non-registry source has been checked. Do not treat the segment as confirmed trading or processing activity.","https://xatu.pacra.org.zm:8344/api/v1/Search/registrysearch?Searchtext=MINERAL%20EXPORT&SortyBy=entity%20name&Direction=ASC"
"NPM METALS AND MINERALS EXPORTS CORPORATION LIMITED","export_intermediary","Metals and minerals export corporation",,,,,,,"120150135441","Active","Support activities for other mining and quarrying",,,"medium","registry record and/or indirect evidence only",,,,"PACRA registry record only; no town/address published in the registry API. Registered 07/09/2015. Entity type: Local Company - Limited by Shares. Not individually researched beyond the registry in this pass: name, segment and ISIC line are the full extent of the evidence, and no non-registry source has been checked. Do not treat the segment as confirmed trading or processing activity.","https://xatu.pacra.org.zm:8344/api/v1/Search/registrysearch?Searchtext=MINERAL%20EXPORT&SortyBy=entity%20name&Direction=ASC"
"SHAFI MINERAL EXPORTERS LIMITED","export_intermediary","Mineral export company",,,,,,,"120241014904","Active","Other mining and quarrying n.e.c",,,"medium","registry record and/or indirect evidence only",,,,"PACRA registry record only; no town/address published in the registry API. Registered 29/10/2024. Entity type: Local Company - Limited by Shares. Not individually researched beyond the registry in this pass: name, segment and ISIC line are the full extent of the evidence, and no non-registry source has been checked. Do not treat the segment as confirmed trading or processing activity.","https://xatu.pacra.org.zm:8344/api/v1/Search/registrysearch?Searchtext=MINERAL%20EXPORT&SortyBy=entity%20name&Direction=ASC"
"TIMINGS MINERALS IMPORT AND EXPORT LIMITED","export_intermediary","Minerals import and export company",,,,,,,"120180007137","Active","Other mining and quarrying n.e.c",,,"medium","registry record and/or indirect evidence only",,,,"PACRA registry record only; no town/address published in the registry API. Registered 27/08/2018. Entity type: Local Company - Limited by Shares. Not individually researched beyond the registry in this pass: name, segment and ISIC line are the full extent of the evidence, and no non-registry source has been checked. Do not treat the segment as confirmed trading or processing activity.","https://xatu.pacra.org.zm:8344/api/v1/Search/registrysearch?Searchtext=MINERAL%20EXPORT&SortyBy=entity%20name&Direction=ASC"
"TWIZA MINERAL IMPORT AND EXPORT TRADING LIMITED","export_intermediary","Mineral import, export and trading company",,,,,,,"120241015156","Active","Support activities for other mining and quarrying",,,"medium","registry record and/or indirect evidence only",,,,"PACRA registry record only; no town/address published in the registry API. Registered 01/11/2024. Entity type: Local Company - Limited by Shares. Not individually researched beyond the registry in this pass: name, segment and ISIC line are the full extent of the evidence, and no non-registry source has been checked. Do not treat the segment as confirmed trading or processing activity.","https://xatu.pacra.org.zm:8344/api/v1/Search/registrysearch?Searchtext=MINERAL%20EXPORT&SortyBy=entity%20name&Direction=ASC"
"ZENDA MINERS AND EXPORTERS LIMITED","export_intermediary","Mining and mineral export company",,,,,,,"120230046837","Active","Other mining and quarrying n.e.c",,,"medium","registry record and/or indirect evidence only",,,,"PACRA registry record only; no town/address published in the registry API. Registered 27/02/2023. Entity type: Local Company - Limited by Shares. Not individually researched beyond the registry in this pass: name, segment and ISIC line are the full extent of the evidence, and no non-registry source has been checked. Do not treat the segment as confirmed trading or processing activity.","https://xatu.pacra.org.zm:8344/api/v1/Search/registrysearch?Searchtext=MINERAL%20EXPORT&SortyBy=entity%20name&Direction=ASC"
"Addit Clearing and Forwarding Limited","freight_clearing","Customs clearing and forwarding agent holding a ZRA FULL LICENCE","Lusaka","Lusaka","Lusaka",,,"ZRA FULL LICENCE holder",,,,,,"medium","registry record and/or indirect evidence only","-15.4167","28.2833","town centroid, not a company address","ZRA licensed clearing agents schedule TPIN 1001642056. Address taken from the adjacent column in the ZRA PDF, whose row alignment is imperfect - treat as indicative.","https://www.zra.org.zm/clearing-agents/"
"Africa Global Logistics (Zambia)","freight_clearing","Freight forwarding, customs clearing and multimodal logistics; AGL is the pan-African logistics group formerly trading as Bollore Africa Logistics and is a principal handler of Zambian mineral export cargo","Lusaka","Lusaka","Lusaka","Foreign-owned (AGL group, now MSC-owned)","Africa Global Logistics (AGL)","Holds a ZRA FULL LICENCE as a customs clearing agent",,,,,,"medium","registry record and/or indirect evidence only","-15.4167","28.2833","town centroid, not a company address","ZRA licensed clearing agents schedule TPIN 1001643616. Lusaka PO box and the aglgroup.com corporate email domain both appear in the ZRA schedule; the PDF's column alignment is imperfect so the address is recorded as indicative. No exact-match PACRA record was found under this trading name.","https://www.zra.org.zm/clearing-agents/"
"C. Steinweg Bridge Zambia Limited","freight_clearing","Metals warehousing, forwarding and customs clearing; C. Steinweg is a global base-metals logistics and warehousing group, and the Zambian company handles copper and cobalt cargo",,,,"Foreign-owned (Dutch parent)","C. Steinweg Group (Netherlands)","PACRA registration 16/11/2000; holds a ZRA FULL LICENCE as a customs clearing agent","120000045940","Active","Freight transport by road",,,"high","non-registry source evidences operations",,,,"ZRA licensed clearing agents schedule TPIN 1001668194. A second entity, C. STEINWEG LOGISTICS ZAMBIA LIMITED (120261041832), was registered in February 2026 with ISIC 'Other transportation support activities'.","https://xatu.pacra.org.zm:8344/api/v1/Search/registrysearch?Searchtext=STEINWEG&SortyBy=entity%20name&Direction=ASC | https://www.zra.org.zm/clearing-agents/"
"Cargo Management and Logistics (Z) Limited","freight_clearing","Freight forwarding and customs clearing based in Ndola, the Copperbelt's main freight and inland-port town","Ndola","Ndola","Copperbelt",,,"Holds a ZRA FULL LICENCE as a customs clearing agent",,,,,,"high","non-registry source evidences operations","-12.9587","28.6366","town centroid, not a company address","ZRA licensed clearing agents schedule TPIN 1001664756. Email recorded is a generic company mailbox, not a personal address.","https://www.zra.org.zm/clearing-agents/"
"DSV Air and Sea Limited","freight_clearing","Zambian company of DSV, the global freight forwarding group; air, sea and road forwarding plus customs clearing, including project cargo for mining",,,,"Foreign-owned (Danish parent)","DSV A/S (Denmark)","PACRA registration 22/01/1986; holds a ZRA FULL LICENCE","119860014510","Active","Freight transport by road",,,"high","non-registry source evidences operations",,,,"ZRA licensed clearing agents schedule TPIN 1001750361. A related foreign registration, DSV ROAD HOLDING A/S, also appears on PACRA.","https://xatu.pacra.org.zm:8344/api/v1/Search/registrysearch?Searchtext=DSV&SortyBy=entity%20name&Direction=ASC | https://www.zra.org.zm/clearing-agents/"
"Esse Clearing Limited","freight_clearing","Customs clearing and forwarding agent holding a ZRA FULL LICENCE",,,,,,"ZRA FULL LICENCE holder",,,,,,"medium","registry record and/or indirect evidence only",,,,"ZRA licensed clearing agents schedule TPIN 1001686517.","https://www.zra.org.zm/clearing-agents/"
"Global Logistics Limited","freight_clearing","Freight forwarding and customs clearing company; long-standing PACRA registration and a ZRA FULL LICENCE",,,,,,"PACRA registration 1998; holds a ZRA FULL LICENCE","119980041267","Active",,,,"medium","registry record and/or indirect evidence only",,,,"ZRA licensed clearing agents schedule TPIN 1001695475.","https://xatu.pacra.org.zm:8344/api/v1/Search/registrysearch?Searchtext=LOGISTICS&SortyBy=entity%20name&Direction=ASC | https://www.zra.org.zm/clearing-agents/"
"Grindrod Logistics (Zambia)","freight_clearing","Zambian operation of Grindrod, the southern African port, rail and bulk-commodity logistics group whose Zambian business centres on mineral export freight","Lusaka","Lusaka","Lusaka","Foreign-owned (South African parent)","Grindrod Limited (South Africa)",,,,,,,"medium","registry record and/or indirect evidence only","-15.4167","28.2833","town centroid, not a company address","Presence evidenced by a grindrod.com corporate email domain and a Lusaka PO box appearing in the ZRA licensed clearing agents schedule. The PDF's column alignment prevented matching the row to an exact registered company name, so the entity name here is the trading identity rather than a confirmed registered name. No PACRA match was found under 'GRINDROD'.","https://www.zra.org.zm/clearing-agents/"
"Hill and Delamain Zambia Limited","freight_clearing","Long-established Zambian freight forwarding and customs clearing house; PACRA ISIC 'Freight transport by road'",,,,"Foreign-linked regional forwarding group","Hill & Delamain","PACRA registration 11/04/1968 - among the oldest active forwarders on the register; holds a ZRA FULL LICENCE","119680004861","Active","Freight transport by road",,,"high","non-registry source evidences operations",,,,"ZRA licensed clearing agents schedule TPIN 1001630844.","https://xatu.pacra.org.zm:8344/api/v1/Search/registrysearch?Searchtext=HILL%20AND%20DELAMAIN&SortyBy=entity%20name&Direction=ASC | https://www.zra.org.zm/clearing-agents/"
"Impala Terminals Zambia Limited","freight_clearing","Metals and minerals logistics: terminal handling, warehousing and freight forwarding for copper and cobalt cargo; Impala Terminals is the logistics arm associated with the Trafigura commodity trading group",,,,"Foreign-owned (Impala Terminals / Trafigura group)","Impala Terminals Group","PACRA registration 25/01/2008; holds a ZRA FULL LICENCE as a customs clearing agent (the highest of the three licence tiers)","120080070728","Active","Freight transport by road",,,"high","non-registry source evidences operations",,,,"ZRA licensed clearing agents schedule TPIN 1001902047. Squarely a mineral-cargo logistics business rather than a general forwarder.","https://xatu.pacra.org.zm:8344/api/v1/Search/registrysearch?Searchtext=IMPALA%20TERMINALS&SortyBy=entity%20name&Direction=ASC | https://www.zra.org.zm/clearing-agents/"
"Kapchi Capital Mining Import and Export Clearing","freight_clearing","Customs clearing agent whose registered name declares a mining import/export focus; ZRA licence type 'Final clearance only'",,,,,,"ZRA 'Final clearance only' licence",,,,,,"medium","registry record and/or indirect evidence only",,,,"ZRA licensed clearing agents schedule TPIN 1002081245. One of very few agents on the schedule whose name explicitly names mining cargo.","https://www.zra.org.zm/clearing-agents/"
"Manica Zambia Limited","freight_clearing","Long-established freight forwarding, customs clearing and project-cargo company; Manica is one of the traditional clearing agents on the Zambian mineral export and mine import routes",,,,"Foreign-linked regional freight group","Manica Africa","PACRA registration 19/08/1963 (entity number 2609, one of the oldest numbers on the register)","2609","Active",,,,"high","non-registry source evidences operations",,,,,"https://xatu.pacra.org.zm:8344/api/v1/Search/registrysearch?Searchtext=MANICA&SortyBy=entity%20name&Direction=ASC"
"Nectar Freight Limited","freight_clearing","Freight forwarding and customs clearing; the Nectar group is a bulk-commodity handling and stevedoring specialist. PACRA ISIC 'Freight transport by road'",,,,"Foreign-linked bulk-handling group","Nectar Group","PACRA registration 10/09/2004; holds a ZRA FULL LICENCE","120040056405","Active","Freight transport by road",,,"medium","registry record and/or indirect evidence only",,,,"ZRA licensed clearing agents schedule TPIN 1001768294. Parent attribution is from brand identity, not the register.","https://xatu.pacra.org.zm:8344/api/v1/Search/registrysearch?Searchtext=NECTAR%20FREIGHT&SortyBy=entity%20name&Direction=ASC | https://www.zra.org.zm/clearing-agents/"
"Principal Freight Limited","freight_clearing","Freight forwarding and customs clearing; PACRA nature of business 'Non-specialized wholesale trade'",,,,,,"PACRA registration 27/08/2020; holds a ZRA FULL LICENCE","120200006948","Active","Non-specialized wholesale trade",,,"medium","registry record and/or indirect evidence only",,,,"ZRA licensed clearing agents schedule TPIN 2964662053. A related PRINCIPAL LOGISTICS LIMITED (120200006533) is also Active on PACRA.","https://xatu.pacra.org.zm:8344/api/v1/Search/registrysearch?Searchtext=PRINCIPAL%20FREIGHT&SortyBy=entity%20name&Direction=ASC | https://www.zra.org.zm/clearing-agents/"
"Sun-Line International Logistics Company (Z) Limited","freight_clearing","Freight forwarding and customs clearing operating from the Chambishi economic zone, the Copperbelt hub for Chinese-owned smelting and processing plant","Chambishi","Kalulushi","Copperbelt","Chinese-associated name",,"Holds a ZRA FULL LICENCE as a customs clearing agent",,,,,,"high","non-registry source evidences operations","-12.65","28.05","town centroid, not a company address","ZRA licensed clearing agents schedule TPIN 2161404394. Siting inside the Chambishi zone is the mineral-cargo signal.","https://www.zra.org.zm/clearing-agents/"
"EMERALD FIELD LIMITED","gemstone_dealer","Emerald company, non-ferrous metal ores class",,,,,,,"120200002011","Active","Mining of other non-ferrous metal ores",,,"medium","registry record and/or indirect evidence only",,,,"PACRA registry record only; no town/address published in the registry API. Registered 10/03/2020. Entity type: Local Company - Limited by Shares. Not individually researched beyond the registry in this pass: name, segment and ISIC line are the full extent of the evidence, and no non-registry source has been checked. Do not treat the segment as confirmed trading or processing activity.","https://xatu.pacra.org.zm:8344/api/v1/Search/registrysearch?Searchtext=EMERALD&SortyBy=entity%20name&Direction=ASC"
"EMERALD INTERNATIONAL LIMITED","gemstone_dealer","Emerald trading company, non-specialized wholesale trade",,,,,,,"120180006363","Active","Non-specialized wholesale trade",,,"medium","registry record and/or indirect evidence only",,,,"PACRA registry record only; no town/address published in the registry API. Registered 01/08/2018. Entity type: Local Company - Limited by Shares. Not individually researched beyond the registry in this pass: name, segment and ISIC line are the full extent of the evidence, and no non-registry source has been checked. Do not treat the segment as confirmed trading or processing activity.","https://xatu.pacra.org.zm:8344/api/v1/Search/registrysearch?Searchtext=EMERALD&SortyBy=entity%20name&Direction=ASC"
"EMERALDIA INVESTMENTS LIMITED","gemstone_dealer","Emerald investment and wholesale trading company",,,,,,,"120220029430","Active","Non-specialized wholesale trade",,,"medium","registry record and/or indirect evidence only",,,,"PACRA registry record only; no town/address published in the registry API. Registered 07/03/2022. Entity type: Local Company - Limited by Shares. Not individually researched beyond the registry in this pass: name, segment and ISIC line are the full extent of the evidence, and no non-registry source has been checked. Do not treat the segment as confirmed trading or processing activity.","https://xatu.pacra.org.zm:8344/api/v1/Search/registrysearch?Searchtext=EMERALD&SortyBy=entity%20name&Direction=ASC"
"GEMCANTON INVESTMENTS HOLDINGS LIMITED","gemstone_dealer","Emerald and beryl producer and marketer, the renamed successor to Grizzly Mining Ltd, selling Zambian emerald from its Lufwanyama operation","Kitwe","Kitwe","Copperbelt","Privately held; founded and owned by Senegalese businessman Abdoulaye Ndiaye, with Israeli diamond magnate Lev Leviev reported to have acquired 50%",,"Successor to Grizzly Mining Ltd, historically Zambia's largest emerald producer after Kagem; produces emerald and beryl","120150134698","Active","Support activities for other mining and quarrying",,"Langson Mukuma, Mines Manager","high","non-registry source evidences operations","-12.8024","28.2132","town centroid, not a company address","Corporate base is Kitwe; the mine itself is in Lufwanyama district, Copperbelt. Renamed from Grizzly Mining Ltd following the Leviev transaction. Company management has publicly pressed government to tighten emerald-sector law to curb black-market dealers, which places it squarely in the marketing/trading side of the gemstone chain as well as production. The dispute over the company also exposed divisions inside the Emerald and Semi-Precious Stones Association of Zambia (ESMAZ). The related entity GEMCANTON MINING SERVICES LIMITED is the services arm. Subject of a University of Zambia case study on gemstone-sector challenges.","https://xatu.pacra.org.zm:8344/api/v1/Search/registrysearch?Searchtext=GEMCANTON&SortyBy=entity%20name&Direction=ASC | https://en.wikipedia.org/wiki/Abdoulaye_Ndiaye_(businessman) | https://tiozambia.com/gemcanton-needs-regulations-to-curb-emerald-black-market/ | https://www.idexonline.com/FullArticle?Id=43137 | https://dspace.unza.zm/handle/123456789/6853"
"GEMCANTON MINING SERVICES LIMITED","gemstone_dealer","Mining services arm of the Gemcanton emerald group at Lufwanyama","Kitwe","Kitwe","Copperbelt","Privately held; part of the Gemcanton group founded by Abdoulaye Ndiaye","Gemcanton Investments Holdings Limited",,"120150134526","Active","Support activities for other mining and quarrying",,,"medium","registry record and/or indirect evidence only","-12.8024","28.2132","town centroid, not a company address","Registered alongside GEMCANTON INVESTMENTS HOLDINGS LIMITED in the PACRA register (both 2015 registrations). Sources describe the Gemcanton group's base as Kitwe and its emerald mine as being in Lufwanyama district; no source found that separates the services company's own site, staffing or turnover from the holding company, so scale is left blank.","https://xatu.pacra.org.zm:8344/api/v1/Search/registrysearch?Searchtext=GEMCANTON&SortyBy=entity%20name&Direction=ASC | https://en.wikipedia.org/wiki/Abdoulaye_Ndiaye_(businessman) | https://tiozambia.com/gemcanton-needs-regulations-to-curb-emerald-black-market/"
"KARIBA MINERALS LIMITED","gemstone_dealer","State-linked amethyst producer and marketer; mines and grades amethyst at Mapatizya and sells to gemstone and jewellery manufacturers","Mapatizya","Kalomo","Southern","State-linked; subsidiary of ZCCM Investments Holdings Plc","ZCCM Investments Holdings Plc (ZCCM-IH)","Operating for over 60 years; described by ZCCM-IH as one of the oldest semi-precious gemstone mines in Zambia and a supplier of medium and commercial grade amethyst to major gemstone manufacturers","119840013422","Active","Support activities for other mining and quarrying",,,"high","non-registry source evidences operations","-16.8667","26.0833","town centroid, not a company address","Amethyst deposit is at Mapatizya in Kalomo district, Southern Province, described by the company as one of the richest amethyst deposits in the world. Commercial/head office is in Lusaka; a Lusaka address of Plot 11901 Kakota Road appears in third-party business directories but is not confirmed on a company or ZCCM-IH page. Sells direct to buyers as well as through auctions.","https://xatu.pacra.org.zm:8344/api/v1/Search/registrysearch?Searchtext=KARIBA%20MINERALS&SortyBy=entity%20name&Direction=ASC | https://www.zccm-ih.com.zm/investments/mining-assets/kariba-minerals-ltd/ | https://www.zccm-ih.com.zm/tag/kariba-minerals/"
"NORTHWESTERN EMERALDS LIMITED","gemstone_dealer","Emerald company operating in North-Western Zambia",,,,,,,"120170001209","Active","Mining of other non-ferrous metal ores",,,"medium","registry record and/or indirect evidence only",,,,"PACRA registry record only. A targeted web search for this exact company name returned no results, so no town, owner, output or contact could be evidenced. The registry ISIC line is 'mining of other non-ferrous metal ores' and the name implies North-Western Province, but note that Zambia's productive emerald belt is in the Copperbelt (Ndola Rural Emerald Restricted Area / Lufwanyama), not North-Western Province, so do not infer a location from the name.","https://xatu.pacra.org.zm:8344/api/v1/Search/registrysearch?Searchtext=EMERALD&SortyBy=entity%20name&Direction=ASC"
"ROYAL EMERALDS LIMITED","gemstone_dealer","Emerald company, non-ferrous metal ores class",,,,,,,"120200009485","Active","Mining of other non-ferrous metal ores",,,"medium","registry record and/or indirect evidence only",,,,"PACRA registry record only; no town/address published in the registry API. Registered 05/11/2020. Entity type: Local Company - Limited by Shares. Not individually researched beyond the registry in this pass: name, segment and ISIC line are the full extent of the evidence, and no non-registry source has been checked. Do not treat the segment as confirmed trading or processing activity.","https://xatu.pacra.org.zm:8344/api/v1/Search/registrysearch?Searchtext=EMERALD&SortyBy=entity%20name&Direction=ASC"
"ZAMBIAN EMERALD AND MINERALS TRADING LIMITED","gemstone_dealer","Emerald and minerals trading company, mining support services",,,,,,,"120210019083","Active","Support activities for other mining and quarrying",,,"medium","registry record and/or indirect evidence only",,,,"PACRA registry record only; no town/address published in the registry API. Registered 05/08/2021. Entity type: Local Company - Limited by Shares. Not individually researched beyond the registry in this pass: name, segment and ISIC line are the full extent of the evidence, and no non-registry source has been checked. Do not treat the segment as confirmed trading or processing activity.","https://xatu.pacra.org.zm:8344/api/v1/Search/registrysearch?Searchtext=MINERALS%20TRADING&SortyBy=entity%20name&Direction=ASC"
"African Mining Consultants Limited","geo_consultancy","Zambian mining and geological consultancy; NCC-registered contractor in building and electrical categories, indicating it also executes site works alongside consulting","Lusaka","Lusaka","Lusaka","Zambian (NCC ownership classification: Zambian, male)",,"NCC grades 5B and 6E",,,,"5B; 6E",,"high","non-registry source evidences operations","-15.4167","28.2833","town centroid, not a company address","One of the longest-standing Zambian-owned exploration and mining consultancies; NCC register confirms current registration.","https://www.ncc.org.zm/wp-content/uploads/2026/07/2026-List-of-Contractors-as-at-30th-June-2026.pdf"
"Caracle Creek Geological Consulting Zambia Limited","geo_consultancy","Exploration geology consultancy - project generation, target definition, resource work and independent technical reporting; Zambian arm of the Caracle Creek international consultancy",,,,"Foreign-linked consultancy group","Caracle Creek International Consulting","PACRA registration 21/06/2023","120230054293","Active","Other professional, scientific and technical activities n.e.c.",,,"medium","registry record and/or indirect evidence only",,,,,"https://xatu.pacra.org.zm:8344/api/v1/Search/registrysearch?Searchtext=GEOLOG&SortyBy=entity%20name&Direction=ASC"
"China Geological Exploration Zambia Limited","geo_consultancy","Geological exploration company; PACRA nature of business 'Other mining and quarrying n.e.c.'",,,,"Chinese-linked",,"Incorporated 2026","120261051208","Active","Other mining and quarrying n.e.c.",,,"medium","registry record and/or indirect evidence only",,,,,"https://xatu.pacra.org.zm:8344/api/v1/Search/registrysearch?Searchtext=GEOLOG&SortyBy=entity%20name&Direction=ASC"
"Crosswind Geological and Environmental Consulting Limited","geo_consultancy","Geological and environmental consulting; PACRA ISIC 'Architectural and engineering activities and related technical consultancy'",,,,,,"Incorporated 2025","120251033396","Active","Architectural and engineering activities and related technical consultancy",,,"medium","registry record and/or indirect evidence only",,,,,"https://xatu.pacra.org.zm:8344/api/v1/Search/registrysearch?Searchtext=GEOLOG&SortyBy=entity%20name&Direction=ASC"
"Deepdrill Geology Limited","geo_consultancy","Geology and drilling consultancy; PACRA ISIC 'Architectural and engineering activities and related technical consultancy'",,,,,,"Incorporated 2025","120251027561","Active","Architectural and engineering activities and related technical consultancy",,,"medium","registry record and/or indirect evidence only",,,,,"https://xatu.pacra.org.zm:8344/api/v1/Search/registrysearch?Searchtext=GEOLOG&SortyBy=entity%20name&Direction=ASC"
"Ganfei Geological and Mineral Exploration Zambia Limited","geo_consultancy","Geological and mineral exploration company; PACRA nature of business 'Mining of other non-ferrous metal ores'",,,,"Chinese-linked",,"Incorporated 2025","120251030099","Active","Mining of other non-ferrous metal ores",,,"medium","registry record and/or indirect evidence only",,,,,"https://xatu.pacra.org.zm:8344/api/v1/Search/registrysearch?Searchtext=GEOLOG&SortyBy=entity%20name&Direction=ASC"
"Geofields Geological Consultancy Limited","geo_consultancy","Geological consultancy; PACRA ISIC 'Other professional, scientific and technical activities n.e.c.'",,,,,,"PACRA registration 2020","120200002390","Active","Other professional, scientific and technical activities n.e.c.",,,"medium","registry record and/or indirect evidence only",,,,,"https://xatu.pacra.org.zm:8344/api/v1/Search/registrysearch?Searchtext=GEOLOG&SortyBy=entity%20name&Direction=ASC"
"Geohawk Geological Consultants Limited","geo_consultancy","Geological consultancy; PACRA nature of business 'Other mining and quarrying n.e.c.'",,,,,,"PACRA registration 2021","120210018238","Active","Other mining and quarrying n.e.c.",,,"medium","registry record and/or indirect evidence only",,,,,"https://xatu.pacra.org.zm:8344/api/v1/Search/registrysearch?Searchtext=GEOLOG&SortyBy=entity%20name&Direction=ASC"
"Geosmart Geological Consulting Limited","geo_consultancy","Geological consulting firm; PACRA ISIC 'Support activities for other mining and quarrying'",,,,,,"Incorporated 2026","120261045874","Active","Support activities for other mining and quarrying",,,"medium","registry record and/or indirect evidence only",,,,,"https://xatu.pacra.org.zm:8344/api/v1/Search/registrysearch?Searchtext=GEOLOG&SortyBy=entity%20name&Direction=ASC"
"Jiangxi Nonferrous Geology & Mining Zambia Limited","geo_consultancy","Zambian entity of the Jiangxi non-ferrous geological exploration group; geology and mining services",,,,"Chinese state-linked","Jiangxi Nonferrous Metals Geological Exploration Bureau (China)","PACRA registration 2014","120140122974","Active","Freight transport by road",,,"medium","registry record and/or indirect evidence only",,,,"PACRA ISIC line is a registration-form artefact.","https://xatu.pacra.org.zm:8344/api/v1/Search/registrysearch?Searchtext=GEOLOG&SortyBy=entity%20name&Direction=ASC"
"Midor Geological Survey Limited","geo_consultancy","Geological survey company; PACRA ISIC 'Technical testing and analysis'",,,,,,"Incorporated 2024","120241005608","Active","Technical testing and analysis",,,"medium","registry record and/or indirect evidence only",,,,,"https://xatu.pacra.org.zm:8344/api/v1/Search/registrysearch?Searchtext=GEOLOG&SortyBy=entity%20name&Direction=ASC"
"Pangolin Geological Exploration Zambia Limited","geo_consultancy","Geological exploration company; PACRA ISIC 'Site preparation'",,,,,,"Incorporated 2024","120241016490","Active","Site preparation",,,"medium","registry record and/or indirect evidence only",,,,,"https://xatu.pacra.org.zm:8344/api/v1/Search/registrysearch?Searchtext=GEOLOG&SortyBy=entity%20name&Direction=ASC"
"Reflex Geological Consulting Limited","geo_consultancy","Geological consulting firm; PACRA ISIC 'Management consultancy activities'",,,,,,"Incorporated 2024","120241014125","Active","Management consultancy activities",,,"medium","registry record and/or indirect evidence only",,,,,"https://xatu.pacra.org.zm:8344/api/v1/Search/registrysearch?Searchtext=GEOLOG&SortyBy=entity%20name&Direction=ASC"
"Sinomine Resource Geological Engineering Company Limited","geo_consultancy","Zambian geological engineering and exploration arm of Sinomine, the Chinese resources group active in African lithium and copper",,,,"Chinese-owned","Sinomine Resource Group Co., Ltd (China)","PACRA registration 2013","120130113632","Active","Retail sale of electrical household appliances, furniture, lighting equipment and other household articles in specialized stores",,,"medium","registry record and/or indirect evidence only",,,,"PACRA ISIC line is a registration-form artefact and does not describe the activity.","https://xatu.pacra.org.zm:8344/api/v1/Search/registrysearch?Searchtext=GEOLOG&SortyBy=entity%20name&Direction=ASC"
"SRK Consulting (Zambia) Limited","geo_consultancy","Zambian company of SRK Consulting, the international mining and geotechnical consultancy (resource estimation, mine planning, tailings, water and environmental studies)",,,,"Foreign-linked consultancy group (SRK global partnership)","SRK Consulting (global group, South African origin)","Incorporated 19/12/2025","120251037870","Active","Management consultancy activities",,,"medium","registry record and/or indirect evidence only",,,,"Unrelated PACRA namesakes: SRK INVESTMENTS LIMITED and SRK BOREHOLE DRILLING & EXPLORATION LIMITED.","https://xatu.pacra.org.zm:8344/api/v1/Search/registrysearch?Searchtext=SRK&SortyBy=entity%20name&Direction=ASC"
"AFRICAN GOLD BULLION COMPANY LIMITED","gold_buyer","Gold bullion company, non-specialized wholesale trade",,,,,,,"120180001300","Active","Non-specialized wholesale trade",,,"medium","registry record and/or indirect evidence only",,,,"PACRA registry record only; no town/address published in the registry API. Registered 13/02/2018. Entity type: Local Company - Limited by Shares. Not individually researched beyond the registry in this pass: name, segment and ISIC line are the full extent of the evidence, and no non-registry source has been checked. Do not treat the segment as confirmed trading or processing activity.","https://xatu.pacra.org.zm:8344/api/v1/Search/registrysearch?Searchtext=BULLION&SortyBy=entity%20name&Direction=ASC"
"BEST GOLD TRADING LIMITED","gold_buyer","Gold trader classified as wholesale of metals and metal ores",,,,,,,"120220027110","Active","Wholesale of metals and metal ores",,,"medium","registry record and/or indirect evidence only",,,,"PACRA registry record only; no town/address published in the registry API. Registered 24/01/2022. Entity type: Local Company - Limited by Shares. Not individually researched beyond the registry in this pass: name, segment and ISIC line are the full extent of the evidence, and no non-registry source has been checked. Do not treat the segment as confirmed trading or processing activity.","https://xatu.pacra.org.zm:8344/api/v1/Search/registrysearch?Searchtext=GOLD%20TRADING&SortyBy=entity%20name&Direction=ASC"
"BULLION GOLD TRADING LIMITED","gold_buyer","Gold bullion trading company",,,,,,,"120230046845","Active","Other retail sale in non-specialized stores",,,"medium","registry record and/or indirect evidence only",,,,"PACRA registry record only; no town/address published in the registry API. Registered 27/02/2023. Entity type: Local Company - Limited by Shares. Not individually researched beyond the registry in this pass: name, segment and ISIC line are the full extent of the evidence, and no non-registry source has been checked. Do not treat the segment as confirmed trading or processing activity.","https://xatu.pacra.org.zm:8344/api/v1/Search/registrysearch?Searchtext=BULLION&SortyBy=entity%20name&Direction=ASC"
"BULLIONLINK ZAMBIA COMPANY LIMITED","gold_buyer","Bullion trading company dealing in precious metals",,,,,,,"120230052298","Active","Mining of other non-ferrous metal ores",,,"medium","registry record and/or indirect evidence only",,,,"PACRA registry record only; no town/address published in the registry API. Registered 19/06/2023. Entity type: Local Company - Limited by Shares. Not individually researched beyond the registry in this pass: name, segment and ISIC line are the full extent of the evidence, and no non-registry source has been checked. Do not treat the segment as confirmed trading or processing activity.","https://xatu.pacra.org.zm:8344/api/v1/Search/registrysearch?Searchtext=BULLION&SortyBy=entity%20name&Direction=ASC"
"CCM CONSULTING AND PRECIOUS METAL TRADING LIMITED","gold_buyer","Precious metal trader and consultancy",,,,,,,"120241006553","Active","Wholesale of metals and metal ores",,,"medium","registry record and/or indirect evidence only",,,,"PACRA registry record only; no town/address published in the registry API. Registered 13/05/2024. Entity type: Local Company - Limited by Shares. Not individually researched beyond the registry in this pass: name, segment and ISIC line are the full extent of the evidence, and no non-registry source has been checked. Do not treat the segment as confirmed trading or processing activity.","https://xatu.pacra.org.zm:8344/api/v1/Search/registrysearch?Searchtext=METAL%20TRADING&SortyBy=entity%20name&Direction=ASC"
"CHILOLO GOLD BULLION LIMITED","gold_buyer","Gold bullion company, mining support services",,,,,,,"120251022426","Active","Support activities for other mining and quarrying",,,"medium","registry record and/or indirect evidence only",,,,"PACRA registry record only; no town/address published in the registry API. Registered 20/03/2025. Entity type: Local Company - Limited by Shares. Not individually researched beyond the registry in this pass: name, segment and ISIC line are the full extent of the evidence, and no non-registry source has been checked. Do not treat the segment as confirmed trading or processing activity.","https://xatu.pacra.org.zm:8344/api/v1/Search/registrysearch?Searchtext=BULLION&SortyBy=entity%20name&Direction=ASC"
"CONEXUS GOLD TRADING LIMITED","gold_buyer","Gold trading company, non-ferrous metal ores",,,,,,,"120241017165","Active","Mining of other non-ferrous metal ores",,,"medium","registry record and/or indirect evidence only",,,,"PACRA registry record only; no town/address published in the registry API. Registered 12/12/2024. Entity type: Local Company - Limited by Shares. Not individually researched beyond the registry in this pass: name, segment and ISIC line are the full extent of the evidence, and no non-registry source has been checked. Do not treat the segment as confirmed trading or processing activity.","https://xatu.pacra.org.zm:8344/api/v1/Search/registrysearch?Searchtext=GOLD%20TRADING&SortyBy=entity%20name&Direction=ASC"
"DEEP GOLD TRADING AND MINING COMPANY LIMITED","gold_buyer","Combined gold trading and mining company",,,,,,,"120220040289","Active","Other mining and quarrying n.e.c",,,"medium","registry record and/or indirect evidence only",,,,"PACRA registry record only; no town/address published in the registry API. Registered 07/10/2022. Entity type: Local Company - Limited by Shares. Not individually researched beyond the registry in this pass: name, segment and ISIC line are the full extent of the evidence, and no non-registry source has been checked. Do not treat the segment as confirmed trading or processing activity.","https://xatu.pacra.org.zm:8344/api/v1/Search/registrysearch?Searchtext=GOLD%20TRADING&SortyBy=entity%20name&Direction=ASC"
"GOLDEN BULLION PRECIOUS METAL TRADING","gold_buyer","Precious metal trader, wholesale of metals and metal ores",,,,,,,"320241033888","Active","Wholesale of metals and metal ores",,,"medium","registry record and/or indirect evidence only",,,,"PACRA registry record only; no town/address published in the registry API. Registered 08/12/2024. Entity type: Business Name - Individual/Partnership. Not individually researched beyond the registry in this pass: name, segment and ISIC line are the full extent of the evidence, and no non-registry source has been checked. Do not treat the segment as confirmed trading or processing activity.","https://xatu.pacra.org.zm:8344/api/v1/Search/registrysearch?Searchtext=BULLION&SortyBy=entity%20name&Direction=ASC"
"GREEN HORSE PRECIOUS METAL TRADING (Z) LIMITED","gold_buyer","Precious metal trading company registered in Zambia",,,,,,,"120261040920","Active","Other retail sale in non-specialized stores",,,"medium","registry record and/or indirect evidence only",,,,"PACRA registry record only; no town/address published in the registry API. Registered 12/02/2026. Entity type: Local Company - Limited by Shares. Not individually researched beyond the registry in this pass: name, segment and ISIC line are the full extent of the evidence, and no non-registry source has been checked. Do not treat the segment as confirmed trading or processing activity.","https://xatu.pacra.org.zm:8344/api/v1/Search/registrysearch?Searchtext=METAL%20TRADING&SortyBy=entity%20name&Direction=ASC"
"JBI GOLD TRADING ZAMBIA LIMITED","gold_buyer","Gold trading company registered in Zambia",,,,,,,"120251037731","Active","Other mining and quarrying n.e.c",,,"medium","registry record and/or indirect evidence only",,,,"PACRA registry record only; no town/address published in the registry API. Registered 17/12/2025. Entity type: Local Company - Limited by Shares. Not individually researched beyond the registry in this pass: name, segment and ISIC line are the full extent of the evidence, and no non-registry source has been checked. Do not treat the segment as confirmed trading or processing activity.","https://xatu.pacra.org.zm:8344/api/v1/Search/registrysearch?Searchtext=GOLD%20TRADING&SortyBy=entity%20name&Direction=ASC"
"JINYANG GOLD TRADING LIMITED","gold_buyer","Gold trader classified as wholesale of metals and metal ores",,,,,,,"120230050725","Active","Wholesale of metals and metal ores",,,"medium","registry record and/or indirect evidence only",,,,"PACRA registry record only; no town/address published in the registry API. Registered 17/05/2023. Entity type: Local Company - Limited by Shares. Not individually researched beyond the registry in this pass: name, segment and ISIC line are the full extent of the evidence, and no non-registry source has been checked. Do not treat the segment as confirmed trading or processing activity.","https://xatu.pacra.org.zm:8344/api/v1/Search/registrysearch?Searchtext=GOLD%20TRADING&SortyBy=entity%20name&Direction=ASC"
"LCS GOLD METALS & MINERALS TRADING","gold_buyer","Gold, metals and minerals trading business name",,,,,,,"320261064313","Active","Mining of other non-ferrous metal ores",,,"medium","registry record and/or indirect evidence only",,,,"PACRA registry record only; no town/address published in the registry API. Registered 16/02/2026. Entity type: Business Name - Body Corporate. Not individually researched beyond the registry in this pass: name, segment and ISIC line are the full extent of the evidence, and no non-registry source has been checked. Do not treat the segment as confirmed trading or processing activity.","https://xatu.pacra.org.zm:8344/api/v1/Search/registrysearch?Searchtext=MINERALS%20TRADING&SortyBy=entity%20name&Direction=ASC"
"MAEWA GOLD MINING AND TRADING LIMITED","gold_buyer","Combined gold mining and trading company",,,,,,,"120261046053","Active","Other mining and quarrying n.e.c",,,"medium","registry record and/or indirect evidence only",,,,"PACRA registry record only; no town/address published in the registry API. Registered 07/05/2026. Entity type: Local Company - Limited by Shares. Not individually researched beyond the registry in this pass: name, segment and ISIC line are the full extent of the evidence, and no non-registry source has been checked. Do not treat the segment as confirmed trading or processing activity.","https://xatu.pacra.org.zm:8344/api/v1/Search/registrysearch?Searchtext=GOLD%20TRADING&SortyBy=entity%20name&Direction=ASC"
"MALKOM GOLD MINING AND MINERAL TRADING LIMITED","gold_buyer","Combined gold mining and mineral trading company",,,,,,,"120230052350","Active","Mining of other non-ferrous metal ores",,,"medium","registry record and/or indirect evidence only",,,,"PACRA registry record only; no town/address published in the registry API. Registered 20/06/2023. Entity type: Local Company - Limited by Shares. Not individually researched beyond the registry in this pass: name, segment and ISIC line are the full extent of the evidence, and no non-registry source has been checked. Do not treat the segment as confirmed trading or processing activity.","https://xatu.pacra.org.zm:8344/api/v1/Search/registrysearch?Searchtext=GOLD%20TRADING&SortyBy=entity%20name&Direction=ASC"
"MILLROCK GOLD TRADING LIMITED","gold_buyer","Gold trading company, non-ferrous metal ores",,,,,,,"120230058427","Active","Mining of other non-ferrous metal ores",,,"medium","registry record and/or indirect evidence only",,,,"PACRA registry record only; no town/address published in the registry API. Registered 19/10/2023. Entity type: Local Company - Limited by Shares. Not individually researched beyond the registry in this pass: name, segment and ISIC line are the full extent of the evidence, and no non-registry source has been checked. Do not treat the segment as confirmed trading or processing activity.","https://xatu.pacra.org.zm:8344/api/v1/Search/registrysearch?Searchtext=GOLD%20TRADING&SortyBy=entity%20name&Direction=ASC"
"PWI GOLD AND COPPER TRADING ZAMBIA LIMITED","gold_buyer","Gold and copper trading company",,,,,,,"120241001553","Active","Mining of other non-ferrous metal ores",,,"medium","registry record and/or indirect evidence only",,,,"PACRA registry record only; no town/address published in the registry API. Registered 01/02/2024. Entity type: Local Company - Limited by Shares. Not individually researched beyond the registry in this pass: name, segment and ISIC line are the full extent of the evidence, and no non-registry source has been checked. Do not treat the segment as confirmed trading or processing activity.","https://xatu.pacra.org.zm:8344/api/v1/Search/registrysearch?Searchtext=ZAMBIA%20GOLD&SortyBy=entity%20name&Direction=ASC"
"REGAL GOLD TRADING LIMITED","gold_buyer","Gold trading company, mining support services",,,,,,,"120261041133","Active","Support activities for other mining and quarrying",,,"medium","registry record and/or indirect evidence only",,,,"PACRA registry record only; no town/address published in the registry API. Registered 14/02/2026. Entity type: Local Company - Limited by Shares. Not individually researched beyond the registry in this pass: name, segment and ISIC line are the full extent of the evidence, and no non-registry source has been checked. Do not treat the segment as confirmed trading or processing activity.","https://xatu.pacra.org.zm:8344/api/v1/Search/registrysearch?Searchtext=GOLD%20TRADING&SortyBy=entity%20name&Direction=ASC"
"THE GOLDEN FUTURE GOLD TRADING LIMITED","gold_buyer","Gold trading company, other mining and quarrying",,,,,,,"120210011418","Active","Other mining and quarrying n.e.c",,,"medium","registry record and/or indirect evidence only",,,,"PACRA registry record only; no town/address published in the registry API. Registered 06/01/2021. Entity type: Local Company - Limited by Shares. Not individually researched beyond the registry in this pass: name, segment and ISIC line are the full extent of the evidence, and no non-registry source has been checked. Do not treat the segment as confirmed trading or processing activity.","https://xatu.pacra.org.zm:8344/api/v1/Search/registrysearch?Searchtext=GOLD%20TRADING&SortyBy=entity%20name&Direction=ASC"
"THE HUB GOLD AND GEMS TRADING LIMITED","gold_buyer","Gold and gemstone trading company",,,,,,,"120200005448","Active","Non-specialized wholesale trade",,,"medium","registry record and/or indirect evidence only",,,,"PACRA registry record only; no town/address published in the registry API. Registered 14/07/2020. Entity type: Local Company - Limited by Shares. Not individually researched beyond the registry in this pass: name, segment and ISIC line are the full extent of the evidence, and no non-registry source has been checked. Do not treat the segment as confirmed trading or processing activity.","https://xatu.pacra.org.zm:8344/api/v1/Search/registrysearch?Searchtext=GOLD%20TRADING&SortyBy=entity%20name&Direction=ASC"
"YEDANA GOLD TRADING LIMITED","gold_buyer","Gold trader classified as wholesale of metals and metal ores",,,,,,,"120200004629","Active","Wholesale of metals and metal ores",,,"medium","registry record and/or indirect evidence only",,,,"PACRA registry record only; no town/address published in the registry API. Registered 15/06/2020. Entity type: Local Company - Limited by Shares. Not individually researched beyond the registry in this pass: name, segment and ISIC line are the full extent of the evidence, and no non-registry source has been checked. Do not treat the segment as confirmed trading or processing activity.","https://xatu.pacra.org.zm:8344/api/v1/Search/registrysearch?Searchtext=GOLD%20TRADING&SortyBy=entity%20name&Direction=ASC"
"ZAMBIA GOLD COMPANY LIMITED","gold_buyer","State gold aggregator: buys gold directly from artisanal and small-scale miners at posted kwacha prices and channels it into formal gold mining, processing and refining","Lusaka","Lusaka","Lusaka","State-owned; ZCCM-IH 51%, Ministry of Finance 49%","ZCCM Investments Holdings Plc (ZCCM-IH)","Over 25 kg of gold purchased from artisanal and small-scale miners across all buying locations as at January 2026; reported buying at K2,600 per gram in May 2025; K8.5 million paid to ASM sellers in Mumbwa, Rufunsa and Lusangazi reported May 2026","120200000229","Active","Other mining and quarrying n.e.c",,"Mwaka Mweemba, Acting Chief Executive Officer","high","non-registry source evidences operations","-15.4167","28.2833","town centroid, not a company address","Registered 10/01/2020. Carries a countrywide mandate to drive formalisation and growth of Zambia's gold sector, so it is the state gold-buying programme referenced in ASM formalisation policy. Buying activity is documented in Mumbwa (Central), Rufunsa (Lusaka) and Lusangazi (Eastern), and it has publicly courted both miners and traders. ZCCM-IH lists its location as 'Various, Zambia'; head office is in Lusaka.","https://www.zccm-ih.com.zm/investments/mining-assets/zambia-gold-company-ltd/ | https://zambia24.com/2026/05/13/artisanal-miners-sell-gold-worth-k8-5-million/ | https://www.solwezitoday.com/zambia-gold-company-opens-arms-to-miners-traders/ | https://xatu.pacra.org.zm:8344/api/v1/Search/registrysearch?Searchtext=ZAMBIA%20GOLD%20COMPANY&SortyBy=entity%20name&Direction=ASC"
"Buks Haulage Limited","haulage","Bulk road transport and logistics operator across Zambia and sub-Saharan Africa; a principal cross-border hauler of mineral cargo and mine inbound freight",,,,"Zambian-registered; part of the BHL Group with operations in Namibia and Botswana","BHL Group","PACRA registration 2004; regional footprint including Namibia and Botswana operations","120040057165","Active","Freight transport by road",,,"high","non-registry source evidences operations",,,,"Trades as BHL. Company site describes combined-load transport and logistics solutions throughout Zambia and sub-Saharan Africa.","https://xatu.pacra.org.zm:8344/api/v1/Search/registrysearch?Searchtext=HAULAGE&SortyBy=entity%20name&Direction=ASC | https://www.bhlgroupint.com"
"Gulf Kuwait Haulage and Mining Equipment Limited","haulage","Haulage and mining equipment company; PACRA nature of business 'Mining of other non-ferrous metal ores'",,,,,,"PACRA registration 2021","120210018752","Active","Mining of other non-ferrous metal ores",,,"medium","registry record and/or indirect evidence only",,,,,"https://xatu.pacra.org.zm:8344/api/v1/Search/registrysearch?Searchtext=MINING%20EQUIPMENT&SortyBy=entity%20name&Direction=ASC"
"Jotech Mining Logistics","haulage","Mining logistics firm with four separate NCC contractor registrations",,,,,,"Four NCC register rows, though grade and location columns are blank in the published PDF",,,,,,"medium","registry record and/or indirect evidence only",,,,,"https://www.ncc.org.zm/wp-content/uploads/2026/07/2026-List-of-Contractors-as-at-30th-June-2026.pdf"
"Kapesika Haulage and Mining Equipment Limited","haulage","Haulage and mining equipment company; PACRA nature of business 'Mining of other non-ferrous metal ores'",,,,,,"PACRA registration 2021","120210018785","Active","Mining of other non-ferrous metal ores",,,"medium","registry record and/or indirect evidence only",,,,,"https://xatu.pacra.org.zm:8344/api/v1/Search/registrysearch?Searchtext=MINING%20EQUIPMENT&SortyBy=entity%20name&Direction=ASC"
"Ledge Mining and Logistics Limited","haulage","Mining and logistics company; PACRA ISIC 'Support activities for other mining and quarrying'",,,,,,"PACRA registration 2020","120200007434","Active","Support activities for other mining and quarrying",,,"medium","registry record and/or indirect evidence only",,,,,"https://xatu.pacra.org.zm:8344/api/v1/Search/registrysearch?Searchtext=MINE%20SUPPORT&SortyBy=entity%20name&Direction=ASC"
"Metzu Haulage and Mining Limited","haulage","Haulage and mining company; PACRA ISIC 'Freight transport by road'",,,,,,"PACRA registration 2022","120220028786","Active","Freight transport by road",,,"medium","registry record and/or indirect evidence only",,,,,"https://xatu.pacra.org.zm:8344/api/v1/Search/registrysearch?Searchtext=HAULAGE&SortyBy=entity%20name&Direction=ASC"
"Mining Haulage Company Limited","haulage","Haulage company whose name declares a mining cargo focus; NCC-registered contractor with Livingstone and Chipata registrations","Livingstone","Livingstone","Southern","Zambian (NCC ownership classification: Zambian, male)",,"NCC grades 6B (Livingstone, Lusaka) and 4R (Chipata)",,,,"6B; 4R",,"high","non-registry source evidences operations","-17.8419","25.8543","town centroid, not a company address","The Livingstone and Chipata registrations sit on the southern and eastern export corridors rather than the Copperbelt.","https://www.ncc.org.zm/wp-content/uploads/2026/07/2026-List-of-Contractors-as-at-30th-June-2026.pdf"
"RS Mining and Logistics Supply Limited","haulage","Mining logistics and supply company; PACRA ISIC 'Support activities for other mining and quarrying'",,,,,,"Incorporated 2024","120241002042","Active","Support activities for other mining and quarrying",,,"medium","registry record and/or indirect evidence only",,,,,"https://xatu.pacra.org.zm:8344/api/v1/Search/registrysearch?Searchtext=MINE%20SUPPORT&SortyBy=entity%20name&Direction=ASC"
"CAINGU GEM MINES LAPIDARY LIMITED","lapidary","Gem mining and lapidary company",,,,,,,"120080071148","Active","Support activities for other mining and quarrying",,,"medium","registry record and/or indirect evidence only",,,,"PACRA registry record only; no town/address published in the registry API. Registered 18/02/2008. Entity type: Local Company - Limited by Shares. Not individually researched beyond the registry in this pass: name, segment and ISIC line are the full extent of the evidence, and no non-registry source has been checked. Do not treat the segment as confirmed trading or processing activity.","https://xatu.pacra.org.zm:8344/api/v1/Search/registrysearch?Searchtext=LAPIDARY&SortyBy=entity%20name&Direction=ASC"
"EXOTICA JEWELLERY","lapidary","Jewellery manufacturing business, imitation jewellery class",,,,,,,"320230077175","Active","Manufacture of imitation jewellery and related articles",,,"medium","registry record and/or indirect evidence only",,,,"PACRA registry record only; no town/address published in the registry API. Registered 12/05/2023. Entity type: Business Name - Individual/Partnership. Not individually researched beyond the registry in this pass: name, segment and ISIC line are the full extent of the evidence, and no non-registry source has been checked. Do not treat the segment as confirmed trading or processing activity.","https://xatu.pacra.org.zm:8344/api/v1/Search/registrysearch?Searchtext=JEWELL&SortyBy=entity%20name&Direction=ASC"
"GEM NORTH MINING & LAPIDARY","lapidary","Gemstone mining and lapidary business name",,,,,,,"320070136612","Active","Other professional, scientific and technical activities n.e.c",,,"medium","registry record and/or indirect evidence only",,,,"PACRA registry record only; no town/address published in the registry API. Registered 31/07/2007. Entity type: Business Name - Individual/Partnership. Not individually researched beyond the registry in this pass: name, segment and ISIC line are the full extent of the evidence, and no non-registry source has been checked. Do not treat the segment as confirmed trading or processing activity.","https://xatu.pacra.org.zm:8344/api/v1/Search/registrysearch?Searchtext=LAPIDARY&SortyBy=entity%20name&Direction=ASC"
"GLOBAL GEMS MINING AND LAPIDARY LIMITED","lapidary","Gemstone mining and lapidary company",,,,,,,"120180010622","Active","Mining of other non-ferrous metal ores",,,"medium","registry record and/or indirect evidence only",,,,"PACRA registry record only; no town/address published in the registry API. Registered 18/12/2018. Entity type: Local Company - Limited by Shares. Not individually researched beyond the registry in this pass: name, segment and ISIC line are the full extent of the evidence, and no non-registry source has been checked. Do not treat the segment as confirmed trading or processing activity.","https://xatu.pacra.org.zm:8344/api/v1/Search/registrysearch?Searchtext=LAPIDARY&SortyBy=entity%20name&Direction=ASC"
"KAGEM LAPIDARIES LIMITED","lapidary","Dormant lapidary company historically associated with the Kagem emerald operation; emerald sorting and grading is now done in Kagem Mining Limited's on-site sort house",,,"Copperbelt",,,,"120060064755","Pre-Deregistration","Processing and preserving of fruit and vegetables",,,"medium","registry record and/or indirect evidence only",,,,"PACRA status is Pre-Deregistration, so this entity is being wound up and should not be treated as an operating business. Context: the operating emerald business is Kagem Mining Limited, 75% Gemfields and 25% Zambian government, whose 41 sq km licence lies in the Ndola Rural Emerald Restricted Area south of Kitwe and west of Ndola in Copperbelt Province. Kagem runs its own sort house using Gemfields' proprietary grading system of more than 200 grades, and Gemfields sells the output at international rough-emerald auctions (the December 2025 commercial-quality auction realised USD 25.4 million across 46 lots). The registry ISIC line for KAGEM LAPIDARIES LIMITED reads 'processing and preserving of fruit and vegetables', which is a registry classification error.","https://xatu.pacra.org.zm:8344/api/v1/Search/registrysearch?Searchtext=KAGEM&SortyBy=entity%20name&Direction=ASC | https://www.gemfieldsgroup.com/assets/kagem-mining-limited-emerald-mines/ | https://gemfields.com/about/our-sales-process/sorting-and-grading/ | https://www.gemfieldsgroup.com/category/new-and-announcements/auction-update/"
"KAZOZO GEMSTONE & LAPIDARY","lapidary","Gemstone and lapidary business name",,,,,,,"320150248850","Active","Other personal service activities n.e.c",,,"medium","registry record and/or indirect evidence only",,,,"PACRA registry record only; no town/address published in the registry API. Registered 20/08/2015. Entity type: Business Name - Individual/Partnership. Not individually researched beyond the registry in this pass: name, segment and ISIC line are the full extent of the evidence, and no non-registry source has been checked. Do not treat the segment as confirmed trading or processing activity.","https://xatu.pacra.org.zm:8344/api/v1/Search/registrysearch?Searchtext=LAPIDARY&SortyBy=entity%20name&Direction=ASC"
"LUNDAZI LAPIDARY AND GEMSTONE","lapidary","Lapidary and gemstone business associated with Lundazi, Eastern Province",,,,,,,"320160005781","Active","Support activities for other mining and quarrying",,,"medium","registry record and/or indirect evidence only",,,,"PACRA registry record only; no town/address published in the registry API. Registered 16/05/2016. Entity type: Business Name - Individual/Partnership. Not individually researched beyond the registry in this pass: name, segment and ISIC line are the full extent of the evidence, and no non-registry source has been checked. Do not treat the segment as confirmed trading or processing activity.","https://xatu.pacra.org.zm:8344/api/v1/Search/registrysearch?Searchtext=LAPIDARY&SortyBy=entity%20name&Direction=ASC"
"LUSAKA SPECIALIST JEWELLERS","lapidary","Lusaka jewellery business, registered 1980",,,,,,,"319800021510","Active",,,,"medium","registry record and/or indirect evidence only",,,,"PACRA registry record only; no town/address published in the registry API. Registered 01/01/1980. Entity type: Business Name - Individual/Partnership. Not individually researched beyond the registry in this pass: name, segment and ISIC line are the full extent of the evidence, and no non-registry source has been checked. Do not treat the segment as confirmed trading or processing activity.","https://xatu.pacra.org.zm:8344/api/v1/Search/registrysearch?Searchtext=JEWELL&SortyBy=entity%20name&Direction=ASC"
"SECURED JEWELS & SMELTERS SOLUTION","lapidary","Jewellery manufacture and small-scale smelting business",,,,,,,"320261065432","Active","Manufacture of jewellery and related articles",,,"medium","registry record and/or indirect evidence only",,,,"PACRA registry record only; no town/address published in the registry API. Registered 04/03/2026. Entity type: Business Name - Individual/Partnership. Not individually researched beyond the registry in this pass: name, segment and ISIC line are the full extent of the evidence, and no non-registry source has been checked. Do not treat the segment as confirmed trading or processing activity.","https://xatu.pacra.org.zm:8344/api/v1/Search/registrysearch?Searchtext=SMELT&SortyBy=entity%20name&Direction=ASC"
"STAR JEWELLERS LIMITED","lapidary","Long-established Zambian jewellers, registered 1954",,,,,,,"119540000786","Active",,,,"medium","registry record and/or indirect evidence only",,,,"PACRA registry record only: registered 1954, still Active, no ISIC line recorded, no town or address in the registry API. NAMESAKE CAUTION: web searches for 'Star Jewellers' return only foreign businesses (a UK luxury jeweller, a Canadian jeweller in Delta BC, a Pakistani jeweller in Rawalpindi) and no Zambian presence could be evidenced. Its 1954 registration date makes it one of the oldest surviving jewellery registrations in the register and therefore of historical interest, but do not attach any of the foreign namesakes' details to it.","https://xatu.pacra.org.zm:8344/api/v1/Search/registrysearch?Searchtext=JEWELL&SortyBy=entity%20name&Direction=ASC"
"Advantica Energy and Mining","mining_contractor","Energy and mining contractor on the NCC register with a Lusaka classification","Lusaka","Lusaka",,"NCC ownership classification: male",,,,,,,,"medium","registry record and/or indirect evidence only","-15.4167","28.2833","town centroid, not a company address","Grade and province columns blank in the published NCC PDF.","https://www.ncc.org.zm/wp-content/uploads/2026/07/2026-List-of-Contractors-as-at-30th-June-2026.pdf"
"Bauxite Mining Limited","mining_contractor","Mining contractor holding a top-band NCC specialist registration ('A Sz'), operating from Mazabuka with a Copperbelt province classification","Mazabuka","Mazabuka","Southern","Foreign-owned (NCC country of ownership: South Africa), with an additional Zambian-classified grade 6B registration",,"NCC grades 'A Sz' (specialist band) and 6B",,,,"A Sz; 6B",,"high","non-registry source evidences operations","-15.8569","27.7497","town centroid, not a company address","NCC rows list Mazabuka as the town but Copperbelt as a province of operation, so the firm works across both areas.","https://www.ncc.org.zm/wp-content/uploads/2026/07/2026-List-of-Contractors-as-at-30th-June-2026.pdf"
"Build Genie Mining and Supplies","mining_contractor","Mining and supplies contractor based in Kabwe; NCC-registered in building and roads categories","Kabwe","Kabwe","Central","Zambian (NCC ownership classification: Zambian, male)",,"NCC grades 5B and 5R",,,,"5B; 5R",,"high","non-registry source evidences operations","-14.4469","28.4464","town centroid, not a company address",,"https://www.ncc.org.zm/wp-content/uploads/2026/07/2026-List-of-Contractors-as-at-30th-June-2026.pdf"
"Carmine Mining Limited","mining_contractor","Underground mining services and mining supplies, focused on underground techniques and equipment","Kitwe","Kitwe","Copperbelt",,,,,,,,,"high","non-registry source evidences operations","-12.8024","28.2132","town centroid, not a company address",,"https://zambianmining.com/mining-directory/"
"Charu Mining Company","mining_contractor","Mining company registered with the NCC as a manufacturer/supplier in the building and electrical categories","Lusaka","Lusaka","Western","Zambian (NCC ownership classification: Zambian, male)",,"NCC grades 5 M (B) and 5 M (E)",,,,"5 M (B); 5 M (E)",,"medium","registry record and/or indirect evidence only","-15.4167","28.2833","town centroid, not a company address",,"https://www.ncc.org.zm/wp-content/uploads/2026/07/2026-List-of-Contractors-as-at-30th-June-2026.pdf"
"Chilubi Mining Services","mining_contractor","Mining services firm with three NCC registrations in the building, roads and electrical categories","Lusaka","Lusaka",,"NCC ownership classification: male",,"NCC grades 5B, 6R and 6E",,,,"5B; 6R; 6E",,"medium","registry record and/or indirect evidence only","-15.4167","28.2833","town centroid, not a company address",,"https://www.ncc.org.zm/wp-content/uploads/2026/07/2026-List-of-Contractors-as-at-30th-June-2026.pdf"
"Diesel Civils Mining Company Limited","mining_contractor","Combined civils and mining contractor; NCC-registered in building and roads categories","Kitwe","Kitwe","Copperbelt","Zambian (NCC ownership classification: Zambian, male)",,"NCC grades 5B (Kitwe) and 5R (Lusaka)",,,,"5B; 5R",,"high","non-registry source evidences operations","-12.8024","28.2132","town centroid, not a company address",,"https://www.ncc.org.zm/wp-content/uploads/2026/07/2026-List-of-Contractors-as-at-30th-June-2026.pdf"
"Dizzy Mining Limited","mining_contractor","Mining contractor on the NCC register based in Chililabombwe, the border mining town adjoining Konkola","Chililabombwe","Chililabombwe","Copperbelt","NCC ownership classification: male",,,,,,,,"medium","registry record and/or indirect evidence only","-12.3667","27.8333","town centroid, not a company address","Grade column blank in the published NCC PDF. Chililabombwe siting places it at the Konkola/Lubambe end of the Copperbelt.","https://www.ncc.org.zm/wp-content/uploads/2026/07/2026-List-of-Contractors-as-at-30th-June-2026.pdf"
"EC Mining Limited","mining_contractor","Mining contractor operating from Kitwe; NCC-registered at grade 2 in the mechanical/electrical category, a relatively high grade indicating substantial contract capacity","Kitwe","Kitwe","Copperbelt","Foreign-owned (NCC country of ownership: South Africa)",,"NCC grade 2 M (ME) plus a 6B registration - grade 2 is among the higher NCC capacity bands",,,,"2 M (ME); 6B",,"high","non-registry source evidences operations","-12.8024","28.2132","town centroid, not a company address",,"https://www.ncc.org.zm/wp-content/uploads/2026/07/2026-List-of-Contractors-as-at-30th-June-2026.pdf"
"Emmerson Mining Services Limited","mining_contractor","Mining services contractor based in Ndola; NCC-registered in roads and civil categories","Ndola","Ndola","Copperbelt","Zambian (NCC ownership classification: Zambian, male)",,"NCC grades 5R and 6C",,,,"5R; 6C",,"high","non-registry source evidences operations","-12.9587","28.6366","town centroid, not a company address",,"https://www.ncc.org.zm/wp-content/uploads/2026/07/2026-List-of-Contractors-as-at-30th-June-2026.pdf"
"Gifena Mechanical Mining","mining_contractor","Mechanical mining contractor based in Luanshya, a Copperbelt mine town; NCC-registered in the building category","Luanshya","Luanshya","Lusaka","Zambian (NCC ownership classification: Zambian)",,"NCC grade 6B",,,,"6B",,"medium","registry record and/or indirect evidence only","-13.1367","28.4166","town centroid, not a company address",,"https://www.ncc.org.zm/wp-content/uploads/2026/07/2026-List-of-Contractors-as-at-30th-June-2026.pdf"
"GRN Mining Zambia Limited","mining_contractor","Mining contractor; NCC-registered in the roads category with a Lusaka town and province","Lusaka","Lusaka","Lusaka","Zambian (NCC ownership classification: Zambian, male)",,"NCC grade 5R",,,,"5R",,"high","non-registry source evidences operations","-15.4167","28.2833","town centroid, not a company address",,"https://www.ncc.org.zm/wp-content/uploads/2026/07/2026-List-of-Contractors-as-at-30th-June-2026.pdf"
"Huaqiang Mining Services Limited","mining_contractor","Mining services contractor with Kitwe and Lusaka NCC registrations; Chinese-associated name","Kitwe","Kitwe","Copperbelt","Zambian ownership classification on the NCC register",,"NCC grades 6C (Kitwe) and 5B (Lusaka)",,,,"6C; 5B",,"high","non-registry source evidences operations","-12.8024","28.2132","town centroid, not a company address","Name suggests Chinese founders but the NCC ownership column records Zambian; do not over-read either signal.","https://www.ncc.org.zm/wp-content/uploads/2026/07/2026-List-of-Contractors-as-at-30th-June-2026.pdf"
"Inzu Mining, Construction & Supplies","mining_contractor","Mining, construction and supplies contractor with five NCC registrations across Lusaka and Mufulira, including a grade-2 building registration","Lusaka","Lusaka","Lusaka","Zambian; one Mufulira registration is recorded as female-owned",,"NCC grades 2B, 6E, 4R and others",,,,"2B; 6E; 4R",,"high","non-registry source evidences operations","-15.4167","28.2833","town centroid, not a company address","The Mufulira grade-4R row carries a Female ownership classification while the Lusaka rows are Male - the register records ownership per registration, not per company.","https://www.ncc.org.zm/wp-content/uploads/2026/07/2026-List-of-Contractors-as-at-30th-June-2026.pdf"
"JCHX Mining Construction Zambia Limited","mining_contractor","Chinese underground mining and shaft-sinking contractor operating in Zambia; PACRA nature of business 'Other mining and quarrying n.e.c.'",,,,"Chinese-owned subsidiary","JCHX Mining Management Co., Ltd (China)","PACRA registration 30/07/2010","120100086066","Active","Other mining and quarrying n.e.c.",,,"high","non-registry source evidences operations",,,,"JCHX is one of the largest Chinese mine-development contractors active on the Zambian Copperbelt.","https://xatu.pacra.org.zm:8344/api/v1/Search/registrysearch?Searchtext=JCHX&SortyBy=entity%20name&Direction=ASC"
"Joe's Earthworks & Mining","mining_contractor","Earthworks and mining contractor with NCC registrations in Kitwe, Lusaka, Chama and Chadiza, all carrying a Copperbelt province classification","Kitwe","Kitwe","Copperbelt","Zambian (NCC ownership classification: Zambian)",,"NCC grades 6E and 6B (multiple registrations)",,,,"6E; 6B",,"high","non-registry source evidences operations","-12.8024","28.2132","town centroid, not a company address",,"https://www.ncc.org.zm/wp-content/uploads/2026/07/2026-List-of-Contractors-as-at-30th-June-2026.pdf"
"Krel Mining & Construction","mining_contractor","Mining and construction contractor based in Chingola, the Nchanga mine town; NCC-registered in the civil category","Chingola","Chingola","Lusaka","Zambian (NCC ownership classification: Zambian, male)",,"NCC grade 6C",,,,"6C",,"medium","registry record and/or indirect evidence only","-12.5288","27.8492","town centroid, not a company address","The NCC row pairs a Chingola town with a Lusaka province entry, which is an inconsistency in the source register rather than a finding.","https://www.ncc.org.zm/wp-content/uploads/2026/07/2026-List-of-Contractors-as-at-30th-June-2026.pdf"
"Mama Africa Mining Services","mining_contractor","Mining services contractor; NCC-registered in the building category with a Copperbelt province classification",,,"Copperbelt","Zambian (NCC ownership classification: Zambian, male)",,"NCC grade 5B",,,,"5B",,"medium","registry record and/or indirect evidence only",,,,"Town column blank in the published NCC PDF.","https://www.ncc.org.zm/wp-content/uploads/2026/07/2026-List-of-Contractors-as-at-30th-June-2026.pdf"
"Master Mine Service (Zambia) Limited","mining_contractor","Mine services contractor; NCC-registered in building categories","Lusaka","Lusaka","Lusaka","Zambian (NCC ownership classification)",,"NCC grade 6B (two registrations)",,,,"6B",,"high","non-registry source evidences operations","-15.4167","28.2833","town centroid, not a company address",,"https://www.ncc.org.zm/wp-content/uploads/2026/07/2026-List-of-Contractors-as-at-30th-June-2026.pdf"
"Metal Lake Mining Construction and Logistics Limited","mining_contractor","Combined mining, construction and logistics contractor based in Kitwe with a Lusaka registration as well","Kitwe","Kitwe","Copperbelt","Foreign-owned (NCC country of ownership: India) on its grade-2 registration, with additional Zambian-classified registrations",,"NCC grades 2 ME, 5B, 5E, 6B, 6C, 6 M (ME)",,,,"2 ME; 5B; 5E; 6B; 6C; 6 M (ME)",,"high","non-registry source evidences operations","-12.8024","28.2132","town centroid, not a company address","Multiple NCC registrations across categories, which is typical of firms bidding both mine works and civils.","https://www.ncc.org.zm/wp-content/uploads/2026/07/2026-List-of-Contractors-as-at-30th-June-2026.pdf"
"Momentum Mining Services Limited","mining_contractor","Mining services firm registered with the NCC as both a manufacturer/supplier and a civil contractor","Lusaka","Lusaka","Lusaka","Zambian (NCC ownership classification: Zambian, male)",,"NCC grades 6 M (M) and 6C",,,,"6 M (M); 6C",,"high","non-registry source evidences operations","-15.4167","28.2833","town centroid, not a company address",,"https://www.ncc.org.zm/wp-content/uploads/2026/07/2026-List-of-Contractors-as-at-30th-June-2026.pdf"
"NHR Mining Support Zambia Limited","mining_contractor","Mining support services; PACRA ISIC 'Support activities for other mining and quarrying'",,,,,,"Incorporated 2025","120251032127","Active","Support activities for other mining and quarrying",,,"medium","registry record and/or indirect evidence only",,,,,"https://xatu.pacra.org.zm:8344/api/v1/Search/registrysearch?Searchtext=MINE%20SUPPORT&SortyBy=entity%20name&Direction=ASC"
"Stratomont Mining Services Limited","mining_contractor","Mining services company; PACRA ISIC 'Support activities for other mining and quarrying'",,,,,,"Incorporated 2026","120261047928","Active","Support activities for other mining and quarrying",,,"medium","registry record and/or indirect evidence only",,,,,"https://xatu.pacra.org.zm:8344/api/v1/Search/registrysearch?Searchtext=MINE%20SUPPORT&SortyBy=entity%20name&Direction=ASC"
"Tongguan Mines Construction Zambia Limited","mining_contractor","Mine construction and development contractor; PACRA ISIC 'Support activities for other mining and quarrying'",,,,"Chinese-linked",,"PACRA registration 2011","120110093051","Active","Support activities for other mining and quarrying",,,"medium","registry record and/or indirect evidence only",,,,,"https://xatu.pacra.org.zm:8344/api/v1/Search/registrysearch?Searchtext=MINE%20SUPPORT&SortyBy=entity%20name&Direction=ASC"
"Copperbelt Energy Corporation Plc","power_fuel","Owns and operates the transmission and distribution network that supplies the Copperbelt mines, and is a power trader and IPP; the dedicated mine power utility","Kitwe","Kitwe","Copperbelt","Zambian public company listed on the Lusaka Securities Exchange",,"PACRA registration 19/09/1997, on privatisation of the ZCCM power division; head office in Kitwe with a corporate office in Lusaka","119970039070","Active","Electric power generation, transmission and distribution",,,"high","non-registry source evidences operations","-12.8024","28.2132","town centroid, not a company address","CEC is the single most mining-specific power entity in Zambia - its network exists to serve the Copperbelt mines.","https://xatu.pacra.org.zm:8344/api/v1/Search/registrysearch?Searchtext=COPPERBELT%20ENERGY&SortyBy=entity%20name&Direction=ASC | https://www.cec.com.zm/contact-us"
"Lake Petroleum Limited","power_fuel","Fuel transport and distribution company; PACRA ISIC 'Freight transport by road', consistent with bulk fuel haulage",,,,,,"PACRA registration 07/04/2008","120080071952","Active","Freight transport by road",,,"medium","registry record and/or indirect evidence only",,,,,"https://xatu.pacra.org.zm:8344/api/v1/Search/registrysearch?Searchtext=LAKE%20PETROLEUM&SortyBy=entity%20name&Direction=ASC"
"Mount Meru Petroleum Zambia Limited","power_fuel","Fuel wholesaler and distributor; PACRA ISIC 'Wholesale of solid, liquid and gaseous fuels and related products'",,,,"Foreign-linked regional group","Mount Meru Group","PACRA registration 12/04/2007","120070066258","Active","Wholesale of solid, liquid and gaseous fuels and related products",,,"medium","registry record and/or indirect evidence only",,,,"Recorded as a bulk fuel distributor with the scale to serve mining customers; a specific mining supply contract was not verified.","https://xatu.pacra.org.zm:8344/api/v1/Search/registrysearch?Searchtext=MOUNT%20MERU&SortyBy=entity%20name&Direction=ASC"
"Puma Energy Zambia Plc","power_fuel","Fuel importer, storage operator and bulk distributor; a principal supplier of diesel to Zambian mining operations. PACRA ISIC 'Support activities for petroleum and natural gas extraction'",,,,"Foreign-owned public company","Puma Energy Holdings","PACRA registration 16/08/1963 - the legacy BP Zambia registration","119630002575","Active","Support activities for petroleum and natural gas extraction",,,"high","non-registry source evidences operations",,,,"A related PUMA ENERGY RENEWABLES ZAMBIA LIMITED (120251033130) was registered in 2025.","https://xatu.pacra.org.zm:8344/api/v1/Search/registrysearch?Searchtext=PUMA%20ENERGY&SortyBy=entity%20name&Direction=ASC"
"TotalEnergies Marketing Zambia Limited","power_fuel","Fuel and lubricants marketer; supplies bulk diesel and industrial lubricants to mining and heavy industry",,,,"Foreign-owned subsidiary (French parent)","TotalEnergies SE (France)","PACRA registration 10/11/1950","119500000366","Active","Manufacture of gas; distribution of gaseous fuels through mains",,,"high","non-registry source evidences operations",,,,"TOTALENERGIES AVIATION ZAMBIA LIMITED (120080002346) is a separate Active entity.","https://xatu.pacra.org.zm:8344/api/v1/Search/registrysearch?Searchtext=TOTALENERGIES&SortyBy=entity%20name&Direction=ASC"
"ZESCO Limited","power_fuel","State-owned national electricity utility; supplies mines under large-power/bulk-supply arrangements and is the ultimate generator behind most mine load","Lusaka","Lusaka","Lusaka","State-owned (Government of the Republic of Zambia via IDC)","Industrial Development Corporation (Zambia)","PACRA registration 10/10/1988; national utility","119880017475","Active","Electric power generation, transmission and distribution",,,"high","non-registry source evidences operations","-15.4167","28.2833","town centroid, not a company address","Included because mine large-power supply agreements are a mining-specific commercial arrangement, not general retail electricity.","https://xatu.pacra.org.zm:8344/api/v1/Search/registrysearch?Searchtext=ZESCO&SortyBy=entity%20name&Direction=ASC"
"AL FARIS GOLD LEACHING AND REFINING LIMITED","processor","Gold leaching and refining company, mining support services",,,,,,,"120241015161","Active","Support activities for other mining and quarrying",,,"medium","registry record and/or indirect evidence only",,,,"PACRA registry record only; no town/address published in the registry API. Registered 01/11/2024. Entity type: Local Company - Limited by Shares. Not individually researched beyond the registry in this pass: name, segment and ISIC line are the full extent of the evidence, and no non-registry source has been checked. Do not treat the segment as confirmed trading or processing activity.","https://xatu.pacra.org.zm:8344/api/v1/Search/registrysearch?Searchtext=LEACH&SortyBy=entity%20name&Direction=ASC"
"FATEH MINERALS PROCESSING AND EXPORT LIMITED","processor","Minerals processing and export company",,,,,,,"120251033714","Active","Mining of other non-ferrous metal ores",,,"medium","registry record and/or indirect evidence only",,,,"PACRA registry record only; no town/address published in the registry API. Registered 07/10/2025. Entity type: Local Company - Limited by Shares. Not individually researched beyond the registry in this pass: name, segment and ISIC line are the full extent of the evidence, and no non-registry source has been checked. Do not treat the segment as confirmed trading or processing activity.","https://xatu.pacra.org.zm:8344/api/v1/Search/registrysearch?Searchtext=MINERAL%20PROCESSING&SortyBy=entity%20name&Direction=ASC"
"HUACHIN METAL LEACH LIMITED","processor","Copper metal leaching plant, non-ferrous metal ores",,,,,,,"120190005021","Active","Mining of other non-ferrous metal ores",,,"medium","registry record and/or indirect evidence only",,,,"NAMESAKE CAUTION: the well-documented Huachin Metal Leach SA is a CNMC-affiliated copper hydrometallurgy plant at Likasi in Haut-Katanga, DRC, not Zambia. HUACHIN METAL LEACH LIMITED is a separate Zambian PACRA registration (registered 2019, ISIC: mining of other non-ferrous metal ores) and is most likely a related entity of the same Chinese group, but no source was found evidencing an operating plant in Zambia. Treat the Zambian entity as registration-only until a Zambian site is confirmed.","https://xatu.pacra.org.zm:8344/api/v1/Search/registrysearch?Searchtext=LEACH&SortyBy=entity%20name&Direction=ASC | https://hml-drc.com/en/ | https://www.dnb.com/business-directory/company-profiles.huachin_metal_leach_sprl.491fb069a4cfd29ea7f422978fd18ef8.html"
"KAKOSO METALS LEACH LIMITED","processor","Metals leaching plant associated with Kakoso, Chililabombwe area",,,,,,,"120100086390","Active","Other manufacturing n.e.c",,,"medium","registry record and/or indirect evidence only",,,,"PACRA registry record only; no town/address published in the registry API. Registered 18/08/2010. Entity type: Local Company - Limited by Shares. Not individually researched beyond the registry in this pass: name, segment and ISIC line are the full extent of the evidence, and no non-registry source has been checked. Do not treat the segment as confirmed trading or processing activity.","https://xatu.pacra.org.zm:8344/api/v1/Search/registrysearch?Searchtext=LEACH&SortyBy=entity%20name&Direction=ASC"
"KANCHIBIYA INTEGRATED GOLD PROCESSING AND TRADING LIMITED","processor","Integrated gold processing and trading operation, Kanchibiya, Muchinga",,,,,,,"120261038700","Active","Mining of other non-ferrous metal ores",,,"medium","registry record and/or indirect evidence only",,,,"PACRA registry record only; no town/address published in the registry API. Registered 08/01/2026. Entity type: Local Company - Limited by Shares. Not individually researched beyond the registry in this pass: name, segment and ISIC line are the full extent of the evidence, and no non-registry source has been checked. Do not treat the segment as confirmed trading or processing activity.","https://xatu.pacra.org.zm:8344/api/v1/Search/registrysearch?Searchtext=GOLD%20TRADING&SortyBy=entity%20name&Direction=ASC"
"MUFUMBWE GOLD PROCESSING AND REFINERY LIMITED","processor","Gold processing and refining operation associated with Mufumbwe, North-Western",,,,,,,"120261045731","Active","Mining of other non-ferrous metal ores",,,"medium","registry record and/or indirect evidence only",,,,"PACRA registry record only; no town/address published in the registry API. Registered 03/05/2026. Entity type: Local Company - Limited by Shares. Not individually researched beyond the registry in this pass: name, segment and ISIC line are the full extent of the evidence, and no non-registry source has been checked. Do not treat the segment as confirmed trading or processing activity.","https://xatu.pacra.org.zm:8344/api/v1/Search/registrysearch?Searchtext=REFIN&SortyBy=entity%20name&Direction=ASC"
"MUMBWA GOLD LEECHING AND REFINING LIMITED","processor","Gold leaching and refining operation associated with Mumbwa, Central",,,,,,,"120230054357","Active","Other mining and quarrying n.e.c",,,"medium","registry record and/or indirect evidence only",,,,"PACRA registry record only; no town/address published in the registry API. Registered 02/08/2023. Entity type: Local Company - Limited by Shares. Not individually researched beyond the registry in this pass: name, segment and ISIC line are the full extent of the evidence, and no non-registry source has been checked. Do not treat the segment as confirmed trading or processing activity.","https://xatu.pacra.org.zm:8344/api/v1/Search/registrysearch?Searchtext=REFIN&SortyBy=entity%20name&Direction=ASC"
"SINO-METALS LEACH ZAMBIA LIMITED","processor","Copper hydrometallurgical plant at Chambishi using heap/tank leaching and solvent extraction to turn low-grade oxide ore and tailings into copper cathode and blister","Chambishi","Kalulushi","Copperbelt","Chinese state-owned; subsidiary of China Nonferrous Metal Mining (Group) Co., Ltd. (CNMC)","China Nonferrous Metal Mining (Group) Co., Ltd. (CNMC)","Described by CNMC and Chinese state media as China's first large-scale overseas copper hydrometallurgy enterprise","120040057192","Active","Other mining and quarrying n.e.c",,"Zhang Peiwen, Chairman","high","non-registry source evidences operations","-12.65","28.05","town centroid, not a company address","Handles the hydrometallurgical leg of the Chambishi copper operation, processing lower-grade ore into cathode. Subject of the February 2025 tailings dam failure that spilled waste into the Mwambashi/Kafue river system, after which the chairman met Zambian government ministers and issued a public apology. Contact email published by the company is a named individual's address and has been deliberately omitted.","https://xatu.pacra.org.zm:8344/api/v1/Search/registrysearch?Searchtext=LEACH&SortyBy=entity%20name&Direction=ASC | https://www.chinadaily.com.cn/a/202409/05/WS66d90d0ba3108f29c1fca3f2.html | https://en.wikipedia.org/wiki/2025_Sino-Metals_Leach_Zambia_dam_disaster | https://africamining.chinaglobalsouth.com/projects/chambishi-copper-mine"
"North West Rail Company Limited","rail","Concession company formed to develop the North-Western rail link intended to serve the Solwezi/Lumwana/Kalumbila mining district; PACRA ISIC 'Freight transport by road'",,,,,,"PACRA registration 26/11/2003","120030053984","Active","Freight transport by road",,,"medium","registry record and/or indirect evidence only",,,,"Named in the task brief as one of the North-West rail commercial entities. Confirmed as an Active PACRA company; project status not verified here.","https://xatu.pacra.org.zm:8344/api/v1/Search/registrysearch?Searchtext=NORTH%20WEST%20RAIL&SortyBy=entity%20name&Direction=ASC"
"TAZARA Corridor Marketing Company Limited","rail","Marketing and commercial company for the TAZARA corridor, the rail route used for Zambian copper and cobalt export to Dar es Salaam",,,,,,"PACRA registration 21/06/1994","119940031790","Active","Other retail sale not in stores, stalls or markets",,,"medium","registry record and/or indirect evidence only",,,,"PACRA ISIC line appears to be a registration-form artefact.","https://xatu.pacra.org.zm:8344/api/v1/Search/registrysearch?Searchtext=TAZARA&SortyBy=entity%20name&Direction=ASC"
"TAZARA Revitalization Zambia Limited","rail","Zambian company incorporated in 2025 in connection with the revitalisation of the Tanzania-Zambia Railway, the Dar es Salaam corridor route for Zambian mineral exports; PACRA ISIC 'Passenger rail transport, interurban'",,,,,,"Incorporated 18/07/2025","120251028920","Active","Passenger rail transport, interurban",,,"medium","registry record and/or indirect evidence only",,,,"Distinct from TAZARA itself, which is a bi-national statutory authority and therefore not a PACRA company. TAZARA CORRIDOR MARKETING COMPANY LIMITED (119940031790, Active, registered 1994) is a separate related PACRA entity.","https://xatu.pacra.org.zm:8344/api/v1/Search/registrysearch?Searchtext=TAZARA&SortyBy=entity%20name&Direction=ASC"
"Zambia Railways Limited","rail","State-owned railway operating the Zambian main line (Livingstone-Lusaka-Kapiri Mposhi-Copperbelt), the historic route for copper and mine inbound bulk freight","Kabwe","Kabwe","Central","State-owned (Government of the Republic of Zambia via IDC)","Industrial Development Corporation (Zambia)","PACRA registration 19/12/1983","119830012780","Active","Passenger rail transport, interurban",,,"medium","registry record and/or indirect evidence only","-14.4469","28.4464","town centroid, not a company address","Kabwe headquarters is long-standing public knowledge but is not confirmed by the PACRA record, which carries no address; treat town as provisional.","https://xatu.pacra.org.zm:8344/api/v1/Search/registrysearch?Searchtext=ZAMBIA%20RAILWAYS%20LIMITED&SortyBy=entity%20name&Direction=ASC"
"ACHIEVERS SCRAP DEALERS LIMITED","scrap_metal","Scrap dealing company, wholesale of waste and scrap",,,,,,,"120241002654","Active","Wholesale of waste and scrap and other products n.e.c",,,"medium","registry record and/or indirect evidence only",,,,"PACRA registry record only; no town/address published in the registry API. Registered 22/02/2024. Entity type: Local Company - Limited by Shares. Not individually researched beyond the registry in this pass: name, segment and ISIC line are the full extent of the evidence, and no non-registry source has been checked. Do not treat the segment as confirmed trading or processing activity.","https://xatu.pacra.org.zm:8344/api/v1/Search/registrysearch?Searchtext=SCRAP&SortyBy=entity%20name&Direction=ASC"
"CHRIMOS SCRAP METAL & TRADING LIMITED","scrap_metal","Scrap metal trading company",,,,,,,"120150136970","Active","Wholesale of waste and scrap and other products n.e.c",,,"medium","registry record and/or indirect evidence only",,,,"PACRA registry record only; no town/address published in the registry API. Registered 02/11/2015. Entity type: Local Company - Limited by Shares. Not individually researched beyond the registry in this pass: name, segment and ISIC line are the full extent of the evidence, and no non-registry source has been checked. Do not treat the segment as confirmed trading or processing activity.","https://xatu.pacra.org.zm:8344/api/v1/Search/registrysearch?Searchtext=METAL%20TRADING&SortyBy=entity%20name&Direction=ASC"
"COSIM SCRAP METAL AND GENERAL DEALERS","scrap_metal","Scrap metal and general dealer",,,,,,,"320251046612","Active","Wholesale of waste and scrap and other products n.e.c",,,"medium","registry record and/or indirect evidence only",,,,"PACRA registry record only; no town/address published in the registry API. Registered 12/06/2025. Entity type: Business Name - Individual/Partnership. Not individually researched beyond the registry in this pass: name, segment and ISIC line are the full extent of the evidence, and no non-registry source has been checked. Do not treat the segment as confirmed trading or processing activity.","https://xatu.pacra.org.zm:8344/api/v1/Search/registrysearch?Searchtext=SCRAP&SortyBy=entity%20name&Direction=ASC"
"KAGLO SCRAP METAL AND GENERAL TRADING","scrap_metal","Scrap metal and general trading business",,,,,,,"320220053487","Active","Wholesale of waste and scrap and other products n.e.c",,,"medium","registry record and/or indirect evidence only",,,,"PACRA registry record only; no town/address published in the registry API. Registered 15/07/2022. Entity type: Business Name - Individual/Partnership. Not individually researched beyond the registry in this pass: name, segment and ISIC line are the full extent of the evidence, and no non-registry source has been checked. Do not treat the segment as confirmed trading or processing activity.","https://xatu.pacra.org.zm:8344/api/v1/Search/registrysearch?Searchtext=METAL%20TRADING&SortyBy=entity%20name&Direction=ASC"
"LASTO SCRAP DEALERS","scrap_metal","Scrap dealer, wholesale of waste and scrap",,,,,,,"320190000684","Active","Wholesale of waste and scrap and other products n.e.c",,,"medium","registry record and/or indirect evidence only",,,,"PACRA registry record only; no town/address published in the registry API. Registered 11/01/2019. Entity type: Business Name - Individual/Partnership. Not individually researched beyond the registry in this pass: name, segment and ISIC line are the full extent of the evidence, and no non-registry source has been checked. Do not treat the segment as confirmed trading or processing activity.","https://xatu.pacra.org.zm:8344/api/v1/Search/registrysearch?Searchtext=SCRAP&SortyBy=entity%20name&Direction=ASC"
"MAROKAJO SRAP METAL TRADING","scrap_metal","Scrap metal trading business name",,,,,,,"320220042880","Active","Non-specialized wholesale trade",,,"medium","registry record and/or indirect evidence only",,,,"PACRA registry record only; no town/address published in the registry API. Registered 02/04/2022. Entity type: Business Name - Individual/Partnership. Not individually researched beyond the registry in this pass: name, segment and ISIC line are the full extent of the evidence, and no non-registry source has been checked. Do not treat the segment as confirmed trading or processing activity.","https://xatu.pacra.org.zm:8344/api/v1/Search/registrysearch?Searchtext=METAL%20TRADING&SortyBy=entity%20name&Direction=ASC"
"MARTINDALE METALS & GENERAL TRADING","scrap_metal","Metals trading business classified under materials recovery",,,,,,,"320050121116","Active","Materials recovery",,,"medium","registry record and/or indirect evidence only",,,,"PACRA registry record only; no town/address published in the registry API. Registered 08/04/2005. Entity type: Business Name - Individual/Partnership. Not individually researched beyond the registry in this pass: name, segment and ISIC line are the full extent of the evidence, and no non-registry source has been checked. Do not treat the segment as confirmed trading or processing activity.","https://xatu.pacra.org.zm:8344/api/v1/Search/registrysearch?Searchtext=METAL%20TRADING&SortyBy=entity%20name&Direction=ASC"
"MATHEWS PAKA METAL SCRAP DEALERS","scrap_metal","Metal scrap dealer, wholesale of waste and scrap",,,,,,,"320241002587","Active","Wholesale of waste and scrap and other products n.e.c",,,"medium","registry record and/or indirect evidence only",,,,"PACRA registry record only; no town/address published in the registry API. Registered 01/02/2024. Entity type: Business Name - Individual/Partnership. Not individually researched beyond the registry in this pass: name, segment and ISIC line are the full extent of the evidence, and no non-registry source has been checked. Do not treat the segment as confirmed trading or processing activity.","https://xatu.pacra.org.zm:8344/api/v1/Search/registrysearch?Searchtext=SCRAP&SortyBy=entity%20name&Direction=ASC"
"NENACH SCRAP DEALERS","scrap_metal","Scrap dealer, wholesale of waste and scrap",,,,,,,"320190018655","Active","Wholesale of waste and scrap and other products n.e.c",,,"medium","registry record and/or indirect evidence only",,,,"PACRA registry record only; no town/address published in the registry API. Registered 30/12/2019. Entity type: Business Name - Individual/Partnership. Not individually researched beyond the registry in this pass: name, segment and ISIC line are the full extent of the evidence, and no non-registry source has been checked. Do not treat the segment as confirmed trading or processing activity.","https://xatu.pacra.org.zm:8344/api/v1/Search/registrysearch?Searchtext=SCRAP&SortyBy=entity%20name&Direction=ASC"
"NZUBUKE SCRAP AND SUPPLIERS","scrap_metal","Scrap dealer and supplier",,,,,,,"320180012902","Active","Wholesale of waste and scrap and other products n.e.c",,,"medium","registry record and/or indirect evidence only",,,,"PACRA registry record only; no town/address published in the registry API. Registered 04/10/2018. Entity type: Business Name - Individual/Partnership. Not individually researched beyond the registry in this pass: name, segment and ISIC line are the full extent of the evidence, and no non-registry source has been checked. Do not treat the segment as confirmed trading or processing activity.","https://xatu.pacra.org.zm:8344/api/v1/Search/registrysearch?Searchtext=SCRAP&SortyBy=entity%20name&Direction=ASC"
"ZAIN SCRAP DEALERS","scrap_metal","Scrap dealer, wholesale of waste and scrap",,,,,,,"320170010267","Active","Wholesale of waste and scrap and other products n.e.c",,,"medium","registry record and/or indirect evidence only",,,,"PACRA registry record only; no town/address published in the registry API. Registered 03/08/2017. Entity type: Business Name - Body Corporate. Not individually researched beyond the registry in this pass: name, segment and ISIC line are the full extent of the evidence, and no non-registry source has been checked. Do not treat the segment as confirmed trading or processing activity.","https://xatu.pacra.org.zm:8344/api/v1/Search/registrysearch?Searchtext=SCRAP&SortyBy=entity%20name&Direction=ASC"
"Copper-Mine Secure Services","security","Security services business name explicitly oriented to copper mining; PACRA ISIC 'Security systems service activities'",,,,"Zambian registered business name",,"Registered 2022","320220040096","Active","Security systems service activities",,,"medium","registry record and/or indirect evidence only",,,,,"https://xatu.pacra.org.zm:8344/api/v1/Search/registrysearch?Searchtext=MINE%20SECURITY&SortyBy=entity%20name&Direction=ASC"
"G Four S Mining Solutions Zambia Limited","security","Mining-focused security company; PACRA nature of business 'Private security activities'",,,,,,"Incorporated 2025","120251038021","Active","Private security activities",,,"medium","registry record and/or indirect evidence only",,,,"The name is a phonetic rendering of 'G4S' but no affiliation with the G4S/Allied Universal group is evidenced. Do not assume a link.","https://xatu.pacra.org.zm:8344/api/v1/Search/registrysearch?Searchtext=MINE%20SECURITY&SortyBy=entity%20name&Direction=ASC"
"Golden Camp Solutions Limited","security","Camp solutions and food service company; PACRA ISIC 'Other food service activities', consistent with remote-site camp and catering work",,,,,,"PACRA registration 2021","120210020338","Active","Other food service activities",,,"medium","registry record and/or indirect evidence only",,,,"Mine-site camp work is inferred from the name and ISIC line, not confirmed by a mining-context source.","https://xatu.pacra.org.zm:8344/api/v1/Search/registrysearch?Searchtext=CAMP%20AND%20CATERING&SortyBy=entity%20name&Direction=ASC"
"Kobra Mining Security Services Limited","security","Security company dedicated to mining clients; PACRA nature of business 'Private security activities'",,,,,,"PACRA registration 2014","120140126444","Active","Private security activities",,,"medium","registry record and/or indirect evidence only",,,,"One of the few PACRA companies combining an explicit mining focus with the 'Private security activities' classification.","https://xatu.pacra.org.zm:8344/api/v1/Search/registrysearch?Searchtext=MINE%20SECURITY&SortyBy=entity%20name&Direction=ASC"
"Pala Mine Security Services","security","Mine security services business name on the PACRA register",,,,"Zambian registered business name",,"Registered 2021","320210019164","Active","Compulsory social security activities",,,"medium","registry record and/or indirect evidence only",,,,"The recorded ISIC line ('Compulsory social security activities') is plainly a registration-form mis-selection - the trading name indicates mine guarding.","https://xatu.pacra.org.zm:8344/api/v1/Search/registrysearch?Searchtext=MINE%20SECURITY&SortyBy=entity%20name&Direction=ASC"
"Shaft Security Services, Workshop, Spares, Mining, Food Supply and General Dealers Limited","security","Combined mine-site services company spanning shaft security, workshop and spares, mining and food supply - i.e. a bundled mine-site support provider. PACRA nature of business 'Private security activities'",,,,,,"PACRA registration 2007","120070066112","Active","Private security activities",,,"medium","registry record and/or indirect evidence only",,,,"The registered name is itself evidence of how bundled mine-site service provision is structured in Zambia.","https://xatu.pacra.org.zm:8344/api/v1/Search/registrysearch?Searchtext=MINE%20SECURITY&SortyBy=entity%20name&Direction=ASC"
"Sodexo Security Company Limited","security","Security services company; PACRA ISIC 'Security systems service activities'",,,,,,"PACRA registration 2021","120210018272","Active","Security systems service activities",,,"medium","registry record and/or indirect evidence only",,,,"Name coincides with the international Sodexo facilities group but no affiliation is evidenced - most likely an unrelated Zambian company. A mining-specific contract was not verified; recorded as a candidate only.","https://xatu.pacra.org.zm:8344/api/v1/Search/registrysearch?Searchtext=SODEXO&SortyBy=entity%20name&Direction=ASC"
"AFRICAN PRECIOUS METALS REFINERY LIMITED","smelter_refiner","Precious metals refinery, mining support services",,,,,,,"120190007325","Active","Support activities for other mining and quarrying",,,"medium","registry record and/or indirect evidence only",,,,"PACRA registry record only; no town/address published in the registry API. Registered 17/09/2019. Entity type: Local Company - Limited by Shares. Not individually researched beyond the registry in this pass: name, segment and ISIC line are the full extent of the evidence, and no non-registry source has been checked. Do not treat the segment as confirmed trading or processing activity.","https://xatu.pacra.org.zm:8344/api/v1/Search/registrysearch?Searchtext=REFIN&SortyBy=entity%20name&Direction=ASC"
"BLUE WATERS MINERAL REFINERS LIMITED","smelter_refiner","Mineral refining company, non-ferrous metal ores",,,,,,,"120190009621","Active","Mining of other non-ferrous metal ores",,,"medium","registry record and/or indirect evidence only",,,,"PACRA registry record only; no town/address published in the registry API. Registered 10/12/2019. Entity type: Local Company - Limited by Shares. Not individually researched beyond the registry in this pass: name, segment and ISIC line are the full extent of the evidence, and no non-registry source has been checked. Do not treat the segment as confirmed trading or processing activity.","https://xatu.pacra.org.zm:8344/api/v1/Search/registrysearch?Searchtext=REFIN&SortyBy=entity%20name&Direction=ASC"
"BULLIONTECH REFINERY LIMITED","smelter_refiner","Refinery company registered in Zambia",,,,,,,"120220040462","Active","Mining of iron ores",,,"medium","registry record and/or indirect evidence only",,,,"PACRA registry record only; no town/address published in the registry API. Registered 12/10/2022. Entity type: Local Company - Limited by Shares. Not individually researched beyond the registry in this pass: name, segment and ISIC line are the full extent of the evidence, and no non-registry source has been checked. Do not treat the segment as confirmed trading or processing activity.","https://xatu.pacra.org.zm:8344/api/v1/Search/registrysearch?Searchtext=BULLION&SortyBy=entity%20name&Direction=ASC"
"CENTURY MINERALS AND SMELTERS LIMITED","smelter_refiner","Minerals and smelting company",,,,,,,"120190001615","Active","Other mining and quarrying n.e.c",,,"medium","registry record and/or indirect evidence only",,,,"PACRA registry record only; no town/address published in the registry API. Registered 19/02/2019. Entity type: Local Company - Limited by Shares. Not individually researched beyond the registry in this pass: name, segment and ISIC line are the full extent of the evidence, and no non-registry source has been checked. Do not treat the segment as confirmed trading or processing activity.","https://xatu.pacra.org.zm:8344/api/v1/Search/registrysearch?Searchtext=SMELT&SortyBy=entity%20name&Direction=ASC"
"CHAMBISHI COPPER SMELTER LIMITED","smelter_refiner","Custom copper smelter in the Chambishi Multi-Facility Economic Zone treating concentrate from Copperbelt mines into blister copper","Chambishi","Kalulushi","Copperbelt","Chinese state-owned; holding subsidiary of China Nonferrous Metal Mining (Group) Co., Ltd. (CNMC)","China Nonferrous Metal Mining (Group) Co., Ltd. (CNMC)","Commissioned 2009; capacity approx. 150,000 tonnes of copper concentrate per year producing blister copper for further refining to cathode","120060062959","Active","Other transportation support activities",,,"high","non-registry source evidences operations","-12.65","28.05","town centroid, not a company address","Located inside the Chambishi MFEZ, Kalulushi district. Cut roughly one fifth of production in 2024 during Zambia's drought-driven power shortages. Runs CSR projects in Lubuto ward, Kalulushi. PACRA ISIC line is recorded as 'other transportation support activities', which does not match the actual smelting activity - a registry classification artefact.","https://xatu.pacra.org.zm:8344/api/v1/Search/registrysearch?Searchtext=SMELT&SortyBy=entity%20name&Direction=ASC | https://www.lobitocorridor.com/mines/zambia/chambishi | https://www.cnmc.com.cn/ysen/NewsCenter/CompanyUpdates/2025/8/I1406919473625038848.html | https://theafricanmirror.africa/business/zambias-chambishi-copper-smelter-scales-back-capacity-amid-power-cuts"
"CHAMBISHI METALS PLC","smelter_refiner","Cobalt and copper electro-metals refinery and slag treatment plant north of Kitwe, producing cobalt metal and copper cathode and tolling third-party material","Chambishi","Kalulushi","Copperbelt","Foreign-owned with a state minority; ENRC holds 90% through its shareholding in ENYA, ZCCM-IH holds 10%","Eurasian Resources Group (ERG) / ENRC, via ENYA Holdings","Nominal capacity 6,800 tonnes per year of cobalt metal and 55,000 tonnes per year of copper cathode; over 200 workers at the time of closure; houses one of the largest slag treatment plants in the world and a Cosac electric arc furnace for cobalt recovery","119980041151","Active","Support activities for other mining and quarrying",,,"high","non-registry source evidences operations","-12.65","28.05","town centroid, not a company address","Registered in Zambia 12/08/1998. Described by ERG as the only plant in Zambia producing cobalt metal. Placed on care and maintenance in January 2020 for lack of feedstock, with over 200 workers sent home; Zambian trade press reported through 2025 and 2026 that operations had still not resumed and that government was under pressure over the plant's future. Its former Nkana slag dump asset is now worked by Nkana Alloy Smelting Company Limited.","https://www.ergafrica.com/cobalt-copper-division/chambishi-metals/ | https://www.zccm-ih.com.zm/investments/mining-assets/chambishi-metals-plc/ | https://zambianbusinesstimes.com/govt-mute-on-chambishi-metals-re-opening/ | https://www.asianmetal.com/news/1538398/ERG-to-halt-production-at-Zambia-copper-and-cobalt-refinery/ | https://xatu.pacra.org.zm:8344/api/v1/Search/registrysearch?Searchtext=CHAMBISHI%20METALS&SortyBy=entity%20name&Direction=ASC"
"CMID GOLD REFINERY LIMITED","smelter_refiner","Gold refinery, non-ferrous metal ores",,,,,,,"120230047151","Active","Mining of other non-ferrous metal ores",,,"medium","registry record and/or indirect evidence only",,,,"PACRA registry record only; no town/address published in the registry API. Registered 03/03/2023. Entity type: Local Company - Limited by Shares. Not individually researched beyond the registry in this pass: name, segment and ISIC line are the full extent of the evidence, and no non-registry source has been checked. Do not treat the segment as confirmed trading or processing activity.","https://xatu.pacra.org.zm:8344/api/v1/Search/registrysearch?Searchtext=REFIN&SortyBy=entity%20name&Direction=ASC"
"COPPERBELT SMELTER AND REFINERY CORPORATION LIMITED","smelter_refiner","Smelting and refining corporation, mining support services",,,,,,,"120200008564","Active","Support activities for other mining and quarrying",,,"medium","registry record and/or indirect evidence only",,,,"PACRA registry record only. A targeted web search for this exact company name returned no results, so no plant, town, capacity, owner or contact could be evidenced. Registered 2020 with ISIC 'support activities for other mining and quarrying' rather than a manufacturing/smelting class, which is more consistent with a services or project company than an operating smelter. Treat the ambitious name with caution.","https://xatu.pacra.org.zm:8344/api/v1/Search/registrysearch?Searchtext=REFIN&SortyBy=entity%20name&Direction=ASC"
"CRYSTAL CORE GOLD REFINERY COMPANY LIMITED","smelter_refiner","Gold refinery, other mining and quarrying",,,,,,,"120251020909","Active","Other mining and quarrying n.e.c",,,"medium","registry record and/or indirect evidence only",,,,"PACRA registry record only; no town/address published in the registry API. Registered 20/02/2025. Entity type: Local Company - Limited by Shares. Not individually researched beyond the registry in this pass: name, segment and ISIC line are the full extent of the evidence, and no non-registry source has been checked. Do not treat the segment as confirmed trading or processing activity.","https://xatu.pacra.org.zm:8344/api/v1/Search/registrysearch?Searchtext=REFIN&SortyBy=entity%20name&Direction=ASC"
"CYPRIUM REFINERY PRECIOUS METALS PLANT LIMITED","smelter_refiner","Precious metals refinery plant company",,,,,,,"120170001472","Active","Management consultancy activities",,,"medium","registry record and/or indirect evidence only",,,,"PACRA registry record only; no town/address published in the registry API. Registered 22/02/2017. Entity type: Local Company - Limited by Shares. Not individually researched beyond the registry in this pass: name, segment and ISIC line are the full extent of the evidence, and no non-registry source has been checked. Do not treat the segment as confirmed trading or processing activity.","https://xatu.pacra.org.zm:8344/api/v1/Search/registrysearch?Searchtext=REFIN&SortyBy=entity%20name&Direction=ASC"
"EMIR GOLD REFINERY LIMITED","smelter_refiner","Gold refinery, other mining and quarrying",,,,,,,"120251022172","Active","Other mining and quarrying n.e.c",,,"medium","registry record and/or indirect evidence only",,,,"PACRA registry record only; no town/address published in the registry API. Registered 14/03/2025. Entity type: Local Company - Limited by Shares. Not individually researched beyond the registry in this pass: name, segment and ISIC line are the full extent of the evidence, and no non-registry source has been checked. Do not treat the segment as confirmed trading or processing activity.","https://xatu.pacra.org.zm:8344/api/v1/Search/registrysearch?Searchtext=REFIN&SortyBy=entity%20name&Direction=ASC"
"EMPERIO GOLD REFINING LIMITED","smelter_refiner","Gold refining company, non-ferrous metal ores",,,,,,,"120251026987","Active","Mining of other non-ferrous metal ores",,,"medium","registry record and/or indirect evidence only",,,,"PACRA registry record only; no town/address published in the registry API. Registered 12/06/2025. Entity type: Local Company - Limited by Shares. Not individually researched beyond the registry in this pass: name, segment and ISIC line are the full extent of the evidence, and no non-registry source has been checked. Do not treat the segment as confirmed trading or processing activity.","https://xatu.pacra.org.zm:8344/api/v1/Search/registrysearch?Searchtext=REFIN&SortyBy=entity%20name&Direction=ASC"
"FZCO REFINERY LIMITED","smelter_refiner","Refinery company, mining support services",,,,,,,"120241008162","Active","Support activities for other mining and quarrying",,,"medium","registry record and/or indirect evidence only",,,,"PACRA registry record only; no town/address published in the registry API. Registered 10/06/2024. Entity type: Local Company - Limited by Shares. Not individually researched beyond the registry in this pass: name, segment and ISIC line are the full extent of the evidence, and no non-registry source has been checked. Do not treat the segment as confirmed trading or processing activity.","https://xatu.pacra.org.zm:8344/api/v1/Search/registrysearch?Searchtext=REFIN&SortyBy=entity%20name&Direction=ASC"
"GOLD RUSH REFINERY INVESTMENT LIMITED","smelter_refiner","Gold refinery investment company, wholesale trade",,,,,,,"120251033605","Active","Non-specialized wholesale trade",,,"medium","registry record and/or indirect evidence only",,,,"PACRA registry record only; no town/address published in the registry API. Registered 04/10/2025. Entity type: Local Company - Limited by Shares. Not individually researched beyond the registry in this pass: name, segment and ISIC line are the full extent of the evidence, and no non-registry source has been checked. Do not treat the segment as confirmed trading or processing activity.","https://xatu.pacra.org.zm:8344/api/v1/Search/registrysearch?Searchtext=REFIN&SortyBy=entity%20name&Direction=ASC"
"GOLDSTONE REFINERY AND EXPORTS LIMITED","smelter_refiner","Refinery and export company",,,,,,,"120220034443","Active","Manufacture of refined petroleum products",,,"medium","registry record and/or indirect evidence only",,,,"PACRA registry record only; no town/address published in the registry API. Registered 10/06/2022. Entity type: Local Company - Limited by Shares. Not individually researched beyond the registry in this pass: name, segment and ISIC line are the full extent of the evidence, and no non-registry source has been checked. Do not treat the segment as confirmed trading or processing activity.","https://xatu.pacra.org.zm:8344/api/v1/Search/registrysearch?Searchtext=REFIN&SortyBy=entity%20name&Direction=ASC"
"GREAT WALL METAL SMELTING COMPANY LIMITED","smelter_refiner","Iron and steel smelting company using ore and ferrous scrap",,,,,,,"120190000437","Active","Manufacture of basic iron and steel",,,"medium","registry record and/or indirect evidence only",,,,"PACRA registry record only. Targeted web searches for this exact company name returned no results at all, so no town, owner, capacity or contact could be evidenced. The registry ISIC line (manufacture of basic iron and steel, including conversion of ferrous waste and scrap in electric arc furnaces) is the only substantive information available and suggests a scrap-fed steel operation rather than a copper smelter. Do not assume a Copperbelt location without further evidence.","https://xatu.pacra.org.zm:8344/api/v1/Search/registrysearch?Searchtext=SMELT&SortyBy=entity%20name&Direction=ASC"
"HOUSE OF GOLD REFINERY LIMITED","smelter_refiner","Gold refinery, non-ferrous metal ores",,,,,,,"120230055451","Active","Mining of other non-ferrous metal ores",,,"medium","registry record and/or indirect evidence only",,,,"PACRA registry record only; no town/address published in the registry API. Registered 24/08/2023. Entity type: Local Company - Limited by Shares. Not individually researched beyond the registry in this pass: name, segment and ISIC line are the full extent of the evidence, and no non-registry source has been checked. Do not treat the segment as confirmed trading or processing activity.","https://xatu.pacra.org.zm:8344/api/v1/Search/registrysearch?Searchtext=REFIN&SortyBy=entity%20name&Direction=ASC"
"JP MINERALS AND REFINERY LIMITED","smelter_refiner","Minerals and refinery company, non-ferrous metal ores",,,,,,,"120241010672","Active","Mining of other non-ferrous metal ores",,,"medium","registry record and/or indirect evidence only",,,,"PACRA registry record only; no town/address published in the registry API. Registered 02/08/2024. Entity type: Local Company - Limited by Shares. Not individually researched beyond the registry in this pass: name, segment and ISIC line are the full extent of the evidence, and no non-registry source has been checked. Do not treat the segment as confirmed trading or processing activity.","https://xatu.pacra.org.zm:8344/api/v1/Search/registrysearch?Searchtext=REFIN&SortyBy=entity%20name&Direction=ASC"
"KAIYUAN COPPER SMELTER LIMITED","smelter_refiner","Copper smelting company, basic precious and non-ferrous metals manufacture",,,,,,,"120241014921","Active","Manufacture of basic precious and other non-ferrous metals",,,"medium","registry record and/or indirect evidence only",,,,"PACRA registry record only; no town/address published in the registry API. Registered 29/10/2024. Entity type: Local Company - Limited by Shares. Not individually researched beyond the registry in this pass: name, segment and ISIC line are the full extent of the evidence, and no non-registry source has been checked. Do not treat the segment as confirmed trading or processing activity.","https://xatu.pacra.org.zm:8344/api/v1/Search/registrysearch?Searchtext=SMELT&SortyBy=entity%20name&Direction=ASC"
"KCM (SMELTERCO) LIMITED","smelter_refiner","Smelter-holding subsidiary of Konkola Copper Mines; the group's Nchanga smelter at Chingola is a custom smelter that treats Konkola, Nchanga and third-party concentrates into blister copper","Chingola","Chingola","Copperbelt","Foreign-owned with a state minority; Konkola Copper Mines Plc is 80% Vedanta Resources and 20% ZCCM-IH","Konkola Copper Mines Plc (Vedanta Resources 80% / ZCCM-IH 20%)","Nchanga smelter commissioned 2008 with capacity of 311,000 tonnes per annum, direct-to-blister technology from Outotec of Finland and 99.6% sulphur capture; group refinery at Nkana, Kitwe, electro-refines anodes to LME Grade A cathode","120000044055","Active","Support activities for other mining and quarrying",,,"high","non-registry source evidences operations","-12.5288","27.8492","town centroid, not a company address","KCM states its smelter processes third-party concentrates as well as its own, which is what makes it a processor of interest beyond the licence-holder view. A 45-day shutdown costing US$27.63 million was announced for a control-system and infrastructure upgrade. The PACRA entity KCM (SMELTERCO) LIMITED is the registered smelter vehicle; published operating detail is reported at Konkola Copper Mines Plc level rather than under the Smelterco name.","https://xatu.pacra.org.zm:8344/api/v1/Search/registrysearch?Searchtext=SMELT&SortyBy=entity%20name&Direction=ASC | https://kcm.co.zm/operations/mining-process/ | https://miningbusinessafrica.co.za/nchanga-smelter-in-zambia-set-for-an-upgrade/ | https://www.mining.com/web/zambias-kcm-to-shut-down-nchanga-smelter-between-july-and-august/ | https://en.wikipedia.org/wiki/Konkola_Copper_Mines"
"KOBALONI ENERGY ZAMBIA LIMITED","smelter_refiner","Developing what it describes as Africa's first cobalt sulphate refinery, turning Zambian and regional cobalt feedstock into battery-grade cobalt sulphate crystal",,,"Copperbelt","Private; backed by Vision Blue Resources, with US$100 million financing committed by Africa Finance Corporation in December 2024","Kobaloni Energy","Design output approximately 6,000 tonnes per annum of refined cobalt sulphate, which the company frames as enough cobalt for about 1 million electric vehicles a year with potential to double capacity","120210016869","Active","Manufacture of other non-metallic mineral products n.e.c",,,"high","non-registry source evidences operations",,,,"Registered in Zambia 03/06/2021. Sited in the Copperbelt close to the DRC border for feedstock access; no exact town confirmed by a primary source, so town is left blank rather than guessed. Positioned as a non-Chinese, traceable, low-carbon cobalt sulphate supply route for automotive customers. Reported in mid-2026 as commissioning.","https://www.kobaloni.com | https://www.vision-blue.com/portfolio/kobaloni-energy/ | https://govlens.eu/lobby/kobaloni-energy-zambia | https://knowledge.energyinst.org/new-energy-world/article?id=139798 | https://xatu.pacra.org.zm:8344/api/v1/Search/registrysearch?Searchtext=KOBALONI&SortyBy=entity%20name&Direction=ASC"
"LINDBERG GOLD REFINERY LIMITED","smelter_refiner","Gold refinery, other mining and quarrying",,,,,,,"120251035789","Active","Other mining and quarrying n.e.c",,,"medium","registry record and/or indirect evidence only",,,,"PACRA registry record only; no town/address published in the registry API. Registered 14/11/2025. Entity type: Local Company - Limited by Shares. Not individually researched beyond the registry in this pass: name, segment and ISIC line are the full extent of the evidence, and no non-registry source has been checked. Do not treat the segment as confirmed trading or processing activity.","https://xatu.pacra.org.zm:8344/api/v1/Search/registrysearch?Searchtext=REFIN&SortyBy=entity%20name&Direction=ASC"
"LUSAKA GOLD AND PLATINUM REFINERY LIMITED","smelter_refiner","Gold and platinum refinery associated with Lusaka",,,,,,,"120210018340","Active","Support activities for other mining and quarrying",,,"medium","registry record and/or indirect evidence only",,,,"PACRA registry record only; no town/address published in the registry API. Registered 19/07/2021. Entity type: Local Company - Limited by Shares. Not individually researched beyond the registry in this pass: name, segment and ISIC line are the full extent of the evidence, and no non-registry source has been checked. Do not treat the segment as confirmed trading or processing activity.","https://xatu.pacra.org.zm:8344/api/v1/Search/registrysearch?Searchtext=REFIN&SortyBy=entity%20name&Direction=ASC"
"MADELLION MINERAL REFINERY LIMITED","smelter_refiner","Mineral refinery, mining support services",,,,,,,"120220031829","Active","Support activities for other mining and quarrying",,,"medium","registry record and/or indirect evidence only",,,,"PACRA registry record only; no town/address published in the registry API. Registered 25/04/2022. Entity type: Local Company - Limited by Shares. Not individually researched beyond the registry in this pass: name, segment and ISIC line are the full extent of the evidence, and no non-registry source has been checked. Do not treat the segment as confirmed trading or processing activity.","https://xatu.pacra.org.zm:8344/api/v1/Search/registrysearch?Searchtext=REFIN&SortyBy=entity%20name&Direction=ASC"
"NDOLA GOLD REFINERY LIMITED","smelter_refiner","Gold refinery associated with Ndola, Copperbelt",,,,,,,"120251028394","Active","Mining of other non-ferrous metal ores",,,"medium","registry record and/or indirect evidence only",,,,"PACRA registry record only; no town/address published in the registry API. Registered 09/07/2025. Entity type: Local Company - Limited by Shares. Not individually researched beyond the registry in this pass: name, segment and ISIC line are the full extent of the evidence, and no non-registry source has been checked. Do not treat the segment as confirmed trading or processing activity.","https://xatu.pacra.org.zm:8344/api/v1/Search/registrysearch?Searchtext=REFIN&SortyBy=entity%20name&Direction=ASC"
"NINTY NINE NINE GOLD REFINERY LIMITED","smelter_refiner","Gold refinery, non-ferrous metal ores",,,,,,,"120251034436","Active","Mining of other non-ferrous metal ores",,,"medium","registry record and/or indirect evidence only",,,,"PACRA registry record only; no town/address published in the registry API. Registered 20/10/2025. Entity type: Local Company - Limited by Shares. Not individually researched beyond the registry in this pass: name, segment and ISIC line are the full extent of the evidence, and no non-registry source has been checked. Do not treat the segment as confirmed trading or processing activity.","https://xatu.pacra.org.zm:8344/api/v1/Search/registrysearch?Searchtext=REFIN&SortyBy=entity%20name&Direction=ASC"
"NKANA ALLOY SMELTING COMPANY LIMITED","smelter_refiner","Reprocesses the historic Nkana slag dump at Kitwe, smelting the slag into a copper/cobalt alloy","Kitwe","Kitwe","Copperbelt","Subsidiary of ENRC (BVI) Limited","ENRC (BVI) Limited","Holds large-scale mining licence 7071-HQ-LML over the Nkana slag dump copper and cobalt resource","120120108175","Active","Mining of other non-ferrous metal ores",,,"high","non-registry source evidences operations","-12.8024","28.2132","town centroid, not a company address","Formed specifically to process slag material from the Nkana Slag Dump in Kitwe. The dump was previously part of Chambishi Metals Plc, in which ZCCM-IH holds 10%. Reported in 2025 as part of a proposed US$50 million acquisition of ENRC's Zambian copper/cobalt assets by Hedong Technology.","https://xatu.pacra.org.zm:8344/api/v1/Search/registrysearch?Searchtext=SMELT&SortyBy=entity%20name&Direction=ASC | https://forum.aboutzccmih.com/viewtopic.php?t=9932 | https://news.metal.com/newscontent/101115122-hedong-technology-plans-to-spend-us-50-million-to-acquire-enrc-which-has-copper-and-cobalt-resources-in-zambia"
"NKWAZI PUREGOLD REFINERS AND EXPORTS LIMITED","smelter_refiner","Gold refining and export company",,,,,,,"120261039954","Active","Mining of other non-ferrous metal ores",,,"medium","registry record and/or indirect evidence only",,,,"PACRA registry record only; no town/address published in the registry API. Registered 29/01/2026. Entity type: Local Company - Limited by Shares. Not individually researched beyond the registry in this pass: name, segment and ISIC line are the full extent of the evidence, and no non-registry source has been checked. Do not treat the segment as confirmed trading or processing activity.","https://xatu.pacra.org.zm:8344/api/v1/Search/registrysearch?Searchtext=REFIN&SortyBy=entity%20name&Direction=ASC"
"ORO PURO REFINERY LIMITED","smelter_refiner","Refinery company, mining support services",,,,,,,"120251037701","Active","Support activities for other mining and quarrying",,,"medium","registry record and/or indirect evidence only",,,,"PACRA registry record only; no town/address published in the registry API. Registered 17/12/2025. Entity type: Local Company - Limited by Shares. Not individually researched beyond the registry in this pass: name, segment and ISIC line are the full extent of the evidence, and no non-registry source has been checked. Do not treat the segment as confirmed trading or processing activity.","https://xatu.pacra.org.zm:8344/api/v1/Search/registrysearch?Searchtext=REFIN&SortyBy=entity%20name&Direction=ASC"
"POCHY SMELTER ZAMBIA LIMITED","smelter_refiner","Smelting company, mining support services",,,,,,,"120070069952","Active","Support activities for other mining and quarrying",,,"medium","registry record and/or indirect evidence only",,,,"PACRA registry record only; no town/address published in the registry API. Registered 04/12/2007. Entity type: Local Company - Limited by Shares. Not individually researched beyond the registry in this pass: name, segment and ISIC line are the full extent of the evidence, and no non-registry source has been checked. Do not treat the segment as confirmed trading or processing activity.","https://xatu.pacra.org.zm:8344/api/v1/Search/registrysearch?Searchtext=SMELT&SortyBy=entity%20name&Direction=ASC"
"SERENJE SMELTING ZAMBIA LIMITED","smelter_refiner","Smelting company associated with Serenje, Central Province",,,,,,,"120210013828","Active","Mining of other non-ferrous metal ores",,,"medium","registry record and/or indirect evidence only",,,,"PACRA registry record only; no town/address published in the registry API. Registered 15/03/2021. Entity type: Local Company - Limited by Shares. Not individually researched beyond the registry in this pass: name, segment and ISIC line are the full extent of the evidence, and no non-registry source has been checked. Do not treat the segment as confirmed trading or processing activity.","https://xatu.pacra.org.zm:8344/api/v1/Search/registrysearch?Searchtext=SMELT&SortyBy=entity%20name&Direction=ASC"
"SINO-AFRICA RESOURCES AND SMELTING LIMITED","smelter_refiner","Iron and steel smelting company using ore and ferrous scrap",,,,,,,"120220040431","Active","Manufacture of basic iron and steel",,,"medium","registry record and/or indirect evidence only",,,,"PACRA registry record only; no town/address published in the registry API. Registered 12/10/2022. Entity type: Local Company - Limited by Shares. Not individually researched beyond the registry in this pass: name, segment and ISIC line are the full extent of the evidence, and no non-registry source has been checked. Do not treat the segment as confirmed trading or processing activity.","https://xatu.pacra.org.zm:8344/api/v1/Search/registrysearch?Searchtext=SMELT&SortyBy=entity%20name&Direction=ASC"
"SINOMINE KITUMBA REFINERY COMPANY LIMITED","smelter_refiner","Refinery company incorporated to serve Sinomine Resource Group's Kitumba copper project at Mumbwa","Mumbwa","Mumbwa","Central","Chinese-owned; part of the Sinomine Resource Group corporate family in Zambia","Sinomine Resource Group Co., Ltd. (China)",,"120251037715","Active","Support activities for other mining and quarrying",,,"medium","registry record and/or indirect evidence only","-14.9833","27.0667","town centroid, not a company address","Registered very recently, 17/12/2025, and paired in the PACRA register with SINOMINE KITUMBA MINERALS COMPANY LIMITED (120230058252, registered 16/10/2023), which is the mining vehicle for the Kitumba copper deposit in Mumbwa district, Central Province. The refinery entity itself has no published plant, capacity or address yet, so it is best read as a project company at this stage. Sinomine's wider Zambian footprint also includes SINOMINE INTERNATIONAL (ZAMBIA) ENGINEERING COMPANY LIMITED and, historically, SINOMINE ROCK AND MINERAL ANALYSIS TIANJIN ZAMBIA COMPANY LIMITED (now inactive).","https://xatu.pacra.org.zm:8344/api/v1/Search/registrysearch?Searchtext=REFIN&SortyBy=entity%20name&Direction=ASC | https://xatu.pacra.org.zm:8344/api/v1/Search/registrysearch?Searchtext=SINOMINE&SortyBy=entity%20name&Direction=ASC"
"SMELTCO METALS ZAMBIA LIMITED","smelter_refiner","Metals smelting company registered in Zambia",,,,,,,"120220042478","Active","Support activities for other mining and quarrying",,,"medium","registry record and/or indirect evidence only",,,,"PACRA registry record only; no town/address published in the registry API. Registered 25/11/2022. Entity type: Local Company - Limited by Shares. Not individually researched beyond the registry in this pass: name, segment and ISIC line are the full extent of the evidence, and no non-registry source has been checked. Do not treat the segment as confirmed trading or processing activity.","https://xatu.pacra.org.zm:8344/api/v1/Search/registrysearch?Searchtext=SMELT&SortyBy=entity%20name&Direction=ASC"
"SOUTHERN AFRICAN GOLD REFINERY LIMITED","smelter_refiner","Gold refinery, mining support services",,,,,,,"120251038362","Active","Support activities for other mining and quarrying",,,"medium","registry record and/or indirect evidence only",,,,"PACRA registry record only; no town/address published in the registry API. Registered 30/12/2025. Entity type: Local Company - Limited by Shares. Not individually researched beyond the registry in this pass: name, segment and ISIC line are the full extent of the evidence, and no non-registry source has been checked. Do not treat the segment as confirmed trading or processing activity.","https://xatu.pacra.org.zm:8344/api/v1/Search/registrysearch?Searchtext=REFIN&SortyBy=entity%20name&Direction=ASC"
"SUN GOLD REFINERY LIMITED","smelter_refiner","Gold refinery, other mining and quarrying",,,,,,,"120230057918","Active","Other mining and quarrying n.e.c",,,"medium","registry record and/or indirect evidence only",,,,"PACRA registry record only; no town/address published in the registry API. Registered 09/10/2023. Entity type: Local Company - Limited by Shares. Not individually researched beyond the registry in this pass: name, segment and ISIC line are the full extent of the evidence, and no non-registry source has been checked. Do not treat the segment as confirmed trading or processing activity.","https://xatu.pacra.org.zm:8344/api/v1/Search/registrysearch?Searchtext=REFIN&SortyBy=entity%20name&Direction=ASC"
"SUPREME SMELTING LIMITED","smelter_refiner","Smelting company, manufacture of basic precious and other non-ferrous metals",,,,,,,"120220040651","Active","Manufacture of basic precious and other non-ferrous metals",,,"medium","registry record and/or indirect evidence only",,,,"PACRA registry record only; no town/address published in the registry API. Registered 17/10/2022. Entity type: Local Company - Limited by Shares. Not individually researched beyond the registry in this pass: name, segment and ISIC line are the full extent of the evidence, and no non-registry source has been checked. Do not treat the segment as confirmed trading or processing activity.","https://xatu.pacra.org.zm:8344/api/v1/Search/registrysearch?Searchtext=SMELT&SortyBy=entity%20name&Direction=ASC"
"WHITELINE GOLD REFINERY LIMITED","smelter_refiner","Gold refinery, non-specialized wholesale trade",,,,,,,"120220026410","Active","Non-specialized wholesale trade",,,"medium","registry record and/or indirect evidence only",,,,"PACRA registry record only; no town/address published in the registry API. Registered 11/01/2022. Entity type: Local Company - Limited by Shares. Not individually researched beyond the registry in this pass: name, segment and ISIC line are the full extent of the evidence, and no non-registry source has been checked. Do not treat the segment as confirmed trading or processing activity.","https://xatu.pacra.org.zm:8344/api/v1/Search/registrysearch?Searchtext=REFIN&SortyBy=entity%20name&Direction=ASC"
"XTREAM TRADE REFINERY LIMITED","smelter_refiner","Trade and refinery company, non-ferrous metal ores",,,,,,,"120251022947","Active","Mining of other non-ferrous metal ores",,,"medium","registry record and/or indirect evidence only",,,,"PACRA registry record only; no town/address published in the registry API. Registered 27/03/2025. Entity type: Local Company - Limited by Shares. Not individually researched beyond the registry in this pass: name, segment and ISIC line are the full extent of the evidence, and no non-registry source has been checked. Do not treat the segment as confirmed trading or processing activity.","https://xatu.pacra.org.zm:8344/api/v1/Search/registrysearch?Searchtext=REFIN&SortyBy=entity%20name&Direction=ASC"
"ZAMLEACH GOLD REFINERY LIMITED","smelter_refiner","Gold leaching and refining company",,,,,,,"120261046425","Active","Other mining and quarrying n.e.c",,,"medium","registry record and/or indirect evidence only",,,,"PACRA registry record only; no town/address published in the registry API. Registered 13/05/2026. Entity type: Local Company - Limited by Shares. Not individually researched beyond the registry in this pass: name, segment and ISIC line are the full extent of the evidence, and no non-registry source has been checked. Do not treat the segment as confirmed trading or processing activity.","https://xatu.pacra.org.zm:8344/api/v1/Search/registrysearch?Searchtext=REFIN&SortyBy=entity%20name&Direction=ASC"
"ZAMSWISS GOLD REFINERY LIMITED","smelter_refiner","Gold refinery, mining support services",,,,,,,"120241014110","Active","Support activities for other mining and quarrying",,,"medium","registry record and/or indirect evidence only",,,,"PACRA registry record only; no town/address published in the registry API. Registered 12/10/2024. Entity type: Local Company - Limited by Shares. Not individually researched beyond the registry in this pass: name, segment and ISIC line are the full extent of the evidence, and no non-registry source has been checked. Do not treat the segment as confirmed trading or processing activity.","https://xatu.pacra.org.zm:8344/api/v1/Search/registrysearch?Searchtext=REFIN&SortyBy=entity%20name&Direction=ASC"
"ZEDGOLD REFINERY AND GEM PROCESSORS LIMITED","smelter_refiner","Combined gold refinery and gemstone processing business",,,,,,,"120210024056","Active","Mining of other non-ferrous metal ores",,,"medium","registry record and/or indirect evidence only",,,,"PACRA registry record only; no town/address published in the registry API. Registered 23/11/2021. Entity type: Local Company - Limited by Shares. Not individually researched beyond the registry in this pass: name, segment and ISIC line are the full extent of the evidence, and no non-registry source has been checked. Do not treat the segment as confirmed trading or processing activity.","https://xatu.pacra.org.zm:8344/api/v1/Search/registrysearch?Searchtext=REFIN&SortyBy=entity%20name&Direction=ASC"
"Barcolina Water Treatment Solutions","tailings_water","Water treatment business; PACRA ISIC 'Treatment and disposal of non-hazardous waste'",,,,"Zambian registered business name",,"Registered 05/03/2024","320241005659","Active","Treatment and disposal of non-hazardous waste",,,"medium","registry record and/or indirect evidence only",,,,"Mine-water application is not confirmed; recorded as a candidate in a segment where Zambian specialists are thin on the registers.","https://xatu.pacra.org.zm:8344/api/v1/Search/registrysearch?Searchtext=WATER%20TREATMENT%20SOLUTIONS&SortyBy=entity%20name&Direction=ASC"
"Flood Gates Geological Consultants","tailings_water","Geological consultancy registered with PACRA under ISIC 'Collection of hazardous waste' - an unusual pairing that points to mine-waste and contaminated-water work",,,,"Zambian registered business name",,"Registered 2003","320030111525","Active","Collection of hazardous waste",,,"medium","registry record and/or indirect evidence only",,,,,"https://xatu.pacra.org.zm:8344/api/v1/Search/registrysearch?Searchtext=GEOLOG&SortyBy=entity%20name&Direction=ASC"
"Knight Piesold (2013) Limited","tailings_water","Zambian entity of Knight Piesold, specialist consulting engineers for tailings storage facilities, water management, dams and mine infrastructure",,,,"Foreign-linked consultancy group","Knight Piesold (international group)","PACRA registration 12/02/2013; a predecessor business name KNIGHT PIESOLD ZAMBIA (319840026498) has been on the register since 1984","120130109397","Active","Other professional, scientific and technical activities n.e.c.",,,"high","non-registry source evidences operations",,,,"The 1984 business-name registration indicates a four-decade continuous Zambian presence in tailings and water engineering.","https://xatu.pacra.org.zm:8344/api/v1/Search/registrysearch?Searchtext=KNIGHT%20PIESOLD&SortyBy=entity%20name&Direction=ASC"
"Zero Geo Geological and Environmental Consultancy","tailings_water","Geological and environmental consultancy; PACRA ISIC 'Research and experimental development on natural sciences and engineering'. Environmental and water studies are the regulatory gate for tailings and mine-water permitting",,,,"Zambian registered business name",,"Registered 2021","320210021151","Active","Research and experimental development on natural sciences and engineering",,,"medium","registry record and/or indirect evidence only",,,,,"https://xatu.pacra.org.zm:8344/api/v1/Search/registrysearch?Searchtext=GEOLOG&SortyBy=entity%20name&Direction=ASC"
"ABAL MINERAL TRADING LIMITED","trader","Mineral trading company, wholesale trade",,,,,,,"120190006984","Active","Non-specialized wholesale trade",,,"medium","registry record and/or indirect evidence only",,,,"PACRA registry record only; no town/address published in the registry API. Registered 05/09/2019. Entity type: Local Company - Limited by Shares. Not individually researched beyond the registry in this pass: name, segment and ISIC line are the full extent of the evidence, and no non-registry source has been checked. Do not treat the segment as confirmed trading or processing activity.","https://xatu.pacra.org.zm:8344/api/v1/Search/registrysearch?Searchtext=MINERALS%20TRADING&SortyBy=entity%20name&Direction=ASC"
"AMS COMMODITIES LIMITED","trader","Commodities company dealing in non-ferrous metal ores",,,,,,,"120200002855","Active","Mining of other non-ferrous metal ores",,,"medium","registry record and/or indirect evidence only",,,,"PACRA registry record only; no town/address published in the registry API. Registered 15/04/2020. Entity type: Local Company - Limited by Shares. Not individually researched beyond the registry in this pass: name, segment and ISIC line are the full extent of the evidence, and no non-registry source has been checked. Do not treat the segment as confirmed trading or processing activity.","https://xatu.pacra.org.zm:8344/api/v1/Search/registrysearch?Searchtext=COMMODITIES&SortyBy=entity%20name&Direction=ASC"
"ATOM MINERAL TRADING LIMITED","trader","Mineral trading company, non-ferrous metal ores",,,,,,,"120251019972","Active","Mining of other non-ferrous metal ores",,,"medium","registry record and/or indirect evidence only",,,,"PACRA registry record only; no town/address published in the registry API. Registered 06/02/2025. Entity type: Local Company - Limited by Shares. Not individually researched beyond the registry in this pass: name, segment and ISIC line are the full extent of the evidence, and no non-registry source has been checked. Do not treat the segment as confirmed trading or processing activity.","https://xatu.pacra.org.zm:8344/api/v1/Search/registrysearch?Searchtext=MINERALS%20TRADING&SortyBy=entity%20name&Direction=ASC"
"BIG BEAR MINERALS TRADING LIMITED","trader","Mineral trading company registered in Zambia",,,,,,,"120251031259","Active","Other mining and quarrying n.e.c",,,"medium","registry record and/or indirect evidence only",,,,"PACRA registry record only; no town/address published in the registry API. Registered 26/08/2025. Entity type: Local Company - Limited by Shares. Not individually researched beyond the registry in this pass: name, segment and ISIC line are the full extent of the evidence, and no non-registry source has been checked. Do not treat the segment as confirmed trading or processing activity.","https://xatu.pacra.org.zm:8344/api/v1/Search/registrysearch?Searchtext=MINERALS%20TRADING&SortyBy=entity%20name&Direction=ASC"
"BRIGHT STAR MINERAL TRADING COMPANY LIMITED","trader","Mineral trading company, mining support services",,,,,,,"120220039463","Active","Support activities for other mining and quarrying",,,"medium","registry record and/or indirect evidence only",,,,"PACRA registry record only; no town/address published in the registry API. Registered 21/09/2022. Entity type: Local Company - Limited by Shares. Not individually researched beyond the registry in this pass: name, segment and ISIC line are the full extent of the evidence, and no non-registry source has been checked. Do not treat the segment as confirmed trading or processing activity.","https://xatu.pacra.org.zm:8344/api/v1/Search/registrysearch?Searchtext=MINERALS%20TRADING&SortyBy=entity%20name&Direction=ASC"
"BULLION COMMODITIES ZAMBIA LIMITED","trader","Bullion and commodities wholesale trader",,,,,,,"120200006230","Active","Non-specialized wholesale trade",,,"medium","registry record and/or indirect evidence only",,,,"PACRA registry record only; no town/address published in the registry API. Registered 07/08/2020. Entity type: Local Company - Limited by Shares. Not individually researched beyond the registry in this pass: name, segment and ISIC line are the full extent of the evidence, and no non-registry source has been checked. Do not treat the segment as confirmed trading or processing activity.","https://xatu.pacra.org.zm:8344/api/v1/Search/registrysearch?Searchtext=BULLION&SortyBy=entity%20name&Direction=ASC"
"BULLISH MINERALS TRADING & MINING LIMITED","trader","Combined minerals trading and mining company",,,,,,,"120261050498","Active","Mining of other non-ferrous metal ores",,,"medium","registry record and/or indirect evidence only",,,,"PACRA registry record only; no town/address published in the registry API. Registered 17/07/2026. Entity type: Local Company - Limited by Shares. Not individually researched beyond the registry in this pass: name, segment and ISIC line are the full extent of the evidence, and no non-registry source has been checked. Do not treat the segment as confirmed trading or processing activity.","https://xatu.pacra.org.zm:8344/api/v1/Search/registrysearch?Searchtext=MINERALS%20TRADING&SortyBy=entity%20name&Direction=ASC"
"CATHODEX MINERAL RESOURCES LIMITED","trader","Mineral resources company, copper cathode focus implied by name",,,,,,,"120210016626","Active","Management consultancy activities",,,"medium","registry record and/or indirect evidence only",,,,"PACRA registry record only; no town/address published in the registry API. Registered 28/05/2021. Entity type: Local Company - Limited by Shares. Not individually researched beyond the registry in this pass: name, segment and ISIC line are the full extent of the evidence, and no non-registry source has been checked. Do not treat the segment as confirmed trading or processing activity.","https://xatu.pacra.org.zm:8344/api/v1/Search/registrysearch?Searchtext=CATHODE&SortyBy=entity%20name&Direction=ASC"
"CHIMWAMUKE MINERAL TRADING LIMITED","trader","Mineral trading company, non-ferrous metal ores",,,,,,,"120220028696","Active","Mining of other non-ferrous metal ores",,,"medium","registry record and/or indirect evidence only",,,,"PACRA registry record only; no town/address published in the registry API. Registered 22/02/2022. Entity type: Local Company - Limited by Shares. Not individually researched beyond the registry in this pass: name, segment and ISIC line are the full extent of the evidence, and no non-registry source has been checked. Do not treat the segment as confirmed trading or processing activity.","https://xatu.pacra.org.zm:8344/api/v1/Search/registrysearch?Searchtext=MINERALS%20TRADING&SortyBy=entity%20name&Direction=ASC"
"CHIWIL MINERAL TRADING LIMITED","trader","Mineral trading company, non-ferrous metal ores",,,,,,,"120210017898","Active","Mining of other non-ferrous metal ores",,,"medium","registry record and/or indirect evidence only",,,,"PACRA registry record only; no town/address published in the registry API. Registered 01/07/2021. Entity type: Local Company - Limited by Shares. Not individually researched beyond the registry in this pass: name, segment and ISIC line are the full extent of the evidence, and no non-registry source has been checked. Do not treat the segment as confirmed trading or processing activity.","https://xatu.pacra.org.zm:8344/api/v1/Search/registrysearch?Searchtext=MINERALS%20TRADING&SortyBy=entity%20name&Direction=ASC"
"CONSOLIDATED MINERAL RESOURCES TRADING LIMITED","trader","Mineral resources trading company",,,,,,,"120220036473","Active","Mining of other non-ferrous metal ores",,,"medium","registry record and/or indirect evidence only",,,,"PACRA registry record only; no town/address published in the registry API. Registered 22/07/2022. Entity type: Local Company - Limited by Shares. Not individually researched beyond the registry in this pass: name, segment and ISIC line are the full extent of the evidence, and no non-registry source has been checked. Do not treat the segment as confirmed trading or processing activity.","https://xatu.pacra.org.zm:8344/api/v1/Search/registrysearch?Searchtext=MINERALS%20TRADING&SortyBy=entity%20name&Direction=ASC"
"DAVMAC MINERAL TRADING LIMITED","trader","Mineral trading company, non-ferrous metal ores",,,,,,,"120220032964","Active","Mining of other non-ferrous metal ores",,,"medium","registry record and/or indirect evidence only",,,,"PACRA registry record only; no town/address published in the registry API. Registered 16/05/2022. Entity type: Local Company - Limited by Shares. Not individually researched beyond the registry in this pass: name, segment and ISIC line are the full extent of the evidence, and no non-registry source has been checked. Do not treat the segment as confirmed trading or processing activity.","https://xatu.pacra.org.zm:8344/api/v1/Search/registrysearch?Searchtext=MINERALS%20TRADING&SortyBy=entity%20name&Direction=ASC"
"DEVBHOOMI MINE AND MINERALS TRADING LIMITED","trader","Mining and mineral trading company registered in Zambia",,,,,,,"120251036581","Active","Other mining and quarrying n.e.c",,,"medium","registry record and/or indirect evidence only",,,,"PACRA registry record only; no town/address published in the registry API. Registered 28/11/2025. Entity type: Local Company - Limited by Shares. Not individually researched beyond the registry in this pass: name, segment and ISIC line are the full extent of the evidence, and no non-registry source has been checked. Do not treat the segment as confirmed trading or processing activity.","https://xatu.pacra.org.zm:8344/api/v1/Search/registrysearch?Searchtext=MINERALS%20TRADING&SortyBy=entity%20name&Direction=ASC"
"ESCOM MINERALS TRADING LIMITED","trader","Zambian-registered mineral trading company",,,,,,,"120210021925","Active","Other mining and quarrying n.e.c",,,"medium","registry record and/or indirect evidence only",,,,"PACRA registry record only; no town/address published in the registry API. Registered 11/10/2021. Entity type: Local Company - Limited by Shares. Not individually researched beyond the registry in this pass: name, segment and ISIC line are the full extent of the evidence, and no non-registry source has been checked. Do not treat the segment as confirmed trading or processing activity.","https://xatu.pacra.org.zm:8344/api/v1/Search/registrysearch?Searchtext=MINERALS%20TRADING&SortyBy=entity%20name&Direction=ASC"
"ESKON MINERALS AND TRADING LIMITED","trader","Minerals trading company, non-ferrous metal ores",,,,,,,"120230055172","Active","Mining of other non-ferrous metal ores",,,"medium","registry record and/or indirect evidence only",,,,"PACRA registry record only; no town/address published in the registry API. Registered 18/08/2023. Entity type: Local Company - Limited by Shares. Not individually researched beyond the registry in this pass: name, segment and ISIC line are the full extent of the evidence, and no non-registry source has been checked. Do not treat the segment as confirmed trading or processing activity.","https://xatu.pacra.org.zm:8344/api/v1/Search/registrysearch?Searchtext=MINERALS%20TRADING&SortyBy=entity%20name&Direction=ASC"
"FORD MINERAL TRADINGS LIMITED","trader","Mineral trading company, non-ferrous metal ores",,,,,,,"120230056119","Active","Mining of other non-ferrous metal ores",,,"medium","registry record and/or indirect evidence only",,,,"PACRA registry record only; no town/address published in the registry API. Registered 06/09/2023. Entity type: Local Company - Limited by Shares. Not individually researched beyond the registry in this pass: name, segment and ISIC line are the full extent of the evidence, and no non-registry source has been checked. Do not treat the segment as confirmed trading or processing activity.","https://xatu.pacra.org.zm:8344/api/v1/Search/registrysearch?Searchtext=MINERALS%20TRADING&SortyBy=entity%20name&Direction=ASC"
"GENIUS MINERAL MINING AND TRADING LIMITED","trader","Combined mineral mining and trading company",,,,,,,"120251021160","Active","Other mining and quarrying n.e.c",,,"medium","registry record and/or indirect evidence only",,,,"PACRA registry record only; no town/address published in the registry API. Registered 25/02/2025. Entity type: Local Company - Limited by Shares. Not individually researched beyond the registry in this pass: name, segment and ISIC line are the full extent of the evidence, and no non-registry source has been checked. Do not treat the segment as confirmed trading or processing activity.","https://xatu.pacra.org.zm:8344/api/v1/Search/registrysearch?Searchtext=MINERALS%20TRADING&SortyBy=entity%20name&Direction=ASC"
"GENUINE BULLION TRADING LIMITED","trader","Bullion trader classified as wholesale of metals and metal ores",,,,,,,"120251021534","Active","Wholesale of metals and metal ores",,,"medium","registry record and/or indirect evidence only",,,,"PACRA registry record only; no town/address published in the registry API. Registered 03/03/2025. Entity type: Local Company - Limited by Shares. Not individually researched beyond the registry in this pass: name, segment and ISIC line are the full extent of the evidence, and no non-registry source has been checked. Do not treat the segment as confirmed trading or processing activity.","https://xatu.pacra.org.zm:8344/api/v1/Search/registrysearch?Searchtext=BULLION&SortyBy=entity%20name&Direction=ASC"
"GOLDBERG MINERALS TRADING LIMITED","trader","Minerals trading company, mining support services",,,,,,,"120261046713","Active","Support activities for other mining and quarrying",,,"medium","registry record and/or indirect evidence only",,,,"PACRA registry record only; no town/address published in the registry API. Registered 15/05/2026. Entity type: Local Company - Limited by Shares. Not individually researched beyond the registry in this pass: name, segment and ISIC line are the full extent of the evidence, and no non-registry source has been checked. Do not treat the segment as confirmed trading or processing activity.","https://xatu.pacra.org.zm:8344/api/v1/Search/registrysearch?Searchtext=MINERALS%20TRADING&SortyBy=entity%20name&Direction=ASC"
"HUNDFOLD COMMODITIES LIMITED","trader","Commodities company dealing in non-ferrous metal ores",,,,,,,"120241009961","Active","Mining of other non-ferrous metal ores",,,"medium","registry record and/or indirect evidence only",,,,"PACRA registry record only; no town/address published in the registry API. Registered 12/07/2024. Entity type: Local Company - Limited by Shares. Not individually researched beyond the registry in this pass: name, segment and ISIC line are the full extent of the evidence, and no non-registry source has been checked. Do not treat the segment as confirmed trading or processing activity.","https://xatu.pacra.org.zm:8344/api/v1/Search/registrysearch?Searchtext=COMMODITIES&SortyBy=entity%20name&Direction=ASC"
"I & I MINERAL TRADING LIMITED","trader","Mineral trading company, non-ferrous metal ores",,,,,,,"120251028522","Active","Mining of other non-ferrous metal ores",,,"medium","registry record and/or indirect evidence only",,,,"PACRA registry record only; no town/address published in the registry API. Registered 10/07/2025. Entity type: Local Company - Limited by Shares. Not individually researched beyond the registry in this pass: name, segment and ISIC line are the full extent of the evidence, and no non-registry source has been checked. Do not treat the segment as confirmed trading or processing activity.","https://xatu.pacra.org.zm:8344/api/v1/Search/registrysearch?Searchtext=MINERALS%20TRADING&SortyBy=entity%20name&Direction=ASC"
"INSAKA MINERALS TRADING LIMITED","trader","Minerals trading company, non-ferrous metal ores",,,,,,,"120251037420","Active","Mining of other non-ferrous metal ores",,,"medium","registry record and/or indirect evidence only",,,,"PACRA registry record only; no town/address published in the registry API. Registered 12/12/2025. Entity type: Local Company - Limited by Shares. Not individually researched beyond the registry in this pass: name, segment and ISIC line are the full extent of the evidence, and no non-registry source has been checked. Do not treat the segment as confirmed trading or processing activity.","https://xatu.pacra.org.zm:8344/api/v1/Search/registrysearch?Searchtext=MINERALS%20TRADING&SortyBy=entity%20name&Direction=ASC"
"INTERGRATED COMMODITIES LIMITED","trader","Commodities company, other mining and quarrying",,,,,,,"120190008229","Active","Other mining and quarrying n.e.c",,,"medium","registry record and/or indirect evidence only",,,,"PACRA registry record only; no town/address published in the registry API. Registered 16/10/2019. Entity type: Local Company - Limited by Shares. Not individually researched beyond the registry in this pass: name, segment and ISIC line are the full extent of the evidence, and no non-registry source has been checked. Do not treat the segment as confirmed trading or processing activity.","https://xatu.pacra.org.zm:8344/api/v1/Search/registrysearch?Searchtext=COMMODITIES&SortyBy=entity%20name&Direction=ASC"
"IRL MINERAL TRADING LIMITED","trader","Mineral trading company registered in Zambia",,,,,,,"120251033291","Active","Other mining and quarrying n.e.c",,,"medium","registry record and/or indirect evidence only",,,,"PACRA registry record only; no town/address published in the registry API. Registered 30/09/2025. Entity type: Local Company - Limited by Shares. Not individually researched beyond the registry in this pass: name, segment and ISIC line are the full extent of the evidence, and no non-registry source has been checked. Do not treat the segment as confirmed trading or processing activity.","https://xatu.pacra.org.zm:8344/api/v1/Search/registrysearch?Searchtext=MINERALS%20TRADING&SortyBy=entity%20name&Direction=ASC"
"JUMERIAH METALS TRADING ZAMBIA LIMITED","trader","Metals trading company registered in Zambia",,,,,,,"120261038693","Active","Other mining and quarrying n.e.c",,,"medium","registry record and/or indirect evidence only",,,,"PACRA registry record only; no town/address published in the registry API. Registered 08/01/2026. Entity type: Local Company - Limited by Shares. Not individually researched beyond the registry in this pass: name, segment and ISIC line are the full extent of the evidence, and no non-registry source has been checked. Do not treat the segment as confirmed trading or processing activity.","https://xatu.pacra.org.zm:8344/api/v1/Search/registrysearch?Searchtext=METAL%20TRADING&SortyBy=entity%20name&Direction=ASC"
"KASHFEW METAL TRADING LIMITED","trader","Metal trading company, non-ferrous metal ores",,,,,,,"120230047606","Active","Mining of other non-ferrous metal ores",,,"medium","registry record and/or indirect evidence only",,,,"PACRA registry record only; no town/address published in the registry API. Registered 16/03/2023. Entity type: Local Company - Limited by Shares. Not individually researched beyond the registry in this pass: name, segment and ISIC line are the full extent of the evidence, and no non-registry source has been checked. Do not treat the segment as confirmed trading or processing activity.","https://xatu.pacra.org.zm:8344/api/v1/Search/registrysearch?Searchtext=METAL%20TRADING&SortyBy=entity%20name&Direction=ASC"
"KASHISHI MINERAL TRADING COMPANY LIMITED","trader","Mineral trading company, non-ferrous metal ores",,,,,,,"120210013813","Active","Mining of other non-ferrous metal ores",,,"medium","registry record and/or indirect evidence only",,,,"PACRA registry record only; no town/address published in the registry API. Registered 15/03/2021. Entity type: Local Company - Limited by Shares. Not individually researched beyond the registry in this pass: name, segment and ISIC line are the full extent of the evidence, and no non-registry source has been checked. Do not treat the segment as confirmed trading or processing activity.","https://xatu.pacra.org.zm:8344/api/v1/Search/registrysearch?Searchtext=MINERALS%20TRADING&SortyBy=entity%20name&Direction=ASC"
"KEYAAN BULLION TRADING LIMITED","trader","Bullion trading company, wholesale trade",,,,,,,"120251032471","Active","Non-specialized wholesale trade",,,"medium","registry record and/or indirect evidence only",,,,"PACRA registry record only; no town/address published in the registry API. Registered 16/09/2025. Entity type: Local Company - Limited by Shares. Not individually researched beyond the registry in this pass: name, segment and ISIC line are the full extent of the evidence, and no non-registry source has been checked. Do not treat the segment as confirmed trading or processing activity.","https://xatu.pacra.org.zm:8344/api/v1/Search/registrysearch?Searchtext=BULLION&SortyBy=entity%20name&Direction=ASC"
"LONECORE MINERAL TRADING LIMITED","trader","Mineral trading company registered in Zambia",,,,,,,"120220028227","Active","Other mining and quarrying n.e.c",,,"medium","registry record and/or indirect evidence only",,,,"PACRA registry record only; no town/address published in the registry API. Registered 15/02/2022. Entity type: Local Company - Limited by Shares. Not individually researched beyond the registry in this pass: name, segment and ISIC line are the full extent of the evidence, and no non-registry source has been checked. Do not treat the segment as confirmed trading or processing activity.","https://xatu.pacra.org.zm:8344/api/v1/Search/registrysearch?Searchtext=MINERALS%20TRADING&SortyBy=entity%20name&Direction=ASC"
"MAHENGE COMMODITIES ZAMBIA LIMITED","trader","Commodities company, other mining and quarrying",,,,,,,"120200003327","Active","Other mining and quarrying n.e.c",,,"medium","registry record and/or indirect evidence only",,,,"PACRA registry record only; no town/address published in the registry API. Registered 05/05/2020. Entity type: Local Company - Limited by Shares. Not individually researched beyond the registry in this pass: name, segment and ISIC line are the full extent of the evidence, and no non-registry source has been checked. Do not treat the segment as confirmed trading or processing activity.","https://xatu.pacra.org.zm:8344/api/v1/Search/registrysearch?Searchtext=COMMODITIES&SortyBy=entity%20name&Direction=ASC"
"MANSA MINERALS AND TRADING LIMITED","trader","Minerals and trading company, mining support services",,,,,,,"120200001068","Active","Support activities for other mining and quarrying",,,"medium","registry record and/or indirect evidence only",,,,"PACRA registry record only; no town/address published in the registry API. Registered 05/02/2020. Entity type: Local Company - Limited by Shares. Not individually researched beyond the registry in this pass: name, segment and ISIC line are the full extent of the evidence, and no non-registry source has been checked. Do not treat the segment as confirmed trading or processing activity.","https://xatu.pacra.org.zm:8344/api/v1/Search/registrysearch?Searchtext=MINERALS%20TRADING&SortyBy=entity%20name&Direction=ASC"
"MINERAL MATRIX TRADING LIMITED","trader","Mineral trading company, non-ferrous metal ores",,,,,,,"120251031526","Active","Mining of other non-ferrous metal ores",,,"medium","registry record and/or indirect evidence only",,,,"PACRA registry record only; no town/address published in the registry API. Registered 31/08/2025. Entity type: Local Company - Limited by Shares. Not individually researched beyond the registry in this pass: name, segment and ISIC line are the full extent of the evidence, and no non-registry source has been checked. Do not treat the segment as confirmed trading or processing activity.","https://xatu.pacra.org.zm:8344/api/v1/Search/registrysearch?Searchtext=MINERALS%20TRADING&SortyBy=entity%20name&Direction=ASC"
"MINERAL PRIDE TRADING LIMITED","trader","Mineral trading company registered in Zambia",,,,,,,"120210019840","Active","Other mining and quarrying n.e.c",,,"medium","registry record and/or indirect evidence only",,,,"PACRA registry record only; no town/address published in the registry API. Registered 30/08/2021. Entity type: Local Company - Limited by Shares. Not individually researched beyond the registry in this pass: name, segment and ISIC line are the full extent of the evidence, and no non-registry source has been checked. Do not treat the segment as confirmed trading or processing activity.","https://xatu.pacra.org.zm:8344/api/v1/Search/registrysearch?Searchtext=MINERALS%20TRADING&SortyBy=entity%20name&Direction=ASC"
"MK MINERAL TRADING LIMITED","trader","Mineral trading company registered in Zambia",,,,,,,"120261050428","Active","Non-specialized wholesale trade",,,"medium","registry record and/or indirect evidence only",,,,"PACRA registry record only; no town/address published in the registry API. Registered 17/07/2026. Entity type: Local Company - Limited by Shares. Not individually researched beyond the registry in this pass: name, segment and ISIC line are the full extent of the evidence, and no non-registry source has been checked. Do not treat the segment as confirmed trading or processing activity.","https://xatu.pacra.org.zm:8344/api/v1/Search/registrysearch?Searchtext=MINERALS%20TRADING&SortyBy=entity%20name&Direction=ASC"
"MUCMIT MINERALS TRADING LIMITED","trader","Minerals trading company, mining support services",,,,,,,"120230057737","Active","Support activities for other mining and quarrying",,,"medium","registry record and/or indirect evidence only",,,,"PACRA registry record only; no town/address published in the registry API. Registered 05/10/2023. Entity type: Local Company - Limited by Shares. Not individually researched beyond the registry in this pass: name, segment and ISIC line are the full extent of the evidence, and no non-registry source has been checked. Do not treat the segment as confirmed trading or processing activity.","https://xatu.pacra.org.zm:8344/api/v1/Search/registrysearch?Searchtext=MINERALS%20TRADING&SortyBy=entity%20name&Direction=ASC"
"MWIZERWA AND SONS MINERAL TRADING COMPANY LIMITED","trader","Family mineral trading company",,,,,,,"120190003315","Active","Non-specialized wholesale trade",,,"medium","registry record and/or indirect evidence only",,,,"PACRA registry record only; no town/address published in the registry API. Registered 26/04/2019. Entity type: Local Company - Limited by Shares. Not individually researched beyond the registry in this pass: name, segment and ISIC line are the full extent of the evidence, and no non-registry source has been checked. Do not treat the segment as confirmed trading or processing activity.","https://xatu.pacra.org.zm:8344/api/v1/Search/registrysearch?Searchtext=MINERALS%20TRADING&SortyBy=entity%20name&Direction=ASC"
"NNM COMMODITIES LIMITED","trader","Commodities company dealing in non-ferrous metal ores",,,,,,,"120230053965","Active","Mining of other non-ferrous metal ores",,,"medium","registry record and/or indirect evidence only",,,,"PACRA registry record only; no town/address published in the registry API. Registered 25/07/2023. Entity type: Local Company - Limited by Shares. Not individually researched beyond the registry in this pass: name, segment and ISIC line are the full extent of the evidence, and no non-registry source has been checked. Do not treat the segment as confirmed trading or processing activity.","https://xatu.pacra.org.zm:8344/api/v1/Search/registrysearch?Searchtext=COMMODITIES&SortyBy=entity%20name&Direction=ASC"
"PRIMEAUX METAL TRADING LIMITED","trader","Metal trading company, mining support services",,,,,,,"120251037418","Active","Support activities for other mining and quarrying",,,"medium","registry record and/or indirect evidence only",,,,"PACRA registry record only; no town/address published in the registry API. Registered 12/12/2025. Entity type: Local Company - Limited by Shares. Not individually researched beyond the registry in this pass: name, segment and ISIC line are the full extent of the evidence, and no non-registry source has been checked. Do not treat the segment as confirmed trading or processing activity.","https://xatu.pacra.org.zm:8344/api/v1/Search/registrysearch?Searchtext=METAL%20TRADING&SortyBy=entity%20name&Direction=ASC"
"PURE BULLION TRADING LIMITED","trader","Bullion trading company, wholesale trade",,,,,,,"120220027139","Active","Non-specialized wholesale trade",,,"medium","registry record and/or indirect evidence only",,,,"PACRA registry record only; no town/address published in the registry API. Registered 25/01/2022. Entity type: Local Company - Limited by Shares. Not individually researched beyond the registry in this pass: name, segment and ISIC line are the full extent of the evidence, and no non-registry source has been checked. Do not treat the segment as confirmed trading or processing activity.","https://xatu.pacra.org.zm:8344/api/v1/Search/registrysearch?Searchtext=BULLION&SortyBy=entity%20name&Direction=ASC"
"QUANTA FERRA COMMODITIES LIMITED","trader","Commodities company dealing in non-ferrous metal ores",,,,,,,"120251020006","Active","Mining of other non-ferrous metal ores",,,"medium","registry record and/or indirect evidence only",,,,"PACRA registry record only; no town/address published in the registry API. Registered 06/02/2025. Entity type: Local Company - Limited by Shares. Not individually researched beyond the registry in this pass: name, segment and ISIC line are the full extent of the evidence, and no non-registry source has been checked. Do not treat the segment as confirmed trading or processing activity.","https://xatu.pacra.org.zm:8344/api/v1/Search/registrysearch?Searchtext=COMMODITIES&SortyBy=entity%20name&Direction=ASC"
"RARE METALS TRADING LIMITED","trader","Rare metals trading company",,,,,,,"120241000595","Active","Other mining and quarrying n.e.c",,,"medium","registry record and/or indirect evidence only",,,,"PACRA registry record only; no town/address published in the registry API. Registered 15/01/2024. Entity type: Local Company - Limited by Shares. Not individually researched beyond the registry in this pass: name, segment and ISIC line are the full extent of the evidence, and no non-registry source has been checked. Do not treat the segment as confirmed trading or processing activity.","https://xatu.pacra.org.zm:8344/api/v1/Search/registrysearch?Searchtext=METAL%20TRADING&SortyBy=entity%20name&Direction=ASC"
"RICHMOND MINERALS AND COMMODITIES LIMITED","trader","Minerals and commodities wholesale trader",,,,,,,"120200003102","Active","Non-specialized wholesale trade",,,"medium","registry record and/or indirect evidence only",,,,"PACRA registry record only; no town/address published in the registry API. Registered 24/04/2020. Entity type: Local Company - Limited by Shares. Not individually researched beyond the registry in this pass: name, segment and ISIC line are the full extent of the evidence, and no non-registry source has been checked. Do not treat the segment as confirmed trading or processing activity.","https://xatu.pacra.org.zm:8344/api/v1/Search/registrysearch?Searchtext=COMMODITIES&SortyBy=entity%20name&Direction=ASC"
"ROSARY MINERALS TRADING LIMITED","trader","Minerals trading company, wholesale trade",,,,,,,"120230047285","Active","Non-specialized wholesale trade",,,"medium","registry record and/or indirect evidence only",,,,"PACRA registry record only; no town/address published in the registry API. Registered 07/03/2023. Entity type: Local Company - Limited by Shares. Not individually researched beyond the registry in this pass: name, segment and ISIC line are the full extent of the evidence, and no non-registry source has been checked. Do not treat the segment as confirmed trading or processing activity.","https://xatu.pacra.org.zm:8344/api/v1/Search/registrysearch?Searchtext=MINERALS%20TRADING&SortyBy=entity%20name&Direction=ASC"
"RUACH MINERAL SOLUTION TRADING LIMITED","trader","Mineral trading company, non-ferrous metal ores",,,,,,,"120261045368","Active","Mining of other non-ferrous metal ores",,,"medium","registry record and/or indirect evidence only",,,,"PACRA registry record only; no town/address published in the registry API. Registered 24/04/2026. Entity type: Local Company - Limited by Shares. Not individually researched beyond the registry in this pass: name, segment and ISIC line are the full extent of the evidence, and no non-registry source has been checked. Do not treat the segment as confirmed trading or processing activity.","https://xatu.pacra.org.zm:8344/api/v1/Search/registrysearch?Searchtext=MINERALS%20TRADING&SortyBy=entity%20name&Direction=ASC"
"SHIRODKAR MINERAL TRADING LIMITED","trader","Mineral trading company, non-ferrous metal ores",,,,,,,"120220035695","Active","Mining of other non-ferrous metal ores",,,"medium","registry record and/or indirect evidence only",,,,"PACRA registry record only; no town/address published in the registry API. Registered 08/07/2022. Entity type: Local Company - Limited by Shares. Not individually researched beyond the registry in this pass: name, segment and ISIC line are the full extent of the evidence, and no non-registry source has been checked. Do not treat the segment as confirmed trading or processing activity.","https://xatu.pacra.org.zm:8344/api/v1/Search/registrysearch?Searchtext=MINERALS%20TRADING&SortyBy=entity%20name&Direction=ASC"
"SOUTHERN MINERAL GENERAL TRADING LIMITED","trader","General mineral trading company",,,,,,,"120241011139","Active","Other mining and quarrying n.e.c",,,"medium","registry record and/or indirect evidence only",,,,"PACRA registry record only; no town/address published in the registry API. Registered 10/08/2024. Entity type: Local Company - Limited by Shares. Not individually researched beyond the registry in this pass: name, segment and ISIC line are the full extent of the evidence, and no non-registry source has been checked. Do not treat the segment as confirmed trading or processing activity.","https://xatu.pacra.org.zm:8344/api/v1/Search/registrysearch?Searchtext=MINERALS%20TRADING&SortyBy=entity%20name&Direction=ASC"
"SRI KARTIKEYA MINERAL TRADING LIMITED","trader","Mineral trading company registered in Zambia",,,,,,,"120190006751","Active","Other mining and quarrying n.e.c",,,"medium","registry record and/or indirect evidence only",,,,"PACRA registry record only; no town/address published in the registry API. Registered 29/08/2019. Entity type: Local Company - Limited by Shares. Not individually researched beyond the registry in this pass: name, segment and ISIC line are the full extent of the evidence, and no non-registry source has been checked. Do not treat the segment as confirmed trading or processing activity.","https://xatu.pacra.org.zm:8344/api/v1/Search/registrysearch?Searchtext=MINERALS%20TRADING&SortyBy=entity%20name&Direction=ASC"
"SUIZ SM MINERAL TRADING LIMITED","trader","Mineral trading company registered in Zambia",,,,,,,"120210011732","Active","Other mining and quarrying n.e.c",,,"medium","registry record and/or indirect evidence only",,,,"PACRA registry record only; no town/address published in the registry API. Registered 15/01/2021. Entity type: Local Company - Limited by Shares. Not individually researched beyond the registry in this pass: name, segment and ISIC line are the full extent of the evidence, and no non-registry source has been checked. Do not treat the segment as confirmed trading or processing activity.","https://xatu.pacra.org.zm:8344/api/v1/Search/registrysearch?Searchtext=MINERALS%20TRADING&SortyBy=entity%20name&Direction=ASC"
"SURTONY MINERAL SUPPLIES AND TRADING LIMITED","trader","Mineral supply and trading company",,,,,,,"120251028060","Active","Other mining and quarrying n.e.c",,,"medium","registry record and/or indirect evidence only",,,,"PACRA registry record only; no town/address published in the registry API. Registered 29/06/2025. Entity type: Local Company - Limited by Shares. Not individually researched beyond the registry in this pass: name, segment and ISIC line are the full extent of the evidence, and no non-registry source has been checked. Do not treat the segment as confirmed trading or processing activity.","https://xatu.pacra.org.zm:8344/api/v1/Search/registrysearch?Searchtext=MINERALS%20TRADING&SortyBy=entity%20name&Direction=ASC"
"SYNTHESIS COMMODITIES ZAMBIA LIMITED","trader","Commodities company, other mining and quarrying",,,,,,,"120261042202","Active","Other mining and quarrying n.e.c",,,"medium","registry record and/or indirect evidence only",,,,"PACRA registry record only; no town/address published in the registry API. Registered 04/03/2026. Entity type: Local Company - Limited by Shares. Not individually researched beyond the registry in this pass: name, segment and ISIC line are the full extent of the evidence, and no non-registry source has been checked. Do not treat the segment as confirmed trading or processing activity.","https://xatu.pacra.org.zm:8344/api/v1/Search/registrysearch?Searchtext=COMMODITIES&SortyBy=entity%20name&Direction=ASC"
"TCCC METALS TRADING LIMITED","trader","Metals trader classified as wholesale of metals and metal ores",,,,,,,"120261046474","Active","Wholesale of metals and metal ores",,,"medium","registry record and/or indirect evidence only",,,,"PACRA registry record only; no town/address published in the registry API. Registered 14/05/2026. Entity type: Local Company - Limited by Shares. Not individually researched beyond the registry in this pass: name, segment and ISIC line are the full extent of the evidence, and no non-registry source has been checked. Do not treat the segment as confirmed trading or processing activity.","https://xatu.pacra.org.zm:8344/api/v1/Search/registrysearch?Searchtext=METAL%20TRADING&SortyBy=entity%20name&Direction=ASC"
"TINTA COMMODITIES LIMITED","trader","Commodities company, other mining and quarrying",,,,,,,"120230053414","Active","Other mining and quarrying n.e.c",,,"medium","registry record and/or indirect evidence only",,,,"PACRA registry record only; no town/address published in the registry API. Registered 14/07/2023. Entity type: Local Company - Limited by Shares. Not individually researched beyond the registry in this pass: name, segment and ISIC line are the full extent of the evidence, and no non-registry source has been checked. Do not treat the segment as confirmed trading or processing activity.","https://xatu.pacra.org.zm:8344/api/v1/Search/registrysearch?Searchtext=COMMODITIES&SortyBy=entity%20name&Direction=ASC"
"TOWER METAL TRADING LIMITED","trader","Metal trading company, mining support services",,,,,,,"120241013903","Active","Support activities for other mining and quarrying",,,"medium","registry record and/or indirect evidence only",,,,"PACRA registry record only; no town/address published in the registry API. Registered 09/10/2024. Entity type: Local Company - Limited by Shares. Not individually researched beyond the registry in this pass: name, segment and ISIC line are the full extent of the evidence, and no non-registry source has been checked. Do not treat the segment as confirmed trading or processing activity.","https://xatu.pacra.org.zm:8344/api/v1/Search/registrysearch?Searchtext=METAL%20TRADING&SortyBy=entity%20name&Direction=ASC"
"VAMA MINERALS TRADING ZAMBIA LIMITED","trader","Zambian arm of a minerals trading business",,,,,,,"120220040853","Active","Other mining and quarrying n.e.c",,,"medium","registry record and/or indirect evidence only",,,,"PACRA registry record only; no town/address published in the registry API. Registered 21/10/2022. Entity type: Local Company - Limited by Shares. Not individually researched beyond the registry in this pass: name, segment and ISIC line are the full extent of the evidence, and no non-registry source has been checked. Do not treat the segment as confirmed trading or processing activity.","https://xatu.pacra.org.zm:8344/api/v1/Search/registrysearch?Searchtext=MINERALS%20TRADING&SortyBy=entity%20name&Direction=ASC"
