"holder","segment","licenses","mining_lics","hectares","main_commodities","lics_in_default_2025","lics_cancelled_2024","registry_discrepancy","likely_reason","already_researched","existing_contact"
"Lumwana Mining Co. Limited","gemstones","12","6","699256","Gold/Silver/Cobalt","6","0","RESOLVED_ON_RETRY","was a query artefact: register string contains punctuation the PACRA search cannot handle; found as 'LUMWANA MINING COMPANY LIMITED'","yes","yes"
"VS Construction & Mining Services Limited","critical_battery","3","0","174170","Manganese/Zinc/Copper","3","0","RESOLVED_ON_RETRY","was a query artefact: register string contains punctuation the PACRA search cannot handle; found as 'VS CONSTRUCTION & MINING SERVICES LIMITED'","yes","no"
"Euro Africa Kalengwa Mines Limited","gemstones","3","2","149593","Gold/Iron Ore/Silver","0","0","NOT_FOUND_IN_PACRA_SEARCH","has corporate suffix but no registry hit: spelling variance, deregistration, or genuine absence","yes","no"
"G & G National Wide Mining Zambia Limited","gemstones","1","0","102364","Silver/Talc-Soapstone/Quartz","1","0","RESOLVED_ON_RETRY","was a query artefact: register string contains punctuation the PACRA search cannot handle; found as 'G & G NATIONAL WIDE MINING ZAMBIA LIMITED'","no","no"
"Menel Energy & Resources Limited","gold","1","0","96168","Lead/Quartz/Zinc","0","0","RESOLVED_ON_RETRY","was a query artefact: register string contains punctuation the PACRA search cannot handle; found as 'MENEL ENERGY AND RESOURCES LIMITED'","no","no"
"Johnny's Trading co. Limited","critical_battery","1","0","96008","Manganese/Tin/Gold","0","0","RESOLVED_ON_RETRY","was a query artefact: register string contains punctuation the PACRA search cannot handle; found as 'JOHNNY'S TRADING COMPANY LIMITED'","no","no"
"Dongsen Mining & Investment Limited","gemstones","1","0","94683","Ruby/Quartz/Zinc","1","0","RESOLVED_ON_RETRY","was a query artefact: register string contains punctuation the PACRA search cannot handle; found as 'DONGSEN MINING AND INVESTMENT LIMITED'","yes","no"
"Rigid Engine Recondition Limited","critical_battery","2","0","91235","Iron Ore/Manganese/Copper","1","0","NOT_FOUND_IN_PACRA_SEARCH","has corporate suffix but no registry hit: spelling variance, deregistration, or genuine absence","yes","no"
"Anzan Enterprises Ltd","gemstones","2","0","90259","Platinum/Iron Ore/Zinc","0","0","NOT_FOUND_IN_PACRA_SEARCH","has corporate suffix but no registry hit: spelling variance, deregistration, or genuine absence","yes","no"
"KPR Investments Limited","critical_battery","1","0","88396","Nickel/Manganese/Zinc","0","0","NOT_FOUND_IN_PACRA_SEARCH","has corporate suffix but no registry hit: spelling variance, deregistration, or genuine absence","no","no"
"Sri Karthikeya Minerals Trading Limited","critical_battery","2","0","87532","Lead/Manganese/Zinc","0","1","NOT_FOUND_IN_PACRA_SEARCH","has corporate suffix but no registry hit: spelling variance, deregistration, or genuine absence","yes","no"
"CCGM Geology and Mining (Z) Ltd","critical_battery","1","0","85678","Manganese/Gold/Copper","0","0","RESOLVED_ON_RETRY","was a query artefact: register string contains punctuation the PACRA search cannot handle; found as 'CCGM GEOLOGY AND MINING (ZAMBIA) LIMITED'","no","no"
"Best Western Plus Lusaka Grand Hotel Limited","gemstones","2","0","81396","Iron Ore/Gold/Quartz","2","0","NOT_FOUND_IN_PACRA_SEARCH","has corporate suffix but no registry hit: spelling variance, deregistration, or genuine absence","yes","yes"
"Copperbelt Chemicals Zambia Limited","critical_battery","1","0","81311","Iron Ore/Manganese/Rare EarthsElements","0","0","NOT_FOUND_IN_PACRA_SEARCH","has corporate suffix but no registry hit: spelling variance, deregistration, or genuine absence","yes","no"
"Zhonghe Investment Group Coorperation Limited","gemstones","1","0","79205","Manganese/Nickel/Zinc","0","0","NOT_FOUND_IN_PACRA_SEARCH","has corporate suffix but no registry hit: spelling variance, deregistration, or genuine absence","no","no"
"N.I.C Investments Limited","critical_battery","1","0","77332","Nickel/Uranium/Zinc","1","1","RESOLVED_ON_RETRY","was a query artefact: register string contains punctuation the PACRA search cannot handle; found as 'N.I.C INVESTMENTS LIMITED'","yes","no"
"CAMCO EQUIPMENT (ZAMBIA) LIMITED","critical_battery","2","0","74514","Manganese/Rare EarthsElements/Zinc","1","0","RESOLVED_ON_RETRY","was a query artefact: register string contains punctuation the PACRA search cannot handle; found as 'CAMCO EQUIPMENT (ZAMBIA) LIMITED'","yes","yes"
"SK Rural Development Company Limited","critical_battery","1","0","64773","Silver/Manganese/Tantalum","0","0","NOT_FOUND_IN_PACRA_SEARCH","has corporate suffix but no registry hit: spelling variance, deregistration, or genuine absence","no","no"
"Nash Import & Export Limited","gemstones","2","0","60964","Rare EarthsElements/Anhydrite/Zinc","0","0","RESOLVED_ON_RETRY","was a query artefact: register string contains punctuation the PACRA search cannot handle; found as 'NASH IMPORT & EXPORT LIMITED'","yes","yes"
"Gold Trap World Resources Limited","gemstones","1","0","59726","Iron Ore/Nickel/Tin","0","0","NOT_FOUND_IN_PACRA_SEARCH","has corporate suffix but no registry hit: spelling variance, deregistration, or genuine absence","no","no"
"New-MC Investment Limited","gemstones","5","0","55412","Gold/Copper/Cobalt","0","0","NOT_FOUND_IN_PACRA_SEARCH","has corporate suffix but no registry hit: spelling variance, deregistration, or genuine absence","yes","no"
"Chibaris International (Zambia) Limited","gemstones","2","0","52051","Quartz/Palladium/Niobium (Columbium)","1","0","RESOLVED_ON_RETRY","was a query artefact: register string contains punctuation the PACRA search cannot handle; found as 'CHIBARIS INTERNATIONAL (ZAMBIA) LIMITED'","yes","no"
"Zamare Minerals ( Zambia) Limited","critical_battery","5","0","51225","Gold/Copper/Cobalt","2","0","RESOLVED_ON_RETRY","was a query artefact: register string contains punctuation the PACRA search cannot handle; found as 'ZAMARE MINERALS (ZAMBIA) LIMITED'","yes","yes"
"Digital African Company Limited","gemstones","2","0","50964","Iron Ore/Manganese/Gold","0","0","NOT_FOUND_IN_PACRA_SEARCH","has corporate suffix but no registry hit: spelling variance, deregistration, or genuine absence","yes","no"
"Hammer-Land Construction and Mining Limited","gemstones","4","0","49225","Iron Ore/Coal/Lead","0","0","NOT_FOUND_IN_PACRA_SEARCH","has corporate suffix but no registry hit: spelling variance, deregistration, or genuine absence","yes","no"
"P & C PRACH INVESTMENTS ZAMBIA LIMITED","critical_battery","1","0","48014","Iron Ore/Manganese/Zinc","0","0","RESOLVED_ON_RETRY","was a query artefact: register string contains punctuation the PACRA search cannot handle; found as 'P & C PRACH INVESTMENTS ZAMBIA LIMITED'","yes","no"
"Magnum Gulf Resources (Zambia) Limited","critical_battery","2","0","47698","Manganese/Limestone (General)/Dolomite","0","0","RESOLVED_ON_RETRY","was a query artefact: register string contains punctuation the PACRA search cannot handle; found as 'MAGNUM GULF RESOURCES (ZAMBIA) LIMITED'","yes","no"
"TCB Mines & Minerals Limited","gemstones","3","0","47659","Lead/Gold/Tourmaline","0","0","RESOLVED_ON_RETRY","was a query artefact: register string contains punctuation the PACRA search cannot handle; found as 'TCB MINES & MINERALS LIMITED'","yes","no"
"Omex Mining(ZAMBIA) Limited","critical_battery","3","0","46639","Gold/Zinc/Cobalt","2","0","RESOLVED_ON_RETRY","was a query artefact: register string contains punctuation the PACRA search cannot handle; found as 'OMEX MINING (ZAMBIA) LIMITED'","yes","no"
"Switty Properties & Real Estate Limited","critical_battery","4","0","45855","Gold/Copper/Nickel","1","0","RESOLVED_ON_RETRY","was a query artefact: register string contains punctuation the PACRA search cannot handle; found as 'SWITTY PROPERTIES & REAL ESTATE LIMITED'","yes","yes"
"BuildFreca Construction Limited","critical_battery","1","0","45791","Gold/Nickel/Cobalt","1","0","NOT_FOUND_IN_PACRA_SEARCH","has corporate suffix but no registry hit: spelling variance, deregistration, or genuine absence","no","no"
"SINOMINE INTERNATIONAL (ZAMBIA) ENGINEERING COMPANY LIMITED","gold","2","0","44554","Malachite/Gold/Copper","0","0","RESOLVED_ON_RETRY","was a query artefact: register string contains punctuation the PACRA search cannot handle; found as 'SINOMINE INTERNATIONAL (ZAMBIA) ENGINEERING COMPANY LIMITED'","yes","yes"
"Meridian Mining & Exploration Limited","gemstones","1","0","44322","Gold/Lithium/Manganese","0","0","RESOLVED_ON_RETRY","was a query artefact: register string contains punctuation the PACRA search cannot handle; found as 'MERIDIAN MINING AND EXPLORATION LIMITED'","yes","no"
"Lusan Indusries Ltd","gemstones","2","0","43555","Gold/Iron Ore/Cobalt","0","0","NOT_FOUND_IN_PACRA_SEARCH","has corporate suffix but no registry hit: spelling variance, deregistration, or genuine absence","yes","no"
"Far-North Enterprise Limited","critical_battery","2","0","43433","Manganese/Silver/Cobalt","0","0","NOT_FOUND_IN_PACRA_SEARCH","has corporate suffix but no registry hit: spelling variance, deregistration, or genuine absence","yes","no"
"Zambian West Mining Corporation","critical_battery","1","0","42085","Silver/Manganese/Zinc","0","0","NOT_FOUND_IN_PACRA_SEARCH","no corporate suffix: may be a trading name or an unincorporated venture","no","no"
"G & G National Wide Import And Export Limited","critical_battery","2","0","41394","Tantalum/Nickel/Silver","2","0","RESOLVED_ON_RETRY","was a query artefact: register string contains punctuation the PACRA search cannot handle; found as 'G & G NATIONAL WIDE IMPORT AND EXPORT LIMITED'","yes","no"
"W.M.M Investments Limited","critical_battery","1","0","41010","Manganese/Lead/Nickel","0","0","RESOLVED_ON_RETRY","was a query artefact: register string contains punctuation the PACRA search cannot handle; found as 'W.M.M INVESTMENTS LIMITED'","no","no"
"Wise Suppliers Company Limited","gemstones","3","0","38124","Cobalt/Copper/Gold","0","0","NOT_FOUND_IN_PACRA_SEARCH","has corporate suffix but no registry hit: spelling variance, deregistration, or genuine absence","yes","no"
"Sino-Kasempa Minerals Limited","critical_battery","2","1","35820","Gold/Zinc/Copper","1","0","NOT_FOUND_IN_PACRA_SEARCH","has corporate suffix but no registry hit: spelling variance, deregistration, or genuine absence","yes","no"
"ZCCM IH Plc","gemstones","1","0","35819","Manganese/Limestone (General)/Silver","1","0","NOT_FOUND_IN_PACRA_SEARCH","has corporate suffix but no registry hit: spelling variance, deregistration, or genuine absence","no","no"
"Central Africa Renewable Energy Corporation Limited","critical_battery","1","0","34181","Nickel/Uranium/Zinc","1","0","NOT_FOUND_IN_PACRA_SEARCH","has corporate suffix but no registry hit: spelling variance, deregistration, or genuine absence","no","no"
"Neptune  Iron Ore Mining LTD","gemstones","2","0","33788","Zinc/Gold/Copper","0","0","RESOLVED_ON_RETRY","was a query artefact: register string contains punctuation the PACRA search cannot handle; found as 'NEPTUNE IRON ORE MINING LIMITED'","yes","no"
"MMG (Zambia) Exploration Limited","critical_battery","4","0","33639","Silver/Nickel/Zinc","1","0","RESOLVED_ON_RETRY","was a query artefact: register string contains punctuation the PACRA search cannot handle; found as 'MMG (ZAMBIA)  EXPLORATION LIMITED'","yes","yes"
"Freca Mining & Manufacturing Limited","critical_battery","3","2","32964","Copper/Nickel/Silver","2","0","RESOLVED_ON_RETRY","was a query artefact: register string contains punctuation the PACRA search cannot handle; found as 'FRECA MINING & MANUFACTURING LIMITED'","yes","no"
"San He (Zambia) Limited","critical_battery","6","4","32155","Manganese/Copper/Cobalt","4","0","RESOLVED_ON_RETRY","was a query artefact: register string contains punctuation the PACRA search cannot handle; found as 'SAN HE (ZAMBIA) LIMITED'","yes","no"
"Zhongdi Mining Group Corp.Ltd","critical_battery","1","0","31535","Silver/Manganese/Zinc","1","0","RESOLVED_ON_RETRY","was a query artefact: register string contains punctuation the PACRA search cannot handle; found as 'ZHONGDI MINING GROUP CORPORTION LIMITED'","no","no"
"Yuezam Investments Company Limited","critical_battery","2","0","31474","Iron Ore/Manganese/Nickel","0","0","NOT_FOUND_IN_PACRA_SEARCH","has corporate suffix but no registry hit: spelling variance, deregistration, or genuine absence","yes","yes"
"Tawakkal Mining Equipments & Auto Spares Limited","gemstones","1","0","30460","Manganese/Limestone (General)/Tin","0","0","RESOLVED_ON_RETRY","was a query artefact: register string contains punctuation the PACRA search cannot handle; found as 'TAWAKKAL MINING EQUIPMENTS & AUTO SPARES LIMITED'","no","no"
"Big 3 Lithium Investments Limited","critical_battery","1","0","28549","Tin/Titanium/Niobium (Columbium)","1","0","NOT_FOUND_IN_PACRA_SEARCH","has corporate suffix but no registry hit: spelling variance, deregistration, or genuine absence","yes","no"
"Bangweulu Batteries Limited","critical_battery","1","0","28191","Manganese/Lead/Uranium","0","0","NOT_FOUND_IN_PACRA_SEARCH","has corporate suffix but no registry hit: spelling variance, deregistration, or genuine absence","no","no"
"Alpine  Mining & Exploration Limited","critical_battery","3","0","27847","Coal/Nickel/Silver","2","0","RESOLVED_ON_RETRY","was a query artefact: register string contains punctuation the PACRA search cannot handle; found as 'ALPINE MINING & EXPLORATION LIMITED'","yes","no"
"Tauraus Mineral Resources Limited","critical_battery","6","1","27651","Gold/Copper/Cobalt","1","0","NOT_FOUND_IN_PACRA_SEARCH","has corporate suffix but no registry hit: spelling variance, deregistration, or genuine absence","yes","no"
"Copper X Resources Limited","base_metals","1","0","27254","Copper","1","0","NOT_FOUND_IN_PACRA_SEARCH","has corporate suffix but no registry hit: spelling variance, deregistration, or genuine absence","yes","no"
"Strong Tower Mining Ltd","gemstones","2","1","27227","Zinc/Nickel/Quartz","1","1","NOT_FOUND_IN_PACRA_SEARCH","has corporate suffix but no registry hit: spelling variance, deregistration, or genuine absence","yes","no"
"MJF Exploration & Mining Limited","critical_battery","3","0","25238","Limestone (General)/Lead/Zinc","2","0","RESOLVED_ON_RETRY","was a query artefact: register string contains punctuation the PACRA search cannot handle; found as 'MJF EXPLORATION AND MINING LIMITED'","yes","no"
"F-Net Zambia Limited","critical_battery","2","0","24385","Iron Ore/Lead/Manganese","2","1","NOT_FOUND_IN_PACRA_SEARCH","has corporate suffix but no registry hit: spelling variance, deregistration, or genuine absence","yes","no"
"Musamu Resources ltd","critical_battery","1","1","24229","Nickel/Manganese/Rare EarthsElements","1","0","NOT_FOUND_IN_PACRA_SEARCH","has corporate suffix but no registry hit: spelling variance, deregistration, or genuine absence","yes","no"
"Sino-Metals Leach Zambia Limited","base_metals","3","3","22096","Copper/","2","0","NOT_FOUND_IN_PACRA_SEARCH","has corporate suffix but no registry hit: spelling variance, deregistration, or genuine absence","yes","no"
"GEO-LOGIC RESOURCES ZAMBIA LIMITED","gemstones","1","0","21682","Gold/Tourmaline/Zinc","0","0","NOT_FOUND_IN_PACRA_SEARCH","has corporate suffix but no registry hit: spelling variance, deregistration, or genuine absence","no","no"
"Montauk Mining & Minerals Limited","gold","1","0","21488","Iron Ore/Silver/Gold","0","1","RESOLVED_ON_RETRY","was a query artefact: register string contains punctuation the PACRA search cannot handle; found as 'MONTAUK MINING AND MINERALS LIMITED'","yes","no"
"Trimble Spatial Zen Ltd Test","base_metals","5","0","20905","Copper","0","0","NOT_FOUND_IN_PACRA_SEARCH","has corporate suffix but no registry hit: spelling variance, deregistration, or genuine absence","yes","no"
"AMBER Investments & Mining Limited","gold","1","0","20899","Lead/Silver/Zinc","0","0","RESOLVED_ON_RETRY","was a query artefact: register string contains punctuation the PACRA search cannot handle; found as 'AMBER INVESTMENTS & MINING LIMITED'","yes","yes"
"Tamarisk Investments Ltd","gemstones","1","0","19616","Diamond","0","0","NOT_FOUND_IN_PACRA_SEARCH","has corporate suffix but no registry hit: spelling variance, deregistration, or genuine absence","no","no"
"Maamba Colieries Limited","gemstones","4","2","19497","Tantalum/Lithium/Amethyst","1","0","NOT_FOUND_IN_PACRA_SEARCH","has corporate suffix but no registry hit: spelling variance, deregistration, or genuine absence","yes","yes"
"Bans Country wide Tours Limited","critical_battery","1","0","19002","Lead/Iron Ore/Lithium","1","0","NOT_FOUND_IN_PACRA_SEARCH","has corporate suffix but no registry hit: spelling variance, deregistration, or genuine absence","no","no"
"Kwikfix Engineering Limited","gold","1","0","18758","Gold/Copper/Cobalt","1","0","NOT_FOUND_IN_PACRA_SEARCH","has corporate suffix but no registry hit: spelling variance, deregistration, or genuine absence","yes","yes"
"Rio Tinto Exploration Zambia Ltd","gemstones","1","0","18514","Rare EarthsElements/Niobium (Columbium)/Nickel","1","0","NOT_FOUND_IN_PACRA_SEARCH","has corporate suffix but no registry hit: spelling variance, deregistration, or genuine absence","no","no"
"Nisco Industries Ltd","critical_battery","2","0","18343","Lead/Gold/Coal","0","0","NOT_FOUND_IN_PACRA_SEARCH","has corporate suffix but no registry hit: spelling variance, deregistration, or genuine absence","yes","yes"
"Zambian Goldcommon Resources Holdings Ltd","critical_battery","1","0","18237","Iron Ore/Nickel/Uranium","0","0","NOT_FOUND_IN_PACRA_SEARCH","has corporate suffix but no registry hit: spelling variance, deregistration, or genuine absence","no","no"
"DONZAM EXPLORATION & MINING ZAMBIA LIMITED","gemstones","3","0","17950","Iron Ore/Nickel/Zinc","0","0","RESOLVED_ON_RETRY","was a query artefact: register string contains punctuation the PACRA search cannot handle; found as 'DONZAM EXPLORATION & MINING ZAMBIA LIMITED'","yes","no"
"Horizon Freight Serices Limited","critical_battery","2","0","17550","Nickel/Manganese/Zinc","0","0","NOT_FOUND_IN_PACRA_SEARCH","has corporate suffix but no registry hit: spelling variance, deregistration, or genuine absence","yes","yes"
"Gold Co Corporation Zambia Limited","critical_battery","1","0","15889","Molybdenum/Iron Ore/Tin","0","0","NOT_FOUND_IN_PACRA_SEARCH","has corporate suffix but no registry hit: spelling variance, deregistration, or genuine absence","yes","no"
"Headframe Resources (Z) Ltd","critical_battery","2","0","15341","Rare EarthsElements/Nickel/Zinc","1","1","RESOLVED_ON_RETRY","was a query artefact: register string contains punctuation the PACRA search cannot handle; found as 'HEADFRAME RESOURCES ( ZAMBIA ) LIMITED'","no","no"
"Maxglobal Ferro Alloys Limited","critical_battery","2","1","14903","Manganese","2","0","NOT_FOUND_IN_PACRA_SEARCH","has corporate suffix but no registry hit: spelling variance, deregistration, or genuine absence","yes","no"
"SGC Investments Limited","critical_battery","2","0","14285","Lithium/Limestone (General)/Lead","0","0","NOT_FOUND_IN_PACRA_SEARCH","has corporate suffix but no registry hit: spelling variance, deregistration, or genuine absence","no","no"
"One Candle (Zambia) Limited","critical_battery","1","0","14025","Manganese/Lead/Nickel","0","0","RESOLVED_ON_RETRY","was a query artefact: register string contains punctuation the PACRA search cannot handle; found as 'ONE CANDLE (ZAMBIA) LIMITED'","no","no"
"Headframe Resources (Zambia) Limited","critical_battery","1","0","13549","Nickel/Lead/Zinc","1","0","RESOLVED_ON_RETRY","was a query artefact: register string contains punctuation the PACRA search cannot handle; found as 'HEADFRAME RESOURCES ( ZAMBIA ) LIMITED'","no","no"
"Marriot Industries Limited","critical_battery","3","0","13482","Iron Ore/Manganese/Copper","3","0","NOT_FOUND_IN_PACRA_SEARCH","has corporate suffix but no registry hit: spelling variance, deregistration, or genuine absence","yes","no"
"B.C.N INTERNATIONAL LIMITED","gemstones","1","0","11585","Gold/Lithium/Copper","0","0","RESOLVED_ON_RETRY","was a query artefact: register string contains punctuation the PACRA search cannot handle; found as 'B.C.N INTERNATIONAL LIMITED '","no","no"
"Tawakkal Gems Investments Co. Limited","gemstones","4","1","11423","Copper/Gold/Zinc","2","1","RESOLVED_ON_RETRY","was a query artefact: register string contains punctuation the PACRA search cannot handle; found as 'TAWAKKAL GEMS INVESTMENTS  COMPANY'","yes","no"
"First Quantum Mining & Operations Limited","critical_battery","1","1","10898","Silver/Zinc/Nickel","1","0","NOT_FOUND_IN_PACRA_SEARCH","has corporate suffix but no registry hit: spelling variance, deregistration, or genuine absence","yes","yes"
"Brockworth Exploration & Mining Limited","industrial_minerals","1","0","10696","Anhydrite/Gypsum","0","1","RESOLVED_ON_RETRY","was a query artefact: register string contains punctuation the PACRA search cannot handle; found as 'BROCKWORTH EXPLORATION & MINING LIMITED'","yes","no"
"WEALTHYBAY MINING COMPANY LIMITED","critical_battery","1","0","10009","Nickel/Silver/Zinc","0","0","NOT_FOUND_IN_PACRA_SEARCH","has corporate suffix but no registry hit: spelling variance, deregistration, or genuine absence","no","no"
"Jedna Agri-Trade Limited","critical_battery","1","0","9182","Iron Ore/Anhydrite/Manganese","0","0","NOT_FOUND_IN_PACRA_SEARCH","has corporate suffix but no registry hit: spelling variance, deregistration, or genuine absence","no","no"
"V.L Investment Company Limited","gemstones","1","0","9111","Malachite/Lead/Nickel","0","0","RESOLVED_ON_RETRY","was a query artefact: register string contains punctuation the PACRA search cannot handle; found as 'V.L INVESTMENTS COMPANY LIMITED'","no","no"
"PETRUSHKA TRADING LINIITED","gemstones","1","0","9097","Gold/Nickel/Diamond","0","0","NOT_FOUND_IN_PACRA_SEARCH","no corporate suffix: may be a trading name or an unincorporated venture","no","no"
"Jing De Zham Enterprises Ltd","critical_battery","1","0","8935","Platinum Group Metals/Nickel/Silver","1","1","NOT_FOUND_IN_PACRA_SEARCH","has corporate suffix but no registry hit: spelling variance, deregistration, or genuine absence","no","no"
"Ba'al-Perazim Limited","critical_battery","3","1","8784","Gold/Copper/Manganese","2","1","RESOLVED_ON_RETRY","was a query artefact: register string contains punctuation the PACRA search cannot handle; found as 'BA'AL-PERAZIM LIMITED'","yes","yes"
"Tonawanda Procurement Limited","gemstones","3","0","8582","Iron Ore/Manganese/Gold","2","0","NOT_FOUND_IN_PACRA_SEARCH","has corporate suffix but no registry hit: spelling variance, deregistration, or genuine absence","yes","yes"
"Mwaphi Investmnet limited","gemstones","1","0","8369","Gold/Manganese/Zinc","0","0","NOT_FOUND_IN_PACRA_SEARCH","has corporate suffix but no registry hit: spelling variance, deregistration, or genuine absence","yes","no"
"Redspot Intertrade Limited","critical_battery","1","0","8265","Lead/Iron Ore/Lithium","1","0","NOT_FOUND_IN_PACRA_SEARCH","has corporate suffix but no registry hit: spelling variance, deregistration, or genuine absence","no","no"
"Hot-Spring Oils Company Limited","critical_battery","2","0","8225","Lead/Manganese/Zinc","1","0","NOT_FOUND_IN_PACRA_SEARCH","has corporate suffix but no registry hit: spelling variance, deregistration, or genuine absence","no","no"
"Novo Resouces Zambia Limited","gemstones","3","0","8134","Gold/Copper/Cobalt","1","1","NOT_FOUND_IN_PACRA_SEARCH","has corporate suffix but no registry hit: spelling variance, deregistration, or genuine absence","yes","no"
"Myanango Enterprises Company Limited","industrial_minerals","2","0","8089","Silica/Granite","2","0","NOT_FOUND_IN_PACRA_SEARCH","has corporate suffix but no registry hit: spelling variance, deregistration, or genuine absence","yes","no"
"Gesso Mining & Investment Lilmited","industrial_minerals","1","0","8064","Anhydrite/Gypsum","0","0","NOT_FOUND_IN_PACRA_SEARCH","no corporate suffix: may be a trading name or an unincorporated venture","no","no"
"Uni-African Mining and Energy Corporation Limited","gemstones","2","0","7949","Iron Ore/Lead/Zinc","1","0","NOT_FOUND_IN_PACRA_SEARCH","has corporate suffix but no registry hit: spelling variance, deregistration, or genuine absence","no","no"
"Zambian East Mining Corporation Ltd","gemstones","1","0","7792","Manganese/Iron Ore/Zinc","1","0","NOT_FOUND_IN_PACRA_SEARCH","has corporate suffix but no registry hit: spelling variance, deregistration, or genuine absence","no","no"
"Sino Great Development Company(Zambia) Limited","critical_battery","1","0","7592","Tin/Tantalum/Zinc","0","0","RESOLVED_ON_RETRY","was a query artefact: register string contains punctuation the PACRA search cannot handle; found as 'SINO GREAT DEVELOPMENT COMPANY (ZAMBIA) LIMITED'","no","no"
"Lords Craftsmen Enterprises Limited","critical_battery","1","0","7390","Nickel/Silver/Zinc","1","0","NOT_FOUND_IN_PACRA_SEARCH","has corporate suffix but no registry hit: spelling variance, deregistration, or genuine absence","no","no"
"Cornerstone Resources Mining & Explorations Limited","critical_battery","1","0","7175","Gold/Manganese/Silver","1","0","RESOLVED_ON_RETRY","was a query artefact: register string contains punctuation the PACRA search cannot handle; found as 'CORNERSTONE RESOURCES MINING & EXPLORATIONS LIMITED'","no","no"
"Copper Zone Resources Ltd","critical_battery","1","0","7147","Rare EarthsElements/Manganese/Uranium","0","0","NOT_FOUND_IN_PACRA_SEARCH","has corporate suffix but no registry hit: spelling variance, deregistration, or genuine absence","no","no"
"Changa-Changa Exploration Limited","critical_battery","1","0","6911","Lead/Manganese/Zinc","0","1","NOT_FOUND_IN_PACRA_SEARCH","has corporate suffix but no registry hit: spelling variance, deregistration, or genuine absence","yes","no"
"Misambo Enterprise & agro Limited","critical_battery","1","0","6900","Manganese/Silver/Gold","0","0","RESOLVED_ON_RETRY","was a query artefact: register string contains punctuation the PACRA search cannot handle; found as 'MISAMBO ENTERPRISE AND AGRO LIMITED'","no","no"
"Mowen Resourses Limited","gemstones","1","0","6560","Malachite/Iron Ore/Zinc","0","0","NOT_FOUND_IN_PACRA_SEARCH","has corporate suffix but no registry hit: spelling variance, deregistration, or genuine absence","yes","no"
"Gold tech resources zambia limited","gold","1","0","6311","Iron Ore/Limestone (General)/Gold","1","0","NOT_FOUND_IN_PACRA_SEARCH","has corporate suffix but no registry hit: spelling variance, deregistration, or genuine absence","no","no"
"Feldon & Camara Mining Limited","critical_battery","2","0","5984","Nickel/Zinc/Iron Ore","0","0","RESOLVED_ON_RETRY","was a query artefact: register string contains punctuation the PACRA search cannot handle; found as 'FELDON & CAMARA MINING LIMITED'","yes","no"
"Kilajits Engineering & Logistics Zambia Limited","critical_battery","2","0","5289","Lead/Copper/Cobalt","2","1","RESOLVED_ON_RETRY","was a query artefact: register string contains punctuation the PACRA search cannot handle; found as 'KILAJITS ENGINEERING & LOGISTICS ZAMBIA LIMITED'","no","no"
"Stewes Mineral Resources Limited","critical_battery","1","0","5227","Lithium/Manganese/Gold","0","0","NOT_FOUND_IN_PACRA_SEARCH","has corporate suffix but no registry hit: spelling variance, deregistration, or genuine absence","yes","no"
"Oscarios Mining & Exploration Limited","critical_battery","3","0","4649","Lead/Manganese/Zinc","2","0","RESOLVED_ON_RETRY","was a query artefact: register string contains punctuation the PACRA search cannot handle; found as 'OSCARIOS MINING & EXPLORATION LIMITED'","yes","no"
"Sulwaitech Services Limited","gemstones","8","0","4519","Copper/Zinc/Gold","8","0","NOT_FOUND_IN_PACRA_SEARCH","has corporate suffix but no registry hit: spelling variance, deregistration, or genuine absence","yes","no"
"Dexing Zambia Metallurgical Mining Company Limited","gold","1","0","4275","Malachite/Silver/Zinc","0","0","NOT_FOUND_IN_PACRA_SEARCH","has corporate suffix but no registry hit: spelling variance, deregistration, or genuine absence","yes","no"
"Mkushi-Serenje Investments Limited","gemstones","3","0","4239","Quartz/Gold/Copper","3","0","NOT_FOUND_IN_PACRA_SEARCH","has corporate suffix but no registry hit: spelling variance, deregistration, or genuine absence","yes","no"
"Iwin Group Limited; Iwin Minerals Limited","critical_battery","1","0","4136","Nickel/Quartz/Silver","1","0","NOT_FOUND_IN_PACRA_SEARCH","has corporate suffix but no registry hit: spelling variance, deregistration, or genuine absence","no","no"
"Mukoleku Security Services LTD","critical_battery","1","0","4124","Platinum/Mineral Sands/Rare EarthsElements","1","0","NOT_FOUND_IN_PACRA_SEARCH","has corporate suffix but no registry hit: spelling variance, deregistration, or genuine absence","no","no"
"Gemaguo Mining and Contractors Limited","gemstones","1","0","4113","Silver/Manganese/Zinc","1","0","NOT_FOUND_IN_PACRA_SEARCH","has corporate suffix but no registry hit: spelling variance, deregistration, or genuine absence","yes","no"
"Marjohn Lukeka Mining & Exploration Company Limited","critical_battery","1","0","3555","Iron Ore/Manganese/Zinc","0","0","RESOLVED_ON_RETRY","was a query artefact: register string contains punctuation the PACRA search cannot handle; found as 'MARJOHN LUKEKA MINING LIMITED'","no","no"
"Phenomenal Mining Company Limited","critical_battery","4","0","3455","Manganese/Malachite/Feldspar","0","0","NOT_FOUND_IN_PACRA_SEARCH","has corporate suffix but no registry hit: spelling variance, deregistration, or genuine absence","yes","no"
"Millenium Business systems Ltd","critical_battery","2","0","3314","Manganese/Gold/Niobium (Columbium)","2","1","NOT_FOUND_IN_PACRA_SEARCH","has corporate suffix but no registry hit: spelling variance, deregistration, or genuine absence","no","no"
"Happy Hills Minerals Limited","critical_battery","1","0","3150","Gold/Manganese/Cobalt","1","0","NOT_FOUND_IN_PACRA_SEARCH","has corporate suffix but no registry hit: spelling variance, deregistration, or genuine absence","no","no"
"damashi resources limited.","gemstones","1","0","3141","Limestone (General)/Iron Ore/Quartz","0","0","RESOLVED_ON_RETRY","was a query artefact: register string contains punctuation the PACRA search cannot handle; found as 'DAMASHI RESOURCES LIMITED'","no","no"
"Joe's Earthworks and Mining Ltd","critical_battery","1","0","3086","Molybdenum/Manganese/Nickel","0","0","RESOLVED_ON_RETRY","was a query artefact: register string contains punctuation the PACRA search cannot handle; found as 'JOE'S EARTHWORKS & MINING  LIMITED'","no","no"
"Kadam Manja Mining Company Limited","gold","1","0","3045","Gold/Silver/Cobalt","0","0","NOT_FOUND_IN_PACRA_SEARCH","has corporate suffix but no registry hit: spelling variance, deregistration, or genuine absence","no","no"
"Uni Mining and Construction Zambia Limited","gemstones","1","1","2941","Garnet/Tantalum/Tin","1","0","NOT_FOUND_IN_PACRA_SEARCH","has corporate suffix but no registry hit: spelling variance, deregistration, or genuine absence","yes","no"
"SK Civil Worksmen and Construction LTD","gemstones","4","0","2909","Nickel/Lead/Zinc","3","0","NOT_FOUND_IN_PACRA_SEARCH","has corporate suffix but no registry hit: spelling variance, deregistration, or genuine absence","yes","no"
"Jufa Transport & Logistics Limited","critical_battery","2","0","2885","Silver/Zinc/Gold","0","0","RESOLVED_ON_RETRY","was a query artefact: register string contains punctuation the PACRA search cannot handle; found as 'JUFA TRANSPORT & LOGISTICS LIMITED'","yes","no"
"S.One Enterprises Limited","gemstones","2","0","2768","Iron Ore/Manganese/Zinc","0","0","RESOLVED_ON_RETRY","was a query artefact: register string contains punctuation the PACRA search cannot handle; found as 'S.ONE ENTERPRISES LIMITED'","no","no"
"Mafula Minerals Resources  Limited","critical_battery","1","0","2623","Manganese/Silver/Zinc","1","0","NOT_FOUND_IN_PACRA_SEARCH","register name has whitespace/encoding artefacts: likely a name-match failure, not absence","no","no"
"Giant Rock Mining Limited","gemstones","1","0","2519","Malachite/Lead/Nickel","1","0","NOT_FOUND_IN_PACRA_SEARCH","has corporate suffix but no registry hit: spelling variance, deregistration, or genuine absence","no","no"
"Geofreight Clearing, Forwarding and Trucking Limited","critical_battery","2","0","2415","Manganese/Silver/Tin","0","0","NOT_FOUND_IN_PACRA_SEARCH","has corporate suffix but no registry hit: spelling variance, deregistration, or genuine absence","no","no"
"ZCCM - IH Investments Holdings Plc","critical_battery","3","1","2349","Cobalt/Sand and Gravel/Copper","0","0","NOT_FOUND_IN_PACRA_SEARCH","has corporate suffix but no registry hit: spelling variance, deregistration, or genuine absence","yes","yes"
"D.M Transport & Logistics Limited","gemstones","2","0","2344","Rare EarthsElements/Quartz/Manganese","1","0","RESOLVED_ON_RETRY","was a query artefact: register string contains punctuation the PACRA search cannot handle; found as 'G. M. D. MECHANICS & TRANSPORT COMPANY'","no","no"
"ZAMJIE TRANSPOTATION LIMITED","critical_battery","1","0","2296","Nickel/Manganese/Zinc","0","0","NOT_FOUND_IN_PACRA_SEARCH","has corporate suffix but no registry hit: spelling variance, deregistration, or genuine absence","no","no"
"Black Diamond Mining & Minerals Limited","critical_battery","4","1","1998","Manganese/Copper/Gold","1","0","RESOLVED_ON_RETRY","was a query artefact: register string contains punctuation the PACRA search cannot handle; found as 'BLACK DIAMOND MINING & MINIRALS LIMITED'","yes","no"
"Jasper-Oko Berly Zambia Limited","gemstones","3","1","1962","Emerald/Tin/Zinc","0","1","NOT_FOUND_IN_PACRA_SEARCH","has corporate suffix but no registry hit: spelling variance, deregistration, or genuine absence","yes","yes"
"Chipanshya Construction Limited; Chipanshya Construction Limited","critical_battery","2","0","1869","Gold/Copper/Cobalt","1","0","NOT_FOUND_IN_PACRA_SEARCH","has corporate suffix but no registry hit: spelling variance, deregistration, or genuine absence","no","no"
"Chibaris International(Zambia)Limited","gemstones","1","0","1776","Rare EarthsElements/Niobium (Columbium)/Nickel","1","0","RESOLVED_ON_RETRY","was a query artefact: register string contains punctuation the PACRA search cannot handle; found as 'CHIBARIS INTERNATIONAL (ZAMBIA) LIMITED'","yes","yes"
"Leveka Mining Ltd","gemstones","3","1","1665","Gold/Copper/Manganese","1","0","NOT_FOUND_IN_PACRA_SEARCH","has corporate suffix but no registry hit: spelling variance, deregistration, or genuine absence","yes","no"
"IBAS Trades Limited","critical_battery","3","3","1553","Gold/Nickel/Silver","1","0","NOT_FOUND_IN_PACRA_SEARCH","has corporate suffix but no registry hit: spelling variance, deregistration, or genuine absence","yes","no"
"Fertilizer Commodities (Z) Limited","gold","1","0","1512","Gold/Iron Ore/Cobalt","1","1","RESOLVED_ON_RETRY","was a query artefact: register string contains punctuation the PACRA search cannot handle; found as 'FERTILIZER COMMODITIES ZAMBIA LIMITED'","no","no"
"Qayshuan International Zambia Limited","critical_battery","1","0","1479","Iron Ore/Nickel/Gold","1","0","NOT_FOUND_IN_PACRA_SEARCH","has corporate suffix but no registry hit: spelling variance, deregistration, or genuine absence","no","no"
"Zam-Kirin Mining Limited","gemstones","2","0","1436","Quartz/Tourmaline/Aquamarine","2","0","NOT_FOUND_IN_PACRA_SEARCH","has corporate suffix but no registry hit: spelling variance, deregistration, or genuine absence","yes","no"
"S.B Mineral Resources Limited","gemstones","2","0","1375","Rare EarthsElements/Manganese/Quartz","2","0","RESOLVED_ON_RETRY","was a query artefact: register string contains punctuation the PACRA search cannot handle; found as 'S.B MINERAL RESOURCES LIMITED'","no","no"
"Bomal Mining & Agriculture Enterprises Limited","gemstones","2","0","1369","Tin/Tourmaline/Tungsten","0","0","RESOLVED_ON_RETRY","was a query artefact: register string contains punctuation the PACRA search cannot handle; found as 'BOMAL MINING AND AGRICULTURE ENTERPRISE LIMITED'","no","no"
"Sajarke Resources Limited","critical_battery","1","0","1324","Iron Ore/Manganese/Copper","1","0","NOT_FOUND_IN_PACRA_SEARCH","has corporate suffix but no registry hit: spelling variance, deregistration, or genuine absence","no","no"
"A.Argente and Company Limited","critical_battery","3","0","1318","Iron Ore/Manganese/Gold","1","0","RESOLVED_ON_RETRY","was a query artefact: register string contains punctuation the PACRA search cannot handle; found as 'A.A ARGENTE AND COMPANY LIMITED'","yes","no"
"Freshpoint Mining Enterprises & General Suppliers Limited","gemstones","2","0","1300","Gold/Copper/Amethyst","2","0","RESOLVED_ON_RETRY","was a query artefact: register string contains punctuation the PACRA search cannot handle; found as 'FRESHPOINT MINING ENTERPRISES AND GENERAL SUPPLIES LIMITED'","no","no"
"Bumpekete Mining & Exploration Limited","critical_battery","2","1","1286","Iron Ore/Manganese/Zinc","1","1","RESOLVED_ON_RETRY","was a query artefact: register string contains punctuation the PACRA search cannot handle; found as 'BUMPEKETE MINING & EXPLORATION LIMITED'","yes","no"
"Gehaanto Enterprises Limited","gemstones","1","0","1278","Silver/Tourmaline/Iron Ore","0","1","NOT_FOUND_IN_PACRA_SEARCH","has corporate suffix but no registry hit: spelling variance, deregistration, or genuine absence","no","no"
"J.S.Moyo Farms Limited","critical_battery","4","4","1219","Sand and Gravel/Iron Ore/Silica","4","0","RESOLVED_ON_RETRY","was a query artefact: register string contains punctuation the PACRA search cannot handle; found as 'J S MOYO FARMS LIMITED'","yes","no"
"Kamdec Investments Ltd","critical_battery","3","3","1170","Iron Ore/Gold/Manganese","0","3","NOT_FOUND_IN_PACRA_SEARCH","has corporate suffix but no registry hit: spelling variance, deregistration, or genuine absence","yes","yes"
"KAMPELEMBE CSS MINES LIMITED","critical_battery","4","4","1129","Manganese/Iron Ore/Copper","3","0","NOT_FOUND_IN_PACRA_SEARCH","has corporate suffix but no registry hit: spelling variance, deregistration, or genuine absence","yes","no"
"Haizhou Mining Resources Co. Limited","gold","2","0","1104","Iron Ore/Silver/Gold","1","0","RESOLVED_ON_RETRY","was a query artefact: register string contains punctuation the PACRA search cannot handle; found as 'HAIZHOU MINING RESOURCES CO. LIMITED'","no","no"
"Hua-Jiang Investments Limited","critical_battery","1","0","1094","Nickel/Lead/Silver","0","0","NOT_FOUND_IN_PACRA_SEARCH","has corporate suffix but no registry hit: spelling variance, deregistration, or genuine absence","no","no"
"Chavuma Mineral Resources Limited","gemstones","1","0","1075","Anhydrite/Gypsum/Gold","1","0","NOT_FOUND_IN_PACRA_SEARCH","has corporate suffix but no registry hit: spelling variance, deregistration, or genuine absence","no","no"
"China Copper Mines Ltd","gold","1","1","1014","Gold/Copper/Cobalt","1","0","NOT_FOUND_IN_PACRA_SEARCH","has corporate suffix but no registry hit: spelling variance, deregistration, or genuine absence","yes","yes"
"Divine Mimuvelyn Mining and Exploration Company  Limited","critical_battery","3","0","1006","Lead/Manganese/Silver","3","0","NOT_FOUND_IN_PACRA_SEARCH","register name has whitespace/encoding artefacts: likely a name-match failure, not absence","no","no"
"Tawakkal Gems Investments Co. Ltd","gemstones","3","1","997","Emerald/Quartz/Manganese","1","0","RESOLVED_ON_RETRY","was a query artefact: register string contains punctuation the PACRA search cannot handle; found as 'TAWAKKAL GEMS INVESTMENTS  COMPANY'","yes","no"
"Mublecha Enteprises Limited","critical_battery","1","0","989","Manganese/Zinc/Gold","1","0","NOT_FOUND_IN_PACRA_SEARCH","has corporate suffix but no registry hit: spelling variance, deregistration, or genuine absence","yes","no"
"Firmato Investiment Limited","critical_battery","1","0","982","Manganese/Zinc/Iron Ore","1","0","NOT_FOUND_IN_PACRA_SEARCH","has corporate suffix but no registry hit: spelling variance, deregistration, or genuine absence","yes","no"
"Northdale Explorations & Logistics Limited","industrial_minerals","1","0","979","Stone/Silica/Crushed/Broken Stone","0","0","RESOLVED_ON_RETRY","was a query artefact: register string contains punctuation the PACRA search cannot handle; found as 'NORTHDALE EXPLORATIONS AND LOGISTICS LIMITED'","yes","no"
"MWILA  J. CIVILS LIMITED","gemstones","2","0","976","Limestone (General)/Malachite/Manganese","0","0","RESOLVED_ON_RETRY","was a query artefact: register string contains punctuation the PACRA search cannot handle; found as 'MWILA J. CIVILS LIMITED'","no","no"
"Alpine Prperties Limited","critical_battery","1","0","972","Iron Ore/Nickel/Zinc","1","1","NOT_FOUND_IN_PACRA_SEARCH","has corporate suffix but no registry hit: spelling variance, deregistration, or genuine absence","no","no"
"Negro F-Solutions Limited","critical_battery","1","0","952","Manganese/Lead/Zinc","1","0","NOT_FOUND_IN_PACRA_SEARCH","has corporate suffix but no registry hit: spelling variance, deregistration, or genuine absence","no","no"
"Delta-Zone Mining & Exploration Limited","gemstones","1","0","951","Nickel/Manganese/Quartz","0","0","RESOLVED_ON_RETRY","was a query artefact: register string contains punctuation the PACRA search cannot handle; found as 'DELTA-ZONE MINING & EXPLORATION LIMITED'","no","no"
"Mutobo Mining & General Dealers Limited","gemstones","1","0","945","Diamond/Emerald/Quartz","1","0","RESOLVED_ON_RETRY","was a query artefact: register string contains punctuation the PACRA search cannot handle; found as 'MUTOBO MINING AND GENERAL DEALERS LIMITED'","no","no"
"ZCCM Gold Limited","critical_battery","2","1","945","Gold/Copper/Cobalt","0","0","NOT_FOUND_IN_PACRA_SEARCH","has corporate suffix but no registry hit: spelling variance, deregistration, or genuine absence","yes","yes"
"KMC Engineering & Construction Limited","critical_battery","1","0","944","Nickel/Manganese/Quartz","0","0","RESOLVED_ON_RETRY","was a query artefact: register string contains punctuation the PACRA search cannot handle; found as 'KMC ENGINEERING & CONSTRUCTION LIMITED'","no","no"
"East-Tech Investments Limited","critical_battery","1","0","912","Tin/Coal","1","1","NOT_FOUND_IN_PACRA_SEARCH","has corporate suffix but no registry hit: spelling variance, deregistration, or genuine absence","no","no"
"Pladoc Enterprises Limited","gemstones","1","0","901","Limestone (General)/Lead/Iron Ore","0","0","NOT_FOUND_IN_PACRA_SEARCH","has corporate suffix but no registry hit: spelling variance, deregistration, or genuine absence","no","no"
"Talang Mining Co. Limited","gemstones","2","1","887","Amethyst/Quartz","1","0","RESOLVED_ON_RETRY","was a query artefact: register string contains punctuation the PACRA search cannot handle; found as 'TALANG MINING COMPANY LIMITED'","yes","no"
"Genem MINERAL LIMITED","critical_battery","4","0","865","Gold/Copper/Iron Ore","2","0","NOT_FOUND_IN_PACRA_SEARCH","has corporate suffix but no registry hit: spelling variance, deregistration, or genuine absence","yes","no"
"A.M Aggeliki Maria Consulting Solutions Limited","critical_battery","1","1","839","Palladium/Nickel/Platinum","1","0","RESOLVED_ON_RETRY","was a query artefact: register string contains punctuation the PACRA search cannot handle; found as 'A.M AGGELIKI MARIA CONSULTING SOLUTIONS LIMITED'","yes","no"
"Rock Trapper mining Limited","gemstones","1","0","829","Quartz/Manganese/Zinc","0","0","NOT_FOUND_IN_PACRA_SEARCH","has corporate suffix but no registry hit: spelling variance, deregistration, or genuine absence","no","no"
"Zombe-Tec Investments Ltd","critical_battery","2","1","799","Manganese/Zinc/Iron Ore","0","0","NOT_FOUND_IN_PACRA_SEARCH","has corporate suffix but no registry hit: spelling variance, deregistration, or genuine absence","yes","no"
"Incara Company (Zambia) Limited","gemstones","1","0","769","Quartz/Tourmaline/Gold","1","0","RESOLVED_ON_RETRY","was a query artefact: register string contains punctuation the PACRA search cannot handle; found as 'INCARA COMPANY (ZAMBIA) LIMITED'","no","no"
"Roseberry Stone & Tile Limited","construction_materials","2","2","754","Stone","2","0","RESOLVED_ON_RETRY","was a query artefact: register string contains punctuation the PACRA search cannot handle; found as 'ROSEBERRY STONE AND TILE LIMITED'","yes","no"
"PCB Mining Limited","critical_battery","2","1","751","Manganese/Lead/Zinc","2","0","NOT_FOUND_IN_PACRA_SEARCH","has corporate suffix but no registry hit: spelling variance, deregistration, or genuine absence","yes","no"
"Samstone crushing limited","gold","1","0","747","Lead/Limestone (General)/Uranium","1","0","NOT_FOUND_IN_PACRA_SEARCH","has corporate suffix but no registry hit: spelling variance, deregistration, or genuine absence","no","no"
"Unirite Investments Limited","critical_battery","1","0","747","Manganese/Quartz/Iron Ore","1","1","NOT_FOUND_IN_PACRA_SEARCH","has corporate suffix but no registry hit: spelling variance, deregistration, or genuine absence","no","no"
"AgenaCorp Zambia Ltd","critical_battery","1","0","745","Silver/Tantalum/Palladium","1","0","NOT_FOUND_IN_PACRA_SEARCH","has corporate suffix but no registry hit: spelling variance, deregistration, or genuine absence","no","no"
"Roan Mineral Resources Company Ltd","critical_battery","1","0","731","Nickel/Manganese/Zinc","1","1","NOT_FOUND_IN_PACRA_SEARCH","has corporate suffix but no registry hit: spelling variance, deregistration, or genuine absence","yes","no"
"WI-PAY FINANCE LIMITED","gemstones","1","0","719","Gravel/Fluorine-Fluorite/Limestone (General)","0","0","NOT_FOUND_IN_PACRA_SEARCH","has corporate suffix but no registry hit: spelling variance, deregistration, or genuine absence","no","no"
"Sekanji Suppliers Limited","critical_battery","1","0","680","Silica/Quartz/Titanium","1","0","NOT_FOUND_IN_PACRA_SEARCH","has corporate suffix but no registry hit: spelling variance, deregistration, or genuine absence","no","no"
"SINO-ARAB Investments Limited","critical_battery","1","0","670","Iron Ore/Manganese/Zinc","0","0","NOT_FOUND_IN_PACRA_SEARCH","has corporate suffix but no registry hit: spelling variance, deregistration, or genuine absence","no","no"
"Lubuchi geo-consultancy Limited","critical_battery","1","0","653","Iron Ore/Manganese/Gold","0","0","NOT_FOUND_IN_PACRA_SEARCH","has corporate suffix but no registry hit: spelling variance, deregistration, or genuine absence","no","no"
"B&G Holdings Limited","gold","1","0","652","Iron Ore/Malachite/Gold","1","0","RESOLVED_ON_RETRY","was a query artefact: register string contains punctuation the PACRA search cannot handle; found as 'B&G HOLDINGS LIMITED'","no","no"
"New Generation Invesment Limited","gemstones","1","0","642","Rare EarthsElements/Niobium (Columbium)/Nickel","0","0","NOT_FOUND_IN_PACRA_SEARCH","has corporate suffix but no registry hit: spelling variance, deregistration, or genuine absence","no","no"
"Kampelembe CSS Mines Ltd","critical_battery","2","2","638","Manganese/Iron Ore/Copper","2","0","NOT_FOUND_IN_PACRA_SEARCH","has corporate suffix but no registry hit: spelling variance, deregistration, or genuine absence","yes","no"
"M & L Prudent Solutions Limited","gold","2","2","594","Gold/Quartz/Fluorine-Fluorite","2","0","RESOLVED_ON_RETRY","was a query artefact: register string contains punctuation the PACRA search cannot handle; found as 'M & L PRUDENT SOLUTIONS LIMITED'","yes","no"
"Nicho Cargo Services Limited","gemstones","1","0","565","Iron Ore/Quartz/Zinc","0","0","NOT_FOUND_IN_PACRA_SEARCH","has corporate suffix but no registry hit: spelling variance, deregistration, or genuine absence","no","no"
"Pricems Mining & Trading Limited","critical_battery","1","0","563","Iron Ore/Manganese/Silver","0","1","RESOLVED_ON_RETRY","was a query artefact: register string contains punctuation the PACRA search cannot handle; found as 'PRICEMS MINING & TRADING LIMITED'","no","no"
"AMADON INVESTMENT LIMITED","base_metals","2","0","543","Limestone (General)/Sand/Feldspar","0","0","NOT_FOUND_IN_PACRA_SEARCH","has corporate suffix but no registry hit: spelling variance, deregistration, or genuine absence","yes","no"
"Koeshma Business Ventures LTD","critical_battery","1","0","524","Rare EarthsElements/Silica/Silver","0","0","NOT_FOUND_IN_PACRA_SEARCH","has corporate suffix but no registry hit: spelling variance, deregistration, or genuine absence","yes","yes"
"Nyakaula Gemstones (2019) Limited","gemstones","2","2","512","Gold/Manganese/Cobalt","2","2","RESOLVED_ON_RETRY","was a query artefact: register string contains punctuation the PACRA search cannot handle; found as 'NYAKAULA GEMSTONE (2019) LIMITED'","yes","no"
"Kapesika Mining & Gold Processing","gemstones","2","0","509","Gold/Lead/Copper","2","0","RESOLVED_ON_RETRY","was a query artefact: register string contains punctuation the PACRA search cannot handle; found as 'KAPESIKA MINING AND GOLD PROCESSING LIMITED'","no","no"
"Azadi Investment Limited","critical_battery","1","0","493","Lead/Manganese/Zinc","1","1","NOT_FOUND_IN_PACRA_SEARCH","has corporate suffix but no registry hit: spelling variance, deregistration, or genuine absence","no","no"
"Musamani Minerals and Agric. Limited","base_metals","1","1","476","Copper","1","1","RESOLVED_ON_RETRY","was a query artefact: register string contains punctuation the PACRA search cannot handle; found as 'MUSAMANI MINERALS AND AGRIC LIMITED'","yes","no"
"Southlink Resources limited","gold","1","0","473","Gold/Copper/Cobalt","1","0","NOT_FOUND_IN_PACRA_SEARCH","has corporate suffix but no registry hit: spelling variance, deregistration, or genuine absence","no","no"
"AFRICAN GOLD TRADERS LIMITED","gemstones","1","0","451","Quartz/Silica/Manganese","1","0","NOT_FOUND_IN_PACRA_SEARCH","has corporate suffix but no registry hit: spelling variance, deregistration, or genuine absence","no","no"
"V.L Coal Mine Company Limited","gemstones","1","0","451","Tantalum/Granite/Tourmaline","1","0","RESOLVED_ON_RETRY","was a query artefact: register string contains punctuation the PACRA search cannot handle; found as 'V.L. COAL MINE COMPANY LIMITED'","no","no"
"Plate Techtonics Zambia Limited","gemstones","2","0","439","Lead/Limestone (General)/Anhydrite","0","0","NOT_FOUND_IN_PACRA_SEARCH","has corporate suffix but no registry hit: spelling variance, deregistration, or genuine absence","yes","no"
"Syra Enterprises Limited","critical_battery","1","0","430","Limestone (General)/Manganese/Silica","0","1","NOT_FOUND_IN_PACRA_SEARCH","has corporate suffix but no registry hit: spelling variance, deregistration, or genuine absence","no","no"
"Mpaso Mining Company Ltd","gemstones","1","0","417","Quartz/Gold/Tourmaline","1","1","NOT_FOUND_IN_PACRA_SEARCH","has corporate suffix but no registry hit: spelling variance, deregistration, or genuine absence","no","no"
"Vanzetti Mining Limited","gemstones","1","0","410","Silver/Tourmaline/Zinc","1","1","NOT_FOUND_IN_PACRA_SEARCH","has corporate suffix but no registry hit: spelling variance, deregistration, or genuine absence","no","no"
"Kampoko Resources Ltd","critical_battery","2","2","401","Copper/Iron Ore/Manganese","2","1","NOT_FOUND_IN_PACRA_SEARCH","has corporate suffix but no registry hit: spelling variance, deregistration, or genuine absence","yes","no"
"Chrispar Mines Limited","gemstones","1","0","400","Aquamarine","0","0","NOT_FOUND_IN_PACRA_SEARCH","has corporate suffix but no registry hit: spelling variance, deregistration, or genuine absence","no","no"
"Chakuza Mining & Exploration Limited","critical_battery","1","1","399","Manganese","1","1","RESOLVED_ON_RETRY","was a query artefact: register string contains punctuation the PACRA search cannot handle; found as 'CHAKUZA MINING &  EXPLORATION LIMITED'","yes","no"
"Zamchrom Investment Limited","gemstones","1","0","399","Anhydrite/Gypsum/Lithium","1","0","NOT_FOUND_IN_PACRA_SEARCH","has corporate suffix but no registry hit: spelling variance, deregistration, or genuine absence","no","no"
"Ta yu Mining Ltd","critical_battery","1","1","399","Manganese","1","1","NOT_FOUND_IN_PACRA_SEARCH","has corporate suffix but no registry hit: spelling variance, deregistration, or genuine absence","yes","no"
"Roadwork Contsruction Limited","industrial_minerals","1","1","399","Limestone (General)/Granite/Dolomite","1","1","NOT_FOUND_IN_PACRA_SEARCH","has corporate suffix but no registry hit: spelling variance, deregistration, or genuine absence","yes","no"
"Maleka Mining & Farming Resources Limited","critical_battery","1","1","399","Silica/Manganese/Silver","1","0","RESOLVED_ON_RETRY","was a query artefact: register string contains punctuation the PACRA search cannot handle; found as 'MALEKA MINING AND FARMING RESOURCES LIMITED'","yes","no"
"W.J.W Construction Limited","gold","1","1","397","Gold/Silver/Cobalt","0","0","RESOLVED_ON_RETRY","was a query artefact: register string contains punctuation the PACRA search cannot handle; found as 'W.J.W CONSTRUCTION LIMITED'","yes","no"
"Red Jakect Zambia Limited","base_metals","1","1","397","Copper","1","0","NOT_FOUND_IN_PACRA_SEARCH","has corporate suffix but no registry hit: spelling variance, deregistration, or genuine absence","yes","no"
"Manseba Mine Ltd","critical_battery","1","1","397","Manganese/Silver/Zinc","0","1","NOT_FOUND_IN_PACRA_SEARCH","has corporate suffix but no registry hit: spelling variance, deregistration, or genuine absence","yes","no"
"AC and G Njanji Mining Company Limited","gold","1","1","397","Zinc/Gold/Copper","1","1","NOT_FOUND_IN_PACRA_SEARCH","has corporate suffix but no registry hit: spelling variance, deregistration, or genuine absence","yes","no"
"SW & GVA Mining Company Ltd","base_metals","1","1","396","Copper","1","1","RESOLVED_ON_RETRY","was a query artefact: register string contains punctuation the PACRA search cannot handle; found as 'SW & GVA MINING COMPANY LIMITED'","yes","no"
"Dash Logistics & Mining Services Limited","base_metals","1","1","396","Silica/Copper/Cobalt","1","0","RESOLVED_ON_RETRY","was a query artefact: register string contains punctuation the PACRA search cannot handle; found as 'DASH LOGISTICS & MINING SERVICES LIMITED'","yes","no"
"Jenipher Ng'andu Mining & Services Limited","gold","1","1","396","Iron Ore/Quartz/Gold","0","1","RESOLVED_ON_RETRY","was a query artefact: register string contains punctuation the PACRA search cannot handle; found as 'JENIPHER NG'ANDU MINING & SERVICES LIMITED'","yes","no"
"Zamfluospar Limited","industrial_minerals","1","1","394","Fluorine-Fluorite","1","0","NOT_FOUND_IN_PACRA_SEARCH","has corporate suffix but no registry hit: spelling variance, deregistration, or genuine absence","yes","no"
"Motherland Resources Limited","critical_battery","1","0","393","Lithium/Limestone (General)/Nickel","0","1","NOT_FOUND_IN_PACRA_SEARCH","has corporate suffix but no registry hit: spelling variance, deregistration, or genuine absence","no","no"
"Hi- Qualime Mining Limited","industrial_minerals","1","1","393","Limestone (General)","1","1","NOT_FOUND_IN_PACRA_SEARCH","has corporate suffix but no registry hit: spelling variance, deregistration, or genuine absence","yes","no"
"Sonkolo Mines & General Dealers Ltd","critical_battery","1","1","392","Gold/Manganese/Cobalt","1","1","RESOLVED_ON_RETRY","was a query artefact: register string contains punctuation the PACRA search cannot handle; found as 'SONKOLO MINES & GENERAL DEALERS LIMITED'","yes","no"
"Changa Flouirite Mine Limited","gemstones","1","1","391","Gemstones/Gold/Fluorine-Fluorite","1","0","NOT_FOUND_IN_PACRA_SEARCH","has corporate suffix but no registry hit: spelling variance, deregistration, or genuine absence","yes","no"
"Nkundalila Small Scale Mines Ltd","gemstones","1","1","390","Manganese/Quartz/Tourmaline","0","0","NOT_FOUND_IN_PACRA_SEARCH","has corporate suffix but no registry hit: spelling variance, deregistration, or genuine absence","yes","no"
"Phoenix Materials Ltd","base_metals","1","1","384","Lightweight Aggregate/Stone/Crushed/Broken Stone","1","1","NOT_FOUND_IN_PACRA_SEARCH","has corporate suffix but no registry hit: spelling variance, deregistration, or genuine absence","yes","no"
"Lilume E.K.M Investment Limited","critical_battery","1","1","379","Limestone (General)/Tin/Zinc","1","0","RESOLVED_ON_RETRY","was a query artefact: register string contains punctuation the PACRA search cannot handle; found as 'LILUME.E.K.M. INVESTMENT LIMITED'","yes","no"
"Nachingwali Enterprises Limited","gemstones","1","1","378","Emerald","1","1","NOT_FOUND_IN_PACRA_SEARCH","has corporate suffix but no registry hit: spelling variance, deregistration, or genuine absence","yes","no"
"ROGMAT ENTERPRISES & GENERAL DEALERS LIMITED","critical_battery","1","0","371","Nickel/Manganese/Zinc","1","0","RESOLVED_ON_RETRY","was a query artefact: register string contains punctuation the PACRA search cannot handle; found as 'ROGMAT ENTERPRISES & GENERAL DEALERS LIMITED'","no","no"
"Macrolink Resources (z)Limited","base_metals","1","1","367","Copper","0","0","RESOLVED_ON_RETRY","was a query artefact: register string contains punctuation the PACRA search cannot handle; found as 'MACROLINK RESOURCES ZAMBIA LIMITED'","yes","yes"
"KAISHENI INVESTMENTS LIMITED","gemstones","1","1","365","Copper/Manganese/Beryllium","1","0","NOT_FOUND_IN_PACRA_SEARCH","has corporate suffix but no registry hit: spelling variance, deregistration, or genuine absence","yes","no"
"Chifotoma Tiles & Paint Manufucturing Enterprise Limited","construction_materials","1","0","363","Lightweight Aggregate","1","0","NOT_FOUND_IN_PACRA_SEARCH","has corporate suffix but no registry hit: spelling variance, deregistration, or genuine absence","yes","no"
"Zambia Amalgamated Metals and Minerals Group Limited","critical_battery","1","1","363","Manganese/Lead/Rare EarthsElements","1","0","NOT_FOUND_IN_PACRA_SEARCH","has corporate suffix but no registry hit: spelling variance, deregistration, or genuine absence","yes","no"
"MLG Resources Limited","industrial_minerals","1","0","353","Silica/Quartz","1","0","NOT_FOUND_IN_PACRA_SEARCH","has corporate suffix but no registry hit: spelling variance, deregistration, or genuine absence","yes","no"
"Blue Oceans Minerals & Metals Ltd","critical_battery","1","1","346","Manganese","0","1","RESOLVED_ON_RETRY","was a query artefact: register string contains punctuation the PACRA search cannot handle; found as 'BOECT BLUE OCEAN COMPANY LIMITED'","yes","no"
"BigHope Mining Ltd","gemstones","1","1","335","Emerald/Tourmaline/Amethyst","1","1","NOT_FOUND_IN_PACRA_SEARCH","has corporate suffix but no registry hit: spelling variance, deregistration, or genuine absence","yes","no"
"Yellowstone Mining Limited","critical_battery","1","1","335","Gold/Nickel/Cobalt","1","0","NOT_FOUND_IN_PACRA_SEARCH","has corporate suffix but no registry hit: spelling variance, deregistration, or genuine absence","yes","no"
"Bupe Transit Home Foundation Limited","critical_battery","1","1","322","Sugilite/Manganese/Zinc","1","0","NOT_FOUND_IN_PACRA_SEARCH","statutory/non-company body: different register","yes","no"
"Minerals & Metals Corporation Zambia Limited","gemstones","1","0","321","Amethyst","1","0","RESOLVED_ON_RETRY","was a query artefact: register string contains punctuation the PACRA search cannot handle; found as 'MINERALS & METALS CORPORATION ZAMBIA LIMITED'","no","no"
"Sea Green Mining Limited","gemstones","2","1","305","Gold/Copper/Emerald","0","1","NOT_FOUND_IN_PACRA_SEARCH","has corporate suffix but no registry hit: spelling variance, deregistration, or genuine absence","yes","no"
"Jilin Nonferous Mining zambia Limited","base_metals","1","0","299","Copper/Cobalt","0","0","NOT_FOUND_IN_PACRA_SEARCH","has corporate suffix but no registry hit: spelling variance, deregistration, or genuine absence","yes","no"
"Sajakle Resources Limited","critical_battery","1","0","293","Iron Ore/Manganese/Copper","1","0","NOT_FOUND_IN_PACRA_SEARCH","has corporate suffix but no registry hit: spelling variance, deregistration, or genuine absence","yes","no"
"Proximity Mining and Engineering Company Ltd","gemstones","2","2","284","Tourmaline/Emerald/Beryllium","1","0","NOT_FOUND_IN_PACRA_SEARCH","has corporate suffix but no registry hit: spelling variance, deregistration, or genuine absence","yes","no"
"Cross Country Mining Ltd","gemstones","2","1","275","Emerald","1","1","NOT_FOUND_IN_PACRA_SEARCH","has corporate suffix but no registry hit: spelling variance, deregistration, or genuine absence","yes","no"
"Sky Africa Engineering & Construction Limited","construction_materials","1","1","261","Sand and Gravel","0","1","RESOLVED_ON_RETRY","was a query artefact: register string contains punctuation the PACRA search cannot handle; found as 'SKY AFRICA ENGINEERING AND CONSTRUCTION LIMITED'","yes","no"
"Chavuma Mining Cooperative Limited","gemstones","2","1","258","Emerald","1","1","NOT_FOUND_IN_PACRA_SEARCH","registers with Registrar of Cooperatives, not PACRA","yes","no"
"JBK Mining Compant LTD","gemstones","1","1","256","Quartz/Tourmaline/Garnet","1","1","NOT_FOUND_IN_PACRA_SEARCH","has corporate suffix but no registry hit: spelling variance, deregistration, or genuine absence","yes","no"
"Lunga Minerals and Geological Limited","base_metals","1","1","256","Copper","1","1","NOT_FOUND_IN_PACRA_SEARCH","has corporate suffix but no registry hit: spelling variance, deregistration, or genuine absence","yes","no"
"Rabya Machining Ltd","industrial_minerals","1","1","254","Silica/Sand and Gravel/Quartz","1","0","NOT_FOUND_IN_PACRA_SEARCH","has corporate suffix but no registry hit: spelling variance, deregistration, or genuine absence","yes","no"
"Izulu Lethu Mining & Trading Academy Limited","critical_battery","1","0","242","Manganese/Gold/Copper","1","0","RESOLVED_ON_RETRY","was a query artefact: register string contains punctuation the PACRA search cannot handle; found as 'IZULU LETHU MINING & TRAINING ACADEMY LIMITED'","no","no"
"Dangote Industries (Z) Ltd","industrial_minerals","1","1","240","Limestone (General)","1","0","NOT_FOUND_IN_PACRA_SEARCH","has corporate suffix but no registry hit: spelling variance, deregistration, or genuine absence","yes","yes"
"Zindi Mining Limted","gemstones","1","0","235","Mineral Sands/Nickel/Limestone (General)","0","0","NOT_FOUND_IN_PACRA_SEARCH","no corporate suffix: may be a trading name or an unincorporated venture","no","no"
"Zambian Limo Tours & Travel Limited","gemstones","2","0","233","Limestone (General)/Manganese/Quartz","2","0","RESOLVED_ON_RETRY","was a query artefact: register string contains punctuation the PACRA search cannot handle; found as 'ZAMBIAN LIMO TOURS & TRAVEL'","no","no"
"Copper Rockfield Mines Ltd","critical_battery","1","0","229","Silver/Tin/Uranium","1","0","NOT_FOUND_IN_PACRA_SEARCH","has corporate suffix but no registry hit: spelling variance, deregistration, or genuine absence","yes","no"
"Zamroyal Investments Limited","gemstones","1","0","220","Silica/Quartz/Tourmaline","0","0","NOT_FOUND_IN_PACRA_SEARCH","has corporate suffix but no registry hit: spelling variance, deregistration, or genuine absence","yes","no"
"Lafarge Zambia PLC","industrial_minerals","2","2","216","Limestone (General)/Shale","2","0","NOT_FOUND_IN_PACRA_SEARCH","has corporate suffix but no registry hit: spelling variance, deregistration, or genuine absence","yes","yes"
"Maggie Kashinakazhi Mine Limited","gold","1","0","211","Lead/Silver/Zinc","1","0","NOT_FOUND_IN_PACRA_SEARCH","has corporate suffix but no registry hit: spelling variance, deregistration, or genuine absence","no","no"
"alkhazana mining company limited","gemstones","1","1","209","Emerald","1","1","NOT_FOUND_IN_PACRA_SEARCH","has corporate suffix but no registry hit: spelling variance, deregistration, or genuine absence","yes","no"
"Astro-Gem Industries Limited","gemstones","1","1","203","Quartz/Tourmaline/Garnet","1","0","NOT_FOUND_IN_PACRA_SEARCH","has corporate suffix but no registry hit: spelling variance, deregistration, or genuine absence","yes","no"
"Sokotela Investments Ltd","gold","2","1","198","Granite/Limestone (General)/Copper","0","0","NOT_FOUND_IN_PACRA_SEARCH","has corporate suffix but no registry hit: spelling variance, deregistration, or genuine absence","yes","no"
"True Ore Mines and Mineral (Zambia) Limited","gemstones","1","0","195","Nickel/Sugilite/Zinc","0","0","RESOLVED_ON_RETRY","was a query artefact: register string contains punctuation the PACRA search cannot handle; found as 'TRUE ORE MINES AND MINERAL (ZAMBIA) LIMITED'","no","no"
"M.A.C General Dealers Limited","gemstones","1","1","189","Emerald/Beryllium","1","1","RESOLVED_ON_RETRY","was a query artefact: register string contains punctuation the PACRA search cannot handle; found as 'B.C.M. GENERAL DEALERS LIMITED  '","yes","no"
"Prime Marble Ltd","industrial_minerals","2","2","188","Marble/Limestone (General)","2","1","NOT_FOUND_IN_PACRA_SEARCH","has corporate suffix but no registry hit: spelling variance, deregistration, or genuine absence","yes","no"
"GWK Earth Movers.Com Limited","gemstones","1","0","187","Quartz/Silica/Gold","1","0","RESOLVED_ON_RETRY","was a query artefact: register string contains punctuation the PACRA search cannot handle; found as 'GWK EARTH MOVERS.COM LIMITED'","yes","no"
"Nyize Enterprises Ltd","gemstones","1","1","180","Emerald/Beryllium","0","1","NOT_FOUND_IN_PACRA_SEARCH","has corporate suffix but no registry hit: spelling variance, deregistration, or genuine absence","yes","no"
"Gramiraj Investments Ltd","gemstones","1","1","178","Iron Ore/Quartz/Gold","1","0","NOT_FOUND_IN_PACRA_SEARCH","has corporate suffix but no registry hit: spelling variance, deregistration, or genuine absence","yes","no"
"JS Moyo Farms Limited","construction_materials","1","0","170","Granite/Crushed/Broken Stone","0","0","NOT_FOUND_IN_PACRA_SEARCH","has corporate suffix but no registry hit: spelling variance, deregistration, or genuine absence","yes","no"
"Wana Emerald Mining Company Ltd","gemstones","1","1","163","Emerald/Beryllium","1","1","NOT_FOUND_IN_PACRA_SEARCH","has corporate suffix but no registry hit: spelling variance, deregistration, or genuine absence","yes","no"
"J.L.Cole Investments Limited","base_metals","1","0","153","Copper","1","0","RESOLVED_ON_RETRY","was a query artefact: register string contains punctuation the PACRA search cannot handle; found as 'J.L.COLE INVESTMENTS LIMITED'","no","no"
"EKS Mining International Ltd","gemstones","1","1","150","Emerald/Beryllium","1","0","NOT_FOUND_IN_PACRA_SEARCH","has corporate suffix but no registry hit: spelling variance, deregistration, or genuine absence","no","no"
"Build Gene Mining and Construction Limited","gemstones","1","1","144","Manganese/Tourmaline/Gold","1","1","NOT_FOUND_IN_PACRA_SEARCH","has corporate suffix but no registry hit: spelling variance, deregistration, or genuine absence","no","no"
"Muamba and Company Ltd","gemstones","1","1","143","Tourmaline/Quartz/Aquamarine","1","0","NOT_FOUND_IN_PACRA_SEARCH","has corporate suffix but no registry hit: spelling variance, deregistration, or genuine absence","no","no"
"Kaur Suppliers Limited","base_metals","1","1","140","Quartz/Sand and Gravel/Silica","0","0","NOT_FOUND_IN_PACRA_SEARCH","has corporate suffix but no registry hit: spelling variance, deregistration, or genuine absence","yes","no"
"Hume Stone Limited","base_metals","1","1","140","Copper","1","1","NOT_FOUND_IN_PACRA_SEARCH","has corporate suffix but no registry hit: spelling variance, deregistration, or genuine absence","no","no"
"Paulgil Check Enterprises Limited","gemstones","1","1","139","Emerald","1","1","NOT_FOUND_IN_PACRA_SEARCH","has corporate suffix but no registry hit: spelling variance, deregistration, or genuine absence","no","no"
"Shultz Mining  Limited","gemstones","1","1","128","Emerald/Beryllium","1","1","NOT_FOUND_IN_PACRA_SEARCH","register name has whitespace/encoding artefacts: likely a name-match failure, not absence","no","no"
"Melai Company Limited","gemstones","1","1","121","Emerald/Beryllium","1","0","NOT_FOUND_IN_PACRA_SEARCH","has corporate suffix but no registry hit: spelling variance, deregistration, or genuine absence","no","no"
"Mandlethu Zambia Ltd","gemstones","1","1","121","Mica/Tourmaline/Emerald","0","0","NOT_FOUND_IN_PACRA_SEARCH","has corporate suffix but no registry hit: spelling variance, deregistration, or genuine absence","yes","yes"
"ZAKOR Metals Ltd","other","1","1","120","Malachite","1","1","NOT_FOUND_IN_PACRA_SEARCH","has corporate suffix but no registry hit: spelling variance, deregistration, or genuine absence","yes","no"
"Franciscan Mineals Zambia Limited","gemstones","1","1","120","Emerald/Beryllium","1","0","NOT_FOUND_IN_PACRA_SEARCH","has corporate suffix but no registry hit: spelling variance, deregistration, or genuine absence","no","no"
"Nkana General Delalers Ltd","gemstones","1","1","113","Emerald/Beryllium","0","0","NOT_FOUND_IN_PACRA_SEARCH","has corporate suffix but no registry hit: spelling variance, deregistration, or genuine absence","no","no"
"G & G National Wide Zambia Ltd","gemstones","1","1","113","Emerald/Beryllium","1","0","RESOLVED_ON_RETRY","was a query artefact: register string contains punctuation the PACRA search cannot handle; found as 'G P FORESTS DEVELOPMENT (I) LIMITED'","no","no"
"LSL CONSULTANCY & INVESTMENT LIMITED","critical_battery","1","0","111","Quartz/Nickel/Zinc","1","0","RESOLVED_ON_RETRY","was a query artefact: register string contains punctuation the PACRA search cannot handle; found as 'LSL CONSULTANCY & INVESTMENT LIMITED'","yes","no"
"Nachingwali Enterprises Ltd","gemstones","1","0","106","Emerald","0","0","NOT_FOUND_IN_PACRA_SEARCH","has corporate suffix but no registry hit: spelling variance, deregistration, or genuine absence","no","no"
"Wizamar General Dealers Ltd","gemstones","1","0","100","Emerald","0","0","NOT_FOUND_IN_PACRA_SEARCH","has corporate suffix but no registry hit: spelling variance, deregistration, or genuine absence","no","no"
"Bakwalufu Enterprises Ltd","critical_battery","1","1","100","Nickel/Silver/Uranium","0","0","NOT_FOUND_IN_PACRA_SEARCH","has corporate suffix but no registry hit: spelling variance, deregistration, or genuine absence","no","no"
"ALD Plant & Fleet Management Limited","construction_materials","1","1","99","Granite/Crushed/Broken Stone","1","0","RESOLVED_ON_RETRY","was a query artefact: register string contains punctuation the PACRA search cannot handle; found as 'ALD PLANT & FLEET MANAGEMENT LIMITED '","yes","no"
"MGB Mining Limited","gemstones","1","1","97","Emerald","1","1","NOT_FOUND_IN_PACRA_SEARCH","has corporate suffix but no registry hit: spelling variance, deregistration, or genuine absence","yes","no"
"Ramada Trade Investment Limited","gold","1","0","96","Gold/Copper/Cobalt","0","0","NOT_FOUND_IN_PACRA_SEARCH","has corporate suffix but no registry hit: spelling variance, deregistration, or genuine absence","no","no"
"A.L. IMPORTERS AND EXPORTERS LIMITED","gemstones","1","0","95","Manganese/Malachite/Limestone (General)","0","0","RESOLVED_ON_RETRY","was a query artefact: register string contains punctuation the PACRA search cannot handle; found as 'A.L. IMPORTERS AND EXPORTERS LIMITED'","yes","no"
"Suanni mining limited.","gemstones","1","0","83","Emerald/Gold/Cobalt","0","0","RESOLVED_ON_RETRY","was a query artefact: register string contains punctuation the PACRA search cannot handle; found as 'SUANNI MINING LIMITED'","no","no"
"Shen Zhou Investment Compmay Limited","industrial_minerals","1","1","79","Limestone (General)/Granite/Crushed/Broken Stone","1","0","NOT_FOUND_IN_PACRA_SEARCH","has corporate suffix but no registry hit: spelling variance, deregistration, or genuine absence","yes","no"
"Mano Yachila Maka Mining Cooperative","gemstones","1","0","78","Emerald","0","0","NOT_FOUND_IN_PACRA_SEARCH","registers with Registrar of Cooperatives, not PACRA","no","no"
"Asbelow Mining & Business Consultancy Limited","critical_battery","1","0","73","Manganese/Nickel/Zinc","1","0","RESOLVED_ON_RETRY","was a query artefact: register string contains punctuation the PACRA search cannot handle; found as 'AsBELOW MINING AND BUSINESS CONSULTANCY LIMITED'","no","no"
"Jamba Mining & Marketing Ltd","gemstones","1","1","72","Emerald/Beryllium","1","1","RESOLVED_ON_RETRY","was a query artefact: register string contains punctuation the PACRA search cannot handle; found as 'JAMBA MINING AND MARKETING LIMITED'","no","no"
"Kankan Mining Co. Limited","gemstones","1","1","68","Amethyst","1","0","RESOLVED_ON_RETRY","was a query artefact: register string contains punctuation the PACRA search cannot handle; found as 'KANKAN MINING COMPANY LIMITED'","yes","no"
"NISS SKY Spares and Accessories (1996) Limited","gemstones","1","0","67","Nickel/Manganese/Tourmaline","0","0","NOT_FOUND_IN_PACRA_SEARCH","has corporate suffix but no registry hit: spelling variance, deregistration, or genuine absence","no","no"
"Kalubwe Mining Limited","gemstones","1","1","60","Emerald","1","1","NOT_FOUND_IN_PACRA_SEARCH","has corporate suffix but no registry hit: spelling variance, deregistration, or genuine absence","no","no"
"Mapelo Gemstone Export Co. Limited","gemstones","1","1","60","Garnet","1","1","RESOLVED_ON_RETRY","was a query artefact: register string contains punctuation the PACRA search cannot handle; found as 'MAPELO GEMSTONE EXPRT COMPANY LIMITED'","no","no"
"Gertina Mines Limited","gemstones","1","1","51","Emerald/Beryllium","1","1","NOT_FOUND_IN_PACRA_SEARCH","has corporate suffix but no registry hit: spelling variance, deregistration, or genuine absence","no","no"
"PLR Projects Zambia Ltd","critical_battery","1","1","50","Manganese/Quartz/Coal","1","0","NOT_FOUND_IN_PACRA_SEARCH","has corporate suffix but no registry hit: spelling variance, deregistration, or genuine absence","no","no"
"United Alloys (Z) Limited","critical_battery","1","1","47","Manganese","1","1","NOT_FOUND_IN_PACRA_SEARCH","has corporate suffix but no registry hit: spelling variance, deregistration, or genuine absence","no","no"
"Double ""C"" Investments Limited","gemstones","1","1","45","Tourmaline/Emerald","1","0","NOT_FOUND_IN_PACRA_SEARCH","has corporate suffix but no registry hit: spelling variance, deregistration, or genuine absence","no","no"
"Fitwama Mining Cooperative Society","gemstones","1","1","45","Emerald","0","1","NOT_FOUND_IN_PACRA_SEARCH","registers with Registrar of Cooperatives, not PACRA","no","no"
"M.G Mwanjisi Auto Parts Limited","gemstones","1","0","44","Emerald","1","0","RESOLVED_ON_RETRY","was a query artefact: register string contains punctuation the PACRA search cannot handle; found as 'M. G MWANJISI AUTO PARTS LIMITED'","yes","no"
"Nyatungu  Multipurpose Coorperative  Society","gold","2","2","44","Copper/Cobalt/Silver","2","0","NOT_FOUND_IN_PACRA_SEARCH","registers with Registrar of Cooperatives, not PACRA","yes","no"
"TRYTON CONSTRUCTION & ENGINEERING COMPANY LIMITED","industrial_minerals","1","0","43","Limestone (General)/Dolomite","1","0","RESOLVED_ON_RETRY","was a query artefact: register string contains punctuation the PACRA search cannot handle; found as 'TRYTON CONSTRUCTION & ENGINEERING COMPANY LIMITED'","yes","no"
"Emmanuel and Joseph Scrap Metal Co. Ltd.","gemstones","1","1","40","Emerald","1","1","RESOLVED_ON_RETRY","was a query artefact: register string contains punctuation the PACRA search cannot handle; found as 'EMMANUEL AND JOSEPH SCRAP METALS COMPANY LIMITED'","no","no"
"Ifisuma Tafisa Bwangu Mining Company Ltd","gold","2","1","36","Gold/Sulfur/Cobalt","1","2","NOT_FOUND_IN_PACRA_SEARCH","has corporate suffix but no registry hit: spelling variance, deregistration, or genuine absence","yes","no"
"BED-ROCK MINE LIMITED","gemstones","1","1","35","Emerald","0","1","NOT_FOUND_IN_PACRA_SEARCH","has corporate suffix but no registry hit: spelling variance, deregistration, or genuine absence","no","no"
"Farmers Development Cooperaative Union Society Limited","gold","5","5","34","Gold/Copper","0","0","NOT_FOUND_IN_PACRA_SEARCH","registers with Registrar of Cooperatives, not PACRA","yes","no"
"Feedstock and Nutrition Manufactures Co-operative Society Limited","gold","5","5","34","Gold/Copper","0","0","NOT_FOUND_IN_PACRA_SEARCH","registers with Registrar of Cooperatives, not PACRA","yes","no"
"Faren Mining and Metalllurgy Zambia Company Limited","gold","1","1","33","Gold/Copper","1","0","NOT_FOUND_IN_PACRA_SEARCH","has corporate suffix but no registry hit: spelling variance, deregistration, or genuine absence","no","no"
"Lead Way Youth Multi Purpose Cooperative Society Limited","base_metals","1","0","33","Copper","1","0","NOT_FOUND_IN_PACRA_SEARCH","registers with Registrar of Cooperatives, not PACRA","yes","no"
"Point & Line Technology Ltd","construction_materials","1","1","30","Stone","0","0","RESOLVED_ON_RETRY","was a query artefact: register string contains punctuation the PACRA search cannot handle; found as 'BRAND POINT SHOP LIMITED'","yes","no"
"Aqu-Desert Zambia Limited","gold","1","0","27","Stone/Gold/Copper","1","0","NOT_FOUND_IN_PACRA_SEARCH","has corporate suffix but no registry hit: spelling variance, deregistration, or genuine absence","no","no"
"Tawampa Multi-purpose Co-operative Society Limited","industrial_minerals","4","4","27","Dolomite/Granite","4","0","NOT_FOUND_IN_PACRA_SEARCH","registers with Registrar of Cooperatives, not PACRA","yes","no"
"Sichanzu Multipurpose Cooperative  society Limited","critical_battery","4","4","26","Iron Ore/Zinc/Gold","0","0","NOT_FOUND_IN_PACRA_SEARCH","registers with Registrar of Cooperatives, not PACRA","yes","no"
"Matala Gold Hero Multi-Purpose Society Limited","gemstones","4","4","26","Gold/Silver/Zinc","4","0","NOT_FOUND_IN_PACRA_SEARCH","registers with Registrar of Cooperatives, not PACRA","yes","no"
"Libra Mining Multi-Purpose Cooperative Society Limited","gold","4","4","26","Quartz/Silica/Limestone (General)","4","0","NOT_FOUND_IN_PACRA_SEARCH","registers with Registrar of Cooperatives, not PACRA","yes","no"
"ZM and P (B.V.I) Holdings Limited","critical_battery","1","1","26","Tantalum/Silver/Tin","0","0","RESOLVED_ON_RETRY","was a query artefact: register string contains punctuation the PACRA search cannot handle; found as 'ZM & P (B.V.I) HOLDINGS LIMITED'","no","no"
"Moyo Chiefdom Multi purpose Cooperative Society Limited","gemstones","4","4","26","Feldspar/Emerald/Beryllium","0","0","NOT_FOUND_IN_PACRA_SEARCH","registers with Registrar of Cooperatives, not PACRA","yes","no"
"Zabwino-Ndidi Multi-Purpose Co-operative Society Limited","gold","4","4","26","Gold/Copper","3","0","NOT_FOUND_IN_PACRA_SEARCH","registers with Registrar of Cooperatives, not PACRA","yes","no"
"Thandizo Lathu Multipurpose Co-operative Society Limited","gemstones","4","4","22","Iron Ore/Manganese/Quartz","4","0","NOT_FOUND_IN_PACRA_SEARCH","registers with Registrar of Cooperatives, not PACRA","yes","no"
"ZAMSERE YOUTHS MINING COOPERATIVE SOCIETY LIMITED","gemstones","3","3","20","Quartz/Manganese/Iron Ore","2","0","NOT_FOUND_IN_PACRA_SEARCH","registers with Registrar of Cooperatives, not PACRA","yes","no"
"Luiri Miners Cooperative Society","critical_battery","3","3","20","Gold/Copper/Silver","3","0","NOT_FOUND_IN_PACRA_SEARCH","registers with Registrar of Cooperatives, not PACRA","yes","no"
"Learn To Share Mining Co-Operative Society Limited","gemstones","3","3","20","Gold/Quartz/Tin","3","0","NOT_FOUND_IN_PACRA_SEARCH","registers with Registrar of Cooperatives, not PACRA","yes","no"
"LELO Mult-Purpose Co-operative Society Limited","gemstones","3","3","20","Manganese/Gold/Copper","2","0","NOT_FOUND_IN_PACRA_SEARCH","registers with Registrar of Cooperatives, not PACRA","yes","no"
"CHALO MBANTHU YOUNG WOMEN MULTI-CO-OPERATIVE SOCIETY LIMITED","gemstones","3","3","20","Gold/Quartz/Copper","0","0","NOT_FOUND_IN_PACRA_SEARCH","registers with Registrar of Cooperatives, not PACRA","yes","no"
"Mukala Mineral co-operative Society Limited","gold","3","3","20","Copper/Cobalt/Gold","3","0","NOT_FOUND_IN_PACRA_SEARCH","registers with Registrar of Cooperatives, not PACRA","yes","no"
"MineralXplore Multi-Purpose  Cooperative Society limited","gold","3","3","20","Sand/Limestone (General)/Gold","2","0","NOT_FOUND_IN_PACRA_SEARCH","registers with Registrar of Cooperatives, not PACRA","yes","no"
"Chelekapa Mult-Purpose Co-operative Society Limited","gemstones","4","4","19","Copper/Zinc/Tourmaline","0","0","NOT_FOUND_IN_PACRA_SEARCH","registers with Registrar of Cooperatives, not PACRA","yes","no"
"kamutumba mining company ltd","critical_battery","1","0","17","Manganese/Silver/Zinc","1","0","NOT_FOUND_IN_PACRA_SEARCH","has corporate suffix but no registry hit: spelling variance, deregistration, or genuine absence","no","no"
"Makaasa Multi-Purpose Co-operative Society Limited","critical_battery","3","3","17","Quartz/Nickel/Rare EarthsElements","2","0","NOT_FOUND_IN_PACRA_SEARCH","registers with Registrar of Cooperatives, not PACRA","yes","no"
"Daxing Mining Company Limited","critical_battery","1","1","13","Manganese","1","0","NOT_FOUND_IN_PACRA_SEARCH","has corporate suffix but no registry hit: spelling variance, deregistration, or genuine absence","no","no"
"Twawilwa Multi Purpose Cooperative  Limited","gold","2","2","13","Gold","2","0","NOT_FOUND_IN_PACRA_SEARCH","registers with Registrar of Cooperatives, not PACRA","yes","no"
"Central Mining Local Multi-Purpose Co-operative Society Limited","critical_battery","2","2","13","Nickel/Silver/Zinc","0","0","NOT_FOUND_IN_PACRA_SEARCH","registers with Registrar of Cooperatives, not PACRA","yes","no"
"Bwesu Ubunoshi Multipurpose Cooperative Society","critical_battery","2","2","13","Rare EarthsElements/Tantalum/Copper","1","0","NOT_FOUND_IN_PACRA_SEARCH","registers with Registrar of Cooperatives, not PACRA","yes","no"
"Twafwilishane Multi-Purpose Co-operative Society Limited","critical_battery","2","2","13","Zinc/Lead/Copper","1","0","NOT_FOUND_IN_PACRA_SEARCH","registers with Registrar of Cooperatives, not PACRA","yes","no"
"MBOOZIBATEBULI MULTI- PURPOSE CO-OPERATIVE SOCIETY LIMITED","industrial_minerals","2","2","13","Quartz/Stone/Granite","2","0","NOT_FOUND_IN_PACRA_SEARCH","registers with Registrar of Cooperatives, not PACRA","yes","no"
"PROGRESSION YOUTH MULTI PURPOSE COOPERATIVE SOCIETY LIMITED","gold","2","2","13","Gold/Copper/Zinc","0","0","NOT_FOUND_IN_PACRA_SEARCH","registers with Registrar of Cooperatives, not PACRA","yes","no"
"Muchinga Route Multi-purpose Co-operative Society Limited","gemstones","2","2","13","Nickel/Anhydrite/Zinc","2","0","NOT_FOUND_IN_PACRA_SEARCH","registers with Registrar of Cooperatives, not PACRA","yes","no"
"Kalomona Mining Cooperative Society Limited","industrial_minerals","2","2","13","Quartz","2","0","NOT_FOUND_IN_PACRA_SEARCH","registers with Registrar of Cooperatives, not PACRA","yes","no"
"QUICK SQUAD MULTI-PURPOSE COOPERATIVE LIMITED","gold","2","2","13","Copper/Cobalt/Gold","0","0","NOT_FOUND_IN_PACRA_SEARCH","registers with Registrar of Cooperatives, not PACRA","yes","no"
"True Ore Mines and Minerals (Tomm) Private Limited","critical_battery","1","1","13","Manganese/Gold/Copper","1","0","RESOLVED_ON_RETRY","was a query artefact: register string contains punctuation the PACRA search cannot handle; found as 'TRUE ORE MINES AND MINERALS (TOMM) PRIVATE LIMITED'","no","no"
"Fyakufolobolafye Mining Cooperative Society Limited","gemstones","2","2","13","Gold/Silver/Zinc","2","0","NOT_FOUND_IN_PACRA_SEARCH","registers with Registrar of Cooperatives, not PACRA","yes","no"
"Benecho Women Multi-purpose Co-operative Society Limited","gemstones","2","2","13","Limestone (General)/Manganese/Anhydrite","2","0","NOT_FOUND_IN_PACRA_SEARCH","registers with Registrar of Cooperatives, not PACRA","yes","no"
"Faith Womens Mining Cooperative Society Limited","gemstones","2","2","13","Gold/Iron Ore/Quartz","0","0","NOT_FOUND_IN_PACRA_SEARCH","registers with Registrar of Cooperatives, not PACRA","yes","no"
"Mulonga Mining Cooperative Society Limited","gemstones","2","2","13","Lead/Anhydrite/Manganese","1","0","NOT_FOUND_IN_PACRA_SEARCH","registers with Registrar of Cooperatives, not PACRA","yes","no"
"H.G High Grade Resources Limited","base_metals","1","1","13","Copper/Cobalt","1","0","RESOLVED_ON_RETRY","was a query artefact: register string contains punctuation the PACRA search cannot handle; found as 'H.G HIGH GRADE RESOURCES LIMITED'","no","no"
"COMETOGETHER MULTI-PURPOSED CO-OPERATIVE SOCIETY LIMITED","gemstones","2","2","13","Rare EarthsElements/Silver/Quartz","0","0","NOT_FOUND_IN_PACRA_SEARCH","registers with Registrar of Cooperatives, not PACRA","yes","no"
"City Mine Multi-purpose Cooperative Society Limited","gemstones","2","2","13","Tungsten/Lithium/Rare EarthsElements","2","0","NOT_FOUND_IN_PACRA_SEARCH","registers with Registrar of Cooperatives, not PACRA","yes","no"
"E-Stone Works Enterprises Limited","gemstones","1","0","13","Lithium/Manganese/Iron Ore","1","0","NOT_FOUND_IN_PACRA_SEARCH","has corporate suffix but no registry hit: spelling variance, deregistration, or genuine absence","no","no"
"LUKUNKA CENTRAL MULTI -PURPOSE CO-OPERATIVE SOCIETY LIMITED","gold","2","2","13","Iron Ore/Gold/Copper","0","0","NOT_FOUND_IN_PACRA_SEARCH","registers with Registrar of Cooperatives, not PACRA","yes","no"
"KYASALAULA MULTIPURPOSE CO-OPERATIVE SOCIETY","critical_battery","2","2","13","Zinc/Gold/Copper","0","0","NOT_FOUND_IN_PACRA_SEARCH","registers with Registrar of Cooperatives, not PACRA","yes","no"
"Green Machinery Suppiers Limited","unknown","1","1","13","","1","0","NOT_FOUND_IN_PACRA_SEARCH","has corporate suffix but no registry hit: spelling variance, deregistration, or genuine absence","yes","no"
"Ikondo Mining Cooperative Society (IMCS)","gold","2","2","13","Gold/Zinc/Copper","2","0","NOT_FOUND_IN_PACRA_SEARCH","registers with Registrar of Cooperatives, not PACRA","yes","no"
"Lumbeni Multi-purpose Co-operative Society Limited","critical_battery","2","2","13","Lead/Manganese/Zinc","1","0","NOT_FOUND_IN_PACRA_SEARCH","registers with Registrar of Cooperatives, not PACRA","yes","no"
"Zambia Savings and Credit Union Cooperative Society Limited","gemstones","2","2","13","Iron Ore/Anhydrite/Gypsum","2","0","NOT_FOUND_IN_PACRA_SEARCH","registers with Registrar of Cooperatives, not PACRA","yes","no"
"LUSAC BUILDERS MULTI- PURPOSE  CO-OPERATIVE SOCIETY LIMITED","gemstones","2","2","13","Nickel/Anhydrite/Zinc","1","0","NOT_FOUND_IN_PACRA_SEARCH","registers with Registrar of Cooperatives, not PACRA","yes","no"
"Mwandanga Mining And Crushing Multi-purpose Co-operative Society Limited","gemstones","2","2","13","Quartz/Iron Ore/Manganese","1","0","NOT_FOUND_IN_PACRA_SEARCH","registers with Registrar of Cooperatives, not PACRA","yes","no"
"Chibechatu Multi-purpose Co-operative Society Limited","gemstones","2","2","13","Nickel/Lithium/Zinc","1","0","NOT_FOUND_IN_PACRA_SEARCH","registers with Registrar of Cooperatives, not PACRA","yes","no"
"NORTHWEST - LINE MULTIPURPOSE CO-OPERATIVE SOCIETY LIMITED","gemstones","2","2","13","Zinc/Anhydrite/Quartz","1","0","NOT_FOUND_IN_PACRA_SEARCH","registers with Registrar of Cooperatives, not PACRA","yes","no"
"Lubalashi Co-operative Limited","industrial_minerals","2","2","13","Limestone (General)","2","0","NOT_FOUND_IN_PACRA_SEARCH","registers with Registrar of Cooperatives, not PACRA","yes","no"
"Chikoti Khisa-Mining Co-operative Society Limited","critical_battery","2","2","13","Quartz/Rare EarthsElements/Cobalt","0","0","NOT_FOUND_IN_PACRA_SEARCH","registers with Registrar of Cooperatives, not PACRA","yes","no"
"AAL- Grace Mining Co-operative Society Limited","gold","2","2","13","Iron Ore/Zinc/Copper","0","0","NOT_FOUND_IN_PACRA_SEARCH","registers with Registrar of Cooperatives, not PACRA","yes","no"
"Front Page Multi-Purpose Cooperative Society Limited","gemstones","2","2","13","Clay (General)/Mineral Sands/Feldspar","2","0","NOT_FOUND_IN_PACRA_SEARCH","registers with Registrar of Cooperatives, not PACRA","yes","no"
"CHINTUCHOMWE MULTI-PURPOSE CO-OPERATIVE SOCIETY LIMITED","gemstones","2","2","13","Quartz/Nickel/Zinc","0","0","NOT_FOUND_IN_PACRA_SEARCH","registers with Registrar of Cooperatives, not PACRA","yes","no"
"Grhhin Mine Limited","gold","1","0","13","Iron Ore/Silver/Zinc","1","1","NOT_FOUND_IN_PACRA_SEARCH","has corporate suffix but no registry hit: spelling variance, deregistration, or genuine absence","no","no"
"Solola Multi-purpose Co-operative","gold","2","2","13","Gold/Copper/Silver","0","0","NOT_FOUND_IN_PACRA_SEARCH","registers with Registrar of Cooperatives, not PACRA","yes","no"
"Endeavor Rise Multi-Purpose Co-operative Society Limited","gemstones","2","2","13","Gold/Gemstones/Copper","0","0","NOT_FOUND_IN_PACRA_SEARCH","registers with Registrar of Cooperatives, not PACRA","yes","no"
"Nyamphende Small Scale Mining Cooperative Society","gold","2","2","13","Quartz/Gold/Copper","0","0","NOT_FOUND_IN_PACRA_SEARCH","registers with Registrar of Cooperatives, not PACRA","yes","no"
"Havfree International Trade (pty) Limited","critical_battery","1","0","11","Nickel/Manganese/Zinc","1","1","RESOLVED_ON_RETRY","was a query artefact: register string contains punctuation the PACRA search cannot handle; found as 'HavFree INTERNATIONAL TRADE (PTY) LIMITED'","no","no"
"Double impacty Construction Company Ltd","industrial_minerals","1","1","11","Marble/Limestone (General)","1","1","NOT_FOUND_IN_PACRA_SEARCH","has corporate suffix but no registry hit: spelling variance, deregistration, or genuine absence","no","no"
"Lukamantano Youth Multi-Purpose Cooperative","critical_battery","1","1","7","Pyrite/Tin/Zinc","1","0","NOT_FOUND_IN_PACRA_SEARCH","registers with Registrar of Cooperatives, not PACRA","no","no"
"Kamdothi Mining Cooperative","gemstones","1","1","7","Silver/Tourmaline/Gold","1","0","NOT_FOUND_IN_PACRA_SEARCH","registers with Registrar of Cooperatives, not PACRA","no","no"
"Lukalia Mining Co-operative Society Limited","critical_battery","1","1","7","Manganese/Sand/Sugilite","1","0","NOT_FOUND_IN_PACRA_SEARCH","registers with Registrar of Cooperatives, not PACRA","yes","no"
"Kasafya Youth Multi-purpose Co-operative Society Limited","critical_battery","1","1","7","Manganese/Copper/Cobalt","1","0","NOT_FOUND_IN_PACRA_SEARCH","registers with Registrar of Cooperatives, not PACRA","no","no"
"Lugubbe Multi-Purpose Co-operative Society Limited","gold","1","1","7","Mica/Limestone (General)/Silica","1","0","NOT_FOUND_IN_PACRA_SEARCH","registers with Registrar of Cooperatives, not PACRA","yes","no"
"Kamwambizi Small Scale Miners Co-operative Society Limited","gemstones","1","1","7","Quartz/Tourmaline/Aquamarine","1","0","NOT_FOUND_IN_PACRA_SEARCH","registers with Registrar of Cooperatives, not PACRA","no","no"
"Madibba Resources Multipurpose Cooperative Society","gemstones","1","1","7","Quartz/Radium/Nickel","1","0","NOT_FOUND_IN_PACRA_SEARCH","registers with Registrar of Cooperatives, not PACRA","no","no"
"Makandwe Multi-purpose cooperative Society Limited","gold","1","1","7","Iron Ore/Silver/Gold","1","0","NOT_FOUND_IN_PACRA_SEARCH","registers with Registrar of Cooperatives, not PACRA","no","no"
"Malemashi Copper Mult Purpose Cooperative Society Limited","gemstones","1","1","7","Quartz/Silver/Tourmaline","0","0","NOT_FOUND_IN_PACRA_SEARCH","registers with Registrar of Cooperatives, not PACRA","no","no"
"Malota Multpurpose Cooperative Society Limited","critical_battery","1","1","7","Limestone (General)/Lead/Zinc","1","0","NOT_FOUND_IN_PACRA_SEARCH","registers with Registrar of Cooperatives, not PACRA","yes","no"
"Kamwambizi Small Scale Mines Mining Cooperative Society","unknown","1","1","7","","1","0","NOT_FOUND_IN_PACRA_SEARCH","registers with Registrar of Cooperatives, not PACRA","yes","no"
"Nyanswa Mining Multi-Purpose Co-Operative Society Limited","gold","1","1","7","Iron Ore/Lead/Zinc","1","0","NOT_FOUND_IN_PACRA_SEARCH","registers with Registrar of Cooperatives, not PACRA","no","no"
"NKUSULULU MULTPURPOSE CO-OPERATIVE SOCIETY LIMITED","gemstones","1","1","7","Mineral Sands/Silver/Gold","0","0","NOT_FOUND_IN_PACRA_SEARCH","registers with Registrar of Cooperatives, not PACRA","no","no"
"Graspers  Multi- Purpose Co-Operative Society Limited","gold","1","1","7","Iron Ore/Lead/Zinc","1","0","NOT_FOUND_IN_PACRA_SEARCH","registers with Registrar of Cooperatives, not PACRA","no","no"
"New Generation Multi-purpose Co-operative Society Limited","gemstones","1","1","7","Emerald/Copper/Cobalt","0","0","NOT_FOUND_IN_PACRA_SEARCH","registers with Registrar of Cooperatives, not PACRA","no","no"
"NOK Mining Co-Operative Society Limited","gemstones","1","1","7","Manganese/Granite/Tourmaline","1","0","NOT_FOUND_IN_PACRA_SEARCH","registers with Registrar of Cooperatives, not PACRA","no","no"
"Kapanda Maano Multi- Purpose Co-operative Society Limited","critical_battery","1","1","7","Lead/Manganese/Zinc","0","0","NOT_FOUND_IN_PACRA_SEARCH","registers with Registrar of Cooperatives, not PACRA","no","no"
"Kaole New  Dawn Mining Multipurpose  Cooperative Society Limited","critical_battery","1","1","7","Manganese/Copper","1","0","NOT_FOUND_IN_PACRA_SEARCH","registers with Registrar of Cooperatives, not PACRA","no","no"
"Nkulundundu Multi-purpose Cooperative","gold","1","1","7","Quartz/Silica/Zinc","0","0","NOT_FOUND_IN_PACRA_SEARCH","registers with Registrar of Cooperatives, not PACRA","no","no"
"Nkasekelela Multi-purpose cooperative society","gemstones","1","1","7","Gold/Malachite/Copper","0","0","NOT_FOUND_IN_PACRA_SEARCH","registers with Registrar of Cooperatives, not PACRA","yes","no"
"Nkasekelela Multi-purpose Cooperative Society Limited","gold","1","1","7","Iron Ore/Lead/Silver","0","0","NOT_FOUND_IN_PACRA_SEARCH","registers with Registrar of Cooperatives, not PACRA","no","no"
"Kamuselula Mining Co- operative Society Limited","gold","1","1","7","Silver/Zinc/Gold","0","0","NOT_FOUND_IN_PACRA_SEARCH","registers with Registrar of Cooperatives, not PACRA","no","no"
"Liang Yun Company Limited","base_metals","1","1","7","Copper/Cobalt","1","0","NOT_FOUND_IN_PACRA_SEARCH","has corporate suffix but no registry hit: spelling variance, deregistration, or genuine absence","yes","no"
"Mpavu Multi-Purpose Cooperative Society Limited","gemstones","1","1","7","Quartz/Niobium (Columbium)/Aquamarine","1","0","NOT_FOUND_IN_PACRA_SEARCH","registers with Registrar of Cooperatives, not PACRA","no","no"
"Kauzu Nkhunzi Mining Cooperative Society Limited","gemstones","1","1","7","Quartz/Tourmaline/Gold","0","0","NOT_FOUND_IN_PACRA_SEARCH","registers with Registrar of Cooperatives, not PACRA","no","no"
"Lilayi Talc Mine Association","gold","1","1","7","Gold","0","0","NOT_FOUND_IN_PACRA_SEARCH","statutory/non-company body: different register","no","no"
"Lavuponde Multi - Cooperative Society Limited","gemstones","1","1","7","Gold/Iron Ore/Manganese","1","0","NOT_FOUND_IN_PACRA_SEARCH","registers with Registrar of Cooperatives, not PACRA","no","no"
"Kabipupu Multi Purpose Co-operative Society Limited","industrial_minerals","1","1","7","Silica/Stone/Sand and Gravel","1","0","NOT_FOUND_IN_PACRA_SEARCH","registers with Registrar of Cooperatives, not PACRA","yes","no"
"Jungle Lion Mining Co-operative","gold","1","1","7","Gold/Copper/Cobalt","0","0","NOT_FOUND_IN_PACRA_SEARCH","registers with Registrar of Cooperatives, not PACRA","no","no"
"Jesu Multi Purpose Cooperative Society Limited","gold","1","1","7","Gold/Copper","1","0","NOT_FOUND_IN_PACRA_SEARCH","registers with Registrar of Cooperatives, not PACRA","no","no"
"Mufumbwe Mining Multi-purpose Co-operative Society Limited","critical_battery","1","1","7","Quartz/Nickel/Rare EarthsElements","1","0","NOT_FOUND_IN_PACRA_SEARCH","registers with Registrar of Cooperatives, not PACRA","no","no"
"Mufwashi Mining Cooperative Society Limited","gemstones","1","1","7","Gold/Iron Ore/Tourmaline","1","0","NOT_FOUND_IN_PACRA_SEARCH","registers with Registrar of Cooperatives, not PACRA","no","no"
"Katotebujo Mullti-Purpose Co-operative Limited","gemstones","1","1","7","Iron Ore/Manganese/Silver","0","0","NOT_FOUND_IN_PACRA_SEARCH","registers with Registrar of Cooperatives, not PACRA","no","no"
"Kyuulu Mutezhi Multi-purpose Co-operative Society Limited","gemstones","1","1","7","Iron Ore/Gold/Zinc","0","0","NOT_FOUND_IN_PACRA_SEARCH","registers with Registrar of Cooperatives, not PACRA","no","no"
"Kwetu Multi Purpose Co-operative Society Limited","gold","1","1","7","Quartz/Gold","1","0","NOT_FOUND_IN_PACRA_SEARCH","registers with Registrar of Cooperatives, not PACRA","no","no"
"Kyasalaula Multi-Purpose Co-operative Society Limited","gemstones","1","1","7","Nickel/Quartz/Gold","1","0","NOT_FOUND_IN_PACRA_SEARCH","registers with Registrar of Cooperatives, not PACRA","yes","no"
"Luchisaka Mining and Development Cooperative Limited","gemstones","1","1","7","Granite/Mica/Gold","0","0","NOT_FOUND_IN_PACRA_SEARCH","registers with Registrar of Cooperatives, not PACRA","no","no"
"Kennados Mining Ventures Co-operative Society Limited","gemstones","1","1","7","Silica/Tantalum/Tin","0","0","NOT_FOUND_IN_PACRA_SEARCH","registers with Registrar of Cooperatives, not PACRA","no","no"
"Katuzumanana Mining Co-operative Society Limited","gold","1","1","7","Gold","1","0","NOT_FOUND_IN_PACRA_SEARCH","registers with Registrar of Cooperatives, not PACRA","no","no"
"Luapula Women In Extractive Mining Co-operative Society Limited","critical_battery","1","1","7","Iron Ore/Manganese/Quartz","0","0","NOT_FOUND_IN_PACRA_SEARCH","registers with Registrar of Cooperatives, not PACRA","no","no"
"Kudinkaku Multi-Purpose Society Limited","critical_battery","1","1","7","Limestone (General)/Lead/Zinc","1","0","NOT_FOUND_IN_PACRA_SEARCH","registers with Registrar of Cooperatives, not PACRA","no","no"
"Kozoo mining multi -purpose cooperative society Limited","gold","1","1","7","Sand/Limestone (General)/Gold","0","0","NOT_FOUND_IN_PACRA_SEARCH","registers with Registrar of Cooperatives, not PACRA","no","no"
"Kilobo Multi-purpose Cooperative Society Limited","gold","1","1","7","Gold/Copper/Cobalt","0","0","NOT_FOUND_IN_PACRA_SEARCH","registers with Registrar of Cooperatives, not PACRA","no","no"
"Munyumakazi Mining Cooperative Limited","critical_battery","1","1","7","Iron Ore/Manganese/Copper","0","0","NOT_FOUND_IN_PACRA_SEARCH","registers with Registrar of Cooperatives, not PACRA","no","no"
"Jach Multi-Purpose Cooperative","critical_battery","1","1","7","Lead/Manganese/Zinc","1","0","NOT_FOUND_IN_PACRA_SEARCH","registers with Registrar of Cooperatives, not PACRA","no","no"
"Munalu Small Scale Mining Co-operative Society Limited","critical_battery","1","1","7","Tantalum/Tin/Tungsten","1","0","NOT_FOUND_IN_PACRA_SEARCH","registers with Registrar of Cooperatives, not PACRA","yes","no"
"MUTABI MUTANZI MULTI-PURPOSE CO-OPERATIVE SOCIETY","critical_battery","1","1","7","Manganese/Gold/Copper","1","0","NOT_FOUND_IN_PACRA_SEARCH","registers with Registrar of Cooperatives, not PACRA","no","no"
"Mutane Akose Mining Coorperative Society Limited","critical_battery","1","1","7","Manganese/Sand/Silica","1","0","NOT_FOUND_IN_PACRA_SEARCH","registers with Registrar of Cooperatives, not PACRA","yes","no"
"MUTUPA MINING MULT-PURPOSE COOPERATIVE SOCIETY LIMITED","construction_materials","1","1","7","Stone/Sand/Granite","0","0","NOT_FOUND_IN_PACRA_SEARCH","registers with Registrar of Cooperatives, not PACRA","yes","no"
"Muwamba Nyama Mining & Agricultural Cooperative Society","gemstones","1","1","7","Tourmaline","1","0","NOT_FOUND_IN_PACRA_SEARCH","registers with Registrar of Cooperatives, not PACRA","no","no"
"Mwatwiinda Multi Purpose Co-operative Society Limited","gemstones","1","1","7","Gold/Quartz/Amethyst","0","0","NOT_FOUND_IN_PACRA_SEARCH","registers with Registrar of Cooperatives, not PACRA","no","no"
"Mwapanda Corner Multi-Purpose Co-operative Society Limited","critical_battery","1","1","7","Mineral Sands/Manganese/Sand","0","0","NOT_FOUND_IN_PACRA_SEARCH","registers with Registrar of Cooperatives, not PACRA","no","no"
"INTERNAL MINDSET CO-OPERTIVE LIMITED","gold","1","1","7","Gold","1","0","NOT_FOUND_IN_PACRA_SEARCH","has corporate suffix but no registry hit: spelling variance, deregistration, or genuine absence","no","no"
"MUSOKONTWELELE MINING CO-OPERATIVE SOCIETY LIMITED","critical_battery","1","1","7","Manganese/Gold/Copper","0","0","NOT_FOUND_IN_PACRA_SEARCH","registers with Registrar of Cooperatives, not PACRA","no","no"
"Helment Boot-Mining Multi-purpose Cooperative Society Limited","gemstones","1","1","7","Mica/Lithium/Tantalum","1","0","NOT_FOUND_IN_PACRA_SEARCH","registers with Registrar of Cooperatives, not PACRA","no","no"
"Mweengwe Multi-Purpose Cooperative","gold","1","1","7","Gold/Lead/Cobalt","0","0","NOT_FOUND_IN_PACRA_SEARCH","registers with Registrar of Cooperatives, not PACRA","yes","no"
"Hillpot Mining Multipurpose Cooperative","critical_battery","1","1","7","Manganese/Gold/Copper","1","0","NOT_FOUND_IN_PACRA_SEARCH","registers with Registrar of Cooperatives, not PACRA","yes","no"
"Mwaze Multipurpose Co-operative Society Limited","gold","1","1","7","Iron Ore/Gold/Copper","0","0","NOT_FOUND_IN_PACRA_SEARCH","registers with Registrar of Cooperatives, not PACRA","yes","no"
"namundela mining co-operative society limited","gemstones","1","1","7","Gold/Emerald/Manganese","1","0","NOT_FOUND_IN_PACRA_SEARCH","registers with Registrar of Cooperatives, not PACRA","no","no"
"Mwaze Village Multi Purpose Cooperative","gold","1","1","7","Gold/Copper","1","0","NOT_FOUND_IN_PACRA_SEARCH","registers with Registrar of Cooperatives, not PACRA","yes","no"
"Mwaze Mining Co-operative Society Limited","gold","1","1","7","Iron Ore/Gold/Copper","0","0","NOT_FOUND_IN_PACRA_SEARCH","registers with Registrar of Cooperatives, not PACRA","no","no"
"Ilola Datamuka Multi Purpose Co-operative Limited","critical_battery","1","1","7","Nickel/Gold/Copper","1","0","NOT_FOUND_IN_PACRA_SEARCH","registers with Registrar of Cooperatives, not PACRA","no","no"
"Myafi Mining Co-orperative Multi- Purpose Society","gemstones","1","1","7","Saprolite/Rare EarthsElements/Tourmaline","1","0","NOT_FOUND_IN_PACRA_SEARCH","registers with Registrar of Cooperatives, not PACRA","no","no"
"Nabasuntwe Mining Ventures Co-operative Society Limited","gemstones","1","1","7","Garnet/Feldspar/Iron Ore","0","0","NOT_FOUND_IN_PACRA_SEARCH","registers with Registrar of Cooperatives, not PACRA","no","no"
"Muyongo Shilenga Small Scale Mining Co-operative Society Limited","critical_battery","1","1","7","Lead/Manganese/Zinc","1","0","NOT_FOUND_IN_PACRA_SEARCH","registers with Registrar of Cooperatives, not PACRA","no","no"
"Nyungu Artisanal Mining Multipurpose Co-operative Society Limited","gold","1","1","7","Mineral Sands/Silica/Gold","1","0","NOT_FOUND_IN_PACRA_SEARCH","registers with Registrar of Cooperatives, not PACRA","no","no"
"NGABWE KAPANDE MINING CO-OPERATIVE SOCIETY  LIMITED","gemstones","1","1","7","Quartz/Manganese/Tin","0","0","NOT_FOUND_IN_PACRA_SEARCH","registers with Registrar of Cooperatives, not PACRA","no","no"
"Equitable Zambian Mining and Minerals Cooperative Society Limited","gemstones","1","1","7","Gold/Manganese/Mineral Sands","1","0","NOT_FOUND_IN_PACRA_SEARCH","registers with Registrar of Cooperatives, not PACRA","no","no"
"Fair People Multi-Purpose Cooperative Society Limited","gemstones","1","1","7","Coal/Cobalt/Citrine","1","0","NOT_FOUND_IN_PACRA_SEARCH","registers with Registrar of Cooperatives, not PACRA","no","no"
"RHEMA MINING COOPERATIVE SOCIETY LIMITED","critical_battery","1","1","7","Malachite/Lead/Zinc","0","0","NOT_FOUND_IN_PACRA_SEARCH","registers with Registrar of Cooperatives, not PACRA","yes","no"
"NELEMU MULTI-PURPOSE  CO-OPERATIVE LIMITED","gemstones","1","1","7","Lead/Iron Ore/Anhydrite","0","0","NOT_FOUND_IN_PACRA_SEARCH","registers with Registrar of Cooperatives, not PACRA","no","no"
"Havillah Multi-purpose Co-operative Limited","gemstones","1","1","7","Gemstones/Gold/Cobalt","0","0","NOT_FOUND_IN_PACRA_SEARCH","registers with Registrar of Cooperatives, not PACRA","no","no"
"Happening Multi-purpose Co-operative Society Limited","critical_battery","1","1","7","Silica/Manganese/Copper","1","0","NOT_FOUND_IN_PACRA_SEARCH","registers with Registrar of Cooperatives, not PACRA","no","no"
"N'gandu Mining Co-operative Society Limited","gemstones","1","1","7","Iron Ore/Gravel/Lead","1","0","NOT_FOUND_IN_PACRA_SEARCH","registers with Registrar of Cooperatives, not PACRA","no","no"
"Hanuunka Mining Cooperative Society LIMITED","industrial_minerals","1","1","7","Sandstone/Stone/Sand and Gravel","1","0","NOT_FOUND_IN_PACRA_SEARCH","registers with Registrar of Cooperatives, not PACRA","no","no"
"Risers Mining Cooperative Society Limited","critical_battery","1","1","7","Lead/Manganese/Gold","1","0","NOT_FOUND_IN_PACRA_SEARCH","registers with Registrar of Cooperatives, not PACRA","no","no"
"Phillip Mining Cooperative Society Limited","gemstones","1","1","7","Limestone (General)/Gold/Manganese","1","0","NOT_FOUND_IN_PACRA_SEARCH","registers with Registrar of Cooperatives, not PACRA","no","no"
"golden silk multi-purpose co-operative society limited","critical_battery","1","1","7","Manganese/Gold/Copper","0","0","NOT_FOUND_IN_PACRA_SEARCH","registers with Registrar of Cooperatives, not PACRA","no","no"
"QUICK SQUADMULTI-PURPOSE COOPERATIVE LIMITED","critical_battery","1","1","7","Manganese/Quartz/Copper","0","0","NOT_FOUND_IN_PACRA_SEARCH","registers with Registrar of Cooperatives, not PACRA","no","no"
"Founded Business Trust Refineries Zambia Limited","gold","1","1","7","Gold","1","1","NOT_FOUND_IN_PACRA_SEARCH","statutory/non-company body: different register","no","no"
"Fisanamano Multi-Purpose Co-operative Society Limited","critical_battery","1","1","7","Manganese/Gold/Copper","1","0","NOT_FOUND_IN_PACRA_SEARCH","registers with Registrar of Cooperatives, not PACRA","no","no"
"ECO MINING CO-OPERATIVE SOCIETY LIMITED","gold","1","1","7","Iron Ore/Silver/Zinc","0","0","NOT_FOUND_IN_PACRA_SEARCH","registers with Registrar of Cooperatives, not PACRA","no","no"
"Rufunsa Green Multi-purpose Co-operative Society Limited","critical_battery","1","1","7","Manganese/Gold/Copper","0","0","NOT_FOUND_IN_PACRA_SEARCH","registers with Registrar of Cooperatives, not PACRA","no","no"
"Equitable Zambian Mining and Minerals Cooperative Society","industrial_minerals","1","1","7","Fluorine-Fluorite/Quartz/Clay (General)","1","0","NOT_FOUND_IN_PACRA_SEARCH","registers with Registrar of Cooperatives, not PACRA","no","no"
"Pachida Mining Cooperative Society Limited","gemstones","1","1","7","Iron Ore/Quartz/Tourmaline","1","0","NOT_FOUND_IN_PACRA_SEARCH","registers with Registrar of Cooperatives, not PACRA","no","no"
"PEOPLE'S MULTI- PURPOSE CO-OPERATIVE SOCIETY LIMITED","gemstones","1","1","7","Nickel/Anhydrite/Zinc","0","0","NOT_FOUND_IN_PACRA_SEARCH","registers with Registrar of Cooperatives, not PACRA","no","no"
"Mpanga Mining Cooperative Society Limited","gold","1","1","7","Platinum Group Metals/Silver/Uranium","0","0","NOT_FOUND_IN_PACRA_SEARCH","registers with Registrar of Cooperatives, not PACRA","no","no"
"Anahela Gold Mining Co-operative Society Limited","critical_battery","1","1","7","Lead/Manganese/Zinc","1","0","NOT_FOUND_IN_PACRA_SEARCH","registers with Registrar of Cooperatives, not PACRA","no","no"
"Zao Mining Cooperative Society Limited","gemstones","1","1","7","Quartz/Manganese/Rare EarthsElements","1","0","NOT_FOUND_IN_PACRA_SEARCH","registers with Registrar of Cooperatives, not PACRA","yes","no"
"5 stars Multi Purpose Coopérative Society Limited","critical_battery","1","1","7","Sand and Gravel/Quartz/Zinc","1","0","NOT_FOUND_IN_PACRA_SEARCH","registers with Registrar of Cooperatives, not PACRA","no","no"
"Akainga Multi-purpose Co-operative Society Limited","critical_battery","1","1","7","Iron Ore/Lead/Nickel","1","0","NOT_FOUND_IN_PACRA_SEARCH","registers with Registrar of Cooperatives, not PACRA","yes","no"
"AIGLE MULTI-PURPOSE COOPERATIVE SOCIETY LIMITED","gemstones","1","1","7","Quartz/Gold/Zinc","1","0","NOT_FOUND_IN_PACRA_SEARCH","registers with Registrar of Cooperatives, not PACRA","no","no"
"Upper Hands Mining Co-operative Society Limited","industrial_minerals","1","1","7","Quartz/Granite","1","0","NOT_FOUND_IN_PACRA_SEARCH","registers with Registrar of Cooperatives, not PACRA","yes","no"
"Buneme Multi-Purpose Cooperative Society Limited","gold","1","1","7","Iron Ore/Lead/Silver","0","0","NOT_FOUND_IN_PACRA_SEARCH","registers with Registrar of Cooperatives, not PACRA","no","no"
"Bwesu Ubunonshi Multi-Purpose Cooperative Society Limited","critical_battery","1","1","7","Tantalum/Tin/Rare EarthsElements","0","0","NOT_FOUND_IN_PACRA_SEARCH","registers with Registrar of Cooperatives, not PACRA","no","no"
"Albino Multipurpose Cooperative Society Limited","gemstones","1","1","7","Quartz/Manganese/Limestone (General)","1","0","NOT_FOUND_IN_PACRA_SEARCH","registers with Registrar of Cooperatives, not PACRA","no","no"
"Beunasha Multi Purpose Cooperative Society Limited","critical_battery","1","1","7","Lead/Tin/Zinc","1","0","NOT_FOUND_IN_PACRA_SEARCH","registers with Registrar of Cooperatives, not PACRA","no","no"
"Balume Mining Co-operative Society Limited","gemstones","1","1","7","Gold/Iron Ore/Zinc","0","0","NOT_FOUND_IN_PACRA_SEARCH","registers with Registrar of Cooperatives, not PACRA","no","no"
"CHIHAFE MULTI PURPOSE  CO-OPERATIVE","critical_battery","1","1","7","Manganese/Rhodium/Gold","1","0","NOT_FOUND_IN_PACRA_SEARCH","registers with Registrar of Cooperatives, not PACRA","no","no"
"Twaboola Multi-purpose Co-operative Society Limited","critical_battery","1","1","7","Iron Ore/Lead/Nickel","0","0","NOT_FOUND_IN_PACRA_SEARCH","registers with Registrar of Cooperatives, not PACRA","no","no"
"Chimwelelende Mining Cooperative LTD","gold","1","1","7","Mineral Sands/Quartz/Gold","1","0","NOT_FOUND_IN_PACRA_SEARCH","registers with Registrar of Cooperatives, not PACRA","no","no"
"Chetu Multi-Purpose Co-Operative Society Limited","gemstones","1","1","7","Silver/Quartz/Nickel","1","0","NOT_FOUND_IN_PACRA_SEARCH","registers with Registrar of Cooperatives, not PACRA","no","no"
"speedy waters mining cooperative society ltd","critical_battery","1","1","7","Manganese/Gold/Copper","0","0","NOT_FOUND_IN_PACRA_SEARCH","registers with Registrar of Cooperatives, not PACRA","no","no"
"Wabanganya Multipurpose Cooperative Society","gemstones","1","1","7","Nickel/Magnesium (Brucit)/Rare EarthsElements","1","0","NOT_FOUND_IN_PACRA_SEARCH","registers with Registrar of Cooperatives, not PACRA","no","no"
"Benechishi Mining Co-operative Society Limited","critical_battery","1","1","7","Rare EarthsElements/Feldspar/Chromium","1","0","NOT_FOUND_IN_PACRA_SEARCH","registers with Registrar of Cooperatives, not PACRA","no","no"
"AZMI MINING CO OPERATIVE SOCIETY LIMITED","gold","1","1","7","Gold","0","0","NOT_FOUND_IN_PACRA_SEARCH","registers with Registrar of Cooperatives, not PACRA","yes","no"
"Zagema Mining and Mineral Trading Corperative","gemstones","1","1","7","Sand and Gravel/Clay (General)/Aquamarine","1","0","NOT_FOUND_IN_PACRA_SEARCH","no corporate suffix: may be a trading name or an unincorporated venture","yes","no"
"Bachoba Multi-Purpose Co-operative Society Limited","critical_battery","1","1","7","Silica/Manganese/Silver","1","0","NOT_FOUND_IN_PACRA_SEARCH","registers with Registrar of Cooperatives, not PACRA","no","no"
"Twaima Youth Muilti Purpose Co-operative","critical_battery","1","1","7","Manganese","1","0","NOT_FOUND_IN_PACRA_SEARCH","registers with Registrar of Cooperatives, not PACRA","yes","no"
"Shalom Wesu Multi-purpose Co-operative Society Limited","critical_battery","1","1","7","Sand/Manganese/Zinc","0","0","NOT_FOUND_IN_PACRA_SEARCH","registers with Registrar of Cooperatives, not PACRA","no","no"
"DIGI MINERALS MULTI-PURPOSE COOPERATIVE","gold","1","1","7","Gold","0","0","NOT_FOUND_IN_PACRA_SEARCH","registers with Registrar of Cooperatives, not PACRA","no","no"
"Doug-Morgar Mult-Purpose Co-operative Society","gemstones","1","1","7","Tantalum/Tin/Amethyst","0","0","NOT_FOUND_IN_PACRA_SEARCH","registers with Registrar of Cooperatives, not PACRA","no","no"
"Siavonga Mining Multi-Purpose Co-operative Limited","gemstones","1","1","7","Gold/Silica/Tantalum","0","0","NOT_FOUND_IN_PACRA_SEARCH","registers with Registrar of Cooperatives, not PACRA","no","no"
"SINANKUMBI MINING COOPERATIVE SOCIETY LIMITED","gemstones","1","1","7","Tin/Gemstones/Tourmaline","0","0","NOT_FOUND_IN_PACRA_SEARCH","registers with Registrar of Cooperatives, not PACRA","no","no"
"EASTNET MULTI-PURPOSE CO-OPERATIVE SOCIETY LIMITED","gemstones","1","1","7","Nickel/Anhydrite/Zinc","0","0","NOT_FOUND_IN_PACRA_SEARCH","registers with Registrar of Cooperatives, not PACRA","no","no"
"Eagle Eye Mining Multi-purpose Co-operative Society","gemstones","1","1","7","Lead/Iron Ore/Silica","1","0","NOT_FOUND_IN_PACRA_SEARCH","registers with Registrar of Cooperatives, not PACRA","yes","no"
"Save Lives Multi- Purpose Co-operative Limited","critical_battery","1","1","7","Gold/Manganese/Cobalt","1","0","NOT_FOUND_IN_PACRA_SEARCH","registers with Registrar of Cooperatives, not PACRA","no","no"
"SHIWANGANDU MULTI PURPOSE CO-OPERATIVE SOCIETY LIMITED","critical_battery","1","1","7","Manganese/Quartz/Limestone (General)","0","0","NOT_FOUND_IN_PACRA_SEARCH","registers with Registrar of Cooperatives, not PACRA","no","no"
"Sangalala General Trading Limited","gold","1","1","7","Gold/Copper","1","0","NOT_FOUND_IN_PACRA_SEARCH","has corporate suffix but no registry hit: spelling variance, deregistration, or genuine absence","yes","no"
"Doug Morgar Multi Purpose Co-operate Society","gemstones","1","1","7","Amethyst","0","0","NOT_FOUND_IN_PACRA_SEARCH","registers with Registrar of Cooperatives, not PACRA","yes","no"
"Vyane Mult-Purpose Co-operative Society Limited","critical_battery","1","1","7","Manganese/Lead/Nickel","1","0","NOT_FOUND_IN_PACRA_SEARCH","registers with Registrar of Cooperatives, not PACRA","no","no"
"BOMAS Mining Cooperative Society","gemstones","1","1","7","Silver/Tourmaline/Gold","0","0","NOT_FOUND_IN_PACRA_SEARCH","registers with Registrar of Cooperatives, not PACRA","no","no"
"BOMBA ULYA MINING COOPERATIVE SOCIETY LIMITED","gemstones","1","1","7","Quartz/Sugilite/Tourmaline","1","0","NOT_FOUND_IN_PACRA_SEARCH","registers with Registrar of Cooperatives, not PACRA","no","no"
"TWAYUKA MINING COOPERATIVE SOCIETY LIMITED","gemstones","1","1","7","Limestone (General)/Lead/Nickel","1","0","NOT_FOUND_IN_PACRA_SEARCH","registers with Registrar of Cooperatives, not PACRA","no","no"
"TWEENDE CHILOBE MULTIPURPOSE COOPERATIVE SOCIETY LIMITED","gemstones","1","1","7","Mica/Fluorine-Fluorite/Tourmaline","1","0","NOT_FOUND_IN_PACRA_SEARCH","registers with Registrar of Cooperatives, not PACRA","yes","no"
"Collussion Mining Co-cooperative Society Limited","gemstones","1","1","7","Manganese/Lithium/Lead","0","0","NOT_FOUND_IN_PACRA_SEARCH","registers with Registrar of Cooperatives, not PACRA","no","no"
"Sianzovu Community Mining Cooperative","gemstones","1","1","7","Quartz/Nickel/Manganese","1","0","NOT_FOUND_IN_PACRA_SEARCH","registers with Registrar of Cooperatives, not PACRA","yes","no"
"VINEYARD MULTI-PURPOSE CO-OPERATIVE SOCIETY LIMITED","gold","1","1","7","Gold/Silver/Cobalt","1","0","NOT_FOUND_IN_PACRA_SEARCH","registers with Registrar of Cooperatives, not PACRA","no","no"
"Broadway Mining Cooperative Society Limited","gold","1","1","7","Gold/Copper","0","0","NOT_FOUND_IN_PACRA_SEARCH","registers with Registrar of Cooperatives, not PACRA","yes","no"
"Vic-Chafi MultIpurpose Cooperative Society Limited","gemstones","1","1","7","Quartz/Aquamarine","0","0","NOT_FOUND_IN_PACRA_SEARCH","registers with Registrar of Cooperatives, not PACRA","no","no"
"Kambishi Multi-purpose Co-operative Society Limited","gemstones","1","1","7","Emerald/Copper/Cobalt","0","0","NOT_FOUND_IN_PACRA_SEARCH","registers with Registrar of Cooperatives, not PACRA","no","no"
"KAFWA MULT-PURPOSE CO-OPERATIVE SOCIETY LIMITED","gemstones","1","1","7","Gold/Mineral Sands/Amethyst","0","0","NOT_FOUND_IN_PACRA_SEARCH","registers with Registrar of Cooperatives, not PACRA","no","no"
"Mango Mining Co-operative Society Limited","critical_battery","1","1","7","Gold/Nickel/Cobalt","1","0","NOT_FOUND_IN_PACRA_SEARCH","registers with Registrar of Cooperatives, not PACRA","no","no"
"Mapatizya Central Multi-Purpose Cooperative Society","gemstones","1","1","7","Lithium/Lead/Mica","1","0","NOT_FOUND_IN_PACRA_SEARCH","registers with Registrar of Cooperatives, not PACRA","no","no"
"Mandala Multi-purpose Co-operative Society Limited","industrial_minerals","1","1","7","Quartz","0","0","NOT_FOUND_IN_PACRA_SEARCH","registers with Registrar of Cooperatives, not PACRA","yes","no"
"Kalonga Community Muilti-Purpose Co-operative Society","critical_battery","1","1","7","Silver/Tin/Zinc","1","0","NOT_FOUND_IN_PACRA_SEARCH","registers with Registrar of Cooperatives, not PACRA","yes","no"
"Kakafita Multi-Purpose Co-Operative Society Limited","base_metals","1","1","7","Iron Ore/Zinc/Cobalt","0","0","NOT_FOUND_IN_PACRA_SEARCH","registers with Registrar of Cooperatives, not PACRA","yes","no"
"Kajila-Nkeke Mining Multi-Purpose Co-Operative Society Limited","critical_battery","1","1","7","Nickel/Magnesite/Quartz","0","0","NOT_FOUND_IN_PACRA_SEARCH","registers with Registrar of Cooperatives, not PACRA","yes","no"
"Mkumbacanoka Mining Co-operatives  Society Limited","gemstones","1","1","7","Silica/Quartz/Manganese","0","0","NOT_FOUND_IN_PACRA_SEARCH","registers with Registrar of Cooperatives, not PACRA","no","no"
"Kadesh Multi Purpose Cooperative Society Limited","industrial_minerals","1","1","7","Feldspar/Clay (General)","1","0","NOT_FOUND_IN_PACRA_SEARCH","registers with Registrar of Cooperatives, not PACRA","yes","no"
"Mazalazambwe Multi-purpose Co-operative Society Limited","critical_battery","1","1","7","Iron Ore/Lead/Nickel","0","0","NOT_FOUND_IN_PACRA_SEARCH","registers with Registrar of Cooperatives, not PACRA","yes","no"
"MUKUNGULE MULTI PURPOSE CO-OPERATIVE SOCIETY LIMITED","gold","1","1","7","Gold/Copper","0","0","NOT_FOUND_IN_PACRA_SEARCH","registers with Registrar of Cooperatives, not PACRA","no","no"
"Mufwashi New Multi-purpose Co-operative Society Limited","gold","1","1","7","Lead/Zinc/Gold","1","0","NOT_FOUND_IN_PACRA_SEARCH","registers with Registrar of Cooperatives, not PACRA","no","no"
"Mulev Mining And Agricultural Multi Purpose Cooperative Society Limited","gemstones","1","1","7","Manganese/Quartz/Silica","1","0","NOT_FOUND_IN_PACRA_SEARCH","registers with Registrar of Cooperatives, not PACRA","no","no"
"Mukuni Mining Cooperative Society Limited","gemstones","1","1","7","Tourmaline/Zinc/Copper","1","0","NOT_FOUND_IN_PACRA_SEARCH","registers with Registrar of Cooperatives, not PACRA","no","no"
"Mukuta Bulongo Multipurpose Society Limited","gold","1","1","7","Gold","1","0","NOT_FOUND_IN_PACRA_SEARCH","registers with Registrar of Cooperatives, not PACRA","no","no"
"Kamaluba Youth Mult-purpose Cooperative Society Limited","gold","1","1","7","Iron Ore/Lead/Silver","1","0","NOT_FOUND_IN_PACRA_SEARCH","registers with Registrar of Cooperatives, not PACRA","no","no"
"Kalumbila Multi-purpose Cooperative Society","gemstones","1","1","7","Limestone (General)/Iron Ore/Anhydrite","1","0","NOT_FOUND_IN_PACRA_SEARCH","registers with Registrar of Cooperatives, not PACRA","no","no"
"kachiba-biyo Multipurpose Cooperative Society","gemstones","1","1","7","Lithium/Gemstones/Tin","0","0","NOT_FOUND_IN_PACRA_SEARCH","registers with Registrar of Cooperatives, not PACRA","no","no"
"Mugwazo Mining Co-operative Society Limited","gold","1","1","7","Gold/Copper/Cobalt","1","0","NOT_FOUND_IN_PACRA_SEARCH","registers with Registrar of Cooperatives, not PACRA","yes","no"
"Mukala Mineral  Co-operation Society Limited","gold","1","1","7","Gold/Copper/Cobalt","1","0","NOT_FOUND_IN_PACRA_SEARCH","registers with Registrar of Cooperatives, not PACRA","no","no"
"Mindende Mult-purpose Cooperative Society Limited","gold","1","1","7","Silver/Zinc/Gold","1","0","NOT_FOUND_IN_PACRA_SEARCH","registers with Registrar of Cooperatives, not PACRA","yes","no"
"Southern Minerals Co-operative Society Limited","construction_materials","1","1","7","Sand and Gravel/Granite/Crushed/Broken Stone","0","0","NOT_FOUND_IN_PACRA_SEARCH","registers with Registrar of Cooperatives, not PACRA","yes","no"
"Chimwelelende Mining Cooperative Society Limited","gemstones","1","1","7","Quartz/Sand and Gravel/Granite","1","0","NOT_FOUND_IN_PACRA_SEARCH","registers with Registrar of Cooperatives, not PACRA","no","no"
"Southern Minerals And Mining Cooperative Society Limited","gemstones","1","1","7","Quartz/Manganese/Lithium","1","0","NOT_FOUND_IN_PACRA_SEARCH","registers with Registrar of Cooperatives, not PACRA","no","no"
"Tukali Youth Multi-Purpose Co-operative","gold","1","1","7","Gold/Copper/Cobalt","0","0","NOT_FOUND_IN_PACRA_SEARCH","registers with Registrar of Cooperatives, not PACRA","no","no"
"Chau Ubuntu Multi- Purpose Co-operative Limited","gemstones","1","1","7","Iron Ore/Anhydrite/Gypsum","1","0","NOT_FOUND_IN_PACRA_SEARCH","registers with Registrar of Cooperatives, not PACRA","no","no"
"Chibulu Tulipamo Mining Co-operative Society Limited","gemstones","1","1","7","Manganese/Zinc/Gold","1","0","NOT_FOUND_IN_PACRA_SEARCH","registers with Registrar of Cooperatives, not PACRA","yes","no"
"Sunrain Purifield Construction Ltd","construction_materials","1","1","7","Granite","1","1","NOT_FOUND_IN_PACRA_SEARCH","has corporate suffix but no registry hit: spelling variance, deregistration, or genuine absence","yes","no"
"Chipe Chipe Youth Multi-Purpose Co-operative Society Limited","gold","1","1","7","Gold/Copper/Cobalt","1","0","NOT_FOUND_IN_PACRA_SEARCH","registers with Registrar of Cooperatives, not PACRA","yes","no"
"Sitepe Cooperative Society Limited","gemstones","1","1","7","Manganese/Malachite/Nickel","0","0","NOT_FOUND_IN_PACRA_SEARCH","registers with Registrar of Cooperatives, not PACRA","no","no"
"Chisokota Multi-purpose Co-operative Society Limited","critical_battery","1","1","7","Lead/Manganese/Zinc","1","0","NOT_FOUND_IN_PACRA_SEARCH","registers with Registrar of Cooperatives, not PACRA","no","no"
"Central Province Co-operative Union Limited","critical_battery","1","1","7","Manganese/Lead/Zinc","1","0","NOT_FOUND_IN_PACRA_SEARCH","registers with Registrar of Cooperatives, not PACRA","no","no"
"Chao Chikupi Mining Cooperative","gold","1","1","7","Gold/Copper/Cobalt","1","0","NOT_FOUND_IN_PACRA_SEARCH","registers with Registrar of Cooperatives, not PACRA","no","no"
"CHAKWANGA MULTI PURPOSE COOPERATION SOCIETY LIMITED","critical_battery","1","1","7","Gold/Manganese/Cobalt","0","0","NOT_FOUND_IN_PACRA_SEARCH","registers with Registrar of Cooperatives, not PACRA","no","no"
"TILITOSE CHIMUTENGO MULTIPURPOSE COOPERATIVE SOCIETY LIMITED","gemstones","1","1","7","Nickel/Anhydrite/Zinc","1","0","NOT_FOUND_IN_PACRA_SEARCH","registers with Registrar of Cooperatives, not PACRA","no","no"
"Chakumbila Mining Co-operative Society Limited","gold","1","1","7","Iron Ore/Gold/Copper","0","0","NOT_FOUND_IN_PACRA_SEARCH","registers with Registrar of Cooperatives, not PACRA","no","no"
"Centralpit Learn Multi-purpose Co-operative Society Limited","critical_battery","1","1","7","Silica/Graphite","0","0","NOT_FOUND_IN_PACRA_SEARCH","registers with Registrar of Cooperatives, not PACRA","no","no"
"Tusuwa Multipurpose Cooperative Society Limited","gemstones","1","1","7","Beryllium/Feldspar/Amethyst","1","0","NOT_FOUND_IN_PACRA_SEARCH","registers with Registrar of Cooperatives, not PACRA","no","no"
"Central Youth Muilt Purpose Cooperative Society Limited","critical_battery","1","1","7","Zinc/Manganese/Lead","1","0","NOT_FOUND_IN_PACRA_SEARCH","registers with Registrar of Cooperatives, not PACRA","no","no"
"Tunjile Multi-Purpose Co-operative Society Limited","base_metals","1","1","7","Malachite/Copper","1","0","NOT_FOUND_IN_PACRA_SEARCH","registers with Registrar of Cooperatives, not PACRA","yes","no"
"Chakumbila Multi-Purpose Co-operative Society Limited","gold","1","1","7","Iron Ore/Gold/Copper","0","0","NOT_FOUND_IN_PACRA_SEARCH","registers with Registrar of Cooperatives, not PACRA","no","no"
"Tumelo Mining Cooperative Society Limited","gemstones","1","1","7","Iron Ore/Gold/Quartz","1","0","NOT_FOUND_IN_PACRA_SEARCH","registers with Registrar of Cooperatives, not PACRA","no","no"
"Sunshine Eagle Mining Ltd","gold","1","1","4","Gold/Silver/Cobalt","1","1","NOT_FOUND_IN_PACRA_SEARCH","has corporate suffix but no registry hit: spelling variance, deregistration, or genuine absence","yes","no"
"City Multipurpose Cooperative Society","gemstones","1","1","3","Tin/Tantalum/Tungsten","1","0","NOT_FOUND_IN_PACRA_SEARCH","registers with Registrar of Cooperatives, not PACRA","yes","no"
"Ameya Marble Limited","industrial_minerals","1","1","3","Limestone (General)","1","0","NOT_FOUND_IN_PACRA_SEARCH","has corporate suffix but no registry hit: spelling variance, deregistration, or genuine absence","yes","yes"
"Silchil Construction Solutions Ltd","construction_materials","1","1","3","Sandstone/Lightweight Aggregate","0","1","NOT_FOUND_IN_PACRA_SEARCH","has corporate suffix but no registry hit: spelling variance, deregistration, or genuine absence","yes","no"
"Doug Morgar Multi-Purpose Co-operative Society Limited","gemstones","1","1","3","Amethyst","0","0","NOT_FOUND_IN_PACRA_SEARCH","registers with Registrar of Cooperatives, not PACRA","no","no"
"Kafunyi Mining Multi purpose Cooperative Society Limited","gold","1","1","3","Gold/Copper","1","0","NOT_FOUND_IN_PACRA_SEARCH","registers with Registrar of Cooperatives, not PACRA","yes","no"
"Twavwane Multi-Purpose Cooperative Society Limited","gemstones","1","1","3","Emerald/Diamond/Manganese","1","0","NOT_FOUND_IN_PACRA_SEARCH","registers with Registrar of Cooperatives, not PACRA","no","no"
"Musanza Exploration and Mining Co-operative Society Limited","construction_materials","1","1","2","Stone/Granite","1","0","NOT_FOUND_IN_PACRA_SEARCH","registers with Registrar of Cooperatives, not PACRA","yes","no"
"KUKUMBA NA KULIMA MULTI-PURPOSE CO-OPERATIVE SOCIETY LIMITED","gemstones","1","1","2","Palladium/Nickel/Manganese","0","0","NOT_FOUND_IN_PACRA_SEARCH","registers with Registrar of Cooperatives, not PACRA","no","no"
"STREAMVILLE HOLDING LIMITED  i","gold","1","1","2","Gold/Copper","0","0","RESOLVED_ON_RETRY","was a query artefact: register string contains punctuation the PACRA search cannot handle; found as 'STREAMVILLE HOLDING LIMITED'","yes","yes"
"Champalesa Nemwine Multi-Purpose Co-operative Limited","gemstones","1","1","2","Gold/Mineral Sands/Amethyst","1","0","NOT_FOUND_IN_PACRA_SEARCH","registers with Registrar of Cooperatives, not PACRA","no","no"
"Kachoma Mining Cooperative Society Limited","gemstones","1","1","2","Silver/Nickel/Manganese","0","0","NOT_FOUND_IN_PACRA_SEARCH","registers with Registrar of Cooperatives, not PACRA","no","no"
