{"type":"FeatureCollection","features":[{"type":"Feature","id":"zambia-provinces.1","geometry":{"type":"MultiPolygon","coordinates":[[[[29.99382628,-12.00409754],[29.99498331,-12.00378457],[29.99651135,-12.00375257],[29.99773438,-12.00391756],[29.99902342,-12.00418454],[30.00008445,-12.00423153],[30.00091747,-12.00440851],[30.00183349,-12.00533043],[30.00339353,-12.0068723],[30.00524758,-12.00983005],[30.00694463,-12.01410669],[30.00834867,-12.01802436],[30.00855267,-12.01859231],[30.01062073,-12.02336291],[30.01224977,-12.02717758],[30.01370481,-12.03180119],[30.01519786,-12.03623582],[30.0168639,-12.04046646],[30.01815093,-12.04362519],[30.01992098,-12.04669193],[30.02180703,-12.0493887],[30.02354708,-12.05109656],[30.02551513,-12.0529944],[30.02684716,-12.05402031],[30.02785019,-12.05469925],[30.02830821,-12.05496723],[30.02867221,-12.0552582],[30.02994025,-12.05450927],[30.03092327,-12.05325637],[30.03241831,-12.05266143],[30.03405335,-12.0529284],[30.0357354,-12.05309439],[30.03737144,-12.05255743],[30.03878348,-12.05202547],[30.04067753,-12.05215946],[30.04226657,-12.05278141],[30.04367161,-12.05364434],[30.0434756,-12.05512321],[30.04371361,-12.05721804],[30.04457763,-12.05907988],[30.04542266,-12.06033977],[30.04737071,-12.06138468],[30.04897275,-12.06156467],[30.05050579,-12.06205963],[30.05165982,-12.06276656],[30.05237584,-12.06410145],[30.05301586,-12.06524335],[30.05334787,-12.06659524],[30.05324687,-12.06799712],[30.05367587,-12.06957799],[30.05415689,-12.07098887],[30.05433389,-12.07241974],[30.05410389,-12.07350965],[30.05309286,-12.07494153],[30.05235984,-12.07603644],[30.05180083,-12.07759031],[30.05120781,-12.07872121],[30.0505728,-12.07968414],[30.05021979,-12.08020309],[30.04955477,-12.08092503],[30.04894776,-12.08180996],[30.04856975,-12.08273588],[30.04889976,-12.08413876],[30.05000978,-12.08513967],[30.05126182,-12.08572862],[30.05212384,-12.08648456],[30.05212784,-12.08789844],[30.05112981,-12.09002426],[30.05029279,-12.09114716],[30.04944377,-12.09259804],[30.04926477,-12.09353796],[30.04875475,-12.09499484],[30.04836575,-12.09625473],[30.04812374,-12.09697467],[30.04849575,-12.09813257],[30.04945878,-12.09934847],[30.05063381,-12.10054037],[30.05127882,-12.10154029],[30.05144883,-12.10277918],[30.05071381,-12.10441105],[30.05011179,-12.10545496],[30.04978879,-12.10646287],[30.0502598,-12.10742279],[30.05139283,-12.10811373],[30.05206985,-12.10877468],[30.05190384,-12.1096396],[30.05089881,-12.11095249],[30.05047581,-12.11220338],[30.0502408,-12.11338729],[30.05042381,-12.11466218],[30.05159684,-12.11550611],[30.05382089,-12.11513514],[30.05574995,-12.1156501],[30.05723199,-12.11705497],[30.05826501,-12.11867583],[30.05882803,-12.11968475],[30.05955105,-12.12120762],[30.06079108,-12.12178757],[30.06222512,-12.12096264],[30.06317714,-12.11951976],[30.06508819,-12.11832587],[30.06647523,-12.11904881],[30.06839928,-12.11935478],[30.06978032,-12.11982874],[30.07122836,-12.12199055],[30.0728514,-12.12454234],[30.07425144,-12.12670215],[30.07549547,-12.12829302],[30.07804754,-12.13010086],[30.0801686,-12.13160274],[30.0841427,-12.13491846],[30.08606775,-12.13746224],[30.08728879,-12.13945007],[30.08802281,-12.14132392],[30.08871883,-12.14294778],[30.08916384,-12.14471563],[30.08829982,-12.14705643],[30.08703278,-12.1485423],[30.08641876,-12.15035715],[30.08688778,-12.15181703],[30.08790881,-12.15375186],[30.08947085,-12.1556887],[30.09066988,-12.15718457],[30.09260293,-12.15873144],[30.09483599,-12.16073028],[30.09631003,-12.1616002],[30.09753106,-12.16241813],[30.0987841,-12.16407799],[30.10000313,-12.16577385],[30.10074915,-12.16803865],[30.10124516,-12.16966951],[30.10161317,-12.17063143],[30.10184918,-12.17124238],[30.10299621,-12.17332921],[30.10453725,-12.17472808],[30.1066223,-12.17584099],[30.10818235,-12.17661793],[30.10969439,-12.17707389],[30.11147444,-12.17787182],[30.11283247,-12.17880374],[30.1138165,-12.17970866],[30.11462952,-12.18053559],[30.11527154,-12.18125253],[30.11600255,-12.18213546],[30.11671758,-12.1827474],[30.11725759,-12.18334935],[30.1177806,-12.18302438],[30.11857162,-12.18263542],[30.11897964,-12.18262742],[30.11918364,-12.18203647],[30.11858662,-12.18101355],[30.1177666,-12.17959867],[30.11828561,-12.17904472],[30.11909264,-12.17857476],[30.12118269,-12.17721487],[30.1213337,-12.17723887],[30.12098468,-12.17832978],[30.12079368,-12.17886273],[30.12192671,-12.18027161],[30.12328474,-12.18082057],[30.12465678,-12.18048259],[30.12490779,-12.17948268],[30.12462978,-12.17830678],[30.1251908,-12.17709388],[30.12628183,-12.175733],[30.12703285,-12.17553001],[30.12809188,-12.17666292],[30.12857589,-12.17837277],[30.1291539,-12.17999763],[30.13063994,-12.18092855],[30.13058994,-12.18181248],[30.12945191,-12.18211745],[30.12822088,-12.18312037],[30.12741486,-12.18315237],[30.12653484,-12.18458425],[30.12817588,-12.18607012],[30.13041494,-12.18565816],[30.13170797,-12.18522519],[30.13329101,-12.18522619],[30.13413004,-12.18713703],[30.13420704,-12.18881189],[30.13306001,-12.19047975],[30.13236399,-12.19156566],[30.13148897,-12.19315052],[30.13138597,-12.19503537],[30.132868,-12.19717118],[30.13528407,-12.1981461],[30.13586008,-12.19831508],[30.13545207,-12.19951198],[30.13585809,-12.20146582],[30.13702811,-12.20278471],[30.13781313,-12.20337266],[30.13878216,-12.2040516],[30.13961819,-12.20493352],[30.14122223,-12.20576546],[30.14244126,-12.20438757],[30.14464032,-12.2040586],[30.14668337,-12.20310168],[30.14708138,-12.20109484],[30.1477354,-12.20029391],[30.14911343,-12.20097186],[30.15078948,-12.20097085],[30.15324455,-12.20138482],[30.15460058,-12.20273471],[30.15470158,-12.2028327],[30.15499559,-12.20354564],[30.15602962,-12.2039686],[30.15793867,-12.2051255],[30.15932671,-12.20693735],[30.15938471,-12.20848822],[30.16037973,-12.2098821],[30.16187177,-12.21021407],[30.16229078,-12.2086292],[30.1629188,-12.2075603],[30.16460685,-12.20872519],[30.1663999,-12.2098241],[30.16801694,-12.211053],[30.16899596,-12.21332781],[30.17098301,-12.2145787],[30.17274806,-12.21319682],[30.1740621,-12.21210891],[30.17572114,-12.21003008],[30.17747818,-12.20894217],[30.17906723,-12.21029106],[30.18009526,-12.21205091],[30.18291233,-12.21130897],[30.18374035,-12.21166094],[30.18480238,-12.21346479],[30.18609741,-12.21491166],[30.18838048,-12.21606357],[30.19010652,-12.21668651],[30.19120755,-12.21729546],[30.19369262,-12.21710448],[30.19586167,-12.21627555],[30.19856274,-12.21514964],[30.2007218,-12.21341979],[30.20351987,-12.21332179],[30.20623394,-12.21403574],[30.20997004,-12.21482267],[30.21319613,-12.2156116],[30.21660422,-12.2168405],[30.21750124,-12.2179964],[30.21755225,-12.21857235],[30.21633921,-12.21905931],[30.21526118,-12.21851136],[30.21367114,-12.2190723],[30.21337513,-12.22116613],[30.21398915,-12.22351793],[30.21461117,-12.22452685],[30.21603621,-12.2262927],[30.21741124,-12.22779657],[30.21837227,-12.22871449],[30.2193493,-12.22948943],[30.22015432,-12.2298704],[30.22150635,-12.2297844],[30.2235794,-12.2286135],[30.22614147,-12.22674366],[30.22914155,-12.22644768],[30.22835954,-12.22804254],[30.22809652,-12.2298124],[30.22872255,-12.23176723],[30.23058559,-12.2333111],[30.23549172,-12.23510294],[30.23977184,-12.23525993],[30.24290192,-12.23496095],[30.24478397,-12.23621385],[30.24656002,-12.23869564],[30.24803105,-12.24051548],[30.24936809,-12.24361822],[30.25002411,-12.24422117],[30.24988311,-12.2438712],[30.25147215,-12.24357623],[30.25378321,-12.24419517],[30.25638128,-12.24570904],[30.25933236,-12.24704493],[30.26170642,-12.246252],[30.26439049,-12.24706193],[30.26161342,-12.24872579],[30.26065739,-12.25086961],[30.26312746,-12.25130257],[30.26410448,-12.25197352],[30.2646115,-12.25218649],[30.26539152,-12.25234848],[30.26590853,-12.25224949],[30.26631154,-12.25206351],[30.26653654,-12.25217849],[30.26691056,-12.25235248],[30.26731057,-12.25274345],[30.26805859,-12.25318741],[30.2686016,-12.25297342],[30.26882861,-12.25279744],[30.26919861,-12.25253046],[30.26957863,-12.25235248],[30.26985164,-12.25220949],[30.27050565,-12.25186352],[30.27097066,-12.25181652],[30.2723047,-12.25125157],[30.27498777,-12.24982269],[30.27718683,-12.24918474],[30.27854686,-12.25065462],[30.28136294,-12.25043764],[30.28343599,-12.25128156],[30.28416801,-12.25181252],[30.28472503,-12.25239347],[30.28534504,-12.2532144],[30.28607806,-12.25334539],[30.28598806,-12.25277843],[30.28641107,-12.25229248],[30.2873501,-12.25261945],[30.28841013,-12.2531724],[30.29020517,-12.25420831],[30.2911872,-12.25424531],[30.29213022,-12.25351637],[30.29295024,-12.25273844],[30.29401827,-12.25178052],[30.2950313,-12.25154954],[30.29644233,-12.25167853],[30.29774937,-12.25134155],[30.29865139,-12.25134756],[30.30045944,-12.25148554],[30.30023443,-12.25323539],[30.30045144,-12.25422131],[30.30097046,-12.25491025],[30.30126846,-12.2555452],[30.30206348,-12.25595916],[30.30311051,-12.25653911],[30.30422454,-12.25644412],[30.30503156,-12.25605416],[30.3065516,-12.25480226],[30.30730162,-12.25434929],[30.30755863,-12.25396333],[30.30748962,-12.25307141],[30.30721162,-12.25222848],[30.3066586,-12.25229347],[30.3064166,-12.25217348],[30.30617059,-12.25139654],[30.30723262,-12.2507846],[30.30829665,-12.25029564],[30.30914566,-12.2472519],[30.3103247,-12.24578502],[30.31169374,-12.24687292],[30.31171273,-12.24988667],[30.31382679,-12.25155053],[30.31469582,-12.25264344],[30.31471382,-12.25326639],[30.31495782,-12.25376735],[30.31627786,-12.25421231],[30.31831091,-12.25466527],[30.31964194,-12.25478626],[30.32068198,-12.25520522],[30.32211001,-12.25559819],[30.32360405,-12.25614314],[30.32508209,-12.25720805],[30.32554511,-12.25817697],[30.3253171,-12.25924188],[30.32492709,-12.26093574],[30.32511609,-12.2625816],[30.32569811,-12.26348852],[30.32690314,-12.26427646],[30.32788017,-12.26531737],[30.32855919,-12.26653426],[30.32960221,-12.26763717],[30.33087325,-12.26905805],[30.33144726,-12.26980398],[30.33096425,-12.27113388],[30.33053124,-12.27236677],[30.33082725,-12.27351567],[30.33185727,-12.2743386],[30.3327443,-12.2743836],[30.33373033,-12.27423361],[30.33544837,-12.27385064],[30.33592138,-12.27366566],[30.3366374,-12.27402663],[30.33729142,-12.27489755],[30.33854245,-12.27491855],[30.33864146,-12.27554549],[30.33822044,-12.27636043],[30.33843145,-12.27753833],[30.33979748,-12.27802829],[30.34192854,-12.27878923],[30.34361059,-12.27928418],[30.34493462,-12.27923519],[30.34588064,-12.27845125],[30.34748069,-12.27890621],[30.34880272,-12.28013211],[30.34915873,-12.28118302],[30.35012976,-12.28200495],[30.35120379,-12.2825209],[30.35205881,-12.28249091],[30.35257882,-12.28187296],[30.35304084,-12.28121801],[30.35353685,-12.28069906],[30.35401386,-12.28033309],[30.35481288,-12.2802051],[30.35600291,-12.28030709],[30.35680193,-12.2801731],[30.35734995,-12.27986013],[30.35808197,-12.27962614],[30.359181,-12.27921218],[30.36047003,-12.27871822],[30.36142605,-12.27841224],[30.36255708,-12.27767931],[30.36329911,-12.27707436],[30.36383112,-12.27573447],[30.36407313,-12.27666439],[30.36413813,-12.27600645],[30.36424513,-12.27553049],[30.36442613,-12.27492754],[30.36466414,-12.27440359],[30.36586217,-12.27342467],[30.3667992,-12.27252774],[30.36726821,-12.27212877],[30.36830324,-12.27148783],[30.36920426,-12.27106287],[30.37036929,-12.27080089],[30.37173932,-12.2707149],[30.37258035,-12.27079589],[30.37364437,-12.27118685],[30.3746614,-12.27162782],[30.37583644,-12.2718288],[30.37713847,-12.27215077],[30.37777949,-12.27266273],[30.37913752,-12.27258573],[30.38044655,-12.27266873],[30.38099757,-12.27303669],[30.38105857,-12.27376663],[30.38108857,-12.27474455],[30.3820596,-12.27472655],[30.38324063,-12.27393162],[30.38366364,-12.2729897],[30.38408565,-12.27217876],[30.38510368,-12.27090588],[30.3860537,-12.26957198],[30.38670072,-12.26948599],[30.38777275,-12.27001295],[30.38908478,-12.27079988],[30.39111583,-12.2717148],[30.39240387,-12.27254073],[30.39370491,-12.27367263],[30.39483793,-12.27488454],[30.39572296,-12.27585945],[30.39684199,-12.27604744],[30.39825603,-12.27576346],[30.39890004,-12.27563347],[30.40074509,-12.27537149],[30.40240013,-12.27594044],[30.40389618,-12.27681037],[30.40462419,-12.27706434],[30.40528621,-12.27729532],[30.40646924,-12.2776223],[30.40696326,-12.27748331],[30.40798128,-12.27710234],[30.40893531,-12.27652439],[30.41021834,-12.27699035],[30.41204039,-12.27752231],[30.41339842,-12.27746231],[30.41464046,-12.27740831],[30.41589549,-12.27689736],[30.41670351,-12.27724733],[30.41746854,-12.27828724],[30.41915257,-12.27830223],[30.42012761,-12.27778828],[30.42090362,-12.27681936],[30.42239966,-12.27565746],[30.42415471,-12.27562046],[30.42621376,-12.27598343],[30.42860583,-12.27661238],[30.43042187,-12.27729832],[30.43288394,-12.2774833],[30.43448498,-12.27756129],[30.43642103,-12.27740531],[30.43863109,-12.27694134],[30.44019013,-12.27647738],[30.44226318,-12.27635239],[30.44356622,-12.27617241],[30.44467825,-12.27567645],[30.44597128,-12.27511349],[30.44773733,-12.27471153],[30.44829434,-12.27487951],[30.44990239,-12.27550146],[30.45080641,-12.2761684],[30.45201544,-12.27729131],[30.45278646,-12.27814524],[30.45389649,-12.27900717],[30.45489952,-12.27987309],[30.45501952,-12.28144496],[30.45613155,-12.28265585],[30.45746859,-12.2845737],[30.45839362,-12.28574759],[30.45902763,-12.2868485],[30.45981265,-12.28845436],[30.46034867,-12.28979525],[30.46127369,-12.29137612],[30.46280773,-12.29337695],[30.46328875,-12.29451785],[30.46497479,-12.29575275],[30.46623882,-12.29693765],[30.46764886,-12.29756759],[30.46952391,-12.29779058],[30.47084195,-12.29792856],[30.47245299,-12.29807055],[30.47363802,-12.29832553],[30.47545607,-12.29932544],[30.4764041,-12.30017437],[30.47766012,-12.30039635],[30.47952018,-12.30080832],[30.48123722,-12.30134227],[30.48275326,-12.30232219],[30.4841633,-12.30371407],[30.48558434,-12.30515395],[30.48717438,-12.30680381],[30.48864142,-12.30826168],[30.49047647,-12.30998854],[30.49203451,-12.31152941],[30.49374756,-12.31381822],[30.49411757,-12.31560306],[30.49440757,-12.31653499],[30.49496059,-12.31763189],[30.4953116,-12.31881079],[30.4953826,-12.32003769],[30.49616262,-12.32179954],[30.49720565,-12.3233964],[30.4989207,-12.32560922],[30.49998872,-12.32606818],[30.50069474,-12.32651814],[30.50237679,-12.32756405],[30.50374582,-12.32962687],[30.50452484,-12.33253063],[30.50487686,-12.3352644],[30.50562088,-12.3388201],[30.5063579,-12.34277377],[30.50847495,-12.34673143],[30.50855096,-12.35021514],[30.50776094,-12.35403082],[30.5063249,-12.35743153],[30.50524188,-12.36151218],[30.50571489,-12.36462093],[30.5062089,-12.36972249],[30.50625591,-12.37452509],[30.5061059,-12.37946367],[30.50563489,-12.3838663],[30.5057339,-12.38735401],[30.5057699,-12.3922316],[30.50503788,-12.3957853],[30.50377085,-12.39806811],[30.49989375,-12.40335166],[30.49974075,-12.40378362],[30.49870272,-12.40534349],[30.4980677,-12.40670138],[30.49751069,-12.40775229],[30.49634766,-12.40915017],[30.49474862,-12.41067104],[30.49253056,-12.41134699],[30.48764243,-12.41259489],[30.48481336,-12.41411076],[30.48196929,-12.41702852],[30.47930522,-12.41945331],[30.47516911,-12.42213309],[30.47247603,-12.42425491],[30.46964596,-12.42634374],[30.46699489,-12.42860254],[30.46486584,-12.43111033],[30.46235777,-12.43375411],[30.46048673,-12.43618391],[30.45897369,-12.43878669],[30.45659362,-12.44187943],[30.45457157,-12.4446442],[30.45439257,-12.44722598],[30.4555026,-12.45013273],[30.45674963,-12.45314548],[30.45769366,-12.45577026],[30.45828868,-12.45782709],[30.45975771,-12.4613078],[30.46161977,-12.46489349],[30.46405283,-12.46900714],[30.46715091,-12.47317479],[30.46882796,-12.47506863],[30.47093702,-12.47697347],[30.47349708,-12.47909329],[30.47617516,-12.48154008],[30.47919024,-12.48372489],[30.48081928,-12.48525976],[30.48242732,-12.48664565],[30.48278234,-12.48693162],[30.48321735,-12.4872786],[30.48503239,-12.48879247],[30.48735745,-12.49092729],[30.49011553,-12.49351107],[30.49308161,-12.49573088],[30.49508866,-12.49673379],[30.49509966,-12.49757572],[30.49546967,-12.49853764],[30.49622169,-12.49925758],[30.49726471,-12.49996952],[30.49891276,-12.50086344],[30.50023279,-12.50120742],[30.50304387,-12.50316825],[30.50542294,-12.50478011],[30.50728599,-12.506089],[30.51010406,-12.50786685],[30.51297013,-12.50996167],[30.5154502,-12.51169753],[30.51817028,-12.51364936],[30.52192738,-12.51599616],[30.52463045,-12.51724906],[30.52764253,-12.51799699],[30.53027859,-12.51834596],[30.53393269,-12.51865393],[30.5378238,-12.51886692],[30.5419569,-12.51873592],[30.54608901,-12.51855394],[30.54980211,-12.51846394],[30.55349921,-12.51812497],[30.55637729,-12.51861293],[30.55941936,-12.51991282],[30.56153442,-12.52095473],[30.56390148,-12.52260259],[30.56669456,-12.52401847],[30.57012965,-12.52616929],[30.57297373,-12.52826611],[30.5758398,-12.53110787],[30.57846087,-12.53443959],[30.58035493,-12.53825027],[30.58076094,-12.54310285],[30.58000792,-12.54727851],[30.57955391,-12.5520501],[30.5790809,-12.55780762],[30.57885189,-12.56362413],[30.57816388,-12.5687367],[30.57850089,-12.57555013],[30.57982093,-12.58147863],[30.58124197,-12.58553029],[30.58326602,-12.58930297],[30.58580809,-12.59326664],[30.58833216,-12.59786624],[30.59106123,-12.60228287],[30.59318829,-12.60690548],[30.59789342,-12.61471782],[30.60067249,-12.61659466],[30.60367157,-12.6197074],[30.60702666,-12.62347708],[30.60889971,-12.62515794],[30.61008374,-12.62621385],[30.6122298,-12.62741875],[30.61439286,-12.62842267],[30.61769594,-12.6291546],[30.62132804,-12.62896961],[30.62424412,-12.62822768],[30.62702319,-12.62650082],[30.62936025,-12.624418],[30.63147531,-12.62266814],[30.63474439,-12.61862148],[30.63646844,-12.61709161],[30.63857249,-12.61573772],[30.64058454,-12.61398487],[30.64447964,-12.61159207],[30.64587968,-12.6111981],[30.64737772,-12.61064215],[30.65072681,-12.60902529],[30.65521492,-12.60792037],[30.658158,-12.60663348],[30.65978105,-12.60653049],[30.6692153,-12.60702844],[30.67555947,-12.60704144],[30.67940856,-12.60788737],[30.68324967,-12.60939124],[30.68943383,-12.61128708],[30.69544399,-12.61361488],[30.69844407,-12.61670262],[30.69925509,-12.61859746],[30.70015712,-12.62071228],[30.70043713,-12.62629481],[30.70047913,-12.63156036],[30.70087014,-12.63533105],[30.70194817,-12.63798683],[30.70361721,-12.64141854],[30.70394922,-12.64209848],[30.70648929,-12.64618214],[30.70957138,-12.65004781],[30.71384449,-12.65394148],[30.71860762,-12.65737219],[30.72271573,-12.66008996],[30.72739085,-12.66330668],[30.73230798,-12.66631143],[30.73716811,-12.66924518],[30.74117722,-12.67172497],[30.74391029,-12.67316585],[30.74754239,-12.67466272],[30.75003545,-12.67555765],[30.75040146,-12.67523767],[30.75284453,-12.67701152],[30.75611962,-12.67912534],[30.7590897,-12.68272704],[30.7594407,-12.68543782],[30.76026073,-12.68633874],[30.76071674,-12.68855855],[30.76027473,-12.69306217],[30.75691165,-12.69900167],[30.75349955,-12.70379227],[30.73034496,-12.74142711],[30.73119398,-12.74322596],[30.73638413,-12.76995072],[30.75060551,-12.78413552],[30.7501935,-12.78462248],[30.75061952,-12.78491545],[30.75180755,-12.78617135],[30.75644067,-12.78952606],[30.75940475,-12.79070497],[30.76194382,-12.79534457],[30.76237784,-12.79852531],[30.76192582,-12.80313092],[30.76016178,-12.80981836],[30.76002078,-12.81416199],[30.76119381,-12.8188596],[30.76140882,-12.82289726],[30.76019279,-12.82871477],[30.75954177,-12.83266544],[30.76083281,-12.83735604],[30.76364689,-12.84163169],[30.76731299,-12.84589033],[30.76920303,-12.84779616],[30.76994905,-12.8485501],[30.77129509,-12.8509849],[30.77070607,-12.85434762],[30.77005406,-12.85546252],[30.76922804,-12.8568814],[30.75034855,-12.87575483],[30.74833449,-12.87683873],[30.7445974,-12.88213629],[30.74321437,-12.88828478],[30.74348937,-12.89219745],[30.74648246,-12.89932385],[30.74996655,-12.90395046],[30.75008855,-12.90387047],[30.75203261,-12.90614328],[30.75480568,-12.90915902],[30.75848378,-12.9117918],[30.76486595,-12.91241574],[30.77022909,-12.9117008],[30.7783013,-12.91136582],[30.7860925,-12.91173679],[30.79565676,-12.91467354],[30.79983787,-12.91592843],[30.79984187,-12.91610642],[30.80227494,-12.91697834],[30.80621204,-12.91827623],[30.81117317,-12.92068503],[30.81878938,-12.92600258],[30.82623757,-12.93188508],[30.83209373,-12.9353208],[30.83742687,-12.93975242],[30.84367204,-12.94779274],[30.84831816,-12.94967058],[30.85128624,-12.95086948],[30.86198852,-12.9470018],[30.86963472,-12.94074132],[30.87161478,-12.93888848],[30.8725748,-12.93820154],[30.8764159,-12.93438285],[30.88221605,-12.92965125],[30.88876222,-12.92961625],[30.89586741,-12.93446184],[30.90147156,-12.94043934],[30.91084282,-12.94734575],[30.92107409,-12.95603502],[30.9290963,-12.96194252],[30.93993659,-12.96219149],[30.94674377,-12.96035764],[30.95277692,-12.95541106],[30.95395895,-12.94989152],[30.95663202,-12.94321708],[30.96290918,-12.93958938],[30.96934236,-12.94273812],[30.97373948,-12.94931256],[30.97547452,-12.95367119],[30.97564053,-12.95397316],[30.97769659,-12.955974],[30.98154769,-12.95775885],[30.98842187,-12.95783884],[30.99645808,-12.95737487],[31.00017718,-12.95893274],[31.00303126,-12.96172751],[31.00573732,-12.96359835],[31.00812339,-12.96453127],[31.01061146,-12.9652792],[31.01164448,-12.96552418],[31.01207949,-12.96562717],[31.01252651,-12.96581216],[31.0427143,-12.9699138],[31.07260311,-13.00572479],[31.07429916,-13.01162729],[31.0756742,-13.01678486],[31.0756282,-13.02383426],[31.07847628,-13.03077568],[31.08550346,-13.03354445],[31.09207264,-13.0365132],[31.09641376,-13.04180275],[31.10105188,-13.04530646],[31.10409996,-13.04213972],[31.10846208,-13.04020188],[31.11286119,-13.04190473],[31.11797833,-13.04143677],[31.12911762,-13.0374611],[31.13685782,-13.03672216],[31.143402,-13.03874499],[31.15284024,-13.03738509],[31.15681735,-13.03561525],[31.16558758,-13.03455933],[31.16933168,-13.03320444],[31.17091072,-13.02915578],[31.1703447,-13.02505312],[31.17251276,-13.02190538],[31.17722588,-13.01976856],[31.17936094,-13.01758174],[31.17972694,-13.01419303],[31.17635686,-13.01204621],[31.17336577,-13.00768158],[31.1782139,-13.0038039],[31.18552709,-13.00116112],[31.20877069,-12.97052468],[31.25358087,-12.9604925],[31.25818599,-12.96673897],[31.26283411,-12.9652421],[31.26492216,-12.96096645],[31.2701683,-12.95991654],[31.27680548,-12.96634],[31.28105759,-12.96841882],[31.29004884,-12.96910776],[31.29415395,-12.97315842],[31.29512097,-12.97592719],[31.29941008,-12.97541322],[31.30485422,-12.97095159],[31.31201841,-12.96684194],[31.31721754,-12.96624298],[31.32153266,-12.96618699],[31.32708081,-12.96861078],[31.3304859,-12.97302141],[31.33533203,-12.97810298],[31.34087718,-12.98274859],[31.34582832,-12.98842711],[31.35091545,-12.9921258],[31.35547658,-12.9992212],[31.35605659,-13.00144002],[31.35582158,-13.00261992],[31.35487356,-13.00587565],[31.35373653,-13.01054225],[31.35349453,-13.01580881],[31.3523925,-13.01929552],[31.3521845,-13.02347017],[31.34989344,-13.02778481],[31.34757638,-13.03203345],[31.34601734,-13.03797895],[31.34392529,-13.04330552],[31.3442193,-13.05204278],[31.34213025,-13.05703736],[31.33899117,-13.06187796],[31.33798515,-13.06605461],[31.33872917,-13.07005327],[31.34107323,-13.07639974],[31.34551435,-13.0804134],[31.34920145,-13.08489402],[31.35251954,-13.08770679],[31.35504361,-13.09042456],[31.35779368,-13.09261737],[31.35815069,-13.09765495],[31.35905672,-13.1006147],[31.36231681,-13.10337347],[31.36443387,-13.10679318],[31.36601291,-13.1136886],[31.36634292,-13.12015006],[31.36608192,-13.12602857],[31.36380786,-13.13303698],[31.36301685,-13.14029437],[31.36216583,-13.14788074],[31.36088379,-13.15405323],[31.36180182,-13.15685799],[31.36627394,-13.15693298],[31.36693396,-13.16206755],[31.36586993,-13.16638219],[31.36553592,-13.17145476],[31.36528992,-13.17713029],[31.36910102,-13.17867216],[31.37507518,-13.17943309],[31.37853728,-13.18303279],[31.37894129,-13.18674648],[31.38102034,-13.18944325],[31.38287639,-13.19334093],[31.38261539,-13.19818452],[31.38456844,-13.20174822],[31.3827794,-13.20823968],[31.37918931,-13.21683896],[31.37776827,-13.22399536],[31.37629024,-13.23094178],[31.37312216,-13.23734424],[31.36972307,-13.24110194],[31.366749,-13.25150806],[31.36667299,-13.25285596],[31.36461894,-13.25630967],[31.36402693,-13.25955239],[31.36969608,-13.26165522],[31.37442821,-13.26605884],[31.37621526,-13.26955855],[31.37880933,-13.27270929],[31.38192241,-13.27438314],[31.38876459,-13.27885577],[31.39371772,-13.28290542],[31.3965218,-13.2904248],[31.39820985,-13.29709524],[31.39665582,-13.30416665],[31.39862987,-13.30760336],[31.40442202,-13.30661044],[31.40786911,-13.30935121],[31.40930915,-13.31336287],[31.41300325,-13.31231996],[31.41693635,-13.31608465],[31.42300452,-13.32066126],[31.43066472,-13.32696073],[31.43522485,-13.33213729],[31.43572686,-13.3380428],[31.4367829,-13.34295539],[31.43605288,-13.34881289],[31.43426383,-13.35362049],[31.43469685,-13.35777914],[31.43571487,-13.36202979],[31.43421984,-13.36696438],[31.42751867,-13.37140601],[31.42552161,-13.37659758],[31.42613963,-13.38263507],[31.42368557,-13.39001246],[31.42235754,-13.39810079],[31.42590564,-13.4062811],[31.43076377,-13.41663723],[31.43395686,-13.42218977],[31.4355699,-13.42563148],[31.43444888,-13.42599645],[31.43268583,-13.42680538],[31.43087078,-13.42861923],[31.42836972,-13.43105203],[31.42529163,-13.43348183],[31.42271257,-13.43607861],[31.42153754,-13.43817444],[31.42153954,-13.43946033],[31.42194755,-13.44109519],[31.4235596,-13.44331301],[31.42539965,-13.44588779],[31.42692969,-13.44918652],[31.42710169,-13.45084338],[31.42625267,-13.45401711],[31.42364661,-13.4565229],[31.42109454,-13.45891071],[31.41754545,-13.46099354],[31.41358934,-13.46214344],[31.40918122,-13.46169748],[31.40653216,-13.46095155],[31.40409809,-13.46096054],[31.40233805,-13.46002762],[31.40034799,-13.45766582],[31.39773092,-13.45496505],[31.39502285,-13.45232127],[31.39227377,-13.45121037],[31.3897397,-13.45208029],[31.38748265,-13.45331819],[31.38351354,-13.45379915],[31.37984144,-13.45389315],[31.37740638,-13.45384315],[31.37481231,-13.45458609],[31.37248825,-13.45607097],[31.3705412,-13.45873075],[31.36868315,-13.46120254],[31.36543507,-13.46560918],[31.36401204,-13.46817696],[31.36323201,-13.47073575],[31.36286601,-13.47231662],[31.36030794,-13.4725986],[31.3550568,-13.47150669],[31.34898964,-13.47180167],[31.34399451,-13.47194666],[31.33852137,-13.4726806],[31.33481226,-13.47384651],[31.33010214,-13.47646529],[31.32566803,-13.47882809],[31.32019388,-13.4836427],[31.31740081,-13.48686143],[31.31487175,-13.49025914],[31.3131227,-13.49411482],[31.31235268,-13.49897642],[31.31216768,-13.50085526],[31.31214668,-13.50096525],[31.31229169,-13.50975752],[31.31226069,-13.51439913],[31.31006564,-13.51983268],[31.30660755,-13.52470528],[31.3012094,-13.528021],[31.29543725,-13.52746005],[31.29109213,-13.52500926],[31.28655101,-13.52400934],[31.28077186,-13.52530023],[31.27649275,-13.52760205],[31.27163462,-13.53228166],[31.2665365,-13.53914009],[31.26126836,-13.54647848],[31.25680924,-13.54975421],[31.25318814,-13.55084012],[31.25033707,-13.5511091],[31.24973806,-13.5510691],[31.24872503,-13.55124009],[31.247693,-13.55288595],[31.24690898,-13.55751657],[31.24646098,-13.56118026],[31.24519294,-13.56476696],[31.24255487,-13.56937458],[31.23872877,-13.57468014],[31.23497668,-13.57935175],[31.22962454,-13.58463331],[31.22570144,-13.58862498],[31.22288936,-13.59289963],[31.2205553,-13.59796621],[31.21549117,-13.60237584],[31.21133106,-13.60164991],[31.20776797,-13.59750725],[31.20473688,-13.59303963],[31.20012876,-13.58913095],[31.1975597,-13.58925695],[31.19173954,-13.59066883],[31.18526037,-13.59281765],[31.1788062,-13.59619438],[31.17296905,-13.60035303],[31.16677989,-13.60448069],[31.16081373,-13.60871734],[31.15463857,-13.61243903],[31.14724438,-13.61628672],[31.14256926,-13.62031938],[31.13825214,-13.62678985],[31.13724512,-13.63150845],[31.13416304,-13.63437721],[31.12831888,-13.63776593],[31.12572682,-13.64115165],[31.12481479,-13.64730614],[31.12584882,-13.65210274],[31.12720886,-13.65576944],[31.12772588,-13.66058803],[31.12811489,-13.6670145],[31.1282689,-13.67366694],[31.12931093,-13.67919248],[31.13138599,-13.68437805],[31.1354521,-13.68848071],[31.13974821,-13.69167444],[31.14456035,-13.6981709],[31.13875219,-13.70142363],[31.13045298,-13.70711816],[31.12715889,-13.71171678],[31.12697188,-13.71649438],[31.12625887,-13.72297484],[31.12213677,-13.72685752],[31.11469657,-13.72886135],[31.11015245,-13.7306872],[31.1046733,-13.73260605],[31.07334349,-13.75121651],[31.07302748,-13.75215144],[31.07278647,-13.75349832],[31.07351749,-13.75895787],[31.07635157,-13.76367748],[31.07801661,-13.76714319],[31.0774026,-13.76956899],[31.07559655,-13.77221777],[31.07481254,-13.77327967],[31.07280448,-13.77500754],[31.06988741,-13.77631043],[31.06668932,-13.77657641],[31.06367124,-13.77654141],[31.06128318,-13.77610645],[31.06004014,-13.77523252],[31.05953413,-13.7743136],[31.05859011,-13.77218578],[31.05774308,-13.77038793],[31.05648804,-13.76861608],[31.054688,-13.76669723],[31.05361797,-13.76547933],[31.05189292,-13.76458941],[31.05026788,-13.76509137],[31.04823283,-13.76482239],[31.04559276,-13.76655325],[31.0434147,-13.76782915],[31.04006561,-13.77104288],[31.03638252,-13.77470158],[31.03496148,-13.77638843],[31.03364945,-13.77832728],[31.03039536,-13.781744],[31.0280453,-13.78400881],[31.02561124,-13.78631362],[31.02490922,-13.78742552],[31.02384519,-13.78637861],[31.02084311,-13.78911239],[31.01872206,-13.79187416],[31.01651701,-13.79523588],[31.01407493,-13.79757369],[31.01126386,-13.79928555],[31.00730976,-13.80059244],[31.00419468,-13.80064643],[31.0012366,-13.80014548],[31.00005057,-13.80011748],[30.99862353,-13.79953453],[30.9974485,-13.79936454],[30.99457042,-13.79911557],[30.99253537,-13.79857461],[30.98856426,-13.79834163],[30.98432915,-13.79895059],[30.98040005,-13.80108641],[30.97702596,-13.80555704],[30.97561592,-13.81071061],[30.97494491,-13.81570919],[30.9746279,-13.81918691],[30.9744759,-13.82441547],[30.97548893,-13.82995901],[30.97700497,-13.83379469],[30.97922104,-13.8385103],[30.98071908,-13.84117008],[30.98219912,-13.84475678],[30.9817031,-13.84764354],[30.98026807,-13.85096726],[30.97728499,-13.85424599],[30.97506293,-13.85541989],[30.97143683,-13.85768471],[30.96861577,-13.85700176],[30.96648371,-13.85599985],[30.96320462,-13.8554209],[30.95831649,-13.85483195],[30.9550474,-13.854188],[30.95000926,-13.85403702],[30.94480613,-13.85546591],[30.94154605,-13.85947657],[30.94024002,-13.86424618],[30.93922299,-13.86841983],[30.93884598,-13.87157557],[30.939626,-13.87423135],[30.94131605,-13.87759707],[30.94426413,-13.88127776],[30.94596617,-13.88287563],[30.94573117,-13.88614335],[30.94106805,-13.88771923],[30.93691293,-13.88791921],[30.9356319,-13.88757324],[30.93322484,-13.88576439],[30.93112078,-13.88379855],[30.92782269,-13.88395955],[30.92396759,-13.88347359],[30.92193854,-13.88376257],[30.91958848,-13.88518844],[30.91608839,-13.88848218],[30.9126243,-13.89353875],[30.90969822,-13.89828536],[30.90862819,-13.90167008],[30.90810618,-13.90606671],[30.90398208,-13.91069033],[30.8974549,-13.91267817],[30.89287379,-13.91745278],[30.89114575,-13.9243932],[30.89140475,-13.92931579],[30.89185077,-13.93270951],[30.89253179,-13.93473335],[30.75015801,-13.93760117],[30.50017038,-13.93481051],[30.4559872,-13.93341164],[30.25042175,-13.9349356],[30.13482769,-13.93501063],[30.09557665,-13.93691449],[30.10076679,-13.9392373],[30.10283484,-13.94059618],[30.10636894,-13.94117213],[30.10920901,-13.94355493],[30.11107606,-13.94613172],[30.11343612,-13.94586574],[30.11431715,-13.94766859],[30.11409215,-13.95082633],[30.11460716,-13.95268017],[30.11680222,-13.95401706],[30.11577819,-13.95766076],[30.11698922,-13.9571298],[30.12030231,-13.95399606],[30.12443542,-13.95490199],[30.12849853,-13.95767775],[30.13019957,-13.95914263],[30.13391167,-13.95897764],[30.13552872,-13.96346527],[30.14084686,-13.96784391],[30.14757604,-13.96975574],[30.15246117,-13.97101964],[30.1537982,-13.97408738],[30.15551125,-13.9775271],[30.15972637,-13.98065184],[30.15999338,-13.98633337],[30.15403522,-13.990696],[30.15553827,-13.99362476],[30.16147742,-13.9979284],[30.16141442,-14.00109714],[30.16193944,-14.00344094],[30.16266146,-14.00504381],[30.16376049,-14.00667968],[30.16476351,-14.00765959],[30.16553853,-14.00949944],[30.16602054,-14.01132529],[30.16661056,-14.01381508],[30.16688157,-14.0160219],[30.16657556,-14.01821671],[30.16571154,-14.02027455],[30.16500253,-14.02194541],[30.16498153,-14.02403924],[30.16547354,-14.02593208],[30.16528053,-14.02830788],[30.16468752,-14.02994974],[30.16418551,-14.03244454],[30.16332149,-14.0341324],[30.16262947,-14.03598424],[30.16255746,-14.03785209],[30.16326448,-14.03925797],[30.16477552,-14.0401219],[30.16661257,-14.04070185],[30.16795261,-14.04176876],[30.16841462,-14.04307066],[30.16962365,-14.04456853],[30.17093069,-14.04519948],[30.17283074,-14.04565944],[30.17339675,-14.04666835],[30.17426878,-14.04769827],[30.17566081,-14.04785526],[30.17611483,-14.04908816],[30.17664684,-14.05078301],[30.17738886,-14.05223089],[30.17818789,-14.05325981],[30.17910591,-14.05471168],[30.17966293,-14.05637955],[30.18075595,-14.05855937],[30.18184699,-14.06042022],[30.18262901,-14.06210207],[30.18426505,-14.06305499],[30.18628911,-14.06253904],[30.18785115,-14.0617781],[30.18942319,-14.06186009],[30.19100223,-14.06203708],[30.19215626,-14.06229205],[30.1933753,-14.06348595],[30.1935413,-14.06488684],[30.19312329,-14.0665847],[30.19307728,-14.06762661],[30.1935843,-14.06869352],[30.19603236,-14.0689115],[30.19708639,-14.06930347],[30.19832243,-14.06883051],[30.19894244,-14.06819956],[30.20023347,-14.06710865],[30.2012885,-14.06676968],[30.20260854,-14.06589175],[30.2047236,-14.06583275],[30.20665965,-14.06622372],[30.20930172,-14.06698566],[30.21121877,-14.0676346],[30.21299082,-14.06875551],[30.21416185,-14.06960744],[30.21648891,-14.07064735],[30.21904698,-14.07139729],[30.22108203,-14.07204623],[30.22330809,-14.07290017],[30.22516714,-14.07391708],[30.22682718,-14.07490199],[30.22879524,-14.07575892],[30.23245334,-14.07662285],[30.23368437,-14.07740079],[30.23399337,-14.0784237],[30.2348974,-14.07884067],[30.23690945,-14.07830371],[30.23907851,-14.07762476],[30.24107356,-14.07729879],[30.24289461,-14.0772528],[30.24431765,-14.0771878],[30.24628471,-14.07703381],[30.24796675,-14.07694082],[30.25055882,-14.07669984],[30.25107783,-14.07746777],[30.25347489,-14.07765076],[30.25533894,-14.07676283],[30.25735099,-14.07781274],[30.25884803,-14.0794576],[30.26136611,-14.0807835],[30.26459919,-14.08174341],[30.26346016,-14.08537811],[30.26215913,-14.08680799],[30.26173012,-14.08837786],[30.26458919,-14.08979275],[30.26666325,-14.09177458],[30.26871331,-14.09413339],[30.27186839,-14.09246252],[30.27316742,-14.09424437],[30.27409045,-14.09662218],[30.27637351,-14.09832804],[30.27813056,-14.09650919],[30.27935459,-14.0975671],[30.28105764,-14.09730611],[30.28445673,-14.09533028],[30.28615077,-14.09561825],[30.2871908,-14.0975141],[30.28760781,-14.10010588],[30.28929386,-14.10196273],[30.28854084,-14.10487549],[30.2872118,-14.1083602],[30.28897985,-14.11030704],[30.28989087,-14.11205989],[30.29042489,-14.11395274],[30.2908909,-14.1166765],[30.29207094,-14.1180594],[30.29287596,-14.1203192],[30.29310496,-14.12195107],[30.29624705,-14.1239279],[30.29926013,-14.12569176],[30.30136218,-14.12554877],[30.30271422,-14.12597373],[30.30404226,-14.12655668],[30.30484328,-14.12709664],[30.30506228,-14.12952144],[30.30418526,-14.13077633],[30.30324324,-14.13380309],[30.3017362,-14.13592191],[30.30145619,-14.13728179],[30.30296623,-14.13874267],[30.30408826,-14.14073951],[30.30367225,-14.14276934],[30.30461828,-14.14512414],[30.30499229,-14.14819189],[30.30668634,-14.14859985],[30.30976642,-14.14944679],[30.31123846,-14.15105265],[30.31109546,-14.1540644],[30.30994542,-14.15429839],[30.30689534,-14.15550729],[30.30482429,-14.15807207],[30.30215422,-14.16058887],[30.30165221,-14.16169478],[30.30419828,-14.16442755],[30.30746436,-14.16444655],[30.3089114,-14.16569944],[30.31096946,-14.1662014],[30.31430055,-14.16823423],[30.31807665,-14.17028405],[30.3161756,-14.17050704],[30.31678762,-14.17441672],[30.31679661,-14.17785143],[30.31690362,-14.18200509],[30.31576159,-14.18472886],[30.31358353,-14.1866997],[30.30934142,-14.18579378],[30.30548232,-14.18419391],[30.30139821,-14.18526582],[30.29796312,-14.18743065],[30.29512105,-14.18753364],[30.29151995,-14.18540982],[30.28641781,-14.18396494],[30.28284572,-14.18730066],[30.2818187,-14.19305819],[30.2783916,-14.19742982],[30.27358148,-14.19932167],[30.27011739,-14.20290238],[30.26839134,-14.20714503],[30.26632729,-14.20809294],[30.26259619,-14.20961883],[30.2594221,-14.2123546],[30.25650403,-14.2147194],[30.25320794,-14.2159723],[30.25121489,-14.2172172],[30.25035887,-14.21735619],[30.24993286,-14.21779115],[30.21751301,-14.25107341],[30.216826,-14.25346121],[30.21447093,-14.25793984],[30.21155585,-14.26102959],[30.20915279,-14.26443631],[30.20589871,-14.26745506],[30.20245262,-14.26998785],[30.20084257,-14.27293461],[30.19891053,-14.27623334],[30.19665547,-14.27728125],[30.1940884,-14.27886212],[30.19147933,-14.28182688],[30.1863332,-14.28507861],[30.18085105,-14.28777539],[30.17718095,-14.2901872],[30.17417088,-14.29427386],[30.17339286,-14.30026836],[30.1748199,-14.30368707],[30.16864174,-14.30668483],[30.16389661,-14.30772675],[30.1598185,-14.31280633],[30.15730944,-14.31817789],[30.15838747,-14.32136862],[30.15747244,-14.32392541],[30.15372234,-14.32441637],[30.14730518,-14.32686017],[30.14321207,-14.33209874],[30.14301606,-14.33767228],[30.14622615,-14.33925115],[30.15033426,-14.3373643],[30.1519753,-14.3386522],[30.15062027,-14.34284085],[30.14714318,-14.34298184],[30.14305207,-14.34622757],[30.13877795,-14.34911733],[30.1364639,-14.35102318],[30.13470385,-14.35577779],[30.13339882,-14.36253923],[30.13296181,-14.36463806],[30.12772767,-14.36930767],[30.12304155,-14.37319535],[30.11892344,-14.37669307],[30.11425231,-14.37463024],[30.10868816,-14.37061957],[30.10205099,-14.3642011],[30.09761587,-14.35990746],[30.09035867,-14.36177331],[30.08620057,-14.36376015],[30.07890837,-14.36388914],[30.07297021,-14.37027061],[30.06753008,-14.37830695],[30.06253095,-14.38753119],[30.06048889,-14.39327472],[30.05999288,-14.39540454],[30.06405499,-14.3982943],[30.064458,-14.401981],[30.06542303,-14.40745155],[30.064362,-14.41064328],[30.06227795,-14.41786569],[30.05823385,-14.42211634],[30.05406274,-14.42334624],[30.05093265,-14.42287628],[30.04770356,-14.42177337],[30.04330245,-14.42260331],[30.03925134,-14.42549207],[30.03587325,-14.42810085],[30.03315718,-14.4311866],[30.03188315,-14.43659615],[30.03017211,-14.44102779],[30.02825705,-14.44501746],[30.02798106,-14.44923911],[30.02914608,-14.45290581],[30.02773805,-14.45669249],[30.02417896,-14.45776341],[30.02114787,-14.46072917],[30.01909582,-14.46437087],[30.01730878,-14.47320214],[30.01480271,-14.47738479],[30.01373268,-14.48134847],[30.0141047,-14.48449421],[30.01592975,-14.48697301],[30.01760779,-14.48795992],[30.01986485,-14.48974877],[30.02068087,-14.49211857],[30.01861682,-14.49768012],[30.01562274,-14.50110484],[30.01557274,-14.50125782],[30.01483272,-14.5027237],[30.01413871,-14.5039606],[30.01232465,-14.50572146],[30.00887257,-14.50745932],[30.00413444,-14.50971913],[30.00038635,-14.51313685],[29.99755427,-14.51577264],[29.99639624,-14.51691854],[29.99540421,-14.51838542],[29.9950572,-14.51961832],[29.99525721,-14.52147817],[29.99648424,-14.52269106],[29.99795828,-14.52296804],[29.99918232,-14.52276806],[30.00008534,-14.52251708],[30.00450645,-14.52231209],[30.00878257,-14.52602578],[30.00813656,-14.52880056],[30.00556649,-14.53267424],[30.00336343,-14.53569299],[30.0023284,-14.53865874],[30.00030435,-14.54121353],[30.00010235,-14.54256642],[29.99935633,-14.54368833],[29.99771428,-14.54446527],[29.99468721,-14.54561118],[29.9906241,-14.547716],[29.98865805,-14.54924088],[29.98730301,-14.55117972],[29.98612098,-14.55329055],[29.98509495,-14.55616331],[29.98502795,-14.56021298],[29.98558897,-14.56492759],[29.98553197,-14.56944021],[29.98353092,-14.5732459],[29.98182888,-14.57540473],[29.97989883,-14.57964438],[29.9788558,-14.58367904],[29.97925781,-14.58864064],[29.98055285,-14.59314427],[29.9822849,-14.5975549],[29.98381294,-14.60035667],[29.98525697,-14.60317843],[29.98695602,-14.60613719],[29.98864607,-14.60896296],[29.98933309,-14.61247567],[29.99148115,-14.6157704],[29.99317619,-14.61706529],[29.99508024,-14.61798121],[29.9971763,-14.61786122],[30.00017038,-14.61747925],[30.00687155,-14.61696229],[30.01155268,-14.62232985],[30.01377474,-14.6276924],[30.01376475,-14.63370391],[30.01161669,-14.63831153],[30.00922163,-14.64279517],[30.0081376,-14.64562293],[30.00768959,-14.64928663],[30.00717058,-14.64888467],[30.00638856,-14.6472068],[30.00523652,-14.64715781],[30.00415349,-14.64763577],[30.00290046,-14.64827371],[30.00198644,-14.64901166],[30.00009039,-14.65076451],[29.99856635,-14.65171243],[29.99640229,-14.65234738],[29.99375222,-14.65191742],[29.99104015,-14.65041854],[29.98853208,-14.64864469],[29.98601002,-14.64894567],[29.98418297,-14.64915665],[29.9817049,-14.64887567],[29.97854881,-14.6485687],[29.97566874,-14.64784276],[29.9742967,-14.64507399],[29.97173163,-14.64325414],[29.97023059,-14.64302516],[29.96609348,-14.64289617],[29.96228838,-14.64320714],[29.95836228,-14.64423007],[29.95661923,-14.64565995],[29.95600522,-14.64827373],[29.95574521,-14.65144847],[29.95718725,-14.6535233],[29.95943031,-14.65559913],[29.95867329,-14.65772195],[29.95695124,-14.65919983],[29.95324915,-14.66155064],[29.94949305,-14.66296553],[29.94563594,-14.66479638],[29.94229085,-14.66631225],[29.9400708,-14.66426342],[29.93711072,-14.66158865],[29.93460365,-14.66169464],[29.93248259,-14.66373047],[29.93173758,-14.66634726],[29.93203458,-14.66758515],[29.9323166,-14.66876006],[29.93210559,-14.6706529],[29.9290995,-14.67106087],[29.92595243,-14.67193879],[29.92428138,-14.67328569],[29.92003527,-14.67390164],[29.91670518,-14.67270774],[29.91488313,-14.6707449],[29.91449211,-14.66779314],[29.91476513,-14.6645564],[29.9141321,-14.66200362],[29.91311308,-14.6585459],[29.91207804,-14.65489821],[29.91047301,-14.65137449],[29.90770393,-14.64856273],[29.90492485,-14.64747082],[29.90114275,-14.64657989],[29.89787367,-14.64715385],[29.89559161,-14.64961065],[29.89484059,-14.65271439],[29.89477759,-14.65604912],[29.89419357,-14.65955383],[29.89309555,-14.66280956],[29.89292354,-14.66698121],[29.89410957,-14.67018795],[29.89328055,-14.67299972],[29.89153851,-14.67556851],[29.88848842,-14.6769684],[29.88433432,-14.67836528],[29.88210326,-14.6806551],[29.88073922,-14.68312789],[29.87838316,-14.68393983],[29.87450206,-14.68328788],[29.87050995,-14.68168602],[29.86821289,-14.6831489],[29.86696386,-14.68576268],[29.8647358,-14.68973636],[29.86181773,-14.69227715],[29.85929566,-14.69126023],[29.85623657,-14.69012633],[29.85276348,-14.68968137],[29.84877138,-14.69118424],[29.84625931,-14.69399201],[29.84303722,-14.69577687],[29.83795609,-14.69642081],[29.83384598,-14.69543289],[29.83303896,-14.69403001],[29.82770382,-14.69125424],[29.82473774,-14.69191319],[29.82204467,-14.69316909],[29.81875658,-14.69350006],[29.81529849,-14.69341707],[29.8123164,-14.69440899],[29.81046636,-14.69582787],[29.8083613,-14.69777071],[29.80531822,-14.69999453],[29.80247815,-14.70222935],[29.8006091,-14.7040312],[29.796787,-14.706488],[29.79331491,-14.70844284],[29.78985682,-14.71035869],[29.78655172,-14.71095464],[29.78412166,-14.71004371],[29.78219361,-14.71128361],[29.78143759,-14.71190156],[29.77774749,-14.71492831],[29.77489942,-14.71760509],[29.77084831,-14.71977792],[29.76766222,-14.71897498],[29.76570217,-14.7163532],[29.76380212,-14.71473334],[29.76073704,-14.71326545],[29.75782596,-14.71171658],[29.75590591,-14.71062067],[29.75414886,-14.70955377],[29.75304083,-14.70852285],[29.75195681,-14.7079489],[29.75112578,-14.70774292],[29.75012076,-14.70864384],[29.74867272,-14.7103797],[29.74733968,-14.71181858],[29.74639166,-14.71294149],[29.74500062,-14.71447036],[29.74352858,-14.71597624],[29.74195254,-14.71772609],[29.74012149,-14.718941],[29.73861845,-14.71926997],[29.73580338,-14.7200939],[29.73418633,-14.72056786],[29.73254729,-14.71984492],[29.73258929,-14.71867702],[29.73169827,-14.71754512],[29.72955821,-14.71858403],[29.72887719,-14.71944096],[29.72849018,-14.72189076],[29.72806318,-14.72390159],[29.72752716,-14.72581644],[29.72497909,-14.72783327],[29.72320505,-14.72818224],[29.72029997,-14.72779428],[29.71716989,-14.72884219],[29.71583485,-14.72937715],[29.7140498,-14.73039907],[29.71251376,-14.73176695],[29.71103173,-14.73339082],[29.70872966,-14.73534066],[29.70597159,-14.73911035],[29.70584959,-14.74106218],[29.70456955,-14.74360098],[29.70294252,-14.74506386],[29.70144747,-14.7458408],[29.69941442,-14.74613277],[29.69747437,-14.74565981],[29.69522931,-14.7445519],[29.69357526,-14.74425793],[29.6913652,-14.7445959],[29.68929315,-14.74477489],[29.6873551,-14.74435793],[29.68517904,-14.74391196],[29.68250297,-14.74378797],[29.68090893,-14.74426094],[29.67874587,-14.74534385],[29.67676182,-14.74656575],[29.67449376,-14.74782064],[29.6724947,-14.74809262],[29.67061265,-14.74749267],[29.66906961,-14.74763566],[29.66748057,-14.74832661],[29.66626154,-14.74880556],[29.66514551,-14.74979748],[29.66393848,-14.75091139],[29.66265244,-14.7508054],[29.6611344,-14.74948051],[29.65978436,-14.74829461],[29.65818332,-14.74695172],[29.65643627,-14.7459608],[29.65452923,-14.74605279],[29.65402521,-14.74700872],[29.65316319,-14.74835661],[29.65270417,-14.74985949],[29.65306619,-14.75039744],[29.65462423,-14.75119637],[29.65554025,-14.75224729],[29.65817232,-14.75344518],[29.65888534,-14.75480408],[29.66034138,-14.75621996],[29.66039038,-14.75820079],[29.65903835,-14.75963868],[29.6572873,-14.76152152],[29.65601327,-14.7630604],[29.65424722,-14.7642533],[29.65145415,-14.76454228],[29.64805306,-14.76441229],[29.64345494,-14.76523522],[29.64087387,-14.76622414],[29.6383928,-14.76764103],[29.63650075,-14.76928289],[29.63424769,-14.7715757],[29.63158162,-14.77263162],[29.62905555,-14.77272061],[29.62757151,-14.77342955],[29.62758352,-14.77548638],[29.62828553,-14.77810817],[29.62918156,-14.78085794],[29.62918356,-14.78286278],[29.62837854,-14.78518659],[29.62645449,-14.7862525],[29.62426243,-14.78726142],[29.62254038,-14.7875504],[29.62151436,-14.7862525],[29.61971731,-14.78415267],[29.61882028,-14.78289678],[29.61716324,-14.78129091],[29.61430416,-14.78044798],[29.61244411,-14.77939807],[29.60957904,-14.77915109],[29.60758598,-14.78045898],[29.60648196,-14.78188686],[29.60652395,-14.78399469],[29.60638296,-14.78602753],[29.60402489,-14.78829434],[29.60175483,-14.78842733],[29.59826874,-14.79016719],[29.59573167,-14.79224602],[29.59425763,-14.79428585],[29.5929426,-14.79669365],[29.59039853,-14.79866849],[29.58765546,-14.80036935],[29.58475238,-14.80245118],[29.58348235,-14.8034571],[29.58259933,-14.80415604],[29.58163831,-14.80658784],[29.58256133,-14.80902364],[29.58384436,-14.8107895],[29.5852984,-14.8119834],[29.58583842,-14.81327229],[29.58616043,-14.81471717],[29.58744746,-14.81642304],[29.58699045,-14.81811789],[29.5853494,-14.81947379],[29.58163931,-14.82141263],[29.57941925,-14.82076568],[29.57673418,-14.81768494],[29.57498513,-14.81476718],[29.57256406,-14.81209239],[29.57092802,-14.81153544],[29.56864296,-14.8120024],[29.5664379,-14.81279934],[29.56597089,-14.81372627],[29.56609089,-14.81595208],[29.56424984,-14.81698499],[29.56221479,-14.81640404],[29.56020273,-14.81509115],[29.55793067,-14.8145082],[29.55554461,-14.81362928],[29.55303854,-14.81328031],[29.54971545,-14.81474619],[29.54713639,-14.81622406],[29.54494133,-14.81729098],[29.54260527,-14.81833889],[29.54045721,-14.81996276],[29.53862616,-14.82052571],[29.53700512,-14.82139464],[29.53512807,-14.81999076],[29.53449305,-14.81842588],[29.53361903,-14.81620507],[29.53125396,-14.81308833],[29.5291389,-14.80993859],[29.52712085,-14.80796975],[29.52483379,-14.80824972],[29.52120969,-14.80888068],[29.52009566,-14.80998658],[29.51990466,-14.81182544],[29.51875663,-14.81417624],[29.51708558,-14.81615408],[29.51550854,-14.81761396],[29.51244346,-14.81917183],[29.51074342,-14.81972079],[29.50825435,-14.82027875],[29.5062883,-14.82097969],[29.50652836,-14.9853672],[29.50008319,-14.98569917],[29.44216164,-14.9855722],[29.38685617,-14.98545023],[29.36761466,-14.98540624],[29.25002849,-14.87439138],[29.24522436,-14.87006474],[29.12422816,-14.97751196],[28.99226064,-14.99295873],[28.97040006,-14.99544653],[28.94250233,-15.04419855],[28.93609416,-15.05500566],[28.92817995,-15.06834757],[28.87842765,-15.15947813],[28.87480755,-15.16610059],[28.87329852,-15.16605459],[28.87131846,-15.16642456],[28.8689404,-15.16672054],[28.86613832,-15.16660854],[28.86401527,-15.16655155],[28.86076918,-15.16633157],[28.85745709,-15.16622558],[28.85394,-15.1660036],[28.84906687,-15.16617058],[28.84548677,-15.16650356],[28.84511677,-15.16653456],[28.84075865,-15.16652456],[28.83782457,-15.1660376],[28.83475749,-15.16321883],[28.83189241,-15.16062504],[28.82725528,-15.16015408],[28.80445268,-15.16220392],[28.80393766,-15.16400078],[28.80357166,-15.1648537],[28.80337165,-15.16572264],[28.80181861,-15.16900437],[28.80109359,-15.17120219],[28.79969155,-15.17262607],[28.79725649,-15.17314303],[28.7940534,-15.17340801],[28.78970629,-15.17363799],[28.78525716,-15.17383997],[28.78060304,-15.17390397],[28.77590092,-15.17332302],[28.7714908,-15.17196713],[28.76751369,-15.17130819],[28.7639666,-15.17123019],[28.76351659,-15.17121919],[28.7602775,-15.1711022],[28.75676741,-15.17095222],[28.75344731,-15.17077423],[28.75002323,-15.17059925],[28.74934821,-15.17061624],[28.74807917,-15.17067024],[28.74662613,-15.17066624],[28.7451401,-15.17083523],[28.74301504,-15.17099022],[28.74122599,-15.17105522],[28.73909393,-15.1711642],[28.73737189,-15.17132019],[28.73522183,-15.17153218],[28.73253276,-15.17188215],[28.73055671,-15.17211113],[28.72905366,-15.17219713],[28.72737862,-15.17235911],[28.72614459,-15.17244911],[28.72423354,-15.17232211],[28.7226635,-15.17213013],[28.72199747,-15.17204814],[28.72014043,-15.17048427],[28.71778236,-15.1700293],[28.71460628,-15.17017629],[28.71277323,-15.16987932],[28.71078218,-15.16832445],[28.71055717,-15.16815146],[28.70751709,-15.16734952],[28.70486402,-15.16744551],[28.70227295,-15.16798247],[28.69985689,-15.16861043],[28.69768083,-15.16940636],[28.69504776,-15.17034528],[28.69257469,-15.17091423],[28.69146566,-15.17114322],[28.68939861,-15.17156918],[28.68760756,-15.17197515],[28.6854295,-15.17228013],[28.68323744,-15.1726121],[28.68027536,-15.17326405],[28.6779923,-15.173839],[28.67676427,-15.17486092],[28.67598725,-15.17660178],[28.67658227,-15.17812765],[28.67678127,-15.17954253],[28.67548224,-15.18003349],[28.6739502,-15.1798985],[28.67094611,-15.17935755],[28.66833904,-15.17891759],[28.66586098,-15.17905958],[28.66352492,-15.17973352],[28.66083084,-15.18074044],[28.65861078,-15.18147738],[28.65668873,-15.18106441],[28.65569271,-15.18059646],[28.65414567,-15.17937456],[28.65386366,-15.17915158],[28.65200161,-15.17900358],[28.64839351,-15.17904258],[28.64499242,-15.17864762],[28.64318638,-15.17840463],[28.64211235,-15.17826265],[28.63967228,-15.17830064],[28.63799423,-15.1788406],[28.63616319,-15.17957554],[28.63432014,-15.18032648],[28.63254609,-15.18110642],[28.63092105,-15.18201835],[28.62964001,-15.18234532],[28.629094,-15.18240331],[28.60777343,-15.18204735],[28.5619462,-15.18222934],[28.55007589,-15.18208236],[28.53910459,-15.16942939],[28.5209271,-15.14805114],[28.517082,-15.14352652],[28.51123584,-15.13723903],[28.50008554,-15.13607213],[28.48042901,-15.13386531],[28.47784694,-15.13215545],[28.46936072,-15.12608395],[28.42413451,-15.12342018],[28.4163983,-15.12170632],[28.4125392,-15.12085539],[28.38560848,-15.13032262],[28.37086809,-15.12679191],[28.36718299,-15.14123174],[28.34542341,-15.13637914],[28.34197332,-15.150205],[28.36392391,-15.15543757],[28.36271388,-15.16080314],[28.36227187,-15.16174906],[28.36184085,-15.16268398],[28.36106584,-15.16352891],[28.36013781,-15.16424785],[28.35811375,-15.16557175],[28.3562557,-15.16663566],[28.3335711,-15.16101612],[28.33288408,-15.16356091],[28.33041402,-15.17270617],[28.34600543,-15.17635587],[28.3446744,-15.18483517],[28.34381538,-15.19030773],[28.34376037,-15.1906597],[28.32799596,-15.18750596],[28.32495888,-15.2017298],[28.3407943,-15.20477954],[28.34007128,-15.20828626],[28.33780722,-15.21924936],[28.31549663,-15.21481973],[28.31547363,-15.21492272],[28.31245855,-15.22906857],[28.33490215,-15.2334962],[28.33216008,-15.24753305],[28.33192507,-15.24749206],[28.31853671,-15.24518725],[28.31653966,-15.25136974],[28.31433861,-15.26120394],[28.29502609,-15.25960007],[28.28410281,-15.30399345],[28.27817065,-15.30428543],[28.27339852,-15.30685822],[28.27416754,-15.31542152],[28.27545058,-15.32967236],[28.27552158,-15.32984334],[28.27560158,-15.33033631],[28.27576759,-15.33075927],[28.27570259,-15.33133522],[28.27573158,-15.33213616],[28.27584759,-15.33271211],[28.27577459,-15.33351704],[28.27588359,-15.33365304],[28.27477556,-15.33711275],[28.27328252,-15.33673779],[28.27270251,-15.3364918],[28.27164148,-15.33619183],[28.27082946,-15.33600185],[28.27055445,-15.33610384],[28.26980443,-15.33568487],[28.2688684,-15.33550989],[28.2685364,-15.3353269],[28.26806738,-15.33523991],[28.26732736,-15.3352709],[28.26651434,-15.3352719],[28.26571132,-15.33523491],[28.2650023,-15.33546789],[28.26430028,-15.33551188],[28.26347026,-15.3353959],[28.26192522,-15.3353089],[28.26048118,-15.33507892],[28.25838713,-15.33460196],[28.2575441,-15.33437198],[28.25667008,-15.33392602],[28.25627607,-15.33359304],[28.25605406,-15.33316508],[28.25579905,-15.33266312],[28.25531404,-15.33194618],[28.25467303,-15.33131323],[28.25406701,-15.33087826],[28.25344099,-15.33061428],[28.25289597,-15.3304543],[28.25216296,-15.33063328],[28.25159094,-15.3304713],[28.25100593,-15.33032431],[28.25037591,-15.3304093],[28.2499929,-15.33050829],[28.24967789,-15.33053029],[28.24922788,-15.3303863],[28.24863686,-15.33029831],[28.24809085,-15.33031831],[28.24749783,-15.33037831],[28.24706082,-15.33023832],[28.24685481,-15.33013432],[28.24655981,-15.32999534],[28.24517877,-15.32894542],[28.24470375,-15.32888343],[28.24415074,-15.32861645],[28.24380473,-15.32840247],[28.24342972,-15.32818849],[28.24337172,-15.32786651],[28.24304371,-15.32738755],[28.2424437,-15.32722956],[28.24120766,-15.32641663],[28.24035264,-15.32608066],[28.23986063,-15.32578668],[28.23910361,-15.32531572],[28.2387196,-15.32476676],[28.23795158,-15.3243598],[28.23743056,-15.32401083],[28.23724755,-15.32344187],[28.23682254,-15.32285392],[28.23610853,-15.32233696],[28.23575252,-15.321911],[28.23550451,-15.32150103],[28.2349755,-15.32128105],[28.23427048,-15.32100707],[28.23366946,-15.32083409],[28.23269043,-15.32040312],[28.23226142,-15.31995316],[28.23188541,-15.31971418],[28.2314014,-15.3194992],[28.23061938,-15.31920522],[28.22998436,-15.31882325],[28.22953635,-15.3182283],[28.22902834,-15.31809731],[28.22861832,-15.31844728],[28.22814731,-15.31846828],[28.2275253,-15.31790433],[28.22709228,-15.31772434],[28.22684628,-15.31767835],[28.22631827,-15.31770334],[28.22612726,-15.31780233],[28.22590425,-15.31759535],[28.22558224,-15.31739537],[28.22527324,-15.31733438],[28.22492922,-15.31721638],[28.22463922,-15.31708139],[28.22428121,-15.31678042],[28.2238882,-15.31667943],[28.22349318,-15.31655344],[28.22304718,-15.31629946],[28.22269617,-15.31614547],[28.22242316,-15.31605648],[28.22127113,-15.31955019],[28.21827505,-15.32924041],[28.21681201,-15.32876745],[28.21491196,-15.32728056],[28.21377092,-15.32639264],[28.21177587,-15.32545971],[28.21132586,-15.32524373],[28.21040084,-15.32525473],[28.2088118,-15.32526073],[28.2053517,-15.32347687],[28.20294664,-15.32172002],[28.20085458,-15.32139105],[28.19877753,-15.32107607],[28.19620245,-15.32292592],[28.19274037,-15.32495076],[28.18938128,-15.32276994],[28.1866972,-15.32141105],[28.18628219,-15.3195792],[28.18460515,-15.31799433],[28.1829321,-15.31509557],[28.1826901,-15.31486458],[28.18067804,-15.31290174],[28.17721195,-15.31272276],[28.17591491,-15.31134387],[28.17458988,-15.31056294],[28.17348685,-15.30957002],[28.17323284,-15.30913006],[28.17275983,-15.30831112],[28.17096578,-15.30819113],[28.16836171,-15.30845011],[28.16543563,-15.30959902],[28.16334158,-15.30904006],[28.16013349,-15.3085081],[28.15893946,-15.30594432],[28.15723541,-15.3061583],[28.15607838,-15.30459843],[28.15494735,-15.30330054],[28.15236428,-15.3024676],[28.14968821,-15.30179265],[28.14771216,-15.30317554],[28.14589211,-15.30280357],[28.14510709,-15.30153268],[28.14509309,-15.29942685],[28.14395306,-15.29813196],[28.14327204,-15.29691606],[28.14312704,-15.29665508],[28.13956594,-15.2963611],[28.13694287,-15.2951122],[28.13617085,-15.29486522],[28.13540983,-15.29462624],[28.13364478,-15.29406929],[28.13123572,-15.29385031],[28.13023469,-15.29439627],[28.12951367,-15.29409329],[28.1270166,-15.29304637],[28.12401452,-15.29100854],[28.12196647,-15.28833176],[28.12164546,-15.28835276],[28.11816236,-15.28857974],[28.11361025,-15.28964965],[28.11061917,-15.28732785],[28.10778809,-15.28678789],[28.10289996,-15.28444308],[28.1009369,-15.28598596],[28.09870885,-15.28513902],[28.09767382,-15.28477105],[28.09576777,-15.28409311],[28.09202766,-15.28267422],[28.09005161,-15.28200828],[28.08964561,-15.28187029],[28.0894796,-15.28181929],[28.08912659,-15.28012444],[28.08722654,-15.27890454],[28.08420145,-15.27880154],[28.08246041,-15.28092637],[28.07987134,-15.28267123],[28.07743827,-15.28230726],[28.0744762,-15.28357715],[28.07246314,-15.2818643],[28.0708101,-15.27949449],[28.07018208,-15.27950149],[28.06768002,-15.27954249],[28.06462794,-15.27821859],[28.06090083,-15.27886554],[28.05792176,-15.27758665],[28.05574669,-15.27531983],[28.05115957,-15.2744439],[28.0485065,-15.2756998],[28.04335636,-15.27546982],[28.03977427,-15.27538483],[28.03776821,-15.27532283],[28.03612317,-15.27460789],[28.0336821,-15.27373596],[28.03251308,-15.27400294],[28.03116604,-15.27260906],[28.02899198,-15.27221309],[28.0261059,-15.2708142],[28.02456686,-15.27002427],[28.02292782,-15.27080121],[28.02106676,-15.26984729],[28.0184647,-15.27049623],[28.01498561,-15.27116217],[28.01213953,-15.27111019],[28.00868543,-15.27079221],[28.00832942,-15.26799443],[28.00709339,-15.26565563],[28.00474133,-15.26332882],[28.00183625,-15.26241089],[28.00138224,-15.261146],[28.00043221,-15.26093602],[28.00028921,-15.26096001],[27.97555756,-15.29588716],[27.95673605,-15.28681291],[27.95523801,-15.28607197],[27.95385897,-15.28534803],[27.95253594,-15.28472108],[27.9511509,-15.28384315],[27.95016487,-15.28307822],[27.94904684,-15.28286823],[27.94806081,-15.28210029],[27.94700379,-15.28107938],[27.94588076,-15.28019345],[27.94465273,-15.27927552],[27.94393671,-15.27883456],[27.94330169,-15.27842859],[27.94251067,-15.27862458],[27.94133964,-15.27830961],[27.94029561,-15.27830161],[27.93923958,-15.27830461],[27.93804555,-15.27773465],[27.93662951,-15.27754967],[27.93593749,-15.27683173],[27.93500447,-15.27621578],[27.93362543,-15.27603379],[27.93320442,-15.27565083],[27.93227739,-15.27538884],[27.93085836,-15.27557283],[27.92973232,-15.27504287],[27.9286603,-15.27433193],[27.92753927,-15.273424],[27.92594222,-15.27305803],[27.92480219,-15.27199513],[27.92354916,-15.27110319],[27.92236613,-15.27022327],[27.92076609,-15.26943333],[27.91975106,-15.26875639],[27.91837802,-15.26846041],[27.91717399,-15.26777347],[27.91616496,-15.26700553],[27.91491993,-15.26645657],[27.91363089,-15.26639558],[27.91229186,-15.26638558],[27.91121583,-15.26632058],[27.91059781,-15.26634859],[27.90960779,-15.26567364],[27.90840775,-15.2649007],[27.90751373,-15.26475972],[27.90687271,-15.26476471],[27.90605069,-15.26457273],[27.90546668,-15.26436575],[27.90468465,-15.26435475],[27.90426364,-15.26395978],[27.90371163,-15.26303585],[27.90315162,-15.26284087],[27.9026896,-15.2625329],[27.90206358,-15.2624739],[27.90157757,-15.26247591],[27.90115456,-15.26188295],[27.90076455,-15.261282],[27.90051154,-15.26084404],[27.90007453,-15.26027108],[27.89926051,-15.25985612],[27.8988905,-15.25942915],[27.89839249,-15.2588752],[27.89841748,-15.25832124],[27.89819948,-15.25823725],[27.89739046,-15.25792728],[27.89673444,-15.25774729],[27.89620643,-15.25734632],[27.8952414,-15.25716834],[27.89458738,-15.25694136],[27.89395536,-15.25702335],[27.89319434,-15.25736032],[27.89270433,-15.25744632],[27.89230532,-15.25788728],[27.89172731,-15.25861022],[27.89076628,-15.25866722],[27.88979925,-15.25853023],[27.88875023,-15.25867321],[27.88801621,-15.25839024],[27.8875182,-15.25782928],[27.88690818,-15.25743431],[27.88565815,-15.25722234],[27.88529814,-15.25680137],[27.88480612,-15.25585845],[27.8838831,-15.25529349],[27.88279907,-15.25483353],[27.88214905,-15.25427757],[27.88126003,-15.2539766],[27.88070301,-15.25319167],[27.87970199,-15.25302468],[27.87878996,-15.25298568],[27.87798294,-15.25221274],[27.87770693,-15.25146781],[27.87696291,-15.24915699],[27.8765029,-15.24730015],[27.87470185,-15.24698118],[27.87257379,-15.24518332],[27.87069074,-15.24409741],[27.8690797,-15.24322548],[27.86705964,-15.24308749],[27.86598562,-15.24207857],[27.86486959,-15.24119964],[27.86313054,-15.24073468],[27.86202151,-15.23916881],[27.85992146,-15.23908482],[27.8577934,-15.23863486],[27.85714838,-15.23739296],[27.85598335,-15.23621805],[27.85576734,-15.23615006],[27.8542413,-15.23605207],[27.85356028,-15.23729497],[27.85163823,-15.2405877],[27.85149123,-15.24249554],[27.84967118,-15.24623624],[27.84771413,-15.25134682],[27.84733512,-15.25188278],[27.84716511,-15.25249573],[27.84714212,-15.25301268],[27.8467531,-15.25325366],[27.84598608,-15.25287369],[27.84566008,-15.25332066],[27.84567208,-15.2540816],[27.84473905,-15.25456755],[27.84411304,-15.25451456],[27.84328001,-15.25351564],[27.842698,-15.25354564],[27.842967,-15.25416859],[27.842662,-15.25460255],[27.84250699,-15.25571847],[27.84207998,-15.25681637],[27.84122596,-15.25704636],[27.84048694,-15.25715034],[27.83997192,-15.25676038],[27.8390889,-15.25658939],[27.83844688,-15.25720834],[27.83814488,-15.25786429],[27.83778286,-15.25880621],[27.83734785,-15.25900519],[27.83719485,-15.25951516],[27.83676184,-15.2601691],[27.83643183,-15.26042008],[27.83601682,-15.26093404],[27.83583181,-15.261386],[27.83629683,-15.26161998],[27.83625082,-15.26211394],[27.83676984,-15.26216394],[27.83733085,-15.2626589],[27.83785887,-15.26274589],[27.83801387,-15.26326185],[27.83746385,-15.26363082],[27.83743786,-15.26474372],[27.83695484,-15.26524169],[27.83666284,-15.26598262],[27.83668984,-15.26642159],[27.83648783,-15.26725352],[27.83551881,-15.26772348],[27.83511279,-15.26779248],[27.83497479,-15.26715453],[27.83425177,-15.26740351],[27.83381876,-15.26782348],[27.83346475,-15.26807646],[27.83336475,-15.26896738],[27.83198771,-15.26957933],[27.8314867,-15.26935036],[27.83084568,-15.26963733],[27.83016866,-15.26941435],[27.82944164,-15.26922136],[27.82860262,-15.26915037],[27.8276446,-15.2688154],[27.82667957,-15.26946135],[27.82558854,-15.26894539],[27.82489452,-15.26857142],[27.8242285,-15.26830344],[27.82321248,-15.26847642],[27.82247946,-15.26955634],[27.82156244,-15.27018529],[27.82090042,-15.27066725],[27.82061841,-15.27143718],[27.82070341,-15.27166016],[27.82082041,-15.27196714],[27.82099742,-15.27252309],[27.82139043,-15.27302206],[27.82139443,-15.27401297],[27.82166344,-15.2749269],[27.82197645,-15.27560884],[27.82234246,-15.27593282],[27.82194145,-15.27665276],[27.82245446,-15.27684674],[27.82358249,-15.27712072],[27.82327648,-15.27814463],[27.82266247,-15.27835062],[27.82079342,-15.27933654],[27.8202444,-15.27968451],[27.81994439,-15.28001548],[27.82054941,-15.28030546],[27.81953438,-15.2810004],[27.81862635,-15.28115939],[27.81801234,-15.2810864],[27.81730332,-15.28187433],[27.81731432,-15.2835222],[27.81739833,-15.28428513],[27.81751833,-15.28506207],[27.81698031,-15.28543204],[27.8164393,-15.28611299],[27.81572928,-15.28640996],[27.81496626,-15.28650195],[27.81489926,-15.28584301],[27.81433524,-15.28518606],[27.81410824,-15.28441812],[27.81391723,-15.28363919],[27.81395523,-15.28250128],[27.81367723,-15.28184133],[27.81340622,-15.28069843],[27.81256919,-15.28137038],[27.81211518,-15.28176534],[27.81166617,-15.2822543],[27.81090915,-15.28219831],[27.81042714,-15.28266727],[27.80999413,-15.28360019],[27.80943311,-15.28450312],[27.80869509,-15.28564802],[27.80756406,-15.28629197],[27.80642503,-15.28686492],[27.80612602,-15.28744988],[27.805328,-15.28859478],[27.805107,-15.28933273],[27.80572701,-15.29033564],[27.80612403,-15.29102259],[27.80570001,-15.2920345],[27.805336,-15.29277844],[27.80437298,-15.29309042],[27.80385396,-15.29277544],[27.80334095,-15.29259246],[27.80229892,-15.29279944],[27.80169491,-15.29170753],[27.80136289,-15.2908846],[27.80075788,-15.29037264],[27.80039787,-15.2896467],[27.79988986,-15.2895917],[27.79883183,-15.2896637],[27.79819881,-15.28975269],[27.7976228,-15.29020965],[27.79696978,-15.29021965],[27.79628876,-15.2908676],[27.79681778,-15.29128057],[27.79668777,-15.29179553],[27.79666677,-15.29253346],[27.79656777,-15.29346339],[27.79659077,-15.29401734],[27.79657177,-15.29499626],[27.79677578,-15.2957172],[27.79640576,-15.29688811],[27.79692078,-15.2970461],[27.79696978,-15.29749706],[27.79654677,-15.29852098],[27.79556574,-15.29899494],[27.79505473,-15.29845998],[27.7940267,-15.29837199],[27.79339968,-15.29861897],[27.79267467,-15.29893295],[27.79175564,-15.29957789],[27.79098262,-15.29965889],[27.79000059,-15.30042382],[27.78947058,-15.30037982],[27.78893056,-15.30078579],[27.78883657,-15.30129975],[27.78834255,-15.30172872],[27.78857755,-15.30261664],[27.78786754,-15.3030916],[27.78719852,-15.30325059],[27.7867195,-15.30360656],[27.7863645,-15.3043795],[27.78534647,-15.3043715],[27.78497446,-15.30395553],[27.78448045,-15.30354957],[27.78400744,-15.30352357],[27.78373643,-15.30321059],[27.78307241,-15.30296561],[27.78217439,-15.30290362],[27.78177738,-15.30300261],[27.78118036,-15.30309161],[27.78029334,-15.30413852],[27.77966832,-15.30463248],[27.7790003,-15.30522943],[27.77843229,-15.30576739],[27.77799728,-15.30623235],[27.77782927,-15.30724927],[27.77762327,-15.30818319],[27.77700925,-15.30945709],[27.77724225,-15.31094696],[27.77844729,-15.31154692],[27.78012433,-15.31116395],[27.78112736,-15.31206987],[27.78131636,-15.31317678],[27.78243739,-15.31303679],[27.78251539,-15.31369574],[27.78193438,-15.31505563],[27.78173737,-15.31684348],[27.78069635,-15.31759642],[27.77985833,-15.31886232],[27.77851229,-15.31925828],[27.77732426,-15.31957926],[27.77599022,-15.32135011],[27.7754012,-15.32291099],[27.77610322,-15.32416988],[27.77685125,-15.32362293],[27.77771827,-15.32441086],[27.77862129,-15.32458285],[27.7789263,-15.32579475],[27.77916431,-15.32657869],[27.77907531,-15.32698965],[27.77918731,-15.3276486],[27.7787943,-15.32852153],[27.77946632,-15.32860752],[27.78010133,-15.32848054],[27.78069035,-15.32910448],[27.78088835,-15.32970343],[27.78093636,-15.33051037],[27.78102035,-15.33129231],[27.78059135,-15.33186625],[27.78041934,-15.33281518],[27.78058534,-15.33335114],[27.78118436,-15.33403408],[27.78178338,-15.33470403],[27.78224339,-15.33583993],[27.78331542,-15.33711683],[27.78359943,-15.33763479],[27.78391243,-15.3386057],[27.78368143,-15.33929965],[27.78311241,-15.33981561],[27.78189038,-15.34094252],[27.78199139,-15.34213342],[27.7824854,-15.34250939],[27.78310142,-15.34334032],[27.78323842,-15.34423325],[27.78479746,-15.34465421],[27.78529647,-15.34489419],[27.7861365,-15.34386028],[27.78755153,-15.34322733],[27.78815555,-15.34379128],[27.78887157,-15.34423925],[27.78915158,-15.34461621],[27.78974059,-15.34520517],[27.78969759,-15.34621609],[27.78965559,-15.34718401],[27.78944759,-15.34811693],[27.78967059,-15.34954882],[27.79078662,-15.35010577],[27.79086062,-15.35132067],[27.79093463,-15.35257857],[27.79020461,-15.35357649],[27.78970459,-15.35255657],[27.78874557,-15.35249957],[27.78735853,-15.35278155],[27.78650451,-15.35253657],[27.7863345,-15.3534015],[27.7860445,-15.3546384],[27.78552548,-15.35564231],[27.78490047,-15.35742817],[27.78440945,-15.35808012],[27.78446545,-15.35820311],[27.78453346,-15.3583591],[27.78462746,-15.35856608],[27.78549748,-15.35873007],[27.78562249,-15.35989897],[27.7864675,-15.359554],[27.78692152,-15.35922602],[27.78752854,-15.35971398],[27.78793855,-15.359555],[27.78912658,-15.36002796],[27.78856056,-15.36106187],[27.78882557,-15.36203379],[27.7897656,-15.36249076],[27.79085263,-15.36339868],[27.79103063,-15.36447459],[27.79113763,-15.36526153],[27.79241866,-15.36524953],[27.79307368,-15.36602347],[27.79427672,-15.36751235],[27.79554675,-15.3692752],[27.79581976,-15.37018213],[27.79588076,-15.37038811],[27.79640577,-15.37040311],[27.79643378,-15.37083208],[27.79675678,-15.37159602],[27.79659578,-15.37227796],[27.79702579,-15.37279092],[27.79794882,-15.37310289],[27.79856883,-15.37353186],[27.79806682,-15.37416181],[27.79877084,-15.37490274],[27.79903184,-15.37569368],[27.79878384,-15.37647062],[27.79901685,-15.37738654],[27.79963886,-15.37807448],[27.80026588,-15.37836447],[27.80082689,-15.37881442],[27.80087089,-15.37947237],[27.80118891,-15.3802873],[27.80056589,-15.38044829],[27.80011888,-15.38064828],[27.8008189,-15.38143621],[27.8009359,-15.38229714],[27.80118891,-15.38328906],[27.80042988,-15.38410899],[27.79988087,-15.3852849],[27.80212793,-15.3864798],[27.80301695,-15.38697576],[27.80346097,-15.38691376],[27.80432699,-15.38632981],[27.80518701,-15.38699475],[27.80576903,-15.38701176],[27.80670705,-15.38723674],[27.80750107,-15.38779669],[27.80818009,-15.38796168],[27.8083671,-15.38859463],[27.80810009,-15.38901159],[27.8083951,-15.38981453],[27.80911211,-15.39052547],[27.80930512,-15.39072045],[27.80961213,-15.39102943],[27.81013914,-15.39064646],[27.81042715,-15.39029249],[27.81109617,-15.39041148],[27.81172619,-15.39040648],[27.81250221,-15.39080245],[27.81372624,-15.39101243],[27.81466727,-15.39063946],[27.81599831,-15.39084345],[27.81712533,-15.39108642],[27.81788635,-15.39160438],[27.81821436,-15.3913994],[27.81933639,-15.39153439],[27.82057243,-15.39197535],[27.82141145,-15.39180837],[27.82273748,-15.39211334],[27.82379751,-15.39200735],[27.82572756,-15.39231832],[27.82675559,-15.39267129],[27.82800962,-15.39275829],[27.82907365,-15.3925493],[27.82957367,-15.39299726],[27.8308547,-15.39275829],[27.83229274,-15.39265729],[27.83367077,-15.39291327],[27.83522681,-15.3925263],[27.83670685,-15.3925873],[27.83783989,-15.39272329],[27.83767388,-15.39161137],[27.83797489,-15.39098943],[27.8383049,-15.39046347],[27.83940392,-15.39055546],[27.84032695,-15.39088444],[27.84108997,-15.39052047],[27.841996,-15.39040947],[27.84238101,-15.38971853],[27.84389205,-15.38881961],[27.84495408,-15.3889206],[27.8459521,-15.3888676],[27.84700313,-15.38949955],[27.84751814,-15.3888516],[27.84802316,-15.38814566],[27.84870218,-15.38806167],[27.84926519,-15.38715874],[27.85037722,-15.38664178],[27.85224827,-15.38617382],[27.8532613,-15.3852409],[27.85416332,-15.38440096],[27.85477734,-15.38364403],[27.85621537,-15.3827361],[27.8568474,-15.38189516],[27.85819343,-15.3814692],[27.85953447,-15.38087925],[27.86061849,-15.37965335],[27.86121351,-15.37884841],[27.86246654,-15.3778415],[27.86356357,-15.37795749],[27.8646336,-15.37843545],[27.86564263,-15.37895141],[27.86635965,-15.37909839],[27.86737368,-15.37947536],[27.8682117,-15.37929838],[27.86938473,-15.37931637],[27.87006775,-15.37917239],[27.87118277,-15.37886041],[27.87158779,-15.37804848],[27.8723008,-15.37719955],[27.87327783,-15.37652461],[27.87377384,-15.37598164],[27.87485488,-15.37542569],[27.8757649,-15.37471975],[27.87707894,-15.37421679],[27.87806496,-15.37391081],[27.87931099,-15.37386082],[27.87999701,-15.37338586],[27.88157705,-15.37358884],[27.88256308,-15.37352585],[27.88406412,-15.37338786],[27.88540315,-15.37365983],[27.88681219,-15.37423179],[27.88862824,-15.37421079],[27.88993528,-15.37470475],[27.8906543,-15.37477974],[27.89144732,-15.37480774],[27.89255535,-15.37494973],[27.89327637,-15.37499873],[27.8943584,-15.37492273],[27.89522441,-15.37465975],[27.89601144,-15.37427278],[27.89772249,-15.37474675],[27.89862851,-15.37515671],[27.89987954,-15.37365983],[27.90131858,-15.37326987],[27.90183159,-15.37320487],[27.90222461,-15.37316187],[27.90335163,-15.37424678],[27.90355364,-15.37612663],[27.90432266,-15.37834045],[27.91188687,-15.4059112],[27.93333544,-15.38458394],[27.94186367,-15.40447231],[27.94345671,-15.40819601],[27.95330998,-15.44704684],[27.954077,-15.44964763],[27.95501103,-15.4537623],[27.95578605,-15.45666006],[27.95646507,-15.46090672],[27.96198723,-15.50125243],[27.96240624,-15.50445017],[27.96308026,-15.50934977],[27.96252324,-15.52275668],[27.95997618,-15.58421368],[27.95797413,-15.58417469],[27.79104366,-15.58366375],[27.79094266,-15.58721946],[27.79082666,-15.58896731],[27.79024664,-15.59092616],[27.78965362,-15.592852],[27.78934962,-15.59451987],[27.78949462,-15.59631972],[27.79023364,-15.59733164],[27.79071766,-15.59811058],[27.79054565,-15.5989955],[27.79007064,-15.59972845],[27.78966662,-15.60109233],[27.7884686,-15.60179628],[27.78768457,-15.60245322],[27.78654054,-15.60280319],[27.78553352,-15.60286519],[27.78454749,-15.60364513],[27.78292244,-15.60366412],[27.78219143,-15.60407509],[27.78086639,-15.60457405],[27.77990637,-15.605253],[27.77927135,-15.60558097],[27.77903334,-15.6063439],[27.77846033,-15.60775879],[27.77782731,-15.60868972],[27.77823032,-15.60937366],[27.7774403,-15.61039058],[27.77667328,-15.61080454],[27.77608426,-15.61192145],[27.77534624,-15.61336234],[27.77495323,-15.61410428],[27.77501824,-15.6150722],[27.77462722,-15.61572214],[27.77447222,-15.61644808],[27.7738792,-15.61703204],[27.77348219,-15.61797297],[27.7735152,-15.61887389],[27.77334719,-15.61952183],[27.77341719,-15.62023978],[27.77319819,-15.62054775],[27.77263917,-15.62132969],[27.77200416,-15.62169266],[27.77112713,-15.62231861],[27.77111313,-15.62304355],[27.77088112,-15.62342652],[27.77069712,-15.62439744],[27.77037111,-15.62475042],[27.76940209,-15.62583932],[27.7698491,-15.62672325],[27.77026811,-15.62770217],[27.77091512,-15.62869409],[27.77143914,-15.62917205],[27.77154614,-15.629808],[27.77105613,-15.63061493],[27.77116714,-15.63170385],[27.77232817,-15.63235679],[27.77302119,-15.63257078],[27.77393421,-15.63268377],[27.77529424,-15.63287775],[27.77646028,-15.63323872],[27.7771963,-15.63322572],[27.77813232,-15.63387767],[27.77945036,-15.63431863],[27.78066139,-15.63487459],[27.78162142,-15.63613048],[27.78269745,-15.63750337],[27.78392148,-15.63868028],[27.78527951,-15.64031015],[27.78688756,-15.64178102],[27.78791358,-15.64271095],[27.78910762,-15.64407584],[27.79036865,-15.6458047],[27.79115867,-15.64734857],[27.79125767,-15.64967838],[27.79065266,-15.65163023],[27.79058966,-15.65243316],[27.79101167,-15.65340508],[27.79160869,-15.65499996],[27.79193669,-15.65720477],[27.79168669,-15.65721077],[27.7884766,-15.65739376],[27.78501251,-15.65576589],[27.78060039,-15.65414203],[27.77614927,-15.65527793],[27.77164215,-15.6568918],[27.76765705,-15.65521494],[27.766009,-15.65278314],[27.76367993,-15.64857447],[27.76075286,-15.6446508],[27.75671075,-15.64069512],[27.7545957,-15.64121408],[27.75400568,-15.64139106],[27.7509526,-15.64428083],[27.74938455,-15.64638066],[27.74673149,-15.64994237],[27.73892228,-15.65910063],[27.73566819,-15.6631623],[27.73181709,-15.66796891],[27.7248589,-15.6729585],[27.71884674,-15.67441338],[27.71577566,-15.67004374],[27.71546465,-15.66533213],[27.71437762,-15.66124746],[27.70819745,-15.65803171],[27.70392733,-15.65747676],[27.7024303,-15.65771374],[27.70081425,-15.65797572],[27.69945622,-15.65856768],[27.69675315,-15.66035853],[27.69383507,-15.66365126],[27.68868093,-15.66942679],[27.68062971,-15.67526132],[27.67289551,-15.67745614],[27.67110446,-15.67567329],[27.67216749,-15.67100067],[27.67237849,-15.66585508],[27.67304651,-15.66146944],[27.67353052,-15.65477898],[27.67237349,-15.65128327],[27.66861539,-15.64839851],[27.66226422,-15.64909845],[27.65689107,-15.64785455],[27.653795,-15.64498178],[27.65335798,-15.64043215],[27.65169294,-15.63596052],[27.64795984,-15.63312475],[27.64175567,-15.63083993],[27.64170967,-15.62532338],[27.64373572,-15.62293557],[27.64858985,-15.61940886],[27.64948988,-15.61692406],[27.65147893,-15.61247043],[27.65492002,-15.61287339],[27.65918113,-15.61094755],[27.66065817,-15.60733184],[27.66365425,-15.60379113],[27.6653313,-15.59962747],[27.66460628,-15.59483386],[27.66277723,-15.592975],[27.66227122,-15.593133],[27.66070717,-15.59403492],[27.65769909,-15.59496085],[27.654163,-15.59347897],[27.65224795,-15.58998025],[27.65204794,-15.58588359],[27.65238695,-15.58169793],[27.65459201,-15.57671933],[27.65600205,-15.57167974],[27.65613505,-15.5672671],[27.65336597,-15.56364339],[27.64847884,-15.56101261],[27.64558576,-15.55822184],[27.64310969,-15.55241231],[27.64149066,-15.55046147],[27.63919159,-15.54929856],[27.63425146,-15.54727873],[27.62888631,-15.5452099],[27.62650425,-15.53944436],[27.62917032,-15.53177799],[27.62928332,-15.52447858],[27.62814829,-15.51908602],[27.62627324,-15.51354847],[27.6249642,-15.51340648],[27.62282415,-15.5131945],[27.6208851,-15.51554931],[27.61987407,-15.51976197],[27.61518695,-15.52239976],[27.61025081,-15.51842707],[27.60691672,-15.51857407],[27.5986045,-15.51944799],[27.59619344,-15.51468038],[27.59604643,-15.5108777],[27.59343136,-15.50892785],[27.58941025,-15.50817191],[27.58576015,-15.50781694],[27.58295208,-15.50693301],[27.57801395,-15.50866987],[27.57326682,-15.50982278],[27.56791268,-15.50807292],[27.56619363,-15.50518816],[27.5649866,-15.50016257],[27.5648566,-15.50000458],[27.56383257,-15.49771277],[27.56264053,-15.49467201],[27.55895944,-15.49111131],[27.55889043,-15.48715763],[27.56176851,-15.48481282],[27.56719565,-15.48211004],[27.5686927,-15.47927527],[27.56839868,-15.47554057],[27.56787968,-15.47476763],[27.56603963,-15.47291279],[27.56399857,-15.47169989],[27.56092149,-15.47052698],[27.55639136,-15.47495562],[27.55334729,-15.47738142],[27.54993919,-15.47779339],[27.54362903,-15.47668448],[27.54038494,-15.47503462],[27.53886489,-15.47466465],[27.53660984,-15.47565256],[27.53487579,-15.47742542],[27.53417977,-15.47916528],[27.53408677,-15.48064816],[27.53408677,-15.48192205],[27.53564281,-15.48783858],[27.53601882,-15.49134929],[27.53367276,-15.49152127],[27.53190271,-15.49137329],[27.53020466,-15.49156427],[27.52836462,-15.49222222],[27.52635957,-15.49269718],[27.52529754,-15.49400907],[27.52527453,-15.49792476],[27.52454152,-15.49965561],[27.52322048,-15.50002458],[27.52226646,-15.5010125],[27.52217145,-15.50115849],[27.52075741,-15.50556213],[27.51473826,-15.50518716],[27.50980512,-15.5084439],[27.51109816,-15.51307952],[27.51179518,-15.51937401],[27.51295021,-15.52641443],[27.50699405,-15.53212897],[27.50531,-15.53440279],[27.50689805,-15.53868644],[27.50376796,-15.5428841],[27.50023187,-15.544141],[27.49834182,-15.54508892],[27.4901366,-15.54257312],[27.48758953,-15.54390702],[27.49077862,-15.55239633],[27.48955459,-15.55984372],[27.48154937,-15.56089363],[27.47394617,-15.55903679],[27.46569895,-15.56278548],[27.4640509,-15.56955293],[27.45710772,-15.57209373],[27.45380363,-15.57928914],[27.44765447,-15.58866238],[27.44085428,-15.58655755],[27.4377212,-15.57867519],[27.43660717,-15.57295666],[27.43280907,-15.57281567],[27.43155403,-15.5749975],[27.4265589,-15.57878119],[27.42205578,-15.57916815],[27.4151756,-15.581045],[27.4115645,-15.57591742],[27.41059347,-15.56834203],[27.40863642,-15.56070566],[27.40563834,-15.55622202],[27.39824514,-15.55790288],[27.392823,-15.56453635],[27.39386802,-15.57324364],[27.39713311,-15.57931215],[27.39380302,-15.58623258],[27.3855578,-15.59287504],[27.38113368,-15.59781964],[27.38006366,-15.60530604],[27.37714958,-15.61709207],[27.37554554,-15.61875694],[27.37178444,-15.62264663],[27.36761633,-15.62030182],[27.36106015,-15.61396033],[27.35389096,-15.61268344],[27.34901683,-15.61959487],[27.34589674,-15.62529641],[27.34151363,-15.62776521],[27.33861655,-15.63318677],[27.33815654,-15.64308497],[27.33240539,-15.64899249],[27.3254892,-15.64526279],[27.31629595,-15.64047318],[27.31217785,-15.64599073],[27.30829774,-15.65276219],[27.3032416,-15.6562789],[27.30211658,-15.73532748],[27.30211058,-15.73573745],[27.30009853,-15.74076204],[27.30106755,-15.74428075],[27.30492566,-15.74846041],[27.30576168,-15.7511162],[27.30540867,-15.75259908],[27.30492166,-15.75317603],[27.30411564,-15.75344301],[27.30314061,-15.75391397],[27.30212758,-15.75379498],[27.30100655,-15.75339401],[27.30040953,-15.75284306],[27.29977752,-15.75199413],[27.29850949,-15.75135818],[27.29769446,-15.75086922],[27.29436637,-15.74826643],[27.29098628,-15.74364481],[27.28755919,-15.74177396],[27.28097501,-15.74183195],[27.28195504,-15.73853822],[27.28248905,-15.73665637],[27.28240305,-15.73440056],[27.28292006,-15.73217374],[27.27973098,-15.72842304],[27.27987798,-15.7240454],[27.27484385,-15.72476234],[27.27012572,-15.7203007],[27.26758065,-15.72062968],[27.26508059,-15.73131281],[27.26116449,-15.72935597],[27.25860841,-15.72511331],[27.25742438,-15.72245453],[27.25028619,-15.68803832],[27.2139242,-15.50147649],[27.21288618,-15.49548798],[27.21108212,-15.4890565],[27.21089912,-15.48743763],[27.20722902,-15.47047601],[27.20581398,-15.47030003],[26.99972447,-15.4658694],[26.97793088,-15.4645985],[26.99934145,-15.38959061],[27.00219253,-15.37141209],[27.00683765,-15.35280061],[27.00013248,-15.35099176],[26.97558082,-15.34991184],[26.94445398,-15.34854196],[26.86341382,-15.34063161],[26.82605982,-15.33110739],[26.76661223,-15.33324521],[26.7507288,-15.33380417],[26.70712164,-15.33306622],[26.63244364,-15.33244528],[26.38499602,-15.33042743],[26.37854185,-15.32976249],[26.21004635,-15.3122979],[26.07646677,-15.29837103],[25.98809341,-15.28910978],[25.82616808,-15.28857681],[25.31516642,-15.28493804],[25.31534942,-15.28003643],[25.33023482,-15.26106299],[25.33524396,-15.24680916],[25.33042983,-15.23450316],[25.32753976,-15.21861546],[25.32060458,-15.21082409],[25.31629046,-15.20608847],[25.3140124,-15.199757],[25.3176485,-15.18540916],[25.32573772,-15.17719584],[25.33058785,-15.16869453],[25.33715702,-15.16291401],[25.35129041,-15.15918631],[25.36132767,-15.15635455],[25.36513077,-15.15008606],[25.37156095,-15.14319562],[25.39060246,-15.13585323],[25.39932469,-15.1374671],[25.40332479,-15.14582542],[25.41644215,-15.14180375],[25.42543139,-15.13308346],[25.42313333,-15.12544209],[25.42400435,-15.11817568],[25.42042426,-15.11224816],[25.4220803,-15.10407883],[25.42093527,-15.09910524],[25.41786819,-15.09656545],[25.41767419,-15.08971301],[25.41744318,-15.07910687],[25.42973252,-15.07452025],[25.43554667,-15.07653609],[25.44128182,-15.06489105],[25.44609795,-15.05998345],[25.44585194,-15.05434191],[25.44848002,-15.04553663],[25.45867129,-15.03820823],[25.4629254,-15.03135879],[25.46093236,-15.02565226],[25.46196238,-15.02040669],[25.46212239,-15.01428919],[25.46926958,-15.00885164],[25.47114463,-15.00528593],[25.47198365,-15.0032331],[25.47245867,-15.00146324],[25.47281868,-14.99883346],[25.47274867,-14.99600169],[25.47258267,-14.99312793],[25.47046662,-14.98797935],[25.46854457,-14.98413267],[25.46746454,-14.98100392],[25.46696552,-14.97826614],[25.46629551,-14.97573935],[25.46499447,-14.97378151],[25.46403745,-14.97258461],[25.46313542,-14.97065177],[25.46179039,-14.96849994],[25.46095337,-14.96700606],[25.45964833,-14.96521621],[25.45772728,-14.96245544],[25.45571922,-14.95949068],[25.45337717,-14.9567399],[25.45177612,-14.95412412],[25.4509491,-14.9507174],[25.44981607,-14.9470017],[25.44844603,-14.94314902],[25.44365291,-14.93654156],[25.44179286,-14.93316484],[25.44129384,-14.9323489],[25.43990881,-14.9286682],[25.43909779,-14.9250535],[25.43825076,-14.92095384],[25.43756075,-14.91793108],[25.43666372,-14.91419139],[25.43509668,-14.90957577],[25.43400566,-14.90448919],[25.43494768,-14.90224737],[25.43496868,-14.90060551],[25.43490768,-14.89921862],[25.43474368,-14.89739477],[25.43447867,-14.89287214],[25.43452367,-14.89083831],[25.43460567,-14.8883935],[25.43486368,-14.8860937],[25.43535969,-14.88369489],[25.43578671,-14.88165506],[25.43631472,-14.87940125],[25.43734675,-14.87634349],[25.43875679,-14.87408568],[25.44061484,-14.87159089],[25.44271989,-14.86884711],[25.44419993,-14.8666293],[25.44573197,-14.86462046],[25.44706101,-14.86331557],[25.44890206,-14.8617077],[25.45063411,-14.85977885],[25.45164113,-14.85780302],[25.45217714,-14.8556672],[25.45179914,-14.85279943],[25.45126313,-14.84922672],[25.45097711,-14.84643496],[25.45139313,-14.84366318],[25.45239416,-14.84077742],[25.45330018,-14.83898257],[25.45415921,-14.83684974],[25.4540842,-14.83553285],[25.45368919,-14.83415296],[25.45308918,-14.83186715],[25.45288817,-14.8300313],[25.45234116,-14.82718753],[25.45197515,-14.82431377],[25.45265017,-14.82123802],[25.4538442,-14.81864923],[25.45522523,-14.81651741],[25.45708329,-14.81438858],[25.45888533,-14.81216877],[25.46008337,-14.81019093],[25.46167941,-14.80803111],[25.46346346,-14.80636624],[25.46542551,-14.80502135],[25.46713255,-14.80307152],[25.46835359,-14.8008067],[25.4690366,-14.79857888],[25.47015664,-14.79635507],[25.47142067,-14.79494518],[25.47286071,-14.7935733],[25.47437875,-14.79193643],[25.4761878,-14.79456622],[25.47746583,-14.79392626],[25.48141894,-14.79345731],[25.48352499,-14.79458222],[25.48514603,-14.79561813],[25.4875711,-14.79586611],[25.48935415,-14.79538815],[25.49087219,-14.79395527],[25.49177422,-14.79213042],[25.49258523,-14.78951963],[25.49366327,-14.78609092],[25.49410328,-14.78282918],[25.49398128,-14.78027739],[25.49428528,-14.77717465],[25.49444529,-14.77444887],[25.49440728,-14.77122614],[25.49415528,-14.7679744],[25.49353727,-14.76491966],[25.49405828,-14.76210289],[25.4947163,-14.75936911],[25.4948553,-14.75656734],[25.49429628,-14.75388956],[25.49350826,-14.75027085],[25.49343827,-14.74763608],[25.49418528,-14.74541626],[25.49609533,-14.74273648],[25.49689236,-14.74086363],[25.49777538,-14.73824285],[25.49787238,-14.73555507],[25.49776738,-14.73252732],[25.49702936,-14.73052748],[25.49586033,-14.72855565],[25.4946163,-14.72694978],[25.49409228,-14.72567288],[25.49359627,-14.724172],[25.49313426,-14.72211117],[25.49243424,-14.72006034],[25.49120821,-14.71866846],[25.48993018,-14.71739956],[25.48828213,-14.71582369],[25.48623008,-14.71416482],[25.48432203,-14.71215099],[25.48187296,-14.70995217],[25.48008792,-14.70819231],[25.47840787,-14.70585251],[25.47775485,-14.7047346],[25.4794929,-14.70377068],[25.47996791,-14.70198082],[25.48047893,-14.70018897],[25.48124195,-14.69817114],[25.48369501,-14.6950394],[25.48493905,-14.69298157],[25.48611708,-14.69102373],[25.48754012,-14.68913889],[25.48878415,-14.687729],[25.4908282,-14.68545019],[25.49233525,-14.68379432],[25.4944913,-14.68189048],[25.49717437,-14.67972966],[25.50037546,-14.67711288],[25.50282053,-14.67452309],[25.50417256,-14.67163532],[25.50502359,-14.66871756],[25.5057506,-14.66543883],[25.50649362,-14.66255607],[25.50818167,-14.65840241],[25.50982672,-14.65378379],[25.51063874,-14.64969513],[25.51172976,-14.64573646],[25.51324781,-14.64369563],[25.51578687,-14.6415578],[25.51826994,-14.6403699],[25.51977298,-14.63858205],[25.52072301,-14.63623924],[25.52267606,-14.63348746],[25.52456711,-14.63097867],[25.52650317,-14.62855187],[25.52900323,-14.62544413],[25.53049527,-14.62260336],[25.53226832,-14.62006157],[25.53513939,-14.61715081],[25.53765146,-14.61465302],[25.53976452,-14.61222722],[25.54035254,-14.61037537],[25.54094355,-14.60800857],[25.54121856,-14.60453185],[25.54033154,-14.60109714],[25.53916451,-14.59815038],[25.53970152,-14.59732745],[25.54212059,-14.5954246],[25.54360662,-14.59431469],[25.54501366,-14.59293381],[25.54598669,-14.59101197],[25.54683571,-14.58894214],[25.54727472,-14.58713128],[25.5464847,-14.5832886],[25.54682271,-14.58221369],[25.54816875,-14.58166073],[25.5501988,-14.58149675],[25.55313188,-14.58120078],[25.55633296,-14.5808448],[25.56002107,-14.58031785],[25.5652782,-14.57932893],[25.5686983,-14.57808603],[25.56998533,-14.57711111],[25.57206439,-14.57528027],[25.57505347,-14.5723975],[25.57751653,-14.56953374],[25.57958159,-14.56731992],[25.57968459,-14.56555007],[25.57985659,-14.56385321],[25.58042861,-14.56076946],[25.58134663,-14.55838666],[25.58257467,-14.55616084],[25.58393871,-14.55450498],[25.58583476,-14.55275313],[25.5873378,-14.55157122],[25.58818382,-14.55014934],[25.58896984,-14.5481555],[25.58924285,-14.54635965],[25.58957886,-14.54408984],[25.58983786,-14.54125507],[25.58982986,-14.5385303],[25.59040788,-14.53660245],[26.19219291,-14.62431429],[26.18890482,-14.64143988],[26.18556673,-14.6508681],[26.195552,-14.66011034],[26.21299446,-14.66395103],[26.22684683,-14.66367005],[26.23561806,-14.67147341],[26.24196223,-14.67641301],[26.25032846,-14.68293647],[26.26031772,-14.68701413],[26.27578114,-14.69092981],[26.28401535,-14.69647635],[26.30036679,-14.69751227],[26.31014105,-14.70496466],[26.31252911,-14.71884452],[26.31883028,-14.73233841],[26.32971857,-14.73708102],[26.33988484,-14.72210825],[26.35523525,-14.71581277],[26.36570853,-14.71313599],[26.37439876,-14.70119397],[26.37375974,-14.68721812],[26.3681636,-14.66727276],[26.38056393,-14.64924425],[26.3980924,-14.63598534],[26.40489658,-14.62206748],[26.41185477,-14.60476091],[26.41921697,-14.5938528],[26.42635615,-14.58023293],[26.44158156,-14.56652806],[26.45577094,-14.55638489],[26.47224838,-14.55208525],[26.4844237,-14.5478236],[26.49830208,-14.5393973],[26.50516625,-14.52415255],[26.50374722,-14.50819486],[26.51151043,-14.49488896],[26.51921663,-14.48662764],[26.53107294,-14.48172405],[26.54023419,-14.47342273],[26.55738965,-14.46582436],[26.57567513,-14.458052],[26.5779222,-14.45541322],[26.58149529,-14.45466128],[26.58598841,-14.45547222],[26.59105655,-14.45653113],[26.59596867,-14.45820799],[26.60086281,-14.46233265],[26.60469491,-14.46637132],[26.60903603,-14.46914409],[26.61380815,-14.47150089],[26.6191453,-14.47186786],[26.62430843,-14.46721225],[26.62988958,-14.4593829],[26.63096361,-14.45172752],[26.63564073,-14.4496247],[26.64234291,-14.45039063],[26.6494901,-14.44899375],[26.65596127,-14.44648396],[26.66156942,-14.44446912],[26.66605755,-14.44543604],[26.67084867,-14.44868577],[26.67878588,-14.45039963],[26.68551706,-14.45130056],[26.68913916,-14.45368936],[26.69085421,-14.45973686],[26.69137422,-14.46420049],[26.69654936,-14.46564338],[26.7022355,-14.46283861],[26.70632061,-14.45894293],[26.71208677,-14.45371236],[26.71999098,-14.45183851],[26.72890822,-14.45403333],[26.73881748,-14.458073],[26.74269659,-14.45741605],[26.75002278,-14.45284643],[26.75131681,-14.45167053],[26.75287486,-14.45027365],[26.75382888,-14.44968969],[26.75498091,-14.4484058],[26.75577193,-14.44662195],[26.75644495,-14.44467111],[26.75729597,-14.44327622],[26.75857601,-14.44172435],[26.75947603,-14.44022547],[26.76044306,-14.43769568],[26.76173109,-14.43682775],[26.76321813,-14.43664577],[26.76524219,-14.43726172],[26.76834227,-14.43818064],[26.77126935,-14.43773468],[26.7731484,-14.43672576],[26.77497944,-14.43580084],[26.77728351,-14.43476792],[26.77986658,-14.433869],[26.78267065,-14.43432096],[26.78563773,-14.43536987],[26.78891281,-14.43520488],[26.79162189,-14.43448495],[26.79433196,-14.43378],[26.79741104,-14.43269609],[26.80018812,-14.42985133],[26.80224417,-14.42640961],[26.80443223,-14.42288791],[26.80676829,-14.41962017],[26.80928836,-14.41834128],[26.81239744,-14.41822129],[26.81572553,-14.41892123],[26.81965664,-14.42013313],[26.82417176,-14.42146502],[26.82784886,-14.42303689],[26.83192296,-14.4241058],[26.83615908,-14.4240818],[26.83927616,-14.4241458],[26.84250324,-14.42467975],[26.84533432,-14.42489274],[26.84924842,-14.42448277],[26.85156949,-14.42325087],[26.85343653,-14.42108205],[26.85539959,-14.41824328],[26.85763065,-14.41543551],[26.8597887,-14.41406663],[26.86275778,-14.41388265],[26.86491684,-14.41414262],[26.86816193,-14.41494956],[26.87125401,-14.41573149],[26.87493311,-14.41650743],[26.87868521,-14.41721437],[26.88321533,-14.41782032],[26.88768445,-14.41862925],[26.89169956,-14.41970816],[26.89550666,-14.42116504],[26.89828573,-14.42212297],[26.89922375,-14.42244194],[26.90256184,-14.42317887],[26.90648495,-14.42361284],[26.91053505,-14.4240778],[26.91432316,-14.4240478],[26.91869027,-14.4229129],[26.92164135,-14.42184398],[26.92534745,-14.42071108],[26.92845653,-14.42001214],[26.93151961,-14.41986315],[26.93723477,-14.41951918],[26.94052086,-14.42050609],[26.94306492,-14.42097006],[26.94707703,-14.42112405],[26.95077512,-14.42095206],[26.9534592,-14.42083607],[26.95653728,-14.42056109],[26.95891434,-14.42061009],[26.96045539,-14.42118304],[26.96218543,-14.42173999],[26.96389248,-14.42233295],[26.96658555,-14.42357784],[26.9685426,-14.4240438],[27.00012743,-14.22836496],[26.99193522,-14.23301558],[26.98282497,-14.2303698],[26.97730483,-14.21868677],[26.9726397,-14.20214413],[26.9688996,-14.18263175],[26.96387147,-14.16183147],[26.95519624,-14.13936133],[26.94074985,-14.12184378],[26.9200183,-14.10612108],[26.89944475,-14.09077236],[26.88686542,-14.07918532],[26.87943222,-14.07068702],[26.87169001,-14.06096683],[26.8636508,-14.05274551],[26.85806765,-14.04160543],[26.85888767,-14.03426204],[26.87253004,-14.02633669],[26.88488936,-14.01399372],[26.88957849,-14.00592939],[26.90868099,-13.99636418],[26.908784,-13.9912346],[26.90978102,-13.98577406],[26.91223009,-13.98195137],[26.9165082,-13.97738575],[26.92221735,-13.96988837],[26.92592745,-13.9635479],[26.92889953,-13.95488462],[26.92997456,-13.9466223],[26.93170061,-13.93788303],[26.93396667,-13.92835282],[26.93632473,-13.9178097],[26.93747876,-13.90876844],[26.93804677,-13.8996132],[26.93739076,-13.88647229],[26.93676174,-13.8731374],[26.93696974,-13.86144837],[26.93625772,-13.85132121],[26.93577171,-13.84406282],[26.93276163,-13.83896324],[26.91685421,-13.83056294],[26.91123506,-13.82667326],[26.90559791,-13.82322755],[26.89888573,-13.81939986],[26.89375159,-13.81639411],[26.88332132,-13.81194649],[26.87654714,-13.80951369],[26.87014697,-13.80605597],[26.86493683,-13.80247527],[26.85758863,-13.79760868],[26.85112146,-13.79288207],[26.84464729,-13.7876575],[26.83832012,-13.78067508],[26.83275097,-13.77213579],[26.82843986,-13.76571033],[26.82477576,-13.75907288],[26.82334173,-13.75383532],[26.82313372,-13.75305838],[26.82275271,-13.7516365],[27.01947393,-13.72534868],[27.12603076,-13.72421177],[27.3422325,-13.72293186],[27.3420375,-13.72581663],[27.34250551,-13.72751849],[27.34415355,-13.73054423],[27.34686963,-13.73174513],[27.34873068,-13.73501386],[27.3495627,-13.7370177],[27.35186876,-13.7380556],[27.35160576,-13.73921051],[27.35194076,-13.74037041],[27.35227077,-13.7429432],[27.35387381,-13.74604794],[27.35510984,-13.74919968],[27.35295779,-13.75044158],[27.35198876,-13.75090054],[27.35060773,-13.75188146],[27.34834567,-13.75158148],[27.34757865,-13.75353032],[27.34879168,-13.75519618],[27.34833767,-13.75672905],[27.34727564,-13.75822093],[27.34909369,-13.75899586],[27.35044172,-13.76025576],[27.34866468,-13.76031676],[27.34707963,-13.76093471],[27.34685563,-13.76277755],[27.34451356,-13.76361048],[27.34180349,-13.76522235],[27.34236751,-13.7682051],[27.34403156,-13.77027192],[27.34510658,-13.77284372],[27.34501358,-13.77461457],[27.34533359,-13.77742033],[27.34735565,-13.77913119],[27.34899069,-13.78088405],[27.35099674,-13.78154199],[27.34972471,-13.78289888],[27.35130075,-13.78463974],[27.35455083,-13.78425676],[27.35750291,-13.78588163],[27.35524285,-13.78907336],[27.35508485,-13.79228409],[27.35797093,-13.79427893],[27.35657989,-13.79750466],[27.35752191,-13.79914152],[27.36017899,-13.80082739],[27.35894095,-13.80344117],[27.35551586,-13.80681289],[27.35549686,-13.80954766],[27.36018899,-13.81053758],[27.36309206,-13.81159949],[27.36569013,-13.81329235],[27.36906622,-13.81302838],[27.3719383,-13.81101954],[27.37304633,-13.81136951],[27.37547639,-13.81327436],[27.37793946,-13.81465423],[27.38208957,-13.81451525],[27.3830456,-13.81731502],[27.38194257,-13.82019677],[27.38053852,-13.82284956],[27.37711843,-13.8247464],[27.37879148,-13.82626928],[27.38137855,-13.82672524],[27.38378162,-13.82878106],[27.38616368,-13.83136585],[27.38817573,-13.83350867],[27.38813073,-13.83767333],[27.38548066,-13.84094805],[27.38171156,-13.84204096],[27.38101954,-13.84498572],[27.38110754,-13.84821845],[27.37960451,-13.85235111],[27.38055453,-13.8560558],[27.38177257,-13.86271825],[27.3829306,-13.86484207],[27.38238858,-13.86907771],[27.38440363,-13.87110255],[27.38738871,-13.87369233],[27.38851574,-13.87466825],[27.3868927,-13.87662009],[27.38333461,-13.8729144],[27.38033053,-13.87511422],[27.38138156,-13.87837295],[27.38339461,-13.87997181],[27.38058654,-13.88240461],[27.38046053,-13.88637928],[27.38096755,-13.89045894],[27.38502265,-13.8922018],[27.38785573,-13.8909059],[27.38898876,-13.89300473],[27.39188784,-13.89551252],[27.39326887,-13.89753336],[27.39295586,-13.89973017],[27.39317687,-13.90167101],[27.39532693,-13.90338087],[27.39522993,-13.90594766],[27.39641796,-13.90881442],[27.39700497,-13.91124322],[27.398175,-13.91331405],[27.40028006,-13.91613481],[27.40087408,-13.91583283],[27.40291413,-13.91603882],[27.4054072,-13.91830363],[27.40493818,-13.92235829],[27.4054472,-13.92517906],[27.40581721,-13.92720189],[27.40643922,-13.92722089],[27.40688724,-13.92723689],[27.4093863,-13.92501207],[27.41201837,-13.92200332],[27.41531446,-13.92040345],[27.41858354,-13.92030046],[27.42235064,-13.92046445],[27.42496171,-13.91676076],[27.42523272,-13.91313505],[27.42373368,-13.91109922],[27.42078261,-13.90760152],[27.42101161,-13.90195899],[27.42487471,-13.89850627],[27.43028586,-13.89874825],[27.43407996,-13.89641744],[27.43787505,-13.89459159],[27.44211317,-13.89471558],[27.44503925,-13.89523254],[27.44602027,-13.89787832],[27.45164642,-13.89736736],[27.45468151,-13.89415763],[27.45632955,-13.89110188],[27.45745658,-13.89287374],[27.45856861,-13.89608447],[27.4622667,-13.89789732],[27.46446276,-13.8944456],[27.46233771,-13.89073391],[27.46015365,-13.88711821],[27.46294272,-13.88383549],[27.46715383,-13.88666525],[27.47234197,-13.88390548],[27.47417902,-13.87947285],[27.47821313,-13.87571216],[27.48390828,-13.87756001],[27.48741637,-13.87900789],[27.49088347,-13.87596114],[27.4925165,-13.87000463],[27.49044745,-13.86470107],[27.48708436,-13.8607194],[27.4848053,-13.85645076],[27.48288425,-13.85268107],[27.48172422,-13.84771849],[27.48190722,-13.84261391],[27.48331726,-13.8378793],[27.48339126,-13.83288171],[27.48216723,-13.8282741],[27.47932915,-13.82385646],[27.47687009,-13.8209797],[27.47593206,-13.8162011],[27.47699209,-13.81005461],[27.48044118,-13.80317019],[27.48609233,-13.79950849],[27.49423855,-13.79628476],[27.5001117,-13.79514685],[27.50286077,-13.79445691],[27.50666588,-13.7945289],[27.511198,-13.79499486],[27.51474709,-13.79657773],[27.51841719,-13.79981046],[27.52203928,-13.80094436],[27.52594939,-13.80510002],[27.53246156,-13.80640591],[27.53551864,-13.80982863],[27.5338916,-13.81721201],[27.53721469,-13.8233375],[27.54188181,-13.82488138],[27.5450939,-13.82571431],[27.55002803,-13.82758415],[27.5526071,-13.82664023],[27.55236309,-13.82192662],[27.55311311,-13.8161441],[27.55494616,-13.81194545],[27.55622519,-13.80580196],[27.55619919,-13.80220126],[27.5566452,-13.7981556],[27.55917827,-13.79252706],[27.56279437,-13.78857939],[27.56565044,-13.78437074],[27.56581045,-13.77910818],[27.56609645,-13.7740646],[27.56770849,-13.76951797],[27.5717516,-13.76480536],[27.57788777,-13.75988477],[27.58651899,-13.75138348],[27.586742,-13.75084452],[27.58913206,-13.74847472],[27.5942702,-13.74651788],[27.59706127,-13.74197626],[27.59728627,-13.73709567],[27.59918432,-13.73093418],[27.5983293,-13.72554963],[27.59692227,-13.71960012],[27.59591324,-13.71426156],[27.59506822,-13.71012891],[27.59642625,-13.7042174],[27.60002534,-13.70286951],[27.60536249,-13.70229256],[27.61092064,-13.70892301],[27.62138591,-13.71077186],[27.62634004,-13.70335847],[27.62451,-13.69660703],[27.62190493,-13.68903266],[27.62143791,-13.68405308],[27.61993687,-13.67727864],[27.62289095,-13.67119714],[27.62950413,-13.66496666],[27.63695032,-13.65882617],[27.63956339,-13.65584942],[27.64166945,-13.65188375],[27.64425751,-13.6500309],[27.64808062,-13.64848403],[27.65260874,-13.64841504],[27.65580682,-13.64708015],[27.6588059,-13.64794507],[27.66140297,-13.65064485],[27.66493007,-13.6512188],[27.66777414,-13.65260069],[27.6699122,-13.65568543],[27.67218226,-13.65696333],[27.67563635,-13.6595961],[27.67734139,-13.66178292],[27.67991446,-13.66509265],[27.68273554,-13.6655856],[27.68354656,-13.66762043],[27.68555461,-13.66952228],[27.68941172,-13.67028021],[27.69106876,-13.67124713],[27.69177478,-13.67153311],[27.69363283,-13.67271201],[27.69594589,-13.67641771],[27.69862796,-13.67620072],[27.70350709,-13.67584175],[27.70614116,-13.67750461],[27.70840722,-13.68051136],[27.71269934,-13.68147228],[27.71556741,-13.6836631],[27.71768347,-13.68566193],[27.7190105,-13.68806273],[27.72340762,-13.68792074],[27.72782874,-13.68927763],[27.73344989,-13.68973159],[27.737612,-13.68902765],[27.74065808,-13.68876467],[27.7415061,-13.68689182],[27.74374016,-13.68666784],[27.74609222,-13.68652086],[27.74754926,-13.68873467],[27.74988732,-13.68981658],[27.75067334,-13.68987758],[27.75218039,-13.6896926],[27.75350042,-13.68940161],[27.75494646,-13.68918863],[27.75699251,-13.68921463],[27.75902256,-13.68929962],[27.7602546,-13.6896256],[27.76158963,-13.68991557],[27.76276866,-13.69036354],[27.7643477,-13.69019855],[27.76538673,-13.68972559],[27.76655076,-13.68965559],[27.76844881,-13.69102848],[27.77000286,-13.69169242],[27.77187591,-13.69139445],[27.77323994,-13.69128746],[27.77430397,-13.6907335],[27.77575201,-13.69056652],[27.77708904,-13.69172842],[27.77972711,-13.69122646],[27.78124316,-13.69019655],[27.78249419,-13.68985857],[27.78420023,-13.6895386],[27.78611128,-13.68914664],[27.78769433,-13.6884057],[27.78915337,-13.68740078],[27.79101641,-13.68681483],[27.79361248,-13.68598189],[27.79521352,-13.68572292],[27.79698557,-13.68509897],[27.79910463,-13.68458501],[27.80074267,-13.68428204],[27.80266573,-13.68374108],[27.80373175,-13.68393007],[27.80492178,-13.68370408],[27.80589481,-13.68304214],[27.80657783,-13.68270717],[27.80699884,-13.68211721],[27.80766685,-13.68131328],[27.80785386,-13.68125229],[27.80868088,-13.68105831],[27.8091979,-13.68104631],[27.81001492,-13.68067234],[27.81029293,-13.6799934],[27.81033693,-13.67925445],[27.81124895,-13.67879749],[27.81235898,-13.67746161],[27.81343301,-13.67705664],[27.81434603,-13.67721963],[27.81514205,-13.67649268],[27.81561807,-13.67429387],[27.81568107,-13.67309997],[27.81582607,-13.67186507],[27.81565507,-13.67062917],[27.81554206,-13.66925028],[27.81601907,-13.6678364],[27.81645009,-13.66531762],[27.81779512,-13.66314879],[27.81894315,-13.66245785],[27.8206022,-13.66136694],[27.82281726,-13.66002105],[27.82692136,-13.65695431],[27.83081447,-13.65399755],[27.83339154,-13.65269566],[27.86131828,-13.6894826],[27.86137928,-13.68956259],[27.86245631,-13.69251134],[27.86373034,-13.69477215],[27.86483938,-13.69633502],[27.86641642,-13.69893381],[27.89544119,-13.73174808],[27.91111961,-13.75145844],[27.93504225,-13.78520363],[27.93244818,-13.78849836],[27.9293741,-13.79111114],[27.92821007,-13.7952108],[27.92679103,-13.79856752],[27.92260792,-13.80266018],[27.92014586,-13.80916164],[27.91697377,-13.81301832],[27.90706451,-13.82142662],[27.9065785,-13.82799908],[27.90585948,-13.83303866],[27.90587048,-13.83794225],[27.90238439,-13.84059903],[27.8987753,-13.84057803],[27.89561121,-13.84135797],[27.8914971,-13.84088501],[27.88827301,-13.84167294],[27.88238486,-13.84522765],[27.87927378,-13.84809541],[27.88088982,-13.85113716],[27.88200785,-13.85502683],[27.8836959,-13.85777061],[27.88516394,-13.86253421],[27.88409991,-13.86486201],[27.88410791,-13.86554496],[27.88477493,-13.86758279],[27.88416091,-13.86896568],[27.88481493,-13.87054755],[27.88531494,-13.87248439],[27.88712499,-13.87295034],[27.88915304,-13.87526715],[27.88961606,-13.87794293],[27.88871803,-13.88018375],[27.88991407,-13.88182561],[27.88953006,-13.88413741],[27.89025708,-13.88538831],[27.89226313,-13.8868092],[27.89379517,-13.8902829],[27.89731826,-13.89228974],[27.90130237,-13.89222774],[27.90358243,-13.89351364],[27.90346743,-13.89693435],[27.90264541,-13.90086103],[27.9023214,-13.90392577],[27.90199739,-13.90644057],[27.90085036,-13.90897435],[27.9022664,-13.91181412],[27.90387044,-13.9144329],[27.90382844,-13.91694469],[27.90740854,-13.91940649],[27.91058962,-13.92135232],[27.91125564,-13.92299019],[27.91228767,-13.92447106],[27.91279668,-13.92724283],[27.91109764,-13.92931566],[27.90946059,-13.9312305],[27.90850357,-13.93302036],[27.90651351,-13.93431125],[27.90660352,-13.93596111],[27.90712453,-13.93679705],[27.90741054,-13.93725701],[27.9097196,-13.93511718],[27.91231267,-13.93316334],[27.91460473,-13.93299436],[27.9173918,-13.93266538],[27.91965986,-13.9337403],[27.92161692,-13.93586212],[27.92255294,-13.93772697],[27.924762,-13.93809793],[27.92689406,-13.93640008],[27.92973413,-13.9384899],[27.93256721,-13.93868189],[27.93558429,-13.93563014],[27.93922038,-13.93530616],[27.94227547,-13.93512118],[27.94497454,-13.93262838],[27.94948365,-13.9300606],[27.95259474,-13.92741882],[27.95305975,-13.92460505],[27.95620383,-13.92340915],[27.96061095,-13.92373812],[27.96281101,-13.92339315],[27.96486906,-13.92299618],[27.96687912,-13.92346314],[27.96981419,-13.92017841],[27.97123723,-13.91989244],[27.9738923,-13.92040639],[27.97559235,-13.91785061],[27.97901444,-13.91295502],[27.98311155,-13.91080119],[27.98636663,-13.91101717],[27.98824168,-13.91334398],[27.99062775,-13.91387893],[27.99309481,-13.91412792],[27.99526687,-13.91593876],[27.99705192,-13.9166557],[27.99981999,-13.91515883],[28.00053501,-13.91524982],[28.00133603,-13.91585177],[28.0040141,-13.9153928],[28.00618916,-13.91573178],[28.00826922,-13.91680069],[28.01005526,-13.91609375],[28.01212432,-13.91691968],[28.01367736,-13.91758262],[28.0152054,-13.91714466],[28.01659143,-13.91795359],[28.0190735,-13.91945647],[28.02143656,-13.91916849],[28.02359562,-13.91754663],[28.02742772,-13.91802159],[28.02883376,-13.91630673],[28.03087582,-13.91326398],[28.03502293,-13.91269502],[28.03727698,-13.91222706],[28.03890203,-13.91354795],[28.04124109,-13.91397492],[28.04361415,-13.91371294],[28.0452102,-13.91158712],[28.04731225,-13.91084618],[28.04994232,-13.90967427],[28.05243339,-13.90984226],[28.05497245,-13.90960128],[28.05753552,-13.91134713],[28.0602726,-13.9105782],[28.06176664,-13.91138313],[28.06459171,-13.91402191],[28.06704778,-13.91463386],[28.06949385,-13.91477385],[28.07188691,-13.91325997],[28.07384996,-13.91241604],[28.075526,-13.91064419],[28.07741705,-13.90924631],[28.07983711,-13.90936929],[28.08166816,-13.90663152],[28.08411123,-13.90667352],[28.08478125,-13.9069755],[28.08721331,-13.90536663],[28.09195644,-13.90343579],[28.09651355,-13.90149995],[28.09963764,-13.90024805],[28.10366975,-13.90064201],[28.10638282,-13.89988408],[28.11094294,-13.90009706],[28.11361001,-13.90036604],[28.11882815,-13.90028205],[28.12330827,-13.9019389],[28.12694237,-13.90431871],[28.13087747,-13.90240586],[28.13426056,-13.90195891],[28.13885568,-13.9031328],[28.14249878,-13.9031328],[28.14561186,-13.90169192],[28.14854894,-13.90134195],[28.15015498,-13.89907014],[28.1545371,-13.89795823],[28.15716917,-13.89792523],[28.16044726,-13.89791024],[28.16061026,-13.8959484],[28.16255731,-13.89276266],[28.16622141,-13.89174874],[28.16640241,-13.89163276],[28.17005951,-13.88934294],[28.17251957,-13.88284148],[28.17507364,-13.87822087],[28.17792872,-13.87697697],[28.17864474,-13.87692197],[28.18183882,-13.87591306],[28.1848089,-13.87380523],[28.18977803,-13.87160942],[28.19586419,-13.87154942],[28.20234036,-13.87139243],[28.20807551,-13.87251933],[28.21263264,-13.87105846],[28.21637874,-13.86902362],[28.22418194,-13.86990655],[28.22918108,-13.87149642],[28.23264817,-13.87301729],[28.23534024,-13.8729263],[28.23734029,-13.87456516],[28.24005536,-13.87504612],[28.24266644,-13.87585905],[28.24744956,-13.87757791],[28.25060665,-13.87668098],[28.2525107,-13.87610503],[28.25522277,-13.87750891],[28.2600959,-13.87823885],[28.26309998,-13.8788428],[28.26482402,-13.8800017],[28.26879713,-13.87964673],[28.2713632,-13.87976372],[28.27211222,-13.88140959],[28.2753893,-13.8823735],[28.27856539,-13.88472431],[28.28200848,-13.8860432],[28.28449555,-13.88693413],[28.28699062,-13.8871381],[28.2900807,-13.88689113],[28.29288777,-13.88545025],[28.29583685,-13.8848053],[28.29875693,-13.88533926],[28.301586,-13.88623718],[28.30278504,-13.88417835],[28.30461808,-13.88155957],[28.30846918,-13.88006269],[28.3127403,-13.87789487],[28.31610839,-13.87626601],[28.31996349,-13.87336624],[28.32382059,-13.87293928],[28.3278867,-13.87205436],[28.33142279,-13.8714114],[28.33346985,-13.87349423],[28.33590791,-13.87596003],[28.33876699,-13.87857381],[28.339211,-13.88013968],[28.3430181,-13.87939374],[28.34536417,-13.88030867],[28.34708521,-13.8811386],[28.34922527,-13.88049065],[28.35006829,-13.87978071],[28.35152133,-13.88091661],[28.35162833,-13.8810866],[28.35193534,-13.88157356],[28.35271936,-13.88269246],[28.3541804,-13.88328341],[28.35472242,-13.88333041],[28.35674347,-13.88306243],[28.35897753,-13.88278946],[28.36034356,-13.88305843],[28.3616266,-13.88329542],[28.36342164,-13.88215751],[28.3652087,-13.88193052],[28.36797677,-13.88275746],[28.36968781,-13.8834884],[28.37233288,-13.88319142],[28.37532996,-13.88251048],[28.37802303,-13.88233949],[28.38110711,-13.88287645],[28.38338418,-13.88417133],[28.38650126,-13.88405035],[28.38970335,-13.88440432],[28.39296343,-13.88478528],[28.39663753,-13.88519725],[28.3995576,-13.88588219],[28.40188467,-13.88742306],[28.4031227,-13.88829099],[28.40433773,-13.88917692],[28.40635578,-13.88991386],[28.40857584,-13.88913492],[28.4106849,-13.88991386],[28.41235395,-13.88979287],[28.41497501,-13.88903493],[28.41669906,-13.88821099],[28.4182571,-13.8869111],[28.42068517,-13.88781303],[28.42260222,-13.88766904],[28.42492428,-13.88621216],[28.42793336,-13.8857382],[28.43209947,-13.88601718],[28.43516255,-13.8868861],[28.43888265,-13.88776203],[28.44181973,-13.88672612],[28.44376178,-13.88656013],[28.44620084,-13.88771403],[28.45042195,-13.88699109],[28.45340904,-13.8845453],[28.4559021,-13.8845033],[28.45934319,-13.88559421],[28.46238328,-13.88419832],[28.46523335,-13.88493226],[28.46744141,-13.88428831],[28.46940246,-13.88353138],[28.47109051,-13.88447329],[28.47343857,-13.88359737],[28.47749767,-13.88151854],[28.48036975,-13.88421832],[28.4821378,-13.8868411],[28.48563989,-13.88605816],[28.48875897,-13.88420132],[28.49002701,-13.88591418],[28.49298408,-13.88464928],[28.49693419,-13.88380335],[28.50068429,-13.88347037],[28.50355636,-13.88000766],[28.50517941,-13.87933972],[28.50891651,-13.87637296],[28.51136357,-13.87505507],[28.5122486,-13.87452111],[28.51392164,-13.87394816],[28.51653771,-13.87159436],[28.52029181,-13.8711274],[28.52271987,-13.87006648],[28.52639797,-13.86924155],[28.53012107,-13.86896357],[28.53311515,-13.86947753],[28.53540221,-13.86847461],[28.53836429,-13.86768568],[28.5390623,-13.86799465],[28.54207639,-13.86896557],[28.54606649,-13.8649869],[28.54961859,-13.86439195],[28.55235166,-13.86187416],[28.55818081,-13.86093923],[28.6518323,-13.86135718],[28.65378335,-13.86191113],[28.65398336,-13.86196813],[28.65603541,-13.85949333],[28.65631842,-13.85451175],[28.65652942,-13.8466644],[28.6559024,-13.84131684],[28.65481737,-13.83819211],[28.65493538,-13.83759115],[28.6557574,-13.83246158],[28.65519838,-13.82711302],[28.65439536,-13.82180347],[28.65617541,-13.81425509],[28.65722643,-13.80873155],[28.65694742,-13.80465289],[28.65520838,-13.80036625],[28.65519238,-13.79306885],[28.65450635,-13.78268472],[28.65322632,-13.77635724],[28.65163927,-13.76920884],[28.64950722,-13.76027958],[28.6490892,-13.75623792],[28.64714115,-13.75298919],[28.64643213,-13.75123833],[28.64374406,-13.75146931],[28.64401506,-13.74912051],[28.64509509,-13.74424491],[28.64565011,-13.74135615],[28.64455708,-13.73750947],[28.64297204,-13.73316583],[28.64371205,-13.73076104],[28.64768116,-13.72800026],[28.65216728,-13.72161779],[28.65658339,-13.71704617],[28.65937747,-13.71538031],[28.66379858,-13.71350347],[28.66585864,-13.70969878],[28.66842271,-13.70638706],[28.67242081,-13.70385327],[28.6758979,-13.6998776],[28.67719994,-13.69563995],[28.67628091,-13.69168728],[28.67686992,-13.69006341],[28.67855098,-13.68839355],[28.68081903,-13.68493484],[28.68270508,-13.68122615],[28.68493714,-13.67770444],[28.69144131,-13.67254787],[28.69618243,-13.6685552],[28.70150858,-13.6625307],[28.70880177,-13.65938996],[28.71252687,-13.65370643],[28.71113683,-13.64412123],[28.70466665,-13.63692683],[28.70203458,-13.63240021],[28.70428765,-13.63134829],[28.71122683,-13.62920547],[28.71928304,-13.62619372],[28.72943631,-13.62291599],[28.73797753,-13.61832937],[28.74472771,-13.61441469],[28.75065787,-13.61369075],[28.81595059,-13.59967391],[28.83264004,-13.59651817],[28.83293205,-13.59646317],[28.83394307,-13.59310745],[28.83616113,-13.59024269],[28.83636714,-13.58637701],[28.83845919,-13.58379723],[28.84214229,-13.58353824],[28.84471936,-13.58107945],[28.84817544,-13.57577589],[28.8502965,-13.57627185],[28.85319258,-13.57534193],[28.85603566,-13.57270815],[28.85810971,-13.56892546],[28.86055277,-13.56760457],[28.86316984,-13.56544775],[28.8653859,-13.56312194],[28.86825497,-13.56060515],[28.87121705,-13.55730842],[28.87513315,-13.55497062],[28.87843624,-13.55241183],[28.88408639,-13.55049999],[28.88526742,-13.54802719],[28.88912552,-13.54507944],[28.89270962,-13.54384854],[28.89516468,-13.54112977],[28.89789575,-13.53808102],[28.90147185,-13.53505927],[28.90439092,-13.53188453],[28.907114,-13.53051065],[28.90939406,-13.53005769],[28.91062209,-13.52824884],[28.91227913,-13.52702694],[28.91680425,-13.52418718],[28.91715827,-13.52396419],[28.91957932,-13.52332624],[28.92275541,-13.52305827],[28.9261155,-13.52115642],[28.92868657,-13.52111743],[28.93293068,-13.52147339],[28.93653577,-13.52015351],[28.93779081,-13.51797769],[28.94237993,-13.51581187],[28.945079,-13.51372704],[28.94557701,-13.51249914],[28.94607302,-13.51134424],[28.94742506,-13.51142023],[28.9488441,-13.51068929],[28.95064915,-13.50980236],[28.95328122,-13.50850347],[28.95505726,-13.50733557],[28.9565633,-13.50545373],[28.95808534,-13.50383286],[28.9602584,-13.50241098],[28.96103642,-13.50174703],[28.96203645,-13.5010361],[28.96205345,-13.50078012],[28.96250946,-13.50018917],[28.96261546,-13.49955122],[28.96274346,-13.49906925],[28.96327548,-13.49881128],[28.96425651,-13.49841731],[28.96445451,-13.49789735],[28.96487252,-13.49753639],[28.96544454,-13.49696143],[28.96585455,-13.49641348],[28.96651256,-13.49573954],[28.96718558,-13.49542456],[28.96762059,-13.49477762],[28.96865662,-13.49396968],[28.96877663,-13.49326874],[28.96892963,-13.49273779],[28.96952264,-13.49234282],[28.96965964,-13.49191485],[28.97069367,-13.49179087],[28.9714607,-13.49146089],[28.97131569,-13.49115592],[28.9717767,-13.49091794],[28.97250772,-13.49010001],[28.97380275,-13.48923708],[28.97464178,-13.48884411],[28.97502579,-13.48835615],[28.9753768,-13.48727824],[28.97582881,-13.48693227],[28.97652083,-13.48631332],[28.97734685,-13.48602734],[28.97736385,-13.48513642],[28.97786186,-13.48483344],[28.97830587,-13.48487544],[28.97900189,-13.48460346],[28.9791839,-13.48375853],[28.97961691,-13.48324757],[28.9793759,-13.48299559],[28.97977891,-13.48223466],[28.98103794,-13.48195168],[28.98130795,-13.48131274],[28.98173596,-13.4804808],[28.98212898,-13.47958688],[28.98273299,-13.47859696],[28.98322,-13.47721307],[28.98390402,-13.47578919],[28.98495305,-13.47487227],[28.98582507,-13.47406734],[28.98640508,-13.47322741],[28.98751312,-13.47231248],[28.98748612,-13.47184252],[28.98778412,-13.47104159],[28.98875115,-13.47071262],[28.98995618,-13.47017666],[28.98994718,-13.46950972],[28.99047519,-13.46894476],[28.9908302,-13.46874878],[28.9909002,-13.46815483],[28.99158522,-13.46790385],[28.99208923,-13.46677594],[28.99272825,-13.46646997],[28.99359027,-13.466064],[28.99433629,-13.46564804],[28.99540633,-13.46539506],[28.99575733,-13.46437414],[28.99656335,-13.46383519],[28.99742538,-13.46346122],[28.9982884,-13.46260129],[28.9984594,-13.46159638],[28.99900941,-13.46097543],[28.99948943,-13.45992251],[29.00029445,-13.45899759],[29.00009044,-13.45821966],[29.00054845,-13.45759971],[29.00084247,-13.45729373],[29.00129748,-13.45702275],[29.00173649,-13.45655279],[29.0021465,-13.45623982],[29.00238151,-13.45593184],[29.00276651,-13.45568487],[29.00326853,-13.45540989],[29.00396855,-13.45457696],[29.00422955,-13.45416199],[29.00423555,-13.45342105],[29.00429656,-13.45274211],[29.00456756,-13.45238214],[29.00538959,-13.45177319],[29.0060496,-13.45133223],[29.00668062,-13.45109525],[29.00727763,-13.45078427],[29.00794365,-13.4504773],[29.00851567,-13.45056129],[29.00928969,-13.45023132],[29.0098947,-13.45004534],[29.01060772,-13.44919541],[29.01087673,-13.44886543],[29.01164975,-13.44856245],[29.01217577,-13.44771353],[29.01261977,-13.44709858],[29.01278578,-13.44642164],[29.01295978,-13.44617466],[29.0137708,-13.44613566],[29.01472183,-13.44573369],[29.01500484,-13.4456577],[29.01562785,-13.44594667],[29.01661088,-13.4456867],[29.01764191,-13.44505875],[29.01767891,-13.44471378],[29.0175009,-13.44413883],[29.01786791,-13.44347488],[29.01908394,-13.44259595],[29.01994797,-13.44236298],[29.02078199,-13.442019],[29.021245,-13.44183202],[29.02172001,-13.44135806],[29.02182002,-13.44121407],[29.02241703,-13.44032714],[29.02267804,-13.43993818],[29.02290705,-13.43942622],[29.02330505,-13.43884827],[29.02398107,-13.43798034],[29.02442908,-13.43733739],[29.02467509,-13.43645846],[29.02461209,-13.43594451],[29.02575412,-13.43549554],[29.02649614,-13.4347916],[29.02698115,-13.43372169],[29.02727116,-13.43318674],[29.02805718,-13.43223982],[29.02826319,-13.43209483],[29.02904821,-13.43115991],[29.02949121,-13.43063395],[29.03050224,-13.42994801],[29.03084125,-13.42962503],[29.03110826,-13.42937806],[29.03221529,-13.42952204],[29.03324832,-13.42946305],[29.03362432,-13.42925506],[29.03409934,-13.42898908],[29.03596639,-13.42793217],[29.03685341,-13.42711424],[29.03778644,-13.42659929],[29.03881446,-13.42635231],[29.03986549,-13.42582935],[29.04087452,-13.4251994],[29.04187554,-13.42443747],[29.04261256,-13.42386251],[29.04436161,-13.4228376],[29.04516463,-13.42241263],[29.04604365,-13.42205166],[29.04638866,-13.42194567],[29.04707768,-13.42169469],[29.0476557,-13.42188567],[29.04808071,-13.42178268],[29.04856172,-13.42142971],[29.04909873,-13.42122173],[29.05015576,-13.42054778],[29.05081778,-13.41978585],[29.05120279,-13.41951787],[29.05251182,-13.41929189],[29.05303184,-13.41885893],[29.05396086,-13.41816198],[29.0553399,-13.41700708],[29.05592991,-13.41632714],[29.05677694,-13.41529823],[29.05789196,-13.4143103],[29.05852198,-13.41347138],[29.059382,-13.41214649],[29.05998702,-13.41160553],[29.06044803,-13.41094558],[29.06121506,-13.41045263],[29.06168807,-13.41004466],[29.06233808,-13.40991967],[29.06338211,-13.40924173],[29.06442714,-13.40888775],[29.06484515,-13.40870577],[29.06585017,-13.40813681],[29.0667212,-13.40829281],[29.06769422,-13.40768185],[29.06829524,-13.40730689],[29.06910426,-13.40696291],[29.06964027,-13.40675093],[29.0706813,-13.40613898],[29.07168233,-13.40508707],[29.03511636,-13.40853979],[29.03945148,-13.4047521],[29.05389085,-13.39738971],[29.07208133,-13.38973235],[29.08254161,-13.38335088],[29.08740174,-13.37890425],[29.10163311,-13.37314073],[29.11005234,-13.37070493],[29.12157264,-13.37120489],[29.13315295,-13.37560451],[29.14291421,-13.38256894],[29.16041468,-13.40274125],[29.17006494,-13.41706805],[29.17643511,-13.43144984],[29.1796852,-13.44288389],[29.18276428,-13.44444576],[29.19070449,-13.44132901],[29.21144603,-13.41820594],[29.2214553,-13.41321135],[29.23358662,-13.40817177],[29.248136,-13.39436292],[29.26096734,-13.38884838],[29.28127688,-13.38205894],[29.29112714,-13.38073905],[29.29926835,-13.37669439],[29.30665754,-13.36966197],[29.30958862,-13.36271555],[29.31155767,-13.34175229],[29.31610878,-13.33339299],[29.32297897,-13.33672671],[29.32914913,-13.34006243],[29.3355983,-13.34616692],[29.3429495,-13.34971563],[29.34881866,-13.34961263],[29.35484981,-13.34536698],[29.35840891,-13.33472787],[29.36532909,-13.32793744],[29.3735403,-13.32687852],[29.38532062,-13.32919332],[29.39046975,-13.32818441],[29.40003001,-13.32410875],[29.40588016,-13.32308383],[29.40936125,-13.32095901],[29.42577068,-13.31881818],[29.44191111,-13.31531847],[29.44701125,-13.31200474],[29.45159236,-13.30549029],[29.46563273,-13.29006157],[29.47164188,-13.284892],[29.475933,-13.27583775],[29.48295218,-13.27433788],[29.49090239,-13.27258303],[29.49526251,-13.26721247],[29.49790257,-13.25774326],[29.50334272,-13.2477551],[29.51612405,-13.24039071],[29.52812336,-13.22913165],[29.53746361,-13.22666185],[29.56052422,-13.22900665],[29.5672654,-13.22566692],[29.57648564,-13.21652769],[29.58067576,-13.21483783],[29.58913498,-13.21514779],[29.60339536,-13.22385707],[29.60841549,-13.22835169],[29.6200368,-13.23435618],[29.6351662,-13.23982572],[29.64317742,-13.24105062],[29.65527673,-13.23577605],[29.665248,-13.22891663],[29.67038713,-13.22790171],[29.67515726,-13.23149641],[29.67786733,-13.23788087],[29.67386623,-13.24944991],[29.6763183,-13.25516443],[29.68135843,-13.26035399],[29.68240746,-13.26608051],[29.68083742,-13.2697882],[29.67551728,-13.27425783],[29.66041689,-13.28258914],[29.65375771,-13.29006652],[29.65416772,-13.29903677],[29.66333697,-13.3117497],[29.66281796,-13.32163787],[29.65825784,-13.34081728],[29.6523677,-13.35173336],[29.64611553,-13.35667295],[29.62713603,-13.35886078],[29.60909655,-13.36173555],[29.60469444,-13.36480429],[29.60505645,-13.37122975],[29.61223564,-13.37822917],[29.6142257,-13.3837137],[29.60810654,-13.39532274],[29.60825554,-13.40313708],[29.61073661,-13.41021649],[29.62382696,-13.41871578],[29.64653657,-13.4387641],[29.65454778,-13.43976902],[29.66777713,-13.43123472],[29.67387729,-13.43066977],[29.67977844,-13.43216964],[29.6931768,-13.44433862],[29.70156903,-13.45268292],[29.71245832,-13.45708455],[29.72230958,-13.45597364],[29.73913902,-13.45151801],[29.7647397,-13.43861907],[29.77695102,-13.43838909],[29.78499124,-13.44076389],[29.80430175,-13.45442774],[29.80903988,-13.45654757],[29.80991089,-13.4177478],[29.80996085,-13.31472441],[29.80987084,-13.26321371],[29.81141187,-13.24639512],[29.81020084,-13.24435529],[29.80930079,-13.176061],[29.8099318,-13.14868329],[29.80875176,-13.12478529],[29.80962677,-13.09699062],[29.81004078,-13.08381872],[29.80963074,-13.00447137],[29.80969174,-12.9957361],[29.80942073,-12.98217724],[29.80989174,-12.95893819],[29.80944171,-12.93639807],[29.80902168,-12.86855177],[29.8100117,-12.83564953],[29.80872066,-12.81795602],[29.80952168,-12.81126657],[29.80978168,-12.78917843],[29.80917063,-12.69971695],[29.80956164,-12.67211227],[29.81015164,-12.6550697],[29.80924161,-12.62104256],[29.81013061,-12.5481107],[29.80965159,-12.5124617],[29.80993958,-12.47153614],[29.81014158,-12.44275257],[29.81006157,-12.41560486],[29.80986153,-12.32336263],[29.81000052,-12.271597],[29.81010152,-12.24122957],[29.8097005,-12.22122825],[29.8102505,-12.19016388],[29.80914046,-12.16119632],[29.80824544,-12.15984044],[29.81343957,-12.14741448],[29.81511962,-12.14975828],[29.81725767,-12.14941131],[29.81847671,-12.14889435],[29.81926073,-12.14782745],[29.82089377,-12.14702552],[29.82323183,-12.14566263],[29.82439586,-12.14500068],[29.8258639,-12.14405176],[29.82714593,-12.14327583],[29.82823096,-12.14232791],[29.82909298,-12.14154297],[29.83042302,-12.14063805],[29.83198706,-12.13972613],[29.83429512,-12.13790828],[29.83557815,-12.13701436],[29.83694419,-12.13598244],[29.83841823,-12.13474454],[29.83946626,-12.13392561],[29.84059528,-12.13329567],[29.8411963,-12.13321967],[29.84193932,-12.13312368],[29.84229233,-12.1328457],[29.84252133,-12.13228176],[29.84283835,-12.13127384],[29.84358536,-12.13024893],[29.84356336,-12.129288],[29.84247733,-12.12951898],[29.84245833,-12.12913102],[29.84271434,-12.12833409],[29.84304234,-12.12742916],[29.84341636,-12.12640625],[29.84387237,-12.12536434],[29.84438838,-12.12432143],[29.8449154,-12.12328251],[29.8451884,-12.12218161],[29.84552741,-12.12031976],[29.84598342,-12.11849592],[29.84658844,-12.11682606],[29.84722545,-12.11546417],[29.84768247,-12.11346534],[29.84760446,-12.11143052],[29.84700344,-12.11017162],[29.84630543,-12.10840377],[29.84594142,-12.10601697],[29.84578341,-12.10383015],[29.8455884,-12.10185832],[29.8454364,-12.09930354],[29.84530439,-12.09788566],[29.84661443,-12.09580883],[29.84760646,-12.09401599],[29.84757646,-12.09275609],[29.84710844,-12.09197816],[29.84617442,-12.09128222],[29.84444837,-12.09024731],[29.84414636,-12.08937738],[29.84424537,-12.08810649],[29.84451437,-12.08716756],[29.84512739,-12.08567869],[29.84605441,-12.08354987],[29.84700344,-12.08152104],[29.84800947,-12.07944221],[29.84877948,-12.07779435],[29.8491915,-12.07662145],[29.8496765,-12.07524457],[29.85046752,-12.07286677],[29.85111654,-12.07046797],[29.85170356,-12.06840814],[29.85234457,-12.06591736],[29.85313059,-12.06377654],[29.85382261,-12.0618007],[29.85447562,-12.06005185],[29.85517665,-12.05807702],[29.85601866,-12.05694311],[29.85701169,-12.05613219],[29.85842573,-12.05502028],[29.85941576,-12.05418335],[29.85975676,-12.05314843],[29.85960976,-12.05272247],[29.86019178,-12.05196154],[29.8613078,-12.05132359],[29.86205883,-12.05097562],[29.86241783,-12.05028967],[29.86289284,-12.04889479],[29.86397787,-12.04787888],[29.86516791,-12.04701695],[29.86625293,-12.04692996],[29.86755597,-12.04718594],[29.86841299,-12.04668298],[29.87055805,-12.04490113],[29.87241809,-12.04368623],[29.87457915,-12.04250933],[29.87805624,-12.0404905],[29.8803683,-12.03938459],[29.88344138,-12.0380667],[29.88641046,-12.03662582],[29.88859652,-12.03542692],[29.8916026,-12.03378106],[29.89386866,-12.03266916],[29.89715874,-12.03152625],[29.89977381,-12.03043034],[29.90334091,-12.02880248],[29.90634498,-12.0274036],[29.90879205,-12.02571174],[29.91120311,-12.02417187],[29.91402419,-12.02244301],[29.91586623,-12.02153709],[29.91803929,-12.02050617],[29.92004434,-12.01961625],[29.9220964,-12.01871733],[29.9262545,-12.01737944],[29.93162965,-12.01649751],[29.93383671,-12.01625153],[29.93659078,-12.01601555],[29.93909884,-12.01587656],[29.9413949,-12.01596355],[29.94442998,-12.01571757],[29.94799508,-12.01504863],[29.95005113,-12.01476765],[29.9527142,-12.01439468],[29.95543027,-12.01363475],[29.95689331,-12.01315979],[29.9602424,-12.01214887],[29.9641445,-12.010607],[29.96653456,-12.00974207],[29.96852962,-12.00889814],[29.97128269,-12.00795122],[29.97311574,-12.00757525],[29.97469078,-12.00755625],[29.97660783,-12.00729328],[29.97803986,-12.00738027],[29.98027792,-12.00756025],[29.98190297,-12.00720128],[29.982969,-12.00684032],[29.98459404,-12.00642735],[29.98639508,-12.00598038],[29.98823113,-12.00561741],[29.9905132,-12.00510946],[29.99233824,-12.0046145],[29.99382628,-12.00409754]],[[27.804911,-15.39234032],[27.80599303,-15.39256531],[27.80607603,-15.3926343],[27.80634905,-15.3926393],[27.80599303,-15.39256531],[27.80559902,-15.39223933],[27.80522902,-15.39230633],[27.804911,-15.39234032]]]]},"geometry_name":"the_geom","properties":{"OBJECTID":1,"NAME":"Central","SHAPE.area":7.928518708213519,"SHAPE.len":23.55181547414059}},{"type":"Feature","id":"zambia-provinces.2","geometry":{"type":"MultiPolygon","coordinates":[[[[27.85178986,-12.24301981],[27.86561922,-12.24560259],[27.8798706,-12.24358376],[27.88992086,-12.24323379],[27.90934038,-12.24345977],[27.9177516,-12.24196989],[27.92151169,-12.24353976],[27.92509179,-12.2490093],[27.93319201,-12.27836682],[27.94497432,-12.299902],[27.94733039,-12.30432563],[27.95333254,-12.31558868],[27.95254253,-12.32733269],[27.94852242,-12.34164848],[27.95006146,-12.35175063],[27.9552516,-12.35535733],[27.96202278,-12.35436041],[27.97619315,-12.3461311],[27.98525139,-12.34208444],[27.9894525,-12.3402076],[27.99205257,-12.34082454],[27.99767372,-12.34218143],[28.01253411,-12.35119067],[28.0308036,-12.35233057],[28.03759377,-12.35235057],[28.04648401,-12.35235357],[28.06074538,-12.35126066],[28.06341445,-12.35179661],[28.06748856,-12.35261654],[28.07576478,-12.3542804],[28.08661607,-12.36034289],[28.09452628,-12.37427471],[28.11190575,-12.41338541],[28.11753689,-12.43147989],[28.12440708,-12.43691343],[28.12932621,-12.43707842],[28.13906747,-12.43096393],[28.14583664,-12.42950305],[28.14663766,-12.41912893],[28.14447661,-12.41548523],[28.14718768,-12.40808586],[28.15315783,-12.39995654],[28.16540815,-12.3885205],[28.17423839,-12.38426086],[28.18125757,-12.38440285],[28.18900878,-12.40270231],[28.20449919,-12.40599602],[28.21342942,-12.40788986],[28.22049961,-12.41124458],[28.22859883,-12.4217227],[28.235189,-12.42416449],[28.24243919,-12.42359754],[28.25916063,-12.41440531],[28.26524979,-12.41431231],[28.2805712,-12.42215765],[28.30582186,-12.41951487],[28.3149621,-12.42052878],[28.32675142,-12.42635429],[28.33071152,-12.43005398],[28.33790272,-12.43678341],[28.34600293,-12.44654759],[28.38684401,-12.48508234],[28.38885807,-12.48714216],[28.40371346,-12.50232788],[28.41740483,-12.50972126],[28.44164547,-12.51764959],[28.44902567,-12.52560592],[28.44958468,-12.53157541],[28.44295451,-12.55835316],[28.44539558,-12.56476262],[28.45109473,-12.57019916],[28.47328532,-12.58207116],[28.48987676,-12.59471009],[28.51625746,-12.619622],[28.52248563,-12.62919419],[28.52300764,-12.63333184],[28.52328665,-12.63561965],[28.51870453,-12.65576895],[28.5173565,-12.66169746],[28.51532644,-12.66890185],[28.5135774,-12.67509733],[28.50897728,-12.68069286],[28.50012705,-12.68403158],[28.47742645,-12.68551246],[28.46392609,-12.69214491],[28.45608488,-12.70008124],[28.45409583,-12.70838355],[28.45681491,-12.71800974],[28.45763892,-12.7196756],[28.46551514,-12.73559526],[28.47986652,-12.75471665],[28.50318614,-12.77760472],[28.50692624,-12.78082045],[28.5129174,-12.78596702],[28.52863682,-12.80230264],[28.53856808,-12.82285392],[28.54299721,-12.85246843],[28.54407724,-12.85774499],[28.55472752,-12.86879706],[28.56441778,-12.8767034],[28.56743886,-12.8789662],[28.56944892,-12.88822543],[28.572579,-12.8945499],[28.5799892,-12.89436791],[28.58207825,-12.89259406],[28.58853842,-12.8860656],[28.59217951,-12.8788762],[28.59519559,-12.86878005],[28.59569861,-12.8670912],[28.59997872,-12.8527634],[28.60476884,-12.84396913],[28.61590013,-12.83257309],[28.62645941,-12.82178399],[28.62939449,-12.82071808],[28.63439062,-12.81890423],[28.6527011,-12.82025111],[28.65882027,-12.82221595],[28.66712149,-12.82830843],[28.67791177,-12.84309919],[28.68501997,-12.84753882],[28.68832205,-12.84960864],[28.69798131,-12.8524484],[28.70914161,-12.86101768],[28.72629306,-12.87799925],[28.73324325,-12.88756545],[28.7351433,-12.9036271],[28.74024344,-12.91459318],[28.75169375,-12.92661217],[28.75589386,-12.93987706],[28.76465409,-12.94504062],[28.77026424,-12.94333476],[28.77420435,-12.94098096],[28.78173354,-12.94247083],[28.79026477,-12.94739342],[28.79320385,-12.95540975],[28.79103379,-12.96578888],[28.79586492,-12.97491211],[28.81875553,-12.99709625],[28.82720576,-13.01237497],[28.83380494,-13.02814364],[28.83538498,-13.03868576],[28.83369494,-13.05022179],[28.83476497,-13.05801414],[28.84048512,-13.06391065],[28.84642628,-13.06795431],[28.84838534,-13.07344985],[28.84595527,-13.08245909],[28.83400595,-13.08332902],[28.83074587,-13.08522487],[28.83415596,-13.09252825],[28.84247618,-13.09929769],[28.8465963,-13.10705703],[28.84971638,-13.12563248],[28.84700631,-13.14660372],[28.85325648,-13.155236],[28.85705658,-13.15794277],[28.86353576,-13.15232324],[28.86963592,-13.15199327],[28.87368702,-13.15607293],[28.87546707,-13.16408526],[28.88557734,-13.16484619],[28.89698764,-13.15938265],[28.90362782,-13.1634053],[28.91071701,-13.18055087],[28.91443711,-13.19244987],[28.92231832,-13.21462102],[28.92958752,-13.24188574],[28.94161885,-13.2734231],[28.94519895,-13.29061166],[28.94568797,-13.30578039],[28.95010908,-13.31720944],[28.95628525,-13.32509678],[28.96450947,-13.3356079],[28.96840858,-13.34427717],[28.96788957,-13.35486229],[28.9692896,-13.36818018],[28.97387873,-13.37569355],[28.97601878,-13.3775044],[28.98212995,-13.37740241],[28.99280023,-13.36964205],[28.9991994,-13.37297777],[29.00096045,-13.3798512],[28.9991904,-13.38631666],[28.99108919,-13.39335307],[28.9989304,-13.41208151],[29.00372053,-13.41729107],[29.01221976,-13.41968087],[29.02019097,-13.41908591],[29.0292602,-13.41365437],[29.03378233,-13.4097017],[29.03511636,-13.40853979],[29.07168233,-13.40508707],[29.0706813,-13.40613898],[29.06964027,-13.40675093],[29.06910426,-13.40696291],[29.06829524,-13.40730689],[29.06769422,-13.40768185],[29.0667212,-13.4082928],[29.06585017,-13.40813682],[29.06484515,-13.40870577],[29.06442714,-13.40888775],[29.06338211,-13.40924173],[29.06233808,-13.40991967],[29.06168807,-13.41004466],[29.06121505,-13.41045263],[29.06044803,-13.41094558],[29.05998702,-13.41160553],[29.059382,-13.41214649],[29.05852198,-13.41347138],[29.05789196,-13.4143103],[29.05677694,-13.41529823],[29.05592992,-13.41632714],[29.0553399,-13.41700708],[29.05396086,-13.41816198],[29.05303184,-13.41885893],[29.05251182,-13.41929189],[29.05120279,-13.41951787],[29.05081778,-13.41978585],[29.05015576,-13.42054778],[29.04909873,-13.42122173],[29.04856172,-13.42142971],[29.04808071,-13.42178268],[29.0476557,-13.42188567],[29.04707768,-13.42169469],[29.04638867,-13.42194567],[29.04604365,-13.42205166],[29.04516463,-13.42241263],[29.04436161,-13.4228376],[29.04261256,-13.42386251],[29.04187554,-13.42443747],[29.04087452,-13.4251994],[29.03986549,-13.42582935],[29.03881446,-13.42635231],[29.03778644,-13.42659928],[29.03685341,-13.42711424],[29.03596639,-13.42793217],[29.03409934,-13.42898908],[29.03362432,-13.42925506],[29.03324832,-13.42946305],[29.03221529,-13.42952204],[29.03110826,-13.42937806],[29.03084125,-13.42962503],[29.03050224,-13.42994801],[29.02949122,-13.43063395],[29.02904821,-13.4311599],[29.02826319,-13.43209483],[29.02805718,-13.43223982],[29.02727116,-13.43318674],[29.02698115,-13.43372169],[29.02649614,-13.4347916],[29.02575412,-13.43549555],[29.02461209,-13.43594451],[29.02467509,-13.43645846],[29.02442908,-13.43733739],[29.02398107,-13.43798034],[29.02330505,-13.43884827],[29.02290704,-13.43942622],[29.02267804,-13.43993818],[29.02241703,-13.44032714],[29.02182002,-13.44121407],[29.02172002,-13.44135806],[29.021245,-13.44183202],[29.02078199,-13.442019],[29.01994797,-13.44236298],[29.01908394,-13.44259595],[29.01786791,-13.44347488],[29.0175009,-13.44413883],[29.01767891,-13.44471378],[29.01764191,-13.44505875],[29.01661088,-13.44568669],[29.01562785,-13.44594667],[29.01500483,-13.4456577],[29.01472183,-13.44573369],[29.0137708,-13.44613566],[29.01295978,-13.44617466],[29.01278578,-13.44642164],[29.01261977,-13.44709858],[29.01217576,-13.44771353],[29.01164975,-13.44856246],[29.01087673,-13.44886543],[29.01060772,-13.44919541],[29.0098947,-13.45004534],[29.00928969,-13.45023132],[29.00851567,-13.45056129],[29.00794365,-13.4504773],[29.00727763,-13.45078427],[29.00668062,-13.45109525],[29.0060496,-13.45133223],[29.00538959,-13.45177319],[29.00456756,-13.45238214],[29.00429656,-13.45274211],[29.00423555,-13.45342106],[29.00422955,-13.45416199],[29.00396855,-13.45457696],[29.00326853,-13.45540989],[29.00276651,-13.45568487],[29.00238151,-13.45593185],[29.0021465,-13.45623982],[29.00173649,-13.45655279],[29.00129748,-13.45702275],[29.00084247,-13.45729373],[29.00054845,-13.45759971],[29.00009044,-13.45821966],[29.00029445,-13.45899759],[28.99948943,-13.45992251],[28.99900942,-13.46097543],[28.9984594,-13.46159637],[28.9982884,-13.46260129],[28.99742538,-13.46346122],[28.99656335,-13.46383519],[28.99575733,-13.46437414],[28.99540632,-13.46539506],[28.99433629,-13.46564804],[28.99359028,-13.466064],[28.99272825,-13.46646997],[28.99208924,-13.46677595],[28.99158522,-13.46790385],[28.9909002,-13.46815483],[28.9908302,-13.46874878],[28.99047519,-13.46894476],[28.98994718,-13.46950972],[28.98995618,-13.47017666],[28.98875115,-13.47071262],[28.98778412,-13.47104159],[28.98748612,-13.47184252],[28.98751312,-13.47231248],[28.98640508,-13.47322741],[28.98582507,-13.47406734],[28.98495305,-13.47487227],[28.98390402,-13.47578919],[28.98322,-13.47721307],[28.98273299,-13.47859696],[28.98212898,-13.47958688],[28.98173596,-13.4804808],[28.98130795,-13.48131273],[28.98103794,-13.48195168],[28.97977891,-13.48223466],[28.9793759,-13.48299559],[28.97961691,-13.48324757],[28.9791839,-13.48375853],[28.97900189,-13.48460346],[28.97830587,-13.48487544],[28.97786186,-13.48483344],[28.97736385,-13.48513642],[28.97734685,-13.48602734],[28.97652083,-13.48631332],[28.97582881,-13.48693226],[28.9753768,-13.48727824],[28.97502579,-13.48835615],[28.97464178,-13.48884411],[28.97380275,-13.48923708],[28.97250772,-13.4901],[28.9717767,-13.49091794],[28.97131569,-13.49115592],[28.97146069,-13.49146089],[28.97069367,-13.49179086],[28.96965964,-13.49191485],[28.96952264,-13.49234282],[28.96892963,-13.49273779],[28.96877663,-13.49326874],[28.96865662,-13.49396968],[28.96762059,-13.49477762],[28.96718558,-13.49542456],[28.96651256,-13.49573953],[28.96585455,-13.49641348],[28.96544454,-13.49696143],[28.96487252,-13.49753639],[28.96445451,-13.49789735],[28.96425651,-13.49841731],[28.96327548,-13.49881128],[28.96274346,-13.49906926],[28.96261546,-13.49955122],[28.96250946,-13.50018917],[28.96205345,-13.50078012],[28.96203645,-13.5010361],[28.96103642,-13.50174703],[28.9602584,-13.50241098],[28.95808534,-13.50383286],[28.9565633,-13.50545373],[28.95505727,-13.50733557],[28.95328122,-13.50850347],[28.95064915,-13.50980236],[28.9488441,-13.51068929],[28.94742506,-13.51142023],[28.94607302,-13.51134424],[28.94557701,-13.51249914],[28.945079,-13.51372704],[28.94237993,-13.51581187],[28.93779081,-13.51797769],[28.93653577,-13.52015351],[28.93293068,-13.52147339],[28.92868657,-13.52111743],[28.9261155,-13.52115642],[28.92275541,-13.52305827],[28.91957932,-13.52332625],[28.91715826,-13.52396419],[28.91680425,-13.52418718],[28.91227913,-13.52702694],[28.91062209,-13.52824884],[28.90939406,-13.53005769],[28.907114,-13.53051065],[28.90439092,-13.53188453],[28.90147185,-13.53505927],[28.89789575,-13.53808102],[28.89516468,-13.54112977],[28.89270962,-13.54384854],[28.88912552,-13.54507944],[28.88526742,-13.54802719],[28.88408639,-13.55049999],[28.87843624,-13.55241183],[28.87513315,-13.55497062],[28.87121705,-13.55730842],[28.86825497,-13.56060515],[28.8653859,-13.56312194],[28.86316984,-13.56544775],[28.86055277,-13.56760457],[28.85810971,-13.56892546],[28.85603565,-13.57270815],[28.85319258,-13.57534193],[28.8502965,-13.57627185],[28.84817544,-13.57577589],[28.84471936,-13.58107945],[28.84214229,-13.58353825],[28.83845919,-13.58379723],[28.83636714,-13.58637701],[28.83616113,-13.59024269],[28.83394307,-13.59310745],[28.83293205,-13.59646317],[28.83264004,-13.59651817],[28.81595059,-13.59967391],[28.75065787,-13.61369076],[28.74472771,-13.61441469],[28.73797753,-13.61832937],[28.7294363,-13.62291599],[28.71928304,-13.62619372],[28.71122683,-13.62920547],[28.70428764,-13.63134829],[28.70203458,-13.63240021],[28.70466665,-13.63692683],[28.71113683,-13.64412123],[28.71252687,-13.65370643],[28.70880177,-13.65938996],[28.70150858,-13.6625307],[28.69618243,-13.6685552],[28.69144131,-13.67254787],[28.68493714,-13.67770444],[28.68270508,-13.68122615],[28.68081903,-13.68493484],[28.67855097,-13.68839355],[28.67686993,-13.69006341],[28.67628091,-13.69168728],[28.67719994,-13.69563995],[28.6758979,-13.6998776],[28.67242081,-13.70385327],[28.66842271,-13.70638706],[28.66585864,-13.70969878],[28.66379858,-13.71350347],[28.65937747,-13.71538031],[28.65658339,-13.71704617],[28.65216728,-13.72161779],[28.64768116,-13.72800026],[28.64371205,-13.73076104],[28.64297204,-13.73316583],[28.64455708,-13.73750947],[28.64565011,-13.74135615],[28.64509509,-13.74424491],[28.64401507,-13.74912051],[28.64374406,-13.75146931],[28.64643213,-13.75123833],[28.64714115,-13.75298919],[28.6490892,-13.75623792],[28.64950721,-13.76027958],[28.65163927,-13.76920884],[28.65322632,-13.77635724],[28.65450635,-13.78268472],[28.65519238,-13.79306885],[28.65520838,-13.80036624],[28.65694742,-13.80465289],[28.65722643,-13.80873155],[28.6561754,-13.81425509],[28.65439536,-13.82180347],[28.65519838,-13.82711302],[28.6557574,-13.83246158],[28.65493538,-13.83759115],[28.65481737,-13.8381921],[28.6559024,-13.84131684],[28.65652942,-13.8466644],[28.65631842,-13.85451175],[28.65603541,-13.85949333],[28.65398336,-13.86196813],[28.65378335,-13.86191113],[28.6518323,-13.86135718],[28.55818081,-13.86093923],[28.55235166,-13.86187416],[28.54961859,-13.86439195],[28.54606649,-13.8649869],[28.54207639,-13.86896557],[28.5390623,-13.86799465],[28.53836429,-13.86768568],[28.53540221,-13.86847461],[28.53311515,-13.86947753],[28.53012107,-13.86896357],[28.52639797,-13.86924155],[28.52271987,-13.87006648],[28.52029181,-13.8711274],[28.51653771,-13.87159436],[28.51392164,-13.87394816],[28.5122486,-13.87452111],[28.51136357,-13.87505507],[28.50891651,-13.87637296],[28.50517941,-13.87933972],[28.50355636,-13.88000766],[28.50068429,-13.88347037],[28.49693419,-13.88380335],[28.49298408,-13.88464928],[28.49002701,-13.88591418],[28.48875897,-13.88420132],[28.48563989,-13.88605816],[28.4821378,-13.8868411],[28.48036975,-13.88421832],[28.47749767,-13.88151854],[28.47343857,-13.88359737],[28.47109051,-13.88447329],[28.46940246,-13.88353138],[28.46744141,-13.88428831],[28.46523335,-13.88493226],[28.46238328,-13.88419832],[28.45934319,-13.88559421],[28.4559021,-13.8845033],[28.45340904,-13.88454529],[28.45042195,-13.88699109],[28.44620084,-13.88771403],[28.44376178,-13.88656013],[28.44181973,-13.88672612],[28.43888265,-13.88776203],[28.43516255,-13.88688611],[28.43209947,-13.88601718],[28.42793336,-13.8857382],[28.42492428,-13.88621216],[28.42260222,-13.88766904],[28.42068517,-13.88781303],[28.4182571,-13.8869111],[28.41669906,-13.88821099],[28.41497501,-13.88903493],[28.41235395,-13.88979287],[28.4106849,-13.88991386],[28.40857584,-13.88913492],[28.40635578,-13.88991386],[28.40433773,-13.88917692],[28.4031227,-13.88829099],[28.40188467,-13.88742306],[28.3995576,-13.88588219],[28.39663753,-13.88519725],[28.39296343,-13.88478528],[28.38970335,-13.88440432],[28.38650126,-13.88405035],[28.38338418,-13.88417134],[28.38110711,-13.88287645],[28.37802303,-13.88233949],[28.37532996,-13.88251048],[28.37233288,-13.88319142],[28.36968781,-13.8834884],[28.36797677,-13.88275746],[28.36520869,-13.88193053],[28.36342164,-13.88215751],[28.3616266,-13.88329542],[28.36034356,-13.88305843],[28.35897753,-13.88278946],[28.35674347,-13.88306243],[28.35472242,-13.88333041],[28.3541804,-13.88328341],[28.35271936,-13.88269246],[28.35193534,-13.88157356],[28.35162833,-13.8810866],[28.35152133,-13.88091661],[28.35006829,-13.87978071],[28.34922527,-13.88049065],[28.34708521,-13.8811386],[28.34536417,-13.88030867],[28.3430181,-13.87939374],[28.339211,-13.88013968],[28.33876699,-13.87857381],[28.33590791,-13.87596003],[28.33346985,-13.87349423],[28.33142279,-13.87141141],[28.3278867,-13.87205436],[28.32382059,-13.87293928],[28.31996349,-13.87336624],[28.31610839,-13.87626601],[28.3127403,-13.87789487],[28.30846918,-13.88006269],[28.30461808,-13.88155957],[28.30278504,-13.88417835],[28.301586,-13.88623718],[28.29875693,-13.88533926],[28.29583685,-13.8848053],[28.29288777,-13.88545025],[28.2900807,-13.88689113],[28.28699062,-13.88713811],[28.28449555,-13.88693413],[28.28200848,-13.8860432],[28.27856539,-13.88472431],[28.2753893,-13.8823735],[28.27211222,-13.88140958],[28.2713632,-13.87976372],[28.26879713,-13.87964673],[28.26482402,-13.8800017],[28.26309998,-13.8788428],[28.2600959,-13.87823885],[28.25522277,-13.87750891],[28.2525107,-13.87610503],[28.25060664,-13.87668098],[28.24744956,-13.87757791],[28.24266643,-13.87585905],[28.24005536,-13.87504612],[28.2373403,-13.87456516],[28.23534024,-13.8729263],[28.23264817,-13.87301729],[28.22918108,-13.87149642],[28.22418194,-13.86990655],[28.21637874,-13.86902362],[28.21263264,-13.87105846],[28.20807551,-13.87251933],[28.20234036,-13.87139243],[28.19586419,-13.87154942],[28.18977803,-13.87160941],[28.1848089,-13.87380523],[28.18183882,-13.87591306],[28.17864474,-13.87692197],[28.17792872,-13.87697697],[28.17507364,-13.87822086],[28.17251957,-13.88284148],[28.17005951,-13.88934294],[28.16640241,-13.89163276],[28.16622141,-13.89174874],[28.16255731,-13.89276266],[28.16061026,-13.8959484],[28.16044726,-13.89791023],[28.15716917,-13.89792523],[28.1545371,-13.89795823],[28.15015498,-13.89907014],[28.14854894,-13.90134195],[28.14561186,-13.90169192],[28.14249878,-13.9031328],[28.13885568,-13.9031328],[28.13426056,-13.90195891],[28.13087747,-13.90240586],[28.12694237,-13.90431871],[28.12330827,-13.9019389],[28.11882815,-13.90028204],[28.11361001,-13.90036604],[28.11094294,-13.90009706],[28.10638282,-13.89988408],[28.10366975,-13.90064201],[28.09963764,-13.90024805],[28.09651355,-13.90149995],[28.09195644,-13.90343578],[28.08721331,-13.90536663],[28.08478125,-13.9069755],[28.08411123,-13.90667352],[28.08166816,-13.90663152],[28.07983712,-13.90936929],[28.07741705,-13.90924631],[28.075526,-13.91064419],[28.07384996,-13.91241604],[28.0718869,-13.91325997],[28.06949384,-13.91477385],[28.06704778,-13.91463386],[28.06459171,-13.91402191],[28.06176664,-13.91138313],[28.0602726,-13.9105782],[28.05753552,-13.91134713],[28.05497245,-13.90960128],[28.05243339,-13.90984226],[28.04994232,-13.90967427],[28.04731225,-13.91084618],[28.0452102,-13.91158712],[28.04361416,-13.91371294],[28.04124109,-13.91397492],[28.03890203,-13.91354795],[28.03727698,-13.91222706],[28.03502293,-13.91269503],[28.03087582,-13.91326398],[28.02883376,-13.91630673],[28.02742772,-13.91802158],[28.02359562,-13.91754663],[28.02143656,-13.91916849],[28.0190735,-13.91945647],[28.01659144,-13.91795359],[28.0152054,-13.91714466],[28.01367736,-13.91758262],[28.01212432,-13.91691968],[28.01005526,-13.91609375],[28.00826922,-13.91680069],[28.00618916,-13.91573178],[28.0040141,-13.91539281],[28.00133603,-13.91585177],[28.00053501,-13.91524982],[27.99981999,-13.91515883],[27.99705192,-13.9166557],[27.99526687,-13.91593876],[27.99309481,-13.91412791],[27.99062775,-13.91387893],[27.98824168,-13.91334398],[27.98636663,-13.91101717],[27.98311154,-13.91080119],[27.97901444,-13.91295502],[27.97559235,-13.91785061],[27.9738923,-13.9204064],[27.97123723,-13.91989244],[27.96981419,-13.92017842],[27.96687912,-13.92346314],[27.96486906,-13.92299618],[27.96281101,-13.92339315],[27.96061095,-13.92373812],[27.95620383,-13.92340915],[27.95305975,-13.92460505],[27.95259474,-13.92741882],[27.94948365,-13.9300606],[27.94497454,-13.93262838],[27.94227547,-13.93512118],[27.93922038,-13.93530616],[27.93558429,-13.93563014],[27.93256721,-13.93868189],[27.92973413,-13.9384899],[27.92689406,-13.93640007],[27.924762,-13.93809793],[27.92255294,-13.93772697],[27.92161692,-13.93586212],[27.91965986,-13.9337403],[27.9173918,-13.93266538],[27.91460473,-13.93299436],[27.91231267,-13.93316334],[27.9097196,-13.93511718],[27.90741054,-13.93725701],[27.90712453,-13.93679705],[27.90660352,-13.93596111],[27.90651351,-13.93431125],[27.90850357,-13.93302036],[27.90946059,-13.9312305],[27.91109764,-13.92931566],[27.91279668,-13.92724284],[27.91228767,-13.92447106],[27.91125564,-13.92299019],[27.91058962,-13.92135232],[27.90740853,-13.91940649],[27.90382844,-13.91694469],[27.90387044,-13.9144329],[27.9022664,-13.91181411],[27.90085036,-13.90897435],[27.90199739,-13.90644056],[27.9023214,-13.90392577],[27.90264541,-13.90086103],[27.90346743,-13.89693435],[27.90358243,-13.89351364],[27.90130237,-13.89222774],[27.89731826,-13.89228974],[27.89379517,-13.8902829],[27.89226313,-13.8868092],[27.89025708,-13.88538831],[27.88953006,-13.88413741],[27.88991407,-13.88182561],[27.88871803,-13.88018375],[27.88961606,-13.87794293],[27.88915304,-13.87526716],[27.88712499,-13.87295035],[27.88531494,-13.87248438],[27.88481493,-13.87054754],[27.88416091,-13.86896568],[27.88477493,-13.86758279],[27.88410791,-13.86554496],[27.88409991,-13.86486202],[27.88516394,-13.86253421],[27.8836959,-13.8577706],[27.88200785,-13.85502683],[27.88088982,-13.85113716],[27.87927378,-13.84809541],[27.88238486,-13.84522765],[27.88827302,-13.84167294],[27.8914971,-13.84088501],[27.89561121,-13.84135797],[27.8987753,-13.84057803],[27.90238439,-13.84059903],[27.90587048,-13.83794225],[27.90585948,-13.83303866],[27.9065785,-13.82799908],[27.90706451,-13.82142662],[27.91697378,-13.81301832],[27.92014586,-13.80916164],[27.92260792,-13.80266018],[27.92679103,-13.79856752],[27.92821007,-13.7952108],[27.9293741,-13.79111114],[27.93244818,-13.78849836],[27.93504225,-13.78520363],[27.91111961,-13.75145844],[27.89544119,-13.73174808],[27.86641642,-13.69893381],[27.86483938,-13.69633503],[27.86373034,-13.69477216],[27.86245631,-13.69251134],[27.86137928,-13.68956259],[27.86131828,-13.6894826],[27.83339154,-13.65269566],[27.83081447,-13.65399755],[27.82692136,-13.65695431],[27.82281726,-13.66002105],[27.8206022,-13.66136694],[27.81894315,-13.66245785],[27.81779512,-13.66314879],[27.81645009,-13.66531762],[27.81601907,-13.6678364],[27.81554206,-13.66925028],[27.81565507,-13.67062917],[27.81582607,-13.67186507],[27.81568107,-13.67309997],[27.81561806,-13.67429387],[27.81514205,-13.67649268],[27.81434603,-13.67721963],[27.81343301,-13.67705664],[27.81235898,-13.67746161],[27.81124895,-13.67879749],[27.81033692,-13.67925445],[27.81029293,-13.67999339],[27.81001492,-13.68067234],[27.8091979,-13.68104631],[27.80868088,-13.68105831],[27.80785386,-13.68125229],[27.80766685,-13.68131328],[27.80699884,-13.68211721],[27.80657783,-13.68270717],[27.80589481,-13.68304214],[27.80492178,-13.68370408],[27.80373175,-13.68393007],[27.80266572,-13.68374108],[27.80074267,-13.68428204],[27.79910463,-13.68458501],[27.79698557,-13.68509897],[27.79521352,-13.68572292],[27.79361248,-13.6859819],[27.79101641,-13.68681483],[27.78915337,-13.68740078],[27.78769433,-13.6884057],[27.78611128,-13.68914663],[27.78420023,-13.6895386],[27.78249419,-13.68985857],[27.78124316,-13.69019655],[27.77972711,-13.69122646],[27.77708904,-13.69172842],[27.77575201,-13.69056652],[27.77430397,-13.6907335],[27.77323994,-13.69128746],[27.77187591,-13.69139445],[27.77000286,-13.69169242],[27.76844882,-13.69102848],[27.76655076,-13.68965559],[27.76538673,-13.68972559],[27.7643477,-13.69019855],[27.76276866,-13.69036354],[27.76158963,-13.68991557],[27.7602546,-13.6896256],[27.75902256,-13.68929962],[27.75699251,-13.68921463],[27.75494646,-13.68918863],[27.75350042,-13.68940162],[27.75218039,-13.68969259],[27.75067335,-13.68987758],[27.74988732,-13.68981658],[27.74754926,-13.68873468],[27.74609222,-13.68652086],[27.74374016,-13.68666784],[27.7415061,-13.68689183],[27.74065808,-13.68876467],[27.737612,-13.68902765],[27.73344989,-13.68973159],[27.72782874,-13.68927763],[27.72340762,-13.68792074],[27.7190105,-13.68806273],[27.71768347,-13.68566193],[27.71556741,-13.6836631],[27.71269934,-13.68147228],[27.70840722,-13.68051136],[27.70614116,-13.67750461],[27.70350709,-13.67584175],[27.69862796,-13.67620072],[27.69594589,-13.67641771],[27.69363283,-13.67271201],[27.69177478,-13.67153311],[27.69106876,-13.67124713],[27.68941172,-13.67028021],[27.68555461,-13.66952228],[27.68354656,-13.66762044],[27.68273554,-13.6655856],[27.67991446,-13.66509265],[27.67734139,-13.66178292],[27.67563635,-13.6595961],[27.67218226,-13.65696333],[27.6699122,-13.65568543],[27.66777414,-13.65260069],[27.66493007,-13.6512188],[27.66140297,-13.65064485],[27.6588059,-13.64794508],[27.65580682,-13.64708015],[27.65260874,-13.64841504],[27.64808062,-13.64848403],[27.64425751,-13.6500309],[27.64166945,-13.65188375],[27.63956339,-13.65584942],[27.63695032,-13.65882617],[27.62950412,-13.66496666],[27.62289095,-13.67119714],[27.61993687,-13.67727864],[27.62143791,-13.68405307],[27.62190493,-13.68903266],[27.62451,-13.69660703],[27.62634004,-13.70335847],[27.62138591,-13.71077186],[27.61092064,-13.70892301],[27.60536249,-13.70229256],[27.60002534,-13.70286951],[27.59642625,-13.7042174],[27.59506822,-13.71012891],[27.59591324,-13.71426156],[27.59692227,-13.71960012],[27.5983293,-13.72554963],[27.59918433,-13.73093418],[27.59728627,-13.73709567],[27.59706127,-13.74197626],[27.5942702,-13.74651788],[27.58913206,-13.74847472],[27.586742,-13.75084452],[27.58651899,-13.75138348],[27.57788777,-13.75988477],[27.5717516,-13.76480537],[27.56770849,-13.76951798],[27.56609645,-13.7740646],[27.56581045,-13.77910818],[27.56565044,-13.78437074],[27.56279437,-13.78857939],[27.55917827,-13.79252706],[27.5566452,-13.7981556],[27.55619919,-13.80220126],[27.5562252,-13.80580196],[27.55494616,-13.81194545],[27.55311311,-13.8161441],[27.55236309,-13.82192662],[27.5526071,-13.82664023],[27.55002803,-13.82758415],[27.5450939,-13.82571431],[27.54188181,-13.82488138],[27.53721469,-13.8233375],[27.5338916,-13.81721201],[27.53551864,-13.80982863],[27.53246156,-13.80640591],[27.52594939,-13.80510002],[27.52203929,-13.80094436],[27.51841719,-13.79981046],[27.51474709,-13.79657773],[27.51119799,-13.79499486],[27.50666588,-13.7945289],[27.50286077,-13.7944569],[27.5001117,-13.79514685],[27.49423855,-13.79628476],[27.48609233,-13.79950848],[27.48044118,-13.80317019],[27.47699209,-13.81005461],[27.47593206,-13.8162011],[27.47687009,-13.8209797],[27.47932915,-13.82385646],[27.48216723,-13.8282741],[27.48339126,-13.83288171],[27.48331726,-13.8378793],[27.48190722,-13.84261391],[27.48172422,-13.84771849],[27.48288425,-13.85268107],[27.4848053,-13.85645076],[27.48708436,-13.8607194],[27.49044745,-13.86470107],[27.4925165,-13.87000463],[27.49088347,-13.87596114],[27.48741637,-13.87900789],[27.48390828,-13.87756],[27.47821313,-13.87571216],[27.47417902,-13.87947285],[27.47234197,-13.88390548],[27.46715383,-13.88666525],[27.46294272,-13.88383549],[27.46015365,-13.88711821],[27.46233771,-13.89073391],[27.46446276,-13.8944456],[27.4622667,-13.89789732],[27.45856861,-13.89608447],[27.45745658,-13.89287374],[27.45632955,-13.89110188],[27.45468151,-13.89415763],[27.45164642,-13.89736736],[27.44602027,-13.89787832],[27.44503925,-13.89523254],[27.44211317,-13.89471558],[27.43787505,-13.89459159],[27.43407996,-13.89641744],[27.43028586,-13.89874825],[27.42487471,-13.89850627],[27.42101161,-13.90195899],[27.42078261,-13.90760152],[27.42373368,-13.91109922],[27.42523272,-13.91313505],[27.42496171,-13.91676076],[27.42235064,-13.92046445],[27.41858355,-13.92030046],[27.41531446,-13.92040346],[27.41201837,-13.92200332],[27.4093863,-13.92501207],[27.40688724,-13.92723689],[27.40643922,-13.92722089],[27.40581721,-13.92720189],[27.4054472,-13.92517906],[27.40493818,-13.92235829],[27.4054072,-13.91830363],[27.40291413,-13.91603882],[27.40087407,-13.91583283],[27.40028006,-13.91613481],[27.398175,-13.91331405],[27.39700497,-13.91124322],[27.39641796,-13.90881442],[27.39522993,-13.90594766],[27.39532692,-13.90338087],[27.39317687,-13.90167101],[27.39295586,-13.89973017],[27.39326887,-13.89753335],[27.39188784,-13.89551252],[27.38898876,-13.89300473],[27.38785573,-13.8909059],[27.38502265,-13.8922018],[27.38096754,-13.89045894],[27.38046053,-13.88637928],[27.38058654,-13.88240461],[27.38339461,-13.87997181],[27.38138156,-13.87837294],[27.38033053,-13.87511422],[27.38333461,-13.8729144],[27.3868927,-13.87662009],[27.38851574,-13.87466825],[27.38738871,-13.87369233],[27.38440363,-13.87110255],[27.38238858,-13.86907772],[27.3829306,-13.86484207],[27.38177257,-13.86271825],[27.38055453,-13.8560558],[27.37960451,-13.85235111],[27.38110754,-13.84821845],[27.38101954,-13.84498572],[27.38171156,-13.84204096],[27.38548066,-13.84094805],[27.38813073,-13.83767333],[27.38817573,-13.83350867],[27.38616368,-13.83136585],[27.38378162,-13.82878106],[27.38137855,-13.82672524],[27.37879148,-13.82626928],[27.37711843,-13.8247464],[27.38053853,-13.82284955],[27.38194257,-13.82019678],[27.3830456,-13.81731502],[27.38208957,-13.81451525],[27.37793946,-13.81465424],[27.37547639,-13.81327436],[27.37304633,-13.81136951],[27.3719383,-13.81101954],[27.36906622,-13.81302838],[27.36569013,-13.81329235],[27.36309206,-13.81159949],[27.36018899,-13.81053758],[27.35549686,-13.80954766],[27.35551586,-13.80681289],[27.35894095,-13.80344117],[27.36017899,-13.80082739],[27.35752191,-13.79914153],[27.35657989,-13.79750466],[27.35797093,-13.79427893],[27.35508485,-13.7922841],[27.35524285,-13.78907336],[27.35750291,-13.78588163],[27.35455083,-13.78425676],[27.35130075,-13.78463973],[27.34972471,-13.78289888],[27.35099674,-13.78154199],[27.34899069,-13.78088405],[27.34735565,-13.77913119],[27.34533359,-13.77742033],[27.34501358,-13.77461457],[27.34510658,-13.77284372],[27.34403156,-13.77027193],[27.34236751,-13.7682051],[27.34180349,-13.76522235],[27.34451356,-13.76361048],[27.34685563,-13.76277755],[27.34707963,-13.76093471],[27.34866468,-13.76031676],[27.35044172,-13.76025576],[27.34909369,-13.75899586],[27.34727564,-13.75822093],[27.34833767,-13.75672905],[27.34879168,-13.75519618],[27.34757865,-13.75353032],[27.34834567,-13.75158148],[27.35060773,-13.75188146],[27.35198876,-13.75090054],[27.35295779,-13.75044157],[27.35510984,-13.74919968],[27.35387381,-13.74604794],[27.35227077,-13.7429432],[27.35194076,-13.74037041],[27.35160576,-13.73921051],[27.35186876,-13.7380556],[27.3495627,-13.73701769],[27.34873068,-13.73501386],[27.34686963,-13.73174513],[27.34415356,-13.73054423],[27.34250551,-13.72751849],[27.3420375,-13.72581663],[27.3422325,-13.72293186],[27.12603076,-13.72421177],[27.01947393,-13.72534868],[26.82275271,-13.7516365],[26.82341773,-13.74900072],[26.82015864,-13.74496405],[26.81719956,-13.74021644],[26.81453549,-13.7359148],[26.81162041,-13.73043326],[26.8075353,-13.72565465],[26.80177515,-13.71933319],[26.79580999,-13.71207079],[26.79093087,-13.70461441],[26.78578673,-13.69730701],[26.78138261,-13.6926324],[26.77760651,-13.68689588],[26.7771085,-13.6794395],[26.77825253,-13.6699413],[26.78009357,-13.66239692],[26.78250464,-13.6530297],[26.7846847,-13.64302753],[26.78615273,-13.63415427],[26.78766178,-13.62332617],[26.78916882,-13.61433492],[26.79033385,-13.60836142],[26.79080686,-13.60314885],[26.78927382,-13.59955515],[26.78934082,-13.59879221],[26.79052685,-13.59543449],[26.79161988,-13.59121584],[26.79293791,-13.58647024],[26.79461096,-13.58207061],[26.79766804,-13.57684805],[26.80103113,-13.57127951],[26.80423321,-13.56592795],[26.80916035,-13.55729067],[26.81410448,-13.5497603],[26.82863486,-13.52864006],[26.83244996,-13.52242258],[26.83620107,-13.51552915],[26.83950315,-13.50994662],[26.84279124,-13.50574696],[26.84615833,-13.50130733],[26.84865439,-13.49753765],[26.8488954,-13.47874322],[26.85018443,-13.47517152],[26.85229649,-13.4717348],[26.85313351,-13.46864406],[26.86176274,-13.44323318],[26.86288977,-13.44208327],[26.86798991,-13.44016843],[26.87955821,-13.43411294],[26.88084225,-13.43310902],[26.88340231,-13.43238208],[26.8865584,-13.4321891],[26.88928047,-13.43048424],[26.89352058,-13.42869839],[26.89943774,-13.42624359],[26.90623692,-13.42371781],[26.91262509,-13.421348],[26.91796423,-13.4189022],[26.92132132,-13.41576647],[26.92359038,-13.40901403],[26.92512442,-13.40291754],[26.92652446,-13.39601612],[26.92838451,-13.38740284],[26.92928453,-13.37989346],[26.92968854,-13.37660173],[26.93279962,-13.37466489],[26.96745754,-13.36678055],[26.96934559,-13.36610761],[26.97129464,-13.3638718],[26.97282268,-13.35835926],[26.97411772,-13.35143784],[26.97489074,-13.34195663],[26.97798582,-13.33637609],[26.98057289,-13.33118952],[26.9773828,-13.32693188],[26.9772768,-13.32269323],[26.97906985,-13.31802763],[26.97881984,-13.31135318],[26.97522974,-13.30427178],[26.97076863,-13.29738735],[26.96552149,-13.29020195],[26.96061336,-13.28182065],[26.95671425,-13.27497822],[26.95305216,-13.26832578],[26.9509181,-13.26317821],[26.94923606,-13.25751768],[26.94857404,-13.25364501],[26.94862904,-13.24975233],[26.94900705,-13.24615463],[26.94926206,-13.24423679],[26.94952206,-13.24221896],[26.95007908,-13.24005614],[26.9510191,-13.23800531],[26.95142311,-13.23625346],[26.95139711,-13.23400765],[26.95173112,-13.23141686],[26.95190813,-13.22781416],[26.95204313,-13.22324054],[26.95329116,-13.21957985],[26.9547382,-13.2166311],[26.95603224,-13.21352335],[26.95630624,-13.21286441],[26.95767628,-13.2094247],[26.95940033,-13.20627296],[26.96195839,-13.2035012],[26.96522548,-13.20098841],[26.96894158,-13.19792566],[26.97276568,-13.19485292],[26.97655578,-13.19169318],[26.98050989,-13.18811948],[26.98259794,-13.18659461],[26.98549001,-13.18481476],[26.9888201,-13.18335488],[26.99970539,-13.18394783],[27.00146444,-13.18139605],[27.00678558,-13.1735907],[27.01451478,-13.16260761],[27.02201598,-13.1555622],[27.03059821,-13.1519945],[27.04195051,-13.15009966],[27.05480085,-13.14903175],[27.06315907,-13.14527406],[27.07359235,-13.13484993],[27.07732945,-13.12522074],[27.0795565,-13.10929307],[27.08060953,-13.1006638],[27.08243358,-13.09177354],[27.08352961,-13.08712093],[27.08402062,-13.08119742],[27.08486564,-13.07612685],[27.08740971,-13.07270513],[27.08976177,-13.06809052],[27.09016578,-13.06422885],[27.08989878,-13.06195903],[27.08867474,-13.05572856],[27.08941277,-13.0480862],[27.09234784,-13.04317461],[27.08858274,-13.02633902],[27.0870507,-13.02423019],[27.09870001,-13.01089931],[27.11330039,-13.00323695],[27.06696417,-13.00176708],[27.06185803,-13.00564475],[27.05802393,-13.00657767],[27.05369281,-13.00546077],[27.0493227,-13.00755059],[27.04292953,-13.00572675],[27.0418895,-13.00597372],[27.04035646,-13.00633669],[27.0380504,-13.00762159],[27.03569234,-13.00738961],[27.03316927,-13.00564575],[27.03016319,-13.00373391],[27.02723912,-13.00338094],[27.02495206,-13.00340094],[27.02223998,-13.00322995],[27.01991992,-13.00341894],[27.01859688,-13.00274099],[27.01881589,-13.00154809],[27.01877589,-13.00080916],[27.01667783,-13.00006122],[27.01436378,-12.99894631],[27.01333374,-12.99862534],[27.01224672,-12.99798739],[27.01242072,-12.99525462],[27.01406477,-12.99200089],[27.01580181,-12.98878616],[27.01749785,-12.98519246],[27.0193439,-12.98310464],[27.02083995,-12.9812378],[27.02163696,-12.9799789],[27.0192199,-12.98010489],[27.01675383,-12.97921397],[27.01385276,-12.97852602],[27.01263773,-12.97725713],[27.00989066,-12.97758011],[27.00740959,-12.97650219],[27.00838062,-12.97303048],[27.00909964,-12.97025872],[27.00926764,-12.96701199],[27.00908463,-12.96348629],[27.0076056,-12.96060053],[27.00521753,-12.95907965],[27.00162844,-12.96036155],[26.99932638,-12.95879068],[26.9965223,-12.95927164],[26.99552427,-12.95845971],[26.99500726,-12.95784576],[26.99515826,-12.95654487],[26.99451925,-12.95512699],[26.94709399,-12.94442589],[26.94617097,-12.94317399],[26.94555295,-12.94203808],[26.94388591,-12.9406812],[26.94194586,-12.93892234],[26.94033381,-12.93794143],[26.93896277,-12.93685252],[26.93696973,-12.93555563],[26.93575269,-12.93328982],[26.93552769,-12.93160196],[26.93558269,-12.93022607],[26.93485967,-12.92906318],[26.93082556,-12.92579445],[26.87312904,-12.88911152],[26.87425606,-12.8882026],[26.87448107,-12.88770064],[26.87487808,-12.88692071],[26.8755801,-12.88612978],[26.87626611,-12.88547683],[26.87719514,-12.88451091],[26.87795216,-12.88383897],[26.87897719,-12.88326901],[26.87983321,-12.88278105],[26.88128825,-12.88271906],[26.88229727,-12.8822401],[26.88240028,-12.8810702],[26.8832513,-12.88038825],[26.88418232,-12.8798173],[26.88497935,-12.87894738],[26.88554036,-12.87819844],[26.88636938,-12.87740451],[26.88612937,-12.87676456],[26.88644838,-12.8762096],[26.88674339,-12.87538568],[26.88794343,-12.87435876],[26.88985648,-12.87425377],[26.88990048,-12.87308087],[26.88933046,-12.87209195],[26.89105851,-12.871543],[26.89200453,-12.87207795],[26.89270655,-12.87255691],[26.89395958,-12.87174798],[26.89419159,-12.87095505],[26.89497061,-12.8703351],[26.8944996,-12.86961316],[26.8947886,-12.86844226],[26.89497061,-12.86735735],[26.89563363,-12.86667941],[26.89690966,-12.86632443],[26.89773368,-12.86577248],[26.8983997,-12.86501555],[26.90003274,-12.86366366],[26.90036675,-12.86259075],[26.90071376,-12.8619168],[26.90115377,-12.86124886],[26.9021878,-12.86031994],[26.9021158,-12.85947401],[26.9023938,-12.85879107],[26.90463086,-12.85671224],[26.90458587,-12.85624228],[26.90541689,-12.85541735],[26.90580389,-12.85502738],[26.90627391,-12.85414746],[26.90625491,-12.85317054],[26.9060369,-12.8524916],[26.90619191,-12.85156867],[26.90614191,-12.85086573],[26.90677692,-12.85074574],[26.90734894,-12.8500088],[26.90847497,-12.84992681],[26.90764895,-12.84847293],[26.90801496,-12.84753501],[26.90834496,-12.84667008],[26.90887898,-12.84558417],[26.90884697,-12.84457026],[26.90887498,-12.84358234],[26.90925899,-12.84326737],[26.909716,-12.84240644],[26.91003101,-12.8416535],[26.91111604,-12.8405186],[26.91208007,-12.84004164],[26.91225707,-12.83909772],[26.91234707,-12.83796181],[26.91312109,-12.83715288],[26.91364911,-12.83712488],[26.91379611,-12.83646294],[26.91381911,-12.83561801],[26.91383611,-12.83503806],[26.91404211,-12.83431412],[26.9134851,-12.83373517],[26.91294409,-12.83288124],[26.91263108,-12.83197731],[26.91241707,-12.83083241],[26.91190406,-12.82989349],[26.91155305,-12.82898657],[26.91242907,-12.82831063],[26.91318009,-12.82826763],[26.91374311,-12.8274187],[26.9135941,-12.82680875],[26.91382911,-12.82598282],[26.91449213,-12.82486491],[26.91564116,-12.82482891],[26.91665918,-12.82450094],[26.9171972,-12.82455894],[26.91812622,-12.82363601],[26.91809322,-12.8226461],[26.91776521,-12.82179117],[26.91584516,-12.82046228],[26.91496214,-12.82013631],[26.91439512,-12.8190664],[26.91397211,-12.81828547],[26.91397011,-12.81747853],[26.9134831,-12.81683758],[26.91209106,-12.8155367],[26.91168505,-12.81496975],[26.91092203,-12.81454578],[26.91090803,-12.81379184],[26.91050402,-12.8131219],[26.909842,-12.81207199],[26.90876998,-12.81143604],[26.90825296,-12.81148203],[26.90743294,-12.81141404],[26.90631691,-12.81155303],[26.9059719,-12.81046512],[26.90560789,-12.80924522],[26.90496888,-12.80818431],[26.90385285,-12.80784634],[26.90283281,-12.80702641],[26.90313583,-12.80624448],[26.90336883,-12.80541555],[26.90237481,-12.80449762],[26.90179079,-12.80352471],[26.90078776,-12.80338371],[26.90018275,-12.80279676],[26.89972373,-12.80205783],[26.89938572,-12.80195084],[26.89887471,-12.80174985],[26.89859271,-12.80100592],[26.89867071,-12.80023198],[26.89867271,-12.79977602],[26.89897371,-12.79901708],[26.8983637,-12.79866311],[26.89725167,-12.79858312],[26.89659165,-12.79830514],[26.89625764,-12.7976522],[26.89631864,-12.79718524],[26.89607864,-12.79653029],[26.89548562,-12.79592534],[26.89447059,-12.79574036],[26.89394958,-12.79508042],[26.89323256,-12.79431748],[26.89253054,-12.79385552],[26.89184053,-12.79381452],[26.8910815,-12.79368253],[26.89054549,-12.79267861],[26.89052449,-12.79179069],[26.89045749,-12.79086277],[26.88911646,-12.79012583],[26.88813443,-12.78965287],[26.88743241,-12.78916191],[26.88673439,-12.78900392],[26.88596937,-12.78868495],[26.88528235,-12.788051],[26.88491434,-12.78742406],[26.88427733,-12.78754405],[26.88370931,-12.78819399],[26.88294229,-12.78833198],[26.88229028,-12.78820899],[26.88131325,-12.78833598],[26.88062323,-12.78827298],[26.88000121,-12.78790802],[26.87923219,-12.78773703],[26.87839717,-12.78784402],[26.87724814,-12.78824398],[26.87675113,-12.78888893],[26.87651812,-12.78880694],[26.87606411,-12.78869095],[26.87498608,-12.78826298],[26.87433406,-12.78764504],[26.87370505,-12.78711808],[26.87299303,-12.78658512],[26.87252202,-12.78582719],[26.87211201,-12.78535223],[26.87147699,-12.78507925],[26.87095597,-12.78438131],[26.87109897,-12.78346939],[26.87076497,-12.78283244],[26.87056696,-12.78189052],[26.87067396,-12.78144156],[26.87062797,-12.78059463],[26.87057297,-12.77919975],[26.86954494,-12.77866579],[26.86937293,-12.77844781],[26.86947994,-12.77797985],[26.86969694,-12.7773449],[26.86917692,-12.77671695],[26.86858691,-12.77639498],[26.86774389,-12.77591902],[26.86695586,-12.77514309],[26.86655786,-12.77474012],[26.86637685,-12.77400618],[26.86600084,-12.77329724],[26.86561883,-12.7726413],[26.86553883,-12.77216034],[26.86525882,-12.77174237],[26.86405679,-12.77110342],[26.86354778,-12.77044448],[26.86302677,-12.7701705],[26.86268175,-12.76953956],[26.86243775,-12.7690246],[26.86198174,-12.76853264],[26.86162873,-12.7677987],[26.86113472,-12.76739374],[26.86075771,-12.76706077],[26.8604217,-12.76689978],[26.85975568,-12.76599886],[26.85953267,-12.76513492],[26.85918966,-12.76486595],[26.85781763,-12.76402302],[26.85736562,-12.76340307],[26.85701861,-12.76282812],[26.85719061,-12.76212918],[26.8568276,-12.76165522],[26.8567456,-12.76080829],[26.8568646,-12.75994736],[26.8568416,-12.75909043],[26.85640259,-12.75841649],[26.85580357,-12.75757556],[26.85542456,-12.75692362],[26.85527756,-12.75630967],[26.85533456,-12.75552174],[26.85503856,-12.75517176],[26.85505255,-12.75469881],[26.85562257,-12.75357889],[26.85552756,-12.75272697],[26.85534256,-12.75222801],[26.85468954,-12.75168706],[26.85488855,-12.75039617],[26.85476055,-12.74986121],[26.85458154,-12.74901428],[26.85423353,-12.74837633],[26.85447654,-12.7475554],[26.85371552,-12.74702045],[26.85332051,-12.74634751],[26.85250349,-12.74571956],[26.85169146,-12.74586255],[26.85110945,-12.7452326],[26.85113845,-12.7440327],[26.85097845,-12.7428788],[26.85183647,-12.74078297],[26.85269249,-12.73970806],[26.85349051,-12.73918511],[26.85433853,-12.73851516],[26.85486554,-12.73751024],[26.85515856,-12.73652433],[26.85600058,-12.73601337],[26.8568186,-12.73518744],[26.85739461,-12.73458949],[26.85818064,-12.73409654],[26.85878465,-12.7333316],[26.85960368,-12.73230469],[26.8605397,-12.73142976],[26.86129872,-12.73102479],[26.86180673,-12.72991289],[26.86203874,-12.72847001],[26.86239575,-12.72777507],[26.86296976,-12.7272961],[26.86375978,-12.72662716],[26.86420379,-12.72565924],[26.86484881,-12.72467832],[26.86538682,-12.72371841],[26.86613084,-12.72299046],[26.86668186,-12.72194156],[26.86683586,-12.72089364],[26.86693886,-12.71994272],[26.86696187,-12.7189988],[26.86727487,-12.71770291],[26.86716587,-12.71632402],[26.86720387,-12.71521012],[26.86738388,-12.71406322],[26.86722488,-12.71331128],[26.86641485,-12.71244935],[26.86605985,-12.7106115],[26.86644686,-12.70961759],[26.86616484,-12.70817271],[26.86519582,-12.70754277],[26.86542283,-12.70679783],[26.86568583,-12.70558093],[26.86542082,-12.70443103],[26.86598884,-12.70418905],[26.86695087,-12.70317713],[26.86688786,-12.70183825],[26.86675586,-12.70051535],[26.86643785,-12.69957243],[26.86605184,-12.69803156],[26.86533482,-12.69769959],[26.86557883,-12.69675267],[26.86603884,-12.69570376],[26.86649085,-12.69437687],[26.86662286,-12.69331696],[26.86698487,-12.69230204],[26.86730887,-12.69097516],[26.8682189,-12.69018622],[26.86871891,-12.68934329],[26.86892492,-12.68853936],[26.86888092,-12.68743246],[26.86862191,-12.68651353],[26.8683789,-12.68586459],[26.86877191,-12.68465069],[26.86939793,-12.68391075],[26.87025796,-12.68276184],[26.86986694,-12.68192992],[26.86911693,-12.680964],[26.86870891,-12.68037105],[26.86868291,-12.67898817],[26.8683679,-12.67794325],[26.86876492,-12.67644138],[26.86980994,-12.67543146],[26.87063396,-12.67433056],[26.87121198,-12.67318365],[26.87187,-12.67205274],[26.872169,-12.67083685],[26.87261702,-12.66968694],[26.87388805,-12.669025],[26.87486607,-12.6677541],[26.87529009,-12.66673219],[26.87527408,-12.66533831],[26.87526308,-12.6643304],[26.8758711,-12.66287052],[26.87675313,-12.66136164],[26.87725614,-12.66037973],[26.87794715,-12.65937281],[26.87902618,-12.6583569],[26.87945119,-12.65770595],[26.87992821,-12.65679903],[26.88065923,-12.65568612],[26.88075623,-12.65453422],[26.88043822,-12.65264038],[26.88037722,-12.65127549],[26.88033522,-12.65058155],[26.88025422,-12.64952764],[26.88047423,-12.64866071],[26.88047022,-12.64827875],[26.88116824,-12.64753881],[26.88172126,-12.6464139],[26.88244627,-12.64548298],[26.88296929,-12.64413909],[26.88294829,-12.64312418],[26.8833813,-12.6416243],[26.88320729,-12.64006244],[26.8832303,-12.63862155],[26.88401631,-12.6380926],[26.88475633,-12.63750965],[26.88561636,-12.63633875],[26.88679739,-12.6368957],[26.88781341,-12.63708169],[26.88909145,-12.63647674],[26.89027848,-12.63641374],[26.89151252,-12.63624076],[26.89296956,-12.63601278],[26.89400558,-12.63482688],[26.89522161,-12.63489587],[26.89686765,-12.63464089],[26.89794768,-12.63460789],[26.89891071,-12.63400494],[26.90018474,-12.63361097],[26.90151278,-12.63297603],[26.90256581,-12.63207911],[26.90361684,-12.63267306],[26.90656491,-12.63239908],[26.90688792,-12.63258707],[26.90806295,-12.63294203],[26.90898598,-12.63254907],[26.91036301,-12.63228409],[26.91112204,-12.63143816],[26.91223806,-12.63130617],[26.91319209,-12.63105819],[26.91491214,-12.63067523],[26.91658718,-12.63069622],[26.91771021,-12.63078021],[26.91910824,-12.63161714],[26.92040128,-12.63187612],[26.92170231,-12.63137617],[26.92297635,-12.63104719],[26.92404238,-12.63047724],[26.92569442,-12.63003128],[26.92665244,-12.63017927],[26.92833649,-12.63075722],[26.93022254,-12.63178113],[26.93157857,-12.63239608],[26.93362163,-12.63316701],[26.93507367,-12.63376196],[26.93582869,-12.63349599],[26.93697672,-12.63254706],[26.93810775,-12.63129417],[26.93932678,-12.6297293],[26.94164584,-12.62826842],[26.94426091,-12.62773047],[26.94614796,-12.62771047],[26.947733,-12.62755348],[26.95021206,-12.62723651],[26.95228012,-12.62649157],[26.95394517,-12.6249807],[26.95421817,-12.62456274],[26.95485719,-12.62357982],[26.95623223,-12.62237292],[26.96049134,-12.61123686],[26.96355842,-12.60294256],[26.96520246,-12.5988319],[26.96575047,-12.5965141],[26.9665915,-12.59415229],[26.96779453,-12.59274541],[26.96935857,-12.59152452],[26.97169163,-12.58954668],[26.97305367,-12.58843477],[26.9741907,-12.58738686],[26.97525073,-12.58712189],[26.97740079,-12.58594898],[26.97899483,-12.58487307],[26.98090088,-12.58356218],[26.98229891,-12.58242028],[26.98361895,-12.58060543],[26.98433196,-12.57868359],[26.98470798,-12.57718372],[26.98512199,-12.57606181],[26.98586901,-12.57510489],[26.98660003,-12.57396399],[26.98718704,-12.57341504],[26.98853408,-12.57297807],[26.9893411,-12.57248412],[26.99091014,-12.5715202],[26.99179216,-12.57084025],[26.99247118,-12.57033629],[26.99350621,-12.56974635],[26.99422723,-12.56852345],[26.99512825,-12.56709057],[26.99570527,-12.56592966],[26.99634129,-12.5643408],[26.9969153,-12.56284492],[26.99798733,-12.56164202],[26.99879335,-12.56124606],[26.99994738,-12.56044513],[27.00091641,-12.55939821],[27.00206343,-12.55912024],[27.00340247,-12.5583833],[27.0044325,-12.5584183],[27.00574853,-12.55809532],[27.00737157,-12.55758037],[27.00846661,-12.55704942],[27.00947863,-12.55663345],[27.01061166,-12.55609849],[27.0121727,-12.55577252],[27.01327673,-12.55532055],[27.01428376,-12.55465861],[27.01525478,-12.5536287],[27.0159528,-12.55235181],[27.01721783,-12.55014999],[27.01817086,-12.54969603],[27.01915189,-12.54953304],[27.02004991,-12.54896009],[27.02103394,-12.54902008],[27.02217296,-12.54867912],[27.02443102,-12.54702026],[27.02566706,-12.54691327],[27.02649708,-12.54589535],[27.0273491,-12.54491843],[27.02823113,-12.54524341],[27.02904915,-12.54461246],[27.02985917,-12.54420749],[27.0310022,-12.54374053],[27.03169222,-12.54263663],[27.03288325,-12.5417227],[27.0345533,-12.54204468],[27.03617134,-12.54135473],[27.03747237,-12.54028682],[27.03837839,-12.53946089],[27.0387534,-12.53794102],[27.03976643,-12.53710409],[27.04114347,-12.53663313],[27.0422725,-12.53616617],[27.04288551,-12.53494527],[27.04396254,-12.53390036],[27.04460956,-12.53429332],[27.04541658,-12.53516425],[27.04694562,-12.53504226],[27.04809465,-12.53475328],[27.04911668,-12.53510226],[27.0499297,-12.53537023],[27.05139774,-12.53534324],[27.05289678,-12.53508426],[27.05407781,-12.53489627],[27.05504084,-12.53489428],[27.05623687,-12.5345673],[27.0574709,-12.53374237],[27.05855092,-12.5334334],[27.05912294,-12.53349739],[27.06008397,-12.53355739],[27.06087199,-12.53354539],[27.06225703,-12.53316542],[27.06296605,-12.53298743],[27.06348106,-12.53230649],[27.06382807,-12.53209751],[27.06455108,-12.53147056],[27.0651581,-12.53048565],[27.06621313,-12.53008168],[27.06722216,-12.53048664],[27.06806818,-12.53088761],[27.06924321,-12.53088661],[27.07009423,-12.53111259],[27.07135927,-12.53082562],[27.07236629,-12.5297637],[27.07343832,-12.52926175],[27.07430434,-12.5286178],[27.07531637,-12.52888878],[27.0763144,-12.52888578],[27.07677441,-12.52916875],[27.07721042,-12.52993369],[27.07861846,-12.52919576],[27.07936048,-12.52949573],[27.08033851,-12.5297937],[27.08184154,-12.53016167],[27.08262556,-12.53061163],[27.08347059,-12.5310056],[27.08376059,-12.53150456],[27.08459862,-12.5321755],[27.08499062,-12.53270546],[27.08584765,-12.53279645],[27.08659367,-12.53252948],[27.08729869,-12.53254947],[27.08879673,-12.5322945],[27.08978775,-12.5321725],[27.09024577,-12.53142257],[27.09078978,-12.53127358],[27.0914118,-12.53125258],[27.0917338,-12.53036766],[27.09210982,-12.52999269],[27.09315084,-12.53007968],[27.09440588,-12.5297917],[27.09487889,-12.52928974],[27.0952969,-12.52906476],[27.09640093,-12.52829483],[27.09652093,-12.52740091],[27.09750696,-12.52705993],[27.09811597,-12.52674296],[27.098951,-12.526303],[27.09863099,-12.52587304],[27.09843298,-12.52560805],[27.09757196,-12.52530708],[27.09645493,-12.5250061],[27.0951709,-12.52478013],[27.09384686,-12.5239102],[27.09338785,-12.52285229],[27.09303684,-12.52199436],[27.09307284,-12.52122543],[27.09315084,-12.52056948],[27.09255782,-12.51965856],[27.09204481,-12.5191606],[27.09125279,-12.51853665],[27.09065778,-12.51803769],[27.09011476,-12.51739174],[27.08982675,-12.51686379],[27.08986275,-12.51567189],[27.08915073,-12.5155489],[27.08868973,-12.51524392],[27.08846672,-12.51414402],[27.08807771,-12.51343108],[27.0879037,-12.51257515],[27.08754469,-12.51124927],[27.08655467,-12.51097728],[27.08548164,-12.5107853],[27.08436761,-12.51033834],[27.08353559,-12.50949741],[27.08313357,-12.5084735],[27.08292357,-12.50769756],[27.08241756,-12.50691263],[27.08172154,-12.50663365],[27.08077951,-12.5059867],[27.0803995,-12.50533676],[27.07991949,-12.50459583],[27.07906847,-12.50436584],[27.07849245,-12.50364891],[27.07857245,-12.50292897],[27.07766843,-12.50214603],[27.07682741,-12.50162608],[27.07722042,-12.50082614],[27.0762054,-12.50058516],[27.07529037,-12.50004521],[27.07464735,-12.49916328],[27.07357333,-12.49903629],[27.07230329,-12.49879731],[27.07183028,-12.49825135],[27.07151927,-12.49724544],[27.07077325,-12.49617654],[27.07017023,-12.49502563],[27.06971122,-12.49452967],[27.0690582,-12.49345876],[27.06874719,-12.49234486],[27.06864819,-12.49122695],[27.0689342,-12.48997405],[27.06869419,-12.48890815],[27.06851919,-12.48791423],[27.06740716,-12.48727828],[27.06680814,-12.48668733],[27.06681314,-12.48552943],[27.06639013,-12.48417055],[27.06612112,-12.48332861],[27.06717616,-12.48160276],[27.06697715,-12.48002389],[27.06670714,-12.47849702],[27.06715715,-12.47733312],[27.06671814,-12.47614522],[27.06702115,-12.47469034],[27.06689915,-12.47349244],[27.06641513,-12.47223455],[27.06649913,-12.47131063],[27.06586212,-12.46999674],[27.06617413,-12.46863585],[27.06664014,-12.46729696],[27.06583712,-12.46381126],[27.06542911,-12.46136547],[27.06498409,-12.4597816],[27.0651141,-12.45817873],[27.06413007,-12.45673085],[27.06421607,-12.45390809],[27.06445408,-12.45209624],[27.06569212,-12.45070736],[27.06644313,-12.44974344],[27.06621313,-12.44796759],[27.06684015,-12.4466507],[27.06729616,-12.44514283],[27.06838519,-12.44415091],[27.06936021,-12.44319599],[27.07025423,-12.4419401],[27.07099425,-12.44096918],[27.07306831,-12.43915333],[27.07525737,-12.43668954],[27.07743742,-12.43400477],[27.07790344,-12.43259089],[27.07920747,-12.43143598],[27.08009049,-12.43019509],[27.08051451,-12.42922017],[27.0803985,-12.42758431],[27.0804435,-12.42712634],[27.08053551,-12.42622942],[27.0802135,-12.42507752],[27.08103552,-12.42396961],[27.08189354,-12.42302569],[27.08259156,-12.42241574],[27.08328958,-12.42191578],[27.08369759,-12.42044291],[27.08441861,-12.41918101],[27.08463061,-12.4182141],[27.08491462,-12.41717419],[27.08496862,-12.41597329],[27.08375159,-12.41521735],[27.08324158,-12.41413144],[27.08373759,-12.41293254],[27.08327457,-12.41184963],[27.08085951,-12.40827294],[27.0802745,-12.40676306],[27.08008349,-12.40541917],[27.07990449,-12.40327736],[27.07996149,-12.40184448],[27.07956848,-12.39990364],[27.07909147,-12.39816879],[27.07924247,-12.39669191],[27.07872546,-12.3944891],[27.07841445,-12.39258126],[27.07683741,-12.38920054],[27.07548237,-12.38746669],[27.07409033,-12.38676974],[27.07320731,-12.38557684],[27.07311731,-12.383717],[27.07192928,-12.38180916],[27.07109925,-12.3802193],[27.07086125,-12.37813547],[27.07088625,-12.3755097],[27.07056324,-12.37297591],[27.07012123,-12.36961919],[27.0690662,-12.36661044],[27.06753116,-12.36369469],[27.06579912,-12.36215382],[27.06434507,-12.360037],[27.06356305,-12.35914107],[27.06356105,-12.33471513],[27.08312557,-12.33898677],[27.11864151,-12.34668412],[27.12045356,-12.34669212],[27.12254761,-12.34665713],[27.1598606,-12.34679111],[27.19253046,-12.34721008],[27.2019027,-12.34733006],[27.21880316,-12.35136373],[27.24652488,-12.35294959],[27.24804493,-12.35296959],[27.24864594,-12.35312157],[27.25002098,-12.35346855],[27.28781797,-12.36299174],[27.28953102,-12.3634237],[27.29090606,-12.36410664],[27.29970129,-12.36912722],[27.30461442,-12.34498326],[27.30802151,-12.32755473],[27.30910854,-12.3267158],[27.31079258,-12.32573488],[27.31318064,-12.32478996],[27.31564371,-12.32444599],[27.31922181,-12.32477196],[27.32205788,-12.32439999],[27.32440994,-12.3231891],[27.32654399,-12.32079629],[27.32857505,-12.3183555],[27.32998508,-12.31616469],[27.33292017,-12.31456582],[27.33649726,-12.31449783],[27.34225141,-12.31603269],[27.34580851,-12.31683563],[27.35008362,-12.31847049],[27.3534807,-12.31990137],[27.35599277,-12.32037633],[27.35764082,-12.31928542],[27.35831384,-12.31751757],[27.35888985,-12.31525276],[27.35945786,-12.31404086],[27.3608809,-12.31228801],[27.3608739,-12.31039817],[27.36183693,-12.30806937],[27.36232094,-12.30616053],[27.36280195,-12.30374273],[27.36265895,-12.30039701],[27.36282295,-12.29758325],[27.36293196,-12.29564241],[27.36339497,-12.29447251],[27.36469,-12.29280165],[27.36646805,-12.29193673],[27.36942013,-12.29123578],[27.37296022,-12.29061983],[27.3760063,-12.29024587],[27.38088243,-12.28936394],[27.38496054,-12.28852001],[27.38897665,-12.28709913],[27.39170271,-12.28571825],[27.39449679,-12.28368342],[27.39794388,-12.28077966],[27.40040794,-12.27853585],[27.40309201,-12.27540412],[27.40659611,-12.27249736],[27.41054821,-12.2696236],[27.41472732,-12.26754278],[27.41748839,-12.2660779],[27.42022447,-12.26432405],[27.42274953,-12.26240021],[27.42465258,-12.26070736],[27.42627663,-12.25926347],[27.42780366,-12.25867253],[27.42885269,-12.25826056],[27.42944071,-12.25840155],[27.43007573,-12.25887351],[27.43204578,-12.25880152],[27.4328068,-12.25859153],[27.43322081,-12.25922948],[27.43442884,-12.25943446],[27.43555587,-12.25960145],[27.43585488,-12.26106532],[27.43605889,-12.26216323],[27.43729292,-12.2625212],[27.43812894,-12.26344713],[27.43847395,-12.26430905],[27.43837095,-12.26527997],[27.44091001,-12.26627189],[27.44256006,-12.26533797],[27.44347708,-12.26359211],[27.44172403,-12.26225122],[27.44198004,-12.26184726],[27.44153903,-12.26087534],[27.44149003,-12.25935347],[27.44351108,-12.25580777],[27.44568814,-12.24881836],[27.45325834,-12.24769745],[27.45596341,-12.24638856],[27.4596765,-12.24741847],[27.46148855,-12.25001125],[27.4632566,-12.25171411],[27.4631956,-12.25373594],[27.4631826,-12.25597175],[27.46270959,-12.2577046],[27.46222157,-12.25910748],[27.46154956,-12.26071435],[27.46115654,-12.26208824],[27.46073954,-12.26347012],[27.46079254,-12.26451003],[27.46117055,-12.26513598],[27.46220057,-12.26481801],[27.4634036,-12.26379809],[27.46450264,-12.26285317],[27.46642169,-12.26191525],[27.46854074,-12.26098133],[27.46990978,-12.26021239],[27.4708888,-12.25881651],[27.47189183,-12.25759761],[27.47298886,-12.25673669],[27.47406589,-12.25593075],[27.47555993,-12.25722165],[27.47648095,-12.25842454],[27.47689696,-12.25989042],[27.47746897,-12.26184625],[27.47790999,-12.26351112],[27.47811699,-12.26513598],[27.478238,-12.26649687],[27.47789399,-12.26803773],[27.47697096,-12.26870768],[27.47554093,-12.26853169],[27.47469391,-12.26797674],[27.47307086,-12.26746378],[27.47114781,-12.26702382],[27.46943276,-12.26653486],[27.46788272,-12.2660579],[27.46603768,-12.26549895],[27.46504265,-12.26574893],[27.46491065,-12.26787475],[27.46531665,-12.26948561],[27.46532466,-12.27114647],[27.46493165,-12.27255935],[27.4632776,-12.27227937],[27.46139955,-12.27195341],[27.4593715,-12.2719754],[27.45686943,-12.27158244],[27.45442737,-12.27061452],[27.4517003,-12.26929863],[27.45000825,-12.26826572],[27.44876622,-12.26871268],[27.4479672,-12.27097349],[27.44838721,-12.27341728],[27.44944124,-12.27567509],[27.44954824,-12.27571609],[27.45219031,-12.276739],[27.45639042,-12.27714796],[27.45857448,-12.27742494],[27.46082854,-12.27820688],[27.46280459,-12.27934378],[27.46399662,-12.28119563],[27.46497965,-12.28311846],[27.46636069,-12.28526228],[27.46769172,-12.28691414],[27.46976278,-12.28819003],[27.4709128,-12.288594],[27.47245084,-12.28884198],[27.47375888,-12.29035185],[27.47228084,-12.29302863],[27.47092881,-12.2945265],[27.46946177,-12.29655433],[27.46823474,-12.29825219],[27.46659069,-12.300483],[27.46555166,-12.30132093],[27.46552267,-12.30309378],[27.4668997,-12.30430068],[27.46864875,-12.30441267],[27.47015979,-12.30376372],[27.47184183,-12.30251083],[27.47353588,-12.30074897],[27.47516292,-12.29778522],[27.47691996,-12.29434652],[27.478129,-12.29180973],[27.47935003,-12.28955292],[27.48038105,-12.28669416],[27.48130808,-12.28442135],[27.48134308,-12.28124462],[27.48165009,-12.27922179],[27.48298512,-12.27895181],[27.48494218,-12.27859784],[27.4860812,-12.27859484],[27.48993731,-12.28092764],[27.49220537,-12.28203555],[27.49380341,-12.28269849],[27.49598747,-12.28341743],[27.49756151,-12.2838094],[27.50001457,-12.28411438],[27.50168562,-12.28454934],[27.50283765,-12.28511629],[27.50309865,-12.28640518],[27.50285665,-12.28770907],[27.50255664,-12.28905396],[27.50208563,-12.28991788],[27.50118161,-12.29059183],[27.50007957,-12.29113379],[27.49841753,-12.29195771],[27.49659448,-12.2933536],[27.49507845,-12.29581139],[27.49435143,-12.2980562],[27.49474844,-12.30006703],[27.49496744,-12.30227185],[27.49458443,-12.30324976],[27.4933214,-12.30383472],[27.49102434,-12.30414169],[27.48925429,-12.30447866],[27.48751125,-12.30539358],[27.4859832,-12.30727543],[27.48543219,-12.31006819],[27.48514418,-12.31107911],[27.48506818,-12.31235599],[27.48612621,-12.31326392],[27.48914229,-12.31379787],[27.4895503,-12.31393686],[27.49089334,-12.31439482],[27.49289039,-12.31513776],[27.49437243,-12.31626167],[27.49565446,-12.31729558],[27.49778252,-12.31834649],[27.49922656,-12.31875345],[27.50016358,-12.31854747],[27.50137861,-12.31637166],[27.50222863,-12.31511976],[27.50284865,-12.31411884],[27.50359067,-12.31252798],[27.50387668,-12.31097111],[27.50436369,-12.30942424],[27.50520671,-12.30742041],[27.50594273,-12.30533759],[27.50682176,-12.30349674],[27.50765578,-12.30175589],[27.50897381,-12.300397],[27.51134987,-12.29944708],[27.51418995,-12.29902312],[27.51766004,-12.29848216],[27.51763504,-12.29746725],[27.51794005,-12.29654632],[27.51804505,-12.29551341],[27.51827806,-12.29428352],[27.51915308,-12.29306862],[27.52098213,-12.29236868],[27.52228916,-12.29199871],[27.52449922,-12.29102479],[27.52628127,-12.29014586],[27.52913634,-12.28915795],[27.53113139,-12.288575],[27.53254543,-12.28830602],[27.53445848,-12.28777706],[27.53571752,-12.28744209],[27.53722155,-12.28703712],[27.53822158,-12.28631319],[27.53905661,-12.28483531],[27.54015163,-12.28330944],[27.54127366,-12.28320545],[27.5425817,-12.28194455],[27.54421474,-12.2815006],[27.54562177,-12.28168058],[27.5463718,-12.28178857],[27.55162494,-12.28055367],[27.55319498,-12.27983273],[27.55427001,-12.27966675],[27.55498402,-12.27959875],[27.55723608,-12.2790508],[27.55874112,-12.27874182],[27.55946215,-12.27826886],[27.56021016,-12.27720995],[27.56096518,-12.27668399],[27.56198621,-12.27581907],[27.56272623,-12.27505713],[27.56342625,-12.27509513],[27.56455728,-12.27459518],[27.56521529,-12.27378124],[27.5656503,-12.27398722],[27.56666033,-12.27334128],[27.56719135,-12.27270333],[27.56780736,-12.27222937],[27.56846938,-12.27181941],[27.5693634,-12.27126146],[27.56993942,-12.27041753],[27.57080544,-12.26939061],[27.57091644,-12.26892965],[27.57176647,-12.26758276],[27.57247048,-12.26671384],[27.57346651,-12.26688682],[27.57333251,-12.2683267],[27.57376252,-12.26902564],[27.57551857,-12.27019954],[27.5765906,-12.27083749],[27.57782863,-12.27161842],[27.57933367,-12.27212538],[27.5805887,-12.27244335],[27.58242775,-12.27256634],[27.58404479,-12.27273233],[27.58589284,-12.27260734],[27.58790389,-12.27254634],[27.58959894,-12.27231036],[27.59087097,-12.2719044],[27.59250001,-12.27119346],[27.59368905,-12.2706905],[27.59489008,-12.27038153],[27.59636812,-12.26968158],[27.59766215,-12.26926562],[27.59933819,-12.26844969],[27.60083523,-12.2683017],[27.60255428,-12.2682687],[27.60430332,-12.26762376],[27.60594537,-12.26694681],[27.60763141,-12.26605989],[27.60886544,-12.26540295],[27.61110151,-12.26548594],[27.6148646,-12.26606189],[27.6185577,-12.26674283],[27.6221608,-12.26733778],[27.62261981,-12.26571192],[27.62375084,-12.26438703],[27.62521588,-12.26248019],[27.62561089,-12.26200823],[27.62755294,-12.27119045],[27.63136404,-12.27690697],[27.64738346,-12.28615219],[27.6563047,-12.28857598],[27.67263413,-12.28448533],[27.67965532,-12.28462632],[27.69536473,-12.28742908],[27.71168616,-12.28287646],[27.72573553,-12.28431634],[27.75810639,-12.29082879],[27.76069846,-12.28973888],[27.76485656,-12.28799602],[27.77546784,-12.27544708],[27.78406807,-12.27143442],[27.80902873,-12.26538293],[27.81637892,-12.26166824],[27.81989702,-12.25513179],[27.81356785,-12.23543046],[27.81842798,-12.23145879],[27.8268582,-12.23228072],[27.85178986,-12.24301981]]]]},"geometry_name":"the_geom","properties":{"OBJECTID":2,"NAME":"Copperbelt","SHAPE.area":2.598578994024556,"SHAPE.len":9.220174055737475}},{"type":"Feature","id":"zambia-provinces.3","geometry":{"type":"MultiPolygon","coordinates":[[[[32.84393627,-10.33411756],[32.84656834,-10.33603239],[32.85166547,-10.33560142],[32.85554857,-10.33505147],[32.85743662,-10.33593839],[32.86196874,-10.33408955],[32.86583684,-10.33452551],[32.86944993,-10.33496047],[32.87096797,-10.33591739],[32.87447807,-10.33753625],[32.87598411,-10.33942909],[32.87892619,-10.34226884],[32.88106624,-10.34441066],[32.88231728,-10.34594952],[32.88367931,-10.34769537],[32.88611238,-10.34898027],[32.88863444,-10.34996618],[32.89146552,-10.34916225],[32.8945436,-10.34953421],[32.89863671,-10.3507831],[32.90046775,-10.35204699],[32.90364984,-10.35420181],[32.9061749,-10.35486275],[32.90847897,-10.35722054],[32.91179005,-10.35763951],[32.9135981,-10.35950035],[32.91797421,-10.35983632],[32.91982427,-10.36260508],[32.92197532,-10.36475489],[32.92223533,-10.36721668],[32.9249514,-10.36970347],[32.92583643,-10.37320817],[32.92615643,-10.37783077],[32.92815549,-10.37944064],[32.93095157,-10.38197241],[32.93506067,-10.38162744],[32.93894377,-10.37774077],[32.9439869,-10.3738901],[32.947676,-10.37120833],[32.95020106,-10.37024141],[32.95311214,-10.36966946],[32.95456918,-10.36930949],[32.9554392,-10.36909151],[32.95738124,-10.36755464],[32.95854427,-10.36409293],[32.95912829,-10.36351398],[32.97930881,-10.34660342],[32.98008682,-10.34179383],[32.98022383,-10.34150485],[32.98299689,-10.33563736],[32.98726601,-10.33775317],[32.98881905,-10.33621631],[32.99056609,-10.32967786],[32.99289315,-10.32506726],[32.99541421,-10.32198652],[32.99842429,-10.31844382],[32.99851929,-10.31832983],[33.00085035,-10.31718093],[33.00518047,-10.32726306],[33.00717552,-10.32890292],[33.0099216,-10.32967785],[33.01192465,-10.33061077],[33.0138017,-10.33183167],[33.01444671,-10.33533037],[33.01630076,-10.33665425],[33.01818482,-10.33743218],[33.02095489,-10.33968699],[33.02350696,-10.34144084],[33.02565001,-10.34485855],[33.02847309,-10.34710735],[33.03115116,-10.35058605],[33.03195218,-10.35270887],[33.03359322,-10.3546617],[33.03542828,-10.35717449],[33.0361943,-10.36129013],[33.03452025,-10.36483183],[33.03331022,-10.36771159],[33.03434025,-10.37121129],[33.03548128,-10.37432001],[33.03804135,-10.37658682],[33.04020041,-10.3780247],[33.04214946,-10.37932259],[33.04284748,-10.38311026],[33.04138245,-10.38687594],[33.04174146,-10.38941472],[33.04395351,-10.39249545],[33.04501055,-10.39616514],[33.04646359,-10.40031079],[33.04807363,-10.40535535],[33.04974468,-10.4082561],[33.05186173,-10.41130284],[33.0542688,-10.41509752],[33.0545208,-10.41599444],[33.05455881,-10.41613942],[33.05736688,-10.41782928],[33.05973994,-10.41706935],[33.062242,-10.4163584],[33.06504608,-10.41600543],[33.06783815,-10.41645639],[33.06847117,-10.41660138],[33.07199626,-10.41737431],[33.07375931,-10.41716033],[33.07608637,-10.41724132],[33.0771124,-10.41812325],[33.07826442,-10.41851221],[33.08063749,-10.41922315],[33.08292954,-10.42048104],[33.08384157,-10.41939613],[33.08588662,-10.41900716],[33.0886747,-10.42002607],[33.09081475,-10.42150495],[33.09195978,-10.4231638],[33.09366083,-10.42374276],[33.09501086,-10.42261885],[33.0964069,-10.42188791],[33.09740292,-10.42403073],[33.09839495,-10.42563059],[33.10082902,-10.42495165],[33.10270906,-10.42372475],[33.10363609,-10.42322879],[33.10447911,-10.42228187],[33.10603615,-10.42263184],[33.10721518,-10.4219519],[33.10847721,-10.42032704],[33.11095728,-10.41815823],[33.1120593,-10.41691433],[33.11401635,-10.41820922],[33.11414636,-10.41675634],[33.11442436,-10.41483451],[33.11663342,-10.41556144],[33.11772445,-10.41736729],[33.11989851,-10.41657335],[33.12181356,-10.41531546],[33.12389661,-10.41427955],[33.12615167,-10.41453653],[33.1273987,-10.41579341],[33.12932176,-10.41627837],[33.1311148,-10.41788923],[33.13190782,-10.4183402],[33.13354086,-10.42027203],[33.13680195,-10.42080098],[33.13922101,-10.42120295],[33.1423151,-10.42015304],[33.14521017,-10.4182692],[33.14751823,-10.41574841],[33.14889927,-10.41605239],[33.15278637,-10.41422654],[33.15644846,-10.41381857],[33.15909953,-10.41497447],[33.16279262,-10.41508946],[33.16381865,-10.41639134],[33.16637872,-10.41709428],[33.16790076,-10.41742326],[33.17077284,-10.4192891],[33.17293989,-10.42138091],[33.17442793,-10.4239257],[33.17471794,-10.42542557],[33.17565197,-10.42671846],[33.17841404,-10.42680745],[33.1805461,-10.42553455],[33.18219413,-10.4238217],[33.18424719,-10.42256981],[33.18687925,-10.42299577],[33.18875631,-10.42126791],[33.18990834,-10.41949607],[33.19099536,-10.41736525],[33.1923834,-10.41523643],[33.19421144,-10.41340959],[33.1964125,-10.41388455],[33.19895256,-10.41218569],[33.20066161,-10.41150674],[33.20189464,-10.41177672],[33.20330168,-10.41104278],[33.20475571,-10.41032585],[33.2078868,-10.40741609],[33.21136989,-10.40527028],[33.21402896,-10.40404338],[33.21700804,-10.40562824],[33.22159715,-10.40622219],[33.22448923,-10.40717611],[33.22513425,-10.40820302],[33.21909109,-10.4154514],[33.21453298,-10.42070995],[33.21273993,-10.42471361],[33.20959586,-10.431776],[33.20688779,-10.43827145],[33.20399571,-10.44478889],[33.20164965,-10.44904153],[33.20078364,-10.45218826],[33.1993956,-10.45839973],[33.19890759,-10.46177044],[33.19801057,-10.46517215],[33.19800657,-10.46915681],[33.19713355,-10.47176359],[33.19741956,-10.47345344],[33.19734356,-10.47473533],[33.19741956,-10.47655418],[33.19747656,-10.47871499],[33.19620653,-10.48055784],[33.19629053,-10.48322661],[33.19461949,-10.48903211],[33.19331046,-10.49325475],[33.19387948,-10.49665346],[33.19494751,-10.49918425],[33.1943595,-10.501966],[33.1944405,-10.50349387],[33.19678656,-10.50469777],[33.19986064,-10.50492175],[33.20345074,-10.50502773],[33.20664381,-10.50509573],[33.2096269,-10.5053947],[33.21238097,-10.50639362],[33.21400601,-10.50879841],[33.21445203,-10.51080624],[33.21449402,-10.51266008],[33.21434903,-10.51455792],[33.21394501,-10.51671973],[33.213186,-10.51746067],[33.21246097,-10.51964048],[33.21225497,-10.52166331],[33.21245398,-10.52283121],[33.21415103,-10.52534999],[33.21544406,-10.52774779],[33.21765312,-10.52923766],[33.21869415,-10.5322204],[33.21944617,-10.53391726],[33.22101021,-10.53550912],[33.22184523,-10.53743195],[33.22424129,-10.5391778],[33.22391728,-10.54125662],[33.22501932,-10.54403139],[33.22503132,-10.54548127],[33.22334527,-10.5462562],[33.22328428,-10.54759508],[33.22361528,-10.54913995],[33.22387929,-10.55101179],[33.22493532,-10.55274664],[33.22451631,-10.55447749],[33.22488232,-10.5556034],[33.22499632,-10.55595936],[33.22601535,-10.55805219],[33.22728938,-10.56054997],[33.22639236,-10.56168088],[33.22599635,-10.56361271],[33.22614136,-10.56540256],[33.22746439,-10.56651346],[33.22649937,-10.56904525],[33.22543934,-10.57040813],[33.22462632,-10.57212898],[33.22416131,-10.57434179],[33.22402731,-10.57678859],[33.22296728,-10.57976933],[33.22283328,-10.58273508],[33.2233833,-10.58539285],[33.22397031,-10.58810361],[33.22313529,-10.59012744],[33.22392131,-10.59172931],[33.22454233,-10.59331117],[33.22252428,-10.59471805],[33.2233063,-10.59624492],[33.22284129,-10.59817975],[33.22033122,-10.59794278],[33.21908019,-10.59994661],[33.2193962,-10.60256638],[33.21966721,-10.60463221],[33.22070524,-10.607019],[33.22034223,-10.60898083],[33.21986222,-10.61029172],[33.22108226,-10.61224155],[33.22131526,-10.61365443],[33.22040724,-10.61586424],[33.22079325,-10.61795807],[33.2227043,-10.61948093],[33.22407333,-10.62058584],[33.22564138,-10.62262766],[33.2266144,-10.62365757],[33.2263584,-10.62480547],[33.2263124,-10.62592438],[33.22686641,-10.62641834],[33.22802944,-10.62704128],[33.22730442,-10.62940308],[33.22781944,-10.63184687],[33.22725542,-10.63329775],[33.22666041,-10.63550956],[33.22702642,-10.63707343],[33.22729343,-10.63798635],[33.22816645,-10.6385683],[33.22764444,-10.64002517],[33.22912848,-10.64185402],[33.23084852,-10.64278294],[33.23063452,-10.64410182],[33.23057752,-10.64550071],[33.22929948,-10.64693458],[33.22934949,-10.64812748],[33.22780445,-10.6490004],[33.22712943,-10.65039829],[33.22541639,-10.65225712],[33.22683543,-10.65365701],[33.22785045,-10.65464192],[33.22707543,-10.65669075],[33.22756045,-10.65828162],[33.22624041,-10.66124736],[33.22774745,-10.66458207],[33.22831147,-10.66754582],[33.22720945,-10.6690037],[33.22520239,-10.66991562],[33.22507339,-10.6724584],[33.22652643,-10.6735963],[33.22673643,-10.67556713],[33.22712145,-10.67739098],[33.22797647,-10.68007675],[33.22878849,-10.68143263],[33.22775147,-10.68249054],[33.22699145,-10.68378443],[33.22913951,-10.6852283],[33.22844948,-10.68595025],[33.2253284,-10.68718814],[33.22591242,-10.68747212],[33.22628643,-10.6876541],[33.2291095,-10.68787808],[33.22712945,-10.688865],[33.22759047,-10.69048086],[33.22942551,-10.69076583],[33.23029954,-10.69222571],[33.22996753,-10.69378957],[33.22959352,-10.6957474],[33.23089456,-10.69821719],[33.23111556,-10.70138693],[33.23085256,-10.70457765],[33.2288805,-10.70581255],[33.22978053,-10.70623851],[33.22993653,-10.70662148],[33.23124557,-10.70852431],[33.23134858,-10.71133307],[33.23158858,-10.71264696],[33.23263761,-10.71268196],[33.23370164,-10.71369687],[33.23278261,-10.71480677],[33.23248161,-10.71599967],[33.23394965,-10.71608667],[33.23454166,-10.71638664],[33.23354164,-10.71888943],[33.2321836,-10.72059228],[33.23327063,-10.72159519],[33.23290062,-10.72338504],[33.23166159,-10.7251209],[33.23164259,-10.72610781],[33.23115758,-10.72844961],[33.23137859,-10.73183732],[33.23371765,-10.73192831],[33.23365965,-10.73312121],[33.23285863,-10.73396014],[33.23264962,-10.73566599],[33.23066557,-10.73685489],[33.23022256,-10.73876873],[33.23057357,-10.74051858],[33.22970055,-10.74245341],[33.23002856,-10.74455123],[33.23080658,-10.74622609],[33.23026457,-10.74770296],[33.23080658,-10.75016375],[33.23052057,-10.75182261],[33.23068458,-10.75223158],[33.23207662,-10.7531915],[33.23364866,-10.75474236],[33.23322865,-10.75587927],[33.23291964,-10.75712316],[33.23081059,-10.7566412],[33.23002457,-10.7578671],[33.22973056,-10.76118581],[33.22880354,-10.76149679],[33.23093259,-10.76436654],[33.23161161,-10.76562243],[33.23195862,-10.76813522],[33.2308026,-10.76995307],[33.23137461,-10.77255384],[33.23381267,-10.7742397],[33.23572773,-10.77636851],[33.23716577,-10.7788323],[33.23980983,-10.78012319],[33.24006884,-10.78314893],[33.24097687,-10.78544973],[33.2419769,-10.78656764],[33.24249191,-10.78660564],[33.24366294,-10.78460681],[33.24561199,-10.78481278],[33.24708103,-10.78420084],[33.24542898,-10.78196003],[33.24339593,-10.78020818],[33.24450895,-10.77741942],[33.246222,-10.77561557],[33.24717602,-10.77267482],[33.24926308,-10.77009804],[33.25087611,-10.76843118],[33.25105612,-10.76832519],[33.25269216,-10.76730028],[33.25483222,-10.76797322],[33.25565224,-10.76643435],[33.25727328,-10.76624437],[33.25970335,-10.76635035],[33.26121439,-10.76643435],[33.26242341,-10.76389856],[33.26427746,-10.76181774],[33.26490348,-10.7599709],[33.26705153,-10.75795307],[33.26670352,-10.75494833],[33.2696716,-10.75233355],[33.26998461,-10.75205857],[33.27384171,-10.7517166],[33.27554675,-10.75105765],[33.27306268,-10.74885884],[33.27530974,-10.74733197],[33.27809081,-10.74770694],[33.28237092,-10.74508616],[33.28299294,-10.74429922],[33.28488899,-10.74411625],[33.28597202,-10.74570611],[33.28582002,-10.74702299],[33.28432097,-10.74804991],[33.285057,-10.74887783],[33.28573201,-10.74964877],[33.28694905,-10.74831588],[33.28746006,-10.74815889],[33.29207218,-10.74678101],[33.29608529,-10.74994474],[33.29758432,-10.74858785],[33.29996939,-10.75023171],[33.30234145,-10.74978175],[33.30529453,-10.75051568],[33.30738858,-10.75010672],[33.30908962,-10.74862284],[33.31099767,-10.74722896],[33.31329773,-10.74689199],[33.31381275,-10.74866984],[33.31506378,-10.75008072],[33.31730684,-10.75082965],[33.31897788,-10.74989673],[33.32103093,-10.75100064],[33.32218296,-10.75195455],[33.32226997,-10.75211154],[33.32270098,-10.75363041],[33.32234697,-10.75525427],[33.32192297,-10.75680014],[33.32378501,-10.75758807],[33.32194597,-10.75924093],[33.32246498,-10.76095778],[33.32359401,-10.7629966],[33.32233097,-10.76383253],[33.32373901,-10.76573437],[33.32570707,-10.76668129],[33.32780512,-10.76641331],[33.32924016,-10.76616633],[33.33052919,-10.76350756],[33.33163922,-10.76390252],[33.33325326,-10.76468446],[33.33678135,-10.76272962],[33.3385934,-10.76375853],[33.34005444,-10.76571637],[33.34128747,-10.7653024],[33.34085546,-10.76853612],[33.34370954,-10.76930106],[33.34502957,-10.77191183],[33.34848967,-10.77123089],[33.35172075,-10.76881809],[33.35607286,-10.7674752],[33.3575459,-10.77178584],[33.35912494,-10.77668742],[33.35882794,-10.781482],[33.361055,-10.78570164],[33.36045599,-10.79111018],[33.36389708,-10.7921041],[33.36764318,-10.79406193],[33.37287331,-10.79511283],[33.37769544,-10.79723165],[33.38253257,-10.79844255],[33.38661068,-10.80105732],[33.39243583,-10.80056736],[33.39637993,-10.80012439],[33.39670494,-10.79751661],[33.39866199,-10.79513482],[33.39961501,-10.79292501],[33.40018002,-10.79160912],[33.40357111,-10.78757446],[33.40415113,-10.78965328],[33.4071192,-10.79036522],[33.40863325,-10.78889334],[33.41021628,-10.78734848],[33.41345937,-10.78773944],[33.41653345,-10.78531165],[33.41747947,-10.78267587],[33.42032554,-10.78080203],[33.4226716,-10.77845523],[33.42450665,-10.77563747],[33.42792073,-10.77311568],[33.42957678,-10.77001695],[33.43204484,-10.76841308],[33.4343909,-10.76773214],[33.43470791,-10.7670722],[33.43795799,-10.76607728],[33.44075007,-10.76500737],[33.44257411,-10.76425243],[33.44526318,-10.76171965],[33.44899028,-10.75813395],[33.45076032,-10.75539219],[33.45156134,-10.75503021],[33.45420541,-10.75385031],[33.45536444,-10.75261942],[33.45735649,-10.75216945],[33.4615826,-10.75317037],[33.46272363,-10.7515925],[33.46361565,-10.74944269],[33.46575971,-10.74899672],[33.46643173,-10.74739386],[33.46856378,-10.7469819],[33.47210787,-10.74623895],[33.47347691,-10.74555901],[33.47494595,-10.74370317],[33.476773,-10.74314922],[33.47785302,-10.74171434],[33.47929506,-10.74241728],[33.48109511,-10.74047644],[33.48230514,-10.74044144],[33.48402518,-10.73844062],[33.48520421,-10.73607182],[33.48796628,-10.73712072],[33.49004834,-10.73518289],[33.49125437,-10.73565985],[33.49402744,-10.73547487],[33.49575549,-10.73401399],[33.49778154,-10.73214614],[33.49985659,-10.73129622],[33.5004746,-10.73162619],[33.50182164,-10.73187317],[33.5041447,-10.73207715],[33.50727278,-10.72999932],[33.50826081,-10.72913239],[33.50927183,-10.73058127],[33.51037386,-10.72781751],[33.51270492,-10.7267386],[33.51393695,-10.7267636],[33.51531399,-10.72656661],[33.51621801,-10.72651662],[33.51788906,-10.72581767],[33.5195791,-10.72353987],[33.52241717,-10.72231997],[33.52574426,-10.72112107],[33.52680428,-10.7184893],[33.52829632,-10.71768136],[33.53011137,-10.71649846],[33.53067638,-10.71402568],[33.53325545,-10.71206884],[33.53361346,-10.70908809],[33.5351625,-10.70613535],[33.53738655,-10.70253366],[33.53807757,-10.69996888],[33.54057563,-10.69901096],[33.54041563,-10.69763807],[33.54131165,-10.69518628],[33.54234167,-10.6914656],[33.54506974,-10.68889182],[33.54451673,-10.68636103],[33.54673278,-10.68477217],[33.54737779,-10.68067552],[33.54941885,-10.67911465],[33.55198191,-10.6785337],[33.55406897,-10.67508099],[33.55629702,-10.67073736],[33.55962311,-10.66684069],[33.56191217,-10.66554981],[33.56496424,-10.66240507],[33.56581426,-10.66190611],[33.5671683,-10.66110318],[33.56924035,-10.65723551],[33.57228844,-10.65549966],[33.57394347,-10.65076006],[33.57657954,-10.64830027],[33.57833858,-10.64476257],[33.57924261,-10.64135786],[33.58087564,-10.63937003],[33.58193967,-10.63559435],[33.58291269,-10.6327586],[33.5832637,-10.62863995],[33.5831947,-10.6256362],[33.58317569,-10.62127158],[33.58268768,-10.61766689],[33.5835377,-10.61437517],[33.58633777,-10.6127873],[33.58879084,-10.61155341],[33.59073989,-10.61056849],[33.59391796,-10.60404404],[33.59827407,-10.60183523],[33.60003312,-10.59887649],[33.60257419,-10.59722962],[33.60284419,-10.59434187],[33.60659429,-10.58905932],[33.6112294,-10.58738346],[33.61121841,-10.58561962],[33.61391548,-10.58496067],[33.61568552,-10.58262887],[33.61895461,-10.58416273],[33.62052665,-10.58844437],[33.62123567,-10.59084816],[33.62006864,-10.59378391],[33.62090366,-10.59525278],[33.62122767,-10.59727061],[33.6222007,-10.59901446],[33.62427976,-10.60048733],[33.62723683,-10.60268714],[33.63089093,-10.60275714],[33.63415602,-10.6065928],[33.63540805,-10.60922058],[33.63820412,-10.61022249],[33.64153821,-10.6113294],[33.64563931,-10.60976553],[33.6490194,-10.60813566],[33.65260849,-10.6065728],[33.65495856,-10.6053609],[33.65694561,-10.60326008],[33.65926967,-10.60355305],[33.66267575,-10.60136724],[33.66332777,-10.59867147],[33.66572383,-10.59721159],[33.66872191,-10.59687561],[33.66992394,-10.59454981],[33.67258701,-10.59307094],[33.67577609,-10.59045117],[33.67814515,-10.58821336],[33.6800102,-10.58595354],[33.68222325,-10.58458866],[33.68486232,-10.58277481],[33.68750239,-10.57931911],[33.70522185,-10.5711278],[33.70588187,-10.57665933],[33.70165176,-10.58697845],[33.6876204,-10.60000734],[33.68612137,-10.60428697],[33.68479034,-10.60803965],[33.6640108,-10.62355834],[33.65166248,-10.62740502],[33.64629135,-10.63174465],[33.63878016,-10.64343365],[33.62357077,-10.66128213],[33.61612058,-10.66215506],[33.60242122,-10.65840239],[33.59727909,-10.66250504],[33.59350999,-10.67168426],[33.58459877,-10.68290331],[33.5698204,-10.70604134],[33.55998915,-10.71518056],[33.54987989,-10.7346719],[33.54449776,-10.73855557],[33.53776858,-10.73575581],[33.53240844,-10.7371017],[33.53168742,-10.74123535],[33.5341475,-10.75780393],[33.53153844,-10.76721613],[33.52663631,-10.76925596],[33.51680605,-10.7793201],[33.51028589,-10.78088497],[33.50395773,-10.78775139],[33.49578651,-10.79276097],[33.4834262,-10.79568072],[33.47267592,-10.80297011],[33.46562675,-10.81170236],[33.46048761,-10.81806183],[33.45278641,-10.82215648],[33.44277615,-10.82232147],[33.42329364,-10.81679895],[33.41628546,-10.81480813],[33.40349512,-10.81310228],[33.38882274,-10.81416919],[33.37641342,-10.82581821],[33.36827321,-10.82909394],[33.3640541,-10.83079779],[33.33934546,-10.83024685],[33.33473334,-10.83014386],[33.32200302,-10.85305391],[33.31969197,-10.85937338],[33.31118075,-10.87114438],[33.30254052,-10.87454409],[33.2862321,-10.87765283],[33.28442005,-10.86912456],[33.27884991,-10.86725473],[33.27442179,-10.86745471],[33.26579256,-10.87038446],[33.2474891,-10.89095072],[33.24607006,-10.89554033],[33.24859913,-10.89901203],[33.2510902,-10.90891118],[33.25598033,-10.91009408],[33.26105046,-10.90552147],[33.27159074,-10.90766528],[33.27699287,-10.90058188],[33.28071197,-10.90245172],[33.29966348,-10.92257999],[33.30234555,-10.92810451],[33.3042526,-10.93203718],[33.31003976,-10.93782168],[33.31325185,-10.94497807],[33.30804074,-10.99278199],[33.30981079,-11.00511194],[33.31071182,-11.0114224],[33.31874204,-11.02987082],[33.31822303,-11.03883306],[33.32050409,-11.04598945],[33.32952233,-11.05501167],[33.3317614,-11.06905047],[33.33848358,-11.07461699],[33.34772283,-11.086186],[33.35840411,-11.09222548],[33.36603332,-11.10124171],[33.3763946,-11.12040306],[33.3723625,-11.13073219],[33.37393454,-11.13994041],[33.37878267,-11.14687081],[33.39231403,-11.14465099],[33.40323532,-11.14955056],[33.40554338,-11.15278529],[33.4061844,-11.16267945],[33.4021753,-11.17093874],[33.40143528,-11.17644828],[33.39367609,-11.1878973],[33.39240206,-11.20444589],[33.38271582,-11.22462418],[33.38220482,-11.23221354],[33.37702468,-11.23952891],[33.35967424,-11.25482462],[33.35657316,-11.26653562],[33.35298307,-11.27279309],[33.34973299,-11.27845461],[33.34780295,-11.28901371],[33.33719368,-11.30642724],[33.32662341,-11.31785327],[33.32002325,-11.32359578],[33.30927397,-11.332921],[33.30760293,-11.33796757],[33.30896097,-11.34442402],[33.3175022,-11.35712294],[33.31840223,-11.36241848],[33.31276408,-11.36904692],[33.30334184,-11.37081178],[33.29481161,-11.36869697],[33.28896346,-11.37050181],[33.28353933,-11.37851113],[33.28373333,-11.38588051],[33.29091253,-11.39584765],[33.29374362,-11.42342731],[33.28877249,-11.43351645],[33.28455338,-11.43716114],[33.27848023,-11.43804607],[33.27289208,-11.43569928],[33.25342856,-11.41857374],[33.24970946,-11.41530102],[33.24952245,-11.40886857],[33.24534934,-11.40446895],[33.2400012,-11.40259911],[33.232009,-11.41173834],[33.23126898,-11.41701089],[33.22772089,-11.42435727],[33.22696988,-11.43170664],[33.23434008,-11.44487552],[33.24199928,-11.45159094],[33.24705042,-11.46198405],[33.24816046,-11.47141325],[33.24124829,-11.49461128],[33.25131156,-11.50432845],[33.25250959,-11.51378964],[33.24891951,-11.53006126],[33.23998928,-11.53874553],[33.23577017,-11.54101034],[33.23081105,-11.5497196],[33.2249399,-11.55541913],[33.22445891,-11.59084311],[33.24021032,-11.58823132],[33.26047885,-11.57935907],[33.27888133,-11.5847766],[33.28523249,-11.57769219],[33.2896506,-11.57979101],[33.29242368,-11.58441362],[33.29263369,-11.58763334],[33.30552003,-11.59230694],[33.31124218,-11.59695854],[33.31604131,-11.61239723],[33.31778437,-11.63172658],[33.31731137,-11.63795905],[33.31497332,-11.66896342],[33.31634638,-11.70165165],[33.3167814,-11.71198577],[33.31507236,-11.72324481],[33.32370161,-11.75964172],[33.3233126,-11.76314143],[33.32271359,-11.76860796],[33.32750473,-11.78565651],[33.33097282,-11.79028611],[33.3337149,-11.80041525],[33.33389491,-11.80916451],[33.32936279,-11.82316233],[33.31497343,-11.84329463],[33.30598221,-11.85980023],[33.30500119,-11.86669865],[33.30729025,-11.87452199],[33.31074235,-11.87836866],[33.31749452,-11.88586302],[33.32325168,-11.89831996],[33.32311369,-11.91994513],[33.31950161,-11.93510185],[33.31072339,-11.9557421],[33.31014339,-11.97159776],[33.30799234,-11.97894613],[33.3102734,-11.98793937],[33.30921338,-11.9982755],[33.30877437,-12.00264113],[33.30165219,-12.01869477],[33.29340099,-12.02875592],[33.28934189,-12.04160784],[33.28822386,-12.04364367],[33.27963264,-12.05924635],[33.27106144,-12.08481019],[33.27032142,-12.08701501],[33.26241323,-12.11481866],[33.26098219,-12.11984823],[33.26021218,-12.1297274],[33.26052519,-12.13310611],[33.26152023,-12.14376621],[33.26613235,-12.15253547],[33.27289253,-12.15695509],[33.28576387,-12.16049778],[33.28829294,-12.16119472],[33.30536439,-12.16292457],[33.3095335,-12.16776815],[33.3091715,-12.18709252],[33.31184159,-12.2073508],[33.3079425,-12.23124879],[33.3078815,-12.23975306],[33.30936955,-12.24464465],[33.3113226,-12.25104711],[33.31806378,-12.2570646],[33.32788304,-12.25805251],[33.33133113,-12.26704574],[33.33391421,-12.28289241],[33.33403221,-12.28361834],[33.33889235,-12.29170365],[33.35147368,-12.30051791],[33.35750485,-12.30838123],[33.35882488,-12.31122199],[33.35986991,-12.3134858],[33.36327301,-12.32083518],[33.3661341,-12.34960875],[33.37010521,-12.35008571],[33.38185451,-12.34441917],[33.39474485,-12.34104945],[33.4080732,-12.34297928],[33.4234966,-12.3426293],[33.43314485,-12.33928258],[33.44841525,-12.3282805],[33.4542864,-12.32404685],[33.47629397,-12.32431081],[33.48582723,-12.33402999],[33.50243667,-12.33596481],[33.51198892,-12.34384914],[33.51549801,-12.34363915],[33.5267973,-12.33312003],[33.53170743,-12.33337301],[33.53662056,-12.33868256],[33.54240072,-12.34494202],[33.54840888,-12.35923782],[33.54723786,-12.36442738],[33.54576883,-12.37095683],[33.54399478,-12.37318164],[33.5252413,-12.38655653],[33.52248723,-12.38851836],[33.51215696,-12.39306498],[33.50603781,-12.39831454],[33.50107868,-12.40702281],[33.49706958,-12.41045353],[33.48816934,-12.41177342],[33.48323622,-12.41496316],[33.47643904,-12.41538012],[33.47360797,-12.41949678],[33.47169692,-12.4263922],[33.47366898,-12.43334161],[33.47676707,-12.44423069],[33.47902913,-12.45220001],[33.47689608,-12.45585271],[33.47100693,-12.46180921],[33.45906661,-12.46126326],[33.44966637,-12.46787171],[33.44776632,-12.47177838],[33.43367496,-12.4788178],[33.41595551,-12.50331575],[33.41445548,-12.51778852],[33.40997337,-12.5228241],[33.39922709,-12.52719674],[33.39495498,-12.52894359],[33.38318567,-12.53760287],[33.37045635,-12.55086177],[33.3608241,-12.55471144],[33.35473494,-12.55352155],[33.35122585,-12.55197168],[33.33885452,-12.54650515],[33.33280435,-12.54187254],[33.33117931,-12.53748792],[33.32466313,-12.53215637],[33.31533189,-12.52727379],[33.30195354,-12.53178342],[33.29536137,-12.5356531],[33.29188228,-12.53631604],[33.28153301,-12.53831088],[33.27569286,-12.53839588],[33.27098173,-12.53847287],[33.26229151,-12.54347246],[33.26315353,-12.55405856],[33.25478332,-12.56426171],[33.23858191,-12.58401206],[33.23242176,-12.59431819],[33.22325052,-12.59931778],[33.21762037,-12.59973575],[33.20704209,-12.60517029],[33.20178896,-12.61026687],[33.19901889,-12.61294664],[33.19323975,-12.63451483],[33.18875764,-12.63954441],[33.18123044,-12.64339709],[33.1758403,-12.64312812],[33.17424926,-12.63713762],[33.17883136,-12.61877616],[33.17864035,-12.61302665],[33.16887109,-12.60283752],[33.15274967,-12.59697702],[33.13728026,-12.5984609],[33.13427818,-12.59913785],[33.12930005,-12.60025076],[33.11538769,-12.61278971],[33.10670846,-12.61365064],[33.09970828,-12.609467],[33.09089604,-12.59720404],[33.08622692,-12.5953312],[33.08338484,-12.59922087],[33.07446561,-12.60237061],[33.06572639,-12.61035694],[33.06288031,-12.61116888],[33.05633814,-12.61304672],[33.04028573,-12.62879541],[33.03598663,-12.63631478],[33.02627738,-12.65329335],[33.0197042,-12.65416128],[33.01521409,-12.65918287],[33.01162501,-12.66927002],[33.00859594,-12.69661972],[33.00642489,-12.70372912],[32.99595762,-12.7183239],[32.99150551,-12.72453738],[32.97579611,-12.74122599],[32.9638748,-12.75030523],[32.96053372,-12.75763961],[32.95823267,-12.78085266],[32.95643966,-12.82790771],[32.95616565,-12.8350981],[32.9574927,-12.84407434],[32.96098379,-12.84801001],[32.97026504,-12.8553264],[32.98034331,-12.86103891],[33.00058485,-12.8812092],[33.01577526,-12.88868157],[33.02040638,-12.895392],[33.02221144,-12.90459522],[33.02614454,-12.91222158],[33.02515652,-12.9179541],[33.01750333,-12.9369895],[33.01765635,-12.94733863],[33.01559629,-12.95443104],[33.01259422,-12.96477717],[33.0112972,-12.98177575],[33.01240724,-12.98983407],[33.00740611,-12.99922028],[32.9993759,-13.00605671],[32.99171571,-13.02462216],[32.9872256,-13.02849484],[32.98810662,-13.03586122],[32.99554583,-13.04489046],[32.99639286,-13.0563835],[32.99164674,-13.06394186],[32.98883567,-13.0670786],[32.97980544,-13.07718776],[32.98032446,-13.09948889],[32.97910443,-13.10569537],[32.97459532,-13.11163287],[32.97472433,-13.12519774],[32.98080552,-13.15835995],[32.99572491,-13.17134886],[33.00159608,-13.17968516],[33.00663522,-13.18683156],[33.01075533,-13.20066139],[33.01401342,-13.20437008],[33.0167635,-13.2124354],[33.01416543,-13.21562914],[33.00166511,-13.22266556],[32.99154384,-13.2246624],[32.9821136,-13.22987097],[32.97895553,-13.24248891],[32.97375539,-13.24751149],[32.9699063,-13.25920552],[32.96777424,-13.26148833],[32.958626,-13.26027244],[32.95532291,-13.26115936],[32.95348387,-13.26367015],[32.94559467,-13.27441526],[32.94123456,-13.29093988],[32.93837349,-13.29619444],[32.93899951,-13.30448874],[32.93253335,-13.32098037],[32.93366238,-13.32582697],[32.92903527,-13.33839292],[32.92638321,-13.34555832],[32.92310313,-13.35446958],[32.92304913,-13.36047508],[32.92285914,-13.38320517],[32.92284314,-13.38573696],[32.92016208,-13.39767596],[32.91560296,-13.40914001],[32.88870128,-13.45075655],[32.88277313,-13.45714502],[32.87593295,-13.46006878],[32.86091056,-13.45788597],[32.84916125,-13.45778299],[32.84515114,-13.45913588],[32.84389211,-13.46259559],[32.84352212,-13.48602363],[32.84413314,-13.49705871],[32.84732223,-13.50858175],[32.84468217,-13.51591114],[32.84362214,-13.51651109],[32.83712097,-13.52021578],[32.82196158,-13.53365767],[32.8038221,-13.53786933],[32.79789795,-13.54218197],[32.79338084,-13.54835546],[32.78334057,-13.55201816],[32.76655913,-13.55157821],[32.75942895,-13.55955355],[32.75223877,-13.57558622],[32.74772965,-13.58037582],[32.73597934,-13.57912593],[32.73150823,-13.58023584],[32.72448904,-13.57672114],[32.72141896,-13.5771661],[32.70576654,-13.56598705],[32.6930782,-13.56610004],[32.69022913,-13.56883682],[32.69063714,-13.57550926],[32.68425898,-13.5774211],[32.68096689,-13.57840903],[32.684556,-13.59752443],[32.67410773,-13.60915347],[32.67547677,-13.61422304],[32.6801269,-13.61932262],[32.68974815,-13.62239835],[32.70493856,-13.63310445],[32.71714988,-13.63458432],[32.72743816,-13.64158073],[32.7366094,-13.64189069],[32.74692068,-13.64565838],[32.75081878,-13.64590535],[32.75514889,-13.64619033],[32.76062703,-13.63818599],[32.77381138,-13.63692108],[32.78670072,-13.64162368],[32.79906106,-13.65368667],[32.79943107,-13.65954918],[32.8000991,-13.67001131],[32.82674181,-13.68954467],[32.83931116,-13.70547833],[32.84280125,-13.70991496],[32.84417129,-13.71496754],[32.8406002,-13.72000412],[32.83044193,-13.72521369],[32.82433777,-13.72447076],[32.81610156,-13.72346785],[32.80641231,-13.72937336],[32.80564129,-13.73579883],[32.79448,-13.74835179],[32.78175767,-13.74962169],[32.77761057,-13.7675192],[32.77001937,-13.77388268],[32.77375047,-13.77782935],[32.77767158,-13.7772494],[32.78050965,-13.77683943],[32.78411875,-13.77630947],[32.79045891,-13.77819931],[32.79697109,-13.78744553],[32.8009492,-13.79000132],[32.80535232,-13.79762768],[32.80857941,-13.79792665],[32.81076147,-13.79813063],[32.81490056,-13.78161901],[32.83465309,-13.78362883],[32.84819945,-13.79476789],[32.8616318,-13.79235808],[32.8613528,-13.79832758],[32.86341286,-13.80454706],[32.86734196,-13.80334016],[32.87143207,-13.80208126],[32.88898354,-13.81487619],[32.89526272,-13.82342547],[32.89677377,-13.84022408],[32.90350295,-13.85176311],[32.9165953,-13.86313216],[32.9236145,-13.86778676],[32.92925264,-13.86898066],[32.93673384,-13.87478117],[32.94670512,-13.89196974],[32.95273629,-13.90501865],[32.94724315,-13.91416389],[32.94312305,-13.92930663],[32.94683515,-13.93623005],[32.95058526,-13.93832588],[32.96238457,-13.93520113],[32.97437388,-13.93643902],[32.98706622,-13.94022369],[32.9938484,-13.94506729],[33.00040658,-13.9497549],[33.00340467,-13.95781422],[33.00379768,-13.96747342],[33.00197463,-13.96949326],[32.99762553,-13.97432286],[32.9926054,-13.9834721],[32.99010635,-14.00183357],[32.9918764,-14.01563943],[32.99733555,-14.02143194],[33.00168467,-14.02605855],[33.01179394,-14.0291283],[33.02931541,-14.04740977],[33.03823766,-14.05092647],[33.04129774,-14.05072148],[33.05090698,-14.03875747],[33.05413806,-14.0347308],[33.06315629,-14.02629149],[33.06676838,-14.01644831],[33.06829041,-14.00273945],[33.06954944,-13.99141139],[33.08094873,-13.97863244],[33.10415033,-13.96179382],[33.1105165,-13.96045893],[33.12627992,-13.96195379],[33.13171906,-13.95969398],[33.14293834,-13.93840574],[33.15189957,-13.93616992],[33.17909931,-13.95199458],[33.18353943,-13.95593025],[33.18934159,-13.96792326],[33.18926159,-13.9794123],[33.19692981,-13.99349113],[33.20918314,-14.00498016],[33.2113992,-14.00674801],[33.21458028,-14.01025272],[33.13785327,-14.0351637],[33.01031393,-14.07657936],[33.00016667,-14.07987409],[32.86625116,-14.12589636],[32.65876072,-14.19720259],[32.64334132,-14.20378505],[32.51474895,-14.25869659],[32.45056427,-14.28610736],[32.3908137,-14.29726048],[32.36587204,-14.30191611],[32.3076015,-14.31279625],[32.27701069,-14.31850779],[32.27197056,-14.31996267],[32.27198656,-14.31821482],[32.26918648,-14.31879477],[32.26721744,-14.31920474],[32.26428436,-14.31980469],[32.26134328,-14.32042165],[32.2584052,-14.3210346],[32.25567813,-14.32159455],[32.25323606,-14.32210451],[32.25029499,-14.32270946],[32.24735791,-14.32332441],[32.24441683,-14.32393436],[32.24151776,-14.32467431],[32.23963671,-14.32533425],[32.23774466,-14.3259942],[32.23585661,-14.32665914],[32.23396756,-14.32731909],[32.23113748,-14.32830901],[32.22924544,-14.32896896],[32.22641436,-14.32996388],[32.22358428,-14.3309538],[32.22169524,-14.33161974],[32.21886516,-14.33260867],[32.21698411,-14.33326861],[32.21414604,-14.33425853],[32.21226599,-14.33491847],[32.20943491,-14.33592239],[32.20660484,-14.33691031],[32.20372376,-14.33775325],[32.20082469,-14.33851819],[32.19792561,-14.33927813],[32.19501153,-14.34003907],[32.19211546,-14.340801],[32.18921638,-14.34156794],[32.18631331,-14.34232787],[32.18341423,-14.34308782],[32.18062515,-14.34419773],[32.17787509,-14.34539063],[32.17512501,-14.34656753],[32.17236294,-14.34775844],[32.16960887,-14.34895234],[32.16777382,-14.34973728],[32.16502275,-14.35092818],[32.16211267,-14.35109217],[32.16012462,-14.35088219],[32.15724454,-14.35152713],[32.15440247,-14.35247706],[32.15155339,-14.35343998],[32.14871531,-14.3543869],[32.14587324,-14.35533683],[32.14397319,-14.35597677],[32.14112312,-14.3569317],[32.13828504,-14.35788162],[32.13543197,-14.35883654],[32.13259389,-14.35979147],[32.12974382,-14.36074739],[32.12690174,-14.36169632],[32.12406367,-14.36264624],[32.12216362,-14.36329118],[32.12026457,-14.36391713],[32.11742249,-14.36488105],[32.11457242,-14.36583098],[32.11173434,-14.3667779],[32.10889227,-14.36772583],[32.10604219,-14.36869075],[32.10319312,-14.36963967],[32.10035104,-14.37058659],[32.09764198,-14.37149552],[32.09569292,-14.37237745],[32.09387287,-14.37320538],[32.09204183,-14.37402532],[32.09022278,-14.37484725],[32.08840273,-14.37567518],[32.08657169,-14.37649512],[32.08384061,-14.37772901],[32.08202057,-14.37855495],[32.08020152,-14.37937588],[32.07836947,-14.38019981],[32.07655042,-14.38102475],[32.07471937,-14.38184668],[32.07290333,-14.38266961],[32.07017226,-14.38390451],[32.06835221,-14.38472845],[32.06652116,-14.38554938],[32.06470111,-14.38636931],[32.06288206,-14.38719824],[32.06105101,-14.38801918],[32.05923096,-14.38883911],[32.05649989,-14.39007901],[32.05353982,-14.39054897],[32.05155976,-14.39083895],[32.04859169,-14.39127392],[32.04561961,-14.39170588],[32.04265153,-14.39214385],[32.03969145,-14.39258881],[32.03672037,-14.39302378],[32.0337523,-14.39346874],[32.03079922,-14.3939737],[32.02884217,-14.39439867],[32.02687811,-14.39481464],[32.02394804,-14.39543359],[32.02102196,-14.39606853],[32.01808088,-14.39669348],[32.01515081,-14.39732644],[32.01221773,-14.39795839],[32.00928065,-14.39857834],[32.00635057,-14.39920329],[32.00342049,-14.39983723],[32.00145944,-14.4002532],[31.99951039,-14.40067817],[31.99656931,-14.40130312],[31.99363924,-14.40193707],[31.99168018,-14.40235304],[31.98874911,-14.40298698],[31.98581903,-14.40360393],[31.98287995,-14.40423788],[31.97994987,-14.40486283],[31.9770188,-14.40549778],[31.97411872,-14.40626272],[31.97219867,-14.40683567],[31.97028762,-14.40741263],[31.96837957,-14.40799258],[31.96645952,-14.40856553],[31.96454947,-14.40914249],[31.96166939,-14.41001742],[31.95975834,-14.41058237],[31.95783929,-14.41116232],[31.95592824,-14.41174728],[31.95400919,-14.41231223],[31.95131812,-14.41312717],[31.94922807,-14.41375212],[31.94638899,-14.41473703],[31.94451794,-14.41543698],[31.94170887,-14.4165069],[31.93890879,-14.41756181],[31.93703774,-14.41827675],[31.93422767,-14.41933167],[31.93235862,-14.42005161],[31.92966755,-14.4213715],[31.9278875,-14.42228642],[31.92521743,-14.42365331],[31.92254736,-14.4250262],[31.92076732,-14.42593613],[31.91809725,-14.42729602],[31.91542818,-14.42866091],[31.91364713,-14.42957583],[31.91097706,-14.43094072],[31.90919702,-14.43185064],[31.90652694,-14.43321053],[31.90385788,-14.43458442],[31.90207683,-14.43549035],[31.89940676,-14.43686524],[31.89673768,-14.43822513],[31.89494664,-14.43914505],[31.89227657,-14.44050494],[31.8896065,-14.44187083],[31.88782645,-14.44277976],[31.88515638,-14.44415464],[31.88248731,-14.44551453],[31.88070627,-14.44642046],[31.87567614,-14.44900425],[31.87358608,-14.45006916],[31.87091701,-14.45143405],[31.86824694,-14.45280194],[31.8664659,-14.45370886],[31.86379683,-14.45508376],[31.86111575,-14.45644364],[31.85933571,-14.45735057],[31.85666564,-14.45872346],[31.85399656,-14.46008834],[31.85221552,-14.46099827],[31.84954545,-14.46235816],[31.84687638,-14.46373205],[31.84509533,-14.46463797],[31.84242626,-14.46601286],[31.83975619,-14.46737275],[31.83797515,-14.46828068],[31.83546508,-14.46957257],[31.83352503,-14.47056249],[31.83085596,-14.47192739],[31.82906491,-14.47284231],[31.82659485,-14.47410221],[31.82450479,-14.47484214],[31.82167572,-14.47585206],[31.81884564,-14.47684698],[31.81602457,-14.4778569],[31.81413452,-14.47853184],[31.81225547,-14.47919679],[31.8093754,-14.48001673],[31.80644532,-14.48067667],[31.80449426,-14.48112163],[31.80156419,-14.48178159],[31.79961514,-14.48221655],[31.79669506,-14.4828765],[31.79474401,-14.48332146],[31.79181393,-14.48398141],[31.78986488,-14.48441938],[31.7869348,-14.48507832],[31.78498375,-14.48551628],[31.78206467,-14.48619023],[31.78010462,-14.4866262],[31.77718454,-14.48728615],[31.77523449,-14.48773111],[31.77230341,-14.48839105],[31.77035336,-14.48882602],[31.76742429,-14.48948597],[31.76450221,-14.49014592],[31.76255416,-14.49059088],[31.75962308,-14.49125583],[31.75767303,-14.49170079],[31.75474395,-14.49236074],[31.7527939,-14.4927977],[31.75027284,-14.49413559],[31.7489428,-14.49567947],[31.74598272,-14.49565047],[31.74298264,-14.49561047],[31.74098359,-14.49559048],[31.73798351,-14.49555049],[31.73503243,-14.49590546],[31.73210235,-14.4965804],[31.72918228,-14.49724535],[31.72723323,-14.49769631],[31.72430315,-14.49837026],[31.72138307,-14.49903521],[31.71846299,-14.49971015],[31.71553292,-14.5003901],[31.71261284,-14.50105505],[31.70968276,-14.50172999],[31.70676268,-14.50239494],[31.70384261,-14.50306888],[31.70091253,-14.50373983],[31.69799245,-14.50440677],[31.69506138,-14.50507972],[31.6921423,-14.50574567],[31.68922222,-14.50641961],[31.68629115,-14.50708456],[31.68344107,-14.50774451],[31.68159102,-14.50868844],[31.67892095,-14.51004733],[31.67625188,-14.51140621],[31.67357181,-14.5127641],[31.67090174,-14.51413899],[31.66823167,-14.51549888],[31.6655616,-14.51685877],[31.66288153,-14.51822366],[31.66020946,-14.51958355],[31.65754039,-14.52094844],[31.65576134,-14.52185836],[31.65308128,-14.52321825],[31.6504092,-14.52458314],[31.64774013,-14.52594303],[31.64507006,-14.52730292],[31.64239999,-14.52867681],[31.63971992,-14.53003469],[31.63715985,-14.53158257],[31.63463079,-14.53320543],[31.63211072,-14.5348273],[31.62957966,-14.53643717],[31.62705059,-14.53805704],[31.62452952,-14.53967191],[31.62200046,-14.54129478],[31.61947039,-14.54291664],[31.61694932,-14.54452651],[31.61442026,-14.54614638],[31.61188919,-14.54776125],[31.60936913,-14.54938511],[31.60684006,-14.55099099],[31.60406899,-14.5520559],[31.60212894,-14.55256586],[31.60001888,-14.55310581],[31.59754882,-14.5544507],[31.59578877,-14.55541562],[31.5931597,-14.55685551],[31.59051863,-14.55828039],[31.58788956,-14.55972027],[31.58524849,-14.56115516],[31.58261942,-14.56259504],[31.57998935,-14.56403492],[31.57734929,-14.56546081],[31.57471922,-14.56690169],[31.57207915,-14.56833457],[31.56944908,-14.56977446],[31.56681901,-14.57120434],[31.56417894,-14.57264422],[31.56154887,-14.5740841],[31.5589088,-14.57550899],[31.55627874,-14.57694887],[31.55364866,-14.57838376],[31.55100859,-14.57982363],[31.54837853,-14.58126352],[31.54587746,-14.58289839],[31.54422742,-14.5840493],[31.54258737,-14.5851932],[31.54012831,-14.58690306],[31.53766825,-14.58861892],[31.53520618,-14.59032778],[31.5323271,-14.59114271],[31.53038805,-14.59164767],[31.52758798,-14.59265259],[31.52583693,-14.59363251],[31.52321786,-14.59508739],[31.52147782,-14.59606231],[31.51885775,-14.5975172],[31.5171067,-14.59849912],[31.51448764,-14.599961],[31.51273659,-14.60094192],[31.51099555,-14.60191184],[31.5092475,-14.60288676],[31.50749546,-14.60385668],[31.50487638,-14.60531656],[31.50313634,-14.60630148],[31.50051627,-14.60776136],[31.49876722,-14.60873028],[31.49614615,-14.61019616],[31.49352708,-14.61165605],[31.49090602,-14.61311593],[31.48819595,-14.61439082],[31.48546687,-14.61564072],[31.4827368,-14.61688562],[31.48000573,-14.61813752],[31.47728566,-14.61939042],[31.47455659,-14.62064032],[31.47273654,-14.62147025],[31.46974546,-14.62149025],[31.46774641,-14.62147025],[31.46528634,-14.62143025],[31.46279528,-14.62190522],[31.46082522,-14.62229018],[31.45886617,-14.62266015],[31.45591509,-14.62322511],[31.45395604,-14.62359508],[31.45198599,-14.62398005],[31.45002493,-14.62435002],[31.44806589,-14.62471999],[31.44609584,-14.62509497],[31.44413478,-14.62546493],[31.44216473,-14.6258499],[31.44020568,-14.62621987],[31.43823562,-14.62659785],[31.43627457,-14.62696782],[31.43424552,-14.62735879],[31.43227447,-14.62773475],[31.42933539,-14.62829971],[31.42736534,-14.62867668],[31.42541429,-14.62910865],[31.42346424,-14.62953961],[31.42150418,-14.62996958],[31.41858511,-14.63061452],[31.41662505,-14.63104449],[31.414675,-14.63148945],[31.41272395,-14.63191942],[31.40979388,-14.63256737],[31.40784482,-14.63299934],[31.40588377,-14.6334343],[31.40296369,-14.63407425],[31.40100464,-14.63451921],[31.39905359,-14.63494918],[31.39710454,-14.63537914],[31.39417446,-14.63602509],[31.39222341,-14.63645806],[31.39026436,-14.63689402],[31.38831331,-14.63732399],[31.38538323,-14.63797893],[31.38343418,-14.6384089],[31.38148313,-14.63884587],[31.37855305,-14.63948381],[31.37659399,-14.63992878],[31.37464295,-14.64035375],[31.37269389,-14.64078371],[31.36976382,-14.64143866],[31.36781276,-14.64186863],[31.36585371,-14.64229859],[31.36390266,-14.64272856],[31.36097258,-14.6433745],[31.35902353,-14.64380647],[31.35707348,-14.64424344],[31.3541424,-14.64488838],[31.35219235,-14.64532835],[31.3502323,-14.64575831],[31.34828225,-14.64618828],[31.3463332,-14.64662625],[31.34340312,-14.64726419],[31.34145207,-14.64770816],[31.33949301,-14.64813312],[31.33754196,-14.64856309],[31.33461188,-14.64921804],[31.33266284,-14.649648],[31.33071178,-14.65007797],[31.32875273,-14.65050793],[31.32680168,-14.6509479],[31.3238526,-14.65148486],[31.32187255,-14.65178783],[31.31990249,-14.65208281],[31.31693242,-14.65253377],[31.31495237,-14.65283775],[31.31199229,-14.65328771],[31.30902221,-14.65373268],[31.30704115,-14.65403666],[31.30408208,-14.65448762],[31.301111,-14.65493758],[31.29913095,-14.65523256],[31.29617086,-14.65568352],[31.29419081,-14.6559725],[31.29122074,-14.65642446],[31.28826066,-14.65687743],[31.2862806,-14.6571774],[31.28331053,-14.65762237],[31.28134047,-14.65792735],[31.2783704,-14.65837731],[31.27539932,-14.65882727],[31.27343026,-14.65912225],[31.27045918,-14.65957422],[31.26848113,-14.65986219],[31.26555105,-14.66047714],[31.26266098,-14.66125708],[31.2597599,-14.66204402],[31.25782985,-14.66256198],[31.25493078,-14.66334192],[31.2520407,-14.66413685],[31.24913962,-14.66491679],[31.24624855,-14.66570673],[31.24335047,-14.66648666],[31.24045939,-14.6672726],[31.23756031,-14.66805553],[31.23466024,-14.66884147],[31.23176916,-14.66962141],[31.22983911,-14.67015437],[31.22693804,-14.6709363],[31.22404996,-14.67172124],[31.22114888,-14.67250118],[31.2182588,-14.67328312],[31.21535973,-14.67407105],[31.21245866,-14.67485099],[31.20956857,-14.67564593],[31.2066695,-14.67642586],[31.20377842,-14.6772148],[31.20087835,-14.67799574],[31.19798927,-14.67877567],[31.19604922,-14.67930563],[31.19315914,-14.68008057],[31.19025807,-14.6808755],[31.18939804,-14.68129147],[31.187619,-14.6821554],[31.18526894,-14.68401025],[31.18291887,-14.68588109],[31.1800078,-14.68647505],[31.17704772,-14.68694501],[31.17407764,-14.68742497],[31.17111756,-14.68789494],[31.16826749,-14.68880986],[31.16541841,-14.68976479],[31.16351836,-14.69038974],[31.16067828,-14.69133966],[31.15782721,-14.69229458],[31.15403711,-14.69355948],[31.15119704,-14.6945094],[31.14929698,-14.69514935],[31.14644691,-14.69610427],[31.14360683,-14.69705419],[31.14075776,-14.69800412],[31.13885771,-14.69863407],[31.13601763,-14.69958399],[31.13316756,-14.70053392],[31.1312775,-14.70117386],[31.12937646,-14.70179881],[31.12653639,-14.70275374],[31.12463633,-14.70337868],[31.12178626,-14.70434361],[31.11894618,-14.70529253],[31.11704713,-14.70592348],[31.11419706,-14.70687341],[31.11135698,-14.70782333],[31.10850691,-14.70877125],[31.10661685,-14.7094092],[31.10376578,-14.71035812],[31.10092571,-14.71130804],[31.09807563,-14.71226297],[31.09523555,-14.71321289],[31.09333551,-14.71383784],[31.09143646,-14.71447279],[31.08858638,-14.71542071],[31.0857463,-14.71636764],[31.08384626,-14.71700758],[31.0819452,-14.71764253],[31.07910613,-14.71859046],[31.07617505,-14.71834248],[31.07321497,-14.71782252],[31.07035589,-14.71805251],[31.06854485,-14.71887844],[31.0667258,-14.71970737],[31.06490575,-14.7205473],[31.06308471,-14.72138224],[31.06127466,-14.72221717],[31.05938561,-14.7230781],[31.05649453,-14.72351006],[31.05451448,-14.72379804],[31.0515444,-14.72424201],[31.04857532,-14.72468197],[31.04581525,-14.72579188],[31.0440032,-14.72663881],[31.04183414,-14.72764773],[31.03928408,-14.72820169],[31.03791204,-14.72849266],[31.036354,-14.72882664],[31.03439495,-14.7292516],[31.03146387,-14.72988155],[31.0288048,-14.7304475],[31.02655374,-14.73009754],[31.02457369,-14.72980156],[31.02165361,-14.73026653],[31.01972356,-14.73077648],[31.01682448,-14.73155842],[31.0139234,-14.73233136],[31.01102432,-14.7331013],[31.00812425,-14.73386623],[31.00522317,-14.73464117],[31.00232409,-14.73540811],[31.00039404,-14.73592107],[30.99749297,-14.73668601],[30.99459389,-14.73746095],[30.99169281,-14.73822788],[30.98879274,-14.73900082],[30.98589366,-14.73977076],[30.98300258,-14.7405357],[30.98106253,-14.74106066],[30.97816345,-14.74183059],[30.97526238,-14.74259553],[30.9723613,-14.74337047],[30.96946323,-14.74413541],[30.96753317,-14.74465037],[30.9646321,-14.74541531],[30.96173303,-14.74619024],[30.95883195,-14.74695618],[30.95690289,-14.74747014],[30.95400182,-14.74823508],[30.95110274,-14.74901002],[30.94820166,-14.74977595],[30.94627161,-14.75029492],[30.94336253,-14.75103485],[30.94044246,-14.7517148],[30.93752238,-14.75240974],[30.93460231,-14.75309469],[30.93168223,-14.75378963],[30.92876115,-14.75446958],[30.92584107,-14.75515953],[30.92292099,-14.75584847],[30.92000092,-14.75653942],[30.91708084,-14.75722736],[30.91416076,-14.7579073],[30.91124169,-14.75859925],[30.90929064,-14.75905921],[30.90637056,-14.75974416],[30.90345048,-14.7604241],[30.9005304,-14.76111804],[30.89761032,-14.76180899],[30.89469125,-14.76249694],[30.89177117,-14.76317688],[30.88885109,-14.76386883],[30.88593101,-14.76455577],[30.88301093,-14.76524872],[30.88009086,-14.76592866],[30.87716979,-14.76661461],[30.87424971,-14.76730855],[30.87132963,-14.76799349],[30.86840955,-14.76867344],[30.86548947,-14.76936838],[30.86256939,-14.77005333],[30.85965032,-14.77073328],[30.85677024,-14.77141322],[30.85477919,-14.77188418],[30.85185911,-14.77257813],[30.84893904,-14.77325807],[30.84698798,-14.77371603],[30.84406891,-14.77440798],[30.84114883,-14.77508792],[30.83822875,-14.77577487],[30.8362887,-14.77623283],[30.83336862,-14.77692678],[30.83044854,-14.77760672],[30.82849949,-14.77806269],[30.82557742,-14.77875763],[30.82265834,-14.77943758],[30.82071329,-14.77989254],[30.81778921,-14.78058748],[30.81486913,-14.78126743],[30.81291908,-14.7817234],[30.80999901,-14.78241734],[30.80707893,-14.78310228],[30.80513888,-14.78355525],[30.8022078,-14.78424719],[30.79928772,-14.78493514],[30.79647764,-14.78594305],[30.79369857,-14.78706696],[30.79183852,-14.78781691],[30.78905645,-14.78893181],[30.7871984,-14.78968675],[30.78441733,-14.79080166],[30.78255728,-14.7915426],[30.7797782,-14.79266651],[30.77791715,-14.79341545],[30.77513808,-14.79453136],[30.77328803,-14.7952863],[30.77049696,-14.79640121],[30.76864691,-14.79714115],[30.76585784,-14.79826605],[30.76400779,-14.799015],[30.76122671,-14.8001309],[30.75936767,-14.80088584],[30.75750762,-14.80162578],[30.75472654,-14.8027407],[30.75287649,-14.80349563],[30.75008742,-14.80461354],[30.74823737,-14.80535448],[30.7454473,-14.80647039],[30.74359725,-14.80722533],[30.74081617,-14.80834024],[30.73895613,-14.80909518],[30.73613705,-14.81011009],[30.73383699,-14.81094503],[30.73143693,-14.81179996],[30.72954688,-14.8124799],[30.72766683,-14.81315485],[30.72578578,-14.81383479],[30.7229667,-14.81484971],[30.72107665,-14.81552366],[30.71825558,-14.81654458],[30.71543651,-14.8175545],[30.71261543,-14.81857041],[30.71072638,-14.81924935],[30.70790531,-14.82025927],[30.70508623,-14.82126919],[30.70319618,-14.82194914],[30.70037511,-14.82297405],[30.69755603,-14.82398397],[30.69567398,-14.82466292],[30.6928449,-14.82567184],[30.69002584,-14.82669376],[30.68814479,-14.8273597],[30.68531471,-14.82838362],[30.68249563,-14.82939354],[30.68061458,-14.83007348],[30.67779551,-14.8310884],[30.67496543,-14.83209831],[30.67214536,-14.83312323],[30.67026531,-14.83379318],[30.66782525,-14.83548304],[30.66628421,-14.83676294],[30.66361414,-14.83799284],[30.66169508,-14.83857279],[30.65882501,-14.83942772],[30.65595393,-14.84028765],[30.65403488,-14.84086761],[30.6511648,-14.84172754],[30.64828473,-14.84259247],[30.64637468,-14.84316842],[30.64349461,-14.84403236],[30.64062452,-14.84489228],[30.63871448,-14.84547224],[30.6358344,-14.84633217],[30.63296432,-14.8472021],[30.63104327,-14.84777205],[30.62817419,-14.84862698],[30.62542412,-14.84981788],[30.62269305,-14.85105678],[30.61996298,-14.85230168],[30.61813393,-14.85313162],[30.61540286,-14.85436652],[30.61358281,-14.85520145],[30.61085374,-14.85644135],[30.60812367,-14.85768024],[30.60524359,-14.85850118],[30.60330354,-14.85899814],[30.60040246,-14.85973908],[30.59846341,-14.86023104],[30.59652336,-14.860727],[30.59458331,-14.86122097],[30.59197224,-14.86266585],[30.58941217,-14.86422072],[30.58684311,-14.86577559],[30.58411203,-14.8669855],[30.58224098,-14.86770543],[30.57944091,-14.86879034],[30.57757286,-14.86949629],[30.57477279,-14.8705802],[30.57291174,-14.87128714],[30.57011166,-14.87237006],[30.56730159,-14.87343997],[30.56450151,-14.87450988],[30.56170144,-14.8755898],[30.55890136,-14.87665971],[30.55610129,-14.87772962],[30.55330121,-14.87880453],[30.55142117,-14.87950448],[30.54855209,-14.88035941],[30.54567202,-14.88119934],[30.54279194,-14.88203428],[30.53991186,-14.88288921],[30.53799081,-14.88344916],[30.53511073,-14.88428909],[30.53319168,-14.88484905],[30.53031161,-14.88569598],[30.52743153,-14.88653891],[30.52551048,-14.88709587],[30.5226404,-14.8879388],[30.52071135,-14.88850875],[30.51784128,-14.88934369],[30.5151212,-14.89057459],[30.51253114,-14.89207747],[30.51079109,-14.89307839],[30.50820103,-14.89457326],[30.50560095,-14.89607314],[30.50286988,-14.89731804],[30.50104083,-14.89812797],[30.49920978,-14.89893291],[30.49738074,-14.89975584],[30.49556069,-14.90056278],[30.49281962,-14.90178768],[30.49099057,-14.90259661],[30.4882495,-14.90381252],[30.48551042,-14.90503741],[30.48367938,-14.90585234],[30.48185033,-14.90666728],[30.48003028,-14.90747522],[30.47819923,-14.90829715],[30.47546016,-14.90951305],[30.47272009,-14.91073195],[30.47089004,-14.91154689],[30.46905899,-14.91235382],[30.46631992,-14.91357172],[30.46448887,-14.91439166],[30.46174979,-14.91561156],[30.45992875,-14.91642649],[30.45717968,-14.91764339],[30.45520962,-14.91852632],[30.45326957,-14.92058615],[30.45159853,-14.92236101],[30.44926847,-14.92344592],[30.44745842,-14.92429285],[30.44564937,-14.92513578],[30.44382832,-14.92597571],[30.44110825,-14.92724061],[30.4392982,-14.92808054],[30.43657813,-14.92935544],[30.43385806,-14.93061234],[30.43204801,-14.93146027],[30.42932794,-14.93272517],[30.42660787,-14.93399006],[30.42478882,-14.934832],[30.42206875,-14.93610489],[30.41934868,-14.93736379],[30.41753863,-14.93820972],[30.41481856,-14.93947462],[30.41209848,-14.94073951],[30.41027744,-14.94158345],[30.40755736,-14.94285435],[30.4048483,-14.94411424],[30.40212822,-14.94538414],[30.40030717,-14.94621907],[30.3975871,-14.94748397],[30.39486703,-14.94874887],[30.39210696,-14.94992077],[30.39025691,-14.95068171],[30.38747784,-14.95181362],[30.38469676,-14.95294353],[30.38191769,-14.95407343],[30.37913661,-14.95520334],[30.37635754,-14.95633325],[30.37358646,-14.95745816],[30.37080739,-14.95858807],[30.36802632,-14.95971898],[30.36524725,-14.96085088],[30.36235717,-14.96165282],[30.35944709,-14.96235776],[30.35750704,-14.96284272],[30.35555599,-14.96331269],[30.35264691,-14.96402063],[30.34973584,-14.96474157],[30.34778678,-14.96521254],[30.3448057,-14.96535252],[30.34180562,-14.96529753],[30.33980657,-14.96525754],[30.3373955,-14.96521754],[30.33500544,-14.96620746],[30.33223437,-14.96735237],[30.32945529,-14.96850228],[30.32668522,-14.96964018],[30.32391615,-14.97079209],[30.32191509,-14.97161702],[30.31911502,-14.97204899],[30.31713497,-14.97235196],[30.31417489,-14.97281093],[30.31219484,-14.9731119],[30.30922476,-14.97357187],[30.30725471,-14.97387184],[30.30438563,-14.97468177],[30.30253558,-14.97544671],[30.29976451,-14.97659862],[30.29689543,-14.97742656],[30.29397535,-14.9781265],[30.2920353,-14.97859646],[30.29008425,-14.97906142],[30.28717517,-14.97976137],[30.28522412,-14.98022633],[30.28327507,-14.9806913],[30.28036399,-14.98139124],[30.27841494,-14.9818612],[30.27647489,-14.98232116],[30.27355481,-14.98302011],[30.27160376,-14.98349107],[30.26966371,-14.98396103],[30.26674363,-14.98466097],[30.26383456,-14.98536092],[30.2618835,-14.98581988],[30.25896342,-14.98651983],[30.25702337,-14.98699079],[30.25507432,-14.98746075],[30.25216325,-14.98816069],[30.25021419,-14.98861966],[30.24827414,-14.98909062],[30.24535406,-14.98979056],[30.24340401,-14.99024553],[30.24051293,-14.99104046],[30.23861289,-14.99166042],[30.23671283,-14.99226536],[30.23385376,-14.99320029],[30.23195271,-14.99380724],[30.23005266,-14.99442519],[30.22719358,-14.99535011],[30.22529353,-14.99596807],[30.22339348,-14.99658002],[30.22053241,-14.99749494],[30.21795234,-14.99833587],[30.21695231,-14.99751794],[30.2165733,-14.99584408],[30.21639929,-14.99506314],[30.21483325,-14.99136045],[30.21324421,-14.9883347],[30.21149216,-14.98396705],[30.21097514,-14.98269116],[30.21032613,-14.98131227],[30.21025812,-14.97838951],[30.21109914,-14.97535476],[30.21272818,-14.97181305],[30.2131662,-14.96906428],[30.21097314,-14.9626248],[30.20759905,-14.95815517],[30.20432396,-14.95385253],[30.20287792,-14.95043781],[30.20265691,-14.94668912],[30.20342492,-14.94379835],[30.20427595,-14.94031164],[30.20459995,-14.93521005],[30.20184388,-14.93001549],[30.19881879,-14.92472492],[30.19631073,-14.92085824],[30.19513369,-14.91824845],[30.19420667,-14.91224095],[30.19478868,-14.90860024],[30.19707774,-14.90630143],[30.1993418,-14.90473956],[30.20122985,-14.90395362],[30.20281089,-14.90251574],[30.20358591,-14.90017993],[30.20498595,-14.89594628],[30.20511695,-14.89254456],[30.20411992,-14.88884986],[30.20291989,-14.88489919],[30.2035949,-14.88134848],[30.20439792,-14.87956762],[30.2036349,-14.87605391],[30.20539195,-14.87427206],[30.20763501,-14.87258419],[30.20826102,-14.87015239],[30.20785201,-14.86537979],[30.20574695,-14.86002423],[30.20442891,-14.8566215],[30.20348789,-14.85297381],[30.20492992,-14.84841718],[30.20624296,-14.84431652],[30.20663397,-14.83994388],[30.20632096,-14.83586321],[30.20413089,-14.83048665],[30.20122182,-14.826325],[30.2005528,-14.82427316],[30.19911676,-14.82111742],[30.19882475,-14.81754072],[30.1970817,-14.81467895],[30.19241357,-14.81443798],[30.18718044,-14.8130091],[30.18310433,-14.81001334],[30.18137428,-14.80490976],[30.18329833,-14.80159204],[30.18443136,-14.79942521],[30.18431736,-14.79930322],[30.18206429,-14.79701741],[30.17948322,-14.79565853],[30.17722117,-14.79366369],[30.17551412,-14.79073493],[30.17269904,-14.78690324],[30.17000197,-14.78475042],[30.16601586,-14.78310256],[30.16189175,-14.78160369],[30.15868767,-14.77984284],[30.15594059,-14.77798998],[30.15363253,-14.77573217],[30.15172548,-14.77289241],[30.1489904,-14.77107456],[30.14627933,-14.77088057],[30.14421428,-14.77007364],[30.1412712,-14.76753585],[30.13996416,-14.76457709],[30.13902413,-14.76257926],[30.1377861,-14.76033645],[30.13610205,-14.75821562],[30.13380499,-14.75648976],[30.13102392,-14.75442193],[30.12919886,-14.75254109],[30.12783083,-14.75148517],[30.12737182,-14.75094622],[30.12721481,-14.75049826],[30.12600178,-14.74917937],[30.12531376,-14.74829344],[30.12407973,-14.74658558],[30.12405473,-14.74537668],[30.12392272,-14.74412778],[30.12361372,-14.74307687],[30.1232787,-14.74224794],[30.1230477,-14.74182397],[30.12198667,-14.74040309],[30.1194516,-14.73932218],[30.11750055,-14.73742533],[30.11615051,-14.7341536],[30.11589451,-14.73219676],[30.11422046,-14.72967098],[30.11180939,-14.72635125],[30.10891932,-14.72405744],[30.10585623,-14.72295453],[30.10259414,-14.72316451],[30.09920306,-14.72183762],[30.09682799,-14.71835891],[30.09518795,-14.71433024],[30.09399391,-14.71065955],[30.09052482,-14.70568296],[30.08701673,-14.70416108],[30.08263161,-14.70497802],[30.0785365,-14.70484003],[30.07662745,-14.70349915],[30.07529341,-14.70090436],[30.07334635,-14.69876753],[30.06992427,-14.69812959],[30.06631917,-14.69856156],[30.06246107,-14.69973146],[30.05897998,-14.6992005],[30.05601789,-14.69724466],[30.05428585,-14.6944419],[30.05401084,-14.69055422],[30.05579988,-14.68616958],[30.05591288,-14.68079802],[30.05303281,-14.67440755],[30.05071074,-14.67021689],[30.04861269,-14.66760711],[30.04495659,-14.66702016],[30.04126049,-14.66708915],[30.03746039,-14.66673519],[30.03554534,-14.66626422],[30.03253026,-14.66480334],[30.02841415,-14.6628415],[30.02401703,-14.6605607],[30.02056494,-14.6581689],[30.01687984,-14.65664602],[30.01266472,-14.65533513],[30.00968865,-14.65356128],[30.00779259,-14.65218339],[30.00724958,-14.65022955],[30.00768959,-14.64928663],[30.0081376,-14.64562293],[30.00922163,-14.64279517],[30.01161669,-14.63831153],[30.01376475,-14.63370391],[30.01377474,-14.6276924],[30.01155268,-14.62232985],[30.00687155,-14.61696229],[30.00017038,-14.61747925],[29.9971763,-14.61786122],[29.99508024,-14.61798121],[29.99317619,-14.61706529],[29.99148115,-14.6157704],[29.98933309,-14.61247567],[29.98864607,-14.60896296],[29.98695602,-14.60613719],[29.98525697,-14.60317844],[29.98381294,-14.60035667],[29.9822849,-14.5975549],[29.98055285,-14.59314426],[29.97925781,-14.58864064],[29.9788558,-14.58367905],[29.97989883,-14.57964438],[29.98182888,-14.57540473],[29.98353092,-14.5732459],[29.98553197,-14.56944022],[29.98558897,-14.56492759],[29.98502796,-14.56021298],[29.98509495,-14.55616331],[29.98612098,-14.55329055],[29.98730301,-14.55117972],[29.98865805,-14.54924088],[29.99062409,-14.547716],[29.99468721,-14.54561117],[29.99771428,-14.54446527],[29.99935633,-14.54368833],[30.00010235,-14.54256642],[30.00030435,-14.54121353],[30.0023284,-14.53865874],[30.00336343,-14.53569299],[30.00556648,-14.53267424],[30.00813655,-14.52880056],[30.00878257,-14.52602579],[30.00450645,-14.52231209],[30.00008533,-14.52251708],[29.99918232,-14.52276806],[29.99795828,-14.52296804],[29.99648424,-14.52269106],[29.99525721,-14.52147817],[29.9950572,-14.51961832],[29.99540421,-14.51838542],[29.99639624,-14.51691854],[29.99755427,-14.51577264],[30.00038635,-14.51313685],[30.00413444,-14.50971913],[30.00887257,-14.50745932],[30.01232465,-14.50572145],[30.01413871,-14.5039606],[30.01483272,-14.5027237],[30.01557274,-14.50125782],[30.01562274,-14.50110484],[30.01861682,-14.49768012],[30.02068087,-14.49211857],[30.01986485,-14.48974877],[30.01760779,-14.48795992],[30.01592975,-14.486973],[30.0141047,-14.48449421],[30.01373268,-14.48134847],[30.01480271,-14.47738479],[30.01730878,-14.47320214],[30.01909582,-14.46437087],[30.02114787,-14.46072917],[30.02417896,-14.45776341],[30.02773805,-14.45669249],[30.02914608,-14.45290581],[30.02798105,-14.44923911],[30.02825706,-14.44501746],[30.03017211,-14.44102779],[30.03188315,-14.43659615],[30.03315718,-14.4311866],[30.03587325,-14.42810085],[30.03925134,-14.42549207],[30.04330245,-14.42260331],[30.04770357,-14.42177337],[30.05093265,-14.42287628],[30.05406274,-14.42334624],[30.05823385,-14.42211634],[30.06227795,-14.41786569],[30.06436201,-14.41064328],[30.06542303,-14.40745154],[30.064458,-14.401981],[30.06405499,-14.3982943],[30.05999288,-14.39540454],[30.06048889,-14.39327472],[30.06253095,-14.38753119],[30.06753008,-14.37830695],[30.07297022,-14.37027061],[30.07890837,-14.36388914],[30.08620057,-14.36376015],[30.09035867,-14.36177331],[30.09761587,-14.35990746],[30.10205099,-14.3642011],[30.10868816,-14.37061957],[30.11425231,-14.37463024],[30.11892344,-14.37669306],[30.12304155,-14.37319535],[30.12772767,-14.36930768],[30.13296181,-14.36463806],[30.13339882,-14.36253923],[30.13470385,-14.35577779],[30.1364639,-14.35102318],[30.13877796,-14.34911733],[30.14305207,-14.34622757],[30.14714318,-14.34298184],[30.15062027,-14.34284085],[30.15197531,-14.3386522],[30.15033426,-14.3373643],[30.14622615,-14.33925115],[30.14301606,-14.33767228],[30.14321207,-14.33209874],[30.14730518,-14.32686017],[30.15372235,-14.32441637],[30.15747244,-14.32392541],[30.15838747,-14.32136862],[30.15730944,-14.31817789],[30.1598185,-14.31280633],[30.16389661,-14.30772675],[30.16864173,-14.30668483],[30.1748199,-14.30368707],[30.17339285,-14.30026836],[30.17417088,-14.29427386],[30.17718095,-14.2901872],[30.18085105,-14.28777539],[30.1863332,-14.28507861],[30.19147933,-14.28182688],[30.1940884,-14.27886212],[30.19665547,-14.27728125],[30.19891053,-14.27623334],[30.20084257,-14.27293461],[30.20245262,-14.26998785],[30.20589871,-14.26745506],[30.20915279,-14.26443631],[30.21155585,-14.26102959],[30.21447093,-14.25793984],[30.216826,-14.25346121],[30.21751301,-14.25107341],[30.24993285,-14.21779115],[30.25035887,-14.21735619],[30.25121489,-14.2172172],[30.25320794,-14.2159723],[30.25650403,-14.2147194],[30.2594221,-14.2123546],[30.26259619,-14.20961882],[30.26632729,-14.20809295],[30.26839134,-14.20714503],[30.27011739,-14.20290238],[30.27358148,-14.19932167],[30.2783916,-14.19742982],[30.28181869,-14.19305818],[30.28284572,-14.18730066],[30.28641781,-14.18396494],[30.29151995,-14.18540981],[30.29512105,-14.18753364],[30.29796312,-14.18743065],[30.30139821,-14.18526582],[30.30548232,-14.18419391],[30.30934142,-14.18579378],[30.31358353,-14.1866997],[30.31576159,-14.18472886],[30.31690362,-14.18200509],[30.31679661,-14.17785143],[30.31678762,-14.17441672],[30.3161756,-14.17050704],[30.31807665,-14.17028406],[30.31430055,-14.16823423],[30.31096946,-14.1662014],[30.3089114,-14.16569944],[30.30746436,-14.16444655],[30.30419828,-14.16442755],[30.30165221,-14.16169478],[30.30215422,-14.16058887],[30.30482429,-14.15807207],[30.30689534,-14.15550729],[30.30994542,-14.15429838],[30.31109546,-14.1540644],[30.31123845,-14.15105265],[30.30976642,-14.14944679],[30.30668634,-14.14859985],[30.30499229,-14.14819189],[30.30461828,-14.14512415],[30.30367225,-14.14276934],[30.30408826,-14.14073951],[30.30296624,-14.13874267],[30.30145619,-14.1372818],[30.3017362,-14.13592191],[30.30324324,-14.13380309],[30.30418526,-14.13077633],[30.30506228,-14.12952144],[30.30484328,-14.12709664],[30.30404225,-14.12655668],[30.30271422,-14.12597373],[30.30136218,-14.12554877],[30.29926013,-14.12569176],[30.29624705,-14.12392791],[30.29310496,-14.12195107],[30.29287596,-14.1203192],[30.29207094,-14.1180594],[30.2908909,-14.11667651],[30.29042489,-14.11395273],[30.28989087,-14.11205989],[30.28897985,-14.11030703],[30.2872118,-14.1083602],[30.28854084,-14.10487549],[30.28929386,-14.10196273],[30.28760781,-14.10010588],[30.2871908,-14.0975141],[30.28615077,-14.09561825],[30.28445672,-14.09533028],[30.28105763,-14.09730611],[30.27935459,-14.0975671],[30.27813056,-14.09650919],[30.27637351,-14.09832804],[30.27409045,-14.09662218],[30.27316742,-14.09424437],[30.27186839,-14.09246252],[30.26871331,-14.09413339],[30.26666325,-14.09177458],[30.26458919,-14.08979275],[30.26173012,-14.08837786],[30.26215913,-14.08680799],[30.26346016,-14.08537811],[30.26459919,-14.08174341],[30.26136611,-14.0807835],[30.25884804,-14.0794576],[30.257351,-14.07781274],[30.25533894,-14.07676283],[30.25347489,-14.07765076],[30.25107783,-14.07746777],[30.25055882,-14.07669983],[30.24796675,-14.07694082],[30.2462847,-14.07703381],[30.24431765,-14.0771878],[30.24289462,-14.0772528],[30.24107356,-14.07729879],[30.23907851,-14.07762476],[30.23690945,-14.07830371],[30.2348974,-14.07884066],[30.23399338,-14.0784237],[30.23368437,-14.07740079],[30.23245334,-14.07662285],[30.22879524,-14.07575892],[30.22682719,-14.074902],[30.22516714,-14.07391708],[30.22330809,-14.07290017],[30.22108203,-14.07204623],[30.21904698,-14.07139729],[30.21648891,-14.07064735],[30.21416185,-14.06960744],[30.21299081,-14.06875551],[30.21121877,-14.0676346],[30.20930172,-14.06698566],[30.20665965,-14.06622372],[30.2047236,-14.06583275],[30.20260854,-14.06589175],[30.2012885,-14.06676968],[30.20023347,-14.06710865],[30.19894244,-14.06819956],[30.19832243,-14.06883051],[30.19708639,-14.06930347],[30.19603236,-14.0689115],[30.1935843,-14.06869352],[30.19307729,-14.06762661],[30.19312329,-14.0665847],[30.1935413,-14.06488684],[30.1933753,-14.06348595],[30.19215626,-14.06229205],[30.19100223,-14.06203708],[30.18942319,-14.06186009],[30.18785115,-14.0617781],[30.1862891,-14.06253904],[30.18426505,-14.063055],[30.18262901,-14.06210207],[30.18184699,-14.06042021],[30.18075595,-14.05855936],[30.17966292,-14.05637955],[30.17910591,-14.05471168],[30.17818789,-14.05325981],[30.17738886,-14.05223089],[30.17664684,-14.05078302],[30.17611483,-14.04908816],[30.17566082,-14.04785526],[30.17426878,-14.04769827],[30.17339675,-14.04666836],[30.17283074,-14.04565944],[30.17093069,-14.04519948],[30.16962365,-14.04456853],[30.16841462,-14.04307066],[30.16795261,-14.04176876],[30.16661257,-14.04070185],[30.16477552,-14.0401219],[30.16326448,-14.03925797],[30.16255747,-14.03785209],[30.16262947,-14.03598424],[30.16332149,-14.0341324],[30.16418551,-14.03244454],[30.16468752,-14.02994975],[30.16528053,-14.02830788],[30.16547353,-14.02593208],[30.16498153,-14.02403924],[30.16500253,-14.02194541],[30.16571154,-14.02027455],[30.16657556,-14.01821672],[30.16688157,-14.0160219],[30.16661056,-14.01381509],[30.16602054,-14.01132529],[30.16553853,-14.00949944],[30.16476351,-14.0076596],[30.16376049,-14.00667968],[30.16266146,-14.00504381],[30.16193943,-14.00344095],[30.16141442,-14.00109714],[30.16147742,-13.9979284],[30.15553826,-13.99362476],[30.15403522,-13.990696],[30.15999338,-13.98633337],[30.15972637,-13.98065184],[30.15551125,-13.9775271],[30.1537982,-13.97408738],[30.15246117,-13.97101964],[30.14757604,-13.96975574],[30.14084686,-13.96784391],[30.13552872,-13.96346527],[30.13391167,-13.95897764],[30.13019957,-13.95914263],[30.12849853,-13.95767775],[30.12443542,-13.95490199],[30.12030231,-13.95399606],[30.11698922,-13.95712981],[30.11577819,-13.95766076],[30.11680222,-13.95401706],[30.11460716,-13.95268017],[30.11409215,-13.95082633],[30.11431715,-13.94766859],[30.11343612,-13.94586574],[30.11107606,-13.94613172],[30.10920901,-13.94355493],[30.10636894,-13.94117213],[30.10283484,-13.94059618],[30.10076679,-13.9392373],[30.09557665,-13.93691449],[30.13482769,-13.93501063],[30.25042175,-13.9349356],[30.4559872,-13.93341164],[30.50017038,-13.93481051],[30.75015801,-13.93760117],[30.89253178,-13.93473334],[30.89185077,-13.93270951],[30.89140475,-13.92931579],[30.89114574,-13.92439321],[30.89287379,-13.91745278],[30.8974549,-13.91267817],[30.90398207,-13.91069033],[30.90810618,-13.90606671],[30.90862819,-13.90167008],[30.90969822,-13.89828536],[30.9126243,-13.89353876],[30.91608839,-13.88848218],[30.91958848,-13.88518844],[30.92193854,-13.88376257],[30.92396759,-13.88347359],[30.92782269,-13.88395955],[30.93112078,-13.88379855],[30.93322484,-13.88576439],[30.9356319,-13.88757324],[30.93691293,-13.88791921],[30.94106805,-13.88771922],[30.94573117,-13.88614335],[30.94596617,-13.88287563],[30.94426413,-13.88127776],[30.94131605,-13.87759707],[30.939626,-13.87423135],[30.93884598,-13.87157557],[30.93922299,-13.86841983],[30.94024001,-13.86424618],[30.94154605,-13.85947657],[30.94480613,-13.85546591],[30.95000927,-13.85403702],[30.9550474,-13.85418801],[30.95831649,-13.85483195],[30.96320462,-13.8554209],[30.96648371,-13.85599985],[30.96861576,-13.85700177],[30.97143683,-13.85768471],[30.97506293,-13.85541989],[30.97728499,-13.85424599],[30.98026807,-13.85096726],[30.9817031,-13.84764354],[30.98219912,-13.84475678],[30.98071907,-13.84117008],[30.97922104,-13.8385103],[30.97700498,-13.83379469],[30.97548893,-13.82995901],[30.9744759,-13.82441547],[30.9746279,-13.8191869],[30.97494491,-13.81570919],[30.97561592,-13.81071061],[30.97702596,-13.80555704],[30.98040005,-13.80108641],[30.98432915,-13.79895059],[30.98856426,-13.79834163],[30.99253537,-13.79857462],[30.99457043,-13.79911557],[30.9974485,-13.79936454],[30.99862353,-13.79953453],[31.00005057,-13.80011748],[31.0012366,-13.80014548],[31.00419468,-13.80064643],[31.00730976,-13.80059244],[31.01126386,-13.79928555],[31.01407493,-13.79757369],[31.016517,-13.79523588],[31.01872206,-13.79187416],[31.02084311,-13.78911239],[31.02384519,-13.78637861],[31.02490922,-13.78742553],[31.02561124,-13.78631362],[31.0280453,-13.78400881],[31.03039536,-13.781744],[31.03364944,-13.77832728],[31.03496148,-13.77638843],[31.03638252,-13.77470158],[31.04006561,-13.77104288],[31.0434147,-13.76782915],[31.04559276,-13.76655325],[31.04823282,-13.76482239],[31.05026788,-13.76509137],[31.05189292,-13.76458941],[31.05361797,-13.76547933],[31.054688,-13.76669723],[31.05648804,-13.76861607],[31.05774308,-13.77038793],[31.05859011,-13.77218578],[31.05953413,-13.7743136],[31.06004014,-13.77523252],[31.06128318,-13.77610645],[31.06367124,-13.77654141],[31.06668932,-13.77657641],[31.06988741,-13.77631043],[31.07280448,-13.77500754],[31.07481254,-13.77327968],[31.07559655,-13.77221777],[31.0774026,-13.76956899],[31.07801661,-13.76714319],[31.07635157,-13.76367748],[31.07351749,-13.75895787],[31.07278647,-13.75349832],[31.07302748,-13.75215144],[31.07334349,-13.75121651],[31.1046733,-13.73260605],[31.11015245,-13.7306872],[31.11469657,-13.72886135],[31.12213677,-13.72685752],[31.12625887,-13.72297484],[31.12697189,-13.71649438],[31.12715889,-13.71171678],[31.13045298,-13.70711816],[31.13875219,-13.70142363],[31.14456035,-13.6981709],[31.13974821,-13.69167444],[31.1354521,-13.68848071],[31.13138599,-13.68437805],[31.12931093,-13.67919248],[31.1282689,-13.67366694],[31.12811489,-13.6670145],[31.12772588,-13.66058803],[31.12720886,-13.65576944],[31.12584882,-13.65210274],[31.12481479,-13.64730614],[31.12572682,-13.64115165],[31.12831888,-13.63776593],[31.13416304,-13.63437721],[31.13724512,-13.63150845],[31.13825214,-13.62678985],[31.14256925,-13.62031938],[31.14724437,-13.61628672],[31.15463857,-13.61243903],[31.16081373,-13.60871734],[31.16677989,-13.60448069],[31.17296905,-13.60035303],[31.1788062,-13.59619437],[31.18526037,-13.59281765],[31.19173954,-13.59066883],[31.1975597,-13.58925695],[31.20012876,-13.58913095],[31.20473688,-13.59303963],[31.20776797,-13.59750725],[31.21133106,-13.60164991],[31.21549118,-13.60237584],[31.2205553,-13.59796621],[31.22288936,-13.59289963],[31.22570144,-13.58862498],[31.22962454,-13.58463331],[31.23497668,-13.57935175],[31.23872877,-13.57468014],[31.24255487,-13.56937458],[31.24519294,-13.56476696],[31.24646098,-13.56118026],[31.24690898,-13.55751657],[31.247693,-13.55288595],[31.24872503,-13.55124009],[31.24973806,-13.5510691],[31.25033707,-13.5511091],[31.25318814,-13.55084012],[31.25680924,-13.54975421],[31.26126836,-13.54647848],[31.26653649,-13.53914009],[31.27163462,-13.53228166],[31.27649275,-13.52760205],[31.28077186,-13.52530024],[31.28655101,-13.52400934],[31.29109213,-13.52500926],[31.29543725,-13.52746005],[31.3012094,-13.528021],[31.30660755,-13.52470528],[31.31006564,-13.51983268],[31.31226069,-13.51439913],[31.31229169,-13.50975752],[31.31214668,-13.50096525],[31.31216768,-13.50085526],[31.31235268,-13.49897642],[31.3131227,-13.49411482],[31.31487175,-13.49025914],[31.31740081,-13.48686143],[31.32019388,-13.4836427],[31.32566803,-13.47882809],[31.33010214,-13.47646529],[31.33481226,-13.47384651],[31.33852136,-13.4726806],[31.34399451,-13.47194666],[31.34898964,-13.47180167],[31.3550568,-13.47150669],[31.36030794,-13.47259859],[31.36286601,-13.47231662],[31.36323201,-13.47073575],[31.36401204,-13.46817696],[31.36543507,-13.46560918],[31.36868315,-13.46120254],[31.3705412,-13.45873075],[31.37248825,-13.45607097],[31.37481231,-13.45458609],[31.37740638,-13.45384316],[31.37984145,-13.45389315],[31.38351354,-13.45379915],[31.38748265,-13.45331819],[31.3897397,-13.45208029],[31.39227377,-13.45121037],[31.39502285,-13.45232127],[31.39773092,-13.45496505],[31.40034799,-13.45766582],[31.40233804,-13.46002762],[31.40409809,-13.46096054],[31.40653216,-13.46095155],[31.40918123,-13.46169748],[31.41358934,-13.46214344],[31.41754545,-13.46099354],[31.42109454,-13.45891071],[31.42364661,-13.4565229],[31.42625267,-13.45401711],[31.42710169,-13.45084338],[31.42692969,-13.44918652],[31.42539965,-13.44588779],[31.4235596,-13.44331301],[31.42194755,-13.44109519],[31.42153954,-13.43946033],[31.42153754,-13.43817444],[31.42271257,-13.43607861],[31.42529163,-13.43348183],[31.42836972,-13.43105203],[31.43087078,-13.42861923],[31.43268583,-13.42680538],[31.43444887,-13.42599645],[31.4355699,-13.42563148],[31.43723895,-13.42509152],[31.43854998,-13.42458257],[31.44010802,-13.42519051],[31.44113605,-13.42512252],[31.44211408,-13.42429059],[31.44270809,-13.42235875],[31.44347111,-13.41956198],[31.44445914,-13.41805911],[31.44617118,-13.41589429],[31.44897925,-13.41473738],[31.45237834,-13.41499036],[31.45679346,-13.41696919],[31.46170359,-13.41849006],[31.46525869,-13.42133082],[31.46774975,-13.42534948],[31.46988982,-13.42643739],[31.47347191,-13.42711234],[31.47726601,-13.42609542],[31.47944606,-13.4251035],[31.48231714,-13.42591843],[31.48484221,-13.4263224],[31.4885313,-13.42647739],[31.49351144,-13.4285952],[31.49790556,-13.43011408],[31.49988161,-13.43322581],[31.50067163,-13.4333718],[31.50315169,-13.43345879],[31.50519375,-13.43297683],[31.50872684,-13.43250087],[31.51254294,-13.43167394],[31.51669905,-13.430839],[31.52073916,-13.43133296],[31.52425825,-13.4320499],[31.52847736,-13.43182192],[31.53120544,-13.43150094],[31.5338735,-13.43120196],[31.53658958,-13.43089999],[31.53857363,-13.43092898],[31.53997767,-13.43115397],[31.54153371,-13.43100298],[31.54356376,-13.42999406],[31.54318375,-13.42793123],[31.5411757,-13.42341961],[31.54215972,-13.41943194],[31.5490699,-13.41326145],[31.55248598,-13.40962176],[31.55494704,-13.40396123],[31.55888915,-13.39878066],[31.56646135,-13.39686081],[31.57087346,-13.394654],[31.57364153,-13.3898464],[31.57530858,-13.38409088],[31.58051871,-13.37604855],[31.58678287,-13.37406271],[31.59855719,-13.37495663],[31.60766143,-13.37587655],[31.61755669,-13.37649149],[31.62248382,-13.37457565],[31.61952974,-13.37030101],[31.61643365,-13.3644485],[31.61820769,-13.35860998],[31.62255481,-13.35393437],[31.63224606,-13.35171956],[31.63870023,-13.34909077],[31.64094129,-13.34434017],[31.63904023,-13.33829167],[31.63484712,-13.3319462],[31.63298607,-13.3272166],[31.63409209,-13.32267898],[31.6381762,-13.31859632],[31.64276732,-13.31767239],[31.64925449,-13.31908327],[31.65573366,-13.31721743],[31.65955376,-13.31181788],[31.65754771,-13.30503845],[31.65500463,-13.29921493],[31.65048851,-13.29727309],[31.64521838,-13.29639817],[31.64281831,-13.29217453],[31.64549238,-13.28966774],[31.65206355,-13.28845484],[31.65644266,-13.28479814],[31.6577627,-13.2757259],[31.65730568,-13.27161824],[31.65504262,-13.26717061],[31.65332657,-13.26412387],[31.65096651,-13.26002121],[31.64898145,-13.25626053],[31.64797643,-13.25338977],[31.64720141,-13.25156092],[31.6472814,-13.25143494],[31.64691539,-13.24959609],[31.64680139,-13.24778824],[31.64674039,-13.24570141],[31.64667139,-13.24393856],[31.64676539,-13.24121879],[31.6470354,-13.23892698],[31.6473314,-13.23607121],[31.64767641,-13.23465434],[31.64816842,-13.23304847],[31.64903244,-13.23096465],[31.65056048,-13.2290938],[31.65208052,-13.22761092],[31.65408757,-13.22690698],[31.65650264,-13.22691098],[31.66050774,-13.22704297],[31.66356382,-13.226652],[31.66681191,-13.22439218],[31.66961598,-13.22258834],[31.67275906,-13.21972357],[31.67694617,-13.21515295],[31.68145129,-13.21052234],[31.68465537,-13.20812853],[31.68808646,-13.20600171],[31.69069453,-13.20571974],[31.6933056,-13.20535377],[31.69558065,-13.20471382],[31.6971967,-13.20426186],[31.69919975,-13.20311195],[31.70166182,-13.20147109],[31.70372187,-13.19937826],[31.70749096,-13.19578356],[31.71011003,-13.19440368],[31.71297411,-13.19249183],[31.71469716,-13.19136192],[31.71715022,-13.18956707],[31.71980529,-13.18602237],[31.71942927,-13.1832456],[31.71914727,-13.18048884],[31.71984528,-13.17692213],[31.7203753,-13.17565724],[31.72152132,-13.17405437],[31.72300736,-13.17200354],[31.72392339,-13.17032568],[31.7246554,-13.16780089],[31.72610344,-13.16584706],[31.72861951,-13.16381523],[31.7320506,-13.16227135],[31.73555769,-13.1604875],[31.73809276,-13.15918961],[31.73948779,-13.1580577],[31.74024681,-13.15655283],[31.74018581,-13.15504195],[31.74017781,-13.15487397],[31.73941079,-13.15393704],[31.73786375,-13.15289013],[31.7363307,-13.15171023],[31.73493467,-13.15060733],[31.73374063,-13.14945343],[31.73279261,-13.14826753],[31.73220859,-13.14708062],[31.73218159,-13.14557775],[31.7325846,-13.14424286],[31.73358162,-13.14147609],[31.73442164,-13.13884131],[31.73465965,-13.13699047],[31.73461765,-13.13568858],[31.73384363,-13.13403772],[31.7326326,-13.13248585],[31.73102055,-13.130698],[31.7290045,-13.12794123],[31.72810547,-13.12549844],[31.72827947,-13.12340961],[31.7292595,-13.12080583],[31.73004752,-13.11955993],[31.73024253,-13.11924695],[31.73094455,-13.11808206],[31.73185057,-13.11683316],[31.73273559,-13.11603323],[31.73395762,-13.11533428],[31.73617568,-13.11467634],[31.73837174,-13.11452235],[31.73967077,-13.11463934],[31.74179383,-13.11500931],[31.7444909,-13.1150583],[31.74726597,-13.11459534],[31.74899002,-13.11395939],[31.75004105,-13.11301547],[31.75149608,-13.1114146],[31.75167609,-13.11004372],[31.75155208,-13.10938977],[31.75101006,-13.10823387],[31.75021104,-13.10745893],[31.74800999,-13.10583007],[31.74652195,-13.10527312],[31.7449139,-13.10428821],[31.74323686,-13.1031443],[31.74197283,-13.10202339],[31.7408108,-13.10043053],[31.73958876,-13.0983727],[31.73942975,-13.09586591],[31.74013777,-13.09402906],[31.74108179,-13.09257618],[31.74169781,-13.09172925],[31.74312685,-13.09071834],[31.7452729,-13.08958044],[31.74693195,-13.08921646],[31.75027404,-13.08942244],[31.75285211,-13.0899784],[31.75491416,-13.09053735],[31.75726622,-13.09208522],[31.75915028,-13.09434403],[31.76048231,-13.09749577],[31.76180035,-13.10071049],[31.76240437,-13.10379423],[31.76303039,-13.10747593],[31.7635304,-13.11092164],[31.76505044,-13.11408337],[31.76811952,-13.11428935],[31.76974057,-13.11218253],[31.7711806,-13.1089898],[31.77284764,-13.10566307],[31.77497269,-13.10277032],[31.77703075,-13.1005835],[31.77952781,-13.09858267],[31.78229689,-13.09777373],[31.78589798,-13.09746575],[31.78895807,-13.09761574],[31.79177114,-13.09819569],[31.7940312,-13.09919361],[31.79639226,-13.1003885],[31.79866632,-13.10099245],[31.8014874,-13.10162939],[31.80490949,-13.10230734],[31.80590151,-13.10245233],[31.80807757,-13.1027743],[31.80955161,-13.10211235],[31.81021762,-13.10181438],[31.81051663,-13.09952257],[31.80989362,-13.09705978],[31.8092636,-13.09397503],[31.80887258,-13.09119927],[31.80877558,-13.08763156],[31.80850857,-13.08415786],[31.80855257,-13.08055116],[31.80829456,-13.07763141],[31.80739853,-13.07481964],[31.80662952,-13.0729348],[31.80735853,-13.07126694],[31.8098746,-13.07150492],[31.81186765,-13.07248184],[31.8135457,-13.07372473],[31.81583676,-13.0740807],[31.81900284,-13.07377872],[31.82169092,-13.07338476],[31.82482099,-13.07314377],[31.82797908,-13.0739827],[31.83172918,-13.07462965],[31.83467626,-13.07503461],[31.83748233,-13.07501061],[31.83965839,-13.0727318],[31.84072041,-13.07045099],[31.84087142,-13.07012801],[31.84183444,-13.06762023],[31.84312247,-13.06444449],[31.84447251,-13.06066381],[31.84623455,-13.05809402],[31.8480836,-13.05630317],[31.85045066,-13.0547233],[31.85096868,-13.05439133],[31.85317773,-13.05338042],[31.85554679,-13.05265848],[31.85898588,-13.05181554],[31.86213897,-13.05074463],[31.86376601,-13.04922476],[31.86493104,-13.0474699],[31.86560806,-13.04514809],[31.86495404,-13.04291528],[31.863579,-13.04088445],[31.86216896,-13.03884563],[31.86113193,-13.03653582],[31.86118693,-13.03499795],[31.86155895,-13.03304112],[31.86218095,-13.03139625],[31.86338399,-13.02991237],[31.86455702,-13.02826451],[31.86555104,-13.02676564],[31.8677201,-13.02524776],[31.86952615,-13.02528276],[31.87115519,-13.02665765],[31.87081919,-13.02896045],[31.86993616,-13.03114327],[31.86846212,-13.03348607],[31.86770611,-13.03605886],[31.86815812,-13.03839966],[31.86972116,-13.04080246],[31.87158421,-13.04215834],[31.8748633,-13.04286529],[31.87801638,-13.04226433],[31.87953842,-13.0402925],[31.88079545,-13.0378037],[31.88155247,-13.03507093],[31.88201948,-13.03224117],[31.88313951,-13.02877846],[31.88475655,-13.02513476],[31.88562257,-13.02393587],[31.8866486,-13.02339591],[31.88805864,-13.02295295],[31.89000368,-13.02221701],[31.89106472,-13.02163706],[31.89155873,-13.02034417],[31.89151272,-13.0199042],[31.89105071,-13.01918826],[31.89010669,-13.01771939],[31.89032269,-13.01676046],[31.89163672,-13.01593554],[31.89283276,-13.01555057],[31.8946698,-13.01495361],[31.89581584,-13.01469863],[31.89654986,-13.01361473],[31.89615684,-13.01299878],[31.89568983,-13.01212185],[31.89526282,-13.01061998],[31.89522982,-13.00928309],[31.89577183,-13.00832417],[31.89674286,-13.00725326],[31.89761488,-13.00626234],[31.89829389,-13.00550641],[31.89913692,-13.00475347],[31.90017194,-13.00384454],[31.90099097,-13.0031136],[31.902316,-13.00149274],[31.90345903,-12.99942791],[31.90335203,-12.99738808],[31.90194799,-12.99561923],[31.90103096,-12.99463032],[31.89669085,-12.99113961],[31.89471679,-12.98861982],[31.89293575,-12.9853061],[31.89196871,-12.98216336],[31.89234972,-12.9781997],[31.89388777,-12.97434702],[31.89588081,-12.97313612],[31.8990359,-12.97280615],[31.90331801,-12.97079731],[31.90531306,-12.96956742],[31.9068121,-12.96864549],[31.90937017,-12.96620469],[31.91033919,-12.96401488],[31.90851114,-12.96044418],[31.90651609,-12.95768141],[31.90479004,-12.95452968],[31.90458404,-12.95137394],[31.90509704,-12.94701131],[31.90580106,-12.94164576],[31.90568505,-12.93676617],[31.90547105,-12.93250652],[31.90617106,-12.93105365],[31.90739409,-12.92851986],[31.91106019,-12.92663901],[31.91369226,-12.92816589],[31.9151703,-12.9316176],[31.91710835,-12.93414738],[31.91967342,-12.93534228],[31.92159248,-12.93468834],[31.92312951,-12.93054868],[31.92372252,-12.92631103],[31.92423253,-12.92260635],[31.92485255,-12.91766476],[31.92530456,-12.91392607],[31.92884265,-12.90906048],[31.93169573,-12.91097232],[31.93306876,-12.91410405],[31.93421579,-12.91651185],[31.93721387,-12.91937261],[31.94038996,-12.91976457],[31.94170399,-12.91597489],[31.94242301,-12.91245219],[31.94412105,-12.90910447],[31.94770114,-12.90552177],[31.95120323,-12.9039179],[31.95311928,-12.90342094],[31.95630137,-12.90481782],[31.95956445,-12.90652068],[31.96169951,-12.90455584],[31.96221653,-12.9014971],[31.96230953,-12.90085315],[31.96276154,-12.89771841],[31.96380157,-12.89528562],[31.96863869,-12.89496765],[31.97138476,-12.89448369],[31.97400983,-12.8930908],[31.97455484,-12.89143994],[31.97493485,-12.89032903],[31.97471485,-12.88980607],[31.97439884,-12.88767925],[31.97240779,-12.8859644],[31.9693327,-12.88446253],[31.96660863,-12.88256868],[31.96602361,-12.88055086],[31.96684363,-12.87752011],[31.96845168,-12.87611723],[31.97196477,-12.87663718],[31.97531786,-12.87886299],[31.9766589,-12.88145478],[31.97658689,-12.88405456],[31.9764969,-12.88613238],[31.97746592,-12.88862217],[31.97892696,-12.89086198],[31.98117802,-12.89348076],[31.98396009,-12.89556058],[31.98627015,-12.89620253],[31.98832821,-12.89570457],[31.99009426,-12.8930268],[31.99034426,-12.88946709],[31.98857021,-12.88689331],[31.98573614,-12.88356759],[31.98287105,-12.87940694],[31.98284505,-12.87570125],[31.98454009,-12.87500431],[31.98792819,-12.87734011],[31.99056026,-12.87897697],[31.99354134,-12.88081482],[31.99543139,-12.88139777],[31.99788445,-12.88123578],[31.9993705,-12.88079182],[31.9999445,-12.88049384],[32.00148155,-12.87968691],[32.00422062,-12.87678615],[32.00436562,-12.8726045],[32.00249257,-12.86603606],[31.99858646,-12.86349927],[31.99701442,-12.86459618],[31.99436935,-12.8655511],[31.99176028,-12.86408522],[31.98990223,-12.86209039],[31.98903821,-12.8596376],[31.98827318,-12.85582992],[31.98833619,-12.85272118],[31.98950121,-12.85075735],[31.99148127,-12.84969643],[31.99304131,-12.85073534],[31.99367333,-12.85260819],[31.99438034,-12.85401207],[31.99537837,-12.85539695],[31.9963544,-12.85620489],[31.99717342,-12.85616189],[31.99791144,-12.85549894],[31.99862846,-12.85467601],[31.99884747,-12.85426405],[31.99940648,-12.85420305],[32.00210355,-12.85152628],[32.00327858,-12.84933746],[32.00404159,-12.8464217],[32.00474762,-12.84349595],[32.00602565,-12.84002724],[32.00900072,-12.83695649],[32.01029376,-12.83577059],[32.01378784,-12.83323281],[32.02003301,-12.83021305],[32.02193306,-12.8284312],[32.02254307,-12.82441154],[32.02111703,-12.82193875],[32.01938098,-12.819011],[32.02198205,-12.8142234],[32.02727019,-12.81122265],[32.03008926,-12.80833989],[32.0318553,-12.80374927],[32.03216831,-12.79859871],[32.03179829,-12.79294018],[32.0358184,-12.79169829],[32.0395915,-12.79414108],[32.04205957,-12.79703483],[32.0468547,-12.79726081],[32.05049479,-12.79884567],[32.05324086,-12.79903566],[32.05630794,-12.79685784],[32.05148582,-12.79316515],[32.04645869,-12.79050738],[32.04482563,-12.78440789],[32.0472477,-12.78227707],[32.05142081,-12.77969828],[32.05445388,-12.77834439],[32.05676595,-12.77664154],[32.05732296,-12.77512767],[32.05800198,-12.77186494],[32.06368212,-12.76968912],[32.06673021,-12.77075103],[32.06982729,-12.77125898],[32.07219335,-12.77008108],[32.07373039,-12.76729432],[32.07163633,-12.76572545],[32.06798124,-12.76601843],[32.06306811,-12.76677036],[32.05864699,-12.76620341],[32.05599892,-12.76424858],[32.0554799,-12.75932999],[32.05768896,-12.75636424],[32.05718495,-12.7532625],[32.05380185,-12.74683405],[32.05369085,-12.74673305],[32.05515189,-12.74400028],[32.06023002,-12.74291837],[32.06516615,-12.74183146],[32.07015228,-12.74044957],[32.07508041,-12.74134149],[32.07914751,-12.74113151],[32.08007454,-12.73843974],[32.07998254,-12.73587495],[32.07822449,-12.73259423],[32.08073755,-12.72896353],[32.08486966,-12.72751065],[32.08594469,-12.72429092],[32.08578068,-12.71992429],[32.08356862,-12.71534168],[32.08581167,-12.70895921],[32.0909158,-12.70492755],[32.09569993,-12.70209979],[32.09656595,-12.70109687],[32.09798099,-12.69755917],[32.09729397,-12.69450442],[32.0946349,-12.69050876],[32.09078579,-12.68838994],[32.08630368,-12.6888509],[32.08192856,-12.69022779],[32.07816646,-12.69022579],[32.07420336,-12.68627213],[32.07474837,-12.6831014],[32.07559539,-12.68369234],[32.07571039,-12.6830664],[32.07691143,-12.68157252],[32.08034151,-12.67883675],[32.08207356,-12.67732188],[32.08458662,-12.67512806],[32.08826472,-12.6711524],[32.09059578,-12.66941554],[32.09389886,-12.66677976],[32.09807997,-12.66375701],[32.09956001,-12.66074526],[32.09712995,-12.65601666],[32.09720594,-12.64998917],[32.09997601,-12.64397867],[32.10052502,-12.63866012],[32.10154004,-12.63168371],[32.1036881,-12.62573421],[32.1077242,-12.61930575],[32.11112229,-12.61804085],[32.11438037,-12.61773488],[32.11653943,-12.61752489],[32.11679144,-12.61729391],[32.11869849,-12.61590803],[32.12143456,-12.61445915],[32.12369262,-12.6114754],[32.1230596,-12.60986454],[32.12010652,-12.6079117],[32.11708944,-12.6067348],[32.11344935,-12.60551491],[32.11090127,-12.60341808],[32.11083327,-12.6020622],[32.11169129,-12.60004036],[32.11635641,-12.59443184],[32.11673042,-12.59384888],[32.11797446,-12.59267598],[32.1194465,-12.59119711],[32.12137654,-12.58938726],[32.12289158,-12.58736143],[32.12443662,-12.58328877],[32.12403961,-12.57889614],[32.12590165,-12.57262067],[32.12943375,-12.56844802],[32.13062777,-12.56479932],[32.13221881,-12.56120563],[32.13247782,-12.556777],[32.13001775,-12.55229538],[32.13240181,-12.5484917],[32.13673892,-12.54739079],[32.14139305,-12.54811072],[32.14427712,-12.54738978],[32.14503614,-12.5472038],[32.14447512,-12.54325913],[32.14246907,-12.54090533],[32.13872297,-12.53858553],[32.13374084,-12.53524481],[32.13128377,-12.53223707],[32.13131077,-12.52876436],[32.13284781,-12.52264387],[32.13381683,-12.51846823],[32.13385883,-12.51377762],[32.13564788,-12.50967397],[32.13636189,-12.50926],[32.13921097,-12.50760414],[32.1439831,-12.50614626],[32.14922523,-12.50154665],[32.15086927,-12.49802694],[32.15136128,-12.49660006],[32.15247931,-12.49237142],[32.15326433,-12.48835275],[32.15276131,-12.48366015],[32.14987323,-12.48045042],[32.14837819,-12.4760258],[32.14666915,-12.47200913],[32.14300305,-12.47086824],[32.13985596,-12.46866042],[32.13867293,-12.46675958],[32.1375359,-12.46305089],[32.1374179,-12.46266892],[32.13980596,-12.45871726],[32.14321704,-12.45629946],[32.14679114,-12.45350669],[32.14879419,-12.44922205],[32.14812617,-12.44474543],[32.14669613,-12.43953288],[32.14612011,-12.43502125],[32.14446406,-12.43054463],[32.14423106,-12.4250821],[32.14682112,-12.4215024],[32.15106023,-12.41829966],[32.1536343,-12.41389703],[32.15649937,-12.41014635],[32.1613865,-12.41077329],[32.1650256,-12.41364304],[32.17106075,-12.41252014],[32.17374982,-12.40916042],[32.17193077,-12.40567271],[32.16959971,-12.40300994],[32.16859268,-12.39860432],[32.17380782,-12.39557557],[32.18039599,-12.39667747],[32.1844811,-12.39706944],[32.18868521,-12.39636049],[32.19179029,-12.39366572],[32.1924423,-12.39173388],[32.19159628,-12.38934508],[32.19111927,-12.38801719],[32.18709816,-12.38595137],[32.18425608,-12.38454449],[32.18643414,-12.3809238],[32.19225529,-12.37853699],[32.19573438,-12.3749773],[32.19697041,-12.37154858],[32.19768443,-12.36679598],[32.1967614,-12.36387423],[32.1966274,-12.36331328],[32.19606338,-12.36286931],[32.19514336,-12.35940461],[32.19468934,-12.35501898],[32.19444133,-12.34989341],[32.19433833,-12.34483784],[32.19757341,-12.34207607],[32.2008275,-12.342835],[32.20529462,-12.34130013],[32.20631664,-12.33766144],[32.20725566,-12.33307182],[32.21105876,-12.33196491],[32.21346583,-12.33553261],[32.21801695,-12.33835437],[32.22137803,-12.33659451],[32.22355209,-12.33285783],[32.22594015,-12.32923914],[32.22649016,-12.32562744],[32.22533013,-12.32224173],[32.21937498,-12.32372461],[32.21833395,-12.32044388],[32.22065701,-12.3166542],[32.22459711,-12.31402342],[32.22937023,-12.31248255],[32.2319413,-12.3119226],[32.23410835,-12.31094067],[32.23650342,-12.30969378],[32.23911649,-12.30875186],[32.24042552,-12.30799392],[32.24151255,-12.30716799],[32.24387761,-12.3046882],[32.24562465,-12.30289235],[32.24720769,-12.30117249],[32.24826472,-12.30066053],[32.24973376,-12.29926365],[32.25047378,-12.29798176],[32.25060278,-12.2975668],[32.25052678,-12.29740381],[32.25155681,-12.2963199],[32.25385687,-12.29550297],[32.25813698,-12.29461104],[32.26176507,-12.29491202],[32.26369112,-12.2926312],[32.26316111,-12.28929449],[32.26135706,-12.28637774],[32.26072404,-12.28341899],[32.26141006,-12.28073021],[32.26212407,-12.27923834],[32.26389712,-12.27621459],[32.26551916,-12.27320985],[32.26611417,-12.27124901],[32.26638118,-12.26836025],[32.26835723,-12.26646741],[32.27060429,-12.26908619],[32.27275935,-12.27198995],[32.27554443,-12.27275688],[32.27808149,-12.27213993],[32.27944652,-12.26952215],[32.27926752,-12.26668339],[32.27770747,-12.26309369],[32.27736346,-12.2582641],[32.27739846,-12.25463241],[32.28748472,-12.24053759],[32.28788073,-12.23891173],[32.28785873,-12.23644494],[32.28735471,-12.23431212],[32.28676769,-12.2333772],[32.28610768,-12.23226429],[32.28615668,-12.23067543],[32.28617968,-12.22831463],[32.28675569,-12.22277509],[32.28652668,-12.21595867],[32.28833872,-12.21134706],[32.29276784,-12.21245297],[32.29639194,-12.20811433],[32.29804398,-12.2036897],[32.3029761,-12.19862913],[32.3066692,-12.19354056],[32.30379312,-12.18820201],[32.29878798,-12.18940791],[32.29483888,-12.18725809],[32.2955489,-12.17985472],[32.29496188,-12.17399821],[32.29115378,-12.17188939],[32.28669466,-12.1706055],[32.28373458,-12.16725979],[32.28288355,-12.16272317],[32.28224254,-12.15823855],[32.27802743,-12.15568577],[32.27217527,-12.15136014],[32.27468933,-12.14760445],[32.28383757,-12.14448472],[32.28332655,-12.14038906],[32.28101449,-12.1351925],[32.2816365,-12.12936399],[32.28065247,-12.12257357],[32.28011446,-12.11644609],[32.27664636,-12.1128104],[32.27764639,-12.10823878],[32.28093447,-12.10484207],[32.28436756,-12.10192031],[32.28895668,-12.10123837],[32.29467883,-12.09743668],[32.30137801,-12.09372299],[32.30646313,-12.08958635],[32.30962121,-12.08330287],[32.31451234,-12.07685042],[32.31962048,-12.07880625],[32.3242016,-12.08272192],[32.33342584,-12.07894723],[32.33685192,-12.07586449],[32.33760694,-12.0709219],[32.33783994,-12.06476743],[32.34149404,-12.06239162],[32.34635816,-12.06108173],[32.34949725,-12.0615067],[32.3512983,-12.06135571],[32.35275934,-12.06280759],[32.35235132,-12.06356552],[32.35358336,-12.06472242],[32.35549041,-12.06313756],[32.35411337,-12.06052978],[32.35142029,-12.057905],[32.3514773,-12.05385434],[32.35279733,-12.04833581],[32.35153829,-12.04172537],[32.35085627,-12.03619184],[32.35388835,-12.0331501],[32.35732544,-12.03738873],[32.36103754,-12.0389096],[32.36628668,-12.0365508],[32.36804172,-12.03310409],[32.36883474,-12.02793553],[32.37560992,-12.02643165],[32.37842199,-12.03066829],[32.38415914,-12.03229915],[32.38547517,-12.02621666],[32.38312511,-12.02058914],[32.37636493,-12.01653449],[32.3753769,-12.01091197],[32.37697194,-12.00602238],[32.37867698,-12.00179573],[32.37828397,-12.00084881],[32.37689593,-11.99905597],[32.37337084,-11.99681416],[32.37443886,-11.99447435],[32.37839497,-11.99519929],[32.38165306,-11.99378741],[32.38072903,-11.9904127],[32.38081303,-11.98534912],[32.38521214,-11.98384325],[32.39044528,-11.98476717],[32.3911703,-11.98142245],[32.38782921,-11.97729581],[32.38583315,-11.9725882],[32.38912924,-11.9679066],[32.39460038,-11.96752163],[32.3992965,-11.96105917],[32.39706044,-11.95829741],[32.39798347,-11.95393978],[32.40234358,-11.94970113],[32.40420162,-11.94608044],[32.40922175,-11.94582846],[32.41518091,-11.94526551],[32.41429589,-11.94123784],[32.41073279,-11.93973997],[32.40857773,-11.93576731],[32.41468489,-11.93300454],[32.41702295,-11.92981881],[32.41591292,-11.92647409],[32.41164081,-11.92313938],[32.41372386,-11.92001364],[32.41767996,-11.91745686],[32.41815997,-11.9145811],[32.42158606,-11.91110039],[32.42650319,-11.91044144],[32.42943626,-11.90873059],[32.43023828,-11.90709373],[32.43138631,-11.90358303],[32.43044428,-11.90007132],[32.4269952,-11.89989434],[32.42153205,-11.89948538],[32.42188706,-11.89488277],[32.42559116,-11.89501975],[32.43414838,-11.89508274],[32.43245033,-11.88974519],[32.42553815,-11.88241882],[32.42119303,-11.8768123],[32.42355809,-11.8743975],[32.43124129,-11.87452748],[32.43183231,-11.87183771],[32.42766619,-11.87151974],[32.42472512,-11.86892897],[32.4278722,-11.86517628],[32.43157329,-11.86111662],[32.43478837,-11.85473216],[32.4395005,-11.85392823],[32.44230057,-11.8542232],[32.44493664,-11.85264433],[32.44575666,-11.85208538],[32.44637468,-11.85166342],[32.44576066,-11.8495536],[32.44463463,-11.84721079],[32.44450562,-11.84390407],[32.4396795,-11.84230421],[32.43626541,-11.84210523],[32.43701242,-11.83814057],[32.44241056,-11.83904649],[32.44716769,-11.8388835],[32.44709169,-11.83608174],[32.44649267,-11.83227506],[32.45290884,-11.83038821],[32.45688394,-11.83500482],[32.46015002,-11.83265302],[32.45851298,-11.8281854],[32.46336211,-11.82795042],[32.46857624,-11.82538463],[32.47219334,-11.82235989],[32.47669045,-11.81814724],[32.47782348,-11.81410258],[32.4822296,-11.81427056],[32.48475167,-11.8197531],[32.48890578,-11.81939213],[32.4899318,-11.81606541],[32.48838676,-11.81081985],[32.48954678,-11.80576928],[32.49335788,-11.80784811],[32.49585195,-11.81247071],[32.49990705,-11.81119482],[32.50052207,-11.8101739],[32.50324115,-11.80808008],[32.50661423,-11.80640722],[32.5091663,-11.80548029],[32.50963531,-11.80397843],[32.50894829,-11.80118366],[32.50690024,-11.80300851],[32.5052292,-11.80455738],[32.50393216,-11.80461837],[32.50234112,-11.80455438],[32.50072407,-11.8042994],[32.49940004,-11.80358946],[32.49883902,-11.80251556],[32.49667197,-11.79974279],[32.49750399,-11.79793894],[32.49999105,-11.79883587],[32.50258112,-11.79917683],[32.50587721,-11.79924383],[32.5058012,-11.79595311],[32.50297813,-11.79481221],[32.50059407,-11.79274438],[32.50017105,-11.79186946],[32.50012905,-11.78983563],[32.50072807,-11.78942666],[32.5018641,-11.78871772],[32.50394315,-11.78950766],[32.5056562,-11.79181346],[32.50731224,-11.7936243],[32.50984531,-11.79519217],[32.51172136,-11.79467321],[32.51250038,-11.79294536],[32.51124834,-11.79175146],[32.50826527,-11.79078055],[32.50664022,-11.78952165],[32.50558419,-11.7877638],[32.50543919,-11.78510503],[32.5058432,-11.7830722],[32.50644621,-11.78172032],[32.50818126,-11.78110837],[32.50888728,-11.78289921],[32.51062332,-11.78437609],[32.51338839,-11.78471206],[32.51559745,-11.78268423],[32.51633747,-11.77969148],[32.5175015,-11.77672173],[32.51896953,-11.77551083],[32.52163261,-11.77670873],[32.52324265,-11.77662174],[32.52579872,-11.77341601],[32.52683974,-11.77064524],[32.52833878,-11.76961733],[32.53047883,-11.76973832],[32.5329209,-11.77099921],[32.53525497,-11.77331401],[32.53930307,-11.77544783],[32.54123312,-11.77599078],[32.54241915,-11.77657973],[32.5442922,-11.77604978],[32.5440522,-11.7746239],[32.54104612,-11.77279905],[32.5406761,-11.76976431],[32.54166813,-11.76651758],[32.54111511,-11.76370782],[32.54103511,-11.76290289],[32.54217114,-11.76152001],[32.54542222,-11.75844527],[32.54578023,-11.75633945],[32.54417819,-11.75383966],[32.54298016,-11.75162585],[32.54311416,-11.75142587],[32.54341917,-11.75047794],[32.54431519,-11.74831713],[32.54603223,-11.74661127],[32.54933232,-11.74282859],[32.54617723,-11.74004883],[32.54169111,-11.73711508],[32.53901304,-11.73148556],[32.54064208,-11.72721492],[32.54313314,-11.7238902],[32.54470818,-11.72123543],[32.54784427,-11.72336724],[32.55051433,-11.72244032],[32.55260139,-11.71842066],[32.55641549,-11.71696178],[32.56086361,-11.71655381],[32.56514772,-11.71513193],[32.56190163,-11.71342707],[32.56245064,-11.70881547],[32.56500271,-11.70271998],[32.56731076,-11.69960525],[32.57188889,-11.70143809],[32.57476096,-11.7000862],[32.57723302,-11.69638252],[32.58295517,-11.69630852],[32.58669827,-11.69932626],[32.59035237,-11.69905128],[32.58958934,-11.69553358],[32.58549223,-11.69110796],[32.58587024,-11.68523046],[32.59050136,-11.68283466],[32.59547149,-11.68133179],[32.59636851,-11.67840403],[32.59499147,-11.67420839],[32.59232041,-11.6728185],[32.59193539,-11.66980776],[32.5922784,-11.66838888],[32.59268341,-11.66510016],[32.59020334,-11.66314333],[32.59099336,-11.6610835],[32.58898331,-11.66044156],[32.58697626,-11.65924566],[32.58577122,-11.65687486],[32.58236813,-11.65701285],[32.58086509,-11.65480504],[32.57926705,-11.65366614],[32.57859903,-11.65258723],[32.57901504,-11.65107136],[32.577477,-11.65113236],[32.57634797,-11.64914853],[32.57499794,-11.64749467],[32.57278188,-11.64636177],[32.57095383,-11.64535385],[32.56928678,-11.64350001],[32.56700573,-11.64343302],[32.56655171,-11.64174216],[32.56444966,-11.64134819],[32.56262661,-11.64160717],[32.56056655,-11.6400853],[32.55888051,-11.6401843],[32.55738447,-11.64208714],[32.55587443,-11.6413372],[32.55365437,-11.64085224],[32.55165132,-11.64194315],[32.54950726,-11.64197815],[32.54861424,-11.6402683],[32.54743621,-11.63936937],[32.54465914,-11.63886042],[32.5434111,-11.63700357],[32.54221007,-11.63566369],[32.54254507,-11.63269294],[32.54111104,-11.63034014],[32.54022601,-11.62740039],[32.54150004,-11.62671545],[32.5434801,-11.6237717],[32.54279308,-11.62185186],[32.54001201,-11.62402767],[32.53805496,-11.62221683],[32.53947399,-11.61995802],[32.53789095,-11.61727925],[32.53679292,-11.61482146],[32.53449186,-11.61355057],[32.53560588,-11.61192471],[32.53704792,-11.60984688],[32.53464486,-11.60860799],[32.53268381,-11.6061722],[32.53034574,-11.60453334],[32.52927371,-11.60252151],[32.52709166,-11.6014816],[32.52419958,-11.60216954],[32.52272754,-11.60196856],[32.5211325,-11.59989873],[32.51964146,-11.59720896],[32.51688339,-11.59822788],[32.51509034,-11.59758094],[32.51393031,-11.59490316],[32.51275128,-11.59368327],[32.51092823,-11.59249337],[32.51028321,-11.59089251],[32.50973019,-11.58958362],[32.50806315,-11.5875108],[32.50662111,-11.58583594],[32.50513007,-11.58584894],[32.50351203,-11.58598393],[32.50153198,-11.58419708],[32.50131897,-11.58362813],[32.50113996,-11.58092436],[32.50192899,-11.58039241],[32.502795,-11.57977146],[32.50211999,-11.57888553],[32.50140297,-11.5780426],[32.50010994,-11.57755064],[32.4988619,-11.57749465],[32.49718686,-11.57822659],[32.49530681,-11.57752765],[32.49412378,-11.5757078],[32.49206772,-11.57367798],[32.4912517,-11.57156016],[32.49020667,-11.56912037],[32.48832563,-11.56767949],[32.4875396,-11.56496672],[32.48620857,-11.56187099],[32.48665057,-11.55949519],[32.48625056,-11.55763334],[32.48533454,-11.55604948],[32.48459852,-11.55354469],[32.48298847,-11.55006099],[32.48112742,-11.5475972],[32.48523153,-11.54551838],[32.48460251,-11.5429116],[32.47936838,-11.54255263],[32.47904836,-11.54106975],[32.47742332,-11.53868596],[32.47778533,-11.53429633],[32.47788433,-11.53083462],[32.47614828,-11.52777489],[32.47339821,-11.52561707],[32.47130015,-11.5228953],[32.46869808,-11.52100746],[32.46643202,-11.51982157],[32.46580301,-11.51776874],[32.46339994,-11.51633387],[32.46052686,-11.51550594],[32.45947784,-11.51168027],[32.45517872,-11.51276817],[32.45470571,-11.51043537],[32.45489672,-11.50723264],[32.45284766,-11.50552279],[32.45148962,-11.50410191],[32.45047159,-11.50037523],[32.44802953,-11.49899635],[32.4469005,-11.49633657],[32.44514245,-11.49401677],[32.4431434,-11.49223293],[32.44057933,-11.491341],[32.43756925,-11.49103803],[32.4355212,-11.4901751],[32.43221711,-11.49045108],[32.42846801,-11.49094104],[32.42676997,-11.49017811],[32.42249786,-11.49112803],[32.4205368,-11.49010311],[32.41727072,-11.48940618],[32.41476865,-11.48993714],[32.41222059,-11.49017411],[32.41011053,-11.4867984],[32.40788647,-11.48663042],[32.40417137,-11.48844026],[32.4012833,-11.48699639],[32.40096629,-11.48489857],[32.3975412,-11.48604947],[32.39460012,-11.48534953],[32.39109803,-11.48533054],[32.38756894,-11.48717938],[32.38638291,-11.48485358],[32.38454786,-11.48412364],[32.38008074,-11.48214381],[32.37375557,-11.48011699],[32.37210053,-11.47781619],[32.36839543,-11.47695126],[32.36598837,-11.47386353],[32.36186926,-11.46939691],[32.35877118,-11.46863197],[32.35417006,-11.46679513],[32.35165699,-11.46425635],[32.34873491,-11.46274248],[32.34330977,-11.46346242],[32.33904466,-11.46365241],[32.33572257,-11.46172557],[32.33054543,-11.46113762],[32.32665833,-11.45999672],[32.32464027,-11.45769792],[32.32238922,-11.45740195],[32.31817811,-11.45947977],[32.31469902,-11.45906481],[32.31167793,-11.45806589],[32.30825985,-11.45774792],[32.30534477,-11.45778692],[32.30320072,-11.45546712],[32.30194568,-11.45332131],[32.29780657,-11.45535713],[32.29591852,-11.45509116],[32.29462949,-11.45295134],[32.28931535,-11.45480219],[32.28537424,-11.45385427],[32.28241017,-11.45857187],[32.27869108,-11.4640314],[32.27407096,-11.46470035],[32.26960784,-11.46750011],[32.26596875,-11.47023888],[32.26270666,-11.47038487],[32.25902956,-11.46701016],[32.25580648,-11.46623423],[32.25164437,-11.4666392],[32.25013733,-11.4665982],[32.24372416,-11.46577127],[32.23944405,-11.4666612],[32.22767173,-11.45517818],[32.22757673,-11.4514655],[32.22495166,-11.44877173],[32.22492166,-11.44856575],[32.22459365,-11.44635893],[32.22358962,-11.44568499],[32.22339962,-11.44463608],[32.2227236,-11.44195231],[32.2228726,-11.43953651],[32.2228996,-11.4373677],[32.22242659,-11.43534987],[32.22115955,-11.43340604],[32.22085054,-11.43170618],[32.22072154,-11.4267496],[32.22178556,-11.42520073],[32.22291459,-11.42271495],[32.22242258,-11.41962321],[32.22182756,-11.41669446],[32.22299459,-11.41542957],[32.22374261,-11.41371571],[32.22236558,-11.41218484],[32.22248357,-11.41055898],[32.22316659,-11.40972605],[32.22292658,-11.40833617],[32.2233536,-11.40719627],[32.22402861,-11.40461548],[32.22389161,-11.40291263],[32.22228157,-11.40169073],[32.22301058,-11.40065082],[32.22323159,-11.39837602],[32.2238756,-11.39685714],[32.22249557,-11.39536127],[32.2238646,-11.39211355],[32.22534064,-11.38984874],[32.22740869,-11.38685299],[32.22696968,-11.38458318],[32.22852672,-11.37978759],[32.22858372,-11.37682285],[32.2277977,-11.375065],[32.22816771,-11.37246422],[32.22823671,-11.36993243],[32.22865572,-11.36705768],[32.23018176,-11.36316001],[32.23252081,-11.3609512],[32.23330283,-11.3584584],[32.23395485,-11.35676955],[32.23489687,-11.35436775],[32.23743393,-11.35219293],[32.23930699,-11.35005611],[32.23962399,-11.34822227],[32.24091702,-11.34575948],[32.24044401,-11.34389364],[32.24068801,-11.3419988],[32.24110703,-11.33952301],[32.24177504,-11.33790415],[32.24236606,-11.33551935],[32.24242405,-11.33242861],[32.24102702,-11.33001982],[32.24241606,-11.327893],[32.24443811,-11.32584417],[32.24316007,-11.3231644],[32.24189704,-11.32160754],[32.24195404,-11.31922074],[32.24144702,-11.31752888],[32.24296906,-11.31482411],[32.24246605,-11.3137172],[32.24365608,-11.31241232],[32.24362908,-11.31125242],[32.2446321,-11.30986553],[32.24631515,-11.30863164],[32.24686016,-11.30650882],[32.24699416,-11.30522293],[32.24746318,-11.30338908],[32.24646715,-11.30163323],[32.24685616,-11.30006337],[32.24797419,-11.29860249],[32.2486992,-11.29628769],[32.2486072,-11.29420786],[32.24907321,-11.29155209],[32.24948122,-11.28971825],[32.24904221,-11.28810938],[32.2489432,-11.28641953],[32.24826019,-11.28461668],[32.24575812,-11.2844477],[32.24656614,-11.28285983],[32.24556712,-11.28056003],[32.24668815,-11.27946912],[32.24753117,-11.27826222],[32.24766517,-11.27668735],[32.2450441,-11.27542746],[32.24424708,-11.27406958],[32.24426208,-11.27225174],[32.24236602,-11.27203076],[32.24212602,-11.2702579],[32.24048598,-11.2704059],[32.23799891,-11.27050889],[32.23778891,-11.26822208],[32.23657587,-11.26753014],[32.2373959,-11.26609726],[32.23651787,-11.26514335],[32.23540784,-11.26388345],[32.23540084,-11.26186163],[32.23560685,-11.26166064],[32.23580485,-11.26110969],[32.23972995,-11.2502746],[32.24043596,-11.24901172],[32.24020296,-11.24759183],[32.23860491,-11.24525304],[32.23872292,-11.24249627],[32.24022595,-11.24203231],[32.24033296,-11.23964651],[32.24069896,-11.23796465],[32.24049696,-11.23689674],[32.23944793,-11.23500491],[32.24010795,-11.23429497],[32.24071096,-11.23283909],[32.24140098,-11.23190017],[32.24161498,-11.23021032],[32.24086297,-11.22906042],[32.23993594,-11.22636665],[32.23989094,-11.22510775],[32.24061196,-11.22259697],[32.24207599,-11.22156105],[32.24463606,-11.2209551],[32.24566208,-11.21908726],[32.24681411,-11.21766138],[32.24833615,-11.21705743],[32.2499272,-11.21717842],[32.25027421,-11.21724342],[32.25148324,-11.21648848],[32.25224326,-11.21655447],[32.25347129,-11.21526158],[32.25487932,-11.21403869],[32.25620636,-11.21291878],[32.25742739,-11.21120492],[32.25799941,-11.20964206],[32.25935744,-11.2091591],[32.26005146,-11.20909811],[32.26204651,-11.20948007],[32.26223352,-11.20731426],[32.26338154,-11.20506545],[32.26452657,-11.20230068],[32.26395856,-11.20023786],[32.26413756,-11.19867399],[32.2658276,-11.19764008],[32.26823066,-11.19663216],[32.26922669,-11.19360642],[32.26922669,-11.1914286],[32.2698027,-11.18996573],[32.26914668,-11.18845686],[32.26800965,-11.18632704],[32.26738764,-11.18348928],[32.26710163,-11.18100349],[32.26866967,-11.18016356],[32.2700537,-11.17679585],[32.26918468,-11.17515999],[32.26844466,-11.17404608],[32.26844066,-11.17210025],[32.26759764,-11.17104934],[32.26696462,-11.16857355],[32.26582759,-11.1656058],[32.26448055,-11.16396395],[32.26285151,-11.16075222],[32.26112746,-11.15843242],[32.26148947,-11.15640859],[32.26186348,-11.15558066],[32.26144047,-11.15369082],[32.26242849,-11.15030011],[32.26367152,-11.1468534],[32.26432054,-11.14412264],[32.26572057,-11.14232879],[32.2665526,-11.14167084],[32.26592258,-11.14033196],[32.26724661,-11.13850711],[32.26906266,-11.13653228],[32.27022169,-11.1339245],[32.27186973,-11.13351253],[32.27207573,-11.13207566],[32.27245374,-11.13051379],[32.27404778,-11.12850996],[32.27540582,-11.12587419],[32.27830189,-11.12263346],[32.27903391,-11.12139057],[32.27974793,-11.11851481],[32.28047995,-11.11677196],[32.28127296,-11.11358523],[32.28110596,-11.11165839],[32.28358902,-11.1080677],[32.28574408,-11.10749475],[32.28781213,-11.10584489],[32.28954818,-11.10337009],[32.29338528,-11.10146526],[32.29560533,-11.09976041],[32.29770739,-11.09769658],[32.30223951,-11.09771657],[32.30430756,-11.09477382],[32.3060086,-11.09161209],[32.30839266,-11.08996323],[32.31335579,-11.0879434],[32.37031427,-11.05561513],[32.34684163,-11.00162574],[32.34148648,-10.98611207],[32.33949143,-10.98420623],[32.33624034,-10.98210242],[32.33334926,-10.97952864],[32.33030918,-10.97546599],[32.32779111,-10.97213327],[32.32666208,-10.96855157],[32.32459802,-10.96600379],[32.32295398,-10.96302905],[32.323648,-10.96064425],[32.32614306,-10.9565336],[32.3276121,-10.95405381],[32.32816911,-10.9506461],[32.32880913,-10.94697841],[32.33017916,-10.94339272],[32.33302824,-10.94064195],[32.33849538,-10.93804117],[32.3432985,-10.93659429],[32.34817362,-10.9341115],[32.35207973,-10.93198668],[32.35432278,-10.92995785],[32.35670685,-10.92796203],[32.35975892,-10.92524825],[32.36379503,-10.92246549],[32.36608809,-10.91939675],[32.3664731,-10.91720994],[32.36698411,-10.91424619],[32.36804113,-10.91112045],[32.36860115,-10.9081807],[32.36957817,-10.90558893],[32.37264925,-10.90134029],[32.37393828,-10.89897449],[32.37535032,-10.89539679],[32.37619734,-10.89224406],[32.37673835,-10.88907833],[32.37634534,-10.88523666],[32.37585733,-10.88407776],[32.37660934,-10.88169296],[32.37633434,-10.87898319],[32.37761937,-10.87647941],[32.38001943,-10.87313069],[32.38069445,-10.87164282],[32.38236149,-10.86753017],[32.38180848,-10.86631827],[32.38178147,-10.86579632],[32.38156046,-10.86468441],[32.38123246,-10.86350851],[32.38169047,-10.86144769],[32.38054544,-10.86065676],[32.38145346,-10.85726004],[32.38132046,-10.85413131],[32.38135846,-10.85166353],[32.38359351,-10.84757587],[32.38464254,-10.84533506],[32.38651958,-10.8390936],[32.38780161,-10.83717776],[32.38805362,-10.83679779],[32.39019668,-10.83382904],[32.39321475,-10.83487595],[32.39466079,-10.83266114],[32.402591,-10.83280312],[32.40340002,-10.83032933],[32.40148497,-10.82802853],[32.40190898,-10.82448583],[32.40199598,-10.82069815],[32.39720085,-10.82055317],[32.39369876,-10.81705047],[32.39173871,-10.8143227],[32.38960565,-10.81215789],[32.38801861,-10.80991309],[32.38733559,-10.80636139],[32.38711058,-10.80254371],[32.38551254,-10.80028091],[32.38155244,-10.80229174],[32.37972939,-10.79983795],[32.37846235,-10.79669622],[32.37602129,-10.79436142],[32.3728172,-10.79548233],[32.36760207,-10.7934405],[32.36401597,-10.79062874],[32.3615859,-10.78711804],[32.35994186,-10.78313538],[32.35750779,-10.77987667],[32.35513173,-10.77625497],[32.35216366,-10.7748741],[32.34727653,-10.77333023],[32.34220339,-10.77130141],[32.3386783,-10.7689876],[32.33559221,-10.76645982],[32.33433318,-10.76397104],[32.33188812,-10.76329909],[32.33015207,-10.76213619],[32.32937005,-10.75813953],[32.327489,-10.75654567],[32.32701598,-10.75191707],[32.32730299,-10.75139011],[32.32737499,-10.75121013],[32.32608196,-10.75057619],[32.3235979,-10.74968326],[32.32163784,-10.74843137],[32.31959678,-10.7456996],[32.31805975,-10.74545962],[32.31561768,-10.74379177],[32.31315762,-10.74401875],[32.31033855,-10.74298484],[32.31021654,-10.73930415],[32.31158157,-10.73356564],[32.31343962,-10.72857307],[32.31343961,-10.70463611],[32.31449963,-10.6953729],[32.31513364,-10.69023134],[32.31436262,-10.68468782],[32.31165055,-10.68237402],[32.30896448,-10.67917029],[32.30656941,-10.67257285],[32.30541338,-10.66677835],[32.30401734,-10.66027591],[32.30354032,-10.65407144],[32.30510036,-10.64177349],[32.31009348,-10.63634095],[32.31667865,-10.63093141],[32.3183267,-10.62611682],[32.31920372,-10.62362304],[32.31988674,-10.62278511],[32.3223848,-10.61972737],[32.32754694,-10.6169906],[32.33280707,-10.61480478],[32.33542014,-10.60999919],[32.34121528,-10.60466864],[32.34528139,-10.60258882],[32.34592641,-10.60210486],[32.34750945,-10.60089396],[32.34894749,-10.60026402],[32.35146555,-10.59519145],[32.35283158,-10.58929996],[32.35566165,-10.58384542],[32.35931675,-10.58142062],[32.36901,-10.57563712],[32.38270136,-10.57093651],[32.38394038,-10.56580195],[32.38542042,-10.56310218],[32.38403238,-10.55885254],[32.3850434,-10.55416994],[32.38823249,-10.55157316],[32.39185658,-10.5499633],[32.39575468,-10.54753051],[32.39961578,-10.5464146],[32.40292287,-10.5440548],[32.40539493,-10.54337186],[32.40948104,-10.54115605],[32.41106408,-10.53993815],[32.41269312,-10.53893523],[32.41754925,-10.53378567],[32.41828926,-10.53146187],[32.42079133,-10.53061794],[32.42241337,-10.53003299],[32.42430942,-10.52946304],[32.42491944,-10.52927905],[32.42707849,-10.52892108],[32.42914254,-10.52694525],[32.43229662,-10.52564836],[32.43393767,-10.5228196],[32.43790477,-10.52055779],[32.44178487,-10.51838898],[32.44639999,-10.51589219],[32.44838004,-10.51469129],[32.45097011,-10.51308643],[32.45449519,-10.51183853],[32.45758128,-10.51130157],[32.46017935,-10.50877479],[32.46407845,-10.50775988],[32.46809155,-10.5051901],[32.47109363,-10.5027343],[32.47226065,-10.50199636],[32.4738557,-10.50230634],[32.47673977,-10.50223734],[32.47899384,-10.50216135],[32.49995637,-10.47761344],[32.50061238,-10.47723647],[32.50188642,-10.47666652],[32.50433548,-10.47552462],[32.50665154,-10.47319381],[32.50845958,-10.47130897],[32.50797858,-10.46962612],[32.50849758,-10.46831523],[32.50972562,-10.4686712],[32.51053464,-10.46692835],[32.51252969,-10.4662784],[32.51269369,-10.46466854],[32.51548277,-10.46333565],[32.51767582,-10.4638836],[32.51919086,-10.46178578],[32.52214694,-10.45962197],[32.52534002,-10.45947398],[32.5283271,-10.45748715],[32.52955513,-10.45763414],[32.53097417,-10.46042289],[32.5322062,-10.4603789],[32.53315222,-10.45740415],[32.53456026,-10.45548932],[32.53647131,-10.45595628],[32.53741034,-10.4568342],[32.53816135,-10.45503335],[32.5398704,-10.45596927],[32.54098043,-10.45345849],[32.54224746,-10.45147766],[32.54189645,-10.44905686],[32.5441355,-10.44772897],[32.54677958,-10.44850391],[32.54814461,-10.44875588],[32.54962465,-10.44760098],[32.55168071,-10.44847191],[32.55422977,-10.45128666],[32.55456478,-10.45246256],[32.55683484,-10.4543114],[32.55837588,-10.45461238],[32.55985592,-10.45229157],[32.55876889,-10.45124766],[32.55720885,-10.44987178],[32.55846388,-10.44811993],[32.56070694,-10.44779996],[32.56187797,-10.44915684],[32.56343801,-10.44941982],[32.56468204,-10.44748899],[32.56622708,-10.44786896],[32.56652809,-10.44736099],[32.5668301,-10.44685904],[32.56795513,-10.44584812],[32.56898115,-10.4449522],[32.57044219,-10.44480121],[32.5707702,-10.44340134],[32.57321226,-10.44241742],[32.5745933,-10.44066557],[32.57685136,-10.43948667],[32.58022744,-10.43948166],[32.58272551,-10.43941067],[32.58358053,-10.43996362],[32.58490757,-10.44038058],[32.58703262,-10.44078955],[32.58974869,-10.4413445],[32.59143474,-10.44273038],[32.59485283,-10.4401946],[32.59184375,-10.43890971],[32.59344979,-10.43699487],[32.59622286,-10.43636292],[32.59824092,-10.4343041],[32.60112499,-10.43422711],[32.60296704,-10.43574797],[32.60516109,-10.43392712],[32.60672913,-10.43499504],[32.60836118,-10.43788179],[32.60867019,-10.43808977],[32.60823918,-10.43542],[32.61165726,-10.43318419],[32.61344631,-10.43290321],[32.61095924,-10.43134635],[32.6093302,-10.4294725],[32.60862818,-10.4272657],[32.60879619,-10.42354101],[32.61016221,-10.42131921],[32.61188626,-10.41870043],[32.61421332,-10.41651761],[32.61633838,-10.41407682],[32.61838643,-10.41285792],[32.62246853,-10.41044313],[32.62646664,-10.4083663],[32.63063574,-10.40626648],[32.7487228,-10.34868536],[32.75134387,-10.34777143],[32.81341047,-10.31654208],[32.81403248,-10.31688905],[32.81737357,-10.31826493],[32.8222337,-10.31925284],[32.82691082,-10.32061772],[32.83143494,-10.32354047],[32.83466302,-10.32651921],[32.8374661,-10.33054087],[32.83985116,-10.33168376],[32.84393627,-10.33411756]]]]},"geometry_name":"the_geom","properties":{"OBJECTID":3,"NAME":"Eastern","SHAPE.area":5.734099747262606,"SHAPE.len":20.090416548081006}},{"type":"Feature","id":"zambia-provinces.4","geometry":{"type":"MultiPolygon","coordinates":[[[[29.9817049,-14.64887567],[29.98418297,-14.64915665],[29.98601002,-14.64894567],[29.98853208,-14.64864469],[29.99104015,-14.65041854],[29.99375222,-14.65191742],[29.99640229,-14.65234738],[29.99856635,-14.65171243],[30.00009039,-14.65076451],[30.00198644,-14.64901166],[30.00290047,-14.64827371],[30.00415349,-14.64763577],[30.00523652,-14.64715781],[30.00638856,-14.6472068],[30.00717058,-14.64888467],[30.00768959,-14.64928663],[30.00724958,-14.65022955],[30.00779259,-14.65218339],[30.00968865,-14.65356128],[30.01266472,-14.65533513],[30.01687984,-14.65664602],[30.02056494,-14.6581689],[30.02401703,-14.6605607],[30.02841415,-14.6628415],[30.03253026,-14.66480334],[30.03554534,-14.66626422],[30.03746039,-14.66673518],[30.04126049,-14.66708915],[30.04495659,-14.66702016],[30.04861269,-14.66760711],[30.05071074,-14.67021689],[30.05303281,-14.67440755],[30.05591289,-14.68079802],[30.05579988,-14.68616958],[30.05401084,-14.69055422],[30.05428585,-14.6944419],[30.05601789,-14.69724466],[30.05897998,-14.6992005],[30.06246107,-14.69973146],[30.06631917,-14.69856156],[30.06992427,-14.69812958],[30.07334636,-14.69876753],[30.07529341,-14.70090436],[30.07662745,-14.70349915],[30.0785365,-14.70484003],[30.08263161,-14.70497802],[30.08701673,-14.70416108],[30.09052482,-14.70568296],[30.09399391,-14.71065955],[30.09518795,-14.71433024],[30.09682799,-14.71835891],[30.09920306,-14.72183762],[30.10259414,-14.72316451],[30.10585623,-14.72295453],[30.10891931,-14.72405744],[30.11180939,-14.72635125],[30.11422046,-14.72967098],[30.11589451,-14.73219676],[30.11615052,-14.73415361],[30.11750055,-14.73742533],[30.1194516,-14.73932218],[30.12198667,-14.74040309],[30.1230477,-14.74182397],[30.1232787,-14.74224794],[30.12361371,-14.74307687],[30.12392272,-14.74412778],[30.12405473,-14.74537668],[30.12407973,-14.74658558],[30.12531376,-14.74829344],[30.12600178,-14.74917937],[30.12721481,-14.75049826],[30.12737182,-14.75094622],[30.12783083,-14.75148517],[30.12919886,-14.75254109],[30.13102392,-14.75442193],[30.13380499,-14.75648976],[30.13610205,-14.75821562],[30.1377861,-14.76033645],[30.13902413,-14.76257926],[30.13996416,-14.76457709],[30.1412712,-14.76753585],[30.14421428,-14.77007364],[30.14627933,-14.77088057],[30.1489904,-14.77107456],[30.15172548,-14.7728924],[30.15363253,-14.77573217],[30.15594059,-14.77798998],[30.15868767,-14.77984283],[30.16189175,-14.78160369],[30.16601586,-14.78310256],[30.17000197,-14.78475042],[30.17269904,-14.78690325],[30.17551412,-14.79073493],[30.17722117,-14.79366369],[30.17948323,-14.79565853],[30.18206429,-14.79701741],[30.18431736,-14.79930322],[30.18443136,-14.79942521],[30.18329833,-14.80159204],[30.18137428,-14.80490976],[30.18310432,-14.81001334],[30.18718044,-14.8130091],[30.19241357,-14.81443798],[30.1970817,-14.81467895],[30.19882475,-14.81754072],[30.19911676,-14.82111742],[30.2005528,-14.82427317],[30.20122182,-14.826325],[30.20413089,-14.83048665],[30.20632096,-14.83586321],[30.20663397,-14.83994388],[30.20624296,-14.84431652],[30.20492992,-14.84841718],[30.20348789,-14.85297381],[30.20442891,-14.85662151],[30.20574695,-14.86002423],[30.20785201,-14.86537979],[30.20826102,-14.8701524],[30.20763501,-14.87258419],[30.20539195,-14.87427206],[30.2036349,-14.87605391],[30.20439792,-14.87956762],[30.2035949,-14.88134848],[30.20291989,-14.88489919],[30.20411992,-14.88884986],[30.20511695,-14.89254456],[30.20498595,-14.89594628],[30.20358591,-14.90017993],[30.20281089,-14.90251574],[30.20122985,-14.90395362],[30.1993418,-14.90473956],[30.19707774,-14.90630143],[30.19478868,-14.90860024],[30.19420667,-14.91224095],[30.19513369,-14.91824845],[30.19631073,-14.92085824],[30.1988188,-14.92472492],[30.20184388,-14.93001549],[30.20459995,-14.93521005],[30.20427594,-14.94031164],[30.20342493,-14.94379835],[30.20265691,-14.94668912],[30.20287792,-14.95043781],[30.20432396,-14.95385253],[30.20759905,-14.95815517],[30.21097314,-14.9626248],[30.2131662,-14.96906428],[30.21272819,-14.97181305],[30.21109915,-14.97535476],[30.21025812,-14.97838951],[30.21032613,-14.98131227],[30.21097514,-14.98269116],[30.21149216,-14.98396705],[30.21324421,-14.9883347],[30.21483325,-14.99136045],[30.21639929,-14.99506314],[30.2165733,-14.99584408],[30.21695231,-14.99751794],[30.21795234,-14.99833587],[30.21828234,-15.00108965],[30.21892336,-15.00298749],[30.21987139,-15.00582826],[30.22051341,-15.0077191],[30.22122343,-15.00982293],[30.22280247,-15.01211874],[30.22450252,-15.01457654],[30.22621157,-15.01704734],[30.22792361,-15.01951713],[30.22893264,-15.02232791],[30.22984267,-15.02518167],[30.23075269,-15.02804143],[30.23166271,-15.0308972],[30.23257274,-15.03375696],[30.23318276,-15.03566681],[30.23379278,-15.03756665],[30.23409279,-15.04042641],[30.23321177,-15.04329218],[30.23184373,-15.04584498],[30.23031368,-15.04713587],[30.22803263,-15.04907571],[30.22574357,-15.05101155],[30.22430353,-15.05354335],[30.22331351,-15.05637511],[30.22265349,-15.05825496],[30.22199347,-15.06014481],[30.22132245,-15.06202865],[30.22108245,-15.06486442],[30.22205348,-15.06770419],[30.22303351,-15.07054396],[30.22368352,-15.0724338],[30.22452355,-15.0748836],[30.22400253,-15.07723341],[30.22356352,-15.07918325],[30.22295351,-15.08186303],[30.22246349,-15.08406285],[30.22180348,-15.08697661],[30.22158347,-15.08795653],[30.22114346,-15.08991237],[30.22109346,-15.09288113],[30.22134347,-15.09586689],[30.22211249,-15.09866665],[30.22324352,-15.10031652],[30.22437255,-15.10197938],[30.22550358,-15.10362625],[30.22719363,-15.10609604],[30.22832266,-15.10774591],[30.2300127,-15.11023071],[30.23114373,-15.11188057],[30.23227277,-15.11352743],[30.23304379,-15.1163602],[30.2332838,-15.11834004],[30.23300379,-15.1212878],[30.23238378,-15.12422955],[30.23177276,-15.12715431],[30.23115375,-15.13009808],[30.23054273,-15.13303884],[30.22992272,-15.1359646],[30.22994371,-15.13883836],[30.23076374,-15.14066321],[30.23179377,-15.14297802],[30.23385382,-15.14433791],[30.23636389,-15.14598777],[30.23862295,-15.14790362],[30.240524,-15.15022743],[30.24242406,-15.15254724],[30.24369409,-15.15408211],[30.24496312,-15.15563698],[30.24598316,-15.15838176],[30.24665317,-15.16131652],[30.24709319,-15.16326136],[30.2475432,-15.1652152],[30.24798421,-15.16716603],[30.24940325,-15.16977582],[30.25049428,-15.17144569],[30.25158331,-15.17312055],[30.25321436,-15.17564534],[30.25430339,-15.1773152],[30.25593443,-15.17983],[30.25734347,-15.18199182],[30.25778448,-15.18437463],[30.25834349,-15.18732238],[30.25889451,-15.19026914],[30.25944353,-15.1932239],[30.25992454,-15.19580869],[30.25927452,-15.1980835],[30.25872451,-15.20000335],[30.2581735,-15.20193319],[30.25762448,-15.20385203],[30.25707447,-15.20576788],[30.25639246,-15.20815268],[30.25626445,-15.21066748],[30.25616345,-15.21266731],[30.25602344,-15.21548608],[30.25750449,-15.21708795],[30.25886252,-15.21854983],[30.26022356,-15.22001171],[30.2615836,-15.22147559],[30.26295363,-15.22293547],[30.26431367,-15.22441135],[30.26567371,-15.22587123],[30.26717475,-15.22845502],[30.26856479,-15.2311208],[30.26949381,-15.23289065],[30.27088485,-15.23553444],[30.27227489,-15.23820022],[30.27366393,-15.24086],[30.27505397,-15.24351879],[30.27645401,-15.24616957],[30.27738503,-15.24794442],[30.27877507,-15.2505992],[30.2797251,-15.25240906],[30.28212516,-15.25413891],[30.28374421,-15.25530882],[30.28618527,-15.25705867],[30.28780531,-15.25822858],[30.29023538,-15.25997843],[30.29186542,-15.26114334],[30.29429549,-15.26289319],[30.29591553,-15.26406309],[30.2983546,-15.26582795],[30.30078466,-15.26757781],[30.30322473,-15.26932766],[30.30484577,-15.27049757],[30.30646482,-15.27166247],[30.30808486,-15.27283237],[30.30971491,-15.27400428],[30.31133495,-15.27517718],[30.31376502,-15.27692704],[30.31539406,-15.27809694],[30.3170151,-15.27926685],[30.31907516,-15.28137367],[30.32018519,-15.28304154],[30.32185623,-15.28553233],[30.32311627,-15.28742618],[30.32462531,-15.28969099],[30.32629636,-15.29219579],[30.3281464,-15.29453059],[30.33026547,-15.29665042],[30.3316755,-15.2980703],[30.33308654,-15.29949019],[30.3352056,-15.30161001],[30.33661563,-15.3030299],[30.33802667,-15.30444978],[30.34013673,-15.30656961],[30.3426768,-15.30813948],[30.34530587,-15.30959936],[30.34705692,-15.31057428],[30.34967699,-15.31202415],[30.35206706,-15.31381901],[30.35436712,-15.31574385],[30.35667718,-15.31764869],[30.35855623,-15.3199835],[30.36033728,-15.32239331],[30.36211733,-15.32480811],[30.36389738,-15.32721791],[30.36567642,-15.32964271],[30.36686646,-15.33125058],[30.36916752,-15.33314742],[30.37073656,-15.33439232],[30.3723166,-15.33688212],[30.37321663,-15.33867197],[30.37457667,-15.34133675],[30.3758277,-15.34382155],[30.37617671,-15.34602137],[30.37664773,-15.34897613],[30.37711674,-15.35193789],[30.37758676,-15.35490064],[30.37789576,-15.35687848],[30.37836678,-15.35984024],[30.37883779,-15.362807],[30.3793068,-15.36576976],[30.37965782,-15.36798958],[30.38072784,-15.37052637],[30.38188788,-15.37328415],[30.3826679,-15.37512899],[30.38344792,-15.37697384],[30.38460795,-15.37973862],[30.38538798,-15.38158346],[30.38559598,-15.38448323],[30.38539698,-15.38647807],[30.38509797,-15.38946382],[30.38479796,-15.39244758],[30.38449696,-15.39543333],[30.38419595,-15.39841709],[30.38389795,-15.40140285],[30.38369794,-15.40344168],[30.38340793,-15.40637644],[30.38320793,-15.40836128],[30.38300692,-15.41035612],[30.38270792,-15.41334187],[30.38240791,-15.41632563],[30.3821069,-15.41931139],[30.3818079,-15.42229515],[30.38257792,-15.42517491],[30.38318694,-15.42707176],[30.38409797,-15.42993352],[30.38471798,-15.43182937],[30.385327,-15.43374121],[30.38624802,-15.43659398],[30.38715805,-15.43944874],[30.38807707,-15.44230351],[30.3889981,-15.44516327],[30.38960712,-15.44705912],[30.39022713,-15.44897297],[30.39136717,-15.45173774],[30.3926072,-15.45446952],[30.39343722,-15.45629237],[30.39467826,-15.45901915],[30.3959183,-15.46175192],[30.39715833,-15.4644767],[30.39839836,-15.46721148],[30.3996374,-15.46994125],[30.40046742,-15.47176111],[30.40145745,-15.47394593],[30.40094843,-15.47649572],[30.40035842,-15.47943948],[30.39989741,-15.48172529],[30.39837737,-15.48392011],[30.39666833,-15.48637592],[30.39495728,-15.48884672],[30.39337824,-15.49138951],[30.39242822,-15.49314837],[30.39099718,-15.49578415],[30.39004715,-15.49754901],[30.38861712,-15.5001888],[30.38718808,-15.50282358],[30.38575805,-15.50545837],[30.38480802,-15.50721322],[30.38337698,-15.50985801],[30.38242696,-15.51161287],[30.38099692,-15.51425265],[30.37956789,-15.51689744],[30.37861686,-15.5186533],[30.37718782,-15.52128708],[30.37576679,-15.52392287],[30.37480776,-15.52568673],[30.37349673,-15.52810153],[30.3726177,-15.53017636],[30.37182769,-15.53200621],[30.37064765,-15.53476599],[30.36985763,-15.53660284],[30.3686766,-15.53936061],[30.36788758,-15.54120547],[30.36709756,-15.54303032],[30.36591653,-15.54579509],[30.36568652,-15.54872485],[30.36574553,-15.55021273],[30.36576653,-15.55072369],[30.36588654,-15.55372445],[30.36748658,-15.55603426],[30.36969764,-15.5580641],[30.3719077,-15.56008392],[30.37338674,-15.56144382],[30.3755968,-15.56346365],[30.37780786,-15.56548848],[30.38001692,-15.56752032],[30.38149696,-15.56887321],[30.38370702,-15.57089304],[30.38591808,-15.57291788],[30.38739812,-15.57427277],[30.38960718,-15.5763026],[30.39141723,-15.57867241],[30.39308827,-15.5811622],[30.3941983,-15.58281707],[30.39586735,-15.58532186],[30.39697738,-15.58697673],[30.39865743,-15.58946652],[30.39976746,-15.59113139],[30.40087749,-15.59279126],[30.40199752,-15.59444612],[30.40355756,-15.59677093],[30.40437759,-15.59882076],[30.40550862,-15.60160053],[30.40662865,-15.60438031],[30.40775768,-15.60716008],[30.40936772,-15.60961588],[30.41146778,-15.6117697],[30.41286782,-15.61319759],[30.41496788,-15.61533841],[30.41706793,-15.61747924],[30.41302783,-15.62378373],[30.39401832,-15.63566777],[30.38978821,-15.63830756],[30.36568657,-15.64839675],[30.3592274,-15.65110653],[30.34453701,-15.65108654],[30.33700681,-15.64820678],[30.3178463,-15.64626194],[30.28678447,-15.64688691],[30.28080531,-15.64380716],[30.27340411,-15.63999747],[30.27188406,-15.63793764],[30.26461486,-15.62813844],[30.26013475,-15.62714852],[30.24879344,-15.63706772],[30.22569284,-15.65729009],[30.21658259,-15.66286964],[30.20902239,-15.66159274],[30.20507328,-15.65762007],[30.20354224,-15.65071663],[30.18469273,-15.63179817],[30.16687225,-15.62161701],[30.14707171,-15.6205991],[30.13965152,-15.62021713],[30.12541114,-15.62110307],[30.09638036,-15.62793653],[30.05963839,-15.6284125],[30.04584801,-15.63069532],[30.03082862,-15.63547194],[30.01868829,-15.63532696],[30.00008779,-15.6373028],[29.98229732,-15.64184744],[29.96717691,-15.64374529],[29.96216678,-15.64223742],[29.93478604,-15.62440888],[29.92693483,-15.622955],[29.90872434,-15.62445788],[29.90183516,-15.62343297],[29.89992411,-15.62259904],[29.895854,-15.62079418],[29.8772245,-15.6133438],[29.86086406,-15.61274485],[29.84163355,-15.61058404],[29.821013,-15.61006009],[29.79664235,-15.61166997],[29.77565078,-15.61642959],[29.76061138,-15.62244311],[29.74726103,-15.63004849],[29.71577019,-15.64325143],[29.69804872,-15.64564124],[29.64950743,-15.65916416],[29.62920689,-15.66274987],[29.61023738,-15.66218593],[29.59733603,-15.65667338],[29.58529671,-15.64679219],[29.57716548,-15.64304649],[29.56430414,-15.64248755],[29.56222508,-15.64239156],[29.54502562,-15.64706118],[29.53685441,-15.65341666],[29.5138948,-15.67974853],[29.50051445,-15.686418],[29.47494377,-15.68756391],[29.46196242,-15.69009372],[29.43423268,-15.69012272],[29.42080232,-15.69426039],[29.40382087,-15.71085204],[29.39983076,-15.71321186],[29.39083952,-15.71406179],[29.37443008,-15.71113203],[29.36234976,-15.71111204],[29.34917041,-15.71616163],[29.34402027,-15.71945637],[29.34012917,-15.72336705],[29.33727009,-15.72624082],[29.3299989,-15.73048947],[29.32195869,-15.73131541],[29.31157941,-15.73378521],[29.30546925,-15.73664498],[29.28661874,-15.748869],[29.2811086,-15.75244871],[29.26630721,-15.75957614],[29.24412761,-15.76546266],[29.22728716,-15.76482472],[29.2136668,-15.77194715],[29.19577532,-15.79197553],[29.18149595,-15.80208271],[29.15873534,-15.81554363],[29.14774505,-15.82375897],[29.13414469,-15.83246627],[29.11826427,-15.84627115],[29.08710244,-15.86743944],[29.06505185,-15.88110735],[29.05528159,-15.89204046],[29.04347128,-15.90806617],[29.03456205,-15.92793756],[29.02620183,-15.93794176],[29.01561155,-15.94292636],[29.00073015,-15.9411765],[28.99384096,-15.94014659],[28.98622076,-15.93901168],[28.9726704,-15.94154648],[28.96573721,-15.94152648],[28.95300887,-15.94149349],[28.9466287,-15.94147349],[28.9353694,-15.94051657],[28.92342907,-15.94250942],[28.92382909,-15.9427204],[28.92571614,-15.94386131],[28.92730118,-15.94535219],[28.9279262,-15.94607813],[28.92576514,-15.94775299],[28.92477711,-15.94844493],[28.92313907,-15.94697805],[28.92123702,-15.94590214],[28.91960797,-15.94507821],[28.91765892,-15.94380131],[28.91521586,-15.94286139],[28.9130778,-15.94220744],[28.91073373,-15.94222544],[28.90859368,-15.94269641],[28.9056906,-15.94314037],[28.90097548,-15.94244743],[28.89775539,-15.9416275],[28.89361427,-15.94021961],[28.88964717,-15.93870373],[28.88636808,-15.9391147],[28.88363101,-15.94065558],[28.8795889,-15.9428194],[28.87634882,-15.94443827],[28.87239071,-15.94572317],[28.87028865,-15.94625813],[28.86894362,-15.9466001],[28.86561152,-15.94837096],[28.86178543,-15.95093075],[28.85845534,-15.94987884],[28.85675429,-15.94882292],[28.85443823,-15.94841296],[28.85211716,-15.9491189],[28.84994611,-15.9502948],[28.84788405,-15.9504168],[28.845752,-15.95007983],[28.84436296,-15.94942188],[28.84285692,-15.94851395],[28.84193189,-15.94757903],[28.84008684,-15.94745204],[28.83764978,-15.947917],[28.83540772,-15.94823397],[28.83417968,-15.94811099],[28.83324566,-15.948022],[28.83040859,-15.94732205],[28.82834353,-15.94642413],[28.82531845,-15.9454962],[28.82244537,-15.94648512],[28.81883328,-15.94946888],[28.8161202,-15.9529276],[28.8120581,-15.95735425],[28.80893901,-15.96000003],[28.80707196,-15.96111394],[28.8046249,-15.96256082],[28.80031178,-15.96209987],[28.79692669,-15.95910311],[28.79401961,-15.95541841],[28.79139854,-15.95294861],[28.78833346,-15.95335957],[28.7858974,-15.95634433],[28.78358433,-15.96093496],[28.78290331,-15.96400171],[28.78163628,-15.9679504],[28.77951022,-15.9691913],[28.77650015,-15.96925429],[28.77245404,-15.96893332],[28.76812292,-15.96713047],[28.76426182,-15.96430969],[28.76096773,-15.96157392],[28.75787664,-15.95907612],[28.75493156,-15.95753025],[28.75036844,-15.95622535],[28.74848439,-15.95617936],[28.74705135,-15.95658532],[28.74579132,-15.95716527],[28.74420628,-15.95801521],[28.74200822,-15.9593211],[28.74016617,-15.960601],[28.73833312,-15.96258184],[28.73714509,-15.96496965],[28.73423201,-15.96632754],[28.73212795,-15.96576459],[28.73201395,-15.96564859],[28.73052191,-15.96414872],[28.72901387,-15.96177891],[28.72806584,-15.95910612],[28.72802384,-15.95717128],[28.72838585,-15.95502545],[28.72743582,-15.95265865],[28.72587378,-15.95113577],[28.72452875,-15.9494689],[28.72390373,-15.94746807],[28.72218468,-15.94450831],[28.72207768,-15.94432332],[28.71967461,-15.94271745],[28.71614652,-15.94265946],[28.71268043,-15.94384936],[28.70922633,-15.94368938],[28.70612625,-15.94183253],[28.70178713,-15.94022566],[28.70124712,-15.93995268],[28.69880005,-15.93872378],[28.696719,-15.93586001],[28.69528696,-15.93258628],[28.69431993,-15.92923455],[28.69257788,-15.92608481],[28.69014281,-15.92188914],[28.68711773,-15.91927036],[28.68397765,-15.91766149],[28.68083857,-15.91669657],[28.67796549,-15.91539967],[28.67632945,-15.91290588],[28.67498041,-15.9102141],[28.67333036,-15.90714734],[28.67159532,-15.90482053],[28.66923525,-15.90460955],[28.6673792,-15.90532949],[28.66447312,-15.90683037],[28.66132204,-15.9077253],[28.65804695,-15.90700336],[28.6559699,-15.90628342],[28.65331483,-15.90545248],[28.65159978,-15.90502652],[28.64963173,-15.90307268],[28.64807468,-15.90128382],[28.64608163,-15.89940698],[28.64451159,-15.89763512],[28.64249553,-15.89691618],[28.63973346,-15.8966692],[28.63677338,-15.89736114],[28.63496533,-15.89872203],[28.63260927,-15.90127483],[28.63063921,-15.90360864],[28.62887917,-15.90552449],[28.62496707,-15.90741233],[28.62129497,-15.90817627],[28.61901791,-15.90732734],[28.61762287,-15.90586546],[28.61670984,-15.90461956],[28.6150658,-15.90368664],[28.61305074,-15.90339766],[28.60995966,-15.9029277],[28.60623756,-15.90255573],[28.60297247,-15.90313768],[28.60079242,-15.90409461],[28.59881036,-15.90455357],[28.59742532,-15.90432259],[28.59598229,-15.90520852],[28.59452825,-15.90607145],[28.5928572,-15.90642742],[28.59142116,-15.90640642],[28.5887851,-15.90696638],[28.58670404,-15.90768232],[28.58406097,-15.90848026],[28.5814669,-15.90876923],[28.57864782,-15.90782331],[28.57736779,-15.90650842],[28.57618076,-15.90405462],[28.57528273,-15.90205778],[28.57357169,-15.90023093],[28.57182264,-15.89860506],[28.5701556,-15.89637824],[28.56859755,-15.89528233],[28.56635949,-15.89495235],[28.56365342,-15.89487836],[28.56159937,-15.89479637],[28.56022733,-15.89506435],[28.55848428,-15.8943844],[28.55675023,-15.89375845],[28.55519219,-15.89204959],[28.55417016,-15.88974878],[28.55351914,-15.88779794],[28.55149909,-15.88600308],[28.54940103,-15.88518715],[28.54775499,-15.88310432],[28.54730498,-15.88129246],[28.54596794,-15.87978659],[28.54367688,-15.87917164],[28.54177583,-15.87853469],[28.53950377,-15.87817472],[28.53771872,-15.87773176],[28.53722071,-15.87526195],[28.5371577,-15.87307914],[28.53522565,-15.87168025],[28.53172356,-15.87093831],[28.52925549,-15.87021837],[28.52741644,-15.86953942],[28.52530739,-15.86868749],[28.52298532,-15.86774757],[28.52040725,-15.86778956],[28.5185392,-15.86915046],[28.51577413,-15.87208222],[28.51550312,-15.87193023],[28.51424409,-15.87126828],[28.51252204,-15.86943643],[28.51147802,-15.86763958],[28.510942,-15.86586672],[28.51003998,-15.86406287],[28.5075399,-15.86321994],[28.50598287,-15.86204803],[28.50447982,-15.86051816],[28.50322479,-15.85916527],[28.50174475,-15.85770239],[28.50003771,-15.85570655],[28.49926369,-15.85444765],[28.49778864,-15.85232582],[28.49681262,-15.85087094],[28.49551758,-15.850102],[28.49351053,-15.85029199],[28.49087646,-15.85044097],[28.48810338,-15.85032599],[28.48636534,-15.84992202],[28.4848493,-15.84878911],[28.48247823,-15.84696226],[28.48153621,-15.8464653],[28.48022017,-15.84740323],[28.47783011,-15.84780219],[28.47565905,-15.84784819],[28.47404701,-15.8477402],[28.47221295,-15.84661229],[28.47073792,-15.84513641],[28.46971589,-15.84362253],[28.46893987,-15.84206066],[28.46720982,-15.8403518],[28.46531177,-15.83868294],[28.4628667,-15.83707706],[28.46127566,-15.83627313],[28.46004863,-15.83569818],[28.45834758,-15.83528621],[28.45658754,-15.8366161],[28.4549695,-15.83868294],[28.45354245,-15.84078177],[28.45228242,-15.84275861],[28.4513684,-15.84448947],[28.45096838,-15.84617533],[28.45029237,-15.84790519],[28.44815631,-15.84887211],[28.44602926,-15.84828616],[28.44340118,-15.84699127],[28.44145013,-15.84488044],[28.43976809,-15.84297659],[28.43854305,-15.84143172],[28.43794803,-15.83985584],[28.436735,-15.83825197],[28.43435594,-15.83709507],[28.43202888,-15.8354302],[28.43063484,-15.83238345],[28.43046684,-15.82996965],[28.4292888,-15.82754585],[28.4292068,-15.82484706],[28.43074384,-15.82174131],[28.43085984,-15.81918152],[28.4294718,-15.81661773],[28.42727375,-15.81426192],[28.42512468,-15.81183312],[28.42371665,-15.81060522],[28.42268462,-15.80984328],[28.42119958,-15.80914134],[28.41935053,-15.80819641],[28.4183855,-15.80674753],[28.41722047,-15.80524965],[28.4144664,-15.80453571],[28.41133832,-15.80518366],[28.40855524,-15.80493968],[28.40523615,-15.80295884],[28.40274308,-15.80150496],[28.40025602,-15.80026706],[28.39773195,-15.79930314],[28.39557489,-15.79828922],[28.39309782,-15.79650137],[28.39119778,-15.79477551],[28.38967373,-15.79269668],[28.3886077,-15.79079583],[28.38623464,-15.78907397],[28.38278555,-15.78806606],[28.38050248,-15.78725312],[28.37962146,-15.78693614],[28.37705039,-15.78596522],[28.37492033,-15.78566025],[28.37244227,-15.78555326],[28.37074823,-15.78622521],[28.36811415,-15.78732312],[28.36548809,-15.78849702],[28.362501,-15.78933896],[28.35884391,-15.78876501],[28.35617583,-15.78695115],[28.35516081,-15.78483332],[28.35461379,-15.78316646],[28.35348676,-15.78152159],[28.35206772,-15.78027569],[28.34937065,-15.77874282],[28.3474366,-15.7789778],[28.34539555,-15.77988972],[28.34298648,-15.78096364],[28.34025141,-15.78139961],[28.33766234,-15.78256851],[28.33420624,-15.78476233],[28.33092416,-15.78720013],[28.32788707,-15.78987592],[28.32609203,-15.79199575],[28.32429398,-15.79438056],[28.32182191,-15.79557846],[28.31889183,-15.79566045],[28.31543575,-15.79602342],[28.31062162,-15.79954614],[28.3060155,-15.80340083],[28.3024174,-15.80543866],[28.29788227,-15.80586163],[28.29213912,-15.80432675],[28.28591695,-15.801365],[28.28099782,-15.79864222],[28.27716172,-15.7964144],[28.27484665,-15.79726033],[28.2725726,-15.80070405],[28.27079155,-15.80438875],[28.26831748,-15.80587464],[28.26562741,-15.80661257],[28.26317635,-15.80802946],[28.26167231,-15.80978232],[28.26045828,-15.81177316],[28.25884123,-15.81475591],[28.2575922,-15.81589782],[28.25538314,-15.81706873],[28.2537391,-15.81850961],[28.25251406,-15.82134338],[28.25214205,-15.82350221],[28.25204505,-15.82542405],[28.25208105,-15.82710492],[28.25183504,-15.82871178],[28.25152804,-15.83026666],[28.250048,-15.83188953],[28.24885197,-15.83289844],[28.24797294,-15.83367338],[28.24657291,-15.83446232],[28.24518387,-15.83491429],[28.24398684,-15.83504327],[28.24142477,-15.83577221],[28.23965672,-15.83634017],[28.23795868,-15.83707711],[28.23694265,-15.83687113],[28.23460558,-15.83758207],[28.23220852,-15.83818302],[28.22853242,-15.83830901],[28.22533434,-15.83752207],[28.22221125,-15.83563623],[28.21860316,-15.83345441],[28.21343002,-15.83098661],[28.21169997,-15.82997569],[28.21154697,-15.82991869],[28.20503379,-15.82645098],[28.20211871,-15.82427316],[28.20088068,-15.82355321],[28.19855962,-15.82219432],[28.19398049,-15.82016949],[28.19101641,-15.81727473],[28.1869053,-15.81405698],[28.18425023,-15.81037629],[28.18336921,-15.80560667],[28.18254118,-15.80037409],[28.18104814,-15.79602545],[28.17866408,-15.7916508],[28.17655002,-15.79009593],[28.17484297,-15.78882703],[28.16992784,-15.78705618],[28.16558072,-15.78664521],[28.16312966,-15.78641823],[28.15580947,-15.78580028],[28.1498103,-15.78494035],[28.14397915,-15.78392744],[28.13747897,-15.78252155],[28.13261684,-15.78028373],[28.12796672,-15.77904983],[28.12282658,-15.77791393],[28.11963949,-15.77649104],[28.1160454,-15.77363527],[28.1125593,-15.76990958],[28.11224429,-15.76974059],[28.10934121,-15.76818172],[28.10532611,-15.76662884],[28.10071598,-15.76501398],[28.0975989,-15.76364409],[28.0939558,-15.76171025],[28.09057071,-15.75840052],[28.08754563,-15.7548828],[28.08538457,-15.75317794],[28.08483256,-15.75127509],[28.08345352,-15.75006619],[28.08180448,-15.74913027],[28.08028543,-15.74834833],[28.07881139,-15.74713443],[28.07681634,-15.74621151],[28.0751133,-15.74586254],[28.07302024,-15.74584554],[28.07072018,-15.74623851],[28.06978215,-15.74637149],[28.06760009,-15.74679346],[28.06688407,-15.74659848],[28.064172,-15.7476164],[28.06009189,-15.74842033],[28.0565458,-15.74909828],[28.05367372,-15.74939125],[28.05096565,-15.74962423],[28.04768456,-15.74962623],[28.04448548,-15.74951024],[28.0414534,-15.74942825],[28.0382273,-15.7487693],[28.0378113,-15.74855932],[28.03534523,-15.74728743],[28.03386119,-15.74405469],[28.03250515,-15.74061796],[28.0306511,-15.73944406],[28.02755902,-15.73942407],[28.02396192,-15.73858014],[28.02231988,-15.73732424],[28.02272589,-15.73522441],[28.02389392,-15.73215765],[28.02508795,-15.72945587],[28.02638099,-15.72589916],[28.026837,-15.72283241],[28.02620498,-15.72061159],[28.02476894,-15.71965267],[28.02393392,-15.71947668],[28.02280289,-15.71912871],[28.02158886,-15.71904472],[28.01824377,-15.7193057],[28.01499568,-15.71943369],[28.0118906,-15.71971866],[28.00886852,-15.72011564],[28.00620444,-15.71980666],[28.00352637,-15.71881874],[27.99999228,-15.71698589],[27.99733721,-15.71632195],[27.99419912,-15.71544302],[27.99372211,-15.71529803],[27.99155905,-15.71463108],[27.98710393,-15.7119433],[27.98475787,-15.7119843],[27.98177379,-15.71371316],[27.9786617,-15.71605497],[27.97758968,-15.71950069],[27.97757268,-15.72419231],[27.9781887,-15.72811299],[27.97947173,-15.73178669],[27.98080677,-15.73460747],[27.98010675,-15.73586236],[27.97810969,-15.73429849],[27.97600664,-15.73330957],[27.97336656,-15.73376453],[27.97058549,-15.73481245],[27.96792842,-15.73619233],[27.96610837,-15.7378382],[27.96547736,-15.73987604],[27.96651739,-15.74193487],[27.9669294,-15.74349774],[27.96472234,-15.74802938],[27.96305529,-15.74977123],[27.96094124,-15.75128011],[27.95898118,-15.75243302],[27.95829017,-15.75294798],[27.95731714,-15.75345794],[27.95622611,-15.75383291],[27.95522908,-15.75436786],[27.95443406,-15.75496481],[27.95400405,-15.75568576],[27.95352904,-15.7563647],[27.95281602,-15.75691966],[27.952292,-15.75722763],[27.94958893,-15.75790858],[27.9483569,-15.7576406],[27.94721787,-15.75726263],[27.94641285,-15.75696166],[27.94540582,-15.75648869],[27.94371177,-15.75568176],[27.94219573,-15.75503781],[27.94033369,-15.75483683],[27.93852063,-15.75463584],[27.93598157,-15.7552158],[27.93416352,-15.75611873],[27.93152945,-15.7576936],[27.93029342,-15.75836154],[27.92877538,-15.75912348],[27.92704133,-15.75988442],[27.9259843,-15.76051937],[27.9220082,-15.76159228],[27.92099117,-15.76117632],[27.92057916,-15.7601564],[27.92058116,-15.75902149],[27.92065316,-15.75801157],[27.92051615,-15.75611773],[27.92043415,-15.75495882],[27.91993814,-15.75448786],[27.91990814,-15.75214505],[27.90847083,-15.74854134],[27.90507174,-15.74638152],[27.90296068,-15.74461366],[27.90127063,-15.74236484],[27.90044861,-15.73940108],[27.8999186,-15.73608336],[27.8997716,-15.73239565],[27.9000116,-15.72910592],[27.8998996,-15.72551221],[27.89861956,-15.72169253],[27.89449545,-15.7170729],[27.89094035,-15.7145551],[27.88740726,-15.71266526],[27.88628823,-15.71419813],[27.88676624,-15.71716789],[27.88674924,-15.72004966],[27.88443818,-15.72129056],[27.88263113,-15.72091759],[27.88040908,-15.71927072],[27.87801701,-15.71726889],[27.87304288,-15.71513706],[27.86977779,-15.71542504],[27.8664697,-15.71737788],[27.86313561,-15.72008866],[27.85858649,-15.72252346],[27.85452238,-15.72503926],[27.85172031,-15.72783403],[27.84812421,-15.7319307],[27.84517013,-15.73596537],[27.84221205,-15.73952608],[27.83954498,-15.74205888],[27.8365129,-15.74459467],[27.83410484,-15.74654551],[27.83082075,-15.74790141],[27.82824368,-15.74745144],[27.82732266,-15.74689549],[27.82628662,-15.74626154],[27.82375556,-15.74469667],[27.81987845,-15.74352476],[27.81658737,-15.74327279],[27.81441131,-15.7443137],[27.81245025,-15.74518763],[27.80837215,-15.74456668],[27.80525607,-15.74391073],[27.802811,-15.74277683],[27.80233198,-15.74154793],[27.80213198,-15.74102897],[27.80215598,-15.73841518],[27.80206298,-15.73455949],[27.80205298,-15.73053082],[27.80178997,-15.72678912],[27.80212798,-15.7233674],[27.80256599,-15.72015766],[27.80366902,-15.71822482],[27.80572507,-15.71661595],[27.80851215,-15.71522706],[27.81123922,-15.71455711],[27.81360429,-15.71417715],[27.81584034,-15.71319022],[27.81746138,-15.71207031],[27.81922343,-15.7122083],[27.8218655,-15.71165435],[27.82495159,-15.71074942],[27.82887869,-15.70929954],[27.83126176,-15.70755868],[27.83150976,-15.70738569],[27.83238478,-15.70558284],[27.83355382,-15.70327303],[27.83495785,-15.70101321],[27.83603188,-15.69808245],[27.83645889,-15.69483771],[27.83621689,-15.69133999],[27.83626088,-15.68890919],[27.83771992,-15.68561646],[27.83730392,-15.68312266],[27.83605088,-15.68232573],[27.83428884,-15.68278569],[27.83243778,-15.68479053],[27.83038373,-15.68689336],[27.82778766,-15.68814726],[27.82504558,-15.68775429],[27.82443457,-15.68555147],[27.82439857,-15.68430157],[27.82441957,-15.68186277],[27.82473258,-15.67968195],[27.82507958,-15.67822306],[27.82652862,-15.67612623],[27.82835867,-15.67449936],[27.83096174,-15.67233254],[27.83162376,-15.66988874],[27.83209877,-15.66656501],[27.83127475,-15.66369324],[27.82913269,-15.66165441],[27.8255886,-15.66225036],[27.82263652,-15.66293131],[27.81878842,-15.66335427],[27.8145483,-15.66315529],[27.81121221,-15.66216137],[27.80764011,-15.66046151],[27.80426603,-15.65898362],[27.80133395,-15.65786572],[27.79909088,-15.65743376],[27.79662482,-15.65743475],[27.79404975,-15.65759974],[27.79193669,-15.65720477],[27.79160869,-15.65499995],[27.79101167,-15.65340508],[27.79058966,-15.65243316],[27.79065266,-15.65163023],[27.79125767,-15.64967838],[27.79115867,-15.64734857],[27.79036865,-15.6458047],[27.78910762,-15.64407584],[27.78791358,-15.64271095],[27.78688756,-15.64178102],[27.78527951,-15.64031015],[27.78392148,-15.63868028],[27.78269745,-15.63750337],[27.78162142,-15.63613048],[27.78066139,-15.63487459],[27.77945036,-15.63431863],[27.77813232,-15.63387767],[27.7771963,-15.63322572],[27.77646028,-15.63323872],[27.77529424,-15.63287775],[27.77393421,-15.63268377],[27.77302119,-15.63257078],[27.77232817,-15.6323568],[27.77116714,-15.63170385],[27.77105613,-15.63061494],[27.77154614,-15.629808],[27.77143914,-15.62917205],[27.77091513,-15.62869409],[27.77026811,-15.62770217],[27.7698491,-15.62672325],[27.76940209,-15.62583932],[27.77037111,-15.62475041],[27.77069712,-15.62439744],[27.77088112,-15.62342652],[27.77111313,-15.62304355],[27.77112713,-15.62231861],[27.77200416,-15.62169266],[27.77263917,-15.62132969],[27.77319819,-15.62054775],[27.77341719,-15.62023978],[27.77334719,-15.61952183],[27.7735152,-15.61887389],[27.77348219,-15.61797296],[27.7738792,-15.61703204],[27.77447222,-15.61644808],[27.77462722,-15.61572214],[27.77501824,-15.6150722],[27.77495323,-15.61410428],[27.77534624,-15.61336234],[27.77608426,-15.61192145],[27.77667328,-15.61080454],[27.7774403,-15.61039058],[27.77823032,-15.60937366],[27.77782731,-15.60868972],[27.77846033,-15.60775879],[27.77903334,-15.6063439],[27.77927135,-15.60558097],[27.77990637,-15.605253],[27.78086639,-15.60457405],[27.78219143,-15.60407509],[27.78292244,-15.60366412],[27.78454749,-15.60364513],[27.78553351,-15.60286519],[27.78654054,-15.60280319],[27.78768457,-15.60245322],[27.7884686,-15.60179627],[27.78966662,-15.60109233],[27.79007064,-15.59972845],[27.79054565,-15.59899551],[27.79071765,-15.59811058],[27.79023364,-15.59733164],[27.78949462,-15.59631972],[27.78934962,-15.59451987],[27.78965362,-15.592852],[27.79024664,-15.59092616],[27.79082666,-15.58896732],[27.79094266,-15.58721946],[27.79104366,-15.58366375],[27.95797413,-15.58417469],[27.95997618,-15.58421368],[27.96252324,-15.52275668],[27.96308026,-15.50934977],[27.96240624,-15.50445017],[27.96198723,-15.50125243],[27.95646507,-15.46090672],[27.95578605,-15.45666006],[27.95501103,-15.4537623],[27.954077,-15.44964763],[27.95330998,-15.44704684],[27.94345671,-15.40819601],[27.94186367,-15.40447231],[27.93333544,-15.38458394],[27.91188687,-15.4059112],[27.90432266,-15.37834045],[27.90355364,-15.37612663],[27.90335164,-15.37424678],[27.90222461,-15.37316187],[27.90183159,-15.37320487],[27.90131858,-15.37326987],[27.89987955,-15.37365983],[27.89862851,-15.37515671],[27.89772248,-15.37474675],[27.89601144,-15.37427278],[27.89522442,-15.37465975],[27.8943584,-15.37492273],[27.89327637,-15.37499873],[27.89255534,-15.37494973],[27.89144732,-15.37480774],[27.8906543,-15.37477974],[27.88993528,-15.37470475],[27.88862824,-15.37421079],[27.88681219,-15.37423179],[27.88540315,-15.37365983],[27.88406412,-15.37338786],[27.88256308,-15.37352585],[27.88157705,-15.37358884],[27.87999701,-15.37338586],[27.87931099,-15.37386082],[27.87806496,-15.37391081],[27.87707894,-15.37421679],[27.8757649,-15.37471975],[27.87485488,-15.37542569],[27.87377384,-15.37598165],[27.87327783,-15.37652461],[27.8723008,-15.37719955],[27.87158778,-15.37804848],[27.87118277,-15.37886041],[27.87006775,-15.37917239],[27.86938473,-15.37931637],[27.86821169,-15.37929838],[27.86737368,-15.37947536],[27.86635965,-15.37909839],[27.86564263,-15.37895141],[27.8646336,-15.37843545],[27.86356357,-15.37795749],[27.86246654,-15.3778415],[27.86121351,-15.37884841],[27.86061849,-15.37965335],[27.85953447,-15.38087925],[27.85819343,-15.3814692],[27.8568474,-15.38189516],[27.85621537,-15.3827361],[27.85477734,-15.38364403],[27.85416332,-15.38440096],[27.8532613,-15.3852409],[27.85224827,-15.38617382],[27.85037722,-15.38664178],[27.84926519,-15.38715874],[27.84870218,-15.38806167],[27.84802316,-15.38814566],[27.84751814,-15.3888516],[27.84700313,-15.38949955],[27.8459521,-15.3888676],[27.84495408,-15.3889206],[27.84389205,-15.38881961],[27.84238101,-15.38971853],[27.841996,-15.39040947],[27.84108997,-15.39052047],[27.84032695,-15.39088444],[27.83940392,-15.39055546],[27.8383049,-15.39046347],[27.83797489,-15.39098943],[27.83767388,-15.39161138],[27.83783989,-15.39272329],[27.83670685,-15.3925873],[27.83522681,-15.3925263],[27.83367077,-15.39291327],[27.83229274,-15.39265729],[27.8308547,-15.39275829],[27.82957367,-15.39299727],[27.82907365,-15.3925493],[27.82800962,-15.39275829],[27.82675559,-15.39267129],[27.82572756,-15.39231832],[27.82379751,-15.39200735],[27.82273748,-15.39211334],[27.82141145,-15.39180836],[27.82057243,-15.39197535],[27.81933639,-15.39153439],[27.81821436,-15.3913994],[27.81788636,-15.39160438],[27.81712533,-15.39108642],[27.8159983,-15.39084345],[27.81466726,-15.39063946],[27.81372624,-15.39101243],[27.81250221,-15.39080244],[27.81172619,-15.39040648],[27.81109617,-15.39041148],[27.81042715,-15.39029249],[27.81013915,-15.39064646],[27.80961213,-15.39102943],[27.80930512,-15.39072045],[27.80911212,-15.39052547],[27.8083951,-15.38981453],[27.80810009,-15.38901159],[27.8083671,-15.38859463],[27.80818009,-15.38796168],[27.80750107,-15.38779669],[27.80670705,-15.38723674],[27.80576903,-15.38701176],[27.80518701,-15.38699475],[27.80432699,-15.38632981],[27.80346097,-15.38691376],[27.80301695,-15.38697576],[27.80212793,-15.3864798],[27.79988087,-15.3852849],[27.80042988,-15.38410899],[27.80118891,-15.38328906],[27.8009359,-15.38229714],[27.8008189,-15.38143621],[27.80011888,-15.38064828],[27.80056589,-15.38044829],[27.80118891,-15.3802873],[27.8008709,-15.37947237],[27.80082689,-15.37881442],[27.80026588,-15.37836446],[27.79963886,-15.37807448],[27.79901685,-15.37738654],[27.79878384,-15.37647062],[27.79903184,-15.37569368],[27.79877084,-15.37490275],[27.79806682,-15.37416181],[27.79856883,-15.37353186],[27.79794882,-15.37310289],[27.79702579,-15.37279092],[27.79659578,-15.37227796],[27.79675678,-15.37159602],[27.79643378,-15.37083208],[27.79640578,-15.37040311],[27.79588076,-15.37038811],[27.79581976,-15.37018213],[27.79554675,-15.3692752],[27.79427672,-15.36751235],[27.79307368,-15.36602347],[27.79241867,-15.36524953],[27.79113763,-15.36526153],[27.79103063,-15.36447459],[27.79085263,-15.36339868],[27.7897656,-15.36249076],[27.78882557,-15.36203379],[27.78856056,-15.36106187],[27.78912658,-15.36002796],[27.78793855,-15.359555],[27.78752854,-15.35971398],[27.78692152,-15.35922602],[27.7864675,-15.359554],[27.78562249,-15.35989897],[27.78549748,-15.35873006],[27.78462746,-15.35856608],[27.78453346,-15.3583591],[27.78446545,-15.35820311],[27.78440945,-15.35808012],[27.78490047,-15.35742817],[27.78552548,-15.35564231],[27.7860445,-15.3546384],[27.7863345,-15.3534015],[27.78650451,-15.35253657],[27.78735853,-15.35278155],[27.78874557,-15.35249957],[27.78970459,-15.35255657],[27.79020461,-15.35357649],[27.79093463,-15.35257857],[27.79086062,-15.35132067],[27.79078662,-15.35010577],[27.78967059,-15.34954882],[27.78944759,-15.34811693],[27.78965559,-15.34718401],[27.7896976,-15.34621609],[27.78974059,-15.34520517],[27.78915158,-15.34461621],[27.78887157,-15.34423925],[27.78815555,-15.34379128],[27.78755153,-15.34322733],[27.7861365,-15.34386028],[27.78529647,-15.34489419],[27.78479746,-15.34465421],[27.78323842,-15.34423325],[27.78310142,-15.34334032],[27.7824854,-15.34250939],[27.78199139,-15.34213342],[27.78189038,-15.34094252],[27.78311242,-15.33981561],[27.78368143,-15.33929965],[27.78391243,-15.3386057],[27.78359943,-15.33763479],[27.78331542,-15.33711683],[27.78224339,-15.33583993],[27.78178338,-15.33470403],[27.78118436,-15.33403408],[27.78058534,-15.33335114],[27.78041934,-15.33281518],[27.78059135,-15.33186625],[27.78102036,-15.3312923],[27.78093636,-15.33051036],[27.78088836,-15.32970343],[27.78069035,-15.32910448],[27.78010133,-15.32848053],[27.77946632,-15.32860752],[27.7787943,-15.32852153],[27.77918731,-15.3276486],[27.77907531,-15.32698966],[27.77916431,-15.32657869],[27.7789263,-15.32579475],[27.77862129,-15.32458285],[27.77771827,-15.32441086],[27.77685125,-15.32362293],[27.77610322,-15.32416988],[27.7754012,-15.32291099],[27.77599022,-15.32135012],[27.77732426,-15.31957926],[27.77851229,-15.31925829],[27.77985833,-15.31886232],[27.78069635,-15.31759642],[27.78173737,-15.31684348],[27.78193438,-15.31505563],[27.78251539,-15.31369574],[27.78243739,-15.31303679],[27.78131636,-15.31317678],[27.78112736,-15.31206987],[27.78012433,-15.31116394],[27.77844729,-15.31154691],[27.77724225,-15.31094696],[27.77700925,-15.30945709],[27.77762327,-15.30818319],[27.77782927,-15.30724926],[27.77799728,-15.30623235],[27.77843229,-15.30576739],[27.7790003,-15.30522943],[27.77966832,-15.30463248],[27.78029334,-15.30413852],[27.78118036,-15.30309161],[27.78177738,-15.30300261],[27.78217439,-15.30290362],[27.78307241,-15.30296561],[27.78373643,-15.30321059],[27.78400744,-15.30352357],[27.78448045,-15.30354956],[27.78497446,-15.30395553],[27.78534647,-15.3043715],[27.7863645,-15.3043795],[27.78671951,-15.30360656],[27.78719852,-15.30325059],[27.78786754,-15.3030916],[27.78857755,-15.30261664],[27.78834255,-15.30172872],[27.78883656,-15.30129975],[27.78893056,-15.30078579],[27.78947058,-15.30037982],[27.79000059,-15.30042382],[27.79098262,-15.29965889],[27.79175564,-15.29957789],[27.79267467,-15.29893294],[27.79339968,-15.29861897],[27.7940267,-15.29837199],[27.79505473,-15.29845998],[27.79556574,-15.29899493],[27.79654677,-15.29852098],[27.79696978,-15.29749706],[27.79692078,-15.2970461],[27.79640577,-15.29688811],[27.79677578,-15.2957172],[27.79657177,-15.29499626],[27.79659077,-15.29401734],[27.79656777,-15.29346339],[27.79666677,-15.29253346],[27.79668777,-15.29179552],[27.79681778,-15.29128056],[27.79628876,-15.2908676],[27.79696978,-15.29021965],[27.7976228,-15.29020965],[27.79819881,-15.28975269],[27.79883183,-15.2896637],[27.79988986,-15.2895917],[27.80039787,-15.2896467],[27.80075788,-15.29037264],[27.80136289,-15.2908846],[27.8016949,-15.29170753],[27.80229892,-15.29279944],[27.80334095,-15.29259246],[27.80385396,-15.29277544],[27.80437298,-15.29309042],[27.80533601,-15.29277844],[27.80570001,-15.2920345],[27.80612403,-15.29102259],[27.80572701,-15.29033564],[27.805107,-15.28933273],[27.805328,-15.28859478],[27.80612602,-15.28744988],[27.80642503,-15.28686492],[27.80756406,-15.28629197],[27.80869509,-15.28564802],[27.80943311,-15.28450312],[27.80999413,-15.28360019],[27.81042714,-15.28266727],[27.81090915,-15.28219831],[27.81166617,-15.2822543],[27.81211518,-15.28176534],[27.81256919,-15.28137037],[27.81340622,-15.28069843],[27.81367722,-15.28184133],[27.81395523,-15.28250128],[27.81391723,-15.28363919],[27.81410824,-15.28441812],[27.81433524,-15.28518606],[27.81489926,-15.28584301],[27.81496626,-15.28650195],[27.81572928,-15.28640996],[27.8164393,-15.28611299],[27.81698031,-15.28543204],[27.81751833,-15.28506207],[27.81739833,-15.28428514],[27.81731432,-15.2835222],[27.81730332,-15.28187433],[27.81801234,-15.28108639],[27.81862635,-15.28115939],[27.81953438,-15.2810004],[27.82054941,-15.28030546],[27.81994439,-15.28001548],[27.8202444,-15.27968451],[27.82079342,-15.27933654],[27.82266246,-15.27835062],[27.82327648,-15.27814463],[27.82358249,-15.27712072],[27.82245446,-15.27684674],[27.82194145,-15.27665276],[27.82234246,-15.27593282],[27.82197645,-15.27560884],[27.82166344,-15.2749269],[27.82139443,-15.27401297],[27.82139043,-15.27302206],[27.82099742,-15.27252309],[27.82082041,-15.27196714],[27.82070341,-15.27166017],[27.82061841,-15.27143718],[27.82090042,-15.27066725],[27.82156243,-15.27018529],[27.82247946,-15.26955634],[27.82321248,-15.26847642],[27.82422851,-15.26830344],[27.82489452,-15.26857142],[27.82558854,-15.26894539],[27.82667957,-15.26946134],[27.8276446,-15.2688154],[27.82860262,-15.26915037],[27.82944164,-15.26922136],[27.83016866,-15.26941435],[27.83084568,-15.26963733],[27.8314867,-15.26935036],[27.83198771,-15.26957933],[27.83336475,-15.26896738],[27.83346475,-15.26807646],[27.83381876,-15.26782348],[27.83425177,-15.26740351],[27.83497479,-15.26715453],[27.83511279,-15.26779248],[27.83551881,-15.26772348],[27.83648783,-15.26725352],[27.83668984,-15.26642159],[27.83666284,-15.26598262],[27.83695485,-15.26524169],[27.83743786,-15.26474373],[27.83746385,-15.26363082],[27.83801388,-15.26326185],[27.83785887,-15.26274589],[27.83733085,-15.2626589],[27.83676984,-15.26216394],[27.83625082,-15.26211394],[27.83629683,-15.26161998],[27.83583181,-15.261386],[27.83601682,-15.26093404],[27.83643183,-15.26042008],[27.83676184,-15.2601691],[27.83719485,-15.25951516],[27.83734785,-15.25900519],[27.83778286,-15.25880621],[27.83814487,-15.25786429],[27.83844688,-15.25720834],[27.8390889,-15.25658939],[27.83997192,-15.25676038],[27.84048694,-15.25715035],[27.84122596,-15.25704636],[27.84207998,-15.25681637],[27.84250699,-15.25571847],[27.84266199,-15.25460255],[27.842967,-15.25416859],[27.842698,-15.25354564],[27.84328001,-15.25351564],[27.84411304,-15.25451456],[27.84473905,-15.25456756],[27.84567208,-15.2540816],[27.84566007,-15.25332066],[27.84598608,-15.25287369],[27.8467531,-15.25325367],[27.84714212,-15.25301268],[27.84716511,-15.25249573],[27.84733512,-15.25188278],[27.84771413,-15.25134682],[27.84967118,-15.24623624],[27.85149123,-15.24249554],[27.85163823,-15.2405877],[27.85356028,-15.23729497],[27.8542413,-15.23605207],[27.85576734,-15.23615006],[27.85598335,-15.23621805],[27.85714838,-15.23739296],[27.8577934,-15.23863486],[27.85992146,-15.23908482],[27.86202151,-15.23916881],[27.86313054,-15.24073468],[27.86486959,-15.24119964],[27.86598562,-15.24207857],[27.86705965,-15.24308749],[27.8690797,-15.24322548],[27.87069074,-15.24409741],[27.87257379,-15.24518332],[27.87470185,-15.24698118],[27.8765029,-15.24730015],[27.87696291,-15.24915699],[27.87770693,-15.25146781],[27.87798294,-15.25221275],[27.87878996,-15.25298568],[27.87970199,-15.25302468],[27.88070301,-15.25319166],[27.88126003,-15.2539766],[27.88214905,-15.25427757],[27.88279907,-15.25483353],[27.8838831,-15.25529349],[27.88480612,-15.25585845],[27.88529814,-15.25680137],[27.88565815,-15.25722234],[27.88690818,-15.25743432],[27.8875182,-15.25782928],[27.88801621,-15.25839024],[27.88875023,-15.25867321],[27.88979925,-15.25853023],[27.89076628,-15.25866722],[27.89172731,-15.25861022],[27.89230532,-15.25788728],[27.89270433,-15.25744632],[27.89319435,-15.25736032],[27.89395537,-15.25702335],[27.89458738,-15.25694136],[27.8952414,-15.25716834],[27.89620643,-15.25734632],[27.89673444,-15.25774729],[27.89739046,-15.25792728],[27.89819948,-15.25823725],[27.89841748,-15.25832124],[27.89839249,-15.2588752],[27.8988905,-15.25942916],[27.89926051,-15.25985612],[27.90007453,-15.26027108],[27.90051154,-15.26084403],[27.90076455,-15.261282],[27.90115456,-15.26188295],[27.90157757,-15.2624759],[27.90206358,-15.2624739],[27.9026896,-15.2625329],[27.90315161,-15.26284087],[27.90371163,-15.26303586],[27.90426364,-15.26395978],[27.90468465,-15.26435475],[27.90546668,-15.26436575],[27.90605069,-15.26457273],[27.90687272,-15.26476472],[27.90751373,-15.26475972],[27.90840776,-15.2649007],[27.90960779,-15.26567364],[27.91059781,-15.26634859],[27.91121583,-15.26632059],[27.91229186,-15.26638558],[27.91363089,-15.26639558],[27.91491993,-15.26645657],[27.91616496,-15.26700553],[27.91717399,-15.26777347],[27.91837802,-15.26846041],[27.91975106,-15.26875639],[27.92076609,-15.26943333],[27.92236613,-15.27022327],[27.92354916,-15.2711032],[27.92480219,-15.27199513],[27.92594222,-15.27305803],[27.92753927,-15.27342401],[27.9286603,-15.27433193],[27.92973232,-15.27504287],[27.93085836,-15.27557283],[27.9322774,-15.27538884],[27.93320442,-15.27565082],[27.93362543,-15.27603379],[27.93500447,-15.27621578],[27.93593749,-15.27683173],[27.93662951,-15.27754967],[27.93804555,-15.27773465],[27.93923958,-15.27830461],[27.94029561,-15.27830161],[27.94133964,-15.2783096],[27.94251067,-15.27862458],[27.94330169,-15.27842859],[27.94393671,-15.27883456],[27.94465273,-15.27927552],[27.94588076,-15.28019345],[27.94700379,-15.28107938],[27.94806082,-15.28210029],[27.94904684,-15.28286823],[27.95016487,-15.28307821],[27.9511509,-15.28384315],[27.95253594,-15.28472108],[27.95385897,-15.28534803],[27.95523801,-15.28607197],[27.95673605,-15.28681291],[27.97555756,-15.29588716],[28.00028921,-15.26096001],[28.00043221,-15.26093602],[28.00138224,-15.261146],[28.00183625,-15.26241089],[28.00474133,-15.26332882],[28.00709339,-15.26565563],[28.00832942,-15.26799444],[28.00868544,-15.27079221],[28.01213953,-15.27111019],[28.01498561,-15.27116217],[28.0184647,-15.27049623],[28.02106677,-15.26984729],[28.02292782,-15.27080121],[28.02456686,-15.27002427],[28.0261059,-15.2708142],[28.02899198,-15.27221309],[28.03116604,-15.27260906],[28.03251308,-15.27400294],[28.03368211,-15.27373596],[28.03612317,-15.27460789],[28.03776821,-15.27532283],[28.03977427,-15.27538483],[28.04335636,-15.27546982],[28.0485065,-15.2756998],[28.05115957,-15.2744439],[28.05574669,-15.27531983],[28.05792176,-15.27758665],[28.06090083,-15.27886554],[28.06462793,-15.27821859],[28.06768002,-15.27954249],[28.07018208,-15.27950149],[28.0708101,-15.27949449],[28.07246314,-15.28186429],[28.0744762,-15.28357715],[28.07743827,-15.28230726],[28.07987134,-15.28267123],[28.08246041,-15.28092637],[28.08420146,-15.27880154],[28.08722654,-15.27890454],[28.08912659,-15.28012444],[28.0894796,-15.2818193],[28.0896456,-15.28187029],[28.09005161,-15.28200828],[28.09202767,-15.28267422],[28.09576777,-15.28409311],[28.09767382,-15.28477105],[28.09870885,-15.28513903],[28.1009369,-15.28598596],[28.10289996,-15.28444308],[28.10778809,-15.28678789],[28.11061917,-15.28732785],[28.11361025,-15.28964965],[28.11816237,-15.28857974],[28.12164546,-15.28835276],[28.12196647,-15.28833176],[28.12401452,-15.29100854],[28.1270166,-15.29304637],[28.12951367,-15.29409329],[28.13023469,-15.29439626],[28.13123571,-15.29385031],[28.13364478,-15.29406929],[28.13540983,-15.29462624],[28.13617085,-15.29486522],[28.13694287,-15.2951122],[28.13956594,-15.2963611],[28.14312704,-15.29665508],[28.14327204,-15.29691606],[28.14395306,-15.29813196],[28.14509309,-15.29942685],[28.14510709,-15.30153268],[28.14589211,-15.30280357],[28.14771216,-15.30317554],[28.14968821,-15.30179265],[28.15236428,-15.3024676],[28.15494735,-15.30330053],[28.15607838,-15.30459843],[28.15723541,-15.3061583],[28.15893946,-15.30594432],[28.16013349,-15.3085081],[28.16334158,-15.30904006],[28.16543563,-15.30959902],[28.16836171,-15.30845011],[28.17096578,-15.30819113],[28.17275983,-15.30831112],[28.17323284,-15.30913005],[28.17348685,-15.30957002],[28.17458988,-15.31056294],[28.17591491,-15.31134387],[28.17721195,-15.31272276],[28.18067804,-15.31290175],[28.1826901,-15.31486458],[28.1829321,-15.31509556],[28.18460515,-15.31799433],[28.18628219,-15.3195792],[28.1866972,-15.32141105],[28.18938128,-15.32276994],[28.19274037,-15.32495076],[28.19620246,-15.32292592],[28.19877753,-15.32107607],[28.20085459,-15.32139105],[28.20294664,-15.32172002],[28.2053517,-15.32347688],[28.2088118,-15.32526073],[28.21040084,-15.32525473],[28.21132586,-15.32524373],[28.21177587,-15.32545971],[28.21377093,-15.32639264],[28.21491196,-15.32728056],[28.21681201,-15.32876745],[28.21827505,-15.32924041],[28.22127113,-15.31955019],[28.22242316,-15.31605648],[28.22269617,-15.31614547],[28.22304718,-15.31629946],[28.22349318,-15.31655344],[28.2238882,-15.31667943],[28.22428121,-15.31678042],[28.22463922,-15.31708139],[28.22492922,-15.31721638],[28.22527324,-15.31733438],[28.22558224,-15.31739537],[28.22590425,-15.31759535],[28.22612726,-15.31780234],[28.22631827,-15.31770334],[28.22684628,-15.31767834],[28.22709228,-15.31772434],[28.2275253,-15.31790433],[28.22814731,-15.31846828],[28.22861832,-15.31844728],[28.22902834,-15.31809731],[28.22953635,-15.3182283],[28.22998436,-15.31882325],[28.23061938,-15.31920522],[28.2314014,-15.3194992],[28.23188541,-15.31971418],[28.23226142,-15.31995316],[28.23269043,-15.32040312],[28.23366946,-15.32083409],[28.23427048,-15.32100707],[28.23497549,-15.32128105],[28.23550451,-15.32150103],[28.23575252,-15.321911],[28.23610853,-15.32233696],[28.23682254,-15.32285392],[28.23724755,-15.32344188],[28.23743056,-15.32401083],[28.23795158,-15.3243598],[28.2387196,-15.32476676],[28.23910361,-15.32531572],[28.23986063,-15.32578668],[28.24035264,-15.32608066],[28.24120766,-15.32641663],[28.2424437,-15.32722956],[28.24304371,-15.32738755],[28.24337172,-15.32786651],[28.24342972,-15.32818849],[28.24380473,-15.32840247],[28.24415074,-15.32861645],[28.24470375,-15.32888343],[28.24517877,-15.32894542],[28.24655981,-15.32999534],[28.24685481,-15.33013432],[28.24706082,-15.33023832],[28.24749783,-15.33037831],[28.24809085,-15.33031831],[28.24863686,-15.33029831],[28.24922788,-15.3303863],[28.24967789,-15.33053029],[28.2499929,-15.33050829],[28.25037591,-15.3304093],[28.25100593,-15.33032431],[28.25159094,-15.3304713],[28.25216295,-15.33063328],[28.25289598,-15.3304543],[28.25344099,-15.33061428],[28.25406701,-15.33087826],[28.25467303,-15.33131323],[28.25531404,-15.33194618],[28.25579905,-15.33266312],[28.25605406,-15.33316508],[28.25627607,-15.33359304],[28.25667008,-15.33392602],[28.2575441,-15.33437198],[28.25838713,-15.33460196],[28.26048118,-15.33507892],[28.26192522,-15.3353089],[28.26347026,-15.3353959],[28.26430028,-15.33551188],[28.2650023,-15.33546789],[28.26571132,-15.33523491],[28.26651434,-15.3352719],[28.26732737,-15.3352709],[28.26806739,-15.33523991],[28.2685364,-15.3353269],[28.2688684,-15.33550989],[28.26980443,-15.33568487],[28.27055445,-15.33610384],[28.27082946,-15.33600184],[28.27164148,-15.33619182],[28.27270251,-15.3364918],[28.27328252,-15.33673778],[28.27477556,-15.33711275],[28.27588359,-15.33365304],[28.27577459,-15.33351704],[28.27584759,-15.33271211],[28.27573158,-15.33213616],[28.27570259,-15.33133522],[28.27576759,-15.33075927],[28.27560158,-15.33033631],[28.27552158,-15.32984334],[28.27545058,-15.32967236],[28.27416754,-15.31542152],[28.27339852,-15.30685822],[28.27817065,-15.30428543],[28.28410281,-15.30399345],[28.29502609,-15.25960007],[28.31433861,-15.26120394],[28.31653966,-15.25136974],[28.31853671,-15.24518725],[28.33192507,-15.24749206],[28.33216008,-15.24753305],[28.33490215,-15.2334962],[28.31245855,-15.22906857],[28.31547363,-15.21492272],[28.31549663,-15.21481973],[28.33780722,-15.21924936],[28.34007128,-15.20828626],[28.3407943,-15.20477954],[28.32495888,-15.2017298],[28.32799596,-15.18750596],[28.34376037,-15.1906597],[28.34381538,-15.19030773],[28.3446744,-15.18483517],[28.34600543,-15.17635587],[28.33041401,-15.17270617],[28.33288408,-15.16356091],[28.3335711,-15.16101612],[28.3562557,-15.16663566],[28.35811375,-15.16557175],[28.36013781,-15.16424785],[28.36106583,-15.16352891],[28.36184085,-15.16268398],[28.36227187,-15.16174906],[28.36271388,-15.16080313],[28.36392391,-15.15543757],[28.34197332,-15.150205],[28.34542341,-15.13637914],[28.36718299,-15.14123174],[28.37086809,-15.12679191],[28.38560848,-15.13032262],[28.4125392,-15.12085539],[28.4163983,-15.12170632],[28.42413451,-15.12342018],[28.46936072,-15.12608395],[28.47784694,-15.13215545],[28.48042902,-15.13386531],[28.50008554,-15.13607213],[28.51123584,-15.13723903],[28.517082,-15.14352652],[28.5209271,-15.14805114],[28.53910459,-15.16942939],[28.55007589,-15.18208236],[28.5619462,-15.18222934],[28.60777343,-15.18204735],[28.629094,-15.18240331],[28.62964001,-15.18234532],[28.63092105,-15.18201834],[28.63254609,-15.18110642],[28.63432014,-15.18032648],[28.63616319,-15.17957554],[28.63799424,-15.1788406],[28.63967228,-15.17830064],[28.64211235,-15.17826265],[28.64318637,-15.17840463],[28.64499242,-15.17864762],[28.64839351,-15.17904258],[28.65200161,-15.17900358],[28.65386366,-15.17915157],[28.65414566,-15.17937456],[28.65569271,-15.18059645],[28.65668873,-15.18106441],[28.65861078,-15.18147738],[28.66083084,-15.18074044],[28.66352492,-15.17973352],[28.66586098,-15.17905958],[28.66833904,-15.17891759],[28.67094611,-15.17935755],[28.6739502,-15.1798985],[28.67548224,-15.18003349],[28.67678127,-15.17954253],[28.67658227,-15.17812765],[28.67598725,-15.17660178],[28.67676427,-15.17486092],[28.6779923,-15.173839],[28.68027536,-15.17326405],[28.68323744,-15.1726121],[28.6854295,-15.17228013],[28.68760756,-15.17197515],[28.68939861,-15.17156918],[28.69146566,-15.17114322],[28.69257469,-15.17091424],[28.69504776,-15.17034528],[28.69768083,-15.16940636],[28.69985689,-15.16861043],[28.70227295,-15.16798247],[28.70486402,-15.16744552],[28.70751709,-15.16734952],[28.71055717,-15.16815146],[28.71078217,-15.16832444],[28.71277323,-15.16987932],[28.71460628,-15.17017629],[28.71778236,-15.1700293],[28.72014042,-15.17048427],[28.72199748,-15.17204814],[28.7226635,-15.17213013],[28.72423354,-15.17232211],[28.72614459,-15.17244911],[28.72737862,-15.17235911],[28.72905366,-15.17219712],[28.7305567,-15.17211113],[28.73253276,-15.17188215],[28.73522183,-15.17153218],[28.73737189,-15.17132019],[28.73909393,-15.1711642],[28.74122599,-15.17105522],[28.74301504,-15.17099022],[28.7451401,-15.17083523],[28.74662613,-15.17066624],[28.74807917,-15.17067024],[28.74934821,-15.17061625],[28.75002323,-15.17059925],[28.75344732,-15.17077423],[28.75676741,-15.17095222],[28.7602775,-15.1711022],[28.76351659,-15.17121919],[28.7639666,-15.17123019],[28.76751369,-15.17130818],[28.7714908,-15.17196713],[28.77590092,-15.17332302],[28.78060304,-15.17390397],[28.78525717,-15.17383997],[28.78970629,-15.17363799],[28.7940534,-15.17340801],[28.79725649,-15.17314303],[28.79969155,-15.17262607],[28.80109359,-15.17120219],[28.80181861,-15.16900437],[28.80337165,-15.16572264],[28.80357166,-15.1648537],[28.80393766,-15.16400078],[28.80445268,-15.16220392],[28.82725529,-15.16015408],[28.83189241,-15.16062504],[28.83475749,-15.16321883],[28.83782457,-15.1660376],[28.84075865,-15.16652456],[28.84511677,-15.16653456],[28.84548678,-15.16650356],[28.84906687,-15.16617058],[28.85394,-15.1660036],[28.85745709,-15.16622558],[28.86076918,-15.16633157],[28.86401527,-15.16655155],[28.86613832,-15.16660855],[28.8689404,-15.16672054],[28.87131846,-15.16642456],[28.87329852,-15.16605459],[28.87480755,-15.16610059],[28.87842765,-15.15947813],[28.92817995,-15.06834757],[28.93609416,-15.05500566],[28.94250233,-15.04419855],[28.97040006,-14.99544653],[28.99226064,-14.99295873],[29.12422816,-14.97751196],[29.24522436,-14.87006474],[29.25002849,-14.87439138],[29.36761466,-14.98540624],[29.38685617,-14.98545023],[29.44216164,-14.9855722],[29.50008319,-14.98569917],[29.50652836,-14.9853672],[29.5062883,-14.82097969],[29.50825435,-14.82027875],[29.51074342,-14.81972079],[29.51244346,-14.81917183],[29.51550854,-14.81761396],[29.51708558,-14.81615408],[29.51875663,-14.81417624],[29.51990466,-14.81182543],[29.52009566,-14.80998658],[29.52120969,-14.80888068],[29.52483379,-14.80824972],[29.52712085,-14.80796975],[29.5291389,-14.80993859],[29.53125396,-14.81308833],[29.53361902,-14.81620507],[29.53449305,-14.81842589],[29.53512807,-14.81999076],[29.53700512,-14.82139464],[29.53862616,-14.82052571],[29.54045721,-14.81996276],[29.54260527,-14.81833889],[29.54494133,-14.81729098],[29.54713639,-14.81622406],[29.54971545,-14.81474619],[29.55303854,-14.81328031],[29.55554461,-14.81362928],[29.55793067,-14.8145082],[29.56020274,-14.81509115],[29.56221479,-14.81640404],[29.56424984,-14.81698499],[29.56609089,-14.81595208],[29.56597089,-14.81372627],[29.5664379,-14.81279934],[29.56864296,-14.8120024],[29.57092802,-14.81153544],[29.57256406,-14.81209239],[29.57498513,-14.81476718],[29.57673418,-14.81768494],[29.57941925,-14.82076568],[29.58163931,-14.82141263],[29.5853494,-14.81947379],[29.58699045,-14.8181179],[29.58744746,-14.81642304],[29.58616043,-14.81471717],[29.58583842,-14.81327229],[29.5852984,-14.8119834],[29.58384436,-14.8107895],[29.58256132,-14.80902365],[29.58163831,-14.80658784],[29.58259933,-14.80415604],[29.58348235,-14.8034571],[29.58475238,-14.80245118],[29.58765546,-14.80036935],[29.59039853,-14.79866849],[29.5929426,-14.79669365],[29.59425763,-14.79428585],[29.59573167,-14.79224602],[29.59826874,-14.79016719],[29.60175483,-14.78842733],[29.60402489,-14.78829434],[29.60638295,-14.78602753],[29.60652396,-14.78399469],[29.60648196,-14.78188686],[29.60758598,-14.78045898],[29.60957904,-14.77915109],[29.61244411,-14.77939807],[29.61430416,-14.78044798],[29.61716324,-14.78129091],[29.61882028,-14.78289678],[29.61971731,-14.78415267],[29.62151436,-14.7862525],[29.62254038,-14.7875504],[29.62426243,-14.78726142],[29.62645449,-14.7862525],[29.62837854,-14.78518659],[29.62918356,-14.78286278],[29.62918156,-14.78085794],[29.62828553,-14.77810817],[29.62758352,-14.77548638],[29.62757151,-14.77342955],[29.62905555,-14.77272061],[29.63158162,-14.77263162],[29.63424769,-14.7715757],[29.63650075,-14.76928289],[29.6383928,-14.76764103],[29.64087387,-14.76622414],[29.64345494,-14.76523522],[29.64805306,-14.76441229],[29.65145415,-14.76454227],[29.65424722,-14.7642533],[29.65601327,-14.7630604],[29.6572873,-14.76152152],[29.65903835,-14.75963867],[29.66039038,-14.75820079],[29.66034138,-14.75621996],[29.65888534,-14.75480408],[29.65817232,-14.75344519],[29.65554025,-14.75224729],[29.65462423,-14.75119637],[29.65306619,-14.75039744],[29.65270417,-14.74985948],[29.65316319,-14.74835661],[29.65402521,-14.74700872],[29.65452923,-14.74605279],[29.65643627,-14.7459608],[29.65818332,-14.74695172],[29.65978436,-14.74829461],[29.6611344,-14.74948051],[29.66265244,-14.7508054],[29.66393848,-14.75091139],[29.66514551,-14.74979748],[29.66626154,-14.74880556],[29.66748057,-14.74832661],[29.66906961,-14.74763566],[29.67061265,-14.74749267],[29.6724947,-14.74809262],[29.67449376,-14.74782064],[29.67676182,-14.74656575],[29.67874587,-14.74534384],[29.68090893,-14.74426093],[29.68250297,-14.74378797],[29.68517904,-14.74391196],[29.6873551,-14.74435792],[29.68929315,-14.74477489],[29.6913652,-14.7445959],[29.69357526,-14.74425793],[29.69522931,-14.7445519],[29.69747437,-14.74565981],[29.69941442,-14.74613277],[29.70144747,-14.7458408],[29.70294252,-14.74506386],[29.70456955,-14.74360098],[29.70584959,-14.74106219],[29.70597159,-14.73911035],[29.70872966,-14.73534066],[29.71103172,-14.73339082],[29.71251376,-14.73176695],[29.7140498,-14.73039906],[29.71583485,-14.72937715],[29.71716989,-14.72884219],[29.72029997,-14.72779428],[29.72320504,-14.72818224],[29.72497909,-14.72783327],[29.72752716,-14.72581643],[29.72806318,-14.72390159],[29.72849018,-14.72189076],[29.72887719,-14.71944096],[29.72955821,-14.71858403],[29.73169827,-14.71754512],[29.73258929,-14.71867702],[29.73254729,-14.71984493],[29.73418633,-14.72056787],[29.73580338,-14.72009391],[29.73861846,-14.71926997],[29.74012149,-14.718941],[29.74195254,-14.71772609],[29.74352858,-14.71597624],[29.74500062,-14.71447036],[29.74639166,-14.71294149],[29.74733968,-14.71181858],[29.74867272,-14.7103797],[29.75012076,-14.70864384],[29.75112578,-14.70774291],[29.75195681,-14.7079489],[29.75304083,-14.70852285],[29.75414886,-14.70955377],[29.75590591,-14.71062067],[29.75782596,-14.71171658],[29.76073704,-14.71326545],[29.76380212,-14.71473334],[29.76570217,-14.7163532],[29.76766222,-14.71897498],[29.77084831,-14.71977792],[29.77489942,-14.71760509],[29.77774749,-14.71492831],[29.78143759,-14.71190156],[29.78219361,-14.71128361],[29.78412166,-14.71004371],[29.78655172,-14.71095464],[29.78985682,-14.71035869],[29.79331491,-14.70844284],[29.796787,-14.706488],[29.8006091,-14.7040312],[29.80247815,-14.70222935],[29.80531822,-14.69999453],[29.8083613,-14.69777071],[29.81046636,-14.69582787],[29.8123164,-14.69440899],[29.81529849,-14.69341707],[29.81875658,-14.69350006],[29.82204466,-14.69316909],[29.82473773,-14.69191319],[29.82770382,-14.69125424],[29.83303896,-14.69403001],[29.83384598,-14.69543289],[29.83795609,-14.69642082],[29.84303722,-14.69577687],[29.84625931,-14.69399201],[29.84877138,-14.69118424],[29.85276348,-14.68968137],[29.85623657,-14.69012633],[29.85929566,-14.69126023],[29.86181773,-14.69227715],[29.8647358,-14.68973636],[29.86696386,-14.68576268],[29.86821289,-14.6831489],[29.87050995,-14.68168602],[29.87450206,-14.68328788],[29.87838316,-14.68393983],[29.88073922,-14.68312789],[29.88210326,-14.6806551],[29.88433432,-14.67836528],[29.88848843,-14.6769684],[29.89153851,-14.67556851],[29.89328055,-14.67299972],[29.89410957,-14.67018795],[29.89292354,-14.66698121],[29.89309554,-14.66280956],[29.89419357,-14.65955383],[29.89477759,-14.65604912],[29.89484059,-14.65271439],[29.89559161,-14.64961065],[29.89787367,-14.64715385],[29.90114275,-14.64657989],[29.90492485,-14.64747082],[29.90770393,-14.64856273],[29.91047301,-14.6513745],[29.91207805,-14.65489821],[29.91311308,-14.6585459],[29.91413211,-14.66200362],[29.91476513,-14.66455641],[29.91449212,-14.66779314],[29.91488313,-14.6707449],[29.91670518,-14.67270774],[29.92003527,-14.67390164],[29.92428138,-14.67328569],[29.92595243,-14.6719388],[29.92909951,-14.67106086],[29.93210558,-14.6706529],[29.93231659,-14.66876006],[29.93203458,-14.66758515],[29.93173758,-14.66634726],[29.93248259,-14.66373047],[29.93460365,-14.66169464],[29.93711072,-14.66158865],[29.9400708,-14.66426342],[29.94229085,-14.66631225],[29.94563594,-14.66479638],[29.94949305,-14.66296553],[29.95324915,-14.66155064],[29.95695124,-14.65919984],[29.95867329,-14.65772195],[29.95943031,-14.65559913],[29.95718725,-14.6535233],[29.95574521,-14.65144847],[29.95600522,-14.64827373],[29.95661923,-14.64565995],[29.95836228,-14.64423007],[29.96228838,-14.64320714],[29.96609348,-14.64289617],[29.97023059,-14.64302516],[29.97173163,-14.64325414],[29.9742967,-14.64507399],[29.97566874,-14.64784276],[29.97854881,-14.6485687],[29.9817049,-14.64887567]]]]},"geometry_name":"the_geom","properties":{"OBJECTID":4,"NAME":"Lusaka","SHAPE.area":1.86001329245349,"SHAPE.len":8.691207241960974}},{"type":"Feature","id":"zambia-provinces.5","geometry":{"type":"MultiPolygon","coordinates":[[[[24.0742805,-10.89445094],[24.09452003,-10.90713087],[24.10732036,-10.90645192],[24.11733062,-10.90622795],[24.12477082,-10.91198946],[24.12989095,-10.92028175],[24.13035196,-10.92349648],[24.12778089,-10.93339064],[24.1242808,-10.93821022],[24.12148073,-10.94648852],[24.12380179,-10.95361391],[24.14427231,-10.97065546],[24.14589136,-10.97871678],[24.14261126,-10.99641027],[24.13584209,-11.01089903],[24.13094195,-11.0253828],[24.13326101,-11.03067934],[24.14141123,-11.03804872],[24.16259278,-11.04634602],[24.16818193,-11.04589106],[24.1786722,-11.03417206],[24.18682242,-11.03073235],[24.19637267,-11.0314323],[24.21686421,-11.03811073],[24.23828377,-11.0420414],[24.25388518,-11.04687999],[24.26250441,-11.04595608],[24.26715453,-11.04389625],[24.28299594,-11.04414123],[24.28623603,-11.04504116],[24.30115542,-11.04920581],[24.32025692,-11.05426938],[24.33422628,-11.06186573],[24.3537868,-11.0752186],[24.37870844,-11.08878745],[24.38289755,-11.094077],[24.38784168,-11.10310323],[24.38894771,-11.10512606],[24.39127877,-11.11501422],[24.39127876,-11.13111185],[24.38917871,-11.14675252],[24.38730766,-11.17067048],[24.38660763,-11.17733992],[24.39080774,-11.18630415],[24.39779793,-11.19251563],[24.400829,-11.19619831],[24.39802892,-11.26888213],[24.39312879,-11.28751055],[24.38962869,-11.29372002],[24.37610733,-11.31119853],[24.36887814,-11.32890703],[24.36607806,-11.34109499],[24.35744683,-11.35811454],[24.34951762,-11.3679987],[24.33809632,-11.37328925],[24.30521645,-11.37351322],[24.2956552,-11.376028],[24.29005505,-11.37925273],[24.287955,-11.38407732],[24.28865501,-11.39074675],[24.29494518,-11.39766116],[24.30217637,-11.40340568],[24.31896681,-11.4091682],[24.34484649,-11.41170498],[24.36396799,-11.40665042],[24.37329724,-11.4068804],[24.38262848,-11.41079507],[24.39777888,-11.4245989],[24.40967919,-11.42896853],[24.42669863,-11.44299234],[24.43556987,-11.44782593],[24.4369699,-11.46922512],[24.44093,-11.47474465],[24.44535912,-11.47727444],[24.44885921,-11.47635452],[24.46239057,-11.46553044],[24.47148081,-11.46231571],[24.48944128,-11.46070585],[24.50087158,-11.46116482],[24.51277189,-11.4648305],[24.52280116,-11.46368061],[24.52863231,-11.4602359],[24.5395826,-11.4496418],[24.55054289,-11.44803194],[24.56384124,-11.45239557],[24.57597356,-11.45745614],[24.58343375,-11.45790611],[24.58810288,-11.45491136],[24.59183398,-11.45008677],[24.59346302,-11.44456725],[24.59298401,-11.43053444],[24.59412504,-11.42841462],[24.59857416,-11.42017931],[24.60510333,-11.41603966],[24.62072474,-11.41141506],[24.62701391,-11.41003518],[24.6342451,-11.40542557],[24.64472438,-11.3946165],[24.66032479,-11.3674638],[24.66591494,-11.35963447],[24.67686523,-11.35272506],[24.6871165,-11.34857041],[24.69899682,-11.33522655],[24.71110713,-11.32969202],[24.71484623,-11.33222281],[24.7211364,-11.33106691],[24.7325577,-11.33036697],[24.73604679,-11.32460646],[24.73277771,-11.3135734],[24.73812785,-11.30758391],[24.74301798,-11.30550409],[24.75490729,-11.30733593],[24.77331878,-11.30110446],[24.77990895,-11.30238936],[24.78363805,-11.30310929],[24.79803743,-11.30590906],[24.80921972,-11.30381624],[24.81853996,-11.29828471],[24.82763021,-11.29665485],[24.83438038,-11.29570593],[24.84136957,-11.29457003],[24.85303087,-11.29455503],[24.86094109,-11.28625774],[24.86744126,-11.26808129],[24.87349141,-11.26369766],[24.88654076,-11.26552251],[24.89914209,-11.27079206],[24.90590227,-11.27147201],[24.9149815,-11.2679993],[24.93035291,-11.25785117],[24.94596332,-11.25667827],[24.95972368,-11.2610209],[24.96531383,-11.26032097],[24.97882419,-11.25431048],[24.98557437,-11.25200367],[24.99995474,-11.25154372],[25.01493514,-11.25010384],[25.05292614,-11.25163372],[25.0704156,-11.25642331],[25.08672602,-11.25408351],[25.10699756,-11.25150373],[25.12608706,-11.24432435],[25.13726835,-11.23946976],[25.14704861,-11.2389798],[25.17896945,-11.23591007],[25.19061976,-11.23565509],[25.2150804,-11.23052553],[25.22579069,-11.22911465],[25.23836001,-11.22378311],[25.25883055,-11.21107719],[25.2683708,-11.20805645],[25.27325194,-11.20344584],[25.29373147,-11.1957885],[25.30374174,-11.19299373],[25.31586306,-11.1934187],[25.32986343,-11.19889724],[25.33522357,-11.19887624],[25.34499282,-11.19516855],[25.351764,-11.19744836],[25.35109298,-11.20733652],[25.33762263,-11.22117134],[25.33228248,-11.22740581],[25.33068345,-11.23385027],[25.33070144,-11.24029272],[25.32351225,-11.25296364],[25.31980215,-11.25758324],[25.32029216,-11.2640227],[25.32684234,-11.272281],[25.33480354,-11.28076127],[25.33527155,-11.28467095],[25.32971341,-11.2934252],[25.32133219,-11.29782582],[25.3066528,-11.29993964],[25.29827158,-11.30318936],[25.2955015,-11.31078872],[25.2992616,-11.31836807],[25.31211194,-11.32890718],[25.31518202,-11.33993624],[25.31125292,-11.35006538],[25.30730281,-11.35376007],[25.30055263,-11.35677481],[25.29308144,-11.35632985],[25.28819231,-11.35750075],[25.2800521,-11.36235434],[25.27821104,-11.37178854],[25.28409219,-11.38672227],[25.29160139,-11.40233594],[25.29979161,-11.4099093],[25.30238167,-11.41748466],[25.29799256,-11.42946464],[25.30550275,-11.44507231],[25.30419172,-11.47130509],[25.30889184,-11.48187219],[25.32619229,-11.49492308],[25.3266823,-11.5006676],[25.32365322,-11.50344236],[25.3115429,-11.50900189],[25.30362569,-11.51020379],[25.29452146,-11.51159167],[25.28941132,-11.5182661],[25.29596149,-11.52468855],[25.30624276,-11.5276503],[25.31023287,-11.5347697],[25.31073288,-11.54649871],[25.30982285,-11.5524772],[25.30497172,-11.56744293],[25.30732179,-11.57457632],[25.31434297,-11.5807558],[25.32603327,-11.58647532],[25.32955236,-11.59335974],[25.33009238,-11.61474792],[25.33667155,-11.62853175],[25.34112267,-11.63288638],[25.35514403,-11.63767098],[25.36497329,-11.64545832],[25.38272376,-11.649307],[25.40167525,-11.65959912],[25.40763441,-11.66414874],[25.41758467,-11.6717241],[25.42741594,-11.6776726],[25.43676618,-11.68062735],[25.46268686,-11.68283716],[25.46969705,-11.68510397],[25.47741625,-11.68922162],[25.4870165,-11.69884581],[25.49431769,-11.71400453],[25.49569472,-11.72294277],[25.49647675,-11.72802234],[25.49537772,-11.74527688],[25.48982757,-11.75817878],[25.48400641,-11.76394529],[25.48381741,-11.77383946],[25.48827652,-11.78095885],[25.49740776,-11.78667337],[25.50558698,-11.78801826],[25.51793731,-11.78015893],[25.53240869,-11.77825409],[25.54940913,-11.76921485],[25.56268849,-11.76202847],[25.57740988,-11.76311937],[25.582344,-11.75821979],[25.58415005,-11.75642894],[25.59179926,-11.74327706],[25.5936393,-11.73798251],[25.6008705,-11.73541772],[25.60927072,-11.73539173],[25.62236106,-11.73740256],[25.62937124,-11.73967237],[25.63497139,-11.73919241],[25.64567167,-11.73016818],[25.6503408,-11.73038315],[25.65503092,-11.73473279],[25.67250138,-11.77536735],[25.67744151,-11.78316869],[25.68774278,-11.78956815],[25.69803205,-11.79296686],[25.7076833,-11.80810158],[25.71355246,-11.81451603],[25.71870359,-11.8172558],[25.74089317,-11.8185327],[25.74658433,-11.81940063],[25.78437532,-11.82522314],[25.79793568,-11.82837287],[25.81895523,-11.8291948],[25.82363536,-11.82962977],[25.83575567,-11.82543012],[25.84948704,-11.81661587],[25.86272639,-11.80367197],[25.87204763,-11.7997173],[25.88046686,-11.80196211],[25.88726703,-11.80722667],[25.89011811,-11.81457604],[25.89420722,-11.83732412],[25.89823832,-11.84880315],[25.90625853,-11.86278997],[25.91894886,-11.87606084],[25.93369825,-11.88197034],[25.95960893,-11.87905559],[25.97531035,-11.88794484],[25.98705966,-11.89961585],[25.98990973,-11.90672825],[25.99087075,-11.91132786],[25.98833969,-11.91915221],[25.97998947,-11.92955132],[25.97837942,-11.93439591],[25.98145051,-11.93897353],[25.98964972,-11.94215526],[26.01090028,-11.94088537],[26.03591194,-11.94327517],[26.06332867,-11.94424509],[26.06910282,-11.94445007],[26.13708461,-11.94152532],[26.15132498,-11.93982046],[26.17022548,-11.93671073],[26.18287482,-11.94101137],[26.19174505,-11.94049541],[26.1972052,-11.93435593],[26.20079529,-11.93031127],[26.21200659,-11.92909238],[26.25136762,-11.94494304],[26.28034739,-11.94705486],[26.28737758,-11.94907469],[26.29769884,-11.95498419],[26.30169895,-11.95933182],[26.31225823,-11.96478336],[26.32208849,-11.96747313],[26.3300277,-11.96764812],[26.33469882,-11.96624324],[26.35052024,-11.95739399],[26.36491962,-11.94533401],[26.37376985,-11.94043442],[26.39240134,-11.93156317],[26.40770074,-11.92216697],[26.42826229,-11.91613748],[26.44439272,-11.91670243],[26.46826234,-11.92159702],[26.48655383,-11.93066125],[26.50937443,-11.95165348],[26.52158375,-11.95891986],[26.53282404,-11.96136965],[26.54385433,-11.9679581],[26.55914574,-11.98071902],[26.57015503,-11.98386176],[26.58369639,-11.98191192],[26.59787576,-11.97283269],[26.60161586,-11.97303267],[26.61031609,-11.97917715],[26.62481747,-11.98135697],[26.6299776,-11.98316881],[26.63584776,-11.98726147],[26.66295848,-11.98703849],[26.66857762,-11.98835638],[26.69152923,-11.99372092],[26.70317953,-12.00499997],[26.70768866,-12.0105255],[26.71824994,-12.01033952],[26.72036099,-12.0081727],[26.72414909,-12.00428803],[26.73036025,-11.9986895],[26.74243957,-11.98985125],[26.7546999,-11.97526248],[26.76000103,-11.97235273],[26.7623701,-11.97104784],[26.76446015,-11.96850306],[26.76864126,-11.96706318],[26.77471042,-11.96497135],[26.79037184,-11.96552331],[26.79811104,-11.96845006],[26.81603251,-11.98738846],[26.82779182,-11.99488082],[26.83534302,-11.9915461],[26.85223346,-11.98409174],[26.85618357,-11.98222189],[26.87865417,-11.98639154],[26.88356429,-11.98611657],[26.89053348,-11.98191692],[26.89679364,-11.97633739],[26.90002473,-11.9714778],[26.90249479,-11.9679581],[26.90829495,-11.95645007],[26.92312534,-11.94298521],[26.93592768,-11.93631777],[26.93707571,-11.93572083],[26.95353514,-11.92085709],[26.96318639,-11.90443347],[26.96816652,-11.88737991],[26.9711556,-11.8816004],[26.98022684,-11.8780607],[26.986167,-11.86375191],[26.99590625,-11.85583758],[27.0015064,-11.8556226],[27.00752756,-11.84842221],[27.00957661,-11.84080885],[27.00837658,-11.83542431],[26.99870633,-11.81830576],[26.99968635,-11.81179631],[27.0055075,-11.80032728],[27.00647653,-11.79382783],[27.00569651,-11.78193384],[27.00818757,-11.76891994],[27.0131167,-11.75469115],[27.01452774,-11.75216136],[27.02379798,-11.74424703],[27.0320072,-11.72439371],[27.04360851,-11.71692435],[27.04773761,-11.70951997],[27.04857864,-11.70008577],[27.04490854,-11.6819473],[27.03919839,-11.67164318],[27.02953713,-11.66207399],[27.02478801,-11.65337973],[27.02549703,-11.62968174],[27.02468701,-11.61865267],[27.0283681,-11.61286316],[27.03833836,-11.60632872],[27.04438853,-11.60443288],[27.07800841,-11.60642371],[27.0892197,-11.60723264],[27.09970998,-11.60552378],[27.11434937,-11.59917432],[27.1194595,-11.59681952],[27.13580993,-11.59804442],[27.14821026,-11.60136913],[27.15708149,-11.60151012],[27.16614173,-11.59796942],[27.17678101,-11.58821225],[27.18491222,-11.58491553],[27.19324144,-11.57793612],[27.20016163,-11.56980681],[27.20576177,-11.56998679],[27.20931187,-11.57454441],[27.21272196,-11.58831524],[27.22163319,-11.62594205],[27.22272222,-11.63053666],[27.22627232,-11.65741738],[27.22630232,-11.66109907],[27.22800237,-11.77931905],[27.23090345,-11.78570351],[27.23206247,-11.78824829],[27.23916266,-11.7976025],[27.24645385,-11.8023671],[27.25604311,-11.80387697],[27.2710045,-11.80487688],[27.28739494,-11.81026143],[27.29069402,-11.81134633],[27.30244433,-11.81858572],[27.31846575,-11.83153463],[27.3240149,-11.83394442],[27.33137509,-11.83714115],[27.35117662,-11.85418771],[27.36900609,-11.8613691],[27.38362647,-11.87386604],[27.39698783,-11.8778577],[27.40677708,-11.89685709],[27.43467682,-11.9062183],[27.44996823,-11.91548651],[27.46320958,-11.92937634],[27.46846972,-11.93966547],[27.47221981,-11.96124364],[27.46847972,-11.98222187],[27.46565865,-12.00134025],[27.46443962,-12.01768887],[27.4674497,-12.03605232],[27.47156781,-12.04912121],[27.47395887,-12.05369083],[27.4826701,-12.05935135],[27.49136032,-12.06247508],[27.49726949,-12.06838959],[27.50747975,-12.1025587],[27.50836078,-12.13865865],[27.51489996,-12.15882194],[27.52632126,-12.17549054],[27.5469118,-12.19642877],[27.56462027,-12.21140951],[27.57568256,-12.21680704],[27.60168225,-12.21997178],[27.60768341,-12.22289153],[27.61321256,-12.2255913],[27.61939272,-12.23425857],[27.62556289,-12.26178325],[27.62561089,-12.26200823],[27.62521588,-12.26248019],[27.62375084,-12.26438703],[27.62261981,-12.26571192],[27.6221608,-12.26733778],[27.6185577,-12.26674283],[27.61486461,-12.26606189],[27.6111015,-12.26548594],[27.60886544,-12.26540295],[27.60763141,-12.26605989],[27.60594537,-12.26694681],[27.60430332,-12.26762376],[27.60255428,-12.2682687],[27.60083523,-12.2683017],[27.59933819,-12.26844969],[27.59766215,-12.26926562],[27.59636812,-12.26968159],[27.59489008,-12.27038153],[27.59368905,-12.2706905],[27.59250001,-12.27119346],[27.59087097,-12.27190439],[27.58959894,-12.27231036],[27.58790389,-12.27254634],[27.58589284,-12.27260734],[27.58404479,-12.27273233],[27.58242775,-12.27256634],[27.5805887,-12.27244335],[27.57933366,-12.27212538],[27.57782863,-12.27161842],[27.5765906,-12.27083749],[27.57551857,-12.27019954],[27.57376252,-12.26902564],[27.57333251,-12.2683267],[27.57346651,-12.26688682],[27.57247048,-12.26671384],[27.57176647,-12.26758276],[27.57091645,-12.26892965],[27.57080544,-12.26939061],[27.56993942,-12.27041753],[27.5693634,-12.27126146],[27.56846938,-12.27181941],[27.56780737,-12.27222937],[27.56719135,-12.27270333],[27.56666033,-12.27334128],[27.5656503,-12.27398722],[27.56521529,-12.27378124],[27.56455728,-12.27459517],[27.56342625,-12.27509513],[27.56272623,-12.27505713],[27.56198621,-12.27581907],[27.56096518,-12.27668399],[27.56021016,-12.27720995],[27.55946215,-12.27826886],[27.55874112,-12.27874182],[27.55723608,-12.2790508],[27.55498402,-12.27959875],[27.55427001,-12.27966675],[27.55319498,-12.27983273],[27.55162494,-12.28055367],[27.5463718,-12.28178857],[27.54562178,-12.28168057],[27.54421474,-12.28150059],[27.5425817,-12.28194455],[27.54127366,-12.28320545],[27.54015163,-12.28330944],[27.53905661,-12.28483531],[27.53822158,-12.28631319],[27.53722156,-12.28703712],[27.53571752,-12.28744209],[27.53445849,-12.28777706],[27.53254543,-12.28830602],[27.5311314,-12.288575],[27.52913634,-12.28915795],[27.52628127,-12.29014586],[27.52449922,-12.29102479],[27.52228917,-12.29199871],[27.52098213,-12.29236868],[27.51915308,-12.29306862],[27.51827806,-12.29428352],[27.51804505,-12.29551341],[27.51794005,-12.29654632],[27.51763504,-12.29746725],[27.51766004,-12.29848217],[27.51418995,-12.29902312],[27.51134987,-12.29944708],[27.50897381,-12.300397],[27.50765578,-12.30175589],[27.50682176,-12.30349674],[27.50594273,-12.30533759],[27.50520671,-12.30742041],[27.50436369,-12.30942424],[27.50387668,-12.31097111],[27.50359067,-12.31252798],[27.50284865,-12.31411884],[27.50222863,-12.31511976],[27.50137861,-12.31637166],[27.50016358,-12.31854747],[27.49922656,-12.31875345],[27.49778252,-12.31834649],[27.49565446,-12.31729558],[27.49437243,-12.31626167],[27.49289039,-12.31513776],[27.49089334,-12.31439482],[27.4895503,-12.31393686],[27.48914229,-12.31379787],[27.48612621,-12.31326392],[27.48506818,-12.31235599],[27.48514418,-12.3110791],[27.48543219,-12.31006819],[27.48598321,-12.30727542],[27.48751125,-12.30539358],[27.48925429,-12.30447866],[27.49102434,-12.30414169],[27.4933214,-12.30383472],[27.49458443,-12.30324976],[27.49496744,-12.30227185],[27.49474844,-12.30006703],[27.49435143,-12.2980562],[27.49507844,-12.29581139],[27.49659448,-12.2933536],[27.49841753,-12.29195771],[27.50007958,-12.29113379],[27.50118161,-12.29059183],[27.50208563,-12.28991788],[27.50255664,-12.28905396],[27.50285665,-12.28770907],[27.50309866,-12.28640518],[27.50283765,-12.28511629],[27.50168562,-12.28454934],[27.50001457,-12.28411438],[27.49756151,-12.2838094],[27.49598747,-12.28341743],[27.49380341,-12.28269849],[27.49220537,-12.28203555],[27.48993731,-12.28092764],[27.4860812,-12.27859484],[27.48494217,-12.27859784],[27.48298512,-12.27895181],[27.48165009,-12.27922179],[27.48134308,-12.28124462],[27.48130808,-12.28442135],[27.48038106,-12.28669416],[27.47935003,-12.28955292],[27.47812899,-12.29180973],[27.47691996,-12.29434652],[27.47516292,-12.29778522],[27.47353588,-12.30074897],[27.47184183,-12.30251082],[27.47015979,-12.30376372],[27.46864875,-12.30441266],[27.4668997,-12.30430068],[27.46552267,-12.30309378],[27.46555166,-12.30132093],[27.46659069,-12.300483],[27.46823473,-12.29825219],[27.46946177,-12.29655433],[27.47092881,-12.2945265],[27.47228084,-12.29302863],[27.47375888,-12.29035185],[27.47245084,-12.28884198],[27.4709128,-12.288594],[27.46976278,-12.28819003],[27.46769172,-12.28691414],[27.46636068,-12.28526228],[27.46497965,-12.28311846],[27.46399662,-12.28119563],[27.46280459,-12.27934378],[27.46082854,-12.27820688],[27.45857448,-12.27742494],[27.45639042,-12.27714796],[27.45219031,-12.276739],[27.44954824,-12.27571609],[27.44944124,-12.27567509],[27.44838721,-12.27341728],[27.4479672,-12.27097349],[27.44876622,-12.26871268],[27.45000825,-12.26826572],[27.4517003,-12.26929863],[27.45442737,-12.27061452],[27.45686943,-12.27158244],[27.4593715,-12.2719754],[27.46139955,-12.2719534],[27.4632776,-12.27227937],[27.46493165,-12.27255935],[27.46532466,-12.27114647],[27.46531665,-12.26948561],[27.46491065,-12.26787475],[27.46504265,-12.26574893],[27.46603768,-12.26549895],[27.46788272,-12.2660579],[27.46943276,-12.26653486],[27.47114781,-12.26702382],[27.47307086,-12.26746378],[27.47469391,-12.26797674],[27.47554093,-12.26853169],[27.47697096,-12.26870768],[27.47789399,-12.26803773],[27.478238,-12.26649687],[27.47811699,-12.26513598],[27.47790999,-12.26351112],[27.47746897,-12.26184625],[27.47689696,-12.25989042],[27.47648095,-12.25842454],[27.47555993,-12.25722165],[27.47406588,-12.25593075],[27.47298886,-12.25673669],[27.47189183,-12.25759761],[27.4708888,-12.25881651],[27.46990978,-12.26021239],[27.46854074,-12.26098133],[27.46642169,-12.26191525],[27.46450264,-12.26285317],[27.46340361,-12.26379809],[27.46220057,-12.26481801],[27.46117055,-12.26513598],[27.46079254,-12.26451003],[27.46073954,-12.26347012],[27.46115654,-12.26208824],[27.46154956,-12.26071435],[27.46222157,-12.25910748],[27.46270959,-12.2577046],[27.4631826,-12.25597175],[27.4631956,-12.25373594],[27.4632566,-12.25171411],[27.46148855,-12.25001125],[27.4596765,-12.24741847],[27.45596341,-12.24638856],[27.45325834,-12.24769745],[27.44568814,-12.24881836],[27.44351108,-12.25580777],[27.44149003,-12.25935347],[27.44153903,-12.26087534],[27.44198004,-12.26184726],[27.44172403,-12.26225122],[27.44347708,-12.26359211],[27.44256006,-12.26533797],[27.44091001,-12.26627189],[27.43837095,-12.26527997],[27.43847395,-12.26430905],[27.43812894,-12.26344713],[27.43729292,-12.2625212],[27.43605888,-12.26216323],[27.43585488,-12.26106532],[27.43555587,-12.25960145],[27.43442884,-12.25943446],[27.43322081,-12.25922948],[27.4328068,-12.25859153],[27.43204578,-12.25880152],[27.43007572,-12.25887351],[27.42944071,-12.25840155],[27.42885269,-12.25826056],[27.42780367,-12.25867253],[27.42627663,-12.25926347],[27.42465258,-12.26070736],[27.42274953,-12.26240021],[27.42022447,-12.26432405],[27.41748839,-12.2660779],[27.41472732,-12.26754278],[27.41054821,-12.2696236],[27.40659611,-12.27249736],[27.40309201,-12.27540412],[27.40040794,-12.27853585],[27.39794388,-12.28077966],[27.39449679,-12.28368342],[27.39170271,-12.28571825],[27.38897664,-12.28709913],[27.38496054,-12.28852001],[27.38088243,-12.28936394],[27.3760063,-12.29024586],[27.37296022,-12.29061983],[27.36942012,-12.29123578],[27.36646805,-12.29193672],[27.36469,-12.29280165],[27.36339497,-12.29447251],[27.36293195,-12.29564241],[27.36282295,-12.29758325],[27.36265895,-12.30039701],[27.36280195,-12.30374273],[27.36232094,-12.30616053],[27.36183693,-12.30806937],[27.3608739,-12.31039817],[27.3608809,-12.31228801],[27.35945786,-12.31404086],[27.35888985,-12.31525276],[27.35831384,-12.31751757],[27.35764082,-12.31928542],[27.35599277,-12.32037633],[27.3534807,-12.31990137],[27.35008362,-12.31847049],[27.34580851,-12.31683563],[27.34225141,-12.31603269],[27.33649726,-12.31449783],[27.33292017,-12.31456582],[27.32998508,-12.31616469],[27.32857505,-12.3183555],[27.32654399,-12.32079629],[27.32440994,-12.3231891],[27.32205788,-12.32439999],[27.31922181,-12.32477196],[27.31564371,-12.32444599],[27.31318065,-12.32478996],[27.31079258,-12.32573488],[27.30910854,-12.3267158],[27.30802151,-12.32755473],[27.30461442,-12.34498326],[27.29970129,-12.36912723],[27.29090606,-12.36410664],[27.28953102,-12.3634237],[27.28781797,-12.36299174],[27.25002098,-12.35346855],[27.24864594,-12.35312157],[27.24804493,-12.35296959],[27.24652489,-12.35294959],[27.21880316,-12.35136373],[27.20190271,-12.34733006],[27.19253046,-12.34721008],[27.1598606,-12.34679111],[27.12254761,-12.34665712],[27.12045356,-12.34669212],[27.11864151,-12.34668412],[27.08312557,-12.33898677],[27.06356105,-12.33471513],[27.06356305,-12.35914107],[27.06434507,-12.360037],[27.06579912,-12.36215382],[27.06753116,-12.36369469],[27.0690662,-12.36661044],[27.07012123,-12.36961919],[27.07056324,-12.37297591],[27.07088625,-12.3755097],[27.07086125,-12.37813548],[27.07109925,-12.3802193],[27.07192928,-12.38180916],[27.07311731,-12.383717],[27.07320731,-12.38557684],[27.07409033,-12.38676974],[27.07548237,-12.38746669],[27.07683741,-12.38920054],[27.07841445,-12.39258126],[27.07872546,-12.3944891],[27.07924247,-12.39669191],[27.07909147,-12.39816879],[27.07956848,-12.39990364],[27.07996149,-12.40184448],[27.07990449,-12.40327736],[27.08008349,-12.40541917],[27.0802745,-12.40676306],[27.08085951,-12.40827294],[27.08327458,-12.41184963],[27.08373759,-12.41293254],[27.08324158,-12.41413144],[27.08375159,-12.41521735],[27.08496862,-12.41597329],[27.08491462,-12.41717419],[27.08463061,-12.4182141],[27.0844186,-12.41918101],[27.08369759,-12.42044291],[27.08328958,-12.42191579],[27.08259156,-12.42241574],[27.08189354,-12.42302569],[27.08103552,-12.42396961],[27.0802135,-12.42507752],[27.08053551,-12.42622942],[27.0804435,-12.42712634],[27.0803985,-12.42758431],[27.08051451,-12.42922017],[27.08009049,-12.43019509],[27.07920747,-12.43143598],[27.07790344,-12.43259089],[27.07743742,-12.43400477],[27.07525737,-12.43668954],[27.07306831,-12.43915333],[27.07099426,-12.44096918],[27.07025424,-12.4419401],[27.06936021,-12.44319599],[27.06838519,-12.44415091],[27.06729616,-12.44514283],[27.06684015,-12.4466507],[27.06621313,-12.44796759],[27.06644314,-12.44974344],[27.06569211,-12.45070736],[27.06445408,-12.45209624],[27.06421607,-12.45390809],[27.06413007,-12.45673085],[27.0651141,-12.45817873],[27.06498409,-12.4597816],[27.0654291,-12.46136547],[27.06583711,-12.46381126],[27.06664014,-12.46729696],[27.06617413,-12.46863585],[27.06586212,-12.46999674],[27.06649913,-12.47131063],[27.06641513,-12.47223455],[27.06689914,-12.47349244],[27.06702115,-12.47469034],[27.06671814,-12.47614522],[27.06715715,-12.47733312],[27.06670714,-12.47849702],[27.06697715,-12.48002389],[27.06717615,-12.48160276],[27.06612113,-12.48332861],[27.06639013,-12.48417054],[27.06681314,-12.48552943],[27.06680814,-12.48668733],[27.06740716,-12.48727828],[27.06851919,-12.48791423],[27.0686942,-12.48890815],[27.0689342,-12.48997405],[27.06864819,-12.49122695],[27.06874719,-12.49234486],[27.0690582,-12.49345876],[27.06971122,-12.49452967],[27.07017023,-12.49502563],[27.07077325,-12.49617654],[27.07151927,-12.49724544],[27.07183028,-12.49825135],[27.07230329,-12.49879731],[27.07357333,-12.49903629],[27.07464735,-12.49916328],[27.07529037,-12.50004521],[27.07620539,-12.50058516],[27.07722042,-12.50082614],[27.07682741,-12.50162608],[27.07766843,-12.50214603],[27.07857245,-12.50292897],[27.07849245,-12.50364891],[27.07906846,-12.50436584],[27.07991949,-12.50459583],[27.0803995,-12.50533676],[27.08077951,-12.50598671],[27.08172154,-12.50663365],[27.08241756,-12.50691263],[27.08292357,-12.50769756],[27.08313357,-12.5084735],[27.08353559,-12.50949741],[27.08436761,-12.51033834],[27.08548164,-12.5107853],[27.08655467,-12.51097728],[27.08754469,-12.51124926],[27.0879037,-12.51257515],[27.0880777,-12.51343108],[27.08846672,-12.51414402],[27.08868973,-12.51524392],[27.08915073,-12.5155489],[27.08986275,-12.51567189],[27.08982675,-12.51686379],[27.09011476,-12.51739174],[27.09065778,-12.51803769],[27.09125279,-12.51853665],[27.09204481,-12.5191606],[27.09255782,-12.51965856],[27.09315084,-12.52056948],[27.09307284,-12.52122543],[27.09303684,-12.52199436],[27.09338785,-12.52285229],[27.09384686,-12.5239102],[27.0951709,-12.52478012],[27.09645493,-12.5250061],[27.09757196,-12.52530708],[27.09843298,-12.52560805],[27.09863099,-12.52587303],[27.098951,-12.526303],[27.09811597,-12.52674296],[27.09750696,-12.52705993],[27.09652093,-12.52740091],[27.09640093,-12.52829483],[27.0952969,-12.52906477],[27.09487889,-12.52928974],[27.09440588,-12.5297917],[27.09315084,-12.53007968],[27.09210982,-12.52999269],[27.09173381,-12.53036766],[27.0914118,-12.53125258],[27.09078978,-12.53127358],[27.09024577,-12.53142257],[27.08978775,-12.5321725],[27.08879673,-12.53229449],[27.08729869,-12.53254947],[27.08659367,-12.53252947],[27.08584765,-12.53279645],[27.08499062,-12.53270546],[27.08459862,-12.5321755],[27.08376059,-12.53150456],[27.08347059,-12.5310056],[27.08262556,-12.53061163],[27.08184154,-12.53016167],[27.08033851,-12.5297937],[27.07936048,-12.52949573],[27.07861846,-12.52919576],[27.07721042,-12.52993369],[27.07677441,-12.52916875],[27.0763144,-12.52888578],[27.07531637,-12.52888878],[27.07430434,-12.5286178],[27.07343832,-12.52926175],[27.07236629,-12.5297637],[27.07135927,-12.53082562],[27.07009423,-12.53111259],[27.06924321,-12.53088661],[27.06806818,-12.53088762],[27.06722216,-12.53048664],[27.06621313,-12.53008168],[27.0651581,-12.53048565],[27.06455109,-12.53147056],[27.06382807,-12.53209751],[27.06348106,-12.53230649],[27.06296605,-12.53298743],[27.06225703,-12.53316542],[27.06087199,-12.53354539],[27.06008397,-12.53355739],[27.05912294,-12.53349739],[27.05855092,-12.5334334],[27.0574709,-12.53374237],[27.05623687,-12.5345673],[27.05504083,-12.53489428],[27.05407781,-12.53489627],[27.05289678,-12.53508426],[27.05139774,-12.53534324],[27.0499297,-12.53537023],[27.04911668,-12.53510225],[27.04809465,-12.53475328],[27.04694562,-12.53504226],[27.04541658,-12.53516425],[27.04460956,-12.53429333],[27.04396254,-12.53390036],[27.04288551,-12.53494527],[27.04227249,-12.53616617],[27.04114347,-12.53663313],[27.03976643,-12.53710409],[27.0387534,-12.53794102],[27.03837839,-12.53946089],[27.03747237,-12.54028682],[27.03617134,-12.54135473],[27.03455329,-12.54204468],[27.03288325,-12.5417227],[27.03169222,-12.54263663],[27.0310022,-12.54374053],[27.02985917,-12.5442075],[27.02904915,-12.54461246],[27.02823113,-12.54524341],[27.0273491,-12.54491843],[27.02649708,-12.54589535],[27.02566706,-12.54691327],[27.02443102,-12.54702026],[27.02217296,-12.54867912],[27.02103394,-12.54902008],[27.02004991,-12.54896009],[27.01915189,-12.54953304],[27.01817086,-12.54969603],[27.01721783,-12.55014999],[27.0159528,-12.55235181],[27.01525478,-12.5536287],[27.01428376,-12.55465861],[27.01327673,-12.55532055],[27.0121727,-12.55577252],[27.01061166,-12.55609849],[27.00947863,-12.55663345],[27.00846661,-12.55704942],[27.00737157,-12.55758037],[27.00574853,-12.55809532],[27.0044325,-12.5584183],[27.00340247,-12.5583833],[27.00206343,-12.55912023],[27.00091641,-12.55939821],[26.99994738,-12.56044513],[26.99879335,-12.56124606],[26.99798733,-12.56164202],[26.9969153,-12.56284492],[26.99634129,-12.5643408],[26.99570527,-12.56592966],[26.99512825,-12.56709057],[26.99422723,-12.56852345],[26.99350621,-12.56974635],[26.99247118,-12.57033629],[26.99179216,-12.57084025],[26.99091014,-12.5715202],[26.9893411,-12.57248412],[26.98853408,-12.57297807],[26.98718704,-12.57341504],[26.98660002,-12.57396399],[26.98586901,-12.57510489],[26.98512199,-12.57606181],[26.98470797,-12.57718372],[26.98433196,-12.57868359],[26.98361895,-12.58060543],[26.98229891,-12.58242028],[26.98090088,-12.58356218],[26.97899483,-12.58487307],[26.97740079,-12.58594898],[26.97525073,-12.58712189],[26.9741907,-12.58738686],[26.97305367,-12.58843477],[26.97169163,-12.58954668],[26.96935857,-12.59152452],[26.96779453,-12.59274541],[26.9665915,-12.59415229],[26.96575047,-12.59651409],[26.96520246,-12.5988319],[26.96355842,-12.60294256],[26.96049134,-12.61123686],[26.95623222,-12.62237292],[26.95485719,-12.62357982],[26.95421817,-12.62456274],[26.95394517,-12.6249807],[26.95228012,-12.62649157],[26.95021206,-12.62723651],[26.947733,-12.62755348],[26.94614796,-12.62771047],[26.94426091,-12.62773047],[26.94164584,-12.62826842],[26.93932678,-12.6297293],[26.93810774,-12.63129417],[26.93697671,-12.63254706],[26.93582868,-12.63349598],[26.93507367,-12.63376196],[26.93362163,-12.63316701],[26.93157858,-12.63239608],[26.93022254,-12.63178113],[26.92833649,-12.63075722],[26.92665244,-12.63017927],[26.92569442,-12.63003128],[26.92404237,-12.63047724],[26.92297635,-12.63104719],[26.92170231,-12.63137617],[26.92040128,-12.63187612],[26.91910824,-12.63161714],[26.9177102,-12.63078021],[26.91658718,-12.63069622],[26.91491213,-12.63067523],[26.91319209,-12.63105819],[26.91223806,-12.63130617],[26.91112203,-12.63143816],[26.91036301,-12.63228409],[26.90898598,-12.63254906],[26.90806295,-12.63294203],[26.90688792,-12.63258707],[26.90656491,-12.63239908],[26.90361684,-12.63267306],[26.90256581,-12.63207911],[26.90151278,-12.63297603],[26.90018474,-12.63361097],[26.89891071,-12.63400494],[26.89794768,-12.63460789],[26.89686765,-12.63464089],[26.89522161,-12.63489587],[26.89400558,-12.63482688],[26.89296955,-12.63601278],[26.89151252,-12.63624076],[26.89027848,-12.63641374],[26.88909145,-12.63647674],[26.88781342,-12.63708169],[26.88679739,-12.6368957],[26.88561636,-12.63633874],[26.88475633,-12.63750965],[26.88401631,-12.6380926],[26.88323029,-12.63862156],[26.88320729,-12.64006243],[26.8833813,-12.6416243],[26.88294829,-12.64312418],[26.88296929,-12.64413909],[26.88244627,-12.64548298],[26.88172126,-12.6464139],[26.88116824,-12.64753881],[26.88047022,-12.64827875],[26.88047423,-12.64866071],[26.88025422,-12.64952764],[26.88033522,-12.65058155],[26.88037722,-12.65127549],[26.88043822,-12.65264038],[26.88075623,-12.65453421],[26.88065923,-12.65568612],[26.87992821,-12.65679902],[26.87945119,-12.65770595],[26.87902618,-12.6583569],[26.87794715,-12.65937281],[26.87725614,-12.66037973],[26.87675312,-12.66136164],[26.8758711,-12.66287052],[26.87526308,-12.6643304],[26.87527408,-12.66533831],[26.87529009,-12.66673219],[26.87486607,-12.6677541],[26.87388805,-12.669025],[26.87261701,-12.66968694],[26.872169,-12.67083685],[26.87187,-12.67205274],[26.87121198,-12.67318365],[26.87063396,-12.67433056],[26.86980994,-12.67543146],[26.86876491,-12.67644138],[26.8683679,-12.67794325],[26.86868291,-12.67898817],[26.86870891,-12.68037105],[26.86911693,-12.680964],[26.86986694,-12.68192992],[26.87025796,-12.68276184],[26.86939793,-12.68391075],[26.86877191,-12.68465069],[26.8683789,-12.68586459],[26.86862191,-12.68651353],[26.86888092,-12.68743246],[26.86892492,-12.68853936],[26.86871891,-12.68934329],[26.8682189,-12.69018622],[26.86730888,-12.69097516],[26.86698487,-12.69230204],[26.86662286,-12.69331696],[26.86649085,-12.69437687],[26.86603884,-12.69570376],[26.86557883,-12.69675267],[26.86533482,-12.69769959],[26.86605184,-12.69803156],[26.86643785,-12.69957243],[26.86675586,-12.70051535],[26.86688786,-12.70183824],[26.86695087,-12.70317713],[26.86598884,-12.70418905],[26.86542082,-12.70443103],[26.86568583,-12.70558093],[26.86542283,-12.70679783],[26.86519582,-12.70754277],[26.86616484,-12.70817271],[26.86644686,-12.70961759],[26.86605985,-12.71061151],[26.86641485,-12.71244935],[26.86722488,-12.71331128],[26.86738388,-12.71406322],[26.86720387,-12.71521012],[26.86716587,-12.71632402],[26.86727487,-12.71770291],[26.86696187,-12.7189988],[26.86693886,-12.71994272],[26.86683586,-12.72089364],[26.86668186,-12.72194156],[26.86613084,-12.72299047],[26.86538682,-12.72371841],[26.86484881,-12.72467832],[26.8642038,-12.72565924],[26.86375978,-12.72662716],[26.86296976,-12.7272961],[26.86239575,-12.72777507],[26.86203874,-12.72847001],[26.86180673,-12.72991288],[26.86129872,-12.73102479],[26.8605397,-12.73142976],[26.85960368,-12.73230469],[26.85878465,-12.7333316],[26.85818064,-12.73409654],[26.85739461,-12.73458949],[26.8568186,-12.73518744],[26.85600058,-12.73601338],[26.85515856,-12.73652433],[26.85486554,-12.73751024],[26.85433853,-12.73851516],[26.85349051,-12.73918511],[26.85269249,-12.73970806],[26.85183647,-12.74078297],[26.85097845,-12.7428788],[26.85113845,-12.7440327],[26.85110945,-12.7452326],[26.85169146,-12.74586255],[26.85250349,-12.74571956],[26.85332051,-12.74634751],[26.85371552,-12.74702045],[26.85447654,-12.7475554],[26.85423353,-12.74837633],[26.85458154,-12.74901428],[26.85476055,-12.74986121],[26.85488855,-12.75039617],[26.85468954,-12.75168705],[26.85534256,-12.75222801],[26.85552756,-12.75272697],[26.85562257,-12.75357889],[26.85505255,-12.75469881],[26.85503856,-12.75517176],[26.85533456,-12.75552174],[26.85527756,-12.75630967],[26.85542456,-12.75692362],[26.85580357,-12.75757556],[26.85640259,-12.75841649],[26.8568416,-12.75909044],[26.8568646,-12.75994736],[26.8567456,-12.76080829],[26.8568276,-12.76165522],[26.85719061,-12.76212918],[26.85701861,-12.76282812],[26.85736562,-12.76340308],[26.85781763,-12.76402302],[26.85918966,-12.76486595],[26.85953267,-12.76513493],[26.85975568,-12.76599886],[26.8604217,-12.76689978],[26.86075771,-12.76706077],[26.86113472,-12.76739374],[26.86162873,-12.7677987],[26.86198174,-12.76853264],[26.86243775,-12.7690246],[26.86268175,-12.76953956],[26.86302677,-12.7701705],[26.86354778,-12.77044448],[26.86405679,-12.77110343],[26.86525882,-12.77174237],[26.86553883,-12.77216034],[26.86561883,-12.7726413],[26.86600084,-12.77329724],[26.86637685,-12.77400618],[26.86655786,-12.77474012],[26.86695587,-12.77514309],[26.86774388,-12.77591902],[26.86858691,-12.77639498],[26.86917692,-12.77671695],[26.86969694,-12.7773449],[26.86947994,-12.77797985],[26.86937293,-12.77844781],[26.86954494,-12.77866579],[26.87057296,-12.77919975],[26.87062796,-12.78059463],[26.87067396,-12.78144156],[26.87056696,-12.78189052],[26.87076497,-12.78283244],[26.87109898,-12.78346939],[26.87095597,-12.78438131],[26.87147699,-12.78507925],[26.872112,-12.78535223],[26.87252202,-12.78582719],[26.87299303,-12.78658512],[26.87370505,-12.78711808],[26.87433406,-12.78764504],[26.87498608,-12.78826298],[26.87606411,-12.78869095],[26.87651812,-12.78880694],[26.87675113,-12.78888893],[26.87724814,-12.78824398],[26.87839717,-12.78784402],[26.87923219,-12.78773703],[26.88000121,-12.78790802],[26.88062323,-12.78827298],[26.88131325,-12.78833598],[26.88229027,-12.78820899],[26.88294229,-12.78833198],[26.88370931,-12.78819399],[26.88427733,-12.78754405],[26.88491434,-12.78742406],[26.88528235,-12.78805101],[26.88596937,-12.78868495],[26.88673439,-12.78900392],[26.88743241,-12.78916191],[26.88813443,-12.78965287],[26.88911646,-12.79012583],[26.89045749,-12.79086277],[26.89052449,-12.79179069],[26.8905455,-12.79267861],[26.8910815,-12.79368253],[26.89184053,-12.79381452],[26.89253054,-12.79385552],[26.89323257,-12.79431748],[26.89394958,-12.79508042],[26.8944706,-12.79574036],[26.89548562,-12.79592534],[26.89607864,-12.79653029],[26.89631864,-12.79718524],[26.89625764,-12.7976522],[26.89659165,-12.79830514],[26.89725167,-12.79858312],[26.8983637,-12.79866311],[26.89897371,-12.79901708],[26.89867271,-12.79977602],[26.89867071,-12.80023198],[26.89859271,-12.80100592],[26.89887471,-12.80174985],[26.89938572,-12.80195084],[26.89972373,-12.80205783],[26.90018275,-12.80279676],[26.90078776,-12.80338371],[26.90179079,-12.80352471],[26.90237481,-12.80449762],[26.90336883,-12.80541555],[26.90313583,-12.80624448],[26.90283281,-12.80702641],[26.90385285,-12.80784634],[26.90496888,-12.80818431],[26.90560789,-12.80924522],[26.9059719,-12.81046512],[26.90631691,-12.81155303],[26.90743294,-12.81141404],[26.90825296,-12.81148203],[26.90876998,-12.81143604],[26.909842,-12.81207198],[26.91050402,-12.8131219],[26.91090803,-12.81379184],[26.91092203,-12.81454578],[26.91168505,-12.81496975],[26.91209107,-12.8155367],[26.9134831,-12.81683758],[26.91397011,-12.81747853],[26.91397211,-12.81828547],[26.91439512,-12.8190664],[26.91496214,-12.82013631],[26.91584516,-12.82046228],[26.91776521,-12.82179117],[26.91809322,-12.8226461],[26.91812622,-12.82363601],[26.9171972,-12.82455894],[26.91665918,-12.82450094],[26.91564116,-12.82482891],[26.91449213,-12.82486491],[26.91382911,-12.82598282],[26.9135941,-12.82680875],[26.91374311,-12.8274187],[26.91318009,-12.82826763],[26.91242907,-12.82831062],[26.91155305,-12.82898657],[26.91190406,-12.82989349],[26.91241707,-12.83083241],[26.91263108,-12.83197731],[26.91294409,-12.83288124],[26.9134851,-12.83373517],[26.91404211,-12.83431412],[26.91383611,-12.83503806],[26.91381911,-12.83561801],[26.91379611,-12.83646294],[26.91364911,-12.83712489],[26.91312109,-12.83715288],[26.91234707,-12.83796181],[26.91225707,-12.83909772],[26.91208007,-12.84004164],[26.91111604,-12.8405186],[26.91003101,-12.8416535],[26.909716,-12.84240644],[26.90925899,-12.84326737],[26.90887498,-12.84358234],[26.90884697,-12.84457026],[26.90887898,-12.84558417],[26.90834496,-12.84667008],[26.90801496,-12.84753501],[26.90764895,-12.84847293],[26.90847497,-12.84992681],[26.90734894,-12.85000881],[26.90677692,-12.85074574],[26.90614191,-12.85086573],[26.90619191,-12.85156867],[26.9060369,-12.85249159],[26.90625491,-12.85317054],[26.90627391,-12.85414746],[26.90580389,-12.85502738],[26.90541689,-12.85541735],[26.90458587,-12.85624228],[26.90463086,-12.85671224],[26.9023938,-12.85879107],[26.9021158,-12.85947401],[26.9021878,-12.86031994],[26.90115377,-12.86124886],[26.90071376,-12.8619168],[26.90036675,-12.86259075],[26.90003274,-12.86366366],[26.8983997,-12.86501555],[26.89773368,-12.86577248],[26.89690966,-12.86632443],[26.89563363,-12.86667941],[26.89497061,-12.86735735],[26.89478861,-12.86844226],[26.8944996,-12.86961316],[26.89497061,-12.8703351],[26.89419159,-12.87095505],[26.89395958,-12.87174798],[26.89270655,-12.87255691],[26.89200453,-12.87207795],[26.89105851,-12.871543],[26.88933046,-12.87209195],[26.88990048,-12.87308087],[26.88985648,-12.87425377],[26.88794343,-12.87435876],[26.88674339,-12.87538568],[26.88644838,-12.87620961],[26.88612937,-12.87676456],[26.88636938,-12.87740451],[26.88554036,-12.87819844],[26.88497935,-12.87894738],[26.88418232,-12.8798173],[26.8832513,-12.88038825],[26.88240027,-12.8810702],[26.88229728,-12.8822401],[26.88128825,-12.88271906],[26.87983321,-12.88278105],[26.87897718,-12.88326901],[26.87795216,-12.88383897],[26.87719514,-12.88451091],[26.87626611,-12.88547683],[26.8755801,-12.88612978],[26.87487808,-12.88692071],[26.87448107,-12.88770064],[26.87425606,-12.8882026],[26.87312903,-12.88911152],[26.93082556,-12.92579445],[26.93485967,-12.92906318],[26.93558268,-12.93022607],[26.93552768,-12.93160196],[26.93575269,-12.93328982],[26.93696973,-12.93555563],[26.93896277,-12.93685252],[26.94033381,-12.93794143],[26.94194586,-12.93892234],[26.94388591,-12.9406812],[26.94555295,-12.94203808],[26.94617097,-12.94317399],[26.94709399,-12.94442589],[26.99451925,-12.95512699],[26.99515826,-12.95654487],[26.99500726,-12.95784576],[26.99552427,-12.95845971],[26.9965223,-12.95927164],[26.99932638,-12.95879068],[27.00162844,-12.96036155],[27.00521753,-12.95907965],[27.0076056,-12.96060053],[27.00908463,-12.96348629],[27.00926764,-12.96701199],[27.00909964,-12.97025872],[27.00838062,-12.97303048],[27.00740959,-12.9765022],[27.00989066,-12.97758011],[27.01263773,-12.97725713],[27.01385276,-12.97852602],[27.01675384,-12.97921397],[27.0192199,-12.98010489],[27.02163697,-12.9799789],[27.02083995,-12.9812378],[27.0193439,-12.98310464],[27.01749785,-12.98519246],[27.01580181,-12.98878616],[27.01406477,-12.99200089],[27.01242073,-12.99525462],[27.01224672,-12.99798739],[27.01333374,-12.99862534],[27.01436378,-12.99894631],[27.01667783,-13.00006122],[27.01877589,-13.00080916],[27.01881589,-13.00154809],[27.01859689,-13.00274099],[27.01991992,-13.00341894],[27.02223998,-13.00322995],[27.02495206,-13.00340094],[27.02723912,-13.00338094],[27.03016319,-13.00373391],[27.03316927,-13.00564575],[27.03569234,-13.00738961],[27.0380504,-13.00762159],[27.04035646,-13.0063367],[27.0418895,-13.00597373],[27.04292953,-13.00572675],[27.0493227,-13.00755059],[27.05369281,-13.00546077],[27.05802393,-13.00657767],[27.06185803,-13.00564475],[27.06696417,-13.00176708],[27.11330039,-13.00323695],[27.09870001,-13.01089931],[27.0870507,-13.02423019],[27.08858274,-13.02633902],[27.09234784,-13.04317461],[27.08941277,-13.0480862],[27.08867474,-13.05572856],[27.08989878,-13.06195903],[27.09016578,-13.06422884],[27.08976177,-13.06809052],[27.08740971,-13.07270513],[27.08486564,-13.07612685],[27.08402062,-13.08119742],[27.08352961,-13.08712093],[27.08243358,-13.09177354],[27.08060953,-13.1006638],[27.0795565,-13.10929307],[27.07732945,-13.12522074],[27.07359235,-13.13484993],[27.06315907,-13.14527406],[27.05480085,-13.14903175],[27.04195051,-13.15009966],[27.03059821,-13.1519945],[27.02201598,-13.1555622],[27.01451478,-13.16260761],[27.00678558,-13.1735907],[27.00146444,-13.18139605],[26.99970539,-13.18394783],[26.9888201,-13.18335488],[26.98549002,-13.18481476],[26.98259794,-13.18659461],[26.98050988,-13.18811948],[26.97655578,-13.19169318],[26.97276568,-13.19485292],[26.96894158,-13.19792566],[26.96522548,-13.2009884],[26.96195839,-13.2035012],[26.95940033,-13.20627296],[26.95767628,-13.2094247],[26.95630624,-13.21286441],[26.95603224,-13.21352335],[26.9547382,-13.2166311],[26.95329116,-13.21957985],[26.95204313,-13.22324054],[26.95190813,-13.22781416],[26.95173112,-13.23141686],[26.95139711,-13.23400765],[26.95142311,-13.23625346],[26.9510191,-13.23800531],[26.95007908,-13.24005614],[26.94952206,-13.24221896],[26.94926206,-13.24423679],[26.94900705,-13.24615463],[26.94862904,-13.24975233],[26.94857404,-13.253645],[26.94923605,-13.25751768],[26.9509181,-13.26317821],[26.95305216,-13.26832578],[26.95671425,-13.27497822],[26.96061336,-13.28182065],[26.96552149,-13.29020195],[26.97076863,-13.29738735],[26.97522974,-13.30427178],[26.97881984,-13.31135318],[26.97906985,-13.31802762],[26.9772768,-13.32269323],[26.9773828,-13.32693188],[26.98057289,-13.33118952],[26.97798582,-13.33637609],[26.97489074,-13.34195663],[26.97411772,-13.35143784],[26.97282269,-13.35835926],[26.97129464,-13.3638718],[26.96934559,-13.36610761],[26.96745754,-13.36678056],[26.93279962,-13.37466489],[26.92968854,-13.37660173],[26.92928453,-13.37989346],[26.92838451,-13.38740284],[26.92652446,-13.39601612],[26.92512442,-13.40291754],[26.92359038,-13.40901403],[26.92132132,-13.41576647],[26.91796423,-13.4189022],[26.91262509,-13.421348],[26.90623692,-13.4237178],[26.89943774,-13.42624359],[26.89352058,-13.42869839],[26.88928047,-13.43048424],[26.8865584,-13.4321891],[26.88340231,-13.43238208],[26.88084225,-13.43310902],[26.87955822,-13.43411294],[26.8679899,-13.44016843],[26.86288977,-13.44208328],[26.86176274,-13.44323318],[26.85313351,-13.46864406],[26.85229649,-13.4717348],[26.85018443,-13.47517151],[26.8488954,-13.47874322],[26.84865439,-13.49753765],[26.84615833,-13.50130733],[26.84279124,-13.50574696],[26.83950315,-13.50994662],[26.83620107,-13.51552915],[26.83244996,-13.52242258],[26.82863486,-13.52864006],[26.81410448,-13.5497603],[26.80916035,-13.55729067],[26.80423321,-13.56592795],[26.80103113,-13.57127951],[26.79766804,-13.57684804],[26.79461096,-13.58207061],[26.79293791,-13.58647024],[26.79161988,-13.59121584],[26.79052686,-13.59543449],[26.78934082,-13.59879221],[26.78927382,-13.59955515],[26.79080686,-13.60314885],[26.79033385,-13.60836142],[26.78916882,-13.61433492],[26.78766178,-13.62332617],[26.78615273,-13.63415427],[26.7846847,-13.64302753],[26.78250464,-13.6530297],[26.78009357,-13.66239692],[26.77825253,-13.66994129],[26.77710849,-13.6794395],[26.77760651,-13.68689588],[26.78138261,-13.6926324],[26.78578673,-13.69730701],[26.79093087,-13.70461441],[26.79580999,-13.71207079],[26.80177515,-13.71933318],[26.8075353,-13.72565466],[26.81162041,-13.73043326],[26.81453549,-13.7359148],[26.81719956,-13.74021644],[26.82015864,-13.74496406],[26.82341773,-13.74900072],[26.82275271,-13.7516365],[26.82313372,-13.75305838],[26.82334173,-13.75383532],[26.82477576,-13.75907288],[26.82843986,-13.76571033],[26.83275097,-13.77213579],[26.83832012,-13.78067508],[26.84464729,-13.7876575],[26.85112146,-13.79288207],[26.85758863,-13.79760868],[26.86493683,-13.80247527],[26.87014697,-13.80605597],[26.87654714,-13.80951369],[26.88332132,-13.81194649],[26.8937516,-13.81639411],[26.89888573,-13.81939986],[26.90559791,-13.82322755],[26.91123506,-13.82667326],[26.91685421,-13.83056294],[26.93276164,-13.83896324],[26.93577171,-13.84406282],[26.93625772,-13.85132121],[26.93696975,-13.86144837],[26.93676174,-13.8731374],[26.93739076,-13.88647229],[26.93804677,-13.8996132],[26.93747876,-13.90876844],[26.93632473,-13.9178097],[26.93396667,-13.92835282],[26.93170061,-13.93788303],[26.92997456,-13.9466223],[26.92889953,-13.95488462],[26.92592746,-13.9635479],[26.92221736,-13.96988837],[26.9165082,-13.97738575],[26.91223009,-13.98195137],[26.90978103,-13.98577406],[26.908784,-13.99123461],[26.90868099,-13.99636418],[26.88957849,-14.00592939],[26.88488936,-14.01399372],[26.87253004,-14.02633669],[26.85888767,-14.03426204],[26.85806765,-14.04160543],[26.8636508,-14.05274551],[26.87169001,-14.06096682],[26.87943222,-14.07068702],[26.88686542,-14.07918532],[26.89944475,-14.09077236],[26.9200183,-14.10612108],[26.94074985,-14.12184378],[26.95519624,-14.13936133],[26.96387147,-14.16183147],[26.9688996,-14.18263175],[26.9726397,-14.20214413],[26.97730483,-14.21868677],[26.98282497,-14.2303698],[26.99193522,-14.23301558],[27.00012743,-14.22836496],[26.9685426,-14.4240438],[26.96658555,-14.42357784],[26.96389248,-14.42233295],[26.96218543,-14.42173999],[26.96045538,-14.42118304],[26.95891434,-14.42061009],[26.95653728,-14.42056109],[26.9534592,-14.42083607],[26.95077513,-14.42095206],[26.94707703,-14.42112405],[26.94306492,-14.42097006],[26.94052086,-14.42050609],[26.93723477,-14.41951918],[26.93151961,-14.41986315],[26.92845653,-14.42001214],[26.92534745,-14.42071108],[26.92164135,-14.42184398],[26.91869027,-14.4229129],[26.91432316,-14.4240478],[26.91053505,-14.4240778],[26.90648495,-14.42361284],[26.90256184,-14.42317887],[26.89922375,-14.42244194],[26.89828573,-14.42212297],[26.89550666,-14.42116504],[26.89169956,-14.41970816],[26.88768444,-14.41862925],[26.88321533,-14.41782032],[26.87868521,-14.41721437],[26.87493311,-14.41650743],[26.87125401,-14.41573149],[26.86816193,-14.41494956],[26.86491684,-14.41414263],[26.86275778,-14.41388265],[26.8597887,-14.41406663],[26.85763065,-14.41543552],[26.85539959,-14.41824329],[26.85343654,-14.42108205],[26.85156949,-14.42325087],[26.84924842,-14.42448277],[26.84533432,-14.42489274],[26.84250324,-14.42467975],[26.83927616,-14.4241458],[26.83615908,-14.4240818],[26.83192296,-14.4241058],[26.82784885,-14.42303689],[26.82417176,-14.42146502],[26.81965663,-14.42013313],[26.81572553,-14.41892123],[26.81239744,-14.41822129],[26.80928836,-14.41834128],[26.80676829,-14.41962017],[26.80443223,-14.4228879],[26.80224417,-14.42640961],[26.80018812,-14.42985132],[26.79741104,-14.43269609],[26.79433196,-14.43378001],[26.79162189,-14.43448495],[26.78891281,-14.43520488],[26.78563773,-14.43536987],[26.78267065,-14.43432096],[26.77986658,-14.433869],[26.77728351,-14.43476792],[26.77497944,-14.43580084],[26.7731484,-14.43672576],[26.77126935,-14.43773468],[26.76834227,-14.43818064],[26.76524219,-14.43726172],[26.76321813,-14.43664577],[26.76173109,-14.43682775],[26.76044306,-14.43769568],[26.75947603,-14.44022547],[26.75857601,-14.44172435],[26.75729598,-14.44327622],[26.75644495,-14.44467111],[26.75577193,-14.44662195],[26.75498091,-14.4484058],[26.75382888,-14.44968969],[26.75287486,-14.45027365],[26.75131682,-14.45167053],[26.75002278,-14.45284643],[26.74269659,-14.45741605],[26.73881748,-14.458073],[26.72890822,-14.45403334],[26.71999098,-14.45183851],[26.71208677,-14.45371236],[26.70632061,-14.45894293],[26.70223551,-14.46283861],[26.69654936,-14.46564338],[26.69137422,-14.46420049],[26.6908542,-14.45973686],[26.68913916,-14.45368936],[26.68551706,-14.45130056],[26.67878588,-14.45039963],[26.67084867,-14.44868577],[26.66605754,-14.44543604],[26.66156942,-14.44446912],[26.65596127,-14.44648396],[26.6494901,-14.44899375],[26.64234291,-14.45039063],[26.63564073,-14.44962469],[26.63096361,-14.45172752],[26.62988958,-14.4593829],[26.62430843,-14.46721225],[26.6191453,-14.47186786],[26.61380815,-14.47150089],[26.60903603,-14.46914408],[26.60469491,-14.46637131],[26.60086281,-14.46233265],[26.59596867,-14.45820799],[26.59105655,-14.45653113],[26.58598841,-14.45547221],[26.58149529,-14.45466128],[26.57792219,-14.45541322],[26.57567514,-14.458052],[26.55738965,-14.46582436],[26.54023419,-14.47342273],[26.53107294,-14.48172405],[26.51921663,-14.48662765],[26.51151043,-14.49488896],[26.50374722,-14.50819486],[26.50516626,-14.52415255],[26.49830207,-14.5393973],[26.4844237,-14.5478236],[26.47224838,-14.55208525],[26.45577094,-14.55638489],[26.44158156,-14.56652806],[26.42635615,-14.58023293],[26.41921696,-14.59385281],[26.41185477,-14.60476091],[26.40489658,-14.62206748],[26.3980924,-14.63598534],[26.38056393,-14.64924425],[26.3681636,-14.66727276],[26.37375974,-14.68721812],[26.37439876,-14.70119397],[26.36570853,-14.71313599],[26.35523525,-14.71581277],[26.33988484,-14.72210825],[26.32971857,-14.73708102],[26.31883028,-14.73233841],[26.31252911,-14.71884452],[26.31014105,-14.70496466],[26.30036679,-14.69751227],[26.28401535,-14.69647635],[26.27578114,-14.69092981],[26.26031772,-14.68701413],[26.25032845,-14.68293647],[26.24196223,-14.67641301],[26.23561806,-14.67147341],[26.22684683,-14.66367005],[26.21299446,-14.66395103],[26.19555199,-14.66011034],[26.18556673,-14.6508681],[26.18890482,-14.64143988],[26.19219291,-14.62431429],[25.59040788,-14.53660245],[25.58775281,-14.53665045],[25.58532674,-14.53643647],[25.58239567,-14.53626648],[25.57900958,-14.53652046],[25.57553648,-14.53745438],[25.57311042,-14.5384693],[25.57086736,-14.53920324],[25.5685553,-14.53994517],[25.56618024,-14.54048613],[25.56367617,-14.54038914],[25.55886704,-14.53982018],[25.55467293,-14.53937922],[25.55062982,-14.53903225],[25.54750273,-14.53874327],[25.54433866,-14.53805733],[25.54052955,-14.53698942],[25.53679545,-14.53724839],[25.53279534,-14.53801933],[25.52984427,-14.53858228],[25.52652417,-14.53853829],[25.52285608,-14.5383243],[25.52014001,-14.5383603],[25.51743494,-14.53923623],[25.51514787,-14.54034114],[25.51151278,-14.54242297],[25.50728366,-14.54463078],[25.48430705,-14.55779869],[25.48028794,-14.55968054],[25.47757187,-14.56054147],[25.47436978,-14.56176937],[25.47152171,-14.56387519],[25.46942565,-14.56576203],[25.46695158,-14.56780787],[25.4637455,-14.57032066],[25.45988639,-14.57317543],[25.45471226,-14.57602819],[25.45027114,-14.57794903],[25.44541701,-14.57983788],[25.44029787,-14.58233767],[25.43535574,-14.5842825],[25.43137464,-14.58571039],[25.42914758,-14.58597936],[25.42731953,-14.58578738],[25.4223954,-14.58579038],[25.41786527,-14.5867673],[25.41414017,-14.58714127],[25.41068208,-14.58720826],[25.40618996,-14.58757723],[25.40164785,-14.58817918],[25.3962007,-14.58831217],[25.39185758,-14.58839416],[25.38850049,-14.58835216],[25.38469939,-14.5879412],[25.38016127,-14.58767422],[25.37702519,-14.58752523],[25.37329308,-14.58737324],[25.36968399,-14.58737124],[25.36730393,-14.58718526],[25.36183878,-14.58560939],[25.35837869,-14.5854704],[25.35605163,-14.58568038],[25.35254953,-14.58598535],[25.34684438,-14.58658131],[25.3397782,-14.58731024],[25.33532608,-14.5878622],[25.32991893,-14.5889491],[25.32417578,-14.59037699],[25.31985466,-14.59177187],[25.31509653,-14.59341674],[25.31040241,-14.59453464],[25.30442225,-14.59564555],[25.29653704,-14.59707143],[25.29060888,-14.59777637],[25.28353969,-14.59878229],[25.25880104,-14.59844031],[25.24356663,-14.60156005],[25.24076855,-14.60168204],[25.23808648,-14.60189903],[25.23406437,-14.60394286],[25.23188732,-14.60508776],[25.23018627,-14.60594869],[25.22849423,-14.60660464],[25.22666518,-14.6070476],[25.22584515,-14.60772354],[25.22439012,-14.60872646],[25.22308908,-14.60922742],[25.22185105,-14.61007335],[25.220184,-14.61021434],[25.22006,-14.60999535],[25.21807594,-14.61051331],[25.21730192,-14.61162622],[25.21599889,-14.61261314],[25.21506487,-14.6131061],[25.21350582,-14.61363906],[25.21231779,-14.61435199],[25.21137977,-14.61460297],[25.2087857,-14.61494794],[25.20758567,-14.61529991],[25.20622963,-14.61616384],[25.20479159,-14.61732875],[25.20311055,-14.61888762],[25.20161351,-14.61999852],[25.20062348,-14.62131442],[25.19952145,-14.62266731],[25.19821842,-14.62366223],[25.19651137,-14.62357323],[25.19534034,-14.62333225],[25.19282027,-14.62443916],[25.19181325,-14.62469314],[25.19151524,-14.62476713],[25.18997419,-14.62417018],[25.18815515,-14.62353124],[25.18661711,-14.62285229],[25.18535507,-14.62204836],[25.18402304,-14.62164239],[25.18285401,-14.62089245],[25.18150797,-14.62010752],[25.17995093,-14.61940957],[25.17842489,-14.61913159],[25.17731286,-14.61925059],[25.1752288,-14.61951456],[25.17370776,-14.61993153],[25.1713867,-14.62033949],[25.16980766,-14.62067346],[25.1676026,-14.62073346],[25.16562055,-14.62074946],[25.1639235,-14.62034949],[25.16260147,-14.61999952],[25.16033341,-14.62011551],[25.15916437,-14.62101943],[25.15880036,-14.62216334],[25.15755633,-14.62319026],[25.1562043,-14.6227363],[25.1563753,-14.62211134],[25.15602429,-14.62115943],[25.15506327,-14.62093444],[25.15285121,-14.62120642],[25.15161117,-14.62170738],[25.15077215,-14.62294927],[25.14908411,-14.6238382],[25.14817408,-14.62474613],[25.14752706,-14.62597203],[25.14702705,-14.62731291],[25.14675504,-14.62813285],[25.14680804,-14.62877579],[25.14618403,-14.6299797],[25.145103,-14.63148457],[25.14428698,-14.6323215],[25.14327195,-14.63283246],[25.14178991,-14.63310643],[25.14080589,-14.63369439],[25.13929485,-14.63338741],[25.13833182,-14.63283646],[25.13723079,-14.63175055],[25.13657877,-14.63105161],[25.13537174,-14.63043266],[25.13439871,-14.63022968],[25.13334169,-14.63011868],[25.13254266,-14.63034366],[25.13150463,-14.63040866],[25.13086462,-14.63006469],[25.12979059,-14.62976871],[25.12912857,-14.62980971],[25.12790754,-14.62998869],[25.12658551,-14.62928975],[25.12575848,-14.62938474],[25.12497046,-14.62970571],[25.12408544,-14.62933675],[25.1226624,-14.62958872],[25.12099735,-14.63009468],[25.12040234,-14.6298277],[25.11953832,-14.62920675],[25.11869729,-14.62974871],[25.11753526,-14.62954173],[25.11698625,-14.62892278],[25.11628823,-14.6286528],[25.11542921,-14.62815684],[25.11457719,-14.62825783],[25.11405017,-14.62896177],[25.11265614,-14.62947873],[25.1112941,-14.62966771],[25.11045707,-14.62845081],[25.10995306,-14.62751789],[25.10890604,-14.62702494],[25.107897,-14.62690094],[25.10664798,-14.62684695],[25.10523594,-14.62673396],[25.10326989,-14.62625699],[25.10196485,-14.62574204],[25.10069282,-14.62570504],[25.09906177,-14.62580403],[25.09760273,-14.626165],[25.09572568,-14.626192],[25.09386863,-14.62565404],[25.0924336,-14.62548206],[25.09092856,-14.626167],[25.08989553,-14.62602401],[25.0888285,-14.62585602],[25.08721746,-14.62607201],[25.08645044,-14.62610801],[25.0852604,-14.62688594],[25.08406837,-14.62773887],[25.08300534,-14.62781286],[25.08186731,-14.62767287],[25.08038828,-14.6273669],[25.07946325,-14.62713392],[25.07915224,-14.62647497],[25.07884523,-14.62569003],[25.07810721,-14.62550805],[25.06957198,-14.62633098],[25.06894797,-14.62601401],[25.06782094,-14.62531706],[25.06584089,-14.62549305],[25.06462586,-14.62638998],[25.0629038,-14.62759888],[25.06078075,-14.62801484],[25.0587247,-14.62774687],[25.05665664,-14.62735789],[25.05465259,-14.62713291],[25.05287854,-14.62682494],[25.05196652,-14.62647097],[25.05074548,-14.62619399],[25.04923144,-14.62544105],[25.0476344,-14.62427715],[25.04532134,-14.6223653],[25.04254227,-14.6199685],[25.04030121,-14.61813565],[25.03867417,-14.61683876],[25.03657011,-14.61521789],[25.03526007,-14.61440396],[25.03326302,-14.61258611],[25.03061895,-14.61102724],[25.02810488,-14.61068826],[25.02622283,-14.60990633],[25.02387477,-14.60860743],[25.02072669,-14.60831745],[25.01898365,-14.60763951],[25.01779361,-14.60714555],[25.01634957,-14.60626062],[25.01485953,-14.60568467],[25.01235147,-14.60494373],[25.01033941,-14.60341186],[25.00882837,-14.60093006],[25.00802035,-14.59859625],[25.00623131,-14.59600947],[25.00394024,-14.59388964],[25.00260121,-14.59235676],[25.00091516,-14.59115787],[24.99894311,-14.59008195],[24.99735407,-14.58875106],[24.99504601,-14.58793913],[24.99276895,-14.58757116],[24.9909049,-14.5870402],[24.98844783,-14.58650824],[24.98670079,-14.58502937],[24.98543675,-14.58245958],[24.98446773,-14.57947382],[24.9835707,-14.57707902],[24.98272368,-14.57476921],[24.98111764,-14.57264839],[24.98507375,-14.56674187],[24.98617478,-14.56121333],[24.97906559,-14.56083136],[24.97412146,-14.55912849],[24.97537449,-14.55564579],[24.98020462,-14.54993226],[24.98133965,-14.54623756],[24.97834858,-14.54351179],[24.97920159,-14.54028405],[24.97684954,-14.53746129],[24.97345244,-14.53409156],[24.97520549,-14.53279667],[24.97700154,-14.53147277],[24.98041663,-14.52993291],[24.97999662,-14.52684616],[24.98122866,-14.51958176],[24.97986862,-14.51325728],[24.98088165,-14.51009854],[24.98623779,-14.50686781],[24.98916887,-14.50374707],[24.99233596,-14.50266716],[24.99519303,-14.50127927],[24.99853612,-14.49926344],[25.00283023,-14.49720661],[25.00694035,-14.49266798],[25.0090424,-14.49024418],[25.01050944,-14.48666748],[25.01015043,-14.48406869],[25.00997543,-14.48222284],[25.01066145,-14.4790891],[25.01073845,-14.47754923],[25.01099545,-14.47463447],[25.01112346,-14.47387253],[25.01155647,-14.47130774],[25.0125505,-14.46997185],[25.01526657,-14.4694559],[25.01787764,-14.46914692],[25.02075172,-14.46807701],[25.02305078,-14.46650014],[25.02578785,-14.46369237],[25.02836992,-14.46147556],[25.03174201,-14.45945672],[25.03540311,-14.4574109],[25.0388532,-14.45568304],[25.04080226,-14.45442914],[25.0427423,-14.45321824],[25.04529237,-14.45205234],[25.04751243,-14.45027049],[25.04808145,-14.44785468],[25.04860946,-14.4452719],[25.04880947,-14.44305808],[25.04968549,-14.44090826],[25.05104953,-14.43950737],[25.05266857,-14.43849446],[25.05461963,-14.43754754],[25.05640467,-14.43614965],[25.05981776,-14.43532672],[25.06284485,-14.43414782],[25.06437989,-14.43292492],[25.06586993,-14.43063611],[25.06658094,-14.4283303],[25.06758998,-14.42664344],[25.06781298,-14.42653645],[25.07068006,-14.42516156],[25.07064805,-14.42412365],[25.06995104,-14.42323972],[25.06974203,-14.4210819],[25.07057305,-14.41913806],[25.07147008,-14.41711422],[25.07118707,-14.41420946],[25.06968403,-14.41247661],[25.068424,-14.41079175],[25.06775798,-14.40809897],[25.06800599,-14.40705006],[25.06893901,-14.40515421],[25.07039205,-14.40216546],[25.07149408,-14.39903272],[25.07101007,-14.3967919],[25.07139308,-14.39428611],[25.0722001,-14.39131336],[25.07310613,-14.38916653],[25.07497918,-14.38743467],[25.07619821,-14.38530685],[25.07687723,-14.38329602],[25.07859728,-14.38244809],[25.08216837,-14.3810842],[25.08461144,-14.37934435],[25.08559546,-14.3762316],[25.08457744,-14.37432676],[25.08355841,-14.37231793],[25.08436743,-14.37043908],[25.08462744,-14.36850324],[25.08391542,-14.36638241],[25.08363141,-14.36317968],[25.08516645,-14.36167481],[25.08783152,-14.35985495],[25.0906586,-14.35734017],[25.09316066,-14.35607327],[25.09547073,-14.35486037],[25.09704577,-14.3533085],[25.09852981,-14.35165263],[25.10046986,-14.3508427],[25.10068387,-14.34919184],[25.09974684,-14.34740298],[25.09913683,-14.34562413],[25.10078687,-14.34492619],[25.10325294,-14.3447762],[25.10694704,-14.34455022],[25.1092381,-14.34447723],[25.11070714,-14.34408726],[25.11288119,-14.34394428],[25.11413823,-14.34386928],[25.11433323,-14.34229941],[25.1131562,-14.34143548],[25.11211818,-14.33948264],[25.11147516,-14.3375138],[25.11075614,-14.335162],[25.1091481,-14.33296418],[25.10953611,-14.33105034],[25.11236618,-14.32882352],[25.11349721,-14.32712466],[25.11393622,-14.32523982],[25.11369622,-14.32355296],[25.11222518,-14.32152513],[25.11001212,-14.32095017],[25.10659603,-14.32068319],[25.10438597,-14.31991726],[25.10340695,-14.31778844],[25.10367195,-14.31606658],[25.10474198,-14.31446171],[25.10660203,-14.31284184],[25.10868909,-14.31177293],[25.11084615,-14.310955],[25.11403523,-14.3097191],[25.11716132,-14.3085782],[25.1200974,-14.30779826],[25.12334348,-14.30718731],[25.12745359,-14.30659036],[25.13000966,-14.30632439],[25.13327874,-14.30558145],[25.13378876,-14.30431955],[25.13405577,-14.30243471],[25.1353348,-14.30047887],[25.13650483,-14.29928997],[25.13678284,-14.29833405],[25.13620682,-14.29706015],[25.1352398,-14.29575426],[25.13425777,-14.29446636],[25.13365276,-14.29310948],[25.13341475,-14.29143661],[25.13411977,-14.28969176],[25.13483779,-14.28789891],[25.13472479,-14.28612905],[25.13453978,-14.28488616],[25.13348275,-14.28361427],[25.13107069,-14.28218938],[25.12906364,-14.28171942],[25.12611656,-14.28215038],[25.12426451,-14.28274133],[25.12207345,-14.2830823],[25.11923137,-14.28357726],[25.11606129,-14.28397323],[25.11446825,-14.28463917],[25.11194818,-14.28543111],[25.10989213,-14.28524612],[25.10953012,-14.2831103],[25.10990413,-14.28081949],[25.11042614,-14.27895664],[25.11462825,-14.27633486],[25.10018788,-14.25481263],[25.10353497,-14.2431986],[25.08835756,-14.24269564],[25.10131691,-14.22949573],[25.09395272,-14.21585986],[25.08792155,-14.21546289],[25.08478947,-14.21500093],[25.08320643,-14.21525291],[25.08164339,-14.21584586],[25.07915232,-14.21644381],[25.07672826,-14.21756172],[25.07501221,-14.2189596],[25.07299616,-14.22021749],[25.07193713,-14.22068445],[25.07015408,-14.22121641],[25.06908205,-14.22209234],[25.06776602,-14.22281928],[25.0632739,-14.21861862],[25.06073083,-14.21707275],[25.05789076,-14.21598284],[25.05430866,-14.21431298],[25.05051156,-14.21388101],[25.04663946,-14.2128561],[25.04279735,-14.21025431],[25.03929426,-14.20846346],[25.03578617,-14.2079425],[25.03232208,-14.20840646],[25.02921499,-14.20947638],[25.02608091,-14.21206816],[25.02300883,-14.21315007],[25.02012875,-14.21131522],[25.01738568,-14.20937538],[25.01495962,-14.20906041],[25.01338357,-14.21050428],[25.01365458,-14.21266411],[25.01535962,-14.21564486],[25.01238055,-14.21578685],[25.01000948,-14.21466494],[25.00786143,-14.21385801],[25.00396732,-14.21236713],[25.00081824,-14.21231313],[24.99768016,-14.21470693],[24.99423706,-14.21667877],[24.99155199,-14.21461894],[24.99030596,-14.21184217],[24.9878269,-14.21132821],[24.98504182,-14.21274209],[24.98225274,-14.21200316],[24.98027869,-14.20970335],[24.97874566,-14.20756352],[24.97702661,-14.20608164],[24.97633859,-14.20636362],[24.97410853,-14.20747253],[24.97259249,-14.20601365],[24.97261349,-14.20352385],[24.9689074,-14.19944719],[24.96631332,-14.19744336],[24.96344625,-14.19730137],[24.96229422,-14.1945726],[24.95888013,-14.19479058],[24.95310997,-14.19517854],[24.94757483,-14.19043093],[24.9466518,-14.19017495],[24.94421774,-14.18950201],[24.94029964,-14.1908449],[24.93641053,-14.18892405],[24.93476849,-14.18543434],[24.92980536,-14.18529335],[24.92166114,-14.18549134],[24.91593999,-14.18321052],[24.91593299,-14.18148067],[24.91857306,-14.17817794],[24.91838005,-14.17795696],[24.91573099,-14.17495221],[24.9088358,-14.17472723],[24.90579272,-14.17062156],[24.90250063,-14.17034058],[24.9012156,-14.16639691],[24.89714649,-14.16642191],[24.89118033,-14.1677248],[24.88517217,-14.16327417],[24.87843499,-14.16393111],[24.87356987,-14.16581395],[24.86906774,-14.1640031],[24.86512564,-14.16536499],[24.86324459,-14.16273021],[24.86087553,-14.15904851],[24.85449536,-14.15949347],[24.85247731,-14.15621075],[24.84898521,-14.15444989],[24.84689616,-14.15383194],[24.84550412,-14.15179611],[24.84181902,-14.15047222],[24.83781292,-14.15131115],[24.83242277,-14.15385693],[24.82896268,-14.15145613],[24.82285152,-14.15312799],[24.81544332,-14.15514883],[24.81201223,-14.15221907],[24.81036819,-14.14896234],[24.80644008,-14.14618756],[24.80551506,-14.14166694],[24.79786686,-14.14191392],[24.79426376,-14.13656936],[24.79113768,-14.1312248],[24.79097168,-14.12618622],[24.78878762,-14.12559027],[24.77950237,-14.12446336],[24.77504125,-14.12560226],[24.76975911,-14.12960293],[24.76468197,-14.13135278],[24.76353695,-14.12804206],[24.76554,-14.12523929],[24.76452198,-14.12048468],[24.75883983,-14.11896181],[24.7504066,-14.12012071],[24.74821154,-14.11602405],[24.74938657,-14.11387923],[24.75002359,-14.11271033],[24.75143063,-14.10556792],[24.7463725,-14.10259916],[24.74041934,-14.10250217],[24.73684124,-14.10009437],[24.73650024,-14.0961157],[24.73621423,-14.09109111],[24.73555021,-14.08671847],[24.74022734,-14.08733642],[24.74417544,-14.08559857],[24.74465446,-14.08203286],[24.74565548,-14.07790421],[24.74819655,-14.07528643],[24.74867456,-14.06939392],[24.75045861,-14.0647623],[24.74749954,-14.06119659],[24.74834856,-14.0586468],[24.7497776,-14.05424417],[24.74758354,-14.04916159],[24.74700253,-14.04331308],[24.7461705,-14.03662963],[24.74516948,-14.03279795],[24.74466146,-14.02637848],[24.74079536,-14.02425066],[24.73779329,-14.02318774],[24.73272915,-14.0237387],[24.72958607,-14.02783236],[24.72604397,-14.02680444],[24.72777402,-14.02265478],[24.72966607,-14.0188091],[24.72760802,-14.01216565],[24.727049,-14.00636213],[24.72262889,-14.00326139],[24.71632172,-14.00602816],[24.71396966,-14.0031534],[24.71453668,-14.00119456],[24.71507369,-13.99944771],[24.7154477,-13.99767785],[24.7155167,-13.99609498],[24.71323764,-13.99625797],[24.70987455,-13.99574201],[24.7079235,-13.99477709],[24.70590345,-13.99385716],[24.70608445,-13.99135837],[24.70551644,-13.98824063],[24.70478542,-13.9861718],[24.70325738,-13.98396998],[24.70090831,-13.98392699],[24.69818224,-13.98454793],[24.6965612,-13.983841],[24.69465315,-13.98269809],[24.69246609,-13.98169117],[24.69046704,-13.97997431],[24.69046704,-13.97838944],[24.69149707,-13.97604364],[24.69064605,-13.97430678],[24.69041004,-13.97239994],[24.69007803,-13.97019512],[24.68923101,-13.96892823],[24.68753896,-13.96909622],[24.68627093,-13.97003514],[24.68450988,-13.971696],[24.68195381,-13.97353185],[24.67955475,-13.97340586],[24.67792971,-13.9704211],[24.6776437,-13.96692639],[24.67717069,-13.96435861],[24.67631967,-13.96148985],[24.67363759,-13.96064591],[24.67070252,-13.96069891],[24.66936348,-13.96118087],[24.66652141,-13.96237877],[24.66537337,-13.96371166],[24.6662214,-13.9668274],[24.66664941,-13.96871524],[24.66507536,-13.97032411],[24.66267831,-13.97014312],[24.65969323,-13.9692702],[24.65692115,-13.96914121],[24.65436208,-13.96974215],[24.65086199,-13.97132902],[24.6476929,-13.97305688],[24.64699188,-13.97561067],[24.64737289,-13.97796947],[24.64669188,-13.97987731],[24.64297678,-13.97937535],[24.6399917,-13.9776875],[24.6364456,-13.97708954],[24.63595559,-13.97899739],[24.63548758,-13.98136019],[24.63497456,-13.9847819],[24.63587359,-13.98836761],[24.63837165,-13.99244727],[24.63994769,-13.99501806],[24.64215775,-13.9968749],[24.6440408,-13.99847977],[24.64489183,-14.00136453],[24.64317678,-14.00353635],[24.64313078,-14.00617613],[24.65186301,-14.00313138],[24.65341205,-14.00638712],[24.65052397,-14.01105273],[24.64669187,-14.01557335],[24.64327978,-14.02074792],[24.6405747,-14.02324772],[24.63970368,-14.02305773],[24.63729461,-14.02171984],[24.63342752,-14.01990999],[24.63331951,-14.01625629],[24.63419254,-14.01322254],[24.63019843,-14.00983582],[24.6287934,-14.00661609],[24.62585932,-14.00302439],[24.6252723,-14.00151751],[24.62454128,-14.00014063],[24.62463328,-13.99854776],[24.62460628,-13.99648793],[24.62293524,-13.99532202],[24.62008917,-13.99339618],[24.62011017,-13.99008246],[24.62111419,-13.9859568],[24.6210162,-13.98340001],[24.62096519,-13.98104521],[24.62058318,-13.97773648],[24.62175622,-13.97582764],[24.62471529,-13.97454075],[24.62590933,-13.97107504],[24.62602533,-13.96973615],[24.62559632,-13.96712436],[24.62455829,-13.96459758],[24.62317226,-13.9618638],[24.62091319,-13.96225977],[24.61963016,-13.96604746],[24.61782011,-13.96830326],[24.613568,-13.96863224],[24.61016191,-13.96799429],[24.60766884,-13.96749533],[24.60630281,-13.96503754],[24.60580479,-13.96171081],[24.60441276,-13.9582511],[24.6021527,-13.95636425],[24.59997564,-13.95873106],[24.59563052,-13.96163381],[24.58997337,-13.9654095],[24.58901235,-13.96706136],[24.59362047,-13.96923318],[24.5985796,-13.97037509],[24.60100366,-13.97170098],[24.60114867,-13.97606662],[24.60120667,-13.98092922],[24.60184368,-13.98394396],[24.60224569,-13.98650675],[24.60069866,-13.98855858],[24.59616453,-13.98948451],[24.59193242,-13.98819961],[24.58854833,-13.98767665],[24.58695429,-13.99010945],[24.5874993,-13.99373815],[24.5875743,-13.99621794],[24.58520124,-13.99603696],[24.58333919,-13.99293922],[24.58303018,-13.98993746],[24.58124114,-13.9882356],[24.57832706,-13.98755166],[24.57916808,-13.98425393],[24.57745004,-13.98139817],[24.57488597,-13.98023727],[24.57202289,-13.98258107],[24.56798478,-13.98511586],[24.56448869,-13.98743766],[24.56143361,-13.98756265],[24.55910454,-13.98395296],[24.56135261,-13.98110719],[24.56365167,-13.97798045],[24.56484571,-13.97467672],[24.56441669,-13.97100003],[24.5610326,-13.96990612],[24.55149335,-13.96973113],[24.54855227,-13.96866422],[24.5456132,-13.96634741],[24.53905002,-13.96210776],[24.53648396,-13.95855406],[24.53516492,-13.95607526],[24.53182483,-13.95398943],[24.52975278,-13.95098968],[24.52814874,-13.94676203],[24.52649769,-13.9423184],[24.52425963,-13.93862171],[24.52165057,-13.93688585],[24.51758246,-13.93582794],[24.51290534,-13.93468803],[24.51033927,-13.9314143],[24.50899523,-13.92787459],[24.50687417,-13.92346996],[24.50564714,-13.92046421],[24.50458912,-13.91720548],[24.50270207,-13.91518865],[24.499998,-13.91303383],[24.49702592,-13.91154395],[24.49510186,-13.91044404],[24.49336782,-13.90961611],[24.49050875,-13.91101699],[24.48905471,-13.91383875],[24.48704065,-13.91799441],[24.48929371,-13.92184809],[24.4890127,-13.92451687],[24.48694965,-13.92853354],[24.48624763,-13.9313793],[24.48057647,-13.93574393],[24.47684937,-13.93799575],[24.47352329,-13.93996159],[24.47122423,-13.9421734],[24.47277327,-13.94475818],[24.47544533,-13.94804791],[24.47940944,-13.95224456],[24.48363055,-13.95504834],[24.48128649,-13.95691018],[24.4782154,-13.95821607],[24.47531033,-13.95922298],[24.47212124,-13.95817107],[24.46916617,-13.95854104],[24.46644809,-13.96097484],[24.463074,-13.96349763],[24.46131596,-13.96227873],[24.45824288,-13.95842205],[24.45486679,-13.95672819],[24.45184171,-13.95401741],[24.44816061,-13.95234755],[24.44464352,-13.95085167],[24.4404464,-13.95106066],[24.43787033,-13.95358544],[24.43697931,-13.95603824],[24.43597228,-13.95969194],[24.43564628,-13.96348362],[24.43531826,-13.96566444],[24.43419224,-13.96678535],[24.43121715,-13.96754128],[24.42823907,-13.96793425],[24.42355095,-13.9685102],[24.41860282,-13.96787125],[24.41700878,-13.96525547],[24.41628176,-13.96226772],[24.41576475,-13.95893699],[24.41552874,-13.95604923],[24.41473172,-13.95175259],[24.4139087,-13.94840087],[24.41203265,-13.94613305],[24.40771954,-13.94625005],[24.40300841,-13.94748794],[24.39965732,-13.9503817],[24.39609423,-13.95286049],[24.39215712,-13.95673517],[24.38969705,-13.95972592],[24.38625196,-13.96208972],[24.38278087,-13.96071384],[24.37938178,-13.95943094],[24.37591169,-13.95890299],[24.37420064,-13.95858401],[24.37204358,-13.95667317],[24.36939252,-13.95497631],[24.36681345,-13.95458934],[24.36479939,-13.95589223],[24.36329835,-13.95560026],[24.36165631,-13.95410738],[24.36003827,-13.95251951],[24.35710919,-13.95234553],[24.35127004,-13.94999772],[24.34922899,-13.94846384],[24.34644091,-13.94646701],[24.34346283,-13.94570808],[24.33936072,-13.94529211],[24.3350226,-13.94495113],[24.33347457,-13.94374123],[24.33227853,-13.94210337],[24.33012048,-13.94059649],[24.33059049,-13.93912861],[24.33237154,-13.93777073],[24.3349026,-13.93526494],[24.33551162,-13.93278114],[24.33696466,-13.93081331],[24.33996274,-13.92808254],[24.34188579,-13.92495779],[24.34007975,-13.92353291],[24.33932773,-13.92076014],[24.33876571,-13.91793238],[24.33735767,-13.9164685],[24.33508161,-13.91437167],[24.33400459,-13.91194487],[24.3343536,-13.90859315],[24.33271355,-13.90587737],[24.32816243,-13.9068243],[24.3233363,-13.90655232],[24.32181027,-13.90271663],[24.32005222,-13.89966489],[24.31758915,-13.89668713],[24.31285303,-13.89551623],[24.30921993,-13.89913993],[24.30863591,-13.90476446],[24.3080519,-13.91008602],[24.3082639,-13.91358273],[24.30835791,-13.9164045],[24.30334277,-13.91796836],[24.29806663,-13.91528059],[24.29377752,-13.9139297],[24.29094145,-13.91493461],[24.29096245,-13.91830834],[24.29537356,-13.92143007],[24.29792963,-13.92285196],[24.29849264,-13.92430584],[24.29957167,-13.9272166],[24.3047998,-13.92921243],[24.30965293,-13.93125326],[24.31155199,-13.93483097],[24.31127398,-13.94024852],[24.31026695,-13.94415719],[24.30768788,-13.94489013],[24.30405279,-13.94117244],[24.30098171,-13.93630084],[24.29847164,-13.93435901],[24.29629158,-13.93609586],[24.29512055,-13.94007253],[24.29627058,-13.9428223],[24.29840464,-13.94434217],[24.30004668,-13.94601804],[24.29739761,-13.94863282],[24.29406952,-13.946457],[24.29113744,-13.94440816],[24.28762035,-13.94381622],[24.28365824,-13.94411419],[24.27906412,-13.94420518],[24.27282495,-13.93996353],[24.27195894,-13.93532692],[24.27122991,-13.93094228],[24.26904986,-13.92864847],[24.26583577,-13.92618667],[24.2632797,-13.9235019],[24.26149866,-13.9197862],[24.26236468,-13.9173764],[24.25985662,-13.91595452],[24.25371445,-13.91645447],[24.25024436,-13.91905926],[24.24712827,-13.92322892],[24.24459721,-13.92715459],[24.24239415,-13.92670062],[24.2403051,-13.92261696],[24.23777403,-13.9197682],[24.23549897,-13.9172644],[24.23992809,-13.91618849],[24.24309417,-13.91457763],[24.24522623,-13.91200584],[24.24698328,-13.90856613],[24.24719329,-13.90668628],[24.24644327,-13.90567537],[24.24569225,-13.90470845],[24.24355919,-13.90438748],[24.24191915,-13.90601934],[24.23898907,-13.90691726],[24.23603499,-13.90806017],[24.2328229,-13.90911808],[24.22946982,-13.90762621],[24.22714975,-13.9088381],[24.22417467,-13.91416866],[24.2214336,-13.91660045],[24.21932354,-13.91752538],[24.21726049,-13.91890026],[24.21447141,-13.92165404],[24.21095632,-13.92124007],[24.20816524,-13.91979719],[24.20577418,-13.91855429],[24.2027031,-13.91768436],[24.198787,-13.91791534],[24.19651293,-13.92014016],[24.19756996,-13.92282793],[24.19848599,-13.9255627],[24.19571991,-13.92875244],[24.19309484,-13.93075027],[24.19131379,-13.93295709],[24.18922874,-13.93582085],[24.18568864,-13.93732173],[24.18254756,-13.93786668],[24.17720242,-13.93977252],[24.1727493,-13.93927256],[24.16829318,-13.93591684],[24.16400407,-13.93378301],[24.16022897,-13.93295808],[24.15682988,-13.933968],[24.15556484,-13.93645379],[24.15610486,-13.93890559],[24.15715989,-13.94126939],[24.15439381,-13.94139138],[24.15294077,-13.94377918],[24.15254376,-13.94693692],[24.15214575,-13.94856779],[24.14959168,-13.95100758],[24.14818564,-13.95302941],[24.14483655,-13.95890792],[24.14209348,-13.96146971],[24.14038243,-13.9640005],[24.13874239,-13.96659629],[24.13569631,-13.97063295],[24.13468528,-13.97062895],[24.13112618,-13.97060895],[24.12880412,-13.96923506],[24.12381099,-13.96966802],[24.11942787,-13.96981101],[24.11541677,-13.96726922],[24.11239169,-13.96469844],[24.10880559,-13.96369052],[24.10423347,-13.96460144],[24.10444348,-13.9602188],[24.10645754,-13.95496424],[24.10720656,-13.94998365],[24.10605653,-13.94562301],[24.10106339,-13.94364318],[24.09721829,-13.94384816],[24.09264817,-13.94502206],[24.09154714,-13.94865776],[24.09190015,-13.95388133],[24.09068311,-13.95875392],[24.086346,-13.95887391],[24.0825479,-13.95866093],[24.07863379,-13.96098174],[24.07858879,-13.96428946],[24.08119186,-13.96873909],[24.08231689,-13.97399565],[24.08225088,-13.97974218],[24.07610872,-13.98561269],[24.07280363,-13.98759053],[24.06982755,-13.98986834],[24.06553643,-13.99129121],[24.05984229,-13.98997832],[24.05693321,-13.98703557],[24.05730722,-13.98323188],[24.06100932,-13.97882125],[24.06295537,-13.97425163],[24.06182834,-13.97040295],[24.05699822,-13.96883807],[24.05209809,-13.96833212],[24.04740996,-13.96943603],[24.04347286,-13.97189182],[24.03834072,-13.97591348],[24.03585465,-13.97834828],[24.03299757,-13.98608564],[24.03081952,-13.99044727],[24.0303295,-13.99434295],[24.02852445,-13.9985956],[24.02531236,-13.99953752],[24.01971122,-13.99871158],[24.01537311,-13.99660276],[24.01211402,-13.99512888],[24.00850292,-13.99501389],[24.00665287,-13.99756168],[24.00855292,-14.00139936],[24.01447508,-14.00497006],[24.02112425,-14.00691991],[24.02094825,-14.01037262],[24.01832218,-14.01328438],[24.01434907,-14.01491524],[24.00718888,-14.01426529],[24.00360079,-14.01213547],[23.99789963,-14.01115555],[23.99265849,-14.0081248],[23.98784337,-14.00576399],[23.98093518,-14.00305322],[23.96728182,-14.00512604],[23.96516677,-14.00412412],[23.9625977,-14.00143734],[23.96279571,-13.99977948],[23.96163967,-13.99647676],[23.9586166,-13.99363699],[23.95542751,-13.99201512],[23.95281244,-13.9910492],[23.95074639,-13.98974731],[23.94869033,-13.98790746],[23.94514624,-13.98637259],[23.94089313,-13.9862196],[23.93807805,-13.98707853],[23.93549098,-13.99052124],[23.93551098,-13.99429593],[23.93484296,-13.99710169],[23.9325049,-14.00107336],[23.92426668,-13.99678572],[23.9210486,-13.99196012],[23.9173085,-13.9885154],[23.91326839,-13.98712851],[23.9098353,-13.98827542],[23.90534718,-13.99044924],[23.90193109,-13.99067821],[23.89731497,-13.98874937],[23.89283785,-13.98569562],[23.88954576,-13.98336382],[23.88533866,-13.98205792],[23.87702243,-13.98153097],[23.87481337,-13.98392277],[23.87308733,-13.98666954],[23.87082727,-13.99036723],[23.87032725,-13.99295702],[23.86928222,-13.9956678],[23.86794819,-13.99775562],[23.86560613,-13.99959346],[23.86336507,-13.99994044],[23.86013798,-14.0002914],[23.85804692,-14.00130032],[23.85567586,-14.00383711],[23.85320579,-14.00562196],[23.8497657,-14.00766879],[23.84647661,-14.00896468],[23.84496857,-14.00897168],[23.8420865,-14.00815475],[23.84019045,-14.00645389],[23.83915242,-14.00552197],[23.83507431,-14.00120232],[23.83228424,-13.99733464],[23.82982118,-13.99235305],[23.82937517,-13.98882535],[23.83006019,-13.98394675],[23.83027719,-13.98018207],[23.82938317,-13.97674335],[23.82832215,-13.97339863],[23.82762213,-13.97237171],[23.8267701,-13.97111482],[23.82418504,-13.96984692],[23.82144596,-13.96922397],[23.81711485,-13.96817405],[23.81235772,-13.96741212],[23.8076476,-13.96775909],[23.80427951,-13.97038187],[23.80203445,-13.97439553],[23.80184344,-13.97922513],[23.80129042,-13.9832478],[23.79867935,-13.98680551],[23.79490325,-13.98864035],[23.7892641,-13.98958727],[23.78347395,-13.98864035],[23.77721178,-13.98668551],[23.77078961,-13.9855996],[23.76478345,-13.98715847],[23.76042634,-13.98879733],[23.75727725,-13.99098714],[23.75381016,-13.99489582],[23.74942504,-14.00137328],[23.74704997,-14.01027554],[23.74393689,-14.01614106],[23.74167683,-14.01988775],[23.73846074,-14.02464335],[23.73432763,-14.02942095],[23.72813046,-14.03349462],[23.72119928,-14.03436154],[23.71646315,-14.03466951],[23.71044499,-14.0358834],[23.70559086,-14.03810322],[23.69967371,-14.03872217],[23.69848768,-14.03409155],[23.69711964,-14.028661],[23.69361755,-14.02459734],[23.68801041,-14.01952876],[23.68283127,-14.01588906],[23.67806314,-14.01502513],[23.66948791,-14.01749692],[23.66690884,-14.02033568],[23.66423677,-14.02468432],[23.6614577,-14.02685814],[23.65897963,-14.02910195],[23.65676557,-14.03107879],[23.65312547,-14.0321767],[23.6503464,-14.03227968],[23.64569028,-14.03188872],[23.6430012,-14.03242367],[23.63954511,-14.03383656],[23.63700804,-14.03530043],[23.63385196,-14.03727626],[23.63062987,-14.03887213],[23.62738379,-14.03873814],[23.62389869,-14.03693229],[23.6204026,-14.03549041],[23.61846655,-14.03468948],[23.61452145,-14.03388554],[23.61098535,-14.03427451],[23.60737325,-14.03510444],[23.60206511,-14.03602836],[23.59866803,-14.03645332],[23.59628496,-14.03704727],[23.59366489,-14.03761123],[23.59346088,-14.04074797],[23.59329788,-14.04414368],[23.59243585,-14.04710144],[23.58931577,-14.05005119],[23.58386263,-14.05303394],[23.58006652,-14.05527076],[23.57752445,-14.0571446],[23.57446237,-14.06094228],[23.57002226,-14.06385004],[23.56683517,-14.06645483],[23.56366708,-14.06930559],[23.55954897,-14.07298028],[23.55788593,-14.07417418],[23.55641689,-14.07492211],[23.55473084,-14.07599803],[23.54960571,-14.07910877],[23.54601961,-14.08156256],[23.54332254,-14.08261747],[23.54024945,-14.08368239],[23.53474531,-14.08706311],[23.53334327,-14.08989487],[23.53289326,-14.09340158],[23.53213023,-14.09632634],[23.53004718,-14.09813618],[23.52886815,-14.0991611],[23.52480204,-14.09872614],[23.52162796,-14.09838316],[23.51887388,-14.09837416],[23.51493878,-14.09874513],[23.5120797,-14.09954206],[23.51016065,-14.10049898],[23.50706057,-14.10175288],[23.49990438,-14.10440565],[23.49727831,-14.10512859],[23.49426822,-14.10541957],[23.49099314,-14.10535457],[23.48688803,-14.10486062],[23.48260192,-14.10361771],[23.47939983,-14.10242781],[23.47628275,-14.10195585],[23.47292466,-14.10220583],[23.46933857,-14.10327574],[23.46559447,-14.1036507],[23.46205937,-14.10306575],[23.46055234,-14.1024768],[23.4556122,-14.100041],[23.45322414,-14.10014799],[23.44950904,-14.10101092],[23.44602995,-14.10231581],[23.44205684,-14.10474561],[23.43841774,-14.1060295],[23.43544366,-14.10656945],[23.43332061,-14.10717141],[23.42990652,-14.10809033],[23.4255944,-14.10850429],[23.42354935,-14.1083793],[23.41876922,-14.10877427],[23.41568314,-14.10977718],[23.41287207,-14.11090509],[23.40930097,-14.11280593],[23.40644389,-14.11560669],[23.40525586,-14.11850745],[23.40347181,-14.12204916],[23.40224578,-14.12531289],[23.40103274,-14.12829864],[23.3995297,-14.13137139],[23.39769065,-14.13355521],[23.39383755,-14.13537005],[23.39111747,-14.1372179],[23.38883041,-14.14045163],[23.3883064,-14.14379835],[23.38728737,-14.14829098],[23.38661235,-14.15348255],[23.38551032,-14.1577222],[23.38383127,-14.16154888],[23.38158221,-14.16444764],[23.37866013,-14.16715641],[23.37570605,-14.16894127],[23.37112093,-14.17079611],[23.36757684,-14.1708871],[23.3621827,-14.17021916],[23.35729156,-14.16981818],[23.35260944,-14.16902125],[23.34790732,-14.16815832],[23.34580326,-14.16828131],[23.34052212,-14.17040213],[23.33769104,-14.17095809],[23.33511497,-14.16997717],[23.33326293,-14.16700341],[23.33247891,-14.16500857],[23.33090686,-14.16211282],[23.3284938,-14.16385567],[23.32620474,-14.16659144],[23.32498671,-14.16914623],[23.32362867,-14.17171601],[23.3210036,-14.17233797],[23.31667948,-14.17087108],[23.3135514,-14.17011614],[23.31112334,-14.16907123],[23.30869127,-14.16745736],[23.30556519,-14.16616747],[23.30162108,-14.16571151],[23.29745098,-14.16668443],[23.29512391,-14.16756135],[23.29306586,-14.17097807],[23.29542692,-14.17143803],[23.29887001,-14.17206298],[23.30088807,-14.17334687],[23.30074506,-14.17610165],[23.29897701,-14.17828647],[23.29647994,-14.18032429],[23.2945999,-14.18233813],[23.2911448,-14.18643479],[23.28859473,-14.18920156],[23.28592866,-14.19084242],[23.28265958,-14.19174534],[23.2796605,-14.19179834],[23.2762194,-14.19175534],[23.27353033,-14.19014647],[23.27049725,-14.18773767],[23.26716116,-14.18577983],[23.26352407,-14.18429495],[23.26022398,-14.183702],[23.25671289,-14.18365001],[23.25322079,-14.18527087],[23.25121174,-14.18703472],[23.24844767,-14.18982149],[23.24653261,-14.19266025],[23.24500757,-14.195729],[23.24348653,-14.19980866],[23.24104946,-14.20381133],[23.23819939,-14.20529921],[23.23720736,-14.20498823],[23.2348273,-14.20424329],[23.23203322,-14.20286141],[23.22841313,-14.20096356],[23.22485003,-14.19880873],[23.22173895,-14.19658492],[23.2194919,-14.19350018],[23.21778685,-14.18986147],[23.21696683,-14.18646475],[23.21757285,-14.1822791],[23.22147195,-14.17613161],[23.22268699,-14.17313986],[23.22217397,-14.17029209],[23.21964591,-14.16768131],[23.21639082,-14.16445758],[23.21334474,-14.16288071],[23.21013966,-14.16226675],[23.20680157,-14.16311668],[23.2040725,-14.16567147],[23.20151843,-14.16909019],[23.19999039,-14.17222193],[23.19927537,-14.17459373],[23.19985538,-14.17751749],[23.20203744,-14.17939833],[23.20333847,-14.18201212],[23.20268045,-14.1846529],[23.20009539,-14.18608878],[23.1970093,-14.18439392],[23.19417523,-14.18174413],[23.19228618,-14.18071722],[23.1893031,-14.18041825],[23.18626502,-14.18144116],[23.18328194,-14.18279204],[23.18019385,-14.18382996],[23.17951884,-14.18143816],[23.1817639,-14.17538465],[23.18508999,-14.16721034],[23.18806407,-14.15902502],[23.18966412,-14.15149064],[23.19107316,-14.14455521],[23.19204019,-14.13916166],[23.19642031,-14.13332915],[23.20263047,-14.12884752],[23.20782661,-14.12645672],[23.21425578,-14.12345597],[23.22009294,-14.11179594],[23.22086897,-14.10642139],[23.22320703,-14.09981693],[23.22529009,-14.09583127],[23.22759615,-14.09161962],[23.23431433,-14.08412324],[23.23605538,-14.0809445],[23.23850145,-14.07565494],[23.2405625,-14.07167327],[23.24142153,-14.06984342],[23.24171353,-14.06589475],[23.24213055,-14.06002224],[23.24245356,-14.05418173],[23.24267857,-14.04957111],[23.24269757,-14.04425355],[23.24258057,-14.04152477],[23.24264358,-14.03736412],[23.24114053,-14.03504231],[23.23940149,-14.0327595],[23.23641041,-14.02883882],[23.23361834,-14.02416621],[23.23134228,-14.02011254],[23.22965424,-14.01659084],[23.22773919,-14.01342409],[23.22761318,-14.01326711],[23.22572714,-14.01087931],[23.2241881,-14.00832752],[23.22275206,-14.00608271],[23.22330307,-14.00169107],[23.22295806,-13.99804637],[23.220358,-13.9976734],[23.21806294,-13.99830035],[23.2168179,-13.99995521],[23.21582787,-14.00151008],[23.21644589,-14.00628169],[23.2166599,-14.01006637],[23.21581787,-14.01367107],[23.21383982,-14.01685581],[23.20839267,-14.02010454],[23.20233251,-14.0216774],[23.19776438,-14.02261232],[23.19185523,-14.02505512],[23.18747811,-14.026466],[23.18061893,-14.02910278],[23.17651982,-14.03114761],[23.17397775,-14.03214852],[23.17110268,-14.03315244],[23.16698856,-14.03501129],[23.16416949,-14.03585922],[23.1606654,-14.03776605],[23.15580727,-14.03940192],[23.14987011,-14.04032784],[23.14336994,-14.04123676],[23.13745278,-14.04112877],[23.13204164,-14.03972888],[23.12795953,-14.03868397],[23.12362042,-14.0370541],[23.11975931,-14.03309442],[23.11633822,-14.02878678],[23.11294414,-14.02384019],[23.10929204,-14.0188746],[23.10546994,-14.014042],[23.10234886,-14.01091526],[23.10025881,-14.00746954],[23.09924978,-14.00143204],[23.09909278,-13.99944721],[23.09907178,-13.99763536],[23.09890078,-13.99535255],[23.09754274,-13.99252578],[23.09344363,-13.99382767],[23.08875651,-13.99498857],[23.08571643,-13.99533554],[23.07611117,-13.99510156],[23.07121104,-13.99297074],[23.06846797,-13.99184283],[23.06378485,-13.9921018],[23.05930273,-13.99356568],[23.05694566,-13.99472858],[23.05380958,-13.99595148],[23.04938246,-13.99709938],[23.0472274,-13.99775933],[23.04479334,-13.99819929],[23.0432443,-13.99898222],[23.04117724,-13.99985315],[23.03912418,-14.00150601],[23.03684912,-14.00394281],[23.03444906,-14.00543268],[23.03073596,-14.00675557],[23.02728487,-14.00803946],[23.02343077,-14.00932636],[23.01968967,-14.00967733],[23.01600857,-14.00971232],[23.01278148,-14.00960333],[23.00902939,-14.00965433],[23.00004415,-14.01019527],[22.9905829,-13.99714935],[22.98956488,-13.9929987],[22.98795684,-13.98668222],[22.98558977,-13.97981379],[22.98226469,-13.97211443],[22.9788356,-13.96540098],[22.97572652,-13.95825757],[22.97134841,-13.95259804],[22.96520725,-13.94769145],[22.95741504,-13.94143796],[22.94708277,-13.93530847],[22.93531847,-13.92907698],[22.92402017,-13.9215626],[22.91400891,-13.91566409],[22.90033255,-13.90605388],[22.84764816,-13.87489544],[22.80116291,-13.92705109],[22.79821583,-13.92729907],[22.79479574,-13.92768204],[22.79143565,-13.92766503],[22.78907759,-13.92642414],[22.78638251,-13.92693209],[22.78330443,-13.92616816],[22.77950633,-13.92736206],[22.77620325,-13.9292739],[22.77261115,-13.92910991],[22.76973507,-13.92793601],[22.76573697,-13.92728606],[22.76214187,-13.92871894],[22.75903779,-13.92952287],[22.75443967,-13.92855395],[22.75109958,-13.92786901],[22.74784149,-13.92756203],[22.74339738,-13.92620514],[22.72062074,-14.00063395],[22.70720038,-14.00277577],[22.69593908,-14.0011259],[22.69016593,-13.9938225],[22.68636984,-13.99191266],[22.6813307,-13.99154268],[22.67652357,-13.99119272],[22.67302248,-13.98968183],[22.66918038,-13.98711705],[22.66586329,-13.98569917],[22.6625162,-13.98970183],[22.6586481,-13.99374649],[22.65459999,-13.9984111],[22.65068989,-13.99935603],[22.64821482,-13.99593331],[22.6513249,-13.98981382],[22.65411798,-13.98555217],[22.65479701,-13.98052459],[22.65199293,-13.97705087],[22.64631878,-13.97729085],[22.64177266,-13.97694288],[22.63781955,-13.97484805],[22.63738454,-13.97229827],[22.63892558,-13.96967648],[22.63791056,-13.9646879],[22.63641552,-13.9622021],[22.63198641,-13.96174214],[22.62919233,-13.95937733],[22.62918034,-13.95470072],[22.62753829,-13.95092703],[22.6242292,-13.9500801],[22.62118813,-13.95141899],[22.62088912,-13.95154698],[22.61710102,-13.95539266],[22.61223288,-13.95770146],[22.60932681,-13.95816543],[22.61111785,-13.95588961],[22.6090788,-13.95337182],[22.60832078,-13.95136099],[22.61015183,-13.94925916],[22.6089578,-13.94687436],[22.60843779,-13.94413559],[22.60549671,-13.94126083],[22.6010726,-13.94215975],[22.59915654,-13.94555147],[22.59643247,-13.94545148],[22.5939164,-13.94541248],[22.58778624,-13.9475093],[22.58525518,-13.9451445],[22.58657521,-13.94136081],[22.58559818,-13.93878402],[22.58405715,-13.93700817],[22.58320113,-13.93501733],[22.58009704,-13.93510433],[22.57820099,-13.93634122],[22.57649994,-13.93886701],[22.57535392,-13.94013991],[22.57136381,-13.93847604],[22.56761571,-13.93746313],[22.56401462,-13.9353703],[22.56032552,-13.93458636],[22.55722343,-13.93829005],[22.55498237,-13.93999691],[22.55280032,-13.93696316],[22.55118128,-13.93538729],[22.54861621,-13.9340214],[22.54636715,-13.9315796],[22.54322207,-13.92998074],[22.54150102,-13.92942478],[22.5371139,-13.93062768],[22.5366659,-13.92772992],[22.53411783,-13.92585707],[22.53215278,-13.92411222],[22.5327578,-13.92208639],[22.52992672,-13.9231253],[22.52750865,-13.92233736],[22.52714065,-13.92062251],[22.52758466,-13.91849168],[22.52571961,-13.9194966],[22.52360255,-13.91809672],[22.52131349,-13.91542294],[22.51912344,-13.91410804],[22.5177444,-13.91607388],[22.51547834,-13.91708779],[22.51369729,-13.91620087],[22.51260426,-13.91439001],[22.50926218,-13.91228519],[22.51104023,-13.90964741],[22.51524233,-13.90830353],[22.51324728,-13.90601271],[22.51064921,-13.90569074],[22.50787215,-13.90288997],[22.50541708,-13.90026719],[22.502483,-13.89864832],[22.50142297,-13.89580655],[22.49968293,-13.89531259],[22.49785988,-13.89341675],[22.49419579,-13.89200686],[22.4911417,-13.89064098],[22.48798763,-13.88958207],[22.48631858,-13.88831217],[22.48500955,-13.88660831],[22.48543856,-13.88489346],[22.48645158,-13.88345657],[22.4831905,-13.88031884],[22.48089544,-13.87736008],[22.47598731,-13.87443232],[22.47130519,-13.8734494],[22.46765009,-13.87424733],[22.46592205,-13.87495127],[22.46147593,-13.87525124],[22.4603679,-13.87673412],[22.45794784,-13.87682911],[22.45630179,-13.87555922],[22.45413273,-13.8745123],[22.45188768,-13.87261646],[22.44973962,-13.87179252],[22.44748956,-13.87284244],[22.44622053,-13.87415433],[22.44442448,-13.87474528],[22.44268443,-13.87349238],[22.44051738,-13.87247647],[22.43957935,-13.87105559],[22.4376053,-13.8697137],[22.43447522,-13.86994167],[22.43167514,-13.86883177],[22.4301221,-13.86629797],[22.42881607,-13.86303324],[22.42927408,-13.86103541],[22.42756304,-13.85815465],[22.42415995,-13.85784568],[22.42303092,-13.85656078],[22.4186478,-13.85603182],[22.41748977,-13.85368902],[22.41764978,-13.85125222],[22.41768278,-13.84929538],[22.41719377,-13.84641662],[22.41600374,-13.84460177],[22.41506971,-13.84294591],[22.41229064,-13.84197899],[22.41175463,-13.84026613],[22.41153662,-13.83808431],[22.40863755,-13.83861026],[22.40664849,-13.83804731],[22.40424243,-13.83729637],[22.40127335,-13.83507956],[22.40009832,-13.83377766],[22.39829027,-13.83238577],[22.39740825,-13.83166184],[22.39481818,-13.83203281],[22.39258513,-13.8320938],[22.39066007,-13.8332267],[22.38918603,-13.83297973],[22.387916,-13.83166483],[22.38492692,-13.83192081],[22.38204984,-13.83249776],[22.37957478,-13.83301272],[22.37720972,-13.83256176],[22.37478665,-13.83133885],[22.37311261,-13.83032394],[22.37248059,-13.82879506],[22.37150257,-13.82700721],[22.36964252,-13.82583131],[22.36855749,-13.8247294],[22.36797748,-13.82163766],[22.36632543,-13.81937285],[22.3648534,-13.81758199],[22.36281434,-13.81593513],[22.36274934,-13.81294438],[22.36280835,-13.81094454],[22.36007527,-13.81000662],[22.35889024,-13.80922469],[22.35740121,-13.80705886],[22.35526515,-13.80559398],[22.35297408,-13.80484004],[22.35143105,-13.80449607],[22.35002501,-13.80286421],[22.349474,-13.80080638],[22.34803196,-13.79857556],[22.34524089,-13.7969187],[22.34316383,-13.79617376],[22.34123178,-13.79917652],[22.34013375,-13.80152632],[22.33854871,-13.80078938],[22.33768268,-13.79907452],[22.33525262,-13.80111235],[22.33360457,-13.80128433],[22.33173153,-13.80095336],[22.33027049,-13.79985245],[22.32913346,-13.79896553],[22.32839144,-13.79705968],[22.32482435,-13.79546581],[22.32223428,-13.79576279],[22.3229703,-13.79664971],[22.32052723,-13.7980176],[22.31849618,-13.79707968],[22.31708214,-13.79611775],[22.31442907,-13.79462688],[22.31470008,-13.79258305],[22.3154801,-13.78962729],[22.31513709,-13.78639656],[22.3153101,-13.78328782],[22.31504309,-13.781101],[22.31296004,-13.77918516],[22.31075698,-13.77760229],[22.30883494,-13.77593943],[22.30871093,-13.77365462],[22.30686788,-13.77289268],[22.30446682,-13.77317966],[22.30199076,-13.77225573],[22.30051072,-13.77097684],[22.29442255,-13.77103783],[22.2922235,-13.76924898],[22.29064745,-13.76793209],[22.28741837,-13.76311549],[22.28751237,-13.7617356],[22.28549032,-13.76049271],[22.28275325,-13.75982076],[22.2807812,-13.75827489],[22.2808822,-13.75671301],[22.28031319,-13.75557611],[22.27758812,-13.75426322],[22.27554106,-13.75304932],[22.27399202,-13.75295733],[22.27186397,-13.75241437],[22.26813487,-13.7519964],[22.26621582,-13.75145844],[22.26392875,-13.75056152],[22.26258772,-13.74930263],[22.26061967,-13.74907764],[22.25862062,-13.74909964],[22.25641956,-13.74872267],[22.25500052,-13.74789474],[22.25340048,-13.74657784],[22.25127942,-13.74566192],[22.24707531,-13.74559692],[22.24083015,-13.74662683],[22.23642803,-13.74839669],[22.23418897,-13.75012654],[22.23286493,-13.7506185],[22.2316879,-13.7506615],[22.22920484,-13.75159142],[22.2276708,-13.75333727],[22.22704178,-13.75569908],[22.22672877,-13.75749093],[22.22617975,-13.75928178],[22.22517073,-13.76055367],[22.22377669,-13.76236852],[22.22195864,-13.76286648],[22.21918357,-13.76293247],[22.21604748,-13.76358341],[22.21485145,-13.76344143],[22.21387343,-13.76289247],[22.21218338,-13.76284747],[22.21101535,-13.76245651],[22.20945131,-13.76188055],[22.20831828,-13.76075165],[22.20692824,-13.75967773],[22.20393017,-13.75900079],[22.20176111,-13.75823685],[22.19863903,-13.75922477],[22.197733,-13.75734492],[22.19602895,-13.75675497],[22.19443891,-13.75774289],[22.19250586,-13.75934776],[22.1904578,-13.76097462],[22.18922377,-13.76031267],[22.18676271,-13.76121659],[22.18471265,-13.76290946],[22.18396163,-13.76428634],[22.18327661,-13.76581121],[22.18167057,-13.76753707],[22.17947851,-13.76789104],[22.17888949,-13.76937491],[22.17668243,-13.76924892],[22.17484539,-13.76959989],[22.17427737,-13.76970988],[22.17413637,-13.76973788],[22.17403537,-13.76972888],[22.17235232,-13.76959589],[22.17104229,-13.76929092],[22.16852122,-13.76976387],[22.16675117,-13.76883795],[22.16319708,-13.76781103],[22.16182604,-13.76562722],[22.16019901,-13.76325542],[22.15892297,-13.7609976],[22.15846296,-13.75768088],[22.15679392,-13.75645998],[22.15522387,-13.75479811],[22.15207179,-13.75348122],[22.14915272,-13.75261729],[22.14657465,-13.7536652],[22.14346156,-13.75160937],[22.14117851,-13.75042747],[22.13908745,-13.75039347],[22.1373024,-13.75169136],[22.1334993,-13.75292526],[22.13006221,-13.75321423],[22.12640011,-13.75424215],[22.12703313,-13.75716591],[22.12723913,-13.75880576],[22.12478207,-13.75814482],[22.12349304,-13.75805383],[22.12338403,-13.76019165],[22.12338203,-13.76155254],[22.12082596,-13.76266244],[22.1187549,-13.76424331],[22.11720386,-13.76559719],[22.1146748,-13.76494125],[22.11398478,-13.76280643],[22.1108567,-13.7630744],[22.10801962,-13.76272743],[22.10638758,-13.76185851],[22.10421252,-13.76132654],[22.10181346,-13.76143954],[22.09936839,-13.76031563],[22.09775835,-13.75964868],[22.09500728,-13.75969468],[22.09231421,-13.75782683],[22.09113018,-13.7570019],[22.08755208,-13.75593198],[22.08612905,-13.75547302],[22.08493302,-13.75387216],[22.08243795,-13.75426412],[22.0804279,-13.75483507],[22.07835084,-13.75539603],[22.07531976,-13.75535303],[22.07437874,-13.75401714],[22.0731547,-13.75302822],[22.07240268,-13.75146035],[22.06990662,-13.75059242],[22.06785357,-13.74972649],[22.06580551,-13.74856159],[22.06469948,-13.74730569],[22.06339045,-13.74548984],[22.06199241,-13.7448489],[22.06037737,-13.74462991],[22.05719728,-13.74366299],[22.05433021,-13.743571],[22.05335818,-13.74265407],[22.05253016,-13.74186314],[22.05037811,-13.74125119],[22.04932708,-13.73948434],[22.04843506,-13.73814045],[22.045957,-13.7375225],[22.04525498,-13.73469873],[22.04335193,-13.73316586],[22.04194989,-13.731447],[22.04016784,-13.72988213],[22.03774378,-13.73009311],[22.03585973,-13.7290042],[22.0345547,-13.72830926],[22.03322366,-13.7277833],[22.03171062,-13.72700336],[22.03073759,-13.72498553],[22.02866454,-13.72523051],[22.02834754,-13.72523951],[22.02586647,-13.7253425],[22.02563346,-13.72386263],[22.02413642,-13.72352465],[22.02262338,-13.72258973],[22.02121835,-13.72243974],[22.01983531,-13.72355765],[22.01836127,-13.72324267],[22.01666522,-13.72206877],[22.01548619,-13.72095886],[22.01458217,-13.71892003],[22.01263712,-13.71730816],[22.01026206,-13.71735716],[22.008244,-13.71720817],[22.00706297,-13.71633724],[22.00557193,-13.7155583],[22.00391989,-13.71589728],[22.00299887,-13.71616125],[22.00168283,-13.71754114],[22.00033179,-13.71735815],[22.00020288,-13.55197893],[22.00014292,-13.47760213],[22.00010494,-13.42705435],[22.00002299,-13.3247699],[21.99977514,-13.00615958],[22.26792923,-13.00571674],[22.4335566,-13.00543984],[22.52616804,-13.00466794],[22.71311398,-13.00310515],[22.72719835,-13.00298717],[22.81789875,-13.00222727],[22.89374875,-13.00159235],[23.10328229,-12.99984058],[23.17147509,-12.99927565],[23.36913532,-12.99761786],[23.50113481,-12.99651599],[23.53307065,-12.99624803],[23.83873173,-12.99368734],[23.95920092,-12.99267945],[24.04021906,-12.99200153],[24.03670797,-12.98716194],[24.03225785,-12.9804875],[24.02969779,-12.96369391],[24.02923878,-12.95587456],[24.02526768,-12.94806022],[24.01730747,-12.94045585],[24.0107483,-12.93631119],[23.99412686,-12.91696281],[23.97726742,-12.89969426],[23.97117726,-12.89576959],[23.95921595,-12.89506464],[23.94375654,-12.88652136],[23.9308852,-12.8763862],[23.92574507,-12.86280734],[23.92059493,-12.85796774],[23.91286473,-12.85496499],[23.90491452,-12.84689667],[23.90352549,-12.83516465],[23.90919465,-12.81356147],[23.90899465,-12.79401311],[23.9109227,-12.783394],[23.91325577,-12.77056508],[23.91305477,-12.7549244],[23.91683587,-12.73952668],[23.92999623,-12.71700758],[23.93306531,-12.70552055],[23.93144627,-12.69401152],[23.92772517,-12.67561206],[23.93032625,-12.66250016],[23.9324453,-12.65698263],[23.95498591,-12.6241324],[23.96016605,-12.61080852],[23.9618271,-12.59976945],[23.96208711,-12.58114101],[23.96000606,-12.56986896],[23.95557695,-12.55329835],[23.95558595,-12.54732386],[23.95864603,-12.54112438],[23.96731726,-12.53400498],[23.97014734,-12.52503574],[23.97132637,-12.51606149],[23.9912469,-12.50828216],[23.99303595,-12.50555439],[23.99335695,-12.50506743],[23.99380697,-12.50195769],[23.99453699,-12.49678813],[23.99571803,-12.49103361],[24.00110817,-12.48690896],[24.00813736,-12.48553407],[24.01235847,-12.48209637],[24.01964866,-12.45980124],[24.02621884,-12.45107198],[24.05386857,-12.42764396],[24.06557989,-12.42213943],[24.069798,-12.42052957],[24.07260907,-12.41686387],[24.07589916,-12.40536085],[24.07804923,-12.36787401],[24.0770802,-12.35768487],[24.0766702,-12.35338523],[24.07409913,-12.34487094],[24.06451988,-12.33681062],[24.05563865,-12.33174205],[24.05329859,-12.32896828],[24.05540864,-12.32553057],[24.06852899,-12.31427052],[24.07321912,-12.3050843],[24.0722891,-12.29749394],[24.06621894,-12.28552594],[24.06412888,-12.27746562],[24.06859,-12.26689752],[24.05339961,-12.25330366],[24.04032827,-12.23557615],[24.02980899,-12.2291157],[24.02068776,-12.22612095],[24.01415858,-12.2171367],[24.00996848,-12.19988216],[24.0029773,-12.18353954],[23.98571785,-12.15568688],[23.98539485,-12.15066831],[23.98297679,-12.1128955],[23.98702791,-12.06414462],[23.98892796,-12.04712406],[23.98849696,-12.02411301],[23.98851797,-12.01008919],[23.98604792,-11.94706252],[23.98841699,-11.92199164],[23.98984703,-11.90382218],[23.99432815,-11.88036916],[23.99925828,-11.86565641],[24.00254838,-11.84887283],[24.00769852,-11.84290334],[24.01438769,-11.8387037],[24.01611774,-11.83761879],[24.02008884,-11.83602393],[24.02453896,-11.82406494],[24.02315793,-11.81463574],[24.01616775,-11.799662],[24.01268866,-11.78678809],[24.01060761,-11.77297926],[24.00874756,-11.76768871],[24.00035734,-11.75778754],[23.99802828,-11.74949625],[23.99574723,-11.71544913],[23.99528722,-11.71246039],[23.98271589,-11.69105219],[23.98039784,-11.67793731],[23.97971682,-11.66942303],[23.97225763,-11.66090875],[23.9710976,-11.65721406],[23.97647674,-11.65032965],[23.98581699,-11.6473549],[23.99072812,-11.63839066],[23.99567826,-11.6085032],[24.0010684,-11.59378445],[24.00341847,-11.58551515],[24.01300872,-11.57034444],[24.02656808,-11.54874828],[24.03639935,-11.52553025],[24.03640835,-11.51999572],[24.03339928,-11.50344212],[24.03200824,-11.49953246],[24.0264481,-11.47122986],[24.02669811,-11.45857093],[24.03090822,-11.44639696],[24.0374594,-11.43582486],[24.04632963,-11.42916843],[24.06876023,-11.42076915],[24.07082828,-11.41999522],[24.07829948,-11.41264684],[24.08078855,-11.4037936],[24.08205058,-11.39930798],[24.08136857,-11.38596911],[24.07324036,-11.35766451],[24.06742921,-11.34339573],[24.06024003,-11.31532311],[24.05651893,-11.30727379],[24.0399985,-11.28378678],[24.03697943,-11.27711835],[24.03466937,-11.26445843],[24.03588841,-11.22237601],[24.03650843,-11.20019489],[24.03662843,-11.19592826],[24.03735846,-11.17086039],[24.0350584,-11.15130205],[24.03157932,-11.13979803],[24.02934626,-11.1378012],[24.02668919,-11.1354184],[24.01085778,-11.13057381],[24.00643766,-11.12757107],[24.00550864,-11.12297446],[24.00610766,-11.11972973],[24.00762669,-11.11147444],[24.01299784,-11.10297216],[24.01859799,-11.09722665],[24.019078,-11.08411677],[24.01449888,-11.06971899],[24.01351786,-11.06662426],[24.01242183,-11.05850395],[24.01143881,-11.05122057],[24.01379888,-11.03259215],[24.01637895,-11.01949327],[24.02012905,-11.00270471],[24.0255192,-10.98063658],[24.0255192,-10.97715688],[24.0255292,-10.97097741],[24.02110808,-10.96613782],[24.01506892,-10.96221515],[24.02020906,-10.94934925],[24.017909,-10.94501962],[24.01555895,-10.9406],[24.01160884,-10.93669032],[24.00274761,-10.9311508],[24.00090856,-10.93000089],[23.9909173,-10.92215756],[23.98650719,-10.91503217],[23.98651719,-10.90537299],[23.99562843,-10.89319403],[23.99957754,-10.88790948],[24.00982781,-10.88677358],[24.02657824,-10.88932937],[24.03914957,-10.89072425],[24.05846008,-10.89098423],[24.0742805,-10.89445094]]]]},"geometry_name":"the_geom","properties":{"OBJECTID":5,"NAME":"North Western","SHAPE.area":10.406161598423775,"SHAPE.len":23.40329809744788}},{"type":"Feature","id":"zambia-provinces.6","geometry":{"type":"MultiPolygon","coordinates":[[[[30.77435559,-8.22621272],[30.78894497,-8.26146268],[30.79066502,-8.26619727],[30.80751547,-8.31249526],[30.82331588,-8.33435138],[30.87841734,-8.41049978],[30.88727857,-8.41982198],[30.89866787,-8.4357356],[30.91121821,-8.45326308],[30.93186975,-8.47630809],[30.94997923,-8.49954908],[30.95309031,-8.5074064],[30.97417087,-8.53229725],[30.97573991,-8.53535199],[30.97681194,-8.5374408],[30.97820997,-8.54017057],[31.01065183,-8.57832026],[31.02819029,-8.59396991],[31.04992286,-8.60738575],[31.05935311,-8.61005751],[31.06928137,-8.61726489],[31.0780836,-8.62365034],[31.09964516,-8.63123367],[31.10059318,-8.63156665],[31.13657412,-8.63461937],[31.14975447,-8.63320249],[31.16022574,-8.62784695],[31.18030525,-8.61228728],[31.18335633,-8.60911556],[31.18689842,-8.60101226],[31.18764644,-8.59930141],[31.19346559,-8.59571471],[31.20997602,-8.58988021],[31.22746747,-8.59138208],[31.23680772,-8.60024231],[31.24811702,-8.60086025],[31.25270813,-8.60276508],[31.25725725,-8.6071927],[31.2587583,-8.61547699],[31.26445744,-8.62107351],[31.26600849,-8.62545912],[31.27512773,-8.63339644],[31.27819681,-8.63313846],[31.28149789,-8.63286948],[31.29408922,-8.63182157],[31.31049964,-8.61436807],[31.32000888,-8.61059739],[31.32459001,-8.61388111],[31.32843011,-8.61944562],[31.33542829,-8.61426107],[31.34691959,-8.61809073],[31.34976966,-8.61786776],[31.35750986,-8.60989644],[31.36142996,-8.61018341],[31.36330101,-8.60860054],[31.36409003,-8.60172514],[31.36210898,-8.5952637],[31.36448104,-8.59093907],[31.37202123,-8.58958318],[31.37513031,-8.58902523],[31.37772039,-8.6010052],[31.38618161,-8.60687069],[31.39239077,-8.62418519],[31.39826093,-8.63323142],[31.4049311,-8.63493226],[31.41316232,-8.64010882],[31.43993202,-8.6414127],[31.45219333,-8.63998781],[31.4588535,-8.64215162],[31.46526267,-8.64851507],[31.47410291,-8.65729831],[31.47521394,-8.66526462],[31.48964332,-8.68594783],[31.49702451,-8.68650579],[31.5042037,-8.68453495],[31.52686429,-8.6827661],[31.53629454,-8.68541886],[31.54247569,-8.69009346],[31.55169594,-8.69159133],[31.56311624,-8.7035363],[31.57060643,-8.71135762],[31.58214574,-8.74733951],[31.58310578,-8.76296816],[31.57907668,-8.78864495],[31.57000545,-8.81103202],[31.57494559,-8.82189408],[31.57651563,-8.82535878],[31.58487585,-8.84062846],[31.59831721,-8.84774985],[31.60021725,-8.84874476],[31.61051652,-8.85949883],[31.62932602,-8.86986193],[31.65873778,-8.8817559],[31.66907806,-8.89893941],[31.67364818,-8.90653775],[31.68002835,-8.91305619],[31.69226967,-8.91391011],[31.70006887,-8.91814974],[31.7088391,-8.91919065],[31.72529053,-8.91642188],[31.72873962,-8.91784676],[31.73446477,-8.92456418],[31.73488078,-8.92504913],[31.73806986,-8.92177642],[31.74961016,-8.91691483],[31.75693035,-8.90483187],[31.7665016,-8.89713653],[31.77149173,-8.89538068],[31.77973194,-8.89247993],[31.79068622,-8.89189098],[31.80424157,-8.89116803],[31.82179203,-8.89206995],[31.82987324,-8.89355082],[31.86855325,-8.90573075],[31.89363391,-8.91444499],[31.94721631,-8.93859089],[31.94739532,-8.94341248],[31.93817508,-8.96099196],[31.93142492,-8.98434995],[31.93706507,-9.0023614],[31.93878612,-9.00786892],[31.93918613,-9.01338645],[31.93679607,-9.01979189],[31.94499629,-9.030226],[31.95414653,-9.03883325],[31.96136572,-9.05453789],[31.97007695,-9.06153229],[31.97348704,-9.06639687],[31.98451733,-9.0729513],[31.99624764,-9.07791186],[32.00948698,-9.07347224],[32.01508713,-9.06977556],[32.01544614,-9.06771574],[32.01606815,-9.06412804],[32.03230757,-9.0588005],[32.06104832,-9.05314798],[32.09157011,-9.05326495],[32.10956858,-9.05736559],[32.12222991,-9.06256414],[32.13650128,-9.06431298],[32.14694155,-9.06559287],[32.16152993,-9.06345505],[32.17087218,-9.07687689],[32.17915039,-9.0813365],[32.18140845,-9.08319834],[32.20735314,-9.10461549],[32.22472159,-9.11390868],[32.24071402,-9.12477773],[32.24296407,-9.12658858],[32.24689318,-9.12708753],[32.25770446,-9.13294902],[32.26716571,-9.13534282],[32.27389488,-9.13334598],[32.28624721,-9.13283002],[32.3090668,-9.13187909],[32.32662626,-9.13389591],[32.36204718,-9.13127412],[32.36472524,-9.13045419],[32.37294545,-9.12793841],[32.38753784,-9.12670751],[32.40260622,-9.12318381],[32.40883939,-9.12416072],[32.41209747,-9.12258986],[32.43154898,-9.12002207],[32.44783841,-9.13397186],[32.46100675,-9.13547972],[32.47643015,-9.14274909],[32.48217831,-9.14679374],[32.4936686,-9.15486904],[32.48677943,-9.17409739],[32.49886076,-9.19236881],[32.50662796,-9.20272691],[32.53565074,-9.24142957],[32.53867181,-9.24980185],[32.54105988,-9.25641527],[32.55125314,-9.25536536],[32.57398974,-9.24822497],[32.57583178,-9.24820297],[32.58464401,-9.24809897],[32.5957343,-9.25026578],[32.61924492,-9.25967996],[32.64688264,-9.2741797],[32.65426383,-9.27539359],[32.66167303,-9.27660849],[32.69414787,-9.27499961],[32.70867125,-9.27427966],[32.72116457,-9.27576453],[32.73604596,-9.28206398],[32.74586522,-9.28287891],[32.75208738,-9.28661058],[32.76100562,-9.29817758],[32.76619776,-9.30903364],[32.76850582,-9.31386623],[32.76844882,-9.31969673],[32.77654803,-9.32106161],[32.78396723,-9.32020668],[32.7906474,-9.32393535],[32.79994765,-9.33021081],[32.8096789,-9.34455457],[32.82810839,-9.35620055],[32.84886894,-9.36533276],[32.85562111,-9.36980337],[32.86153027,-9.37371703],[32.86553937,-9.37497792],[32.86753042,-9.37559987],[32.88286982,-9.36883844],[32.89260107,-9.36754155],[32.89315109,-9.38592797],[32.89611117,-9.39100253],[32.90398138,-9.3924514],[32.91125156,-9.38056042],[32.92522194,-9.39882984],[32.9316881,-9.40140961],[32.95367268,-9.40319545],[32.95341267,-9.40595222],[32.94733251,-9.41348057],[32.94375043,-9.42747237],[32.94481446,-9.44309302],[32.94790057,-9.48840312],[32.95389372,-9.49235578],[32.96691006,-9.48583333],[32.96970213,-9.48444346],[32.97550428,-9.48311057],[32.98243246,-9.4861533],[32.98862363,-9.49332268],[32.99439177,-9.49635942],[33.01244325,-9.4976463],[33.02237351,-9.50278385],[33.02695463,-9.50902431],[33.02867168,-9.52650281],[33.02418557,-9.53726989],[33.01127224,-9.55945998],[33.01138325,-9.56174178],[33.01206228,-9.57693348],[33.00805218,-9.58609569],[33.00848319,-9.5906903],[33.0047031,-9.60054745],[33.00298305,-9.61386431],[33.00495512,-9.63815322],[33.00530213,-9.64237685],[33.02793172,-9.65221099],[33.038384,-9.65044814],[33.04382413,-9.64330475],[33.0505533,-9.63445351],[33.05797649,-9.63428452],[33.05925453,-9.63486447],[33.06259661,-9.63638434],[33.06504569,-9.64062498],[33.07059584,-9.65023815],[33.08275416,-9.66687571],[33.08635526,-9.68115648],[33.09325644,-9.68809887],[33.0995126,-9.68906579],[33.10160665,-9.68724695],[33.1032847,-9.68013056],[33.11106689,-9.66272605],[33.1112279,-9.65622861],[33.11139189,-9.64962318],[33.11881509,-9.6480743],[33.11494698,-9.63815816],[33.10895782,-9.63397653],[33.10878582,-9.62524627],[33.11305492,-9.61194842],[33.12146613,-9.60258521],[33.12563624,-9.60330516],[33.13390646,-9.61279234],[33.14155866,-9.61215639],[33.15172892,-9.61522111],[33.15751608,-9.61549109],[33.17483952,-9.60876266],[33.17813861,-9.60748377],[33.18075968,-9.60646886],[33.19580907,-9.60726178],[33.21331953,-9.62187051],[33.21696963,-9.62947986],[33.21919769,-9.64328167],[33.22744891,-9.65621055],[33.22445785,-9.68630197],[33.22519788,-9.70074573],[33.22609091,-9.71826022],[33.23665019,-9.7335029],[33.2633849,-9.75598096],[33.27257014,-9.76960779],[33.27976935,-9.80160803],[33.28352245,-9.80681658],[33.28967961,-9.81178515],[33.3008119,-9.81071523],[33.3081931,-9.81674271],[33.32924365,-9.82400908],[33.33736086,-9.82429205],[33.34591408,-9.82917663],[33.35326128,-9.83956873],[33.35852142,-9.85086576],[33.36543461,-9.85780716],[33.36842468,-9.86287872],[33.37032475,-9.87993126],[33.37083176,-9.88450686],[33.38181106,-9.90824981],[33.37971301,-9.91581317],[33.37593291,-9.92200763],[33.36592266,-9.92745517],[33.35749144,-9.93889519],[33.34956124,-9.94482169],[33.34649416,-9.95330397],[33.34521214,-9.97306527],[33.33889098,-9.98815698],[33.33436287,-9.99897205],[33.33348185,-10.00169881],[33.33269583,-10.00413961],[33.3189625,-10.04691494],[33.31774147,-10.05564419],[33.31929851,-10.06691023],[33.33887203,-10.09002623],[33.34954232,-10.09239602],[33.35224238,-10.09412587],[33.35462345,-10.09566074],[33.35992159,-10.10167022],[33.36524373,-10.10445598],[33.37731405,-10.10476495],[33.38588527,-10.10735872],[33.40830486,-10.12289837],[33.42011217,-10.12734599],[33.43714463,-10.15090596],[33.45156501,-10.16520073],[33.45219003,-10.16582067],[33.45953422,-10.17310904],[33.47948574,-10.17530384],[33.49431713,-10.18045339],[33.50355638,-10.18947061],[33.51853778,-10.20910792],[33.52964607,-10.21468643],[33.5347582,-10.21402749],[33.55689879,-10.22581947],[33.55934785,-10.22842924],[33.56067989,-10.2300441],[33.56341896,-10.23879335],[33.55070765,-10.26815584],[33.55086766,-10.2803308],[33.5482166,-10.29572348],[33.54074741,-10.30303786],[33.53792834,-10.30785244],[33.53925938,-10.31958144],[33.53500628,-10.3317354],[33.54176945,-10.34070463],[33.54998668,-10.35160869],[33.54937267,-10.35916104],[33.54823964,-10.37320684],[33.5503067,-10.37735648],[33.55631886,-10.38337596],[33.56339906,-10.40317926],[33.56338005,-10.40778387],[33.56684815,-10.41079361],[33.57390934,-10.42432045],[33.57695742,-10.43016194],[33.58876073,-10.4398861],[33.59912101,-10.44350079],[33.61892053,-10.45040519],[33.62971982,-10.47184834],[33.63084185,-10.4805976],[33.62099961,-10.4945664],[33.62514972,-10.50125583],[33.63375994,-10.499231],[33.64000111,-10.50593542],[33.6468903,-10.52184405],[33.65805259,-10.52835349],[33.66869187,-10.53185318],[33.67398302,-10.54245227],[33.67441003,-10.5479708],[33.67903015,-10.55420726],[33.67870215,-10.57213673],[33.68147923,-10.57792223],[33.68750239,-10.57931911],[33.68486232,-10.58277481],[33.68222325,-10.58458866],[33.6800102,-10.58595354],[33.67814515,-10.58821336],[33.67577609,-10.59045116],[33.67258701,-10.59307094],[33.66992394,-10.59454981],[33.66872191,-10.59687561],[33.66572383,-10.59721159],[33.66332777,-10.59867147],[33.66267575,-10.60136724],[33.65926967,-10.60355305],[33.65694561,-10.60326008],[33.65495856,-10.6053609],[33.65260849,-10.6065728],[33.6490194,-10.60813566],[33.64563931,-10.60976553],[33.64153821,-10.6113294],[33.63820412,-10.61022249],[33.63540805,-10.60922058],[33.63415602,-10.6065928],[33.63089093,-10.60275714],[33.62723683,-10.60268714],[33.62427976,-10.60048733],[33.6222007,-10.59901446],[33.62122767,-10.59727061],[33.62090366,-10.59525278],[33.62006864,-10.59378391],[33.62123567,-10.59084816],[33.62052665,-10.58844437],[33.61895461,-10.58416273],[33.61568552,-10.58262887],[33.61391548,-10.58496067],[33.61121841,-10.58561962],[33.6112294,-10.58738346],[33.60659429,-10.58905932],[33.60284419,-10.59434187],[33.60257419,-10.59722962],[33.60003312,-10.59887649],[33.59827408,-10.60183523],[33.59391796,-10.60404404],[33.59073989,-10.61056849],[33.58879084,-10.61155341],[33.58633777,-10.6127873],[33.5835377,-10.61437517],[33.58268768,-10.61766689],[33.58317569,-10.62127158],[33.5831947,-10.6256362],[33.5832637,-10.62863995],[33.58291269,-10.63275859],[33.58193967,-10.63559435],[33.58087564,-10.63937003],[33.57924261,-10.64135786],[33.57833858,-10.64476257],[33.57657954,-10.64830027],[33.57394347,-10.65076006],[33.57228843,-10.65549966],[33.56924035,-10.65723551],[33.5671683,-10.66110318],[33.56581427,-10.66190611],[33.56496424,-10.66240507],[33.56191217,-10.6655498],[33.55962311,-10.66684069],[33.55629702,-10.67073736],[33.55406897,-10.67508099],[33.55198191,-10.6785337],[33.54941885,-10.67911465],[33.5473778,-10.68067552],[33.54673278,-10.68477217],[33.54451673,-10.68636103],[33.54506974,-10.68889182],[33.54234167,-10.6914656],[33.54131165,-10.69518628],[33.54041563,-10.69763807],[33.54057563,-10.69901096],[33.53807757,-10.69996888],[33.53738655,-10.70253366],[33.5351625,-10.70613535],[33.53361346,-10.7090881],[33.53325545,-10.71206884],[33.53067638,-10.71402568],[33.53011137,-10.71649846],[33.52829632,-10.71768136],[33.52680429,-10.7184893],[33.52574426,-10.72112107],[33.52241717,-10.72231997],[33.5195791,-10.72353987],[33.51788906,-10.72581767],[33.51621801,-10.72651662],[33.51531399,-10.72656661],[33.51393695,-10.7267636],[33.51270492,-10.7267386],[33.51037386,-10.72781751],[33.50927183,-10.73058127],[33.50826081,-10.7291324],[33.50727278,-10.72999932],[33.5041447,-10.73207715],[33.50182164,-10.73187317],[33.5004746,-10.73162619],[33.49985659,-10.73129622],[33.49778154,-10.73214614],[33.49575549,-10.73401399],[33.49402744,-10.73547486],[33.49125437,-10.73565985],[33.49004834,-10.73518289],[33.48796628,-10.73712073],[33.48520421,-10.73607182],[33.48402518,-10.73844062],[33.48230514,-10.74044144],[33.48109511,-10.74047644],[33.47929506,-10.74241728],[33.47785302,-10.74171434],[33.47677299,-10.74314922],[33.47494595,-10.74370317],[33.47347691,-10.74555901],[33.47210788,-10.74623896],[33.46856378,-10.7469819],[33.46643173,-10.74739386],[33.46575971,-10.74899672],[33.46361565,-10.74944269],[33.46272363,-10.7515925],[33.4615826,-10.75317037],[33.45735649,-10.75216945],[33.45536444,-10.75261942],[33.45420541,-10.75385031],[33.45156134,-10.75503021],[33.45076032,-10.75539218],[33.44899028,-10.75813395],[33.44526318,-10.76171965],[33.44257412,-10.76425243],[33.44075007,-10.76500737],[33.43795799,-10.76607728],[33.43470791,-10.7670722],[33.4343909,-10.76773214],[33.43204484,-10.76841308],[33.42957678,-10.77001695],[33.42792073,-10.77311568],[33.42450665,-10.77563747],[33.4226716,-10.77845523],[33.42032554,-10.78080203],[33.41747947,-10.78267587],[33.41653345,-10.78531165],[33.41345937,-10.78773944],[33.41021628,-10.78734848],[33.40863325,-10.78889334],[33.4071192,-10.79036522],[33.40415113,-10.78965329],[33.40357111,-10.78757446],[33.40018002,-10.79160912],[33.39961501,-10.79292501],[33.39866199,-10.79513482],[33.39670494,-10.79751661],[33.39637993,-10.80012439],[33.39243583,-10.80056736],[33.38661067,-10.80105732],[33.38253257,-10.79844255],[33.37769544,-10.79723165],[33.37287331,-10.79511284],[33.36764318,-10.79406193],[33.36389708,-10.7921041],[33.36045599,-10.79111018],[33.361055,-10.78570164],[33.35882794,-10.781482],[33.35912494,-10.77668742],[33.3575459,-10.77178584],[33.35607286,-10.7674752],[33.35172075,-10.76881809],[33.34848967,-10.77123089],[33.34502957,-10.77191183],[33.34370954,-10.76930106],[33.34085546,-10.76853612],[33.34128747,-10.7653024],[33.34005444,-10.76571637],[33.3385934,-10.76375853],[33.33678135,-10.76272962],[33.33325326,-10.76468446],[33.33163922,-10.76390252],[33.33052919,-10.76350756],[33.32924016,-10.76616633],[33.32780512,-10.76641331],[33.32570707,-10.76668129],[33.32373901,-10.76573437],[33.32233098,-10.76383254],[33.32359401,-10.7629966],[33.32246498,-10.76095778],[33.32194597,-10.75924093],[33.32378501,-10.75758807],[33.32192296,-10.75680014],[33.32234697,-10.75525427],[33.32270098,-10.75363041],[33.32226997,-10.75211154],[33.32218297,-10.75195455],[33.32103094,-10.75100064],[33.31897788,-10.74989673],[33.31730684,-10.75082965],[33.31506378,-10.75008071],[33.31381275,-10.74866983],[33.31329773,-10.74689199],[33.31099767,-10.74722896],[33.30908962,-10.74862284],[33.30738858,-10.75010672],[33.30529453,-10.75051568],[33.30234145,-10.74978175],[33.29996939,-10.75023171],[33.29758432,-10.74858786],[33.29608529,-10.74994474],[33.29207218,-10.74678101],[33.28746006,-10.74815889],[33.28694905,-10.74831588],[33.28573201,-10.74964877],[33.285057,-10.74887783],[33.28432097,-10.74804991],[33.28582002,-10.74702299],[33.28597202,-10.74570611],[33.28488899,-10.74411624],[33.28299294,-10.74429923],[33.28237093,-10.74508616],[33.27809081,-10.74770694],[33.27530974,-10.74733198],[33.27306268,-10.74885884],[33.27554675,-10.75105765],[33.27384171,-10.7517166],[33.26998461,-10.75205857],[33.2696716,-10.75233355],[33.26670352,-10.75494833],[33.26705153,-10.75795307],[33.26490348,-10.7599709],[33.26427746,-10.76181774],[33.26242341,-10.76389857],[33.26121439,-10.76643435],[33.25970335,-10.76635035],[33.25727328,-10.76624437],[33.25565224,-10.76643435],[33.25483222,-10.76797322],[33.25269216,-10.76730028],[33.25105612,-10.76832519],[33.25087611,-10.76843118],[33.24926308,-10.77009804],[33.24717602,-10.77267482],[33.246222,-10.77561557],[33.24450895,-10.77741942],[33.24339593,-10.78020818],[33.24542898,-10.78196003],[33.24708103,-10.78420084],[33.24561199,-10.78481278],[33.24366294,-10.78460681],[33.24249191,-10.78660564],[33.2419769,-10.78656764],[33.24097687,-10.78544973],[33.24006884,-10.78314893],[33.23980983,-10.78012319],[33.23716577,-10.7788323],[33.23572773,-10.77636851],[33.23381267,-10.7742397],[33.23137461,-10.77255384],[33.2308026,-10.76995307],[33.23195863,-10.76813522],[33.23161161,-10.76562243],[33.23093259,-10.76436654],[33.22880354,-10.76149679],[33.22973056,-10.76118581],[33.23002457,-10.7578671],[33.23081058,-10.75664121],[33.23291964,-10.75712316],[33.23322865,-10.75587926],[33.23364866,-10.75474236],[33.23207662,-10.7531915],[33.23068458,-10.75223158],[33.23052057,-10.75182261],[33.23080658,-10.75016375],[33.23026457,-10.74770296],[33.23080658,-10.74622609],[33.23002856,-10.74455124],[33.22970055,-10.74245341],[33.23057357,-10.74051858],[33.23022256,-10.73876873],[33.23066557,-10.73685489],[33.23264962,-10.73566599],[33.23285863,-10.73396014],[33.23365964,-10.73312121],[33.23371765,-10.73192831],[33.23137859,-10.73183732],[33.23115758,-10.72844961],[33.23164259,-10.72610781],[33.23166159,-10.7251209],[33.23290062,-10.72338504],[33.23327063,-10.72159519],[33.2321836,-10.72059228],[33.23354164,-10.71888943],[33.23454166,-10.71638664],[33.23394965,-10.71608667],[33.23248161,-10.71599967],[33.23278261,-10.71480678],[33.23370164,-10.71369687],[33.23263761,-10.71268196],[33.23158858,-10.71264696],[33.23134858,-10.71133307],[33.23124557,-10.70852432],[33.22993653,-10.70662148],[33.22978053,-10.70623851],[33.22888051,-10.70581255],[33.23085256,-10.70457765],[33.23111556,-10.70138692],[33.23089456,-10.69821719],[33.22959352,-10.69574741],[33.22996753,-10.69378958],[33.23029954,-10.69222571],[33.22942551,-10.69076583],[33.22759047,-10.69048086],[33.22712945,-10.688865],[33.2291095,-10.68787808],[33.22628643,-10.6876541],[33.22591242,-10.68747212],[33.22532841,-10.68718814],[33.22844948,-10.68595025],[33.22913951,-10.68522831],[33.22699145,-10.68378443],[33.22775147,-10.68249054],[33.22878849,-10.68143263],[33.22797647,-10.68007675],[33.22712145,-10.67739098],[33.22673643,-10.67556713],[33.22652643,-10.67359631],[33.22507339,-10.6724584],[33.22520239,-10.66991562],[33.22720944,-10.6690037],[33.22831147,-10.66754582],[33.22774745,-10.66458207],[33.22624041,-10.66124736],[33.22756045,-10.65828161],[33.22707543,-10.65669075],[33.22785045,-10.65464192],[33.22683543,-10.65365701],[33.22541639,-10.65225712],[33.22712943,-10.65039829],[33.22780445,-10.6490004],[33.22934949,-10.64812748],[33.22929948,-10.64693458],[33.23057752,-10.64550071],[33.23063452,-10.64410182],[33.23084852,-10.64278293],[33.22912848,-10.64185402],[33.22764444,-10.64002517],[33.22816645,-10.6385683],[33.22729343,-10.63798634],[33.22702642,-10.63707343],[33.22666041,-10.63550956],[33.22725543,-10.63329775],[33.22781944,-10.63184687],[33.22730442,-10.62940308],[33.22802944,-10.62704128],[33.22686641,-10.62641834],[33.2263124,-10.62592438],[33.2263584,-10.62480547],[33.2266144,-10.62365758],[33.22564138,-10.62262766],[33.22407334,-10.62058584],[33.2227043,-10.61948093],[33.22079325,-10.61795807],[33.22040724,-10.61586424],[33.22131526,-10.61365443],[33.22108226,-10.61224155],[33.21986222,-10.61029172],[33.22034223,-10.60898083],[33.22070524,-10.607019],[33.21966721,-10.6046322],[33.2193962,-10.60256638],[33.21908019,-10.59994661],[33.22033123,-10.59794278],[33.22284129,-10.59817975],[33.2233063,-10.59624492],[33.22252428,-10.59471805],[33.22454233,-10.59331117],[33.22392131,-10.59172931],[33.22313529,-10.59012744],[33.22397031,-10.58810361],[33.2233833,-10.58539285],[33.22283328,-10.58273508],[33.22296728,-10.57976933],[33.22402731,-10.57678859],[33.22416131,-10.57434179],[33.22462632,-10.57212898],[33.22543934,-10.57040813],[33.22649937,-10.56904525],[33.22746439,-10.56651346],[33.22614136,-10.56540256],[33.22599635,-10.56361271],[33.22639236,-10.56168088],[33.22728938,-10.56054997],[33.22601535,-10.55805219],[33.22499632,-10.55595936],[33.22488232,-10.5556034],[33.22451631,-10.55447749],[33.22493532,-10.55274664],[33.22387929,-10.55101179],[33.22361528,-10.54913995],[33.22328428,-10.54759508],[33.22334527,-10.5462562],[33.22503132,-10.54548127],[33.22501932,-10.54403139],[33.22391728,-10.54125662],[33.22424129,-10.53917781],[33.22184523,-10.53743195],[33.22101021,-10.53550912],[33.21944616,-10.53391726],[33.21869415,-10.5322204],[33.21765312,-10.52923766],[33.21544406,-10.52774779],[33.21415103,-10.52534999],[33.21245398,-10.52283121],[33.21225497,-10.52166331],[33.21246097,-10.51964048],[33.213186,-10.51746067],[33.21394501,-10.51671973],[33.21434902,-10.51455791],[33.21449402,-10.51266008],[33.21445202,-10.51080623],[33.21400601,-10.50879841],[33.21238096,-10.50639361],[33.2096269,-10.5053947],[33.20664381,-10.50509573],[33.20345074,-10.50502774],[33.19986064,-10.50492175],[33.19678656,-10.50469777],[33.1944405,-10.50349387],[33.1943595,-10.501966],[33.19494751,-10.49918424],[33.19387948,-10.49665346],[33.19331046,-10.49325475],[33.19461949,-10.48903211],[33.19629053,-10.48322661],[33.19620653,-10.48055784],[33.19747656,-10.47871499],[33.19741956,-10.47655418],[33.19734355,-10.47473533],[33.19741956,-10.47345345],[33.19713355,-10.47176359],[33.19800657,-10.46915681],[33.19801057,-10.46517215],[33.19890759,-10.46177044],[33.1993956,-10.45839973],[33.20078364,-10.45218826],[33.20164966,-10.44904153],[33.20399571,-10.44478889],[33.20688779,-10.43827145],[33.20959586,-10.431776],[33.21273993,-10.42471361],[33.21453298,-10.42070995],[33.21909109,-10.4154514],[33.22513425,-10.40820302],[33.22448923,-10.4071761],[33.22159715,-10.40622218],[33.21700803,-10.40562824],[33.21402896,-10.40404338],[33.21136989,-10.40527028],[33.2078868,-10.40741609],[33.20475571,-10.41032585],[33.20330168,-10.41104278],[33.20189464,-10.41177672],[33.20066161,-10.41150674],[33.19895256,-10.41218569],[33.1964125,-10.41388455],[33.19421144,-10.41340959],[33.1923834,-10.41523643],[33.19099536,-10.41736525],[33.18990834,-10.41949607],[33.18875631,-10.42126791],[33.18687925,-10.42299577],[33.18424719,-10.42256981],[33.18219413,-10.4238217],[33.1805461,-10.42553455],[33.17841404,-10.42680745],[33.17565197,-10.42671846],[33.17471794,-10.42542557],[33.17442793,-10.4239257],[33.17293989,-10.42138092],[33.17077284,-10.4192891],[33.16790076,-10.41742326],[33.16637872,-10.41709428],[33.16381865,-10.41639135],[33.16279262,-10.41508946],[33.15909953,-10.41497447],[33.15644846,-10.41381857],[33.15278636,-10.41422654],[33.14889927,-10.41605238],[33.14751823,-10.41574841],[33.14521017,-10.4182692],[33.1423151,-10.42015304],[33.13922101,-10.42120295],[33.13680195,-10.42080098],[33.13354086,-10.42027203],[33.13190782,-10.4183402],[33.1311148,-10.41788924],[33.12932176,-10.41627837],[33.1273987,-10.41579341],[33.12615167,-10.41453653],[33.12389661,-10.41427955],[33.12181356,-10.41531546],[33.11989851,-10.41657335],[33.11772445,-10.41736729],[33.11663342,-10.41556144],[33.11442436,-10.41483451],[33.11414636,-10.41675634],[33.11401635,-10.41820922],[33.1120593,-10.41691433],[33.11095728,-10.41815822],[33.10847721,-10.42032704],[33.10721518,-10.4219519],[33.10603615,-10.42263184],[33.10447911,-10.42228187],[33.10363609,-10.42322879],[33.10270906,-10.42372475],[33.10082901,-10.42495165],[33.09839495,-10.42563059],[33.09740292,-10.42403073],[33.0964069,-10.42188791],[33.09501086,-10.42261885],[33.09366083,-10.42374275],[33.09195978,-10.4231638],[33.09081475,-10.42150495],[33.0886747,-10.42002607],[33.08588662,-10.41900716],[33.08384157,-10.41939613],[33.08292954,-10.42048104],[33.08063749,-10.41922315],[33.07826442,-10.41851221],[33.07711239,-10.41812325],[33.07608637,-10.41724132],[33.07375931,-10.41716033],[33.07199626,-10.41737431],[33.06847117,-10.41660138],[33.06783815,-10.41645639],[33.06504608,-10.41600543],[33.062242,-10.4163584],[33.05973994,-10.41706935],[33.05736688,-10.41782928],[33.05455881,-10.41613943],[33.0545208,-10.41599444],[33.0542688,-10.41509752],[33.05186173,-10.41130284],[33.04974468,-10.4082561],[33.04807363,-10.40535535],[33.04646359,-10.40031079],[33.04501055,-10.39616514],[33.04395352,-10.39249545],[33.04174146,-10.38941472],[33.04138245,-10.38687594],[33.04284748,-10.38311026],[33.04214946,-10.37932259],[33.04020041,-10.3780247],[33.03804135,-10.37658682],[33.03548128,-10.37432002],[33.03434025,-10.37121128],[33.03331022,-10.36771158],[33.03452025,-10.36483183],[33.0361943,-10.36129013],[33.03542827,-10.35717449],[33.03359322,-10.3546617],[33.03195218,-10.35270887],[33.03115116,-10.35058605],[33.02847309,-10.34710735],[33.02565001,-10.34485855],[33.02350696,-10.34144084],[33.02095489,-10.33968699],[33.01818482,-10.33743218],[33.01630077,-10.33665425],[33.01444672,-10.33533037],[33.0138017,-10.33183167],[33.01192465,-10.33061077],[33.0099216,-10.32967786],[33.00717552,-10.32890292],[33.00518047,-10.32726306],[33.00085035,-10.31718093],[32.99851929,-10.31832983],[32.99842429,-10.31844383],[32.99541421,-10.32198652],[32.99289315,-10.32506726],[32.99056609,-10.32967787],[32.98881905,-10.33621631],[32.98726601,-10.33775317],[32.9829969,-10.33563736],[32.98022383,-10.34150485],[32.98008682,-10.34179383],[32.97930881,-10.34660342],[32.95912829,-10.36351398],[32.95854427,-10.36409293],[32.95738124,-10.36755464],[32.9554392,-10.36909151],[32.95456918,-10.36930948],[32.95311214,-10.36966946],[32.95020106,-10.37024141],[32.947676,-10.37120833],[32.9439869,-10.3738901],[32.93894377,-10.37774077],[32.93506067,-10.38162744],[32.93095157,-10.38197242],[32.92815549,-10.37944064],[32.92615643,-10.37783077],[32.92583643,-10.37320817],[32.9249514,-10.36970347],[32.92223533,-10.36721668],[32.92197532,-10.3647549],[32.91982426,-10.36260508],[32.91797422,-10.35983632],[32.9135981,-10.35950035],[32.91179005,-10.35763951],[32.90847897,-10.35722054],[32.9061749,-10.35486275],[32.90364984,-10.3542018],[32.90046775,-10.352047],[32.89863671,-10.3507831],[32.8945436,-10.34953421],[32.89146552,-10.34916225],[32.88863444,-10.34996618],[32.88611238,-10.34898026],[32.88367931,-10.34769537],[32.88231728,-10.34594952],[32.88106624,-10.34441066],[32.87892619,-10.34226884],[32.87598411,-10.33942909],[32.87447807,-10.33753625],[32.87096797,-10.33591739],[32.86944993,-10.33496047],[32.86583684,-10.33452551],[32.86196874,-10.33408955],[32.85743662,-10.33593839],[32.85554857,-10.33505147],[32.85166547,-10.33560143],[32.84656834,-10.33603239],[32.84393627,-10.33411756],[32.83985116,-10.33168377],[32.8374661,-10.33054087],[32.83466302,-10.32651921],[32.83143494,-10.32354047],[32.82691082,-10.32061772],[32.8222337,-10.31925284],[32.81737357,-10.31826493],[32.81403248,-10.31688905],[32.81341047,-10.31654208],[32.75134387,-10.34777143],[32.7487228,-10.34868536],[32.63063574,-10.40626648],[32.62646664,-10.40836631],[32.62246853,-10.41044313],[32.61838643,-10.41285793],[32.61633838,-10.41407682],[32.61421332,-10.41651761],[32.61188626,-10.41870043],[32.61016221,-10.4213192],[32.60879618,-10.42354101],[32.60862818,-10.4272657],[32.6093302,-10.42947251],[32.61095924,-10.43134635],[32.61344631,-10.43290321],[32.61165726,-10.43318419],[32.60823918,-10.43542],[32.60867019,-10.43808977],[32.60836118,-10.43788179],[32.60672913,-10.43499504],[32.6051611,-10.43392712],[32.60296704,-10.43574797],[32.60112498,-10.43422711],[32.59824091,-10.4343041],[32.59622286,-10.43636292],[32.59344979,-10.43699487],[32.59184375,-10.43890971],[32.59485283,-10.4401946],[32.59143474,-10.44273038],[32.58974869,-10.4413445],[32.58703263,-10.44078955],[32.58490757,-10.44038058],[32.58358053,-10.43996362],[32.58272551,-10.43941067],[32.58022744,-10.43948166],[32.57685136,-10.43948667],[32.5745933,-10.44066557],[32.57321226,-10.44241742],[32.5707702,-10.44340134],[32.57044219,-10.44480121],[32.56898115,-10.4449522],[32.56795513,-10.44584812],[32.5668301,-10.44685904],[32.56652809,-10.447361],[32.56622708,-10.44786896],[32.56468204,-10.44748898],[32.56343801,-10.44941982],[32.56187797,-10.44915684],[32.56070694,-10.44779996],[32.55846388,-10.44811993],[32.55720885,-10.44987178],[32.55876889,-10.45124766],[32.55985592,-10.45229158],[32.55837588,-10.45461238],[32.55683485,-10.4543114],[32.55456478,-10.45246256],[32.55422977,-10.45128666],[32.55168071,-10.44847191],[32.54962465,-10.44760098],[32.54814461,-10.44875588],[32.54677958,-10.44850391],[32.5441355,-10.44772897],[32.54189645,-10.44905686],[32.54224746,-10.45147766],[32.54098043,-10.45345849],[32.5398704,-10.45596927],[32.53816135,-10.45503335],[32.53741034,-10.4568342],[32.53647131,-10.45595628],[32.53456026,-10.45548932],[32.53315222,-10.45740415],[32.5322062,-10.4603789],[32.53097417,-10.46042289],[32.52955513,-10.45763413],[32.5283271,-10.45748715],[32.52534002,-10.45947398],[32.52214694,-10.45962196],[32.51919087,-10.46178578],[32.51767583,-10.4638836],[32.51548277,-10.46333565],[32.51269369,-10.46466854],[32.51252969,-10.4662784],[32.51053464,-10.46692835],[32.50972562,-10.4686712],[32.50849758,-10.46831523],[32.50797858,-10.46962612],[32.50845959,-10.47130897],[32.50665154,-10.47319381],[32.50433548,-10.47552462],[32.50188642,-10.47666652],[32.50061238,-10.47723647],[32.49995637,-10.47761344],[32.47899383,-10.50216135],[32.47673978,-10.50223734],[32.4738557,-10.50230633],[32.47226066,-10.50199636],[32.47109363,-10.5027343],[32.46809155,-10.50519009],[32.46407845,-10.50775987],[32.46017935,-10.50877479],[32.45758128,-10.51130157],[32.4544952,-10.51183853],[32.45097011,-10.51308643],[32.44838004,-10.51469129],[32.44639999,-10.51589219],[32.44178487,-10.51838897],[32.43790477,-10.52055779],[32.43393767,-10.5228196],[32.43229663,-10.52564836],[32.42914254,-10.52694525],[32.42707849,-10.52892108],[32.42491944,-10.52927905],[32.42430942,-10.52946304],[32.42241337,-10.53003299],[32.42079133,-10.53061794],[32.41828926,-10.53146187],[32.41754925,-10.53378567],[32.41269312,-10.53893523],[32.41106408,-10.53993815],[32.40948104,-10.54115604],[32.40539493,-10.54337186],[32.40292287,-10.5440548],[32.39961578,-10.5464146],[32.39575468,-10.54753051],[32.39185658,-10.5499633],[32.38823249,-10.55157316],[32.3850434,-10.55416994],[32.38403238,-10.55885254],[32.38542042,-10.56310218],[32.38394038,-10.56580195],[32.38270135,-10.57093651],[32.36901,-10.57563712],[32.35931675,-10.58142062],[32.35566165,-10.58384542],[32.35283158,-10.58929996],[32.35146555,-10.59519145],[32.34894748,-10.60026402],[32.34750945,-10.60089397],[32.34592641,-10.60210486],[32.34528139,-10.60258882],[32.34121528,-10.60466864],[32.33542014,-10.60999919],[32.33280707,-10.61480478],[32.32754694,-10.61699059],[32.3223848,-10.61972737],[32.31988673,-10.62278511],[32.31920372,-10.62362304],[32.3183267,-10.62611682],[32.31667865,-10.63093141],[32.31009349,-10.63634095],[32.30510036,-10.64177349],[32.30354032,-10.65407144],[32.30401734,-10.66027591],[32.30541338,-10.66677835],[32.30656942,-10.67257285],[32.30896448,-10.67917029],[32.31165055,-10.68237402],[32.31436262,-10.68468782],[32.31513364,-10.69023134],[32.31449963,-10.6953729],[32.31343961,-10.70463611],[32.31343962,-10.72857307],[32.31158157,-10.73356564],[32.31021654,-10.73930415],[32.31033854,-10.74298484],[32.31315762,-10.74401875],[32.31561768,-10.74379176],[32.31805975,-10.74545962],[32.31959679,-10.7456996],[32.32163784,-10.74843137],[32.32359789,-10.74968326],[32.32608196,-10.75057619],[32.327375,-10.75121013],[32.32730299,-10.75139011],[32.32701598,-10.75191706],[32.327489,-10.75654567],[32.32937005,-10.75813953],[32.33015207,-10.76213619],[32.33188812,-10.76329909],[32.33433318,-10.76397104],[32.33559222,-10.76645982],[32.3386783,-10.7689876],[32.34220339,-10.77130141],[32.34727653,-10.77333023],[32.35216366,-10.77487409],[32.35513174,-10.77625497],[32.35750779,-10.77987667],[32.35994186,-10.78313538],[32.3615859,-10.78711805],[32.36401597,-10.79062874],[32.36760206,-10.7934405],[32.37281721,-10.79548233],[32.37602129,-10.79436142],[32.37846235,-10.79669622],[32.37972939,-10.79983795],[32.38155244,-10.80229174],[32.38551253,-10.80028091],[32.38711058,-10.80254372],[32.38733559,-10.80636138],[32.38801861,-10.80991309],[32.38960565,-10.81215789],[32.39173871,-10.8143227],[32.39369876,-10.81705047],[32.39720085,-10.82055317],[32.40199598,-10.82069815],[32.40190898,-10.82448583],[32.40148497,-10.82802853],[32.40340002,-10.83032933],[32.402591,-10.83280312],[32.39466079,-10.83266114],[32.39321476,-10.83487595],[32.39019668,-10.83382904],[32.38805362,-10.83679779],[32.38780162,-10.83717776],[32.38651958,-10.8390936],[32.38464254,-10.84533506],[32.38359351,-10.84757587],[32.38135846,-10.85166352],[32.38132046,-10.85413131],[32.38145346,-10.85726004],[32.38054544,-10.86065676],[32.38169047,-10.86144769],[32.38123246,-10.86350851],[32.38156046,-10.86468441],[32.38178147,-10.86579631],[32.38180847,-10.86631827],[32.38236149,-10.86753017],[32.38069444,-10.87164281],[32.38001943,-10.87313069],[32.37761937,-10.87647941],[32.37633434,-10.87898319],[32.37660934,-10.88169296],[32.37585732,-10.88407776],[32.37634534,-10.88523666],[32.37673835,-10.88907833],[32.37619734,-10.89224406],[32.37535032,-10.89539679],[32.37393828,-10.89897449],[32.37264925,-10.90134029],[32.36957817,-10.90558893],[32.36860115,-10.9081807],[32.36804113,-10.91112045],[32.36698411,-10.91424619],[32.3664731,-10.91720994],[32.36608809,-10.91939675],[32.36379503,-10.92246549],[32.35975892,-10.92524825],[32.35670685,-10.92796202],[32.35432278,-10.92995785],[32.35207973,-10.93198668],[32.34817362,-10.9341115],[32.3432985,-10.93659429],[32.33849538,-10.93804117],[32.33302824,-10.94064196],[32.33017916,-10.94339272],[32.32880913,-10.94697841],[32.32816911,-10.9506461],[32.3276121,-10.95405381],[32.32614306,-10.9565336],[32.323648,-10.96064425],[32.32295398,-10.96302905],[32.32459802,-10.96600379],[32.32666208,-10.96855157],[32.32779111,-10.97213327],[32.33030918,-10.97546599],[32.33334926,-10.97952864],[32.33624034,-10.98210242],[32.33949143,-10.98420623],[32.34148648,-10.98611207],[32.34684162,-11.00162574],[32.37031427,-11.05561513],[32.31335579,-11.0879434],[32.30839266,-11.08996323],[32.3060086,-11.09161209],[32.30430756,-11.09477382],[32.30223951,-11.09771658],[32.29770739,-11.09769658],[32.29560533,-11.09976041],[32.29338528,-11.10146526],[32.28954818,-11.1033701],[32.28781213,-11.10584489],[32.28574408,-11.10749474],[32.28358902,-11.1080677],[32.28110596,-11.1116584],[32.28127296,-11.11358523],[32.28047995,-11.11677196],[32.27974793,-11.11851481],[32.27903391,-11.12139057],[32.27830189,-11.12263346],[32.27540582,-11.12587418],[32.27404778,-11.12850996],[32.27245374,-11.13051379],[32.27207574,-11.13207566],[32.27186973,-11.13351254],[32.27022169,-11.1339245],[32.26906266,-11.13653228],[32.26724661,-11.13850711],[32.26592258,-11.14033196],[32.2665526,-11.14167084],[32.26572057,-11.14232879],[32.26432054,-11.14412264],[32.26367152,-11.1468534],[32.26242849,-11.15030011],[32.26144047,-11.15369082],[32.26186348,-11.15558066],[32.26148947,-11.15640859],[32.26112746,-11.15843242],[32.26285151,-11.16075222],[32.26448055,-11.16396395],[32.26582759,-11.1656058],[32.26696462,-11.16857355],[32.26759763,-11.17104934],[32.26844066,-11.17210025],[32.26844466,-11.17404608],[32.26918468,-11.17515999],[32.2700537,-11.17679585],[32.26866967,-11.18016356],[32.26710163,-11.18100349],[32.26738764,-11.18348928],[32.26800965,-11.18632704],[32.26914669,-11.18845686],[32.2698027,-11.18996573],[32.26922669,-11.1914286],[32.26922669,-11.19360642],[32.26823066,-11.19663216],[32.2658276,-11.19764008],[32.26413756,-11.19867399],[32.26395856,-11.20023786],[32.26452657,-11.20230068],[32.26338154,-11.20506545],[32.26223352,-11.20731425],[32.26204651,-11.20948007],[32.26005146,-11.20909811],[32.25935744,-11.2091591],[32.25799941,-11.20964206],[32.25742739,-11.21120492],[32.25620636,-11.21291878],[32.25487932,-11.21403869],[32.25347129,-11.21526158],[32.25224326,-11.21655447],[32.25148324,-11.21648848],[32.2502742,-11.21724342],[32.2499272,-11.21717842],[32.24833615,-11.21705743],[32.24681411,-11.21766138],[32.24566208,-11.21908726],[32.24463606,-11.2209551],[32.24207599,-11.22156105],[32.24061196,-11.22259697],[32.23989094,-11.22510775],[32.23993594,-11.22636665],[32.24086297,-11.22906042],[32.24161499,-11.23021032],[32.24140098,-11.23190017],[32.24071096,-11.23283909],[32.24010795,-11.23429497],[32.23944793,-11.23500491],[32.24049696,-11.23689675],[32.24069896,-11.23796465],[32.24033296,-11.23964651],[32.24022595,-11.24203231],[32.23872292,-11.24249627],[32.23860491,-11.24525304],[32.24020296,-11.24759183],[32.24043597,-11.24901172],[32.23972995,-11.2502746],[32.23580485,-11.26110969],[32.23560685,-11.26166064],[32.23540084,-11.26186163],[32.23540784,-11.26388345],[32.23651787,-11.26514335],[32.23739589,-11.26609726],[32.23657587,-11.26753014],[32.23778891,-11.26822208],[32.23799891,-11.27050889],[32.24048598,-11.2704059],[32.24212602,-11.2702579],[32.24236602,-11.27203076],[32.24426208,-11.27225174],[32.24424707,-11.27406958],[32.2450441,-11.27542746],[32.24766517,-11.27668735],[32.24753117,-11.27826222],[32.24668814,-11.27946912],[32.24556712,-11.28056003],[32.24656614,-11.28285983],[32.24575812,-11.2844477],[32.24826019,-11.28461668],[32.2489432,-11.28641953],[32.24904221,-11.28810938],[32.24948122,-11.28971825],[32.24907321,-11.29155209],[32.2486072,-11.29420786],[32.2486992,-11.29628769],[32.24797419,-11.29860249],[32.24685616,-11.30006337],[32.24646715,-11.30163323],[32.24746317,-11.30338908],[32.24699416,-11.30522293],[32.24686016,-11.30650882],[32.24631515,-11.30863164],[32.2446321,-11.30986553],[32.24362908,-11.31125242],[32.24365608,-11.31241232],[32.24246605,-11.3137172],[32.24296906,-11.31482411],[32.24144702,-11.31752888],[32.24195404,-11.31922074],[32.24189704,-11.32160753],[32.24316007,-11.3231644],[32.24443811,-11.32584417],[32.24241606,-11.327893],[32.24102702,-11.33001982],[32.24242406,-11.33242861],[32.24236606,-11.33551935],[32.24177504,-11.33790415],[32.24110702,-11.33952301],[32.24068802,-11.3419988],[32.24044401,-11.34389364],[32.24091702,-11.34575948],[32.23962399,-11.34822227],[32.23930699,-11.35005611],[32.23743393,-11.35219293],[32.23489687,-11.35436775],[32.23395485,-11.35676955],[32.23330283,-11.35845841],[32.23252081,-11.3609512],[32.23018176,-11.36316001],[32.22865572,-11.36705768],[32.22823671,-11.36993243],[32.22816771,-11.37246422],[32.2277977,-11.375065],[32.22858372,-11.37682285],[32.22852672,-11.37978759],[32.22696968,-11.38458318],[32.22740869,-11.38685299],[32.22534064,-11.38984874],[32.2238646,-11.39211354],[32.22249557,-11.39536127],[32.2238756,-11.39685714],[32.22323159,-11.39837601],[32.22301058,-11.40065082],[32.22228157,-11.40169073],[32.22389161,-11.40291263],[32.22402861,-11.40461548],[32.2233536,-11.40719627],[32.22292659,-11.40833617],[32.22316659,-11.40972605],[32.22248358,-11.41055898],[32.22236558,-11.41218484],[32.22374261,-11.41371571],[32.22299459,-11.41542957],[32.22182756,-11.41669446],[32.22242258,-11.41962321],[32.22291459,-11.42271495],[32.22178557,-11.42520073],[32.22072154,-11.4267496],[32.22085054,-11.43170618],[32.22115955,-11.43340604],[32.22242659,-11.43534987],[32.2228996,-11.4373677],[32.2228726,-11.43953651],[32.2227236,-11.44195231],[32.22339962,-11.44463608],[32.22358962,-11.44568499],[32.22459365,-11.44635893],[32.22492166,-11.44856575],[32.22495166,-11.44877173],[32.22757673,-11.4514655],[32.22767173,-11.45517818],[32.23944405,-11.4666612],[32.24372416,-11.46577127],[32.25013733,-11.4665982],[32.25164437,-11.4666392],[32.25580648,-11.46623423],[32.25902956,-11.46701016],[32.26270666,-11.47038487],[32.26596874,-11.47023888],[32.26960784,-11.46750011],[32.27407095,-11.46470035],[32.27869108,-11.4640314],[32.28241017,-11.45857187],[32.28537424,-11.45385426],[32.28931535,-11.45480218],[32.29462949,-11.45295133],[32.29591852,-11.45509116],[32.29780658,-11.45535713],[32.30194568,-11.45332131],[32.30320072,-11.45546712],[32.30534477,-11.45778692],[32.30825985,-11.45774793],[32.31167793,-11.4580659],[32.31469902,-11.45906481],[32.31817811,-11.45947977],[32.32238922,-11.45740195],[32.32464027,-11.45769792],[32.32665833,-11.45999672],[32.33054543,-11.46113762],[32.33572257,-11.46172557],[32.33904466,-11.46365241],[32.34330977,-11.46346242],[32.34873491,-11.46274248],[32.35165699,-11.46425635],[32.35417006,-11.46679513],[32.35877118,-11.46863197],[32.36186926,-11.46939691],[32.36598837,-11.47386353],[32.36839543,-11.47695126],[32.37210053,-11.47781619],[32.37375557,-11.48011699],[32.38008074,-11.48214381],[32.38454786,-11.48412364],[32.38638291,-11.48485358],[32.38756894,-11.48717938],[32.39109803,-11.48533054],[32.39460012,-11.48534954],[32.3975412,-11.48604947],[32.40096629,-11.48489857],[32.4012833,-11.48699639],[32.40417137,-11.48844026],[32.40788647,-11.48663042],[32.41011053,-11.4867984],[32.41222059,-11.49017411],[32.41476865,-11.48993714],[32.41727072,-11.48940618],[32.4205368,-11.49010312],[32.42249786,-11.49112803],[32.42676996,-11.49017811],[32.42846801,-11.49094104],[32.43221711,-11.49045108],[32.4355212,-11.4901751],[32.43756925,-11.49103803],[32.44057933,-11.491341],[32.4431434,-11.49223293],[32.44514245,-11.49401677],[32.4469005,-11.49633657],[32.44802953,-11.49899635],[32.45047159,-11.50037523],[32.45148962,-11.50410191],[32.45284766,-11.50552279],[32.45489672,-11.50723264],[32.45470571,-11.51043537],[32.45517872,-11.51276817],[32.45947784,-11.51168027],[32.46052687,-11.51550594],[32.46339994,-11.51633387],[32.46580301,-11.51776874],[32.46643202,-11.51982157],[32.46869808,-11.52100746],[32.47130015,-11.5228953],[32.47339821,-11.52561707],[32.47614828,-11.52777489],[32.47788433,-11.53083462],[32.47778533,-11.53429633],[32.47742332,-11.53868596],[32.47904836,-11.54106975],[32.47936837,-11.54255263],[32.48460251,-11.5429116],[32.48523153,-11.54551838],[32.48112742,-11.5475972],[32.48298847,-11.55006099],[32.48459852,-11.55354469],[32.48533454,-11.55604948],[32.48625057,-11.55763334],[32.48665057,-11.55949519],[32.48620857,-11.56187099],[32.4875396,-11.56496672],[32.48832562,-11.56767949],[32.49020667,-11.56912037],[32.4912517,-11.57156016],[32.49206773,-11.57367798],[32.49412378,-11.5757078],[32.49530681,-11.57752765],[32.49718686,-11.57822659],[32.4988619,-11.57749465],[32.50010994,-11.57755064],[32.50140297,-11.5780426],[32.50211999,-11.57888553],[32.50279501,-11.57977146],[32.50192899,-11.58039241],[32.50113996,-11.58092436],[32.50131897,-11.58362813],[32.50153198,-11.58419708],[32.50351203,-11.58598393],[32.50513007,-11.58584894],[32.50662111,-11.58583594],[32.50806315,-11.5875108],[32.50973019,-11.58958362],[32.51028321,-11.59089251],[32.51092823,-11.59249337],[32.51275128,-11.59368327],[32.51393031,-11.59490316],[32.51509034,-11.59758094],[32.51688339,-11.59822788],[32.51964146,-11.59720896],[32.5211325,-11.59989873],[32.52272754,-11.60196856],[32.52419958,-11.60216954],[32.52709166,-11.6014816],[32.52927371,-11.60252151],[32.53034574,-11.60453334],[32.53268381,-11.6061722],[32.53464486,-11.60860799],[32.53704792,-11.60984688],[32.53560588,-11.6119247],[32.53449186,-11.61355057],[32.53679292,-11.61482146],[32.53789095,-11.61727925],[32.53947399,-11.61995803],[32.53805496,-11.62221683],[32.54001201,-11.62402768],[32.54279308,-11.62185186],[32.5434801,-11.6237717],[32.54150005,-11.62671545],[32.54022601,-11.62740039],[32.54111104,-11.63034014],[32.54254508,-11.63269294],[32.54221007,-11.63566369],[32.5434111,-11.63700357],[32.54465914,-11.63886042],[32.54743621,-11.63936937],[32.54861424,-11.6402683],[32.54950726,-11.64197815],[32.55165132,-11.64194315],[32.55365437,-11.64085224],[32.55587443,-11.6413372],[32.55738447,-11.64208714],[32.55888051,-11.6401843],[32.56056656,-11.6400853],[32.56262661,-11.64160718],[32.56444966,-11.64134819],[32.56655171,-11.64174216],[32.56700572,-11.64343301],[32.56928678,-11.64350001],[32.57095383,-11.64535385],[32.57278188,-11.64636176],[32.57499793,-11.64749467],[32.57634797,-11.64914852],[32.577477,-11.65113236],[32.57901504,-11.65107136],[32.57859903,-11.65258723],[32.57926705,-11.65366614],[32.58086509,-11.65480504],[32.58236813,-11.65701286],[32.58577122,-11.65687486],[32.58697626,-11.65924566],[32.58898331,-11.66044156],[32.59099336,-11.6610835],[32.59020334,-11.66314333],[32.59268341,-11.66510016],[32.5922784,-11.66838888],[32.59193539,-11.66980776],[32.5923204,-11.6728185],[32.59499147,-11.67420839],[32.59636851,-11.67840403],[32.59547149,-11.68133178],[32.59050136,-11.68283466],[32.58587024,-11.68523046],[32.58549223,-11.69110796],[32.58958934,-11.69553358],[32.59035237,-11.69905128],[32.58669827,-11.69932626],[32.58295517,-11.69630852],[32.57723302,-11.69638252],[32.57476096,-11.7000862],[32.57188889,-11.70143809],[32.56731076,-11.69960525],[32.56500271,-11.70271998],[32.56245064,-11.70881547],[32.56190163,-11.71342708],[32.56514772,-11.71513193],[32.56086361,-11.71655381],[32.55641549,-11.71696178],[32.55260139,-11.71842066],[32.55051433,-11.72244032],[32.54784427,-11.72336724],[32.54470818,-11.72123542],[32.54313314,-11.7238902],[32.54064208,-11.72721492],[32.53901304,-11.73148556],[32.54169111,-11.73711508],[32.54617723,-11.74004883],[32.54933232,-11.74282859],[32.54603223,-11.74661127],[32.54431519,-11.74831713],[32.54341917,-11.75047794],[32.54311416,-11.75142587],[32.54298016,-11.75162585],[32.54417819,-11.75383966],[32.54578023,-11.75633945],[32.54542222,-11.75844527],[32.54217114,-11.76152001],[32.54103511,-11.76290289],[32.54111511,-11.76370782],[32.54166813,-11.76651758],[32.5406761,-11.76976431],[32.54104612,-11.77279905],[32.5440522,-11.7746239],[32.5442922,-11.77604978],[32.54241915,-11.77657973],[32.54123312,-11.77599078],[32.53930307,-11.77544783],[32.53525497,-11.77331401],[32.5329209,-11.77099921],[32.53047884,-11.76973832],[32.52833878,-11.76961733],[32.52683974,-11.77064524],[32.52579872,-11.77341601],[32.52324265,-11.77662174],[32.52163261,-11.77670873],[32.51896954,-11.77551083],[32.5175015,-11.77672173],[32.51633747,-11.77969148],[32.51559746,-11.78268423],[32.51338839,-11.78471206],[32.51062332,-11.78437609],[32.50888728,-11.78289921],[32.50818126,-11.78110837],[32.50644621,-11.78172032],[32.5058432,-11.7830722],[32.50543919,-11.78510503],[32.50558419,-11.7877638],[32.50664022,-11.78952165],[32.50826527,-11.79078055],[32.51124834,-11.79175146],[32.51250038,-11.79294536],[32.51172136,-11.79467321],[32.50984531,-11.79519217],[32.50731224,-11.7936243],[32.5056562,-11.79181346],[32.50394315,-11.78950765],[32.5018641,-11.78871772],[32.50072807,-11.78942666],[32.50012905,-11.78983563],[32.50017105,-11.79186945],[32.50059407,-11.79274438],[32.50297813,-11.79481221],[32.5058012,-11.79595311],[32.50587721,-11.79924383],[32.50258112,-11.79917683],[32.49999105,-11.79883587],[32.49750398,-11.79793894],[32.49667197,-11.79974279],[32.49883902,-11.80251556],[32.49940004,-11.80358946],[32.50072407,-11.8042994],[32.50234112,-11.80455438],[32.50393216,-11.80461837],[32.5052292,-11.80455738],[32.50690023,-11.80300851],[32.50894829,-11.80118366],[32.50963531,-11.80397843],[32.5091663,-11.80548029],[32.50661423,-11.80640722],[32.50324115,-11.80808008],[32.50052207,-11.8101739],[32.49990706,-11.81119482],[32.49585195,-11.81247071],[32.49335788,-11.8078481],[32.48954678,-11.80576928],[32.48838676,-11.81081985],[32.4899318,-11.81606541],[32.48890578,-11.81939213],[32.48475167,-11.8197531],[32.4822296,-11.81427056],[32.47782348,-11.81410258],[32.47669045,-11.81814724],[32.47219334,-11.82235989],[32.46857624,-11.82538463],[32.46336211,-11.82795042],[32.45851298,-11.8281854],[32.46015003,-11.83265302],[32.45688394,-11.83500482],[32.45290884,-11.83038821],[32.44649267,-11.83227506],[32.44709169,-11.83608174],[32.44716769,-11.8388835],[32.44241056,-11.83904649],[32.43701242,-11.83814057],[32.43626541,-11.84210523],[32.4396795,-11.84230421],[32.44450562,-11.84390408],[32.44463463,-11.84721079],[32.44576066,-11.8495536],[32.44637468,-11.85166342],[32.44575666,-11.85208538],[32.44493664,-11.85264433],[32.44230057,-11.8542232],[32.43950049,-11.85392823],[32.43478837,-11.85473216],[32.43157329,-11.86111662],[32.4278722,-11.86517628],[32.42472512,-11.86892896],[32.4276662,-11.87151974],[32.43183231,-11.87183771],[32.43124129,-11.87452749],[32.42355809,-11.8743975],[32.42119303,-11.8768123],[32.42553815,-11.88241882],[32.43245033,-11.8897452],[32.43414838,-11.89508274],[32.42559115,-11.89501975],[32.42188706,-11.89488277],[32.42153205,-11.89948538],[32.4269952,-11.89989434],[32.43044428,-11.90007132],[32.43138631,-11.90358303],[32.43023828,-11.90709373],[32.42943626,-11.90873059],[32.42650319,-11.91044145],[32.42158605,-11.91110039],[32.41815997,-11.9145811],[32.41767996,-11.91745685],[32.41372386,-11.92001364],[32.41164081,-11.92313938],[32.41591292,-11.92647409],[32.41702295,-11.92981881],[32.41468489,-11.93300454],[32.40857773,-11.93576731],[32.41073279,-11.93973998],[32.41429589,-11.94123784],[32.41518091,-11.94526551],[32.40922175,-11.94582845],[32.40420162,-11.94608044],[32.40234358,-11.94970113],[32.39798347,-11.95393978],[32.39706044,-11.95829741],[32.3992965,-11.96105917],[32.39460038,-11.96752163],[32.38912924,-11.9679066],[32.38583315,-11.9725882],[32.38782921,-11.9772958],[32.3911703,-11.98142245],[32.39044528,-11.98476717],[32.38521215,-11.98384325],[32.38081303,-11.98534912],[32.38072903,-11.9904127],[32.38165306,-11.99378741],[32.37839497,-11.99519929],[32.37443886,-11.99447435],[32.37337084,-11.99681416],[32.37689593,-11.99905597],[32.37828397,-12.00084881],[32.37867698,-12.00179573],[32.37697194,-12.00602238],[32.3753769,-12.01091197],[32.37636493,-12.01653449],[32.38312511,-12.02058914],[32.38547517,-12.02621666],[32.38415914,-12.03229915],[32.37842199,-12.03066829],[32.37560992,-12.02643165],[32.36883474,-12.02793553],[32.36804172,-12.03310409],[32.36628668,-12.0365508],[32.36103754,-12.0389096],[32.35732544,-12.03738873],[32.35388835,-12.0331501],[32.35085627,-12.03619184],[32.35153829,-12.04172537],[32.35279733,-12.04833581],[32.3514773,-12.05385434],[32.35142029,-12.057905],[32.35411337,-12.06052978],[32.35549041,-12.06313756],[32.35358336,-12.06472242],[32.35235132,-12.06356552],[32.35275934,-12.06280759],[32.3512983,-12.06135571],[32.34949725,-12.0615067],[32.34635816,-12.06108173],[32.34149404,-12.06239162],[32.33783994,-12.06476743],[32.33760694,-12.0709219],[32.33685192,-12.07586449],[32.33342584,-12.07894723],[32.3242016,-12.08272192],[32.31962048,-12.07880625],[32.31451234,-12.07685042],[32.30962121,-12.08330287],[32.30646313,-12.08958635],[32.30137801,-12.093723],[32.29467883,-12.09743668],[32.28895668,-12.10123837],[32.28436756,-12.10192031],[32.28093447,-12.10484207],[32.27764639,-12.10823878],[32.27664636,-12.11281039],[32.28011446,-12.11644609],[32.28065248,-12.12257357],[32.2816365,-12.12936399],[32.28101449,-12.1351925],[32.28332655,-12.14038906],[32.28383757,-12.14448471],[32.27468933,-12.14760445],[32.27217527,-12.15136014],[32.27802743,-12.15568577],[32.28224254,-12.15823855],[32.28288355,-12.16272317],[32.28373458,-12.16725979],[32.28669466,-12.1706055],[32.29115378,-12.17188939],[32.29496188,-12.17399821],[32.2955489,-12.17985472],[32.29483889,-12.18725809],[32.29878799,-12.18940791],[32.30379312,-12.18820201],[32.3066692,-12.19354056],[32.30297611,-12.19862913],[32.29804398,-12.2036897],[32.29639193,-12.20811433],[32.29276784,-12.21245297],[32.28833872,-12.21134706],[32.28652668,-12.21595867],[32.28675569,-12.22277509],[32.28617968,-12.22831463],[32.28615668,-12.23067543],[32.28610768,-12.23226429],[32.2867677,-12.2333772],[32.28735471,-12.23431212],[32.28785873,-12.23644494],[32.28788073,-12.23891173],[32.28748472,-12.2405376],[32.27739846,-12.25463241],[32.27736346,-12.2582641],[32.27770747,-12.2630937],[32.27926752,-12.26668339],[32.27944652,-12.26952215],[32.27808149,-12.27213993],[32.27554443,-12.27275688],[32.27275935,-12.27198995],[32.27060429,-12.26908619],[32.26835723,-12.26646741],[32.26638118,-12.26836026],[32.26611418,-12.27124901],[32.26551916,-12.27320985],[32.26389712,-12.27621459],[32.26212407,-12.27923834],[32.26141006,-12.28073021],[32.26072404,-12.28341898],[32.26135706,-12.28637774],[32.26316111,-12.28929449],[32.26369112,-12.2926312],[32.26176507,-12.29491202],[32.25813698,-12.29461104],[32.25385687,-12.29550297],[32.25155681,-12.2963199],[32.25052678,-12.29740381],[32.25060278,-12.2975668],[32.25047378,-12.29798176],[32.24973376,-12.29926365],[32.24826472,-12.30066053],[32.2472077,-12.3011725],[32.24562465,-12.30289235],[32.24387761,-12.3046882],[32.24151255,-12.30716799],[32.24042552,-12.30799392],[32.23911649,-12.30875186],[32.23650342,-12.30969378],[32.23410835,-12.31094067],[32.2319413,-12.3119226],[32.22937023,-12.31248255],[32.22459711,-12.31402342],[32.22065701,-12.3166542],[32.21833395,-12.32044388],[32.21937497,-12.3237246],[32.22533013,-12.32224173],[32.22649016,-12.32562744],[32.22594015,-12.32923914],[32.22355209,-12.33285783],[32.22137803,-12.33659452],[32.21801695,-12.33835437],[32.21346583,-12.33553261],[32.21105876,-12.33196491],[32.20725566,-12.33307182],[32.20631664,-12.33766144],[32.20529462,-12.34130013],[32.2008275,-12.342835],[32.19757341,-12.34207607],[32.19433833,-12.34483784],[32.19444133,-12.34989341],[32.19468935,-12.35501898],[32.19514336,-12.35940461],[32.19606338,-12.36286931],[32.1966274,-12.36331328],[32.1967614,-12.36387423],[32.19768443,-12.36679598],[32.19697041,-12.37154858],[32.19573438,-12.3749773],[32.19225529,-12.37853699],[32.18643414,-12.3809238],[32.18425608,-12.38454449],[32.18709816,-12.38595137],[32.19111927,-12.3880172],[32.19159628,-12.38934509],[32.1924423,-12.39173388],[32.19179029,-12.39366572],[32.18868521,-12.39636049],[32.1844811,-12.39706944],[32.18039599,-12.39667747],[32.17380782,-12.39557557],[32.16859268,-12.39860432],[32.16959971,-12.40300994],[32.17193077,-12.40567271],[32.17374982,-12.40916042],[32.17106075,-12.41252014],[32.1650256,-12.41364304],[32.1613865,-12.41077329],[32.15649937,-12.41014635],[32.1536343,-12.41389703],[32.15106023,-12.41829966],[32.14682112,-12.4215024],[32.14423106,-12.42508209],[32.14446407,-12.43054463],[32.14612011,-12.43502125],[32.14669613,-12.43953288],[32.14812617,-12.44474543],[32.14879419,-12.44922205],[32.14679114,-12.45350669],[32.14321704,-12.45629946],[32.13980596,-12.45871726],[32.1374179,-12.46266893],[32.1375359,-12.46305089],[32.13867293,-12.46675958],[32.13985596,-12.46866042],[32.14300305,-12.47086823],[32.14666915,-12.47200913],[32.14837819,-12.4760258],[32.14987323,-12.48045042],[32.15276131,-12.48366015],[32.15326433,-12.48835275],[32.15247931,-12.49237142],[32.15136128,-12.49660006],[32.15086927,-12.49802694],[32.14922523,-12.50154665],[32.1439831,-12.50614626],[32.13921097,-12.50760414],[32.13636189,-12.50926],[32.13564788,-12.50967397],[32.13385883,-12.51377762],[32.13381683,-12.51846823],[32.13284781,-12.52264387],[32.13131077,-12.52876436],[32.13128377,-12.53223707],[32.13374084,-12.53524481],[32.13872297,-12.53858553],[32.14246907,-12.54090533],[32.14447512,-12.54325913],[32.14503614,-12.5472038],[32.14427713,-12.54738978],[32.14139304,-12.54811073],[32.13673892,-12.54739079],[32.13240181,-12.5484917],[32.13001775,-12.55229538],[32.13247782,-12.556777],[32.13221881,-12.56120562],[32.13062777,-12.56479932],[32.12943375,-12.56844802],[32.12590165,-12.57262067],[32.12403961,-12.57889614],[32.12443662,-12.58328877],[32.12289158,-12.58736143],[32.12137654,-12.58938726],[32.1194465,-12.59119711],[32.11797446,-12.59267598],[32.11673042,-12.59384888],[32.11635641,-12.59443184],[32.11169129,-12.60004037],[32.11083327,-12.6020622],[32.11090127,-12.60341808],[32.11344935,-12.6055149],[32.11708944,-12.6067348],[32.12010652,-12.6079117],[32.1230596,-12.60986453],[32.12369262,-12.6114754],[32.12143456,-12.61445915],[32.11869849,-12.61590803],[32.11679144,-12.61729391],[32.11653943,-12.61752489],[32.11438037,-12.61773488],[32.11112229,-12.61804085],[32.1077242,-12.61930575],[32.1036881,-12.62573421],[32.10154004,-12.63168371],[32.10052502,-12.63866012],[32.09997601,-12.64397867],[32.09720594,-12.64998917],[32.09712995,-12.65601666],[32.09956001,-12.66074526],[32.09807997,-12.66375701],[32.09389886,-12.66677976],[32.09059578,-12.66941554],[32.08826472,-12.6711524],[32.08458663,-12.67512806],[32.08207356,-12.67732188],[32.08034151,-12.67883675],[32.07691143,-12.68157252],[32.07571039,-12.6830664],[32.07559539,-12.68369234],[32.07474837,-12.6831014],[32.07420336,-12.68627213],[32.07816646,-12.6902258],[32.08192856,-12.69022779],[32.08630368,-12.6888509],[32.09078579,-12.68838994],[32.0946349,-12.69050876],[32.09729397,-12.69450442],[32.09798099,-12.69755917],[32.09656595,-12.70109687],[32.09569993,-12.70209979],[32.0909158,-12.70492755],[32.08581167,-12.70895921],[32.08356862,-12.71534168],[32.08578068,-12.71992429],[32.08594469,-12.72429092],[32.08486966,-12.72751065],[32.08073755,-12.72896353],[32.07822449,-12.73259423],[32.07998254,-12.73587495],[32.08007454,-12.73843973],[32.07914751,-12.74113151],[32.07508041,-12.74134149],[32.07015228,-12.74044957],[32.06516615,-12.74183146],[32.06023002,-12.74291837],[32.05515189,-12.74400028],[32.05369085,-12.74673305],[32.05380185,-12.74683405],[32.05718495,-12.7532625],[32.05768896,-12.75636424],[32.0554799,-12.75932999],[32.05599892,-12.76424858],[32.05864699,-12.76620341],[32.06306811,-12.76677036],[32.06798124,-12.76601843],[32.07163633,-12.76572545],[32.07373039,-12.76729432],[32.07219335,-12.77008108],[32.06982729,-12.77125898],[32.06673021,-12.77075103],[32.06368212,-12.76968912],[32.05800197,-12.77186494],[32.05732296,-12.77512767],[32.05676595,-12.77664154],[32.05445389,-12.77834439],[32.05142081,-12.77969828],[32.0472477,-12.78227707],[32.04482564,-12.78440789],[32.04645869,-12.79050738],[32.05148582,-12.79316515],[32.05630794,-12.79685784],[32.05324086,-12.79903566],[32.05049479,-12.79884567],[32.0468547,-12.79726081],[32.04205957,-12.79703483],[32.0395915,-12.79414108],[32.0358184,-12.79169828],[32.0317983,-12.79294018],[32.03216831,-12.79859871],[32.0318553,-12.80374928],[32.03008926,-12.80833989],[32.02727019,-12.81122265],[32.02198205,-12.8142234],[32.01938098,-12.819011],[32.02111703,-12.82193875],[32.02254307,-12.82441154],[32.02193306,-12.82843121],[32.02003301,-12.83021305],[32.01378785,-12.83323281],[32.01029376,-12.83577059],[32.00900072,-12.83695649],[32.00602565,-12.84002724],[32.00474762,-12.84349595],[32.0040416,-12.8464217],[32.00327858,-12.84933745],[32.00210355,-12.85152627],[31.99940648,-12.85420305],[31.99884747,-12.85426405],[31.99862846,-12.85467601],[31.99791144,-12.85549894],[31.99717342,-12.85616189],[31.9963544,-12.85620488],[31.99537837,-12.85539695],[31.99438034,-12.85401207],[31.99367333,-12.85260819],[31.99304131,-12.85073534],[31.99148126,-12.84969643],[31.98950121,-12.85075735],[31.98833619,-12.85272118],[31.98827318,-12.85582992],[31.98903821,-12.8596376],[31.98990223,-12.86209039],[31.99176028,-12.86408523],[31.99436935,-12.8655511],[31.99701442,-12.86459618],[31.99858646,-12.86349927],[32.00249257,-12.86603606],[32.00436562,-12.8726045],[32.00422062,-12.87678615],[32.00148155,-12.87968691],[31.9999445,-12.88049384],[31.99937049,-12.88079182],[31.99788445,-12.88123578],[31.99543139,-12.88139777],[31.99354134,-12.88081482],[31.99056026,-12.87897697],[31.98792819,-12.87734011],[31.9845401,-12.87500431],[31.98284505,-12.87570125],[31.98287105,-12.87940694],[31.98573614,-12.88356759],[31.98857021,-12.88689331],[31.99034426,-12.88946709],[31.99009425,-12.8930268],[31.98832821,-12.89570457],[31.98627015,-12.89620253],[31.98396009,-12.89556058],[31.98117802,-12.89348076],[31.97892696,-12.89086198],[31.97746592,-12.88862217],[31.97649689,-12.88613238],[31.97658689,-12.88405455],[31.9766589,-12.88145477],[31.97531786,-12.87886299],[31.97196477,-12.87663718],[31.96845168,-12.87611723],[31.96684363,-12.87752011],[31.96602361,-12.88055086],[31.96660863,-12.88256868],[31.9693327,-12.88446253],[31.97240779,-12.8859644],[31.97439884,-12.88767925],[31.97471485,-12.88980607],[31.97493485,-12.89032903],[31.97455484,-12.89143994],[31.97400983,-12.8930908],[31.97138476,-12.89448368],[31.96863869,-12.89496765],[31.96380156,-12.89528562],[31.96276154,-12.89771841],[31.96230953,-12.90085315],[31.96221653,-12.9014971],[31.96169951,-12.90455584],[31.95956446,-12.90652068],[31.95630137,-12.90481782],[31.95311928,-12.90342094],[31.95120323,-12.9039179],[31.94770114,-12.90552177],[31.94412105,-12.90910447],[31.94242301,-12.91245219],[31.94170399,-12.9159749],[31.94038996,-12.91976458],[31.93721387,-12.91937261],[31.93421579,-12.91651185],[31.93306876,-12.91410405],[31.93169573,-12.91097232],[31.92884265,-12.90906048],[31.92530456,-12.91392607],[31.92485255,-12.91766476],[31.92423253,-12.92260635],[31.92372252,-12.92631103],[31.92312951,-12.93054868],[31.92159247,-12.93468834],[31.91967342,-12.93534228],[31.91710835,-12.93414738],[31.9151703,-12.9316176],[31.91369226,-12.92816589],[31.91106019,-12.92663902],[31.90739409,-12.92851986],[31.90617106,-12.93105365],[31.90547105,-12.93250653],[31.90568505,-12.93676617],[31.90580106,-12.94164576],[31.90509704,-12.94701131],[31.90458403,-12.95137394],[31.90479004,-12.95452968],[31.90651609,-12.95768141],[31.90851114,-12.96044418],[31.91033919,-12.96401488],[31.90937016,-12.96620469],[31.9068121,-12.96864549],[31.90531306,-12.96956742],[31.90331801,-12.97079731],[31.8990359,-12.97280615],[31.89588081,-12.97313612],[31.89388777,-12.97434702],[31.89234972,-12.9781997],[31.89196872,-12.98216336],[31.89293574,-12.9853061],[31.89471679,-12.98861982],[31.89669085,-12.99113961],[31.90103096,-12.99463032],[31.90194799,-12.99561923],[31.90335203,-12.99738808],[31.90345903,-12.99942791],[31.902316,-13.00149274],[31.90099097,-13.00311361],[31.90017194,-13.00384454],[31.89913692,-13.00475347],[31.89829389,-13.0055064],[31.89761487,-13.00626234],[31.89674286,-13.00725326],[31.89577183,-13.00832417],[31.89522982,-13.00928309],[31.89526282,-13.01061998],[31.89568983,-13.01212185],[31.89615684,-13.01299878],[31.89654986,-13.01361473],[31.89581584,-13.01469863],[31.8946698,-13.01495361],[31.89283276,-13.01555057],[31.89163672,-13.01593553],[31.89032269,-13.01676046],[31.89010669,-13.01771939],[31.89105071,-13.01918826],[31.89151272,-13.0199042],[31.89155873,-13.02034416],[31.89106472,-13.02163706],[31.89000368,-13.02221701],[31.88805864,-13.02295295],[31.8866486,-13.02339591],[31.88562257,-13.02393587],[31.88475655,-13.02513476],[31.88313951,-13.02877846],[31.88201948,-13.03224117],[31.88155247,-13.03507094],[31.88079545,-13.0378037],[31.87953842,-13.0402925],[31.87801638,-13.04226433],[31.8748633,-13.04286529],[31.87158421,-13.04215834],[31.86972116,-13.04080246],[31.86815812,-13.03839966],[31.86770611,-13.03605886],[31.86846212,-13.03348607],[31.86993616,-13.03114327],[31.87081919,-13.02896045],[31.87115519,-13.02665765],[31.86952615,-13.02528276],[31.8677201,-13.02524777],[31.86555104,-13.02676564],[31.86455702,-13.02826451],[31.86338399,-13.02991237],[31.86218096,-13.03139626],[31.86155895,-13.03304112],[31.86118693,-13.03499795],[31.86113193,-13.03653582],[31.86216896,-13.03884563],[31.863579,-13.04088446],[31.86495404,-13.04291528],[31.86560806,-13.04514809],[31.86493104,-13.0474699],[31.86376601,-13.04922475],[31.86213897,-13.05074463],[31.85898589,-13.05181554],[31.85554679,-13.05265847],[31.85317773,-13.05338041],[31.85096868,-13.05439133],[31.85045066,-13.0547233],[31.8480836,-13.05630317],[31.84623455,-13.05809402],[31.84447251,-13.06066381],[31.84312248,-13.06444449],[31.84183444,-13.06762023],[31.84087141,-13.07012801],[31.84072041,-13.07045099],[31.83965839,-13.0727318],[31.83748233,-13.07501061],[31.83467626,-13.07503461],[31.83172918,-13.07462965],[31.82797908,-13.0739827],[31.824821,-13.07314377],[31.82169092,-13.07338476],[31.81900284,-13.07377872],[31.81583676,-13.0740807],[31.8135457,-13.07372473],[31.81186765,-13.07248184],[31.8098746,-13.07150492],[31.80735853,-13.07126694],[31.80662952,-13.0729348],[31.80739853,-13.07481964],[31.80829457,-13.0776314],[31.80855257,-13.08055116],[31.80850857,-13.08415786],[31.80877558,-13.08763156],[31.80887258,-13.09119927],[31.8092636,-13.09397503],[31.80989362,-13.09705978],[31.81051663,-13.09952257],[31.81021762,-13.10181438],[31.80955161,-13.10211235],[31.80807757,-13.1027743],[31.80590151,-13.10245233],[31.80490949,-13.10230734],[31.8014874,-13.10162939],[31.79866632,-13.10099245],[31.79639226,-13.1003885],[31.7940312,-13.09919361],[31.79177114,-13.09819569],[31.78895807,-13.09761574],[31.78589798,-13.09746575],[31.78229689,-13.09777373],[31.77952782,-13.09858266],[31.77703075,-13.1005835],[31.77497269,-13.10277032],[31.77284764,-13.10566307],[31.7711806,-13.1089898],[31.76974056,-13.11218253],[31.76811952,-13.11428935],[31.76505044,-13.11408337],[31.7635304,-13.11092164],[31.76303039,-13.10747593],[31.76240437,-13.10379423],[31.76180035,-13.10071049],[31.76048231,-13.09749577],[31.75915028,-13.09434403],[31.75726622,-13.09208522],[31.75491416,-13.09053735],[31.75285211,-13.0899784],[31.75027404,-13.08942244],[31.74693195,-13.08921646],[31.7452729,-13.08958044],[31.74312685,-13.09071834],[31.74169781,-13.09172926],[31.74108179,-13.09257619],[31.74013777,-13.09402906],[31.73942975,-13.09586591],[31.73958876,-13.0983727],[31.7408108,-13.10043053],[31.74197283,-13.10202339],[31.74323686,-13.1031443],[31.7449139,-13.10428821],[31.74652195,-13.10527312],[31.74800999,-13.10583007],[31.75021105,-13.10745893],[31.75101007,-13.10823387],[31.75155208,-13.10938977],[31.75167609,-13.11004372],[31.75149608,-13.1114146],[31.75004105,-13.11301547],[31.74899002,-13.11395939],[31.74726597,-13.11459534],[31.7444909,-13.1150583],[31.74179383,-13.11500931],[31.73967078,-13.11463934],[31.73837174,-13.11452235],[31.73617568,-13.11467634],[31.73395762,-13.11533428],[31.73273559,-13.11603323],[31.73185056,-13.11683316],[31.73094454,-13.11808205],[31.73024253,-13.11924695],[31.73004752,-13.11955993],[31.7292595,-13.12080583],[31.72827947,-13.12340961],[31.72810547,-13.12549844],[31.72900449,-13.12794123],[31.73102055,-13.130698],[31.7326326,-13.13248585],[31.73384363,-13.13403772],[31.73461765,-13.13568858],[31.73465965,-13.13699047],[31.73442164,-13.13884131],[31.73358162,-13.14147609],[31.7325846,-13.14424286],[31.73218159,-13.14557775],[31.73220859,-13.14708062],[31.73279261,-13.14826753],[31.73374063,-13.14945343],[31.73493467,-13.15060733],[31.7363307,-13.15171023],[31.73786375,-13.15289013],[31.73941078,-13.15393704],[31.74017781,-13.15487397],[31.7401858,-13.15504195],[31.74024681,-13.15655283],[31.73948779,-13.1580577],[31.73809276,-13.15918961],[31.73555769,-13.1604875],[31.7320506,-13.16227135],[31.72861951,-13.16381523],[31.72610344,-13.16584706],[31.7246554,-13.16780089],[31.72392339,-13.17032568],[31.72300736,-13.17200354],[31.72152132,-13.17405437],[31.7203753,-13.17565724],[31.71984528,-13.17692213],[31.71914727,-13.18048884],[31.71942927,-13.1832456],[31.71980529,-13.18602237],[31.71715022,-13.18956707],[31.71469716,-13.19136193],[31.71297411,-13.19249183],[31.71011003,-13.19440368],[31.70749097,-13.19578356],[31.70372187,-13.19937826],[31.70166182,-13.20147109],[31.69919975,-13.20311195],[31.6971967,-13.20426186],[31.69558066,-13.20471382],[31.6933056,-13.20535377],[31.69069453,-13.20571974],[31.68808646,-13.20600172],[31.68465537,-13.20812854],[31.68145129,-13.21052234],[31.67694617,-13.21515295],[31.67275906,-13.21972357],[31.66961598,-13.22258834],[31.66681191,-13.22439218],[31.66356382,-13.226652],[31.66050774,-13.22704296],[31.65650264,-13.22691098],[31.65408757,-13.22690698],[31.65208052,-13.22761092],[31.65056048,-13.2290938],[31.64903244,-13.23096464],[31.64816842,-13.23304847],[31.64767641,-13.23465433],[31.6473314,-13.23607122],[31.64703539,-13.23892698],[31.64676538,-13.24121879],[31.64667139,-13.24393856],[31.64674039,-13.24570141],[31.64680139,-13.24778824],[31.64691539,-13.24959608],[31.6472814,-13.25143493],[31.6472014,-13.25156092],[31.64797642,-13.25338977],[31.64898145,-13.25626053],[31.65096651,-13.26002122],[31.65332658,-13.26412387],[31.65504262,-13.26717061],[31.65730568,-13.27161824],[31.6577627,-13.2757259],[31.65644267,-13.28479814],[31.65206355,-13.28845484],[31.64549238,-13.28966774],[31.64281831,-13.29217453],[31.64521838,-13.29639818],[31.65048851,-13.29727309],[31.65500463,-13.29921493],[31.65754771,-13.30503845],[31.65955376,-13.31181788],[31.65573366,-13.31721743],[31.64925449,-13.31908327],[31.64276732,-13.31767239],[31.6381762,-13.31859632],[31.63409209,-13.32267898],[31.63298607,-13.3272166],[31.63484712,-13.3319462],[31.63904023,-13.33829167],[31.64094129,-13.34434017],[31.63870023,-13.34909077],[31.63224606,-13.35171956],[31.62255481,-13.35393437],[31.61820769,-13.35860998],[31.61643365,-13.3644485],[31.61952974,-13.37030101],[31.62248382,-13.37457565],[31.61755669,-13.37649149],[31.60766143,-13.37587655],[31.59855718,-13.37495663],[31.58678287,-13.37406271],[31.58051871,-13.37604855],[31.57530858,-13.38409088],[31.57364153,-13.3898464],[31.57087346,-13.394654],[31.56646135,-13.39686081],[31.55888915,-13.39878066],[31.55494705,-13.40396123],[31.55248598,-13.40962176],[31.5490699,-13.41326146],[31.54215972,-13.41943194],[31.54117569,-13.42341961],[31.54318375,-13.42793123],[31.54356376,-13.42999406],[31.54153371,-13.43100297],[31.53997767,-13.43115397],[31.53857363,-13.43092898],[31.53658958,-13.43089999],[31.5338735,-13.43120196],[31.53120543,-13.43150094],[31.52847736,-13.43182192],[31.52425825,-13.4320499],[31.52073916,-13.43133296],[31.51669905,-13.430839],[31.51254294,-13.43167394],[31.50872684,-13.43250087],[31.50519375,-13.43297683],[31.50315169,-13.43345879],[31.50067163,-13.4333718],[31.49988161,-13.43322581],[31.49790555,-13.43011408],[31.49351144,-13.4285952],[31.4885313,-13.42647739],[31.48484221,-13.4263224],[31.48231714,-13.42591843],[31.47944606,-13.4251035],[31.477266,-13.42609542],[31.47347191,-13.42711234],[31.46988981,-13.42643739],[31.46774975,-13.42534949],[31.46525868,-13.42133082],[31.46170359,-13.41849006],[31.45679346,-13.41696919],[31.45237834,-13.41499036],[31.44897925,-13.41473738],[31.44617118,-13.41589429],[31.44445914,-13.41805911],[31.44347111,-13.41956198],[31.44270809,-13.42235875],[31.44211408,-13.42429059],[31.44113605,-13.42512252],[31.44010802,-13.42519052],[31.43854998,-13.42458256],[31.43723895,-13.42509152],[31.4355699,-13.42563148],[31.43395686,-13.42218977],[31.43076377,-13.41663723],[31.42590564,-13.4062811],[31.42235754,-13.39810079],[31.42368557,-13.39001246],[31.42613963,-13.38263507],[31.42552161,-13.37659758],[31.42751866,-13.37140601],[31.43421984,-13.36696438],[31.43571487,-13.36202979],[31.43469685,-13.35777915],[31.43426383,-13.35362049],[31.43605288,-13.34881289],[31.43678289,-13.34295538],[31.43572686,-13.3380428],[31.43522485,-13.33213729],[31.43066473,-13.32696073],[31.42300452,-13.32066126],[31.41693635,-13.31608465],[31.41300325,-13.31231996],[31.40930915,-13.31336287],[31.40786911,-13.30935121],[31.40442202,-13.30661044],[31.39862987,-13.30760336],[31.39665582,-13.30416665],[31.39820985,-13.29709524],[31.3965218,-13.2904248],[31.39371772,-13.28290542],[31.38876459,-13.27885577],[31.38192241,-13.27438314],[31.37880933,-13.27270929],[31.37621526,-13.26955855],[31.37442821,-13.26605884],[31.36969608,-13.26165522],[31.36402693,-13.25955239],[31.36461894,-13.25630967],[31.36667299,-13.25285596],[31.366749,-13.25150806],[31.36972307,-13.24110194],[31.37312216,-13.23734425],[31.37629024,-13.23094178],[31.37776827,-13.22399536],[31.37918931,-13.21683896],[31.3827794,-13.20823968],[31.38456844,-13.20174822],[31.38261539,-13.19818452],[31.38287639,-13.19334093],[31.38102034,-13.18944325],[31.37894129,-13.18674648],[31.37853728,-13.18303279],[31.37507518,-13.17943309],[31.36910102,-13.17867216],[31.36528992,-13.17713029],[31.36553592,-13.17145476],[31.36586993,-13.16638219],[31.36693396,-13.16206755],[31.36627394,-13.15693298],[31.36180182,-13.15685799],[31.36088379,-13.15405323],[31.36216582,-13.14788074],[31.36301684,-13.14029438],[31.36380786,-13.13303698],[31.36608192,-13.12602857],[31.36634292,-13.12015006],[31.36601291,-13.1136886],[31.36443387,-13.10679318],[31.36231681,-13.10337347],[31.35905672,-13.1006147],[31.3581507,-13.09765495],[31.35779368,-13.09261737],[31.35504361,-13.09042456],[31.35251954,-13.08770679],[31.34920145,-13.08489402],[31.34551435,-13.0804134],[31.34107323,-13.07639974],[31.33872916,-13.07005327],[31.33798515,-13.06605461],[31.33899117,-13.06187796],[31.34213025,-13.05703736],[31.3442193,-13.05204278],[31.34392529,-13.04330551],[31.34601734,-13.03797896],[31.34757638,-13.03203345],[31.34989344,-13.02778481],[31.3521845,-13.02347017],[31.3523925,-13.01929552],[31.35349453,-13.01580881],[31.35373653,-13.01054225],[31.35487356,-13.00587565],[31.35582158,-13.00261992],[31.35605659,-13.00144001],[31.35547658,-12.9992212],[31.35091545,-12.9921258],[31.34582832,-12.98842711],[31.34087718,-12.98274859],[31.33533203,-12.97810298],[31.3304859,-12.97302141],[31.32708081,-12.96861079],[31.32153266,-12.96618699],[31.31721754,-12.96624298],[31.31201841,-12.96684194],[31.30485423,-12.9709516],[31.29941008,-12.97541322],[31.29512097,-12.97592719],[31.29415395,-12.97315841],[31.29004883,-12.96910776],[31.2810576,-12.96841882],[31.27680548,-12.96634],[31.2701683,-12.95991654],[31.26492216,-12.96096645],[31.26283411,-12.9652421],[31.25818599,-12.96673897],[31.25358087,-12.9604925],[31.20877069,-12.97052468],[31.18552709,-13.00116112],[31.1782139,-13.0038039],[31.17336577,-13.00768157],[31.17635685,-13.01204621],[31.17972694,-13.01419303],[31.17936094,-13.01758174],[31.17722588,-13.01976856],[31.17251276,-13.02190538],[31.1703447,-13.02505312],[31.17091072,-13.02915578],[31.16933168,-13.03320444],[31.16558758,-13.03455932],[31.15681735,-13.03561524],[31.15284024,-13.03738509],[31.14340199,-13.03874499],[31.13685782,-13.03672216],[31.12911762,-13.0374611],[31.11797833,-13.04143677],[31.11286119,-13.04190473],[31.10846208,-13.04020188],[31.10409996,-13.04213972],[31.10105188,-13.04530645],[31.09641376,-13.04180275],[31.09207264,-13.0365132],[31.08550346,-13.03354445],[31.07847628,-13.03077568],[31.0756282,-13.02383426],[31.0756742,-13.01678486],[31.07429916,-13.01162729],[31.07260311,-13.00572478],[31.0427143,-12.9699138],[31.01252651,-12.96581216],[31.0120795,-12.96562717],[31.01164448,-12.96552418],[31.01061146,-12.9652792],[31.00812339,-12.96453127],[31.00573732,-12.96359835],[31.00303126,-12.96172751],[31.00017718,-12.95893275],[30.99645808,-12.95737487],[30.98842187,-12.95783884],[30.98154769,-12.95775885],[30.97769658,-12.955974],[30.97564053,-12.95397317],[30.97547452,-12.95367119],[30.97373948,-12.94931256],[30.96934236,-12.94273812],[30.96290919,-12.93958938],[30.95663202,-12.94321708],[30.95395895,-12.94989152],[30.95277692,-12.95541106],[30.94674377,-12.96035764],[30.93993659,-12.96219149],[30.9290963,-12.96194252],[30.92107409,-12.95603502],[30.91084282,-12.94734575],[30.90147157,-12.94043933],[30.89586741,-12.93446184],[30.88876223,-12.92961625],[30.88221605,-12.92965125],[30.8764159,-12.93438285],[30.8725748,-12.93820154],[30.87161478,-12.93888848],[30.86963472,-12.94074132],[30.86198852,-12.9470018],[30.85128624,-12.95086948],[30.84831816,-12.94967058],[30.84367204,-12.94779274],[30.83742687,-12.93975242],[30.83209373,-12.9353208],[30.82623757,-12.93188508],[30.81878938,-12.92600258],[30.81117317,-12.92068503],[30.80621204,-12.91827623],[30.80227494,-12.91697834],[30.79984187,-12.91610642],[30.79983787,-12.91592843],[30.79565676,-12.91467354],[30.7860925,-12.91173679],[30.7783013,-12.91136582],[30.77022909,-12.9117008],[30.76486595,-12.91241574],[30.75848377,-12.9117918],[30.75480568,-12.90915902],[30.75203261,-12.90614328],[30.75008855,-12.90387047],[30.74996655,-12.90395046],[30.74648246,-12.89932385],[30.74348937,-12.89219745],[30.74321437,-12.88828478],[30.7445974,-12.88213629],[30.74833449,-12.87683874],[30.75034855,-12.87575483],[30.76922804,-12.8568814],[30.77005406,-12.85546252],[30.77070607,-12.85434762],[30.77129509,-12.8509849],[30.76994905,-12.8485501],[30.76920303,-12.84779616],[30.76731298,-12.84589033],[30.76364688,-12.84163169],[30.76083281,-12.83735605],[30.75954177,-12.83266544],[30.76019279,-12.82871477],[30.76140882,-12.82289726],[30.76119381,-12.8188596],[30.76002078,-12.81416199],[30.76016178,-12.80981836],[30.76192582,-12.80313092],[30.76237783,-12.79852531],[30.76194382,-12.79534457],[30.75940475,-12.79070497],[30.75644067,-12.78952607],[30.75180755,-12.78617135],[30.75061951,-12.78491545],[30.75019351,-12.78462248],[30.75060552,-12.78413552],[30.73638414,-12.76995072],[30.73119399,-12.74322596],[30.73034496,-12.74142712],[30.75349956,-12.70379227],[30.75691165,-12.69900167],[30.76027473,-12.69306217],[30.76071674,-12.68855855],[30.76026073,-12.68633874],[30.75944071,-12.68543781],[30.7590897,-12.68272704],[30.75611962,-12.67912534],[30.75284453,-12.67701152],[30.75040146,-12.67523767],[30.75003545,-12.67555765],[30.74754239,-12.67466272],[30.74391029,-12.67316585],[30.74117722,-12.67172497],[30.73716811,-12.66924518],[30.73230798,-12.66631143],[30.72739085,-12.66330668],[30.72271573,-12.66008996],[30.71860762,-12.65737219],[30.71384449,-12.65394148],[30.70957138,-12.65004781],[30.70648929,-12.64618214],[30.70394922,-12.64209848],[30.70361721,-12.64141853],[30.70194817,-12.63798683],[30.70087014,-12.63533105],[30.70047913,-12.63156036],[30.70043713,-12.62629481],[30.70015712,-12.62071228],[30.69925509,-12.61859746],[30.69844407,-12.61670262],[30.69544399,-12.61361488],[30.68943383,-12.61128708],[30.68324967,-12.60939124],[30.67940857,-12.60788736],[30.67555947,-12.60704144],[30.6692153,-12.60702844],[30.65978105,-12.60653049],[30.658158,-12.60663348],[30.65521492,-12.60792037],[30.65072681,-12.60902528],[30.64737772,-12.61064215],[30.64587968,-12.6111981],[30.64447964,-12.61159207],[30.64058454,-12.61398487],[30.63857249,-12.61573772],[30.63646844,-12.61709161],[30.63474439,-12.61862148],[30.63147531,-12.62266814],[30.62936025,-12.624418],[30.62702319,-12.62650082],[30.62424412,-12.62822768],[30.62132804,-12.62896961],[30.61769594,-12.6291546],[30.61439286,-12.62842267],[30.6122298,-12.62741875],[30.61008374,-12.62621385],[30.60889971,-12.62515794],[30.60702666,-12.62347708],[30.60367157,-12.6197074],[30.60067249,-12.61659466],[30.59789342,-12.61471782],[30.59318829,-12.60690549],[30.59106123,-12.60228287],[30.58833216,-12.59786625],[30.58580809,-12.59326664],[30.58326602,-12.58930297],[30.58124197,-12.58553029],[30.57982093,-12.58147863],[30.57850089,-12.57555013],[30.57816388,-12.5687367],[30.57885189,-12.56362413],[30.5790809,-12.55780762],[30.57955391,-12.5520501],[30.58000792,-12.54727851],[30.58076094,-12.54310286],[30.58035493,-12.53825027],[30.57846087,-12.53443959],[30.5758398,-12.53110787],[30.57297373,-12.52826611],[30.57012965,-12.52616929],[30.56669456,-12.52401847],[30.56390148,-12.52260259],[30.56153442,-12.52095473],[30.55941936,-12.51991282],[30.55637729,-12.51861293],[30.55349921,-12.51812497],[30.54980211,-12.51846394],[30.54608901,-12.51855394],[30.54195691,-12.51873593],[30.5378238,-12.51886692],[30.53393269,-12.51865393],[30.5302786,-12.51834596],[30.52764253,-12.51799699],[30.52463045,-12.51724905],[30.52192737,-12.51599616],[30.51817028,-12.51364936],[30.5154502,-12.51169753],[30.51297014,-12.50996167],[30.51010406,-12.50786685],[30.50728599,-12.506089],[30.50542293,-12.50478012],[30.50304387,-12.50316825],[30.50023279,-12.50120742],[30.49891276,-12.50086344],[30.49726471,-12.49996952],[30.49622169,-12.49925758],[30.49546967,-12.49853764],[30.49509966,-12.49757572],[30.49508866,-12.49673379],[30.49308161,-12.49573088],[30.49011553,-12.49351107],[30.48735745,-12.49092728],[30.48503239,-12.48879247],[30.48321735,-12.4872786],[30.48278233,-12.48693162],[30.48242732,-12.48664565],[30.48081928,-12.48525977],[30.47919024,-12.4837249],[30.47617516,-12.48154008],[30.47349708,-12.47909329],[30.47093701,-12.47697347],[30.46882796,-12.47506863],[30.46715091,-12.47317479],[30.46405283,-12.46900714],[30.46161977,-12.46489349],[30.45975771,-12.46130779],[30.45828868,-12.45782709],[30.45769366,-12.45577026],[30.45674963,-12.45314548],[30.4555026,-12.45013273],[30.45439257,-12.44722598],[30.45457157,-12.4446442],[30.45659362,-12.44187943],[30.45897369,-12.43878669],[30.46048672,-12.43618391],[30.46235777,-12.43375411],[30.46486584,-12.43111033],[30.46699489,-12.42860255],[30.46964596,-12.42634374],[30.47247603,-12.42425491],[30.47516911,-12.42213309],[30.47930522,-12.41945331],[30.48196929,-12.41702852],[30.48481336,-12.41411076],[30.48764243,-12.41259489],[30.49253056,-12.41134699],[30.49474862,-12.41067104],[30.49634766,-12.40915017],[30.49751069,-12.40775229],[30.4980677,-12.40670138],[30.49870272,-12.40534349],[30.49974075,-12.40378362],[30.49989375,-12.40335166],[30.50377085,-12.39806811],[30.50503788,-12.3957853],[30.5057699,-12.3922316],[30.5057339,-12.38735401],[30.5056349,-12.3838663],[30.5061059,-12.37946367],[30.50625591,-12.37452509],[30.5062089,-12.36972249],[30.50571489,-12.36462092],[30.50524188,-12.36151219],[30.5063249,-12.35743153],[30.50776094,-12.35403082],[30.50855096,-12.35021514],[30.50847495,-12.34673143],[30.5063579,-12.34277377],[30.50562088,-12.3388201],[30.50487686,-12.3352644],[30.50452484,-12.33253063],[30.50374583,-12.32962688],[30.50237679,-12.32756405],[30.50069474,-12.32651814],[30.49998872,-12.32606818],[30.4989207,-12.32560922],[30.49720565,-12.32339641],[30.49616262,-12.32179954],[30.4953826,-12.32003769],[30.4953116,-12.31881079],[30.49496059,-12.31763189],[30.49440757,-12.31653499],[30.49411757,-12.31560306],[30.49374756,-12.31381821],[30.49203451,-12.31152941],[30.49047646,-12.30998854],[30.48864142,-12.30826169],[30.48717438,-12.30680381],[30.48558434,-12.30515395],[30.4841633,-12.30371407],[30.48275326,-12.30232219],[30.48123722,-12.30134227],[30.47952017,-12.30080832],[30.47766012,-12.30039635],[30.4764041,-12.30017437],[30.47545607,-12.29932544],[30.47363802,-12.29832553],[30.47245299,-12.29807055],[30.47084195,-12.29792856],[30.46952391,-12.29779058],[30.46764886,-12.29756759],[30.46623882,-12.29693765],[30.46497479,-12.29575275],[30.46328875,-12.29451785],[30.46280773,-12.29337695],[30.46127369,-12.29137612],[30.46034867,-12.28979525],[30.45981265,-12.28845437],[30.45902763,-12.2868485],[30.45839361,-12.28574759],[30.45746859,-12.2845737],[30.45613155,-12.28265585],[30.45501952,-12.28144496],[30.45489952,-12.27987309],[30.45389649,-12.27900717],[30.45278646,-12.27814524],[30.45201544,-12.27729131],[30.45080641,-12.27616841],[30.44990239,-12.27550146],[30.44829434,-12.27487951],[30.44773733,-12.27471153],[30.44597128,-12.2751135],[30.44467825,-12.27567645],[30.44356622,-12.27617241],[30.44226319,-12.27635239],[30.44019013,-12.27647738],[30.43863109,-12.27694134],[30.43642103,-12.27740531],[30.43448498,-12.2775613],[30.43288394,-12.2774833],[30.43042187,-12.27729832],[30.42860583,-12.27661238],[30.42621376,-12.27598343],[30.42415471,-12.27562046],[30.42239966,-12.27565746],[30.42090362,-12.27681936],[30.4201276,-12.27778828],[30.41915257,-12.27830223],[30.41746853,-12.27828724],[30.41670351,-12.27724732],[30.41589549,-12.27689736],[30.41464046,-12.27740831],[30.41339842,-12.27746231],[30.41204039,-12.27752231],[30.41021834,-12.27699035],[30.40893531,-12.27652439],[30.40798128,-12.27710234],[30.40696326,-12.27748331],[30.40646924,-12.2776223],[30.40528621,-12.27729532],[30.40462419,-12.27706434],[30.40389618,-12.27681037],[30.40240013,-12.27594044],[30.40074509,-12.27537149],[30.39890004,-12.27563347],[30.39825603,-12.27576346],[30.39684199,-12.27604743],[30.39572296,-12.27585945],[30.39483793,-12.27488454],[30.39370491,-12.27367263],[30.39240387,-12.27254073],[30.39111583,-12.27171481],[30.38908478,-12.27079988],[30.38777275,-12.27001295],[30.38670072,-12.26948599],[30.3860537,-12.26957198],[30.38510368,-12.27090587],[30.38408565,-12.27217876],[30.38366364,-12.2729897],[30.38324063,-12.27393162],[30.3820596,-12.27472655],[30.38108857,-12.27474455],[30.38105857,-12.27376663],[30.38099757,-12.27303669],[30.38044656,-12.27266873],[30.37913752,-12.27258574],[30.37777949,-12.27266273],[30.37713847,-12.27215077],[30.37583643,-12.2718288],[30.3746614,-12.27162782],[30.37364437,-12.27118685],[30.37258035,-12.27079589],[30.37173932,-12.2707149],[30.37036929,-12.27080089],[30.36920426,-12.27106287],[30.36830324,-12.27148783],[30.36726821,-12.27212878],[30.3667992,-12.27252774],[30.36586217,-12.27342467],[30.36466414,-12.27440359],[30.36442613,-12.27492754],[30.36424513,-12.27553049],[30.36413813,-12.27600645],[30.36407313,-12.27666439],[30.36383112,-12.27573447],[30.36329911,-12.27707436],[30.36255708,-12.27767931],[30.36142605,-12.27841224],[30.36047003,-12.27871822],[30.359181,-12.27921218],[30.35808197,-12.27962615],[30.35734995,-12.27986013],[30.35680193,-12.2801731],[30.35600291,-12.28030709],[30.35481288,-12.2802051],[30.35401386,-12.28033309],[30.35353685,-12.28069906],[30.35304084,-12.28121801],[30.35257882,-12.28187296],[30.35205881,-12.28249091],[30.35120379,-12.2825209],[30.35012976,-12.28200495],[30.34915873,-12.28118302],[30.34880272,-12.28013211],[30.34748069,-12.27890621],[30.34588065,-12.27845125],[30.34493462,-12.27923518],[30.34361059,-12.27928418],[30.34192854,-12.27878922],[30.33979748,-12.27802829],[30.33843145,-12.27753833],[30.33822044,-12.27636043],[30.33864146,-12.27554549],[30.33854246,-12.27491855],[30.33729142,-12.27489755],[30.3366374,-12.27402663],[30.33592138,-12.27366566],[30.33544837,-12.27385064],[30.33373033,-12.27423361],[30.3327443,-12.2743836],[30.33185727,-12.2743386],[30.33082725,-12.27351567],[30.33053124,-12.27236677],[30.33096425,-12.27113387],[30.33144726,-12.26980398],[30.33087325,-12.26905805],[30.32960221,-12.26763717],[30.32855919,-12.26653426],[30.32788017,-12.26531736],[30.32690314,-12.26427646],[30.32569811,-12.26348852],[30.32511609,-12.2625816],[30.32492709,-12.26093574],[30.32531709,-12.25924188],[30.32554511,-12.25817697],[30.32508209,-12.25720805],[30.32360405,-12.25614314],[30.32211001,-12.25559819],[30.32068198,-12.25520522],[30.31964195,-12.25478626],[30.31831091,-12.25466527],[30.31627786,-12.25421231],[30.31495782,-12.25376735],[30.31471382,-12.25326638],[30.31469582,-12.25264344],[30.31382679,-12.25155053],[30.31171273,-12.24988667],[30.31169374,-12.24687293],[30.3103247,-12.24578502],[30.30914567,-12.2472519],[30.30829665,-12.25029564],[30.30723262,-12.2507846],[30.30617059,-12.25139654],[30.3064166,-12.25217348],[30.3066586,-12.25229347],[30.30721162,-12.25222848],[30.30748962,-12.25307141],[30.30755862,-12.25396333],[30.30730162,-12.2543493],[30.3065516,-12.25480226],[30.30503156,-12.25605416],[30.30422454,-12.25644412],[30.30311051,-12.25653911],[30.30206349,-12.25595916],[30.30126846,-12.2555452],[30.30097046,-12.25491025],[30.30045144,-12.25422131],[30.30023443,-12.2532354],[30.30045944,-12.25148554],[30.29865139,-12.25134755],[30.29774937,-12.25134155],[30.29644233,-12.25167853],[30.2950313,-12.25154954],[30.29401827,-12.25178052],[30.29295024,-12.25273844],[30.29213022,-12.25351637],[30.2911872,-12.25424531],[30.29020517,-12.25420831],[30.28841012,-12.2531724],[30.2873501,-12.25261945],[30.28641107,-12.25229248],[30.28598806,-12.25277844],[30.28607806,-12.25334539],[30.28534504,-12.2532144],[30.28472503,-12.25239347],[30.28416801,-12.25181252],[30.28343599,-12.25128156],[30.28136294,-12.25043764],[30.27854686,-12.25065462],[30.27718683,-12.24918474],[30.27498777,-12.24982269],[30.2723047,-12.25125157],[30.27097066,-12.25181652],[30.27050565,-12.25186352],[30.26985164,-12.25220949],[30.26957862,-12.25235248],[30.26919861,-12.25253046],[30.26882861,-12.25279744],[30.2686016,-12.25297343],[30.26805859,-12.25318741],[30.26731057,-12.25274345],[30.26691056,-12.25235248],[30.26653654,-12.25217849],[30.26631154,-12.2520635],[30.26590853,-12.25224949],[30.26539152,-12.25234848],[30.2646115,-12.25218649],[30.26410448,-12.25197351],[30.26312746,-12.25130257],[30.26065739,-12.25086961],[30.26161342,-12.24872579],[30.26439049,-12.24706193],[30.26170642,-12.246252],[30.25933235,-12.24704493],[30.25638128,-12.24570904],[30.25378321,-12.24419517],[30.25147214,-12.24357623],[30.24988311,-12.2438712],[30.25002411,-12.24422117],[30.24936809,-12.24361822],[30.24803105,-12.24051548],[30.24656002,-12.23869564],[30.24478397,-12.23621385],[30.24290192,-12.23496095],[30.23977183,-12.23525993],[30.23549172,-12.23510294],[30.23058559,-12.2333111],[30.22872255,-12.23176723],[30.22809652,-12.22981239],[30.22835954,-12.22804254],[30.22914155,-12.22644768],[30.22614147,-12.22674366],[30.22357941,-12.2286135],[30.22150635,-12.2297844],[30.22015432,-12.22987039],[30.2193493,-12.22948943],[30.21837227,-12.22871449],[30.21741124,-12.22779657],[30.21603621,-12.2262927],[30.21461117,-12.22452685],[30.21398915,-12.22351793],[30.21337513,-12.22116613],[30.21367114,-12.2190723],[30.21526118,-12.21851136],[30.21633921,-12.21905931],[30.21755224,-12.21857235],[30.21750124,-12.21799639],[30.21660422,-12.2168405],[30.21319613,-12.2156116],[30.20997004,-12.21482267],[30.20623394,-12.21403574],[30.20351987,-12.21332179],[30.2007218,-12.21341979],[30.19856274,-12.21514964],[30.19586167,-12.21627555],[30.19369262,-12.21710448],[30.19120755,-12.21729546],[30.19010652,-12.21668651],[30.18838048,-12.21606357],[30.18609741,-12.21491167],[30.18480238,-12.21346479],[30.18374035,-12.21166094],[30.18291233,-12.21130897],[30.18009526,-12.21205091],[30.17906723,-12.21029106],[30.17747818,-12.20894217],[30.17572114,-12.21003008],[30.1740621,-12.21210891],[30.17274806,-12.21319681],[30.17098301,-12.2145787],[30.16899596,-12.21332781],[30.16801694,-12.211053],[30.1663999,-12.2098241],[30.16460685,-12.2087252],[30.1629188,-12.2075603],[30.16229079,-12.20862921],[30.16187177,-12.21021407],[30.16037973,-12.2098821],[30.15938471,-12.20848822],[30.15932671,-12.20693735],[30.15793867,-12.2051255],[30.15602962,-12.2039686],[30.15499559,-12.20354564],[30.15470158,-12.2028327],[30.15460058,-12.20273471],[30.15324455,-12.20138482],[30.15078948,-12.20097085],[30.14911343,-12.20097186],[30.1477354,-12.20029391],[30.14708138,-12.20109484],[30.14668337,-12.20310168],[30.14464032,-12.2040586],[30.14244126,-12.20438757],[30.14122223,-12.20576546],[30.13961819,-12.20493352],[30.13878217,-12.2040516],[30.13781314,-12.20337265],[30.13702811,-12.2027847],[30.13585809,-12.20146582],[30.13545207,-12.19951198],[30.13586008,-12.19831508],[30.13528407,-12.1981461],[30.13286801,-12.19717118],[30.13138597,-12.19503537],[30.13148897,-12.19315052],[30.13236399,-12.19156566],[30.13306001,-12.19047975],[30.13420704,-12.18881189],[30.13413004,-12.18713703],[30.13329101,-12.18522619],[30.13170797,-12.18522519],[30.13041494,-12.18565816],[30.12817588,-12.18607012],[30.12653484,-12.18458425],[30.12741486,-12.18315237],[30.12822088,-12.18312037],[30.12945191,-12.18211745],[30.13058994,-12.18181248],[30.13063994,-12.18092855],[30.1291539,-12.17999763],[30.12857588,-12.17837277],[30.12809187,-12.17666292],[30.12703285,-12.17553001],[30.12628183,-12.175733],[30.1251908,-12.17709388],[30.12462978,-12.17830678],[30.12490779,-12.17948268],[30.12465678,-12.18048259],[30.12328474,-12.18082056],[30.12192671,-12.18027161],[30.12079368,-12.17886273],[30.12098469,-12.17832978],[30.1213337,-12.17723887],[30.12118269,-12.17721487],[30.11909264,-12.17857476],[30.11828561,-12.17904472],[30.1177666,-12.17959867],[30.11858662,-12.18101355],[30.11918364,-12.18203647],[30.11897963,-12.18262742],[30.11857163,-12.18263542],[30.1177806,-12.18302438],[30.11725759,-12.18334935],[30.11671758,-12.1827474],[30.11600255,-12.18213546],[30.11527154,-12.18125253],[30.11462952,-12.18053559],[30.1138165,-12.17970866],[30.11283247,-12.17880374],[30.11147444,-12.17787182],[30.10969439,-12.17707389],[30.10818235,-12.17661793],[30.10662231,-12.17584099],[30.10453725,-12.17472808],[30.10299621,-12.17332921],[30.10184918,-12.17124238],[30.10161317,-12.17063143],[30.10124516,-12.16966951],[30.10074915,-12.16803865],[30.10000313,-12.16577385],[30.0987841,-12.16407799],[30.09753106,-12.16241813],[30.09631003,-12.1616002],[30.09483599,-12.16073027],[30.09260293,-12.15873144],[30.09066988,-12.15718457],[30.08947085,-12.1556887],[30.08790881,-12.15375186],[30.08688778,-12.15181703],[30.08641877,-12.15035715],[30.08703278,-12.1485423],[30.08829982,-12.14705643],[30.08916384,-12.14471563],[30.08871882,-12.14294778],[30.08802281,-12.14132392],[30.08728879,-12.13945007],[30.08606775,-12.13746224],[30.0841427,-12.13491846],[30.0801686,-12.13160274],[30.07804754,-12.13010086],[30.07549547,-12.12829302],[30.07425144,-12.12670215],[30.0728514,-12.12454234],[30.07122836,-12.12199055],[30.06978032,-12.11982874],[30.06839928,-12.11935478],[30.06647523,-12.11904881],[30.06508819,-12.11832587],[30.06317714,-12.11951976],[30.06222512,-12.12096264],[30.06079108,-12.12178758],[30.05955105,-12.12120762],[30.05882803,-12.11968475],[30.05826501,-12.11867583],[30.05723199,-12.11705497],[30.05574995,-12.1156501],[30.05382089,-12.11513514],[30.05159684,-12.11550611],[30.05042381,-12.11466218],[30.0502408,-12.11338729],[30.05047581,-12.11220338],[30.05089882,-12.11095249],[30.05190384,-12.1096396],[30.05206985,-12.10877468],[30.05139283,-12.10811373],[30.0502598,-12.10742279],[30.04978878,-12.10646287],[30.05011179,-12.10545496],[30.05071381,-12.10441104],[30.05144883,-12.10277918],[30.05127883,-12.10154029],[30.05063381,-12.10054037],[30.04945878,-12.09934847],[30.04849575,-12.09813258],[30.04812374,-12.09697467],[30.04836575,-12.09625473],[30.04875475,-12.09499484],[30.04926477,-12.09353796],[30.04944377,-12.09259804],[30.0502928,-12.09114716],[30.05112982,-12.09002426],[30.05212784,-12.08789844],[30.05212384,-12.08648456],[30.05126182,-12.08572862],[30.05000979,-12.08513967],[30.04889976,-12.08413876],[30.04856975,-12.08273588],[30.04894776,-12.08180996],[30.04955477,-12.08092503],[30.05021979,-12.08020309],[30.0505728,-12.07968413],[30.05120781,-12.07872121],[30.05180083,-12.07759031],[30.05235984,-12.07603644],[30.05309286,-12.07494153],[30.05410389,-12.07350965],[30.05433389,-12.07241974],[30.05415689,-12.07098887],[30.05367587,-12.06957799],[30.05324686,-12.06799712],[30.05334787,-12.06659524],[30.05301586,-12.06524336],[30.05237584,-12.06410145],[30.05165982,-12.06276656],[30.05050579,-12.06205962],[30.04897275,-12.06156467],[30.0473707,-12.06138468],[30.04542266,-12.06033977],[30.04457763,-12.05907988],[30.04371361,-12.05721804],[30.0434756,-12.05512321],[30.04367161,-12.05364434],[30.04226657,-12.05278141],[30.04067753,-12.05215947],[30.03878348,-12.05202547],[30.03737144,-12.05255743],[30.0357354,-12.05309439],[30.03405335,-12.0529284],[30.03241831,-12.05266142],[30.03092328,-12.05325637],[30.02994025,-12.05450927],[30.02867221,-12.05525821],[30.02830821,-12.05496723],[30.02785019,-12.05469925],[30.02684716,-12.05402031],[30.02551513,-12.0529944],[30.02354708,-12.05109656],[30.02180703,-12.0493887],[30.01992098,-12.04669193],[30.01815093,-12.04362519],[30.0168639,-12.04046646],[30.01519786,-12.03623581],[30.01370481,-12.03180119],[30.01224977,-12.02717758],[30.01062073,-12.02336291],[30.00855267,-12.01859231],[30.00834867,-12.01802436],[30.00694463,-12.01410669],[30.00524758,-12.00983005],[30.00339353,-12.0068723],[30.00183349,-12.00533043],[30.00091747,-12.00440851],[30.00008445,-12.00423153],[29.99902341,-12.00418454],[29.99773438,-12.00391756],[29.99651135,-12.00375257],[29.99498331,-12.00378457],[29.99382628,-12.00409754],[29.99233824,-12.0046145],[29.9905132,-12.00510946],[29.98823113,-12.00561741],[29.98639508,-12.00598038],[29.98459404,-12.00642735],[29.982969,-12.00684031],[29.98190297,-12.00720128],[29.98027792,-12.00756025],[29.97803986,-12.00738027],[29.97660783,-12.00729328],[29.97469078,-12.00755625],[29.97311574,-12.00757525],[29.97128269,-12.00795122],[29.96852962,-12.00889814],[29.96653456,-12.00974207],[29.9641445,-12.010607],[29.9602424,-12.01214887],[29.95689331,-12.01315979],[29.95543027,-12.01363475],[29.9527142,-12.01439468],[29.95005113,-12.01476765],[29.94799508,-12.01504863],[29.94442998,-12.01571757],[29.9413949,-12.01596355],[29.93909884,-12.01587656],[29.93659077,-12.01601555],[29.93383671,-12.01625153],[29.93162965,-12.01649751],[29.9262545,-12.01737944],[29.92209639,-12.01871733],[29.92004434,-12.01961625],[29.91803929,-12.02050617],[29.91586623,-12.02153709],[29.91402418,-12.02244301],[29.91120311,-12.02417187],[29.90879204,-12.02571174],[29.90634498,-12.0274036],[29.90334091,-12.02880248],[29.89977381,-12.03043035],[29.89715874,-12.03152625],[29.89386866,-12.03266916],[29.8916026,-12.03378107],[29.88859652,-12.03542693],[29.88641046,-12.03662583],[29.88344138,-12.0380667],[29.88036831,-12.03938459],[29.87805624,-12.0404905],[29.87457915,-12.04250933],[29.87241809,-12.04368623],[29.87055805,-12.04490113],[29.86841299,-12.04668298],[29.86755597,-12.04718594],[29.86625293,-12.04692996],[29.86516791,-12.04701695],[29.86397787,-12.04787888],[29.86289284,-12.0488948],[29.86241783,-12.05028967],[29.86205883,-12.05097562],[29.8613078,-12.05132359],[29.86019178,-12.05196154],[29.85960976,-12.05272247],[29.85975677,-12.05314843],[29.85941576,-12.05418335],[29.85842573,-12.05502028],[29.85701169,-12.05613219],[29.85601866,-12.05694311],[29.85517665,-12.05807702],[29.85447563,-12.06005185],[29.85382261,-12.0618007],[29.85313059,-12.06377654],[29.85234457,-12.06591736],[29.85170356,-12.06840814],[29.85111654,-12.07046797],[29.85046753,-12.07286677],[29.8496765,-12.07524457],[29.84919149,-12.07662145],[29.84877948,-12.07779435],[29.84800946,-12.07944222],[29.84700344,-12.08152104],[29.84605441,-12.08354987],[29.84512739,-12.08567869],[29.84451437,-12.08716756],[29.84424537,-12.08810649],[29.84414636,-12.08937738],[29.84444837,-12.09024731],[29.84617442,-12.09128222],[29.84710844,-12.09197816],[29.84757646,-12.09275609],[29.84760646,-12.09401599],[29.84661443,-12.09580883],[29.8453044,-12.09788566],[29.8454364,-12.09930354],[29.8455884,-12.10185832],[29.84578341,-12.10383016],[29.84594142,-12.10601697],[29.84630543,-12.10840377],[29.84700344,-12.11017162],[29.84760446,-12.11143051],[29.84768247,-12.11346534],[29.84722545,-12.11546417],[29.84658844,-12.11682606],[29.84598342,-12.11849592],[29.84552741,-12.12031976],[29.8451884,-12.1221816],[29.8449154,-12.12328251],[29.84438838,-12.12432143],[29.84387237,-12.12536434],[29.84341635,-12.12640625],[29.84304235,-12.12742916],[29.84271434,-12.12833409],[29.84245833,-12.12913102],[29.84247733,-12.12951899],[29.84356336,-12.12928801],[29.84358536,-12.13024892],[29.84283835,-12.13127384],[29.84252133,-12.13228176],[29.84229233,-12.1328457],[29.84193932,-12.13312368],[29.8411963,-12.13321967],[29.84059528,-12.13329567],[29.83946626,-12.13392561],[29.83841823,-12.13474454],[29.83694419,-12.13598244],[29.83557815,-12.13701436],[29.83429512,-12.13790828],[29.83198706,-12.13972613],[29.83042302,-12.14063805],[29.82909298,-12.14154297],[29.82823096,-12.14232791],[29.82714593,-12.14327583],[29.8258639,-12.14405176],[29.82439586,-12.14500068],[29.82323183,-12.14566263],[29.82089377,-12.14702552],[29.81926073,-12.14782745],[29.81847671,-12.14889435],[29.81725767,-12.14941131],[29.81511962,-12.14975829],[29.81343957,-12.14741449],[29.81357858,-12.14653156],[29.81392158,-12.14525366],[29.8146236,-12.14329083],[29.81582164,-12.14093903],[29.81631364,-12.13929317],[29.81692466,-12.13678138],[29.81726967,-12.13455057],[29.81720867,-12.13249474],[29.81619364,-12.13106787],[29.81556762,-12.12972498],[29.8145416,-12.12845409],[29.81364358,-12.1270202],[29.81252154,-12.12614328],[29.81205453,-12.12505837],[29.81259054,-12.12334552],[29.81353657,-12.12209662],[29.81541562,-12.1223196],[29.81643065,-12.12304154],[29.81773868,-12.12271357],[29.8186527,-12.12122169],[29.81943472,-12.12019978],[29.82124477,-12.11984281],[29.82200979,-12.11816095],[29.8225338,-12.1164341],[29.82282181,-12.11416529],[29.82273981,-12.11206847],[29.82325282,-12.10996365],[29.82429085,-12.10823979],[29.82367983,-12.10756585],[29.82289781,-12.10615997],[29.8223638,-12.10467309],[29.82219479,-12.10301023],[29.82152477,-12.10198632],[29.82057475,-12.10061744],[29.81946272,-12.09889458],[29.81848869,-12.09702274],[29.81917871,-12.09578184],[29.82020073,-12.09463294],[29.82152477,-12.09423798],[29.82299781,-12.093866],[29.82339782,-12.0927641],[29.82239479,-12.09133222],[29.8225228,-12.09088726],[29.8228158,-12.08986035],[29.8225128,-12.08863445],[29.82123676,-12.08781652],[29.82001973,-12.08673461],[29.81918671,-12.08629465],[29.81779367,-12.08719957],[29.8149866,-12.08814149],[29.81402657,-12.08746255],[29.81326555,-12.08519774],[29.81360156,-12.08344989],[29.81493459,-12.08168603],[29.81609062,-12.08026516],[29.8152306,-12.07951522],[29.81433558,-12.07837431],[29.81383057,-12.07681845],[29.81361855,-12.07575054],[29.81248353,-12.07458864],[29.81063548,-12.07373071],[29.80915744,-12.0738227],[29.8076774,-12.07515959],[29.80647537,-12.07532958],[29.80503333,-12.0750476],[29.80317228,-12.07456364],[29.80123623,-12.07451665],[29.79992919,-12.07466763],[29.79931918,-12.07290078],[29.79924618,-12.07137691],[29.79795114,-12.06939708],[29.79854115,-12.06740025],[29.79933618,-12.06595537],[29.79831015,-12.06469747],[29.79685411,-12.06407653],[29.79422004,-12.06414852],[29.79245399,-12.06418852],[29.79232099,-12.06267965],[29.79317501,-12.06050883],[29.79319201,-12.05869098],[29.792717,-12.05675815],[29.79263,-12.05640018],[29.79332402,-12.05508129],[29.79492806,-12.05292847],[29.79541407,-12.05050568],[29.79457104,-12.04947577],[29.79625709,-12.04782591],[29.79796314,-12.04623904],[29.79796314,-12.0443242],[29.79601308,-12.04302931],[29.79440004,-12.04146744],[29.79242599,-12.0396756],[29.79115295,-12.03757577],[29.79042693,-12.03564993],[29.79021493,-12.03448303],[29.79016892,-12.03423006],[29.79192197,-12.03388809],[29.79254599,-12.03223522],[29.79195797,-12.03051237],[29.79223098,-12.02882651],[29.79289099,-12.02733764],[29.793028,-12.02526681],[29.79208398,-12.023102],[29.79195097,-12.02142213],[29.79062893,-12.01933231],[29.79102595,-12.0183934],[29.792971,-12.02046722],[29.79453104,-12.02143914],[29.79557506,-12.02083418],[29.79547206,-12.01991127],[29.79523706,-12.0183474],[29.79414803,-12.01574461],[29.79387902,-12.01524166],[29.79347301,-12.01447672],[29.79234397,-12.01260388],[29.79166796,-12.01099902],[29.79051093,-12.00980412],[29.78907589,-12.00904619],[29.7894119,-12.00782829],[29.78931489,-12.00611943],[29.78864088,-12.00448857],[29.78844687,-12.00334367],[29.7896199,-12.00153382],[29.79260498,-11.99862806],[29.79553606,-11.99401545],[29.79782112,-11.98829494],[29.79439202,-11.98602913],[29.78827486,-11.98441827],[29.78271471,-11.97962767],[29.78444876,-11.97739687],[29.78269971,-11.97396815],[29.78494477,-11.97327221],[29.78538178,-11.9698885],[29.78649881,-11.96525289],[29.7860948,-11.96311807],[29.78451976,-11.95908641],[29.78433775,-11.95762253],[29.78380074,-11.9544118],[29.78451376,-11.95234898],[29.78533777,-11.94995718],[29.78801184,-11.94835432],[29.7901459,-11.94642648],[29.78916987,-11.94333774],[29.78953388,-11.93983904],[29.79445501,-11.94066297],[29.79756809,-11.94197385],[29.80103518,-11.94070196],[29.80491128,-11.93400553],[29.80417726,-11.928473],[29.80218221,-11.92413236],[29.80330524,-11.92144859],[29.80127418,-11.92100163],[29.7980771,-11.92184756],[29.79460801,-11.91844984],[29.794384,-11.91597706],[29.79655506,-11.91339028],[29.7982221,-11.91125245],[29.79876611,-11.91055651],[29.80082017,-11.9094776],[29.8022522,-11.90872767],[29.99858836,-11.86413438],[30.17268093,-11.82141695],[30.2475839,-11.80301848],[30.32474191,-11.75006894],[30.33422215,-11.74470339],[30.43348871,-11.59731786],[30.43295269,-11.58910355],[30.43245668,-11.58688874],[30.43062363,-11.58444295],[30.43500174,-11.58210415],[30.43857784,-11.57948337],[30.44199993,-11.57372186],[30.43981586,-11.5685293],[30.4374638,-11.56463463],[30.44019888,-11.56200985],[30.44513,-11.56009301],[30.44722206,-11.55507244],[30.44858409,-11.55256465],[30.46986663,-11.50677953],[30.38365835,-11.45202321],[30.36642289,-11.44106714],[30.27701552,-11.36802138],[30.18343104,-11.29150692],[30.16658459,-11.27773209],[30.11096812,-11.23222698],[30.04797447,-11.23494077],[30.00004921,-11.23699161],[29.99761215,-11.23889045],[29.99704513,-11.23951439],[29.81419838,-11.44044037],[29.81316436,-11.43834354],[29.80851423,-11.42891435],[29.80993726,-11.41506652],[29.86725871,-11.18869875],[29.87699595,-11.15017903],[29.89665845,-11.07236565],[29.90411063,-11.04286016],[29.90781173,-11.02820041],[29.90771572,-11.0248207],[29.90761672,-11.02136199],[29.90612368,-11.01154282],[29.90506865,-11.00634327],[29.90519465,-11.00177666],[29.89713541,-10.9086266],[29.89614739,-10.90476193],[29.89511736,-10.90053529],[29.89409133,-10.89621866],[29.8927623,-10.89273796],[29.89153926,-10.89031317],[29.88626712,-10.88918526],[29.88282103,-10.88889128],[29.87988895,-10.88864431],[29.87451581,-10.88744342],[29.8702547,-10.88569356],[29.86702562,-10.88340076],[29.86194048,-10.87880215],[29.85703835,-10.87549244],[29.85202422,-10.87213772],[29.84903114,-10.86917298],[29.84838812,-10.86812507],[29.84785811,-10.86598225],[29.84684908,-10.86480835],[29.84720409,-10.86322348],[29.84727009,-10.86158962],[29.84604406,-10.86085469],[29.84536904,-10.85906084],[29.84457002,-10.85811292],[29.843721,-10.85726299],[29.84302298,-10.85667804],[29.84208396,-10.85639707],[29.84135394,-10.85622708],[29.84045891,-10.85511718],[29.83973789,-10.85283437],[29.83857086,-10.85157648],[29.83742283,-10.85050257],[29.83612979,-10.8490057],[29.83521577,-10.84690188],[29.83531677,-10.84539801],[29.83453475,-10.84347618],[29.83331072,-10.84223328],[29.83206469,-10.84167233],[29.83090666,-10.84062942],[29.82958362,-10.83973349],[29.82814158,-10.83893956],[29.82658654,-10.83739069],[29.82614053,-10.83553585],[29.82591552,-10.83272409],[29.8250535,-10.83108323],[29.82394647,-10.82942637],[29.82298144,-10.8279275],[29.82187342,-10.82615565],[29.81815432,-10.82833747],[29.81328419,-10.82629464],[29.81290518,-10.82206401],[29.81309218,-10.81846631],[29.81336319,-10.81251982],[29.80752403,-10.80717628],[29.79548272,-10.80253167],[29.7874205,-10.79733012],[29.78184336,-10.79089667],[29.77643721,-10.78672603],[29.77396715,-10.78203343],[29.77267411,-10.77508502],[29.76885501,-10.77552599],[29.76306086,-10.77727984],[29.75797172,-10.77618893],[29.75890475,-10.77126935],[29.75488764,-10.7706674],[29.75258758,-10.76853159],[29.75148656,-10.76750668],[29.74792346,-10.76072826],[29.74413536,-10.75439479],[29.73701717,-10.74869628],[29.73259405,-10.74722641],[29.72629789,-10.74408068],[29.72186077,-10.73971106],[29.71502459,-10.73621735],[29.70756339,-10.73439751],[29.69811914,-10.73176974],[29.68996393,-10.72834103],[29.68290775,-10.72503632],[29.66816535,-10.71813691],[29.65943913,-10.71540714],[29.64599578,-10.71645506],[29.64466874,-10.71655805],[29.63061637,-10.71964579],[29.62888633,-10.72027674],[29.61151587,-10.7265772],[29.60846979,-10.72878901],[29.6048117,-10.73144779],[29.59686149,-10.74405271],[29.59008032,-10.75396787],[29.57956704,-10.76362805],[29.57656096,-10.76841164],[29.57649397,-10.76849463],[29.57525493,-10.76988951],[29.57460192,-10.77041247],[29.57267187,-10.77150138],[29.57080082,-10.77306924],[29.5701638,-10.77343421],[29.56910077,-10.77332722],[29.56885177,-10.77330222],[29.56774474,-10.77293825],[29.5663417,-10.77275727],[29.56506367,-10.77276127],[29.56318862,-10.77394317],[29.56101556,-10.77485509],[29.5588165,-10.77495808],[29.55623043,-10.77464212],[29.55268834,-10.77442214],[29.54890924,-10.77441614],[29.54618017,-10.77538805],[29.54421312,-10.77649396],[29.54302309,-10.77772385],[29.54296409,-10.77885076],[29.54268608,-10.78029164],[29.54224307,-10.78139954],[29.54113904,-10.78247645],[29.53999601,-10.78362835],[29.53796496,-10.78406832],[29.5359369,-10.78370934],[29.53447787,-10.78288942],[29.53313383,-10.78261544],[29.53152779,-10.78281343],[29.53050476,-10.78327138],[29.52853271,-10.78468226],[29.52721467,-10.78588817],[29.52557663,-10.78740403],[29.52375258,-10.78937786],[29.52294257,-10.79035878],[29.52141452,-10.79208464],[29.51985749,-10.79305855],[29.51779643,-10.79327253],[29.51526837,-10.79341553],[29.51402734,-10.79328153],[29.5126573,-10.79320354],[29.50992622,-10.79314755],[29.5087592,-10.79280057],[29.50766816,-10.79269859],[29.50624713,-10.79334753],[29.50565711,-10.7937105],[29.50498409,-10.79418346],[29.50423808,-10.79431945],[29.50314305,-10.79436144],[29.50268604,-10.79454543],[29.50187301,-10.79503038],[29.50084098,-10.79544335],[29.50052598,-10.79574833],[29.50017397,-10.79560034],[29.49941595,-10.79592531],[29.49846693,-10.79653526],[29.49576786,-10.79617329],[29.4935488,-10.79597431],[29.49107373,-10.79787715],[29.49154874,-10.79900105],[29.49076672,-10.80243376],[29.49058272,-10.80408962],[29.48923669,-10.80623143],[29.48733064,-10.80768231],[29.48667462,-10.80890921],[29.4859006,-10.81065106],[29.48401755,-10.81213694],[29.48253251,-10.81151599],[29.48085347,-10.81058707],[29.4783434,-10.81031409],[29.47667035,-10.80968214],[29.47495631,-10.81029409],[29.47369328,-10.81033409],[29.47125522,-10.81129001],[29.46991118,-10.81083805],[29.46740812,-10.81195595],[29.46508905,-10.8125189],[29.46505605,-10.8137368],[29.46436804,-10.81355481],[29.46485005,-10.81487171],[29.46322501,-10.81542066],[29.46250598,-10.81643257],[29.46086994,-10.81741549],[29.46009892,-10.81826342],[29.45950191,-10.81908735],[29.45791286,-10.8196643],[29.45685484,-10.82110517],[29.45391576,-10.8220351],[29.45206471,-10.82269904],[29.45071468,-10.82405493],[29.44800961,-10.82497385],[29.44492353,-10.82711366],[29.44204745,-10.82872253],[29.43961939,-10.83062336],[29.43688432,-10.83173727],[29.4363573,-10.8336721],[29.4363883,-10.8361349],[29.43441226,-10.83760177],[29.43289221,-10.8396526],[29.43154918,-10.84141245],[29.42952913,-10.84178842],[29.42751308,-10.84031254],[29.42495301,-10.84044253],[29.42284195,-10.8420354],[29.41931286,-10.84347428],[29.41605178,-10.84447219],[29.41277669,-10.84583208],[29.40752755,-10.84710697],[29.40408046,-10.84647102],[29.40107238,-10.84737395],[29.40082838,-10.84788791],[29.39960034,-10.84948877],[29.39710728,-10.85167658],[29.3942122,-10.85239452],[29.39262916,-10.8526375],[29.39077111,-10.85470032],[29.38803804,-10.85699413],[29.38513797,-10.858557],[29.38290691,-10.8620887],[29.38132887,-10.86474747],[29.38067685,-10.86734125],[29.37681875,-10.87120192],[29.3748787,-10.87475962],[29.37216963,-10.87719241],[29.36890654,-10.87856029],[29.36663448,-10.88018616],[29.36263138,-10.87960621],[29.36021433,-10.90927168],[29.3592743,-10.91996077],[29.38161389,-10.94194589],[29.38699604,-10.94838934],[29.39188317,-10.95392386],[29.39371221,-10.9559217],[29.39596527,-10.95926241],[29.39783232,-10.96567286],[29.39646629,-10.97169135],[29.39427824,-10.97833378],[29.39243419,-10.98363833],[29.39113715,-10.98687706],[29.39005913,-10.99231459],[29.38937811,-10.99455341],[29.38880609,-10.99657123],[29.3889661,-10.99751816],[29.38843208,-10.99849707],[29.38817508,-11.00002794],[29.3890921,-11.0016608],[29.38923211,-11.00180679],[29.39025213,-11.00314567],[29.39185218,-11.00626841],[29.39341622,-11.00942914],[29.3967143,-11.01285285],[29.40134543,-11.01658653],[29.40432651,-11.01911231],[29.40913164,-11.02212005],[29.41294274,-11.02448485],[29.41808287,-11.02843551],[29.41868389,-11.02900346],[29.42161396,-11.03177023],[29.42423203,-11.04696193],[29.42372302,-11.0555842],[29.42208098,-11.06352352],[29.42452605,-11.07326869],[29.4264321,-11.08479671],[29.42723313,-11.09223208],[29.42648511,-11.09765861],[29.42807415,-11.10521197],[29.42667612,-11.10409307],[29.42536708,-11.10305016],[29.42257101,-11.10042438],[29.41684686,-11.09757063],[29.41362777,-11.0978726],[29.40986367,-11.0990395],[29.40620757,-11.10079835],[29.40257248,-11.1025862],[29.39709934,-11.10372111],[29.39229121,-11.10627089],[29.39039517,-11.10796274],[29.38661107,-11.1096976],[29.37985488,-11.10715982],[29.37497175,-11.09963146],[29.37191467,-11.09653373],[29.36884159,-11.09470088],[29.36761556,-11.09222509],[29.36652953,-11.08990129],[29.36382546,-11.08664857],[29.36237742,-11.08514869],[29.36099438,-11.08239993],[29.35868432,-11.08003513],[29.35536224,-11.07775633],[29.35311517,-11.0768284],[29.35094612,-11.07698039],[29.34840806,-11.07599348],[29.34551198,-11.07764734],[29.34225989,-11.07786732],[29.33838279,-11.07970817],[29.3347947,-11.08069308],[29.32884154,-11.07833628],[29.32555846,-11.07820829],[29.32272238,-11.0769734],[29.31926029,-11.07546953],[29.31554919,-11.07534954],[29.3122241,-11.07486958],[29.30764698,-11.07333071],[29.30312786,-11.07242079],[29.29875575,-11.0711679],[29.29581867,-11.06951604],[29.29275959,-11.06850213],[29.29190657,-11.06601034],[29.29019952,-11.05773404],[29.28853048,-11.05538525],[29.2856604,-11.0523815],[29.28083627,-11.04900179],[29.27588114,-11.04678498],[29.27227004,-11.04433119],[29.26853895,-11.03948861],[29.26593188,-11.03673784],[29.26251379,-11.03279118],[29.26097074,-11.03059736],[29.26055474,-11.03032239],[29.2592957,-11.02870053],[29.25610662,-11.02328399],[29.25482458,-11.0208142],[29.25290654,-11.01876737],[29.25120449,-11.0171965],[29.23467305,-11.00163484],[29.21804661,-10.98732906],[29.2064893,-10.97738591],[29.20520627,-10.97702794],[29.20120017,-10.97565806],[29.17758454,-10.96629586],[29.08392208,-10.92913504],[29.08429809,-10.9285231],[29.09933547,-10.90430816],[29.11406086,-10.90509109],[29.11603091,-10.90406118],[29.11725995,-10.90412817],[29.11905399,-10.90427016],[29.12172706,-10.90287028],[29.12349311,-10.90165538],[29.12539416,-10.90070646],[29.12739321,-10.9002425],[29.13057529,-10.89976854],[29.1344014,-10.89985253],[29.13641345,-10.90012351],[29.13897152,-10.89963955],[29.14152558,-10.89836365],[29.14365964,-10.89823867],[29.20175315,-10.85404442],[29.20183915,-10.84899585],[29.20132614,-10.83798979],[29.19887907,-10.83621794],[29.19554899,-10.83176832],[29.19452796,-10.82797565],[29.19432595,-10.82564285],[29.19439695,-10.82553585],[29.19263991,-10.82226613],[29.19222789,-10.81715657],[29.1925979,-10.81250396],[29.19375393,-10.80532058],[29.19529897,-10.79938609],[29.19743102,-10.79482047],[29.20051011,-10.79149076],[29.2005021,-10.78650418],[29.2004141,-10.78226355],[29.19810604,-10.77763994],[29.19456795,-10.77412524],[29.19114785,-10.77136848],[29.1888768,-10.7675418],[29.18818778,-10.76312918],[29.18940481,-10.75855157],[29.18960481,-10.75538784],[29.19259589,-10.75262807],[29.19356092,-10.75155017],[29.19447494,-10.74803347],[29.19600098,-10.74537369],[29.19814304,-10.74254893],[29.19832804,-10.74206397],[29.19984008,-10.73866926],[29.20013209,-10.73843928],[29.20261015,-10.73646645],[29.20663825,-10.73643645],[29.21010435,-10.73376368],[29.21008534,-10.73100292],[29.21160738,-10.7311299],[29.21351243,-10.7322628],[29.21492447,-10.73012399],[29.21668652,-10.72848213],[29.21850756,-10.7288111],[29.21936459,-10.72744422],[29.2199426,-10.72596834],[29.22256467,-10.72591035],[29.22454872,-10.72508042],[29.22500674,-10.72199068],[29.22617376,-10.72025283],[29.22934585,-10.72078678],[29.23339295,-10.71971987],[29.23545701,-10.71850898],[29.23741806,-10.71783604],[29.23821308,-10.71522826],[29.23988213,-10.71420434],[29.24213318,-10.71345341],[29.24459125,-10.7123465],[29.24693431,-10.7111866],[29.24955137,-10.70838484],[29.25005039,-10.70799387],[29.2503484,-10.70660799],[29.2504834,-10.70578806],[29.25095641,-10.70486514],[29.25204544,-10.70443517],[29.25272146,-10.70482314],[29.25348748,-10.70526311],[29.2543675,-10.70573306],[29.25563754,-10.70602004],[29.25704357,-10.70536209],[29.25774359,-10.70427019],[29.2580366,-10.70316128],[29.2580906,-10.7029183],[29.25797059,-10.70157442],[29.25833861,-10.70027753],[29.25905562,-10.6993866],[29.26082967,-10.69893864],[29.26167069,-10.69961659],[29.2621057,-10.70085548],[29.26280372,-10.70073049],[29.26367674,-10.70013454],[29.26500277,-10.69851968],[29.2656668,-10.69737877],[29.2657108,-10.69562293],[29.26604081,-10.69439703],[29.26776885,-10.69291116],[29.26887088,-10.69289915],[29.26998691,-10.69279316],[29.27062193,-10.69242219],[29.27168995,-10.69137028],[29.27228897,-10.6901074],[29.27279598,-10.68928346],[29.27369101,-10.68967943],[29.27428802,-10.68946345],[29.27478003,-10.68873651],[29.27508104,-10.68777759],[29.27625407,-10.68727463],[29.27778411,-10.68679667],[29.27952016,-10.68694366],[29.2811452,-10.68640371],[29.28218822,-10.68545279],[29.28314825,-10.6841739],[29.28405728,-10.68292201],[29.28522331,-10.68222906],[29.28617333,-10.68226106],[29.28725236,-10.68226506],[29.28793538,-10.68226406],[29.2889424,-10.68189509],[29.28949542,-10.68156112],[29.28972643,-10.68203308],[29.29078345,-10.68247604],[29.29137447,-10.682982],[29.2927405,-10.68312398],[29.29336152,-10.68281602],[29.29385453,-10.68163911],[29.29434955,-10.68024723],[29.29492256,-10.67915333],[29.29543557,-10.67808541],[29.29609759,-10.6770915],[29.29712362,-10.67636156],[29.29795864,-10.67536965],[29.29910167,-10.67413175],[29.3002077,-10.67342081],[29.30099572,-10.67254889],[29.30214974,-10.671272],[29.30338678,-10.66996911],[29.30469381,-10.66869421],[29.30510582,-10.66816426],[29.30670386,-10.66610743],[29.30763289,-10.66557748],[29.30854692,-10.66514652],[29.30923193,-10.66455057],[29.31002295,-10.66353366],[29.31065397,-10.66336867],[29.311816,-10.66227276],[29.31224301,-10.66192679],[29.31264002,-10.66079389],[29.31298703,-10.65990496],[29.31377705,-10.65934301],[29.31462007,-10.65855208],[29.31531609,-10.65752317],[29.31616911,-10.65727819],[29.31718514,-10.65699221],[29.31798816,-10.65639726],[29.31910619,-10.65521236],[29.32008121,-10.65419345],[29.32118124,-10.65286456],[29.32078823,-10.65182165],[29.32023122,-10.65130069],[29.32030022,-10.65042377],[29.32051022,-10.64988581],[29.32157625,-10.6489169],[29.32098324,-10.64853993],[29.32146024,-10.64801298],[29.32227627,-10.647768],[29.32298929,-10.64756001],[29.3235693,-10.6465741],[29.32401532,-10.64637112],[29.32395131,-10.64509022],[29.32417832,-10.64391233],[29.32426932,-10.64255144],[29.32456133,-10.64148053],[29.32538935,-10.63987567],[29.32597036,-10.63826681],[29.32645338,-10.63705491],[29.32690939,-10.63587601],[29.3273154,-10.63443914],[29.3275444,-10.63359121],[29.32790841,-10.63295726],[29.32831542,-10.63190635],[29.32870943,-10.63045548],[29.32928045,-10.62985753],[29.33014647,-10.62858063],[29.32945345,-10.62697577],[29.32947646,-10.62601685],[29.32963846,-10.62463997],[29.32994347,-10.62347107],[29.32998247,-10.62236817],[29.32955645,-10.62126426],[29.32954145,-10.62045033],[29.32984246,-10.61944341],[29.32952846,-10.61859349],[29.32943445,-10.61810353],[29.33007147,-10.61719261],[29.33069948,-10.61668365],[29.3314435,-10.61563574],[29.33218152,-10.61481481],[29.33324355,-10.61405088],[29.33394357,-10.61285298],[29.33363456,-10.61172808],[29.33354856,-10.61096914],[29.33430658,-10.61070916],[29.3352716,-10.60923129],[29.33601362,-10.60778741],[29.33688864,-10.60711846],[29.33811168,-10.60642253],[29.3391437,-10.60540361],[29.33993072,-10.60404373],[29.34021573,-10.60333179],[29.34010673,-10.60251186],[29.33971972,-10.60171293],[29.33972471,-10.60097299],[29.34003372,-10.60066902],[29.34116176,-10.60053902],[29.34374982,-10.60049703],[29.34514786,-10.60071801],[29.34719091,-10.60062702],[29.34967397,-10.60059002],[29.35174903,-10.60056902],[29.3544521,-10.60056602],[29.35795419,-10.60056902],[29.36146529,-10.60062801],[29.36459337,-10.600799],[29.36733244,-10.60162693],[29.36871348,-10.60306881],[29.37009852,-10.60481765],[29.37090753,-10.60637652],[29.37163356,-10.60796639],[29.37253658,-10.60955625],[29.37367661,-10.61078714],[29.37480764,-10.61202704],[29.3769617,-10.6136379],[29.37838773,-10.61454782],[29.37959576,-10.61549074],[29.38147081,-10.61664264],[29.38349587,-10.61824551],[29.38443789,-10.61908643],[29.38577693,-10.61983237],[29.38712196,-10.62032633],[29.38819799,-10.62040932],[29.38956202,-10.62012034],[29.39111207,-10.61977437],[29.3925751,-10.61972138],[29.39411615,-10.61977237],[29.39588419,-10.62000035],[29.39703322,-10.62002335],[29.40723748,-10.59537845],[29.40811851,-10.59198074],[29.40881253,-10.59060486],[29.40953054,-10.58915398],[29.40994756,-10.58727015],[29.40981055,-10.58673019],[29.40934554,-10.58574727],[29.40893853,-10.58484036],[29.40857251,-10.58365646],[29.4079665,-10.58235957],[29.40725448,-10.58110567],[29.40668247,-10.57930183],[29.40623046,-10.57783695],[29.40600345,-10.57234542],[29.40633746,-10.56954466],[29.40643646,-10.56735085],[29.40746048,-10.56422511],[29.4080305,-10.56178432],[29.4080235,-10.56106438],[29.40845651,-10.55948752],[29.40930153,-10.55811863],[29.41026656,-10.55700173],[29.41079657,-10.55518289],[29.4119506,-10.55352902],[29.41269462,-10.55200916],[29.41332163,-10.55048329],[29.41500968,-10.54778652],[29.41623871,-10.54640363],[29.41729174,-10.54501475],[29.41824276,-10.54400584],[29.41924679,-10.54229299],[29.42012981,-10.54082611],[29.42059882,-10.53961921],[29.42165385,-10.53770038],[29.42230987,-10.53597553],[29.42299289,-10.53362773],[29.42329589,-10.53204286],[29.4237559,-10.53121793],[29.4236659,-10.53062098],[29.42406791,-10.5293201],[29.42448592,-10.52833817],[29.42447292,-10.52699629],[29.42494993,-10.52590739],[29.42557695,-10.52492147],[29.42598896,-10.52419653],[29.42653297,-10.5233286],[29.42694098,-10.5222297],[29.427412,-10.52145977],[29.42796301,-10.52066183],[29.42826502,-10.51973591],[29.42880403,-10.51900497],[29.42923704,-10.51831203],[29.42994706,-10.51775408],[29.43036307,-10.51688315],[29.43051508,-10.5162902],[29.43092309,-10.51570725],[29.43123209,-10.51489632],[29.4312671,-10.5139784],[29.43175511,-10.51341345],[29.43305015,-10.51309648],[29.43369116,-10.51253352],[29.43441418,-10.51187358],[29.43535021,-10.51150461],[29.43645724,-10.51085867],[29.43751126,-10.50986175],[29.43836428,-10.50910482],[29.44000632,-10.50881584],[29.44106935,-10.50845587],[29.44244639,-10.50764994],[29.44350642,-10.50744496],[29.44443744,-10.50783492],[29.44482445,-10.50905982],[29.44580847,-10.50913181],[29.4466405,-10.50829288],[29.44711151,-10.50805691],[29.44828654,-10.50734596],[29.44877455,-10.50635005],[29.44996359,-10.50612807],[29.4506856,-10.50550612],[29.45216264,-10.50532213],[29.45359268,-10.50565411],[29.45459471,-10.50595708],[29.45558573,-10.50618406],[29.45683376,-10.50593709],[29.4580218,-10.50613906],[29.45921983,-10.50605307],[29.46058586,-10.50558111],[29.4617069,-10.50486317],[29.46324793,-10.50436521],[29.46441896,-10.50393625],[29.46330893,-10.50097351],[29.45994684,-10.50168245],[29.45839181,-10.50126748],[29.45722277,-10.49898968],[29.45533772,-10.49929365],[29.45420669,-10.49804676],[29.45230565,-10.4975808],[29.45309366,-10.49435008],[29.45261265,-10.49163731],[29.45121662,-10.49017043],[29.44942357,-10.48903253],[29.44823154,-10.48645675],[29.44593447,-10.48593179],[29.44407543,-10.48596779],[29.44163936,-10.48549784],[29.43888129,-10.48604479],[29.43572821,-10.48503287],[29.43258112,-10.48305705],[29.43203711,-10.48089423],[29.43047907,-10.47946235],[29.43023106,-10.47870842],[29.43001205,-10.47804047],[29.42935204,-10.47595565],[29.427998,-10.47526571],[29.42759099,-10.47334787],[29.42715298,-10.47100607],[29.42505092,-10.46933922],[29.42313387,-10.46771236],[29.42088881,-10.46643247],[29.4205258,-10.46315075],[29.4204478,-10.46102893],[29.42312987,-10.45965105],[29.4242649,-10.45682429],[29.42533293,-10.45511244],[29.428009,-10.45278664],[29.42930803,-10.44980489],[29.42917402,-10.44707912],[29.42933503,-10.44410937],[29.43280812,-10.44235252],[29.43712023,-10.4403277],[29.44134934,-10.43715097],[29.44380041,-10.4355381],[29.44782851,-10.43410022],[29.44961756,-10.43266935],[29.45186862,-10.42953462],[29.45260063,-10.42598792],[29.45262364,-10.42428106],[29.45386967,-10.42246622],[29.45357566,-10.41938248],[29.45475869,-10.41635474],[29.45493769,-10.41373297],[29.45556871,-10.41166215],[29.45687974,-10.40999829],[29.45704375,-10.40824243],[29.45881579,-10.40708953],[29.46190687,-10.40545167],[29.46271389,-10.40310487],[29.46425894,-10.40145201],[29.46343492,-10.39951518],[29.46217588,-10.39660143],[29.46454694,-10.39489757],[29.46621998,-10.39313572],[29.466689,-10.39087592],[29.46861405,-10.38791017],[29.46843604,-10.38494842],[29.46732601,-10.38228465],[29.46566297,-10.38098476],[29.46407193,-10.37915392],[29.46196787,-10.37740707],[29.4630879,-10.37512427],[29.46053783,-10.37257848],[29.45814777,-10.37023569],[29.46267189,-10.36952474],[29.46390092,-10.36834984],[29.46610698,-10.36847983],[29.46979407,-10.36785488],[29.47255614,-10.36662199],[29.47387218,-10.36450417],[29.47549722,-10.36112846],[29.47687825,-10.35796973],[29.47936032,-10.3571548],[29.48089936,-10.35618888],[29.48270341,-10.35570492],[29.48574549,-10.35425005],[29.48806554,-10.34806358],[29.48978559,-10.34284102],[29.49055061,-10.34129715],[29.49178464,-10.33922433],[29.49347069,-10.33740349],[29.49515673,-10.33529267],[29.49660877,-10.3336568],[29.4977488,-10.33361281],[29.49827381,-10.33501969],[29.49984685,-10.33409777],[29.50015986,-10.33220493],[29.50067087,-10.3325609],[29.50116889,-10.33273088],[29.5017609,-10.33232892],[29.50225991,-10.33212093],[29.50274693,-10.33218693],[29.50322194,-10.33182196],[29.50343094,-10.33111402],[29.50363195,-10.32992212],[29.50394596,-10.32849324],[29.50427097,-10.32805228],[29.50502399,-10.32815028],[29.50610402,-10.32812828],[29.50738905,-10.32839525],[29.50853508,-10.32863023],[29.51005612,-10.32848424],[29.51130715,-10.32824726],[29.51249118,-10.32763531],[29.51348921,-10.32681638],[29.51440623,-10.32633142],[29.51564827,-10.3255395],[29.51618228,-10.32454658],[29.5169933,-10.32414862],[29.51775932,-10.32454558],[29.51854734,-10.32415661],[29.51912935,-10.32343867],[29.51948936,-10.32270274],[29.51953736,-10.32191081],[29.51973537,-10.32117987],[29.52054639,-10.32057492],[29.52121941,-10.32019595],[29.52183542,-10.31933702],[29.52224244,-10.31925103],[29.52275345,-10.3184261],[29.52350847,-10.31789215],[29.52455149,-10.31730619],[29.52574553,-10.31680724],[29.52632555,-10.31701122],[29.52706756,-10.3172242],[29.52793758,-10.31741719],[29.52884161,-10.31739919],[29.52959463,-10.31664025],[29.53032565,-10.31639628],[29.53080266,-10.31619029],[29.53154468,-10.31563234],[29.5324367,-10.31555835],[29.53303972,-10.31534236],[29.53380674,-10.31500739],[29.53445476,-10.31465042],[29.53515177,-10.31458543],[29.53555778,-10.31386849],[29.53540878,-10.31338153],[29.53486476,-10.3126336],[29.53442476,-10.31209664],[29.53453176,-10.31128771],[29.53496076,-10.31063976],[29.53529778,-10.30997583],[29.53593379,-10.30980484],[29.5363528,-10.30944587],[29.53682982,-10.30892691],[29.53709682,-10.30827097],[29.53749383,-10.30753803],[29.53825885,-10.30694108],[29.53895687,-10.30592717],[29.53958389,-10.30532122],[29.5400479,-10.30485526],[29.54069591,-10.30466328],[29.54172994,-10.3044223],[29.54220496,-10.30390334],[29.54312198,-10.30351037],[29.54379399,-10.30330039],[29.54436201,-10.30337839],[29.54479102,-10.30281243],[29.54567104,-10.30293242],[29.54701708,-10.3031994],[29.54822311,-10.30306541],[29.54902413,-10.30255046],[29.55019516,-10.3019865],[29.55112419,-10.3008246],[29.55208721,-10.30015566],[29.55341125,-10.2996397],[29.55468728,-10.29902776],[29.5556733,-10.29877677],[29.55644933,-10.29811083],[29.55694934,-10.29748189],[29.55823838,-10.29666796],[29.55893439,-10.296133],[29.56025643,-10.29566704],[29.56164846,-10.2949331],[29.56277449,-10.29461313],[29.56425853,-10.29440315],[29.56618058,-10.29456814],[29.5670606,-10.29466512],[29.56829263,-10.29385719],[29.56916366,-10.29309226],[29.57017269,-10.29248931],[29.57112271,-10.29215434],[29.57188973,-10.2914134],[29.57316576,-10.29107743],[29.57429079,-10.29098944],[29.57522981,-10.2903025],[29.57621784,-10.28961156],[29.57713287,-10.28890761],[29.57863091,-10.28782871],[29.57998694,-10.28772572],[29.58063696,-10.28745374],[29.58106597,-10.28696078],[29.58167099,-10.28641983],[29.58243601,-10.28600086],[29.58329403,-10.28564889],[29.58406105,-10.28508894],[29.58476806,-10.28461098],[29.58560409,-10.28451799],[29.58713413,-10.28386904],[29.58849216,-10.28335109],[29.58918818,-10.28337609],[29.59022921,-10.28372805],[29.59141224,-10.28421002],[29.59253527,-10.28446799],[29.59388031,-10.28452699],[29.59546935,-10.28455198],[29.59786841,-10.28463798],[29.59913144,-10.28457198],[29.60014047,-10.28454698],[29.6014845,-10.284345],[29.60229752,-10.28401003],[29.60329355,-10.28370506],[29.60436158,-10.28345407],[29.6052656,-10.28347307],[29.60695964,-10.28338008],[29.60799067,-10.28323709],[29.6091147,-10.28294512],[29.60977672,-10.28257915],[29.61042674,-10.28208119],[29.61127376,-10.28175522],[29.6128488,-10.28234917],[29.61393683,-10.28325509],[29.61451585,-10.28398303],[29.61516486,-10.28420601],[29.61628789,-10.28419301],[29.61768092,-10.28428],[29.61880395,-10.28419001],[29.62018299,-10.28454998],[29.62101702,-10.28475696],[29.62250106,-10.28448399],[29.6240671,-10.28445199],[29.62521513,-10.28472796],[29.62611915,-10.28479895],[29.62698917,-10.28440399],[29.6279612,-10.284367],[29.62893622,-10.28394603],[29.63005025,-10.28327808],[29.63092027,-10.28298911],[29.63160429,-10.28235616],[29.6321163,-10.28176721],[29.63291733,-10.28141524],[29.63401935,-10.28084629],[29.63509938,-10.27970239],[29.6357494,-10.27874547],[29.63672443,-10.27789854],[29.63691142,-10.27771756],[29.63781545,-10.27695263],[29.63832647,-10.27646167],[29.63889648,-10.27533676],[29.63916549,-10.27411487],[29.6396295,-10.27297096],[29.64030451,-10.27159908],[29.64092054,-10.27067616],[29.64129454,-10.26971124],[29.64189656,-10.26879932],[29.64287358,-10.26711347],[29.64332759,-10.26579058],[29.64339959,-10.26484366],[29.64384061,-10.26401573],[29.64455063,-10.26300282],[29.64550165,-10.26189391],[29.64647867,-10.26051403],[29.64702569,-10.25913015],[29.64723569,-10.25840921],[29.64684268,-10.25727031],[29.64623067,-10.25584443],[29.64594266,-10.25484851],[29.64574766,-10.25338664],[29.64563365,-10.25219274],[29.64558765,-10.2514788],[29.64527864,-10.25029491],[29.64509964,-10.24638524],[29.64545264,-10.24389745],[29.73353594,-10.2162428],[29.75019738,-10.21094625],[29.77632706,-10.20253096],[29.77807011,-10.202144],[29.77929614,-10.20219299],[29.78034316,-10.20188402],[29.78155319,-10.20159804],[29.78320424,-10.20119008],[29.78446527,-10.20122307],[29.78571331,-10.20131406],[29.78689534,-10.20122007],[29.78737035,-10.20171203],[29.78813537,-10.20220699],[29.78963841,-10.20228298],[29.79101145,-10.20193801],[29.79187347,-10.20214499],[29.7931955,-10.20256396],[29.79464554,-10.20295492],[29.79577257,-10.20328389],[29.7969076,-10.20328389],[29.79790462,-10.20315191],[29.79884765,-10.20345688],[29.79940966,-10.20422281],[29.80011168,-10.20492475],[29.80138972,-10.20575668],[29.80268075,-10.20657461],[29.80324977,-10.20760052],[29.80411979,-10.20917138],[29.80570283,-10.21036628],[29.80732187,-10.21090624],[29.80876391,-10.21172316],[29.81028195,-10.21211713],[29.81132898,-10.21240811],[29.81342403,-10.21289706],[29.81500307,-10.21264509],[29.81645611,-10.21237911],[29.81799015,-10.21206914],[29.81884418,-10.21271608],[29.81936119,-10.21338202],[29.82062822,-10.21425895],[29.82097923,-10.21509487],[29.82148625,-10.21585881],[29.82195926,-10.21643176],[29.82147125,-10.21762766],[29.82156825,-10.21851958],[29.82153025,-10.21925952],[29.82132624,-10.22011845],[29.82118824,-10.2217693],[29.82208726,-10.22244525],[29.8234353,-10.22274722],[29.82410732,-10.22271622],[29.82514434,-10.2229352],[29.82634438,-10.22360415],[29.8271434,-10.2240931],[29.82852643,-10.22386912],[29.82957146,-10.22362614],[29.83009847,-10.22385912],[29.83046648,-10.22402511],[29.8312135,-10.22421309],[29.83282555,-10.22460806],[29.83408658,-10.22518701],[29.8350956,-10.22562097],[29.83617663,-10.22537099],[29.83690565,-10.22543299],[29.83758667,-10.22550098],[29.83769567,-10.22517901],[29.83774067,-10.22478004],[29.83740767,-10.2240821],[29.83682565,-10.22370613],[29.83752367,-10.22241324],[29.83796968,-10.22159832],[29.83796268,-10.22074739],[29.83802568,-10.22006144],[29.83798368,-10.21925052],[29.83825069,-10.21866456],[29.83826968,-10.21780964],[29.83862969,-10.21717869],[29.83927871,-10.21604079],[29.84020574,-10.21543284],[29.84066875,-10.2147699],[29.84120876,-10.21501888],[29.84174678,-10.2147709],[29.84245979,-10.21438093],[29.8428418,-10.21491089],[29.84334082,-10.21431094],[29.84330682,-10.21368499],[29.84343882,-10.21291906],[29.84387683,-10.21189414],[29.84459985,-10.21167716],[29.84492986,-10.21139219],[29.84561088,-10.21084524],[29.84555188,-10.21042327],[29.84564188,-10.20944635],[29.84591589,-10.20900039],[29.84592389,-10.20864842],[29.84592989,-10.20829345],[29.84622089,-10.2077035],[29.84625989,-10.20689957],[29.84564188,-10.20604264],[29.8464329,-10.20477975],[29.84712191,-10.20455177],[29.84838194,-10.20402882],[29.84869695,-10.20334587],[29.84834795,-10.20284892],[29.84778493,-10.20215498],[29.84843995,-10.20128705],[29.84961498,-10.20096308],[29.850463,-10.20025114],[29.85178504,-10.1995392],[29.85278306,-10.19937721],[29.85372709,-10.19857428],[29.85386409,-10.19749437],[29.85470011,-10.19738238],[29.85517112,-10.19756137],[29.85574714,-10.19767236],[29.85647016,-10.19785134],[29.85750318,-10.19724939],[29.8582742,-10.19741738],[29.85904122,-10.19726439],[29.86005725,-10.19733539],[29.86110828,-10.19695942],[29.86172629,-10.19667644],[29.86257532,-10.19538155],[29.86344934,-10.19445363],[29.86457437,-10.19275878],[29.8656714,-10.19181886],[29.86679443,-10.19173886],[29.86764145,-10.19111792],[29.86803246,-10.19064296],[29.86889848,-10.190152],[29.87008051,-10.18948905],[29.87047952,-10.18874312],[29.87142355,-10.1878412],[29.87306259,-10.18747523],[29.87378861,-10.18709626],[29.87497164,-10.18636432],[29.87630867,-10.18606135],[29.8770757,-10.1854184],[29.87808672,-10.18452848],[29.87902674,-10.18391353],[29.87976476,-10.18408151],[29.88061378,-10.18332158],[29.8813788,-10.18272463],[29.88225983,-10.18154374],[29.88295184,-10.18047582],[29.88367687,-10.18013985],[29.88464189,-10.17931792],[29.88594692,-10.17896995],[29.88657794,-10.17862998],[29.88756596,-10.17624918],[29.88821298,-10.17515228],[29.888854,-10.17388738],[29.88960702,-10.17215154],[29.89033004,-10.17080165],[29.89095005,-10.16994172],[29.89149707,-10.16867583],[29.89224909,-10.16758993],[29.8930021,-10.16693698],[29.89338211,-10.16597606],[29.89458115,-10.16445319],[29.89539816,-10.16358327],[29.89586318,-10.16291932],[29.89596018,-10.16219139],[29.89587318,-10.16080851],[29.89606519,-10.15935663],[29.8966372,-10.15799775],[29.8966472,-10.15705083],[29.8968852,-10.15610391],[29.89726922,-10.15491501],[29.89727821,-10.15395009],[29.89762422,-10.15294218],[29.89785423,-10.15134832],[29.89826624,-10.14986944],[29.89861925,-10.14905151],[29.89943427,-10.14773162],[29.90019729,-10.14725266],[29.9009103,-10.14688769],[29.90188133,-10.14632775],[29.90237734,-10.14585378],[29.90311937,-10.14470588],[29.90394138,-10.14358798],[29.90436239,-10.14226409],[29.90424039,-10.14037625],[29.90376338,-10.13880939],[29.90352538,-10.1374955],[29.90348337,-10.13560866],[29.90322436,-10.13416179],[29.90341237,-10.13233094],[29.90358637,-10.13072508],[29.90339537,-10.1293512],[29.90348537,-10.12833428],[29.9045364,-10.12684541],[29.90523642,-10.12547153],[29.90625244,-10.12333171],[29.90708846,-10.12149787],[29.90744147,-10.11959403],[29.90787648,-10.1176752],[29.90800048,-10.11611433],[29.90795248,-10.11453647],[29.90763748,-10.11240965],[29.90691046,-10.11125575],[29.90719146,-10.11052981],[29.92067081,-10.07034425],[29.92149482,-10.0685554],[29.92265685,-10.06674955],[29.92398589,-10.06513869],[29.92570294,-10.06327485],[29.92681296,-10.06218295],[29.928236,-10.06046609],[29.92884602,-10.05956617],[29.92974604,-10.05800331],[29.93064806,-10.05641344],[29.93122608,-10.05532053],[29.93298112,-10.05437662],[29.93381315,-10.0533577],[29.93301212,-10.0534287],[29.93259011,-10.05210981],[29.93254611,-10.05089691],[29.93349414,-10.04931004],[29.93420215,-10.04805315],[29.93463917,-10.04651929],[29.93419615,-10.04501641],[29.93376114,-10.04368753],[29.93337413,-10.0429076],[29.93248711,-10.04209367],[29.93155808,-10.04118174],[29.93097507,-10.03980386],[29.93054205,-10.03833999],[29.93009904,-10.03737007],[29.93008604,-10.03576921],[29.92926902,-10.03447032],[29.92909401,-10.03286446],[29.92856,-10.03131559],[29.92765797,-10.03016769],[29.92764797,-10.02847984],[29.92711796,-10.02728494],[29.92671395,-10.02556308],[29.92603593,-10.0242202],[29.92576592,-10.02281232],[29.92516891,-10.02092648],[29.92470089,-10.0195056],[29.92447789,-10.01850069],[29.92415988,-10.01705581],[29.92419188,-10.01557394],[29.92365987,-10.01454103],[29.92274384,-10.01293417],[29.92248683,-10.01194825],[29.92160381,-10.01100733],[29.92046679,-10.01008541],[29.91962976,-10.00859654],[29.91970576,-10.00719766],[29.92000877,-10.00597477],[29.91999177,-10.00455789],[29.91929775,-10.00351097],[29.91867974,-10.00261106],[29.91877874,-10.00177413],[29.91862573,-10.00178212],[29.91688869,-9.99939833],[29.91507664,-9.99528268],[29.91548065,-9.99049409],[29.91316758,-9.98722338],[29.91004051,-9.98382667],[29.91034451,-9.98050495],[29.90964249,-9.97744921],[29.91073752,-9.97586135],[29.91203455,-9.97344155],[29.91082252,-9.97127574],[29.91200355,-9.96283646],[29.91071251,-9.95995271],[29.91182855,-9.95340827],[29.9141916,-9.94972659],[29.91838971,-9.94417906],[29.92005075,-9.94004142],[29.9218918,-9.93746664],[29.92364485,-9.93562279],[29.92440587,-9.93274104],[29.92307383,-9.92924234],[29.92271582,-9.92694754],[29.92309683,-9.9250887],[29.92379685,-9.92365082],[29.92451987,-9.92199596],[29.92480987,-9.91948818],[29.92465887,-9.91695939],[29.92355684,-9.91383667],[29.92379484,-9.91005599],[29.9257479,-9.9064533],[29.92446886,-9.90495243],[29.92284682,-9.90259863],[29.92434486,-9.9006088],[29.92494187,-9.89682113],[29.92656491,-9.89200453],[29.92928698,-9.88924177],[29.93178105,-9.8878199],[29.93235206,-9.88586606],[29.93352309,-9.88360126],[29.9337611,-9.88252935],[29.93303308,-9.8807325],[29.93415011,-9.87871067],[29.93414311,-9.87705182],[29.93436811,-9.87546295],[29.93450911,-9.87330914],[29.93360109,-9.87244221],[29.93323508,-9.87063337],[29.93251406,-9.86726566],[29.93105102,-9.86402993],[29.93182504,-9.8609032],[29.92988199,-9.8586494],[29.93116703,-9.8563046],[29.92961698,-9.85396779],[29.92681691,-9.85192897],[29.92547587,-9.84997514],[29.92324382,-9.84789632],[29.92321682,-9.84456561],[29.92363082,-9.84108391],[29.92444784,-9.8376872],[29.92353182,-9.83448547],[29.92350282,-9.8305828],[29.92061374,-9.82928392],[29.91775467,-9.82691912],[29.91480359,-9.8247973],[29.9114695,-9.8224855],[29.91027347,-9.81907079],[29.9079144,-9.81726795],[29.90519434,-9.8178499],[29.90228926,-9.8155031],[29.89882116,-9.81417822],[29.89588409,-9.81532712],[29.89390804,-9.81385325],[29.89041394,-9.8144012],[29.88665385,-9.81545711],[29.88246974,-9.81696498],[29.88130971,-9.81400224],[29.87914465,-9.81183042],[29.87645758,-9.80885668],[29.87258148,-9.80964861],[29.87121044,-9.80908766],[29.86785136,-9.80604792],[29.86782836,-9.80357414],[29.86538629,-9.80117934],[29.86276822,-9.7981946],[29.86063517,-9.79551983],[29.85889612,-9.79207112],[29.85998715,-9.79014029],[29.86249321,-9.78876641],[29.86341824,-9.78564868],[29.8659933,-9.78410181],[29.87227847,-9.78318688],[29.87128844,-9.78175801],[29.86882938,-9.77858428],[29.86548929,-9.77494259],[29.86418325,-9.77263779],[29.86292622,-9.77100293],[29.86071216,-9.77076396],[29.8586501,-9.77064597],[29.85614704,-9.77011901],[29.85310096,-9.76759722],[29.84924486,-9.7679162],[29.84658779,-9.76919109],[29.84469374,-9.76766622],[29.84256268,-9.76501845],[29.84158066,-9.76280664],[29.84198067,-9.75935293],[29.84051663,-9.75804005],[29.83830757,-9.75589724],[29.83713454,-9.75536928],[29.83533549,-9.75474833],[29.83330444,-9.75353144],[29.83032536,-9.75300448],[29.82983635,-9.7516756],[29.82973134,-9.75103265],[29.82945934,-9.7505137],[29.82883932,-9.7493338],[29.82664327,-9.74783293],[29.82741029,-9.74631506],[29.82599925,-9.7446792],[29.82225515,-9.74430123],[29.8206011,-9.74155647],[29.82101912,-9.73778679],[29.81951908,-9.735318],[29.81725001,-9.73352016],[29.81923707,-9.7306954],[29.81976008,-9.72920153],[29.81822204,-9.72707471],[29.81743702,-9.72540586],[29.81796303,-9.72353301],[29.81646399,-9.7226081],[29.81636299,-9.72059427],[29.81595498,-9.71933538],[29.8130189,-9.71888941],[29.81321791,-9.71627464],[29.81561097,-9.71297692],[29.81552496,-9.71006617],[29.8128759,-9.70943923],[29.81022083,-9.70696844],[29.80690574,-9.70609752],[29.80701074,-9.70339675],[29.80500269,-9.70032002],[29.80111859,-9.69883914],[29.7976585,-9.6993311],[29.79705448,-9.70082097],[29.79481342,-9.70098096],[29.79279537,-9.70236084],[29.7901933,-9.7040007],[29.78788124,-9.70350974],[29.78603919,-9.70495262],[29.78426315,-9.7063795],[29.78217609,-9.70393171],[29.78118307,-9.70559257],[29.77949502,-9.70622951],[29.77691995,-9.70476764],[29.77561492,-9.70432167],[29.77506591,-9.70248384],[29.77327486,-9.70307378],[29.77162881,-9.70231785],[29.77011377,-9.70071299],[29.7670867,-9.70040401],[29.76605167,-9.70227485],[29.76370761,-9.70354075],[29.76016552,-9.70396171],[29.75767445,-9.70482164],[29.75488138,-9.70464266],[29.75364335,-9.70567557],[29.75212531,-9.70503762],[29.75210831,-9.7063855],[29.75069127,-9.70723843],[29.75013825,-9.70676447],[29.74833721,-9.70375873],[29.74727518,-9.70287981],[29.7442921,-9.7028788],[29.74378209,-9.70472665],[29.74196704,-9.70463666],[29.74144203,-9.70429769],[29.73996399,-9.70334477],[29.73865695,-9.70093897],[29.73852595,-9.6994771],[29.73541487,-9.69753327],[29.73329582,-9.69744828],[29.73191877,-9.6947635],[29.73147176,-9.6913738],[29.73321881,-9.688979],[29.73192077,-9.68686419],[29.72714765,-9.68499735],[29.72384656,-9.68537231],[29.72357956,-9.68744314],[29.7213175,-9.68836206],[29.71843342,-9.68819707],[29.71821942,-9.68991093],[29.71575935,-9.68993193],[29.7140253,-9.69065786],[29.71298928,-9.69150579],[29.71194025,-9.68939097],[29.70946419,-9.68820208],[29.70809115,-9.68967895],[29.70639911,-9.68914099],[29.70521908,-9.68772812],[29.702213,-9.68506535],[29.69992593,-9.6833185],[29.69645385,-9.68319551],[29.69379678,-9.6833145],[29.69022868,-9.68376746],[29.68669559,-9.68383345],[29.68466854,-9.68354948],[29.6833275,-9.68342749],[29.68009442,-9.68159065],[29.6753503,-9.68062473],[29.67393325,-9.67924086],[29.6717382,-9.67593214],[29.67065817,-9.67623111],[29.67078618,-9.67724902],[29.66955414,-9.67683406],[29.66670807,-9.6740713],[29.66373099,-9.67154851],[29.65927687,-9.67040661],[29.65669981,-9.66866376],[29.65439074,-9.66756986],[29.65143167,-9.66804482],[29.65001863,-9.67027963],[29.64624953,-9.67146253],[29.64314245,-9.6717205],[29.64182842,-9.66884675],[29.64095039,-9.66748387],[29.63596826,-9.66810981],[29.63221316,-9.6682528],[29.63005911,-9.66546305],[29.62498197,-9.66462812],[29.62421896,-9.66740088],[29.6220409,-9.66780085],[29.62051686,-9.66422115],[29.61734477,-9.66289227],[29.6144727,-9.66213334],[29.61383168,-9.6590496],[29.61145662,-9.65567489],[29.60640049,-9.65474897],[29.6030944,-9.65574788],[29.60008432,-9.65613085],[29.59855728,-9.65843565],[29.59693524,-9.66113642],[29.59413517,-9.66324125],[29.59222011,-9.6602685],[29.59099209,-9.65887762],[29.58748599,-9.65878663],[29.58489192,-9.65830267],[29.58278487,-9.65974355],[29.57917978,-9.66161039],[29.57451565,-9.65948757],[29.57074555,-9.65637384],[29.56645544,-9.65204421],[29.56231233,-9.64830953],[29.55588617,-9.64533279],[29.54881598,-9.6440679],[29.54360084,-9.64541678],[29.5418458,-9.65076932],[29.53764269,-9.65121229],[29.53325357,-9.6499424],[29.53169353,-9.64631471],[29.53212054,-9.64188809],[29.53175753,-9.63769845],[29.52970948,-9.63527466],[29.52706541,-9.6336268],[29.52485735,-9.6278193],[29.52529036,-9.62187381],[29.5266424,-9.61668125],[29.52650639,-9.61115473],[29.52184326,-9.60761503],[29.5192592,-9.60985385],[29.51454908,-9.61450244],[29.50853192,-9.61668626],[29.50472482,-9.61497141],[29.5039478,-9.6092329],[29.50149173,-9.60511026],[29.49974569,-9.60332441],[29.49777164,-9.60247148],[29.49429055,-9.5976529],[29.48993843,-9.59373724],[29.48344726,-9.59042152],[29.47684609,-9.59101647],[29.46870288,-9.59787989],[29.46722884,-9.59810186],[29.46331273,-9.59869381],[29.45861261,-9.59566708],[29.45727057,-9.59090648],[29.4582616,-9.58528297],[29.46197569,-9.58080835],[29.46285872,-9.57572178],[29.46124667,-9.57081121],[29.45924662,-9.56465374],[29.46023965,-9.5592702],[29.46594479,-9.55421163],[29.46567579,-9.55074093],[29.45958363,-9.55028097],[29.45283145,-9.55095492],[29.44818733,-9.55107891],[29.44553626,-9.55080793],[29.44407622,-9.54962003],[29.44056713,-9.53981088],[29.43606201,-9.5371921],[29.43282292,-9.53780005],[29.42892083,-9.53904994],[29.42568174,-9.53965789],[29.42180564,-9.53833701],[29.41601848,-9.53505529],[29.41215839,-9.53374341],[29.40957032,-9.53371441],[29.40566021,-9.53560524],[29.4010801,-9.54005186],[29.39976606,-9.54261064],[29.39712399,-9.54771921],[29.39451492,-9.54962204],[29.38807176,-9.54633533],[29.38682573,-9.54247866],[29.38495468,-9.53539327],[29.37658946,-9.53144461],[29.37275335,-9.52625905],[29.36827624,-9.52234939],[29.36435313,-9.52552112],[29.35849898,-9.52868385],[29.35462388,-9.52734997],[29.35082578,-9.52023858],[29.34962574,-9.51058841],[29.35288383,-9.50806062],[29.35422687,-9.50421195],[29.35223381,-9.50183616],[29.35318184,-9.49988832],[29.35349284,-9.49916039],[29.35320484,-9.49828246],[29.35237281,-9.49707057],[29.35230381,-9.4954847],[29.35235781,-9.49402283],[29.3521288,-9.4931369],[29.35063477,-9.49240597],[29.34835171,-9.49182202],[29.34642366,-9.4909171],[29.3444346,-9.4897242],[29.34232855,-9.4886033],[29.34159553,-9.48759438],[29.34201154,-9.48639848],[29.34369758,-9.48489961],[29.34500062,-9.48341574],[29.34598864,-9.48168389],[29.34651366,-9.47988305],[29.34661666,-9.47834118],[29.34524062,-9.47559441],[29.3446006,-9.47452951],[29.34341157,-9.47285965],[29.34257255,-9.47112779],[29.34325757,-9.46943794],[29.3445046,-9.468702],[29.34422059,-9.46734612],[29.34262955,-9.46720214],[29.34173753,-9.46767809],[29.3404005,-9.46709814],[29.34030649,-9.46594924],[29.33986048,-9.46420239],[29.33925746,-9.46229456],[29.33799843,-9.46104566],[29.33531136,-9.45997675],[29.33307731,-9.45970378],[29.33079224,-9.45870287],[29.32941121,-9.45730099],[29.32874819,-9.45546915],[29.32837618,-9.45275138],[29.32817217,-9.45064756],[29.32743715,-9.44928568],[29.32601412,-9.44733084],[29.32390106,-9.44484606],[29.32276203,-9.44262325],[29.32199201,-9.44011247],[29.32232402,-9.43704173],[29.32344505,-9.43467793],[29.3255701,-9.43123823],[29.3256231,-9.42899142],[29.32449007,-9.42624366],[29.32353505,-9.42409784],[29.321717,-9.42219001],[29.32057997,-9.41951623],[29.32145199,-9.41780138],[29.32329404,-9.41684946],[29.32487008,-9.41674848],[29.32692814,-9.4163905],[29.32788716,-9.41481864],[29.32872318,-9.41275482],[29.32851717,-9.41104697],[29.32867518,-9.40884516],[29.3295092,-9.40676933],[29.33031922,-9.4048035],[29.33036522,-9.40279267],[29.3297362,-9.40098783],[29.32916319,-9.40000991],[29.32781115,-9.39921698],[29.32510108,-9.39857503],[29.32409605,-9.3977521],[29.32336904,-9.39648422],[29.32313603,-9.39534231],[29.32346204,-9.39368746],[29.32422106,-9.39224058],[29.32478407,-9.39078671],[29.32523008,-9.3885629],[29.32558309,-9.38677105],[29.32622011,-9.38591813],[29.32778615,-9.38537717],[29.32944619,-9.38476922],[29.33145624,-9.38361932],[29.33317629,-9.38412228],[29.33383131,-9.38507719],[29.33548835,-9.38653107],[29.33696439,-9.38703103],[29.33899444,-9.38687404],[29.34057349,-9.38738699],[29.34178852,-9.38819993],[29.34280354,-9.38866389],[29.3450716,-9.38862489],[29.34660464,-9.38834891],[29.34814068,-9.38768197],[29.34913571,-9.38640808],[29.34962772,-9.38459923],[29.34992573,-9.38277139],[29.35096475,-9.38000463],[29.35203278,-9.37786581],[29.35392683,-9.37561401],[29.35556787,-9.37403314],[29.35732992,-9.37273425],[29.35801694,-9.3709814],[29.35718291,-9.36780367],[29.3566339,-9.36605583],[29.35628489,-9.36376302],[29.3565059,-9.36133523],[29.35691091,-9.35971537],[29.35761592,-9.35813651],[29.35889196,-9.35641566],[29.35986899,-9.35427684],[29.35970498,-9.35272597],[29.35897996,-9.35104711],[29.35774393,-9.34936726],[29.35649289,-9.34792838],[29.35535386,-9.34690547],[29.35393882,-9.34548459],[29.35260579,-9.34356676],[29.35098074,-9.34184191],[29.34973472,-9.34095599],[29.34799567,-9.33946711],[29.34747266,-9.33762127],[29.34774566,-9.33577143],[29.34829668,-9.33391159],[29.34853168,-9.3314128],[29.34856768,-9.32900301],[29.3493037,-9.3267482],[29.35045373,-9.32496236],[29.35163276,-9.32345149],[29.35251778,-9.32239358],[29.35366382,-9.32077472],[29.35365281,-9.31961681],[29.3531928,-9.3187099],[29.35226978,-9.31820694],[29.35112875,-9.31770499],[29.34992172,-9.31707904],[29.34877369,-9.31597813],[29.34755065,-9.31510521],[29.34595661,-9.31390031],[29.34507859,-9.31306138],[29.34424156,-9.31158851],[29.34361555,-9.30966267],[29.34328954,-9.30774584],[29.34336255,-9.30608699],[29.34382556,-9.30403116],[29.34386956,-9.30257029],[29.34357955,-9.30139439],[29.34352254,-9.30061145],[29.34258752,-9.30089943],[29.34109248,-9.30102542],[29.33982445,-9.30131139],[29.33850942,-9.30157837],[29.33755039,-9.30152237],[29.33635236,-9.30061645],[29.33545234,-9.29977952],[29.33449431,-9.29849464],[29.33356628,-9.29740173],[29.33299127,-9.29608784],[29.33324727,-9.29449599],[29.33361128,-9.2930921],[29.3343093,-9.29092229],[29.33505932,-9.28904345],[29.33558933,-9.28749858],[29.33591534,-9.28545476],[29.33572134,-9.28260001],[29.33519832,-9.28068317],[29.33509132,-9.27880533],[29.33523832,-9.27737146],[29.33587034,-9.27548062],[29.33689437,-9.27370677],[29.33718637,-9.27201991],[29.33780239,-9.27033906],[29.33881841,-9.26840022],[29.33988344,-9.26674437],[29.34122248,-9.26449056],[29.3420255,-9.26273971],[29.3421925,-9.26095687],[29.34177349,-9.25866006],[29.34181949,-9.2570732],[29.34176749,-9.25569832],[29.34192049,-9.25443043],[29.3421415,-9.25316054],[29.34271552,-9.25170266],[29.34342153,-9.2500848],[29.34351454,-9.24869692],[29.34377754,-9.24673409],[29.34381054,-9.24622013],[29.34345353,-9.24468827],[29.34317753,-9.24393933],[29.34318453,-9.24339838],[29.34354553,-9.24186451],[29.34362354,-9.24070461],[29.34299952,-9.23920073],[29.34185749,-9.23762387],[29.34036145,-9.23633998],[29.33903041,-9.2349881],[29.33706437,-9.23411418],[29.33507831,-9.23311026],[29.33327926,-9.23200535],[29.33173823,-9.23004452],[29.33134921,-9.22835967],[29.33170222,-9.22665682],[29.33262524,-9.22467499],[29.33346427,-9.22296013],[29.3347793,-9.22173424],[29.33630634,-9.22052234],[29.33684236,-9.21954743],[29.33691736,-9.21855551],[29.33620334,-9.2175646],[29.33523431,-9.21664968],[29.33444129,-9.21563377],[29.33366327,-9.21444986],[29.33346327,-9.21382692],[29.33312326,-9.21275701],[29.33242524,-9.21087618],[29.33169422,-9.2081944],[29.3312402,-9.20628957],[29.33027518,-9.20439873],[29.32952216,-9.20378178],[29.32802512,-9.20397077],[29.3271421,-9.2048107],[29.32604107,-9.20571862],[29.32448803,-9.20644256],[29.32283899,-9.20690751],[29.32122294,-9.20792543],[29.31975991,-9.20960128],[29.31888989,-9.21114415],[29.31817286,-9.21254404],[29.31739084,-9.21361894],[29.31558079,-9.21455386],[29.31418076,-9.21452487],[29.31268772,-9.21594374],[29.31134069,-9.2175526],[29.31007466,-9.21858451],[29.30823961,-9.21971442],[29.30645056,-9.22002239],[29.30445851,-9.21932245],[29.30346548,-9.21784058],[29.30344448,-9.21569577],[29.30385049,-9.21351695],[29.30348248,-9.21121715],[29.30185144,-9.20971128],[29.29966138,-9.20777645],[29.29936637,-9.20471471],[29.29927637,-9.20167597],[29.29839535,-9.19966414],[29.2965873,-9.19778631],[29.29538927,-9.19526252],[29.29420623,-9.19332869],[29.29307021,-9.19260375],[29.29164517,-9.19282773],[29.29067015,-9.19429361],[29.2890551,-9.19614445],[29.28734606,-9.19736335],[29.28622603,-9.19786931],[29.285187,-9.19698938],[29.28389897,-9.19506654],[29.2812379,-9.19353768],[29.27855483,-9.1920878],[29.27665478,-9.19001098],[29.27437772,-9.18706423],[29.27285667,-9.18445546],[29.27183665,-9.18114275],[29.27132563,-9.17846097],[29.27095363,-9.17646315],[29.27059462,-9.17363139],[29.2699466,-9.17148058],[29.26836856,-9.16966873],[29.26654151,-9.16812486],[29.26439045,-9.166611],[29.26277641,-9.16555609],[29.26092036,-9.16432919],[29.2584203,-9.16225737],[29.25630124,-9.16020455],[29.2546302,-9.1584547],[29.25394318,-9.15655387],[29.25371617,-9.15411308],[29.25355617,-9.15122732],[29.25309415,-9.14902651],[29.25280415,-9.14770962],[29.25215613,-9.14629174],[29.25014908,-9.14441591],[29.24410492,-9.14022927],[29.2396878,-9.13698755],[29.23462367,-9.13388781],[29.23438866,-9.13711154],[29.23055856,-9.13700355],[29.22703747,-9.13733452],[29.22475841,-9.13885539],[29.22177734,-9.14044525],[29.21759423,-9.14206512],[29.21374913,-9.14467789],[29.20828798,-9.14546582],[29.20198182,-9.14418994],[29.19469163,-9.143473],[29.19063152,-9.14042626],[29.19082753,-9.13841944],[29.19089453,-9.13486474],[29.18715943,-9.13356286],[29.17863521,-9.1330549],[29.17804419,-9.131885],[29.1822823,-9.12719341],[29.17993624,-9.12352372],[29.17293606,-9.12629548],[29.17035199,-9.12565654],[29.16968997,-9.12549355],[29.170697,-9.12341973],[29.17286705,-9.1225498],[29.17318407,-9.11860814],[29.16949897,-9.11767023],[29.16397682,-9.11920009],[29.16087174,-9.11821018],[29.15639862,-9.11507745],[29.15447457,-9.1169063],[29.15578261,-9.11958206],[29.1553046,-9.12327575],[29.1513005,-9.12269879],[29.14938744,-9.12008302],[29.14925044,-9.11518244],[29.14612935,-9.11305663],[29.14247726,-9.1132936],[29.13713012,-9.11259667],[29.13411904,-9.11063683],[29.13207799,-9.10699415],[29.12930392,-9.10312348],[29.12649684,-9.09927581],[29.1210627,-9.09766795],[29.1175506,-9.09547314],[29.11325349,-9.09686502],[29.10922339,-9.09692102],[29.10729334,-9.09420325],[29.10880938,-9.09025759],[29.11319849,-9.08811878],[29.11391151,-9.085478],[29.11110444,-9.08235327],[29.10937439,-9.08006147],[29.10879837,-9.07929753],[29.11246247,-9.07783966],[29.11621757,-9.07779866],[29.11934565,-9.07906455],[29.12175271,-9.0750479],[29.11987966,-9.07279409],[29.11881363,-9.07086126],[29.12091769,-9.06787952],[29.1212327,-9.06761454],[29.12240573,-9.06662363],[29.12396577,-9.06626366],[29.12428178,-9.06619266],[29.12662684,-9.06534173],[29.12835988,-9.06262696],[29.12990492,-9.06059614],[29.12971092,-9.05839234],[29.13079195,-9.05516261],[29.12963392,-9.0530028],[29.13067794,-9.05071499],[29.13242699,-9.04879516],[29.13404803,-9.04688832],[29.13523606,-9.04418755],[29.13795813,-9.04241171],[29.14023919,-9.03998191],[29.14396228,-9.03977793],[29.14700137,-9.04260469],[29.15100247,-9.04286467],[29.15412955,-9.04211073],[29.15791765,-9.04375758],[29.1633758,-9.04633936],[29.1676449,-9.04764825],[29.17163701,-9.04344861],[29.17292504,-9.0401349],[29.17242103,-9.03655521],[29.17201502,-9.03357346],[29.17237902,-9.02593612],[29.17248403,-9.02094155],[29.17244003,-9.01646394],[29.17197501,-9.01072043],[29.17244403,-9.0098605],[29.17384006,-9.00730272],[29.17470008,-9.0053029],[29.17970021,-9.00202517],[29.18914546,-9.00147722],[29.18915446,-9.00040632],[29.18929046,-8.9994544],[29.18988948,-8.9982655],[29.19022649,-8.9971446],[29.19021549,-8.99543974],[29.18999548,-8.99425185],[29.19023649,-8.99267898],[29.19053949,-8.99137009],[29.1906995,-8.98972824],[29.1909205,-8.98910529],[29.19052049,-8.98836035],[29.1906745,-8.98701746],[29.1907725,-8.98624353],[29.1907395,-8.98497964],[29.1907285,-8.98330479],[29.1907115,-8.98185791],[29.19052249,-8.98089099],[29.19010848,-8.97971909],[29.18981247,-8.97893416],[29.18940646,-8.97792825],[29.18990448,-8.97673735],[29.18911845,-8.97564345],[29.18916446,-8.97399659],[29.18944846,-8.97247072],[29.18903445,-8.97125782],[29.18945446,-8.97045589],[29.18985047,-8.9680311],[29.18954046,-8.9668872],[29.18879444,-8.96548932],[29.18876944,-8.96463639],[29.18875944,-8.96434742],[29.18927646,-8.96392446],[29.18962246,-8.96285455],[29.19033348,-8.96248958],[29.19063249,-8.96134968],[29.19067849,-8.96024577],[29.1910105,-8.9598918],[29.19137651,-8.95892089],[29.19161752,-8.95781798],[29.19185152,-8.95652109],[29.19358757,-8.95518221],[29.19529461,-8.9541073],[29.19577362,-8.95221846],[29.19613163,-8.94985266],[29.19763467,-8.94919272],[29.19966672,-8.94803582],[29.20069475,-8.94628997],[29.2024908,-8.94538405],[29.20490386,-8.94426414],[29.20768293,-8.94380019],[29.20909297,-8.94262528],[29.21118902,-8.94231631],[29.21250706,-8.94223432],[29.21437411,-8.94176636],[29.21594015,-8.94081344],[29.21769919,-8.94002851],[29.21894222,-8.93961655],[29.22043426,-8.93953855],[29.22164729,-8.9388956],[29.22328234,-8.93852364],[29.22411136,-8.93807668],[29.2255494,-8.93712976],[29.22661642,-8.93696077],[29.22781545,-8.93644981],[29.22919649,-8.93601285],[29.23092254,-8.93572987],[29.23272958,-8.93492695],[29.23428762,-8.93435099],[29.23572966,-8.93381804],[29.23750571,-8.93336308],[29.23908475,-8.93405602],[29.24002678,-8.9331271],[29.2408698,-8.9331271],[29.24217683,-8.93293011],[29.24370287,-8.93272613],[29.24524591,-8.93244916],[29.24697595,-8.93145124],[29.24825499,-8.93094628],[29.24934502,-8.9307283],[29.25092206,-8.93139225],[29.25182008,-8.93200519],[29.25459515,-8.93155123],[29.2563082,-8.9295344],[29.25826525,-8.92991937],[29.26100232,-8.9284225],[29.2640644,-8.92640467],[29.26533844,-8.92387689],[29.26766149,-8.92250701],[29.26969654,-8.91993823],[29.2718446,-8.91605157],[29.27450167,-8.91335479],[29.27626972,-8.90960012],[29.27849877,-8.90674836],[29.28023482,-8.90504251],[29.28065983,-8.90442356],[29.28315489,-8.90114785],[29.28734401,-8.89978996],[29.29013807,-8.89738117],[29.29335616,-8.89270857],[29.29528621,-8.88955184],[29.29551321,-8.88716305],[29.29635623,-8.88577617],[29.29682324,-8.88500923],[29.29779827,-8.88259244],[29.29760126,-8.88062761],[29.29838229,-8.87910174],[29.30043834,-8.87522907],[29.30000733,-8.87134141],[29.30141636,-8.86603087],[29.30436944,-8.8609513],[29.30492045,-8.85887248],[29.30516846,-8.8551848],[29.30556747,-8.85139513],[29.30554047,-8.84828139],[29.3068855,-8.84556063],[29.30805653,-8.8424629],[29.30990258,-8.8377043],[29.31180963,-8.83448158],[29.31233464,-8.83071191],[29.31249465,-8.82955501],[29.31366568,-8.82634828],[29.31347667,-8.82207465],[29.3147587,-8.81634014],[29.31641075,-8.81121258],[29.31707476,-8.80674697],[29.31706076,-8.80584405],[29.31736277,-8.79911063],[29.31704775,-8.78370596],[29.31529471,-8.77150701],[29.31449968,-8.76104991],[29.31306165,-8.75129175],[29.31266064,-8.74461933],[29.31279064,-8.74089765],[29.31300764,-8.73686599],[29.31335065,-8.73370726],[29.31354366,-8.73288833],[29.31411967,-8.73043954],[29.31584171,-8.72810975],[29.31741576,-8.72694085],[29.31946281,-8.72582595],[29.32226588,-8.725153],[29.32753302,-8.72486202],[29.35965085,-8.72685485],[29.36676804,-8.72698183],[29.3692131,-8.72636489],[29.37120216,-8.72520599],[29.37209118,-8.72449105],[29.37320121,-8.72290619],[29.3844225,-8.70096708],[29.38492451,-8.69998816],[29.38985664,-8.69042398],[29.39159468,-8.68861314],[29.39370974,-8.68707127],[29.39645881,-8.68607435],[29.39983989,-8.68459848],[29.403642,-8.68235167],[29.40660407,-8.68009087],[29.40863112,-8.67749709],[29.41043017,-8.67490332],[29.41274723,-8.67180658],[29.41841038,-8.66207842],[29.43351177,-8.63613765],[29.43722686,-8.62988619],[29.43993193,-8.62547657],[29.44288401,-8.62231085],[29.44606409,-8.62027602],[29.45088221,-8.61754625],[29.45554733,-8.61524245],[29.45942144,-8.61273767],[29.46213051,-8.60974393],[29.46469357,-8.60627922],[29.46715264,-8.60277552],[29.46979371,-8.59937881],[29.47251578,-8.59664105],[29.47565886,-8.59458023],[29.47924095,-8.59240041],[29.48315105,-8.58947767],[29.48602212,-8.58653392],[29.48943221,-8.57899357],[29.49061724,-8.57428398],[29.49123526,-8.56958738],[29.49104625,-8.56557973],[29.49017823,-8.56076214],[29.48843718,-8.55292382],[29.48763216,-8.54441855],[29.48755715,-8.54032191],[29.48903419,-8.52943384],[29.49017222,-8.52457427],[29.49183226,-8.5195727],[29.49381232,-8.51450913],[29.49395832,-8.51405317],[29.49548236,-8.50935558],[29.4971134,-8.50571489],[29.49782542,-8.50362007],[29.49842943,-8.50239617],[29.49895445,-8.50226118],[29.50072849,-8.50082031],[29.50133851,-8.50032635],[29.5048976,-8.49849651],[29.51041374,-8.4950948],[29.51903497,-8.48997424],[29.52838121,-8.48496967],[29.53466037,-8.47699836],[29.53913949,-8.4660323],[29.54412362,-8.45954587],[29.58969079,-8.4068314],[29.59689898,-8.39849412],[29.59427291,-8.39781418],[29.59298487,-8.39725223],[29.58766374,-8.39493143],[29.58453366,-8.39395652],[29.58080256,-8.39247964],[29.57748747,-8.39109676],[29.57518941,-8.38934191],[29.57432539,-8.38868697],[29.57204233,-8.38548525],[29.57119531,-8.38365041],[29.57023028,-8.38099763],[29.58842475,-8.37860984],[29.60664423,-8.37592607],[29.61454443,-8.37476017],[29.61879454,-8.37413722],[29.6555855,-8.3683927],[29.68042615,-8.36470702],[29.73863766,-8.35716166],[29.74998496,-8.35560179],[29.77359857,-8.35235907],[29.80052927,-8.34931133],[29.81756072,-8.34783345],[29.83205109,-8.34571263],[29.85411167,-8.34334283],[29.86082184,-8.34262289],[29.91252219,-8.33287272],[29.92703356,-8.33212878],[29.93667381,-8.32986597],[29.95329625,-8.32690123],[29.96999368,-8.32391848],[29.99249526,-8.31911089],[30.00008546,-8.31805198],[30.12339867,-8.31391531],[30.13532898,-8.31135453],[30.14307918,-8.30968667],[30.21448004,-8.30202032],[30.25288204,-8.29581884],[30.26101125,-8.29578285],[30.26326231,-8.29577784],[30.28269281,-8.29244613],[30.29260207,-8.29262511],[30.3322561,-8.28657863],[30.35203461,-8.28356788],[30.36588397,-8.28289193],[30.38579549,-8.27986519],[30.4283166,-8.27340474],[30.4401369,-8.26971005],[30.4474961,-8.27121392],[30.51074874,-8.26257965],[30.53277931,-8.2595699],[30.53682841,-8.258477],[30.55432887,-8.2537374],[30.57965953,-8.25553424],[30.59748999,-8.25100763],[30.63563198,-8.246601],[30.6670318,-8.24297431],[30.71304399,-8.23522196],[30.75141499,-8.23052536],[30.76116524,-8.22933346],[30.76941346,-8.22832254],[30.77435559,-8.22621272]]]]},"geometry_name":"the_geom","properties":{"OBJECTID":6,"NAME":"Northern","SHAPE.area":12.130158272758306,"SHAPE.len":25.473360221154188}},{"type":"Feature","id":"zambia-provinces.7","geometry":{"type":"MultiPolygon","coordinates":[[[[26.70712164,-15.33306622],[26.75072881,-15.33380417],[26.76661223,-15.33324521],[26.82605982,-15.33110739],[26.86341382,-15.34063161],[26.94445399,-15.34854196],[26.97558082,-15.34991185],[27.00013247,-15.35099176],[27.00683765,-15.35280061],[27.00219253,-15.37141209],[26.99934145,-15.38959061],[26.97793089,-15.4645985],[26.99972447,-15.46586939],[27.20581398,-15.47030003],[27.20722902,-15.47047602],[27.21089912,-15.48743763],[27.21108212,-15.4890565],[27.21288617,-15.49548798],[27.2139242,-15.50147649],[27.25028619,-15.68803832],[27.25742438,-15.72245453],[27.25860841,-15.72511331],[27.26116449,-15.72935597],[27.26508059,-15.73131281],[27.26758065,-15.72062968],[27.27012572,-15.7203007],[27.27484385,-15.72476234],[27.27987798,-15.7240454],[27.27973098,-15.72842304],[27.28292007,-15.73217374],[27.28240305,-15.73440056],[27.28248905,-15.73665637],[27.28195504,-15.73853822],[27.28097501,-15.74183195],[27.28755919,-15.74177396],[27.29098628,-15.74364481],[27.29436637,-15.74826643],[27.29769447,-15.75086922],[27.29850949,-15.75135818],[27.29977752,-15.75199413],[27.30040953,-15.75284306],[27.30100655,-15.75339402],[27.30212758,-15.75379498],[27.30314061,-15.75391397],[27.30411564,-15.75344301],[27.30492166,-15.75317603],[27.30540867,-15.75259908],[27.30576168,-15.7511162],[27.30492565,-15.74846041],[27.30106755,-15.74428075],[27.30009852,-15.74076204],[27.30211058,-15.73573745],[27.30211658,-15.73532748],[27.30324161,-15.6562789],[27.30829774,-15.65276218],[27.31217785,-15.64599073],[27.31629595,-15.64047318],[27.3254892,-15.64526279],[27.33240539,-15.64899249],[27.33815654,-15.64308497],[27.33861655,-15.63318677],[27.34151363,-15.62776521],[27.34589675,-15.62529641],[27.34901683,-15.61959487],[27.35389096,-15.61268344],[27.36106015,-15.61396033],[27.36761633,-15.62030182],[27.37178444,-15.62264663],[27.37554554,-15.61875694],[27.37714958,-15.61709207],[27.38006366,-15.60530603],[27.38113369,-15.59781964],[27.3855578,-15.59287505],[27.39380302,-15.58623258],[27.39713311,-15.57931215],[27.39386802,-15.57324364],[27.39282299,-15.56453635],[27.39824514,-15.55790288],[27.40563834,-15.55622202],[27.40863642,-15.56070566],[27.41059347,-15.56834203],[27.4115645,-15.57591742],[27.4151756,-15.581045],[27.42205578,-15.57916816],[27.4265589,-15.57878118],[27.43155403,-15.57499749],[27.43280907,-15.57281567],[27.43660717,-15.57295666],[27.4377212,-15.57867519],[27.44085428,-15.58655755],[27.44765446,-15.58866238],[27.45380363,-15.57928914],[27.45710772,-15.57209372],[27.4640509,-15.56955293],[27.46569895,-15.56278548],[27.47394617,-15.55903679],[27.48154937,-15.56089363],[27.48955459,-15.55984372],[27.49077862,-15.55239633],[27.48758953,-15.54390702],[27.4901366,-15.54257313],[27.49834182,-15.54508892],[27.50023187,-15.544141],[27.50376796,-15.5428841],[27.50689805,-15.53868644],[27.50531,-15.53440279],[27.50699405,-15.53212897],[27.51295021,-15.52641444],[27.51179518,-15.51937401],[27.51109816,-15.51307952],[27.50980512,-15.5084439],[27.51473826,-15.50518716],[27.52075741,-15.50556213],[27.52217146,-15.50115849],[27.52226646,-15.5010125],[27.52322048,-15.50002458],[27.52454152,-15.49965561],[27.52527453,-15.49792475],[27.52529754,-15.49400907],[27.52635956,-15.49269718],[27.52836462,-15.49222222],[27.53020467,-15.49156427],[27.53190271,-15.49137329],[27.53367276,-15.49152127],[27.53601882,-15.49134929],[27.53564281,-15.48783857],[27.53408677,-15.48192205],[27.53408677,-15.48064816],[27.53417977,-15.47916528],[27.53487579,-15.47742542],[27.53660983,-15.47565256],[27.53886489,-15.47466465],[27.54038494,-15.47503462],[27.54362903,-15.47668448],[27.54993919,-15.47779339],[27.55334729,-15.47738143],[27.55639136,-15.47495562],[27.56092149,-15.47052698],[27.56399857,-15.47169988],[27.56603963,-15.47291279],[27.56787968,-15.47476763],[27.56839869,-15.47554057],[27.56869269,-15.47927527],[27.56719565,-15.48211004],[27.56176851,-15.48481282],[27.55889043,-15.48715763],[27.55895944,-15.49111131],[27.56264054,-15.49467201],[27.56383257,-15.49771277],[27.5648566,-15.50000458],[27.5649866,-15.50016257],[27.56619363,-15.50518816],[27.56791268,-15.50807293],[27.57326682,-15.50982278],[27.57801395,-15.50866987],[27.58295208,-15.50693301],[27.58576015,-15.50781694],[27.58941025,-15.50817191],[27.59343136,-15.50892785],[27.59604643,-15.5108777],[27.59619344,-15.51468038],[27.5986045,-15.51944799],[27.60691672,-15.51857407],[27.61025081,-15.51842707],[27.61518694,-15.52239975],[27.61987407,-15.51976197],[27.6208851,-15.51554931],[27.62282415,-15.5131945],[27.6249642,-15.51340648],[27.62627324,-15.51354847],[27.62814829,-15.51908602],[27.62928332,-15.52447858],[27.62917032,-15.53177799],[27.62650425,-15.53944436],[27.62888631,-15.5452099],[27.63425146,-15.54727873],[27.63919159,-15.54929856],[27.64149066,-15.55046147],[27.64310969,-15.55241231],[27.64558577,-15.55822184],[27.64847884,-15.56101261],[27.65336597,-15.56364339],[27.65613505,-15.5672671],[27.65600204,-15.57167974],[27.65459201,-15.57671933],[27.65238695,-15.58169793],[27.65204794,-15.58588359],[27.65224795,-15.58998025],[27.654163,-15.59347897],[27.65769909,-15.59496085],[27.66070717,-15.59403492],[27.66227122,-15.593133],[27.66277723,-15.59297501],[27.66460627,-15.59483386],[27.6653313,-15.59962747],[27.66365425,-15.60379113],[27.66065817,-15.60733184],[27.65918113,-15.61094755],[27.65492002,-15.61287339],[27.65147893,-15.61247043],[27.64948987,-15.61692406],[27.64858985,-15.61940886],[27.64373572,-15.62293557],[27.64170967,-15.62532338],[27.64175567,-15.63083994],[27.64795984,-15.63312475],[27.65169293,-15.63596051],[27.65335798,-15.64043215],[27.65379499,-15.64498178],[27.65689107,-15.64785455],[27.66226422,-15.64909845],[27.66861539,-15.6483985],[27.67237349,-15.65128327],[27.67353052,-15.65477898],[27.67304651,-15.66146944],[27.67237849,-15.66585508],[27.67216749,-15.67100067],[27.67110446,-15.67567329],[27.67289551,-15.67745614],[27.68062971,-15.67526132],[27.68868093,-15.66942679],[27.69383507,-15.66365126],[27.69675315,-15.66035853],[27.69945622,-15.65856768],[27.70081426,-15.65797572],[27.7024303,-15.65771374],[27.70392733,-15.65747676],[27.70819745,-15.65803172],[27.71437762,-15.66124746],[27.71546465,-15.66533212],[27.71577566,-15.67004374],[27.71884674,-15.67441338],[27.7248589,-15.6729585],[27.73181709,-15.66796891],[27.73566819,-15.6631623],[27.73892227,-15.65910063],[27.74673148,-15.64994237],[27.74938455,-15.64638066],[27.7509526,-15.64428083],[27.75400568,-15.64139106],[27.75459569,-15.64121408],[27.75671075,-15.64069512],[27.76075286,-15.64465079],[27.76367993,-15.64857448],[27.766009,-15.65278314],[27.76765705,-15.65521494],[27.77164215,-15.6568918],[27.77614927,-15.65527793],[27.78060039,-15.65414203],[27.78501251,-15.65576589],[27.7884766,-15.65739376],[27.79168669,-15.65721077],[27.79193669,-15.65720477],[27.79404975,-15.65759974],[27.79662482,-15.65743475],[27.79909088,-15.65743375],[27.80133395,-15.65786572],[27.80426603,-15.65898362],[27.80764011,-15.66046151],[27.81121221,-15.66216137],[27.8145483,-15.66315529],[27.81878841,-15.66335427],[27.82263652,-15.66293131],[27.8255886,-15.66225036],[27.82913269,-15.66165441],[27.83127475,-15.66369324],[27.83209877,-15.66656501],[27.83162376,-15.66988874],[27.83096174,-15.67233254],[27.82835867,-15.67449936],[27.82652862,-15.67612623],[27.82507958,-15.67822306],[27.82473258,-15.67968195],[27.82441957,-15.68186277],[27.82439857,-15.68430157],[27.82443457,-15.68555147],[27.82504558,-15.68775429],[27.82778766,-15.68814725],[27.83038373,-15.68689336],[27.83243778,-15.68479053],[27.83428884,-15.68278569],[27.83605088,-15.68232573],[27.83730392,-15.68312266],[27.83771992,-15.68561646],[27.83626088,-15.68890919],[27.83621689,-15.69133999],[27.83645889,-15.69483771],[27.83603188,-15.69808245],[27.83495785,-15.70101321],[27.83355382,-15.70327303],[27.83238478,-15.70558284],[27.83150976,-15.70738569],[27.83126176,-15.70755868],[27.82887869,-15.70929954],[27.82495158,-15.71074942],[27.8218655,-15.71165435],[27.81922343,-15.7122083],[27.81746138,-15.71207031],[27.81584034,-15.71319022],[27.81360429,-15.71417715],[27.81123922,-15.71455711],[27.80851215,-15.71522706],[27.80572507,-15.71661595],[27.80366902,-15.71822482],[27.80256599,-15.72015766],[27.80212798,-15.7233674],[27.80178997,-15.72678913],[27.80205298,-15.73053082],[27.80206298,-15.73455949],[27.80215598,-15.73841518],[27.80213198,-15.74102896],[27.80233198,-15.74154792],[27.802811,-15.74277683],[27.80525607,-15.74391073],[27.80837215,-15.74456668],[27.81245025,-15.74518763],[27.81441131,-15.7443137],[27.81658737,-15.74327279],[27.81987845,-15.74352476],[27.82375556,-15.74469667],[27.82628662,-15.74626154],[27.82732266,-15.74689549],[27.82824368,-15.74745144],[27.83082075,-15.74790141],[27.83410484,-15.74654551],[27.8365129,-15.74459467],[27.83954498,-15.74205888],[27.84221206,-15.73952608],[27.84517013,-15.73596537],[27.84812421,-15.7319307],[27.85172031,-15.72783403],[27.85452238,-15.72503926],[27.85858649,-15.72252346],[27.86313561,-15.72008866],[27.8664697,-15.71737788],[27.86977779,-15.71542504],[27.87304288,-15.71513706],[27.87801701,-15.71726889],[27.88040908,-15.71927072],[27.88263113,-15.72091759],[27.88443818,-15.72129056],[27.88674924,-15.72004966],[27.88676624,-15.71716789],[27.88628823,-15.71419813],[27.88740726,-15.71266526],[27.89094035,-15.7145551],[27.89449545,-15.7170729],[27.89861956,-15.72169253],[27.8998996,-15.72551221],[27.9000116,-15.72910592],[27.8997716,-15.73239565],[27.8999186,-15.73608336],[27.90044861,-15.73940108],[27.90127063,-15.74236484],[27.90296068,-15.74461366],[27.90507174,-15.74638152],[27.90847083,-15.74854134],[27.91990814,-15.75214505],[27.91993814,-15.75448786],[27.92043415,-15.75495882],[27.92051615,-15.75611773],[27.92065316,-15.75801157],[27.92058116,-15.75902149],[27.92057916,-15.7601564],[27.92099117,-15.76117632],[27.9220082,-15.76159228],[27.9259843,-15.76051937],[27.92704133,-15.75988442],[27.92877538,-15.75912348],[27.93029342,-15.75836154],[27.93152945,-15.7576936],[27.93416352,-15.75611873],[27.93598157,-15.7552158],[27.93852063,-15.75463585],[27.94033369,-15.75483683],[27.94219574,-15.75503781],[27.94371177,-15.75568176],[27.94540582,-15.75648869],[27.94641285,-15.75696166],[27.94721787,-15.75726263],[27.9483569,-15.7576406],[27.94958893,-15.75790858],[27.952292,-15.75722763],[27.95281602,-15.75691966],[27.95352904,-15.7563647],[27.95400405,-15.75568576],[27.95443406,-15.75496481],[27.95522908,-15.75436786],[27.95622611,-15.75383291],[27.95731714,-15.75345794],[27.95829017,-15.75294798],[27.95898118,-15.75243302],[27.96094124,-15.75128011],[27.96305529,-15.74977123],[27.96472234,-15.74802938],[27.9669294,-15.74349774],[27.96651739,-15.74193487],[27.96547736,-15.73987604],[27.96610837,-15.7378382],[27.96792842,-15.73619233],[27.9705855,-15.73481245],[27.97336656,-15.73376453],[27.97600664,-15.73330957],[27.97810969,-15.73429849],[27.98010675,-15.73586236],[27.98080677,-15.73460747],[27.97947173,-15.73178669],[27.9781887,-15.72811299],[27.97757268,-15.72419231],[27.97758968,-15.71950069],[27.9786617,-15.71605497],[27.98177379,-15.71371316],[27.98475787,-15.7119843],[27.98710393,-15.7119433],[27.99155905,-15.71463108],[27.99372211,-15.71529803],[27.99419912,-15.71544302],[27.99733721,-15.71632194],[27.99999228,-15.71698589],[28.00352637,-15.71881874],[28.00620444,-15.71980666],[28.00886852,-15.72011564],[28.0118906,-15.71971866],[28.01499568,-15.71943369],[28.01824377,-15.7193057],[28.02158885,-15.71904472],[28.02280289,-15.71912871],[28.02393392,-15.71947668],[28.02476894,-15.71965267],[28.02620498,-15.72061159],[28.026837,-15.72283241],[28.02638099,-15.72589916],[28.02508795,-15.72945587],[28.02389392,-15.73215765],[28.02272589,-15.73522441],[28.02231988,-15.73732424],[28.02396192,-15.73858014],[28.02755902,-15.73942407],[28.0306511,-15.73944406],[28.03250515,-15.74061796],[28.03386119,-15.74405469],[28.03534523,-15.74728743],[28.0378113,-15.74855932],[28.0382273,-15.7487693],[28.0414534,-15.74942825],[28.04448548,-15.74951024],[28.04768456,-15.74962623],[28.05096565,-15.74962423],[28.05367372,-15.74939125],[28.0565458,-15.74909828],[28.06009189,-15.74842033],[28.064172,-15.74761639],[28.06688407,-15.74659848],[28.06760009,-15.74679346],[28.06978215,-15.7463715],[28.07072018,-15.74623851],[28.07302024,-15.74584554],[28.0751133,-15.74586254],[28.07681634,-15.74621151],[28.07881139,-15.74713443],[28.08028543,-15.74834833],[28.08180448,-15.74913026],[28.08345352,-15.75006619],[28.08483256,-15.75127509],[28.08538457,-15.75317794],[28.08754563,-15.7548828],[28.09057071,-15.75840052],[28.0939558,-15.76171025],[28.0975989,-15.76364409],[28.10071598,-15.76501398],[28.10532611,-15.76662884],[28.10934121,-15.76818172],[28.11224429,-15.76974059],[28.1125593,-15.76990958],[28.1160454,-15.77363527],[28.1196395,-15.77649104],[28.12282658,-15.77791393],[28.12796672,-15.77904983],[28.13261684,-15.78028373],[28.13747897,-15.78252155],[28.14397914,-15.78392743],[28.1498103,-15.78494035],[28.15580947,-15.78580028],[28.16312966,-15.78641823],[28.16558072,-15.78664521],[28.16992784,-15.78705618],[28.17484297,-15.78882703],[28.17655002,-15.79009593],[28.17866408,-15.7916508],[28.18104814,-15.79602545],[28.18254118,-15.80037409],[28.18336921,-15.80560667],[28.18425023,-15.81037629],[28.1869053,-15.81405698],[28.19101641,-15.81727473],[28.19398049,-15.82016949],[28.19855962,-15.82219432],[28.20088068,-15.82355321],[28.20211871,-15.82427316],[28.20503379,-15.82645098],[28.21154697,-15.82991869],[28.21169997,-15.82997569],[28.21343002,-15.83098661],[28.21860315,-15.83345441],[28.22221125,-15.83563623],[28.22533434,-15.83752207],[28.22853242,-15.83830901],[28.23220852,-15.83818302],[28.23460558,-15.83758207],[28.23694265,-15.83687113],[28.23795868,-15.83707711],[28.23965672,-15.83634017],[28.24142477,-15.83577222],[28.24398683,-15.83504327],[28.24518387,-15.83491429],[28.24657291,-15.83446232],[28.24797294,-15.83367339],[28.24885197,-15.83289845],[28.250048,-15.83188953],[28.25152804,-15.83026666],[28.25183504,-15.82871178],[28.25208105,-15.82710492],[28.25204505,-15.82542405],[28.25214205,-15.82350221],[28.25251406,-15.82134338],[28.2537391,-15.81850961],[28.25538314,-15.81706873],[28.2575922,-15.81589782],[28.25884123,-15.81475591],[28.26045828,-15.81177316],[28.26167231,-15.80978231],[28.26317635,-15.80802946],[28.26562741,-15.80661257],[28.26831748,-15.80587464],[28.27079155,-15.80438875],[28.2725726,-15.80070405],[28.27484665,-15.79726033],[28.27716172,-15.7964144],[28.28099782,-15.79864222],[28.28591695,-15.801365],[28.29213912,-15.80432675],[28.29788227,-15.80586163],[28.3024174,-15.80543866],[28.3060155,-15.80340083],[28.31062162,-15.79954614],[28.31543575,-15.79602343],[28.31889183,-15.79566045],[28.32182191,-15.79557846],[28.32429398,-15.79438056],[28.32609203,-15.79199575],[28.32788707,-15.78987592],[28.33092416,-15.78720013],[28.33420624,-15.78476233],[28.33766234,-15.78256851],[28.34025141,-15.78139961],[28.34298648,-15.78096364],[28.34539555,-15.77988972],[28.3474366,-15.7789778],[28.34937065,-15.77874282],[28.35206772,-15.78027569],[28.35348676,-15.78152159],[28.35461379,-15.78316646],[28.35516081,-15.78483332],[28.35617583,-15.78695115],[28.35884391,-15.78876501],[28.36250101,-15.78933896],[28.36548809,-15.78849702],[28.36811415,-15.78732312],[28.37074823,-15.78622521],[28.37244227,-15.78555326],[28.37492033,-15.78566025],[28.37705039,-15.78596522],[28.37962146,-15.78693614],[28.38050248,-15.78725312],[28.38278555,-15.78806606],[28.38623464,-15.78907397],[28.3886077,-15.79079583],[28.38967373,-15.79269667],[28.39119778,-15.79477551],[28.39309782,-15.79650137],[28.39557489,-15.79828922],[28.39773195,-15.79930314],[28.40025602,-15.80026706],[28.40274308,-15.80150496],[28.40523615,-15.80295884],[28.40855524,-15.80493968],[28.41133832,-15.80518366],[28.4144664,-15.80453571],[28.41722047,-15.80524965],[28.4183855,-15.80674753],[28.41935053,-15.80819641],[28.42119958,-15.80914134],[28.42268462,-15.80984328],[28.42371665,-15.81060522],[28.42512468,-15.81183312],[28.42727375,-15.81426192],[28.4294718,-15.81661773],[28.43085984,-15.81918152],[28.43074384,-15.82174131],[28.4292068,-15.82484706],[28.4292888,-15.82754585],[28.43046683,-15.82996965],[28.43063484,-15.83238345],[28.43202888,-15.8354302],[28.43435594,-15.83709507],[28.436735,-15.83825197],[28.43794803,-15.83985585],[28.43854305,-15.84143172],[28.43976809,-15.84297659],[28.44145013,-15.84488044],[28.44340119,-15.84699127],[28.44602926,-15.84828616],[28.44815631,-15.84887211],[28.45029237,-15.84790519],[28.45096838,-15.84617533],[28.4513684,-15.84448946],[28.45228242,-15.84275861],[28.45354245,-15.84078177],[28.45496949,-15.83868294],[28.45658754,-15.83661611],[28.45834758,-15.83528621],[28.46004863,-15.83569818],[28.46127566,-15.83627313],[28.4628667,-15.83707706],[28.46531177,-15.83868294],[28.46720982,-15.8403518],[28.46893987,-15.84206066],[28.46971589,-15.84362253],[28.47073792,-15.84513641],[28.47221295,-15.84661229],[28.47404701,-15.8477402],[28.47565905,-15.84784819],[28.47783011,-15.84780219],[28.48022017,-15.84740323],[28.48153621,-15.8464653],[28.48247823,-15.84696226],[28.4848493,-15.84878911],[28.48636534,-15.84992202],[28.48810339,-15.85032599],[28.49087646,-15.85044097],[28.49351053,-15.85029199],[28.49551758,-15.850102],[28.49681262,-15.85087094],[28.49778864,-15.85232582],[28.49926368,-15.85444765],[28.50003771,-15.85570655],[28.50174475,-15.85770238],[28.50322479,-15.85916527],[28.50447982,-15.86051816],[28.50598286,-15.86204803],[28.5075399,-15.86321994],[28.51003997,-15.86406287],[28.510942,-15.86586672],[28.51147802,-15.86763958],[28.51252204,-15.86943643],[28.51424409,-15.87126828],[28.51550312,-15.87193023],[28.51577413,-15.87208222],[28.5185392,-15.86915046],[28.52040725,-15.86778956],[28.52298532,-15.86774757],[28.52530739,-15.86868749],[28.52741644,-15.86953942],[28.52925549,-15.87021837],[28.53172356,-15.87093831],[28.53522565,-15.87168025],[28.5371577,-15.87307914],[28.53722071,-15.87526195],[28.53771872,-15.87773176],[28.53950377,-15.87817472],[28.54177583,-15.87853469],[28.54367688,-15.87917164],[28.54596794,-15.87978659],[28.54730498,-15.88129246],[28.54775499,-15.88310432],[28.54940103,-15.88518715],[28.55149909,-15.88600308],[28.55351914,-15.88779794],[28.55417016,-15.88974878],[28.55519219,-15.89204959],[28.55675023,-15.89375845],[28.55848428,-15.8943844],[28.56022732,-15.89506435],[28.56159937,-15.89479637],[28.56365342,-15.89487836],[28.56635949,-15.89495235],[28.56859755,-15.89528233],[28.5701556,-15.89637824],[28.57182264,-15.89860506],[28.57357169,-15.90023093],[28.57528273,-15.90205778],[28.57618075,-15.90405462],[28.57736779,-15.90650842],[28.57864782,-15.90782331],[28.5814669,-15.90876923],[28.58406097,-15.90848026],[28.58670404,-15.90768232],[28.5887851,-15.90696638],[28.59142117,-15.90640642],[28.5928572,-15.90642742],[28.59452825,-15.90607145],[28.59598229,-15.90520852],[28.59742532,-15.90432259],[28.59881036,-15.90455357],[28.60079242,-15.90409461],[28.60297247,-15.90313768],[28.60623756,-15.90255573],[28.60995966,-15.9029277],[28.61305074,-15.90339766],[28.6150658,-15.90368664],[28.61670984,-15.90461956],[28.61762287,-15.90586546],[28.61901791,-15.90732734],[28.62129497,-15.90817627],[28.62496706,-15.90741233],[28.62887917,-15.90552449],[28.63063921,-15.90360864],[28.63260927,-15.90127483],[28.63496533,-15.89872203],[28.63677338,-15.89736114],[28.63973346,-15.8966692],[28.64249553,-15.89691618],[28.64451159,-15.89763512],[28.64608163,-15.89940698],[28.64807468,-15.90128382],[28.64963173,-15.90307268],[28.65159978,-15.90502652],[28.65331483,-15.90545248],[28.6559699,-15.90628342],[28.65804695,-15.90700336],[28.66132204,-15.9077253],[28.66447312,-15.90683037],[28.6673792,-15.90532949],[28.66923525,-15.90460955],[28.67159531,-15.90482053],[28.67333036,-15.90714734],[28.67498041,-15.91021409],[28.67632945,-15.91290588],[28.67796549,-15.91539967],[28.68083857,-15.91669657],[28.68397765,-15.91766149],[28.68711773,-15.91927036],[28.69014281,-15.92188914],[28.69257788,-15.92608481],[28.69431993,-15.92923455],[28.69528696,-15.93258628],[28.696719,-15.93586001],[28.69880005,-15.93872378],[28.70124712,-15.93995268],[28.70178713,-15.94022566],[28.70612625,-15.94183253],[28.70922633,-15.94368938],[28.71268043,-15.94384936],[28.71614652,-15.94265946],[28.71967461,-15.94271745],[28.72207768,-15.94432332],[28.72218468,-15.94450831],[28.72390373,-15.94746807],[28.72452875,-15.9494689],[28.72587378,-15.95113577],[28.72743582,-15.95265865],[28.72838585,-15.95502545],[28.72802384,-15.95717128],[28.72806584,-15.95910612],[28.72901387,-15.96177891],[28.73052191,-15.96414872],[28.73201395,-15.96564859],[28.73212795,-15.96576459],[28.73423201,-15.96632754],[28.73714509,-15.96496965],[28.73833312,-15.96258184],[28.74016617,-15.960601],[28.74200822,-15.9593211],[28.74420628,-15.95801521],[28.74579132,-15.95716528],[28.74705135,-15.95658532],[28.74848439,-15.95617935],[28.75036844,-15.95622535],[28.75493156,-15.95753025],[28.75787664,-15.95907612],[28.76096773,-15.96157391],[28.76426182,-15.96430969],[28.76812292,-15.96713047],[28.77245404,-15.96893332],[28.77650015,-15.96925429],[28.77951022,-15.9691913],[28.78163628,-15.96795039],[28.78290331,-15.96400172],[28.78358433,-15.96093496],[28.7858974,-15.95634433],[28.78833346,-15.95335957],[28.79139854,-15.95294861],[28.79401961,-15.95541841],[28.79692669,-15.95910311],[28.80031178,-15.96209986],[28.8046249,-15.96256082],[28.80707196,-15.96111394],[28.80893901,-15.96000003],[28.8120581,-15.95735425],[28.8161202,-15.9529276],[28.81883328,-15.94946888],[28.82244537,-15.94648512],[28.82531845,-15.9454962],[28.82834353,-15.94642413],[28.83040859,-15.94732205],[28.83324566,-15.948022],[28.83417968,-15.94811099],[28.83540772,-15.94823397],[28.83764978,-15.947917],[28.84008684,-15.94745204],[28.84193189,-15.94757903],[28.84285692,-15.94851395],[28.84436296,-15.94942188],[28.845752,-15.95007982],[28.84788406,-15.9504168],[28.84994611,-15.95029481],[28.85211717,-15.9491189],[28.85443823,-15.94841295],[28.85675429,-15.94882292],[28.85845534,-15.94987884],[28.86178543,-15.95093075],[28.86561152,-15.94837096],[28.86894362,-15.9466001],[28.87028865,-15.94625813],[28.87239071,-15.94572317],[28.87634882,-15.94443827],[28.8795889,-15.9428194],[28.88363101,-15.94065558],[28.88636808,-15.9391147],[28.88964717,-15.93870373],[28.89361427,-15.94021961],[28.89775539,-15.9416275],[28.90097548,-15.94244743],[28.9056906,-15.94314037],[28.90859368,-15.94269641],[28.91073373,-15.94222544],[28.9130778,-15.94220744],[28.91521586,-15.94286139],[28.91765892,-15.94380131],[28.91960797,-15.94507821],[28.92123702,-15.94590214],[28.92313907,-15.94697806],[28.92477711,-15.94844493],[28.9243901,-15.94872491],[28.92318307,-15.94953085],[28.92220804,-15.9501078],[28.92122002,-15.95068376],[28.92024399,-15.95124071],[28.91901496,-15.95206264],[28.91809193,-15.95292757],[28.9168849,-15.95430147],[28.91574988,-15.95560336],[28.91441684,-15.95737321],[28.91368382,-15.95825614],[28.91225578,-15.96044497],[28.91137076,-15.96193885],[28.91041073,-15.96343773],[28.9092667,-15.96518858],[28.90886069,-15.96591653],[28.90806467,-15.9674604],[28.90745266,-15.96891328],[28.90710965,-15.9699122],[28.90678263,-15.97079513],[28.90624562,-15.97190604],[28.90362055,-15.97630569],[28.90193851,-15.97881948],[28.90048647,-15.97999639],[28.89912144,-15.9810503],[28.89754739,-15.9823222],[28.89519033,-15.98404206],[28.89379529,-15.98539396],[28.89174124,-15.98752078],[28.8901902,-15.98943963],[28.88899617,-15.99177144],[28.88820914,-15.99362529],[28.88615309,-15.99792794],[28.88595209,-15.99807293],[28.88507906,-15.9996888],[28.88431005,-16.00121368],[28.88307801,-16.00337251],[28.88168397,-16.00572931],[28.88077595,-16.00751717],[28.88024693,-16.00983798],[28.87834189,-16.01347069],[28.87734986,-16.01510156],[28.87576082,-16.01800032],[28.87261774,-16.02146804],[28.87171571,-16.02282594],[28.86928365,-16.02514075],[28.8675576,-16.02625666],[28.86460452,-16.02683061],[28.86247647,-16.02741457],[28.8600194,-16.02904344],[28.8562673,-16.0320222],[28.85486526,-16.03330009],[28.85421525,-16.03407403],[28.85286621,-16.03580589],[28.85232519,-16.03670082],[28.85015614,-16.04028053],[28.8488251,-16.04342528],[28.84833109,-16.046837],[28.84757507,-16.05103866],[28.84775108,-16.05377944],[28.84915712,-16.05709417],[28.84977713,-16.06103685],[28.85003814,-16.06282771],[28.85071516,-16.06651041],[28.85144518,-16.06941118],[28.85241621,-16.07223695],[28.85389325,-16.07494173],[28.85395725,-16.07504072],[28.85542829,-16.07740553],[28.85712634,-16.07979134],[28.85879638,-16.08386901],[28.8591744,-16.08809166],[28.85727235,-16.09248831],[28.8555813,-16.09504211],[28.85618332,-16.09912277],[28.85749635,-16.10238851],[28.85864839,-16.10609022],[28.85935741,-16.10962193],[28.8591684,-16.11354361],[28.85845738,-16.11788826],[28.85807937,-16.12195793],[28.85749436,-16.1260396],[28.85657234,-16.13013627],[28.85576931,-16.133485],[28.8552353,-16.13680174],[28.85403027,-16.1409114],[28.85266824,-16.14297324],[28.85176221,-16.14417714],[28.84905014,-16.1471899],[28.84712009,-16.14879977],[28.84501004,-16.15042864],[28.84194695,-16.15380437],[28.8397949,-16.15690512],[28.83778884,-16.16012086],[28.8360838,-16.1646565],[28.83558179,-16.16660534],[28.83456176,-16.16987408],[28.83442175,-16.17669452],[28.83511078,-16.17918132],[28.83580479,-16.183217],[28.8360718,-16.18409392],[28.8360928,-16.18431591],[28.83620781,-16.18549081],[28.83647082,-16.18625675],[28.83652382,-16.18658372],[28.83701283,-16.18839658],[28.83793386,-16.19130334],[28.83893088,-16.1943131],[28.8395169,-16.19831778],[28.83891388,-16.20273143],[28.83301973,-16.21028381],[28.83231271,-16.21486145],[28.83479778,-16.21988904],[28.83626882,-16.22277181],[28.83752785,-16.22532261],[28.83819487,-16.22839435],[28.83859588,-16.23073717],[28.83957191,-16.23391391],[28.84112895,-16.23577576],[28.84181097,-16.23660669],[28.84211698,-16.23675968],[28.84411404,-16.2377666],[28.84843215,-16.23860553],[28.85271027,-16.23984143],[28.85489232,-16.2415083],[28.85561734,-16.24527299],[28.85486732,-16.25018259],[28.85424231,-16.25278538],[28.85404331,-16.25336034],[28.85236726,-16.25803596],[28.84919117,-16.26365151],[28.84415404,-16.26974603],[28.83847889,-16.27560155],[28.8349158,-16.2786973],[28.83089569,-16.28295196],[28.82973166,-16.28420286],[28.82788761,-16.28788957],[28.82647958,-16.29035537],[28.82481053,-16.29574894],[28.8236855,-16.30005758],[28.82280048,-16.30562114],[28.82210046,-16.31130968],[28.82174146,-16.31540835],[28.82198546,-16.31828812],[28.82200646,-16.31905106],[28.82372951,-16.32392967],[28.82594557,-16.32802633],[28.83172273,-16.33134107],[28.83595985,-16.33481279],[28.83727588,-16.34112128],[28.83681187,-16.34648085],[28.83539683,-16.35253036],[28.83527283,-16.35610407],[28.83623586,-16.36017075],[28.83984695,-16.3645394],[28.84277104,-16.36980897],[28.84448908,-16.37372665],[28.84402407,-16.37924421],[28.84005097,-16.38525373],[28.83813792,-16.39301211],[28.83911395,-16.39738376],[28.83867394,-16.40114845],[28.83690789,-16.40501414],[28.83520185,-16.40915081],[28.83436082,-16.41319848],[28.83167975,-16.41905901],[28.82794465,-16.42268473],[28.82306552,-16.42680439],[28.81978243,-16.42979215],[28.81609434,-16.43383583],[28.81391228,-16.43809649],[28.81240724,-16.44227915],[28.81115221,-16.4479457],[28.8107842,-16.45083247],[28.8105642,-16.45254333],[28.81024418,-16.45554209],[28.8105412,-16.45657501],[28.81173323,-16.4616826],[28.81394629,-16.46483134],[28.81543233,-16.47096285],[28.81584034,-16.47633542],[28.81514832,-16.48083906],[28.81207925,-16.48698356],[28.80981319,-16.49365503],[28.80761013,-16.49473795],[28.803103,-16.4977307],[28.79973192,-16.5002325],[28.79117369,-16.50793989],[28.78927564,-16.50988873],[28.78168644,-16.5153173],[28.77672531,-16.51687317],[28.76994112,-16.51808608],[28.76365996,-16.52144681],[28.75963685,-16.52561248],[28.75666177,-16.52820028],[28.75602475,-16.52844225],[28.75283666,-16.53115403],[28.74867655,-16.53576167],[28.74400943,-16.54079327],[28.74238438,-16.54277711],[28.73301114,-16.55356224],[28.72314287,-16.55477715],[28.71928377,-16.5554461],[28.71866775,-16.55551309],[28.71768973,-16.55574007],[28.71650669,-16.55613104],[28.71279659,-16.55653501],[28.7092475,-16.55710397],[28.70503739,-16.55777892],[28.69879122,-16.55890782],[28.69613915,-16.55938879],[28.68458484,-16.56148662],[28.66345827,-16.56531632],[28.65444803,-16.56694819],[28.63919562,-16.56971198],[28.61915708,-16.57654943],[28.61001683,-16.57966918],[28.60004457,-16.58307591],[28.56814171,-16.59609788],[28.55869246,-16.59995457],[28.55722142,-16.60056152],[28.55382833,-16.60190941],[28.49170667,-16.62737638],[28.40077823,-16.66385949],[28.38757988,-16.66896608],[28.38295775,-16.67103991],[28.37858763,-16.67299976],[28.3735425,-16.67523958],[28.24651009,-16.72651251],[28.23984391,-16.73059018],[28.23455477,-16.73493084],[28.22775659,-16.74051539],[28.21200317,-16.75447728],[28.12563085,-16.82664053],[28.01031476,-16.87760448],[27.99798343,-16.88305505],[27.83257998,-16.95646922],[27.82103567,-16.96159682],[27.79926509,-16.99286732],[27.79432895,-16.99995876],[27.75890401,-17.05075873],[27.73856346,-17.0799234],[27.73189328,-17.08948965],[27.62492842,-17.24284248],[27.61905026,-17.2602531],[27.61093605,-17.29132664],[27.60746796,-17.30461059],[27.59751769,-17.34262858],[27.53663906,-17.42416513],[27.50899831,-17.44530846],[27.49283187,-17.45767449],[27.45355082,-17.4916918],[27.41874988,-17.51276614],[27.3341036,-17.57851096],[27.31727414,-17.59158293],[27.30487681,-17.60055422],[27.30257574,-17.60293104],[27.30048569,-17.60572282],[27.29815463,-17.60899556],[27.26501173,-17.6529641],[27.25180838,-17.67048372],[27.19379681,-17.73977627],[27.17232123,-17.76728111],[27.14302244,-17.80349127],[27.13632926,-17.81176461],[27.12839604,-17.82160584],[27.126735,-17.82458861],[27.12843205,-17.83048615],[27.12966608,-17.83329392],[27.13201215,-17.8399264],[27.1338932,-17.84654488],[27.13589225,-17.85325835],[27.13632726,-17.85569016],[27.06700439,-17.91965115],[27.02469224,-17.98234724],[27.00192363,-17.97487283],[26.99772951,-17.97598274],[26.99099833,-17.97761861],[26.98599919,-17.98009841],[26.9823811,-17.98121633],[26.98196108,-17.98122333],[26.97958302,-17.98233324],[26.97628693,-17.98464906],[26.97333585,-17.98741385],[26.96898673,-17.98958067],[26.96245455,-17.98918071],[26.95641939,-17.98727685],[26.95284429,-17.98548],[26.95117025,-17.98487005],[26.94588811,-17.98648692],[26.93974494,-17.99020263],[26.93392178,-17.99108756],[26.92454853,-17.99413132],[26.91870837,-17.99331538],[26.9127412,-17.99513124],[26.90648704,-17.9969311],[26.90064888,-17.99909793],[26.89222565,-18.00374757],[26.88606249,-18.00730629],[26.87993632,-18.0097931],[26.87387615,-18.00977009],[26.86935603,-18.00885917],[26.8644959,-18.00491448],[26.8608318,-18.00383156],[26.85683569,-18.0072183],[26.85248857,-18.01268087],[26.84727243,-18.01290985],[26.84214829,-18.01183794],[26.83780217,-18.01164295],[26.83304104,-18.01202492],[26.82650187,-18.01149496],[26.82273877,-18.01133397],[26.81967768,-18.01148696],[26.81714061,-18.01307984],[26.81404353,-18.01458072],[26.81117845,-18.01781847],[26.80940241,-18.02025628],[26.80891439,-18.02163317],[26.80778736,-18.03236333],[26.79870812,-18.03266831],[26.7906889,-18.03939678],[26.78266668,-18.04611825],[26.77998661,-18.04857006],[26.7613661,-18.04468737],[26.75240586,-18.04177559],[26.74101655,-18.03497612],[26.73501239,-18.03308427],[26.72732318,-18.03581906],[26.72468911,-18.03743993],[26.720623,-18.03963676],[26.71825393,-18.04205957],[26.71460683,-18.04633523],[26.71069073,-18.04968798],[26.70569859,-18.05200579],[26.70074946,-18.05398164],[26.69583932,-18.05563051],[26.69057119,-18.05838729],[26.68579505,-18.06160404],[26.68245196,-18.06553273],[26.68143694,-18.06832152],[26.68208895,-18.0723072],[26.68147094,-18.07461502],[26.67799184,-18.0761979],[26.67253669,-18.07509599],[26.66875859,-18.07286416],[26.66479448,-18.07034336],[26.65986035,-18.06899246],[26.65367118,-18.06759257],[26.64797303,-18.06541874],[26.64209087,-18.06305393],[26.63923779,-18.06143305],[26.63699273,-18.05983818],[26.6321956,-18.05878526],[26.62693145,-18.05845029],[26.62144331,-18.05904524],[26.61617117,-18.06041013],[26.61243306,-18.06064711],[26.60817595,-18.05991417],[26.60241179,-18.0595752],[26.59617462,-18.05865627],[26.59062947,-18.05736637],[26.58605935,-18.0556725],[26.58495132,-18.05308271],[26.58732238,-18.05027893],[26.58978045,-18.04885704],[26.59029146,-18.04532831],[26.58757339,-18.04186858],[26.58365628,-18.03936278],[26.57949417,-18.03737893],[26.57481704,-18.03507911],[26.5695149,-18.03258031],[26.56580079,-18.03024649],[26.5622527,-18.02930756],[26.56114867,-18.02736672],[26.55970263,-18.02452794],[26.55879261,-18.02162517],[26.5583466,-18.01647957],[26.55575053,-18.01133397],[26.55294145,-18.00887017],[26.54814932,-18.00761527],[26.54349219,-18.00738228],[26.53798304,-18.00674033],[26.53206688,-18.00678333],[26.52794677,-18.00645535],[26.5252537,-18.00652035],[26.52326164,-18.00668834],[26.5215126,-18.00684133],[26.51754349,-18.00698231],[26.51310837,-18.00793224],[26.50816523,-18.00888216],[26.50247708,-18.0097171],[26.49842797,-18.00953411],[26.49470387,-18.00857619],[26.49022375,-18.00685632],[26.48759168,-18.00571541],[26.48619164,-18.00483048],[26.48355957,-18.00289663],[26.47838643,-18.00225968],[26.47192225,-18.00192771],[26.46820315,-17.99892995],[26.46581709,-17.99597417],[26.46313501,-17.99418331],[26.45967292,-17.99070459],[26.45696084,-17.98720486],[26.45185271,-17.98376413],[26.44706358,-17.98360414],[26.44220145,-17.9841641],[26.43867035,-17.98010541],[26.43588428,-17.9764787],[26.43056613,-17.97470084],[26.42486697,-17.97481183],[26.4183628,-17.97444486],[26.41239664,-17.97179807],[26.40818452,-17.96655747],[26.40470543,-17.96044495],[26.39955729,-17.95621229],[26.3926511,-17.95479339],[26.38528291,-17.95393147],[26.38093379,-17.95414545],[26.37718569,-17.95630828],[26.36403933,-17.95639527],[26.35510509,-17.95545335],[26.34740488,-17.95281755],[26.33835263,-17.94931982],[26.3299374,-17.94928582],[26.3220962,-17.95180263],[26.31330496,-17.95383647],[26.30469072,-17.95282554],[26.2967295,-17.95426743],[26.29327941,-17.95249757],[26.28766326,-17.94643605],[26.27998105,-17.93895963],[26.27136082,-17.93489995],[26.26275858,-17.93460797],[26.2523783,-17.93445498],[26.2447761,-17.93338307],[26.23820492,-17.93325407],[26.23662387,-17.93360105],[26.23513584,-17.93384903],[26.23261377,-17.93439798],[26.22974569,-17.93234615],[26.22733462,-17.92902341],[26.22386453,-17.9265366],[26.22219049,-17.92309987],[26.22010943,-17.92153999],[26.21655533,-17.91903719],[26.21568631,-17.91730133],[26.21225422,-17.91495951],[26.21223522,-17.91115281],[26.21107619,-17.90577423],[26.2079671,-17.90217351],[26.20522003,-17.90094161],[26.20075491,-17.90168955],[26.19968487,-17.90200952],[26.19518375,-17.90421435],[26.18926259,-17.90628919],[26.18156438,-17.9099519],[26.17504921,-17.91359061],[26.16920305,-17.91862922],[26.16269687,-17.92407279],[26.15679671,-17.92475874],[26.15117356,-17.92632661],[26.14643043,-17.92944337],[26.14241332,-17.93325707],[26.13869022,-17.93598486],[26.13395209,-17.93622483],[26.12839394,-17.93344006],[26.12447184,-17.93704477],[26.12056573,-17.93829967],[26.11712864,-17.93592386],[26.1119955,-17.9353399],[26.11036545,-17.93641982],[26.10723337,-17.93809769],[26.10243224,-17.94015753],[26.09295598,-17.94319029],[26.09032591,-17.94113445],[26.08531877,-17.94486116],[26.0825727,-17.9481259],[26.08010763,-17.95040672],[26.07655054,-17.9506207],[26.07596352,-17.95300052],[26.07688654,-17.95765415],[26.07853859,-17.96312072],[26.08348972,-17.9647686],[26.09041191,-17.96321172],[26.093868,-17.96661045],[26.09112493,-17.97149907],[26.08535177,-17.97626469],[26.0829557,-17.97974742],[26.0827577,-17.98206224],[26.08382973,-17.985129],[26.08188168,-17.9888787],[26.08000863,-17.99219744],[26.07968861,-17.9953982],[26.07830358,-17.99990284],[26.07385546,-18.00094376],[26.06883532,-18.00011282],[26.06399219,-17.99834296],[26.06034009,-17.99796899],[26.05454093,-17.99941388],[26.04906679,-17.99849095],[26.04300162,-17.99915089],[26.03777148,-17.99728604],[26.03283534,-17.9927584],[26.02811422,-17.99427628],[26.02295608,-17.99765601],[26.01690391,-17.99713305],[26.01131176,-17.99567217],[26.00632362,-17.99470324],[26.00179551,-17.99510821],[25.99632136,-17.99492123],[25.98967217,-17.99633611],[25.98708011,-17.99822796],[25.98294299,-18.00223365],[25.97873488,-18.00515142],[25.97731584,-18.01113995],[25.97709883,-18.0169605],[25.97108667,-18.0194363],[25.9646565,-18.02035123],[25.95838132,-18.02422693],[25.95476722,-18.02303302],[25.95062811,-18.0207022],[25.94976409,-18.01710948],[25.94764303,-18.01667452],[25.946409,-18.01641854],[25.94372493,-18.01703349],[25.93883479,-18.01789542],[25.93367666,-18.01660952],[25.92746049,-18.01335578],[25.92242135,-18.01381774],[25.91613617,-18.01543061],[25.90746494,-18.01704048],[25.90317182,-18.01527062],[25.89911272,-18.01145992],[25.89686166,-18.00347655],[25.89275755,-18.00290859],[25.88649338,-18.00047078],[25.88272627,-17.9989489],[25.87784114,-17.99934186],[25.87096296,-17.99920787],[25.86943792,-17.997629],[25.86591682,-17.99686206],[25.86680685,-17.99482922],[25.86665884,-17.99317035],[25.86006266,-17.99280037],[25.85454051,-17.99314735],[25.85088041,-17.99337233],[25.8467113,-17.9938113],[25.84498225,-17.99214743],[25.84624329,-17.99064854],[25.84843935,-17.9899086],[25.8503274,-17.98817374],[25.84758833,-17.98287115],[25.84568227,-17.97800053],[25.8465773,-17.97254996],[25.84881836,-17.96851427],[25.84555727,-17.96290671],[25.83868808,-17.9605879],[25.83741005,-17.95779511],[25.83751305,-17.95505633],[25.83688604,-17.95297249],[25.84390123,-17.9503647],[25.84466025,-17.94992673],[25.84494426,-17.9490208],[25.84383022,-17.94877482],[25.84213918,-17.94879682],[25.84005212,-17.94873982],[25.83861808,-17.94880482],[25.83675604,-17.94866383],[25.83494799,-17.9478089],[25.835259,-17.94700096],[25.83654203,-17.94621902],[25.83825508,-17.94616902],[25.83994712,-17.94629502],[25.84112215,-17.94610803],[25.8425912,-17.94594804],[25.84434224,-17.94555908],[25.8463563,-17.94166838],[25.84791634,-17.93692276],[25.84351822,-17.92441573],[25.83419797,-17.91376556],[25.83197791,-17.91273165],[25.82941284,-17.91153774],[25.81751652,-17.91383456],[25.81201937,-17.91224768],[25.80458617,-17.90648413],[25.7910678,-17.89637592],[25.78646368,-17.88933847],[25.78066152,-17.87746041],[25.76917722,-17.86880208],[25.7576009,-17.8621836],[25.7500037,-17.86121868],[25.73959142,-17.86082571],[25.73205921,-17.85780495],[25.72251595,-17.85264435],[25.70509248,-17.85405123],[25.68998907,-17.8493636],[25.68813702,-17.84311209],[25.68827303,-17.83950737],[25.68857404,-17.831478],[25.68402292,-17.82306667],[25.67505667,-17.82136579],[25.66812648,-17.82335664],[25.66240433,-17.82499751],[25.64966298,-17.83138201],[25.63244151,-17.84582387],[25.62196923,-17.85002954],[25.60920088,-17.85515713],[25.60520177,-17.85611506],[25.6023707,-17.85636304],[25.59928061,-17.85469617],[25.59450248,-17.8542902],[25.59019237,-17.85664101],[25.5841212,-17.85949479],[25.57707101,-17.85986076],[25.57267289,-17.85922381],[25.56940381,-17.85710298],[25.56502169,-17.8554661],[25.55956354,-17.85577508],[25.55547543,-17.85585407],[25.55262635,-17.85523012],[25.54962027,-17.8542532],[25.5472352,-17.85329627],[25.54511414,-17.85339526],[25.54412812,-17.85344126],[25.53655191,-17.85575607],[25.53190379,-17.85855985],[25.52849969,-17.86144363],[25.5249556,-17.86648223],[25.52171851,-17.86998795],[25.51864342,-17.87377166],[25.51641936,-17.87587349],[25.51280127,-17.87797533],[25.51128322,-17.87872627],[25.50901117,-17.87944421],[25.50820214,-17.8796802],[25.50594208,-17.88034814],[25.50143296,-17.88034414],[25.49759186,-17.88007716],[25.49332674,-17.87914223],[25.49075767,-17.87859728],[25.4882056,-17.87687141],[25.48670656,-17.87599548],[25.47855234,-17.87002994],[25.47001811,-17.86571228],[25.46201889,-17.86158061],[25.45087359,-17.85598904],[25.42877099,-17.86135961],[25.42325684,-17.86275951],[25.41573364,-17.8628705],[25.40922746,-17.86246553],[25.40821843,-17.86240453],[25.40379531,-17.8628095],[25.38979094,-17.86519331],[25.3844768,-17.86080665],[25.38261575,-17.85288028],[25.37462953,-17.8512554],[25.36886137,-17.85008049],[25.33963058,-17.85223531],[25.33569747,-17.85164436],[25.29853147,-17.830696],[25.28383707,-17.81716206],[25.27970896,-17.81592216],[25.26788964,-17.81238643],[25.25761437,-17.80804977],[25.24990016,-17.80404809],[25.24094692,-17.79884149],[25.23514076,-17.7948708],[25.23149966,-17.79148606],[25.23095065,-17.79097611],[25.2030109,-17.77972399],[25.19816976,-17.77978098],[25.1918986,-17.77962899],[25.18222233,-17.77931601],[25.17692519,-17.77758814],[25.17289908,-17.77463938],[25.16913898,-17.76939079],[25.16574589,-17.76380623],[25.16121977,-17.75772271],[25.15179351,-17.74581764],[25.14592236,-17.73840222],[25.14839243,-17.7272911],[25.14822242,-17.72197752],[25.14107924,-17.71468109],[25.13178898,-17.7120183],[25.12645384,-17.71294122],[25.12248273,-17.71507606],[25.1177996,-17.71653694],[25.11983666,-17.7018221],[25.1175536,-17.69807339],[25.11687058,-17.69851936],[25.09374195,-17.71349117],[25.08965384,-17.71544402],[25.0843497,-17.70433089],[25.08928384,-17.69690948],[25.09089988,-17.69191987],[25.0913899,-17.68621032],[25.08999586,-17.67332933],[25.0877548,-17.66580293],[25.08823482,-17.66115729],[25.08871383,-17.65620268],[25.08670678,-17.65495478],[25.08533174,-17.65409685],[25.07710351,-17.66164925],[25.0691263,-17.6584685],[25.06802827,-17.65066611],[25.06469918,-17.64407263],[25.05995805,-17.64058591],[25.05114582,-17.62737295],[25.0504938,-17.62216635],[25.04343761,-17.62177739],[25.03851448,-17.6329805],[25.02957824,-17.63473836],[25.0283352,-17.6239882],[25.03064127,-17.61629581],[25.03236532,-17.61253911],[25.03331335,-17.60334984],[25.03288033,-17.59974512],[25.03138929,-17.59441654],[25.0281172,-17.59277667],[25.0240641,-17.59171975],[25.01903496,-17.59177375],[25.0128508,-17.59351261],[25.00404656,-17.59905517],[25.00125548,-17.60214493],[24.99250624,-17.60332183],[24.98312799,-17.59688434],[24.97755084,-17.58771905],[24.97486277,-17.58249247],[24.97276671,-17.57751086],[24.96985964,-17.57056541],[24.96770258,-17.5655838],[24.96556652,-17.56250204],[24.97059466,-17.55528861],[24.9721027,-17.55095895],[24.97322073,-17.54599134],[24.97414776,-17.54107573],[24.97408276,-17.5313815],[24.97208971,-17.5225132],[24.97260472,-17.51712962],[24.97486879,-17.50443663],[24.97718985,-17.4984541],[24.9788759,-17.49125867],[24.98683812,-17.47769075],[24.99072323,-17.47139124],[24.99932746,-17.46213198],[25.00641765,-17.45709438],[25.01351285,-17.4518288],[25.02235009,-17.44607325],[25.02726722,-17.44231355],[25.02805825,-17.44144062],[25.0303813,-17.43887182],[25.03319939,-17.43180538],[25.03455342,-17.42638281],[25.03529545,-17.4150947],[25.0335614,-17.41179496],[25.03069032,-17.40836423],[25.02734323,-17.40497451],[25.02273111,-17.40185874],[25.01941802,-17.39973591],[25.01672695,-17.39636518],[25.02422315,-17.38215531],[25.0257332,-17.37799364],[25.02400915,-17.37079421],[25.02090207,-17.36724649],[25.018087,-17.36409374],[25.0144819,-17.35755425],[25.01339487,-17.35558441],[25.01373188,-17.35014284],[25.01560293,-17.34593018],[25.017965,-17.34109355],[25.01984005,-17.33659391],[25.0215871,-17.33261223],[25.02501619,-17.32492584],[25.03188338,-17.31592355],[25.03673951,-17.31194187],[25.04188165,-17.30881612],[25.04635277,-17.30648531],[25.05255894,-17.30390051],[25.05721107,-17.3014557],[25.0619932,-17.29844295],[25.06529528,-17.29448526],[25.06867438,-17.28966764],[25.07067143,-17.28499701],[25.07374052,-17.27736962],[25.07581258,-17.26862731],[25.07648559,-17.26456463],[25.07935767,-17.25785017],[25.0839338,-17.25626529],[25.08824891,-17.25593832],[25.09671014,-17.25453344],[25.09967223,-17.25029377],[25.10014924,-17.24960883],[25.10089426,-17.24480221],[25.1060634,-17.24019257],[25.11180456,-17.23702082],[25.11564666,-17.23301414],[25.11754271,-17.22748158],[25.11624768,-17.22292895],[25.11233857,-17.21730239],[25.10987451,-17.21473159],[25.10519038,-17.20637626],[25.10448237,-17.20511536],[25.10335333,-17.20142765],[25.09656115,-17.19643405],[25.09219504,-17.19308931],[25.08908396,-17.18970758],[25.08833093,-17.18160922],[25.08906496,-17.17760454],[25.090772,-17.17241495],[25.09314507,-17.16706737],[25.09948924,-17.15679919],[25.10153329,-17.15310448],[25.10388536,-17.14878683],[25.10677744,-17.1441882],[25.1089875,-17.14118843],[25.11484766,-17.13125523],[25.11897077,-17.12634862],[25.12059782,-17.12441277],[25.127211,-17.12263691],[25.13192413,-17.12007612],[25.13372117,-17.11660839],[25.13798929,-17.11220674],[25.14473647,-17.10980393],[25.14892459,-17.10981893],[25.15644179,-17.10765611],[25.16228795,-17.1052343],[25.16467801,-17.10223754],[25.16588205,-17.09497312],[25.16507702,-17.09002251],[25.16870312,-17.08458095],[25.1716802,-17.08210915],[25.17476829,-17.07683156],[25.17444628,-17.071377],[25.17173521,-17.06587843],[25.16969116,-17.05965393],[25.16958015,-17.05937695],[25.1675161,-17.05422236],[25.16592006,-17.0499497],[25.16265097,-17.04547605],[25.15753084,-17.04062344],[25.15597879,-17.03710272],[25.1560848,-17.03683374],[25.15905088,-17.02935634],[25.16186995,-17.02567663],[25.16289998,-17.02150796],[25.163766,-17.01670334],[25.16158595,-17.01145176],[25.16292499,-17.00699412],[25.16407902,-17.00265947],[25.16922916,-17.00191152],[25.17197623,-16.99513706],[25.17135622,-16.99403515],[25.16937016,-16.99050043],[25.16809813,-16.98742068],[25.16971018,-16.983417],[25.17045919,-16.97771645],[25.16583207,-16.97533264],[25.16367502,-16.970744],[25.16455404,-16.96610737],[25.16576307,-16.96517745],[25.19369182,-16.99408015],[25.24926032,-16.95961191],[25.26381173,-16.92050103],[25.26404073,-16.91988308],[25.23422795,-16.80350036],[25.22826179,-16.78440189],[25.24777934,-16.70913791],[25.24090915,-16.70342536],[25.2315229,-16.69561998],[25.21910757,-16.68529181],[25.17679744,-16.67817037],[25.08752003,-16.66513139],[25.09047811,-16.66049877],[25.09413321,-16.65541817],[25.0974713,-16.6525434],[25.09490324,-16.64652489],[25.09662228,-16.6401204],[25.10493451,-16.62852233],[25.10165042,-16.62099893],[25.09011811,-16.61699325],[25.08118788,-16.60789798],[25.07644975,-16.59855672],[25.06824353,-16.5974998],[25.06002631,-16.59554496],[25.05810426,-16.58971643],[25.05789225,-16.58439985],[25.05103907,-16.58060016],[25.04230683,-16.57792437],[25.03922875,-16.5725898],[25.03435662,-16.57085994],[25.02811246,-16.56796716],[25.02309232,-16.56313655],[25.02053826,-16.55805896],[25.01385607,-16.55736701],[25.00785392,-16.55601512],[25.00808292,-16.55160348],[25.01075299,-16.54707984],[25.00874094,-16.54067935],[25.01036598,-16.53725163],[25.0147471,-16.53489482],[25.0181692,-16.53121511],[25.02457937,-16.52575355],[25.02465937,-16.52174987],[25.02307134,-16.51908409],[25.02591341,-16.51424348],[25.02390636,-16.50917588],[25.02699444,-16.50555817],[25.03230059,-16.50197046],[25.03401763,-16.50049858],[25.0364667,-16.49815977],[25.04166084,-16.49200726],[25.0402048,-16.48646871],[25.04213686,-16.48219105],[25.0399568,-16.48043419],[25.04322688,-16.47404571],[25.04827902,-16.47022301],[25.05454119,-16.46639332],[25.06013334,-16.46177869],[25.06782655,-16.45593317],[25.07069663,-16.45019363],[25.07456873,-16.44732385],[25.07428872,-16.44295021],[25.07485074,-16.43948548],[25.07845784,-16.43662471],[25.08273996,-16.4343299],[25.08309096,-16.42852237],[25.08661206,-16.42390474],[25.09103118,-16.41628635],[25.09423227,-16.41017484],[25.09871039,-16.40622016],[25.10295651,-16.40265745],[25.10698161,-16.39866377],[25.10990169,-16.39789884],[25.11468382,-16.39343019],[25.11733489,-16.38977049],[25.1248211,-16.38426593],[25.12884621,-16.38248308],[25.13523538,-16.37701152],[25.14811273,-16.36626038],[25.15872101,-16.36162776],[25.17424343,-16.35635419],[25.18681577,-16.34825284],[25.19404997,-16.33906558],[25.19936611,-16.33310006],[25.20731633,-16.33169618],[25.21505853,-16.32817346],[25.22413978,-16.32302188],[25.23151698,-16.31874622],[25.23270601,-16.31387162],[25.23559909,-16.31057389],[25.24140725,-16.3016106],[25.24671539,-16.29453818],[25.2544066,-16.28822769],[25.26716094,-16.28705678],[25.28455641,-16.28366006],[25.2951517,-16.27524473],[25.30019183,-16.26517855],[25.29555871,-16.25844609],[25.29600473,-16.25007976],[25.29650774,-16.23827971],[25.29573972,-16.23008237],[25.30118087,-16.22224601],[25.30302992,-16.21163486],[25.31099113,-16.2038205],[25.31969437,-16.19413828],[25.3244995,-16.18437506],[25.32876762,-16.17336695],[25.33868289,-16.16851835],[25.34950118,-16.16104795],[25.35782341,-16.14880994],[25.36562061,-16.14123255],[25.37469086,-16.13481807],[25.39344436,-16.12938451],[25.4058537,-16.12429993],[25.41595697,-16.11669954],[25.42376418,-16.10774226],[25.43332644,-16.10058384],[25.43639352,-16.09578423],[25.39300136,-16.07841663],[25.36628464,-16.08399317],[25.36769968,-16.07054626],[25.35583236,-16.06762749],[25.35319029,-16.0625149],[25.35025722,-16.05661338],[25.32907865,-16.05235272],[25.32760861,-16.04029169],[25.32374951,-16.01488674],[25.32541256,-16.00726736],[25.32896466,-16.00071789],[25.33157773,-15.98987777],[25.33372579,-15.98143345],[25.34472008,-15.97425303],[25.35166227,-15.9685095],[25.35445135,-15.9610741],[25.34742416,-15.95510958],[25.33977596,-15.94335353],[25.34298404,-15.92896669],[25.35289331,-15.90904331],[25.36580966,-15.90084898],[25.37132181,-15.89081079],[25.37687696,-15.87632896],[25.37902402,-15.86682173],[25.3893493,-15.85455873],[25.3854462,-15.84351162],[25.38196211,-15.84464353],[25.37851901,-15.84046887],[25.38429617,-15.83228153],[25.38246512,-15.82838385],[25.37620095,-15.82505612],[25.38345115,-15.80084508],[25.38707325,-15.79467258],[25.39211839,-15.79109187],[25.40144964,-15.78092669],[25.39456945,-15.77751997],[25.3921814,-15.76372709],[25.39908858,-15.74799137],[25.3958535,-15.74597353],[25.37932005,-15.73564837],[25.36390664,-15.71552799],[25.34855723,-15.72966785],[25.33717192,-15.74775338],[25.31137223,-15.76757576],[25.28613556,-15.7621852],[25.28569554,-15.75139607],[25.26244593,-15.72186946],[25.24438144,-15.70618273],[25.24150837,-15.70225905],[25.25147264,-15.68709728],[25.25833783,-15.67792903],[25.2723812,-15.6820757],[25.2762193,-15.67877996],[25.28226346,-15.67731808],[25.28572756,-15.65764068],[25.27405825,-15.63618942],[25.264758,-15.63110283],[25.25602577,-15.62758312],[25.25028662,-15.62559328],[25.24629751,-15.62213256],[25.2383273,-15.62060868],[25.22955506,-15.6215276],[25.22118084,-15.61839086],[25.22596097,-15.6105425],[25.22446393,-15.60672781],[25.21622771,-15.60108627],[25.21392165,-15.59536573],[25.24061237,-15.56804095],[25.25099365,-15.56295737],[25.25193068,-15.55313317],[25.25607379,-15.54734864],[25.26363399,-15.54344096],[25.27092819,-15.53616355],[25.2788134,-15.52643435],[25.27982243,-15.51817602],[25.27289124,-15.51071863],[25.26318799,-15.50708292],[25.25291871,-15.50561004],[25.2488596,-15.50274527],[25.2486936,-15.50251529],[25.24015638,-15.48079405],[25.25167869,-15.46791211],[25.2558388,-15.46449138],[25.26139894,-15.46267853],[25.26614207,-15.46533732],[25.27206123,-15.4668832],[25.27753938,-15.46951198],[25.28315452,-15.47073288],[25.28716964,-15.47128784],[25.30613314,-15.45187742],[25.30833421,-15.44081532],[25.31508439,-15.42355273],[25.31477138,-15.4092289],[25.30929924,-15.39887174],[25.30462212,-15.38730668],[25.31009827,-15.37718051],[25.31563941,-15.37126899],[25.32361463,-15.36935215],[25.32937878,-15.36447455],[25.33946105,-15.35125763],[25.33396191,-15.33555791],[25.32621771,-15.31957921],[25.31953453,-15.30762018],[25.31653845,-15.29041159],[25.31516642,-15.28493804],[25.82616808,-15.28857681],[25.98809341,-15.28910978],[26.07646677,-15.29837103],[26.21004635,-15.3122979],[26.37854185,-15.32976249],[26.38499602,-15.33042743],[26.63244364,-15.33244528],[26.70712164,-15.33306622]]]]},"geometry_name":"the_geom","properties":{"OBJECTID":7,"NAME":"Southern","SHAPE.area":7.247070173691345,"SHAPE.len":14.479685770203501}},{"type":"Feature","id":"zambia-provinces.8","geometry":{"type":"MultiPolygon","coordinates":[[[[22.00824401,-13.71720817],[22.01026206,-13.71735716],[22.01263712,-13.71730816],[22.01458217,-13.71892003],[22.0154862,-13.72095886],[22.01666523,-13.72206877],[22.01836127,-13.72324267],[22.01983531,-13.72355765],[22.02121835,-13.72243974],[22.02262338,-13.72258973],[22.02413642,-13.72352465],[22.02563346,-13.72386263],[22.02586647,-13.7253425],[22.02834753,-13.72523951],[22.02866454,-13.72523051],[22.03073759,-13.72498553],[22.03171062,-13.72700337],[22.03322366,-13.7277833],[22.0345547,-13.72830926],[22.03585973,-13.7290042],[22.03774378,-13.73009311],[22.04016785,-13.72988213],[22.04194989,-13.731447],[22.04335193,-13.73316586],[22.04525497,-13.73469873],[22.045957,-13.7375225],[22.04843506,-13.73814045],[22.04932708,-13.73948434],[22.05037811,-13.74125119],[22.05253016,-13.74186314],[22.05335818,-13.74265407],[22.05433021,-13.743571],[22.05719728,-13.74366299],[22.06037737,-13.74462991],[22.06199241,-13.7448489],[22.06339045,-13.74548984],[22.06469948,-13.74730569],[22.06580551,-13.74856159],[22.06785357,-13.74972649],[22.06990662,-13.75059242],[22.07240269,-13.75146035],[22.0731547,-13.75302822],[22.07437874,-13.75401714],[22.07531976,-13.75535303],[22.07835084,-13.75539602],[22.0804279,-13.75483508],[22.08243795,-13.75426412],[22.08493301,-13.75387216],[22.08612905,-13.75547302],[22.08755208,-13.75593199],[22.09113018,-13.7570019],[22.09231421,-13.75782683],[22.09500728,-13.75969468],[22.09775835,-13.75964868],[22.09936839,-13.76031563],[22.10181346,-13.76143954],[22.10421252,-13.76132654],[22.10638758,-13.76185851],[22.10801962,-13.76272743],[22.1108567,-13.7630744],[22.11398478,-13.76280643],[22.1146748,-13.76494125],[22.11720386,-13.76559719],[22.11875491,-13.76424331],[22.12082596,-13.76266244],[22.12338203,-13.76155254],[22.12338403,-13.76019165],[22.12349303,-13.75805383],[22.12478207,-13.75814482],[22.12723913,-13.75880576],[22.12703313,-13.75716591],[22.12640011,-13.75424215],[22.13006221,-13.75321423],[22.1334993,-13.75292526],[22.13730241,-13.75169136],[22.13908745,-13.75039347],[22.14117851,-13.75042747],[22.14346156,-13.75160937],[22.14657465,-13.7536652],[22.14915272,-13.75261729],[22.15207179,-13.75348122],[22.15522387,-13.75479811],[22.15679392,-13.75645998],[22.15846296,-13.75768088],[22.15892297,-13.7609976],[22.16019901,-13.76325541],[22.16182604,-13.76562722],[22.16319708,-13.76781103],[22.16675117,-13.76883795],[22.16852122,-13.76976387],[22.17104229,-13.76929092],[22.17235232,-13.76959589],[22.17403537,-13.76972888],[22.17413637,-13.76973788],[22.17427737,-13.76970988],[22.17484538,-13.76959989],[22.17668243,-13.76924892],[22.17888949,-13.76937491],[22.17947851,-13.76789104],[22.18167057,-13.76753707],[22.18327662,-13.76581121],[22.18396163,-13.76428634],[22.18471265,-13.76290945],[22.18676271,-13.76121659],[22.18922377,-13.76031267],[22.1904578,-13.76097462],[22.19250586,-13.75934776],[22.19443891,-13.75774289],[22.19602895,-13.75675497],[22.197733,-13.75734492],[22.19863903,-13.75922477],[22.20176111,-13.75823685],[22.20393016,-13.75900079],[22.20692824,-13.75967773],[22.20831828,-13.76075165],[22.20945131,-13.76188055],[22.21101535,-13.76245651],[22.21218338,-13.76284747],[22.21387342,-13.76289247],[22.21485145,-13.76344143],[22.21604748,-13.76358341],[22.21918357,-13.76293247],[22.22195864,-13.76286648],[22.22377669,-13.76236852],[22.22517073,-13.76055367],[22.22617975,-13.75928178],[22.22672877,-13.75749093],[22.22704178,-13.75569908],[22.2276708,-13.75333727],[22.22920484,-13.75159142],[22.2316879,-13.7506615],[22.23286493,-13.7506185],[22.23418897,-13.75012654],[22.23642803,-13.74839669],[22.24083015,-13.74662683],[22.24707531,-13.74559692],[22.25127942,-13.74566192],[22.25340048,-13.74657785],[22.25500052,-13.74789474],[22.25641956,-13.74872267],[22.25862062,-13.74909964],[22.26061967,-13.74907764],[22.26258772,-13.74930263],[22.26392876,-13.75056152],[22.26621582,-13.75145844],[22.26813487,-13.7519964],[22.27186397,-13.75241437],[22.27399202,-13.75295733],[22.27554106,-13.75304932],[22.27758812,-13.75426322],[22.28031319,-13.75557611],[22.2808822,-13.75671302],[22.2807812,-13.75827489],[22.28275325,-13.75982076],[22.28549032,-13.76049271],[22.28751237,-13.7617356],[22.28741837,-13.76311549],[22.29064746,-13.76793209],[22.2922235,-13.76924898],[22.29442255,-13.77103783],[22.30051072,-13.77097684],[22.30199076,-13.77225573],[22.30446682,-13.77317965],[22.30686788,-13.77289268],[22.30871093,-13.77365462],[22.30883494,-13.77593943],[22.31075698,-13.77760229],[22.31296004,-13.77918516],[22.31504309,-13.781101],[22.3153101,-13.78328782],[22.31513709,-13.78639656],[22.3154801,-13.78962729],[22.31470008,-13.79258305],[22.31442907,-13.79462688],[22.31708214,-13.79611775],[22.31849618,-13.79707968],[22.32052723,-13.7980176],[22.3229703,-13.79664971],[22.32223428,-13.79576279],[22.32482435,-13.79546581],[22.32839144,-13.79705968],[22.32913346,-13.79896552],[22.33027049,-13.79985245],[22.33173153,-13.80095336],[22.33360457,-13.80128433],[22.33525262,-13.80111235],[22.33768268,-13.79907452],[22.33854871,-13.80078938],[22.34013375,-13.80152632],[22.34123178,-13.79917651],[22.34316383,-13.79617376],[22.34524088,-13.7969187],[22.34803196,-13.79857556],[22.34947399,-13.80080638],[22.35002501,-13.80286421],[22.35143105,-13.80449607],[22.35297408,-13.80484005],[22.35526515,-13.80559399],[22.3574012,-13.80705886],[22.35889024,-13.80922469],[22.36007527,-13.81000662],[22.36280835,-13.81094454],[22.36274934,-13.81294438],[22.36281434,-13.81593513],[22.3648534,-13.81758199],[22.36632543,-13.81937285],[22.36797748,-13.82163766],[22.36855749,-13.8247294],[22.36964252,-13.82583131],[22.37150257,-13.82700721],[22.37248059,-13.82879506],[22.37311261,-13.83032394],[22.37478665,-13.83133885],[22.37720971,-13.83256176],[22.37957478,-13.83301272],[22.38204984,-13.83249776],[22.38492692,-13.83192081],[22.387916,-13.83166483],[22.38918604,-13.83297973],[22.39066007,-13.8332267],[22.39258513,-13.8320938],[22.39481818,-13.83203281],[22.39740825,-13.83166184],[22.39829027,-13.83238578],[22.40009832,-13.83377766],[22.40127335,-13.83507955],[22.40424243,-13.83729637],[22.40664849,-13.83804731],[22.40863755,-13.83861026],[22.41153662,-13.83808431],[22.41175463,-13.84026613],[22.41229064,-13.84197899],[22.41506971,-13.84294591],[22.41600374,-13.84460177],[22.41719377,-13.84641662],[22.41768278,-13.84929538],[22.41764978,-13.85125222],[22.41748977,-13.85368902],[22.4186478,-13.85603182],[22.42303092,-13.85656078],[22.42415995,-13.85784568],[22.42756304,-13.85815465],[22.42927408,-13.86103541],[22.42881607,-13.86303325],[22.4301221,-13.86629798],[22.43167514,-13.86883177],[22.43447522,-13.86994168],[22.4376053,-13.8697137],[22.43957935,-13.87105558],[22.44051738,-13.87247647],[22.44268443,-13.87349238],[22.44442448,-13.87474528],[22.44622052,-13.87415433],[22.44748956,-13.87284244],[22.44973962,-13.87179252],[22.45188768,-13.87261646],[22.45413273,-13.8745123],[22.45630179,-13.87555922],[22.45794784,-13.87682911],[22.4603679,-13.87673412],[22.46147593,-13.87525124],[22.46592205,-13.87495127],[22.46765009,-13.87424733],[22.47130519,-13.8734494],[22.47598731,-13.87443232],[22.48089544,-13.87736008],[22.4831905,-13.88031884],[22.48645158,-13.88345657],[22.48543856,-13.88489346],[22.48500954,-13.88660831],[22.48631858,-13.88831217],[22.48798762,-13.88958207],[22.4911417,-13.89064098],[22.49419579,-13.89200687],[22.49785988,-13.89341675],[22.49968293,-13.8953126],[22.50142297,-13.89580656],[22.502483,-13.89864832],[22.50541708,-13.90026719],[22.50787215,-13.90288997],[22.51064922,-13.90569074],[22.51324729,-13.90601271],[22.51524233,-13.90830353],[22.51104022,-13.90964741],[22.50926218,-13.91228519],[22.51260426,-13.91439001],[22.51369729,-13.91620087],[22.51547834,-13.91708779],[22.5177444,-13.91607388],[22.51912344,-13.91410804],[22.52131349,-13.91542294],[22.52360255,-13.91809672],[22.52571961,-13.9194966],[22.52758466,-13.91849168],[22.52714065,-13.92062251],[22.52750866,-13.92233736],[22.52992672,-13.9231253],[22.5327578,-13.92208639],[22.53215278,-13.92411222],[22.53411783,-13.92585707],[22.5366659,-13.92772992],[22.5371139,-13.93062768],[22.54150102,-13.92942478],[22.54322207,-13.92998074],[22.54636715,-13.9315796],[22.54861621,-13.9340214],[22.55118127,-13.93538729],[22.55280032,-13.93696316],[22.55498237,-13.93999691],[22.55722343,-13.93829005],[22.56032552,-13.93458636],[22.56401462,-13.9353703],[22.56761571,-13.93746313],[22.57136381,-13.93847604],[22.57535392,-13.94013991],[22.57649995,-13.93886701],[22.57820099,-13.93634122],[22.58009704,-13.93510433],[22.58320113,-13.93501733],[22.58405715,-13.93700817],[22.58559819,-13.93878402],[22.58657521,-13.94136081],[22.58525518,-13.9451445],[22.58778624,-13.9475093],[22.5939164,-13.94541248],[22.59643247,-13.94545148],[22.59915654,-13.94555147],[22.6010726,-13.94215975],[22.60549671,-13.94126082],[22.60843779,-13.94413559],[22.6089578,-13.94687436],[22.61015183,-13.94925917],[22.60832078,-13.95136099],[22.6090788,-13.95337182],[22.61111785,-13.95588961],[22.60932681,-13.95816543],[22.61223288,-13.95770146],[22.61710101,-13.95539266],[22.62088912,-13.95154698],[22.62118812,-13.95141899],[22.6242292,-13.9500801],[22.62753829,-13.95092703],[22.62918033,-13.95470072],[22.62919233,-13.95937734],[22.63198641,-13.96174214],[22.63641552,-13.96220211],[22.63791056,-13.9646879],[22.63892559,-13.96967648],[22.63738454,-13.97229827],[22.63781956,-13.97484805],[22.64177266,-13.97694288],[22.64631878,-13.97729085],[22.65199293,-13.97705088],[22.654797,-13.98052459],[22.65411798,-13.98555217],[22.6513249,-13.98981382],[22.64821482,-13.99593331],[22.65068989,-13.99935603],[22.65459999,-13.9984111],[22.6586481,-13.99374649],[22.6625162,-13.98970183],[22.66586329,-13.98569916],[22.66918038,-13.98711705],[22.67302248,-13.98968184],[22.67652357,-13.99119272],[22.6813307,-13.99154268],[22.68636984,-13.99191266],[22.69016593,-13.9938225],[22.69593908,-14.0011259],[22.70720038,-14.00277577],[22.72062074,-14.00063395],[22.74339738,-13.92620514],[22.74784149,-13.92756203],[22.75109958,-13.92786901],[22.75443967,-13.92855395],[22.75903779,-13.92952287],[22.76214187,-13.92871894],[22.76573697,-13.92728606],[22.76973507,-13.92793601],[22.77261115,-13.92910991],[22.77620325,-13.9292739],[22.77950633,-13.92736206],[22.78330444,-13.92616816],[22.78638251,-13.9269321],[22.78907759,-13.92642414],[22.79143565,-13.92766504],[22.79479574,-13.92768204],[22.79821583,-13.92729907],[22.80116291,-13.92705109],[22.84764816,-13.87489544],[22.90033255,-13.90605388],[22.9140089,-13.91566409],[22.92402017,-13.9215626],[22.93531847,-13.92907698],[22.94708277,-13.93530847],[22.95741504,-13.94143796],[22.96520725,-13.94769145],[22.97134841,-13.95259804],[22.97572652,-13.95825757],[22.9788356,-13.96540098],[22.98226469,-13.97211443],[22.98558977,-13.97981379],[22.98795684,-13.98668222],[22.98956488,-13.9929987],[22.9905829,-13.99714935],[23.00004415,-14.01019527],[23.00902939,-14.00965433],[23.01278149,-14.00960333],[23.01600857,-14.00971232],[23.01968967,-14.00967733],[23.02343077,-14.00932636],[23.02728487,-14.00803947],[23.03073596,-14.00675557],[23.03444906,-14.00543269],[23.03684912,-14.00394281],[23.03912419,-14.00150601],[23.04117724,-13.99985315],[23.0432443,-13.99898222],[23.04479334,-13.99819929],[23.0472274,-13.99775933],[23.04938246,-13.99709938],[23.05380958,-13.99595148],[23.05694566,-13.99472858],[23.05930273,-13.99356568],[23.06378485,-13.9921018],[23.06846797,-13.99184283],[23.07121104,-13.99297074],[23.07611117,-13.99510156],[23.08571643,-13.99533554],[23.08875651,-13.99498857],[23.09344363,-13.99382767],[23.09754274,-13.99252578],[23.09890078,-13.99535255],[23.09907178,-13.99763536],[23.09909278,-13.99944721],[23.09924978,-14.00143204],[23.10025881,-14.00746954],[23.10234886,-14.01091526],[23.10546994,-14.014042],[23.10929204,-14.0188746],[23.11294414,-14.02384019],[23.11633823,-14.02878678],[23.11975931,-14.03309442],[23.12362042,-14.0370541],[23.12795953,-14.03868396],[23.13204164,-14.03972888],[23.13745278,-14.04112876],[23.14336994,-14.04123676],[23.14987011,-14.04032784],[23.15580727,-14.03940192],[23.1606654,-14.03776605],[23.16416949,-14.03585921],[23.16698856,-14.03501129],[23.17110268,-14.03315244],[23.17397775,-14.03214852],[23.17651982,-14.03114761],[23.18061893,-14.02910278],[23.18747811,-14.026466],[23.19185523,-14.02505512],[23.19776439,-14.02261232],[23.20233251,-14.0216774],[23.20839267,-14.02010454],[23.21383982,-14.01685581],[23.21581787,-14.01367107],[23.2166599,-14.01006637],[23.21644589,-14.00628169],[23.21582787,-14.00151008],[23.2168179,-13.99995521],[23.21806294,-13.99830035],[23.22035799,-13.9976734],[23.22295807,-13.99804637],[23.22330307,-14.00169107],[23.22275206,-14.00608271],[23.2241881,-14.00832752],[23.22572714,-14.01087931],[23.22761319,-14.01326711],[23.22773919,-14.0134241],[23.22965423,-14.01659084],[23.23134228,-14.02011254],[23.23361834,-14.02416621],[23.23641041,-14.02883882],[23.23940149,-14.0327595],[23.24114053,-14.03504231],[23.24264357,-14.03736412],[23.24258057,-14.04152477],[23.24269757,-14.04425355],[23.24267857,-14.04957111],[23.24245356,-14.05418173],[23.24213055,-14.06002224],[23.24171353,-14.06589475],[23.24142153,-14.06984343],[23.2405625,-14.07167327],[23.23850145,-14.07565494],[23.23605538,-14.0809445],[23.23431433,-14.08412324],[23.22759615,-14.09161962],[23.22529009,-14.09583127],[23.22320703,-14.09981693],[23.22086897,-14.10642138],[23.22009294,-14.11179594],[23.21425578,-14.12345597],[23.20782661,-14.12645672],[23.20263048,-14.12884752],[23.19642031,-14.13332915],[23.19204019,-14.13916166],[23.19107316,-14.14455521],[23.18966412,-14.15149064],[23.18806407,-14.15902502],[23.18509,-14.16721033],[23.1817639,-14.17538466],[23.17951884,-14.18143816],[23.18019385,-14.18382996],[23.18328194,-14.18279204],[23.18626501,-14.18144116],[23.1893031,-14.18041825],[23.19228617,-14.18071722],[23.19417523,-14.18174414],[23.1970093,-14.18439392],[23.20009538,-14.18608878],[23.20268045,-14.1846529],[23.20333847,-14.18201212],[23.20203744,-14.17939833],[23.19985538,-14.17751749],[23.19927537,-14.17459373],[23.19999039,-14.17222193],[23.20151843,-14.16909019],[23.2040725,-14.16567147],[23.20680157,-14.16311669],[23.21013966,-14.16226675],[23.21334474,-14.16288071],[23.21639083,-14.16445758],[23.21964591,-14.16768131],[23.22217397,-14.17029209],[23.22268699,-14.17313986],[23.22147195,-14.17613161],[23.21757285,-14.1822791],[23.21696683,-14.18646475],[23.21778685,-14.18986147],[23.2194919,-14.19350018],[23.22173895,-14.19658492],[23.22485004,-14.19880874],[23.22841313,-14.20096356],[23.23203323,-14.2028614],[23.23482729,-14.20424329],[23.23720736,-14.20498823],[23.23819938,-14.2052992],[23.24104946,-14.20381133],[23.24348653,-14.19980866],[23.24500757,-14.195729],[23.24653261,-14.19266026],[23.24844767,-14.18982149],[23.25121174,-14.18703472],[23.25322079,-14.18527087],[23.25671289,-14.18365001],[23.26022398,-14.183702],[23.26352407,-14.18429495],[23.26716116,-14.18577983],[23.27049725,-14.18773767],[23.27353033,-14.19014647],[23.2762194,-14.19175534],[23.2796605,-14.19179834],[23.28265957,-14.19174534],[23.28592866,-14.19084242],[23.28859473,-14.18920156],[23.2911448,-14.18643479],[23.2945999,-14.18233813],[23.29647994,-14.18032429],[23.29897701,-14.17828647],[23.30074506,-14.17610164],[23.30088806,-14.17334687],[23.29887001,-14.17206298],[23.29542692,-14.17143803],[23.29306586,-14.17097807],[23.29512391,-14.16756135],[23.29745097,-14.16668443],[23.30162109,-14.16571151],[23.30556519,-14.16616747],[23.30869127,-14.16745736],[23.31112334,-14.16907123],[23.3135514,-14.17011614],[23.31667949,-14.17087108],[23.3210036,-14.17233797],[23.32362867,-14.17171602],[23.3249867,-14.16914623],[23.32620474,-14.16659144],[23.3284938,-14.16385567],[23.33090686,-14.16211282],[23.33247891,-14.16500857],[23.33326293,-14.16700341],[23.33511498,-14.16997716],[23.33769104,-14.17095809],[23.34052212,-14.17040213],[23.34580326,-14.16828131],[23.34790732,-14.16815832],[23.35260944,-14.16902125],[23.35729156,-14.16981818],[23.3621827,-14.17021915],[23.36757684,-14.1708871],[23.37112093,-14.17079611],[23.37570606,-14.16894127],[23.37866013,-14.16715641],[23.38158221,-14.16444764],[23.38383127,-14.16154888],[23.38551032,-14.1577222],[23.38661235,-14.15348255],[23.38728737,-14.14829098],[23.3883064,-14.14379835],[23.38883041,-14.14045163],[23.39111747,-14.1372179],[23.39383755,-14.13537005],[23.39769065,-14.13355521],[23.3995297,-14.13137139],[23.40103274,-14.12829864],[23.40224577,-14.12531289],[23.40347181,-14.12204916],[23.40525586,-14.11850745],[23.40644389,-14.11560669],[23.40930097,-14.11280593],[23.41287207,-14.11090509],[23.41568314,-14.10977718],[23.41876922,-14.10877427],[23.42354935,-14.1083793],[23.4255944,-14.10850429],[23.42990652,-14.10809033],[23.43332061,-14.10717141],[23.43544366,-14.10656945],[23.43841774,-14.1060295],[23.44205684,-14.10474561],[23.44602995,-14.10231581],[23.44950904,-14.10101092],[23.45322414,-14.10014799],[23.4556122,-14.100041],[23.46055234,-14.1024768],[23.46205937,-14.10306575],[23.46559447,-14.1036507],[23.46933857,-14.10327574],[23.47292466,-14.10220583],[23.47628275,-14.10195585],[23.47939983,-14.10242781],[23.48260192,-14.10361771],[23.48688803,-14.10486062],[23.49099314,-14.10535457],[23.49426823,-14.10541957],[23.49727831,-14.10512859],[23.49990438,-14.10440565],[23.50706057,-14.10175288],[23.51016065,-14.10049898],[23.5120797,-14.09954206],[23.51493878,-14.09874513],[23.51887389,-14.09837416],[23.52162796,-14.09838316],[23.52480204,-14.09872614],[23.52886815,-14.0991611],[23.53004718,-14.09813618],[23.53213023,-14.09632634],[23.53289326,-14.09340158],[23.53334327,-14.08989487],[23.53474531,-14.08706311],[23.54024946,-14.08368239],[23.54332254,-14.08261747],[23.54601961,-14.08156256],[23.54960571,-14.07910877],[23.55473084,-14.07599803],[23.55641689,-14.07492212],[23.55788593,-14.07417418],[23.55954897,-14.07298028],[23.56366708,-14.06930559],[23.56683517,-14.06645483],[23.57002226,-14.06385004],[23.57446237,-14.06094229],[23.57752445,-14.0571446],[23.58006652,-14.05527076],[23.58386263,-14.05303394],[23.58931577,-14.05005119],[23.59243586,-14.04710144],[23.59329788,-14.04414368],[23.59346088,-14.04074797],[23.59366489,-14.03761123],[23.59628496,-14.03704727],[23.59866802,-14.03645332],[23.60206511,-14.03602836],[23.60737325,-14.03510444],[23.61098535,-14.03427451],[23.61452144,-14.03388554],[23.61846655,-14.03468948],[23.6204026,-14.03549041],[23.62389869,-14.03693229],[23.62738379,-14.03873814],[23.63062987,-14.03887213],[23.63385196,-14.03727627],[23.63700804,-14.03530043],[23.63954511,-14.03383655],[23.6430012,-14.03242367],[23.64569028,-14.03188872],[23.6503464,-14.03227969],[23.65312547,-14.03217669],[23.65676557,-14.03107879],[23.65897963,-14.02910195],[23.66145769,-14.02685814],[23.66423677,-14.02468432],[23.66690884,-14.02033568],[23.66948791,-14.01749692],[23.67806314,-14.01502512],[23.68283127,-14.01588906],[23.68801041,-14.01952876],[23.69361755,-14.02459734],[23.69711964,-14.028661],[23.69848768,-14.03409155],[23.69967371,-14.03872217],[23.70559086,-14.03810322],[23.71044499,-14.0358834],[23.71646315,-14.03466951],[23.72119928,-14.03436154],[23.72813046,-14.03349461],[23.73432763,-14.02942095],[23.73846074,-14.02464335],[23.74167683,-14.01988774],[23.74393689,-14.01614106],[23.74704997,-14.01027554],[23.74942504,-14.00137328],[23.75381016,-13.99489582],[23.75727725,-13.99098714],[23.76042634,-13.98879733],[23.76478345,-13.98715846],[23.77078961,-13.9855996],[23.77721178,-13.98668551],[23.78347395,-13.98864035],[23.7892641,-13.98958727],[23.79490325,-13.98864035],[23.79867935,-13.9868055],[23.80129042,-13.9832478],[23.80184344,-13.97922514],[23.80203445,-13.97439553],[23.80427951,-13.97038187],[23.80764759,-13.96775909],[23.81235772,-13.96741212],[23.81711485,-13.96817406],[23.82144596,-13.96922397],[23.82418504,-13.96984692],[23.8267701,-13.97111482],[23.82762213,-13.97237171],[23.82832214,-13.97339863],[23.82938317,-13.97674335],[23.83027719,-13.98018207],[23.83006019,-13.98394675],[23.82937517,-13.98882535],[23.82982118,-13.99235305],[23.83228424,-13.99733464],[23.83507431,-14.00120232],[23.83915242,-14.00552197],[23.84019045,-14.00645389],[23.8420865,-14.00815475],[23.84496857,-14.00897168],[23.84647661,-14.00896468],[23.8497657,-14.00766879],[23.85320579,-14.00562196],[23.85567586,-14.00383711],[23.85804692,-14.00130032],[23.86013798,-14.00029141],[23.86336507,-13.99994044],[23.86560612,-13.99959346],[23.86794819,-13.99775562],[23.86928222,-13.9956678],[23.87032725,-13.99295702],[23.87082727,-13.99036723],[23.87308733,-13.98666954],[23.87481337,-13.98392277],[23.87702243,-13.98153097],[23.88533866,-13.98205792],[23.88954576,-13.98336382],[23.89283785,-13.98569563],[23.89731497,-13.98874937],[23.90193109,-13.99067822],[23.90534718,-13.99044924],[23.9098353,-13.98827542],[23.9132684,-13.98712851],[23.9173085,-13.9885154],[23.9210486,-13.99196012],[23.92426669,-13.99678572],[23.9325049,-14.00107336],[23.93484296,-13.99710169],[23.93551098,-13.99429593],[23.93549098,-13.99052124],[23.93807805,-13.98707853],[23.94089313,-13.9862196],[23.94514624,-13.98637258],[23.94869033,-13.98790746],[23.95074639,-13.98974731],[23.95281244,-13.9910492],[23.95542751,-13.99201512],[23.9586166,-13.99363699],[23.96163968,-13.99647676],[23.9627957,-13.99977948],[23.9625977,-14.00143734],[23.96516677,-14.00412412],[23.96728182,-14.00512604],[23.98093518,-14.00305322],[23.98784337,-14.00576399],[23.99265849,-14.0081248],[23.99789963,-14.01115555],[24.00360078,-14.01213547],[24.00718888,-14.01426529],[24.01434907,-14.01491524],[24.01832218,-14.01328438],[24.02094825,-14.01037262],[24.02112425,-14.0069199],[24.01447508,-14.00497007],[24.00855292,-14.00139936],[24.00665287,-13.99756168],[24.00850292,-13.99501389],[24.01211402,-13.99512888],[24.0153731,-13.99660276],[24.01971122,-13.99871158],[24.02531236,-13.99953752],[24.02852445,-13.9985956],[24.0303295,-13.99434295],[24.03081952,-13.99044727],[24.03299757,-13.98608563],[24.03585465,-13.97834828],[24.03834072,-13.97591348],[24.04347286,-13.97189182],[24.04740996,-13.96943603],[24.05209809,-13.96833212],[24.05699822,-13.96883808],[24.06182834,-13.97040295],[24.06295538,-13.97425163],[24.06100932,-13.97882125],[24.05730722,-13.98323188],[24.05693321,-13.98703557],[24.05984229,-13.98997832],[24.06553643,-13.99129121],[24.06982755,-13.98986834],[24.07280363,-13.98759052],[24.07610872,-13.98561269],[24.08225088,-13.97974218],[24.08231689,-13.97399565],[24.08119186,-13.96873909],[24.07858879,-13.96428946],[24.07863379,-13.96098174],[24.0825479,-13.95866093],[24.086346,-13.95887391],[24.09068311,-13.95875392],[24.09190015,-13.95388133],[24.09154714,-13.94865776],[24.09264817,-13.94502206],[24.09721829,-13.94384816],[24.10106339,-13.94364318],[24.10605652,-13.94562301],[24.10720656,-13.94998365],[24.10645754,-13.95496424],[24.10444348,-13.9602188],[24.10423347,-13.96460144],[24.1088056,-13.96369052],[24.11239169,-13.96469844],[24.11541677,-13.96726922],[24.11942787,-13.96981101],[24.12381099,-13.96966802],[24.12880412,-13.96923506],[24.13112618,-13.97060895],[24.13468528,-13.97062895],[24.13569631,-13.97063295],[24.13874239,-13.96659629],[24.14038243,-13.9640005],[24.14209348,-13.96146971],[24.14483655,-13.95890792],[24.14818564,-13.95302941],[24.14959168,-13.95100758],[24.15214575,-13.94856779],[24.15254376,-13.94693692],[24.15294077,-13.94377918],[24.15439381,-13.94139138],[24.15715989,-13.94126939],[24.15610486,-13.93890559],[24.15556484,-13.93645379],[24.15682988,-13.933968],[24.16022897,-13.93295808],[24.16400407,-13.93378301],[24.16829318,-13.93591684],[24.1727493,-13.93927256],[24.17720242,-13.93977252],[24.18254756,-13.93786668],[24.18568864,-13.93732173],[24.18922874,-13.93582085],[24.19131379,-13.93295709],[24.19309484,-13.93075027],[24.19571991,-13.92875244],[24.19848599,-13.9255627],[24.19756996,-13.92282793],[24.19651293,-13.92014015],[24.198787,-13.91791534],[24.2027031,-13.91768436],[24.20577418,-13.91855429],[24.20816524,-13.91979719],[24.21095632,-13.92124007],[24.21447141,-13.92165404],[24.21726049,-13.91890026],[24.21932354,-13.91752538],[24.2214336,-13.91660045],[24.22417467,-13.91416866],[24.22714975,-13.9088381],[24.22946982,-13.90762621],[24.2328229,-13.90911808],[24.23603499,-13.90806017],[24.23898907,-13.90691727],[24.24191915,-13.90601934],[24.24355919,-13.90438748],[24.24569225,-13.90470845],[24.24644327,-13.90567537],[24.24719329,-13.90668628],[24.24698328,-13.90856613],[24.24522623,-13.91200584],[24.24309417,-13.91457763],[24.23992809,-13.91618849],[24.23549897,-13.9172644],[24.23777403,-13.9197682],[24.2403051,-13.92261696],[24.24239415,-13.92670062],[24.24459721,-13.92715459],[24.24712828,-13.92322891],[24.25024436,-13.91905926],[24.25371445,-13.91645447],[24.25985662,-13.91595452],[24.26236468,-13.9173764],[24.26149866,-13.9197862],[24.2632797,-13.9235019],[24.26583577,-13.92618667],[24.26904986,-13.92864847],[24.27122992,-13.93094228],[24.27195894,-13.93532692],[24.27282495,-13.93996353],[24.27906412,-13.94420518],[24.28365824,-13.94411419],[24.28762035,-13.94381622],[24.29113744,-13.94440816],[24.29406952,-13.946457],[24.29739761,-13.94863282],[24.30004668,-13.94601804],[24.29840464,-13.94434218],[24.29627058,-13.9428223],[24.29512055,-13.94007253],[24.29629158,-13.93609586],[24.29847164,-13.93435901],[24.30098171,-13.93630084],[24.30405278,-13.94117244],[24.30768788,-13.94489013],[24.31026695,-13.94415719],[24.31127398,-13.94024852],[24.31155199,-13.93483097],[24.30965293,-13.93125326],[24.30479981,-13.92921243],[24.29957167,-13.9272166],[24.29849265,-13.92430584],[24.29792963,-13.92285196],[24.29537356,-13.92143007],[24.29096245,-13.91830833],[24.29094145,-13.91493461],[24.29377752,-13.9139297],[24.29806663,-13.91528059],[24.30334277,-13.91796837],[24.30835791,-13.9164045],[24.3082639,-13.91358273],[24.3080519,-13.91008602],[24.30863591,-13.90476446],[24.30921994,-13.89913993],[24.31285303,-13.89551623],[24.31758915,-13.89668713],[24.32005222,-13.89966489],[24.32181027,-13.90271664],[24.32333631,-13.90655232],[24.32816243,-13.9068243],[24.33271355,-13.90587737],[24.3343536,-13.90859315],[24.33400459,-13.91194487],[24.33508162,-13.91437167],[24.33735767,-13.9164685],[24.33876571,-13.91793238],[24.33932773,-13.92076014],[24.34007975,-13.92353291],[24.34188579,-13.92495779],[24.33996274,-13.92808254],[24.33696466,-13.93081331],[24.33551162,-13.93278114],[24.3349026,-13.93526494],[24.33237154,-13.93777073],[24.33059049,-13.93912861],[24.33012048,-13.94059649],[24.33227853,-13.94210337],[24.33347457,-13.94374123],[24.33502261,-13.94495114],[24.33936072,-13.94529211],[24.34346283,-13.94570808],[24.34644091,-13.94646701],[24.34922899,-13.94846384],[24.35127003,-13.94999772],[24.35710919,-13.95234553],[24.36003827,-13.95251951],[24.36165631,-13.95410738],[24.36329835,-13.95560026],[24.36479939,-13.95589223],[24.36681345,-13.95458934],[24.36939252,-13.95497631],[24.37204358,-13.95667317],[24.37420064,-13.95858401],[24.37591169,-13.95890299],[24.37938178,-13.95943094],[24.38278087,-13.96071384],[24.38625196,-13.96208972],[24.38969705,-13.95972592],[24.39215712,-13.95673517],[24.39609423,-13.95286049],[24.39965732,-13.9503817],[24.40300841,-13.94748794],[24.40771954,-13.94625005],[24.41203265,-13.94613306],[24.4139087,-13.94840087],[24.41473172,-13.95175259],[24.41552874,-13.95604923],[24.41576475,-13.95893699],[24.41628176,-13.96226772],[24.41700878,-13.96525547],[24.41860282,-13.96787125],[24.42355095,-13.9685102],[24.42823907,-13.96793425],[24.43121715,-13.96754129],[24.43419224,-13.96678535],[24.43531826,-13.96566444],[24.43564628,-13.96348362],[24.43597228,-13.95969194],[24.43697931,-13.95603824],[24.43787033,-13.95358545],[24.4404464,-13.95106065],[24.44464352,-13.95085167],[24.44816061,-13.95234755],[24.4518417,-13.95401741],[24.45486679,-13.95672819],[24.45824287,-13.95842205],[24.46131596,-13.96227873],[24.463074,-13.96349763],[24.46644809,-13.96097483],[24.46916617,-13.95854104],[24.47212124,-13.95817107],[24.47531033,-13.95922298],[24.4782154,-13.95821607],[24.48128649,-13.95691018],[24.48363055,-13.95504833],[24.47940944,-13.95224456],[24.47544533,-13.94804791],[24.47277327,-13.94475818],[24.47122423,-13.9421734],[24.47352329,-13.93996159],[24.47684937,-13.93799575],[24.48057648,-13.93574393],[24.48624763,-13.9313793],[24.48694965,-13.92853353],[24.4890127,-13.92451687],[24.48929371,-13.92184809],[24.48704065,-13.91799441],[24.48905471,-13.91383875],[24.49050875,-13.91101699],[24.49336782,-13.90961611],[24.49510186,-13.91044404],[24.49702592,-13.91154395],[24.499998,-13.91303383],[24.50270207,-13.91518865],[24.50458912,-13.91720548],[24.50564714,-13.92046421],[24.50687417,-13.92346996],[24.50899523,-13.92787459],[24.51033926,-13.9314143],[24.51290534,-13.93468803],[24.51758246,-13.93582794],[24.52165057,-13.93688585],[24.52425963,-13.93862171],[24.52649769,-13.9423184],[24.52814874,-13.94676203],[24.52975278,-13.95098968],[24.53182483,-13.95398943],[24.53516492,-13.95607526],[24.53648396,-13.95855406],[24.53905002,-13.96210776],[24.5456132,-13.96634741],[24.54855227,-13.96866422],[24.55149335,-13.96973113],[24.5610326,-13.96990612],[24.56441669,-13.97100003],[24.5648457,-13.97467672],[24.56365167,-13.97798045],[24.56135261,-13.98110719],[24.55910455,-13.98395295],[24.56143361,-13.98756265],[24.56448869,-13.98743767],[24.56798478,-13.98511586],[24.57202289,-13.98258107],[24.57488597,-13.98023727],[24.57745004,-13.98139817],[24.57916808,-13.98425394],[24.57832706,-13.98755166],[24.58124114,-13.9882356],[24.58303019,-13.98993746],[24.58333919,-13.99293922],[24.58520124,-13.99603696],[24.5875743,-13.99621795],[24.5874993,-13.99373815],[24.58695429,-13.99010945],[24.58854833,-13.98767665],[24.59193242,-13.98819961],[24.59616453,-13.98948451],[24.60069865,-13.98855858],[24.60224569,-13.98650675],[24.60184368,-13.98394396],[24.60120666,-13.98092922],[24.60114867,-13.97606662],[24.60100366,-13.97170098],[24.5985796,-13.97037509],[24.59362047,-13.96923318],[24.58901234,-13.96706136],[24.58997337,-13.9654095],[24.59563052,-13.96163381],[24.59997564,-13.95873106],[24.6021527,-13.95636425],[24.60441276,-13.9582511],[24.60580479,-13.96171081],[24.60630281,-13.96503754],[24.60766884,-13.96749533],[24.61016191,-13.96799429],[24.613568,-13.96863224],[24.61782011,-13.96830326],[24.61963016,-13.96604746],[24.62091319,-13.96225977],[24.62317226,-13.9618638],[24.62455829,-13.96459758],[24.62559632,-13.96712436],[24.62602533,-13.96973615],[24.62590933,-13.97107504],[24.62471529,-13.97454075],[24.62175621,-13.97582764],[24.62058318,-13.97773648],[24.62096519,-13.98104521],[24.62101619,-13.98340001],[24.62111419,-13.9859568],[24.62011016,-13.99008246],[24.62008917,-13.99339618],[24.62293524,-13.99532203],[24.62460628,-13.99648793],[24.62463329,-13.99854776],[24.62454128,-14.00014063],[24.6252723,-14.00151751],[24.62585932,-14.00302439],[24.6287934,-14.00661609],[24.63019843,-14.00983582],[24.63419253,-14.01322254],[24.63331951,-14.01625629],[24.63342752,-14.01990999],[24.63729461,-14.02171984],[24.63970368,-14.02305773],[24.6405747,-14.02324772],[24.64327978,-14.02074792],[24.64669187,-14.01557335],[24.65052397,-14.01105273],[24.65341205,-14.00638712],[24.65186301,-14.00313138],[24.64313078,-14.00617613],[24.64317678,-14.00353635],[24.64489183,-14.00136453],[24.6440408,-13.99847977],[24.64215775,-13.9968749],[24.63994769,-13.99501805],[24.63837165,-13.99244727],[24.63587358,-13.98836761],[24.63497456,-13.9847819],[24.63548758,-13.98136019],[24.63595559,-13.97899738],[24.6364456,-13.97708954],[24.6399917,-13.97768749],[24.64297678,-13.97937535],[24.64669188,-13.97987731],[24.64737289,-13.97796947],[24.64699188,-13.97561067],[24.64769291,-13.97305688],[24.65086199,-13.97132902],[24.65436208,-13.96974215],[24.65692115,-13.96914121],[24.65969323,-13.9692702],[24.6626783,-13.97014312],[24.66507536,-13.97032411],[24.66664941,-13.96871524],[24.6662214,-13.9668274],[24.66537337,-13.96371166],[24.66652141,-13.96237877],[24.66936349,-13.96118087],[24.67070252,-13.96069891],[24.6736376,-13.96064592],[24.67631967,-13.96148984],[24.67717069,-13.96435861],[24.6776437,-13.9669264],[24.67792971,-13.9704211],[24.67955475,-13.97340585],[24.68195381,-13.97353185],[24.68450988,-13.971696],[24.68627093,-13.97003514],[24.68753896,-13.96909622],[24.68923101,-13.96892823],[24.69007803,-13.97019512],[24.69041004,-13.97239994],[24.69064605,-13.97430678],[24.69149707,-13.97604364],[24.69046704,-13.97838944],[24.69046704,-13.97997431],[24.69246609,-13.98169117],[24.69465315,-13.98269809],[24.6965612,-13.983841],[24.69818224,-13.98454793],[24.70090831,-13.98392699],[24.70325738,-13.98396998],[24.70478542,-13.9861718],[24.70551644,-13.98824063],[24.70608445,-13.99135837],[24.70590345,-13.99385716],[24.7079235,-13.99477709],[24.70987455,-13.99574201],[24.71323764,-13.99625797],[24.7155167,-13.99609498],[24.7154477,-13.99767785],[24.71507369,-13.99944771],[24.71453667,-14.00119456],[24.71396966,-14.0031534],[24.71632172,-14.00602816],[24.72262889,-14.00326139],[24.727049,-14.00636213],[24.72760802,-14.01216565],[24.72966607,-14.0188091],[24.72777402,-14.02265478],[24.72604397,-14.02680444],[24.72958607,-14.02783236],[24.73272915,-14.0237387],[24.73779329,-14.02318774],[24.74079536,-14.02425066],[24.74466147,-14.02637848],[24.74516948,-14.03279795],[24.7461705,-14.03662963],[24.74700253,-14.04331308],[24.74758354,-14.04916159],[24.7497776,-14.05424417],[24.74834856,-14.05864681],[24.74749954,-14.06119659],[24.75045861,-14.0647623],[24.74867456,-14.06939391],[24.74819655,-14.07528642],[24.74565548,-14.07790421],[24.74465446,-14.08203286],[24.74417544,-14.08559857],[24.74022734,-14.08733642],[24.73555021,-14.08671847],[24.73621423,-14.09109111],[24.73650024,-14.0961157],[24.73684124,-14.10009437],[24.74041934,-14.10250217],[24.7463725,-14.10259916],[24.75143063,-14.10556792],[24.75002359,-14.11271033],[24.74938657,-14.11387923],[24.74821154,-14.11602405],[24.7504066,-14.12012071],[24.75883983,-14.11896181],[24.76452198,-14.12048468],[24.76554,-14.12523929],[24.76353695,-14.12804206],[24.76468198,-14.13135278],[24.76975912,-14.12960293],[24.77504125,-14.12560226],[24.77950237,-14.12446336],[24.78878762,-14.12559027],[24.79097168,-14.12618622],[24.79113768,-14.1312248],[24.79426376,-14.13656936],[24.79786686,-14.14191392],[24.80551506,-14.14166694],[24.80644008,-14.14618756],[24.81036819,-14.14896234],[24.81201223,-14.15221907],[24.81544332,-14.15514883],[24.82285152,-14.15312799],[24.82896268,-14.15145614],[24.83242277,-14.15385693],[24.83781292,-14.15131115],[24.84181902,-14.15047222],[24.84550412,-14.15179611],[24.84689616,-14.15383194],[24.84898521,-14.15444989],[24.85247731,-14.15621075],[24.85449536,-14.15949347],[24.86087553,-14.15904851],[24.86324459,-14.16273021],[24.86512564,-14.16536499],[24.86906775,-14.1640031],[24.87356987,-14.16581395],[24.87843499,-14.16393111],[24.88517217,-14.16327417],[24.89118033,-14.1677248],[24.89714649,-14.16642191],[24.9012156,-14.16639691],[24.90250063,-14.17034058],[24.90579272,-14.17062156],[24.9088358,-14.17472723],[24.91573099,-14.17495221],[24.91838006,-14.17795696],[24.91857306,-14.17817794],[24.91593299,-14.18148067],[24.91593999,-14.18321053],[24.92166114,-14.18549134],[24.92980536,-14.18529335],[24.93476849,-14.18543434],[24.93641053,-14.18892405],[24.94029963,-14.1908449],[24.94421774,-14.18950201],[24.9466518,-14.19017495],[24.94757483,-14.19043093],[24.95310997,-14.19517854],[24.95888013,-14.19479058],[24.96229421,-14.1945726],[24.96344625,-14.19730137],[24.96631333,-14.19744335],[24.96890739,-14.19944719],[24.97261349,-14.20352385],[24.97259249,-14.20601365],[24.97410853,-14.20747253],[24.97633859,-14.20636362],[24.97702661,-14.20608164],[24.97874565,-14.20756352],[24.98027869,-14.20970335],[24.98225274,-14.21200316],[24.98504182,-14.21274209],[24.98782689,-14.21132821],[24.99030596,-14.21184217],[24.99155199,-14.21461894],[24.99423706,-14.21667877],[24.99768016,-14.21470693],[25.00081824,-14.21231313],[25.00396732,-14.21236713],[25.00786142,-14.213858],[25.01000948,-14.21466494],[25.01238055,-14.21578685],[25.01535962,-14.21564486],[25.01365458,-14.21266411],[25.01338357,-14.21050428],[25.01495962,-14.20906041],[25.01738568,-14.20937538],[25.02012875,-14.21131522],[25.02300883,-14.21315007],[25.02608091,-14.21206816],[25.02921499,-14.20947638],[25.03232208,-14.20840646],[25.03578617,-14.2079425],[25.03929427,-14.20846346],[25.04279735,-14.21025431],[25.04663946,-14.2128561],[25.05051156,-14.21388101],[25.05430866,-14.21431298],[25.05789076,-14.21598284],[25.06073083,-14.21707275],[25.0632739,-14.21861862],[25.06776602,-14.22281928],[25.06908205,-14.22209234],[25.07015408,-14.22121641],[25.07193713,-14.22068445],[25.07299616,-14.22021749],[25.07501221,-14.2189596],[25.07672826,-14.21756171],[25.07915232,-14.21644381],[25.08164339,-14.21584586],[25.08320643,-14.21525291],[25.08478947,-14.21500093],[25.08792155,-14.21546289],[25.09395272,-14.21585986],[25.10131691,-14.22949573],[25.08835756,-14.24269564],[25.10353497,-14.2431986],[25.10018788,-14.25481264],[25.11462825,-14.27633486],[25.11042614,-14.27895665],[25.10990413,-14.28081949],[25.10953012,-14.2831103],[25.10989213,-14.28524613],[25.11194818,-14.28543111],[25.11446825,-14.28463917],[25.11606129,-14.28397323],[25.11923137,-14.28357726],[25.12207345,-14.2830823],[25.12426451,-14.28274133],[25.12611656,-14.28215038],[25.12906364,-14.28171942],[25.13107069,-14.28218938],[25.13348275,-14.28361426],[25.13453978,-14.28488616],[25.13472479,-14.28612905],[25.13483779,-14.28789891],[25.13411977,-14.28969176],[25.13341475,-14.29143661],[25.13365276,-14.29310947],[25.13425777,-14.29446636],[25.1352398,-14.29575426],[25.13620682,-14.29706015],[25.13678284,-14.29833405],[25.13650483,-14.29928997],[25.1353348,-14.30047887],[25.13405576,-14.30243471],[25.13378876,-14.30431955],[25.13327874,-14.30558145],[25.13000965,-14.30632439],[25.12745359,-14.30659036],[25.12334348,-14.30718731],[25.1200974,-14.30779826],[25.11716132,-14.3085782],[25.11403523,-14.3097191],[25.11084615,-14.310955],[25.10868909,-14.31177293],[25.10660203,-14.31284184],[25.10474198,-14.31446171],[25.10367195,-14.31606657],[25.10340695,-14.31778843],[25.10438597,-14.31991726],[25.10659603,-14.32068319],[25.11001212,-14.32095017],[25.11222518,-14.32152513],[25.11369622,-14.32355296],[25.11393622,-14.32523982],[25.11349721,-14.32712466],[25.11236618,-14.32882352],[25.10953611,-14.33105034],[25.1091481,-14.33296418],[25.11075614,-14.335162],[25.11147516,-14.3375138],[25.11211818,-14.33948264],[25.1131562,-14.34143548],[25.11433323,-14.34229941],[25.11413823,-14.34386928],[25.11288119,-14.34394427],[25.11070714,-14.34408726],[25.1092381,-14.34447723],[25.10694704,-14.34455022],[25.10325294,-14.3447762],[25.10078688,-14.34492619],[25.09913683,-14.34562413],[25.09974684,-14.34740298],[25.10068387,-14.34919184],[25.10046986,-14.3508427],[25.09852981,-14.35165263],[25.09704577,-14.3533085],[25.09547073,-14.35486037],[25.09316067,-14.35607327],[25.0906586,-14.35734016],[25.08783153,-14.35985495],[25.08516645,-14.36167481],[25.08363141,-14.36317968],[25.08391542,-14.36638241],[25.08462744,-14.36850324],[25.08436743,-14.37043908],[25.08355841,-14.37231793],[25.08457744,-14.37432676],[25.08559546,-14.3762316],[25.08461144,-14.37934435],[25.08216837,-14.3810842],[25.07859728,-14.38244809],[25.07687723,-14.38329602],[25.07619821,-14.38530685],[25.07497918,-14.38743467],[25.07310612,-14.38916653],[25.07220011,-14.39131336],[25.07139308,-14.39428611],[25.07101007,-14.3967919],[25.07149408,-14.39903272],[25.07039205,-14.40216546],[25.06893901,-14.40515421],[25.06800599,-14.40705006],[25.06775798,-14.40809897],[25.068424,-14.41079174],[25.06968403,-14.41247661],[25.07118707,-14.41420946],[25.07147008,-14.41711422],[25.07057305,-14.41913806],[25.06974203,-14.4210819],[25.06995104,-14.42323972],[25.07064805,-14.42412365],[25.07068006,-14.42516156],[25.06781298,-14.42653645],[25.06758997,-14.42664344],[25.06658094,-14.4283303],[25.06586993,-14.43063611],[25.06437989,-14.43292492],[25.06284485,-14.43414782],[25.05981776,-14.43532672],[25.05640467,-14.43614965],[25.05461963,-14.43754754],[25.05266857,-14.43849446],[25.05104953,-14.43950737],[25.04968549,-14.44090826],[25.04880947,-14.44305808],[25.04860946,-14.4452719],[25.04808145,-14.44785468],[25.04751243,-14.45027048],[25.04529237,-14.45205234],[25.0427423,-14.45321824],[25.04080225,-14.45442914],[25.0388532,-14.45568304],[25.03540311,-14.4574109],[25.03174201,-14.45945672],[25.02836992,-14.46147556],[25.02578785,-14.46369237],[25.02305078,-14.46650014],[25.02075172,-14.46807701],[25.01787764,-14.46914692],[25.01526657,-14.4694559],[25.0125505,-14.46997185],[25.01155647,-14.47130774],[25.01112346,-14.47387253],[25.01099545,-14.47463447],[25.01073845,-14.47754923],[25.01066145,-14.4790891],[25.00997543,-14.48222284],[25.01015043,-14.48406869],[25.01050944,-14.48666748],[25.0090424,-14.49024418],[25.00694035,-14.49266798],[25.00283023,-14.49720661],[24.99853612,-14.49926344],[24.99519303,-14.50127927],[24.99233596,-14.50266716],[24.98916887,-14.50374706],[24.98623779,-14.50686781],[24.98088165,-14.51009854],[24.97986862,-14.51325728],[24.98122866,-14.51958176],[24.97999662,-14.52684616],[24.98041663,-14.52993291],[24.97700154,-14.53147277],[24.97520549,-14.53279667],[24.97345244,-14.53409156],[24.97684954,-14.53746129],[24.9792016,-14.54028405],[24.97834857,-14.54351179],[24.98133966,-14.54623756],[24.98020462,-14.54993226],[24.97537449,-14.55564579],[24.97412146,-14.5591285],[24.97906559,-14.56083136],[24.98617478,-14.56121333],[24.98507375,-14.56674187],[24.98111764,-14.57264839],[24.98272368,-14.57476921],[24.9835707,-14.57707902],[24.98446773,-14.57947382],[24.98543675,-14.58245958],[24.98670079,-14.58502937],[24.98844783,-14.58650825],[24.99090489,-14.5870402],[24.99276894,-14.58757116],[24.99504601,-14.58793913],[24.99735407,-14.58875106],[24.99894311,-14.59008195],[25.00091516,-14.59115787],[25.00260121,-14.59235676],[25.00394024,-14.59388964],[25.00623131,-14.59600947],[25.00802035,-14.59859625],[25.00882837,-14.60093006],[25.01033941,-14.60341186],[25.01235147,-14.60494373],[25.01485953,-14.60568467],[25.01634957,-14.60626062],[25.01779361,-14.60714555],[25.01898364,-14.60763951],[25.02072669,-14.60831745],[25.02387477,-14.60860743],[25.02622283,-14.60990633],[25.02810488,-14.61068826],[25.03061895,-14.61102724],[25.03326302,-14.61258611],[25.03526007,-14.61440396],[25.03657011,-14.61521789],[25.03867417,-14.61683876],[25.04030121,-14.61813565],[25.04254227,-14.6199685],[25.04532134,-14.6223653],[25.0476344,-14.62427715],[25.04923144,-14.62544105],[25.05074548,-14.62619399],[25.05196652,-14.62647096],[25.05287854,-14.62682494],[25.05465259,-14.62713291],[25.05665664,-14.62735789],[25.0587247,-14.62774687],[25.06078075,-14.62801484],[25.06290381,-14.62759888],[25.06462586,-14.62638998],[25.06584089,-14.62549305],[25.06782094,-14.62531706],[25.06894797,-14.62601401],[25.06957198,-14.62633098],[25.07810721,-14.62550805],[25.07884523,-14.62569003],[25.07915224,-14.62647497],[25.07946325,-14.62713392],[25.08038828,-14.6273669],[25.08186731,-14.62767287],[25.08300534,-14.62781286],[25.08406837,-14.62773887],[25.0852604,-14.62688594],[25.08645044,-14.62610801],[25.08721746,-14.62607201],[25.0888285,-14.62585602],[25.08989553,-14.62602401],[25.09092856,-14.626167],[25.0924336,-14.62548206],[25.09386863,-14.62565404],[25.09572568,-14.626192],[25.09760273,-14.626165],[25.09906177,-14.62580403],[25.10069282,-14.62570504],[25.10196485,-14.62574204],[25.10326988,-14.626257],[25.10523594,-14.62673395],[25.10664798,-14.62684695],[25.107897,-14.62690094],[25.10890604,-14.62702494],[25.10995306,-14.62751789],[25.11045707,-14.62845081],[25.1112941,-14.62966771],[25.11265613,-14.62947873],[25.11405017,-14.62896177],[25.11457719,-14.62825783],[25.11542921,-14.62815684],[25.11628823,-14.6286528],[25.11698625,-14.62892278],[25.11753526,-14.62954173],[25.1186973,-14.62974871],[25.11953832,-14.62920676],[25.12040234,-14.6298277],[25.12099736,-14.63009468],[25.1226624,-14.62958872],[25.12408544,-14.62933675],[25.12497046,-14.62970571],[25.12575848,-14.62938474],[25.12658551,-14.62928975],[25.12790754,-14.62998869],[25.12912857,-14.62980971],[25.12979059,-14.62976871],[25.13086462,-14.63006468],[25.13150463,-14.63040866],[25.13254266,-14.63034367],[25.13334169,-14.63011868],[25.13439871,-14.63022968],[25.13537174,-14.63043266],[25.13657877,-14.63105161],[25.13723079,-14.63175055],[25.13833182,-14.63283646],[25.13929485,-14.63338741],[25.14080589,-14.63369439],[25.14178991,-14.63310644],[25.14327195,-14.63283246],[25.14428698,-14.6323215],[25.145103,-14.63148457],[25.14618403,-14.6299797],[25.14680804,-14.62877579],[25.14675504,-14.62813285],[25.14702705,-14.62731291],[25.14752706,-14.62597203],[25.14817408,-14.62474612],[25.14908411,-14.6238382],[25.15077215,-14.62294927],[25.15161117,-14.62170738],[25.15285121,-14.62120642],[25.15506327,-14.62093444],[25.15602429,-14.62115943],[25.1563753,-14.62211134],[25.1562043,-14.6227363],[25.15755633,-14.62319025],[25.15880037,-14.62216334],[25.15916437,-14.62101943],[25.16033341,-14.62011551],[25.16260146,-14.61999952],[25.1639235,-14.62034949],[25.16562055,-14.62074946],[25.1676026,-14.62073346],[25.16980766,-14.62067346],[25.1713867,-14.62033949],[25.17370776,-14.61993153],[25.1752288,-14.61951456],[25.17731286,-14.61925059],[25.17842489,-14.61913159],[25.17995093,-14.61940957],[25.18150797,-14.62010752],[25.18285401,-14.62089245],[25.18402304,-14.62164239],[25.18535507,-14.62204836],[25.18661711,-14.62285229],[25.18815515,-14.62353124],[25.18997419,-14.62417018],[25.19151524,-14.62476713],[25.19181325,-14.62469314],[25.19282027,-14.62443916],[25.19534034,-14.62333225],[25.19651137,-14.62357323],[25.19821841,-14.62366223],[25.19952145,-14.62266731],[25.20062348,-14.62131442],[25.20161351,-14.61999852],[25.20311055,-14.61888762],[25.20479159,-14.61732875],[25.20622963,-14.61616385],[25.20758567,-14.61529991],[25.2087857,-14.61494794],[25.21137977,-14.61460297],[25.21231779,-14.614352],[25.21350582,-14.61363905],[25.21506487,-14.6131061],[25.21599889,-14.61261314],[25.21730192,-14.61162622],[25.21807594,-14.61051331],[25.22006,-14.60999535],[25.220184,-14.61021434],[25.22185105,-14.61007335],[25.22308908,-14.60922742],[25.22439012,-14.60872646],[25.22584515,-14.60772354],[25.22666518,-14.6070476],[25.22849423,-14.60660464],[25.23018627,-14.60594869],[25.23188732,-14.60508776],[25.23406437,-14.60394286],[25.23808648,-14.60189903],[25.24076855,-14.60168204],[25.24356663,-14.60156005],[25.25880104,-14.59844031],[25.28353969,-14.59878229],[25.29060888,-14.59777637],[25.29653704,-14.59707143],[25.30442225,-14.59564555],[25.31040241,-14.59453464],[25.31509653,-14.59341674],[25.31985467,-14.59177187],[25.32417578,-14.59037699],[25.32991893,-14.58894911],[25.33532608,-14.5878622],[25.3397782,-14.58731024],[25.34684438,-14.5865813],[25.35254953,-14.58598535],[25.35605163,-14.58568038],[25.35837869,-14.5854704],[25.36183878,-14.58560938],[25.36730393,-14.58718526],[25.36968399,-14.58737124],[25.37329308,-14.58737324],[25.37702519,-14.58752523],[25.38016127,-14.58767422],[25.38469939,-14.5879412],[25.38850049,-14.58835216],[25.39185758,-14.58839416],[25.3962007,-14.58831217],[25.40164785,-14.58817918],[25.40618996,-14.58757723],[25.41068208,-14.58720826],[25.41414017,-14.58714127],[25.41786527,-14.5867673],[25.4223954,-14.58579038],[25.42731953,-14.58578738],[25.42914758,-14.58597937],[25.43137464,-14.58571039],[25.43535574,-14.5842825],[25.44029787,-14.58233767],[25.44541701,-14.57983788],[25.45027114,-14.57794903],[25.45471226,-14.57602819],[25.45988639,-14.57317542],[25.4637455,-14.57032066],[25.46695158,-14.56780787],[25.46942565,-14.56576203],[25.47152171,-14.56387519],[25.47436978,-14.56176937],[25.47757187,-14.56054147],[25.48028794,-14.55968054],[25.48430705,-14.55779869],[25.50728366,-14.54463078],[25.51151278,-14.54242297],[25.51514787,-14.54034114],[25.51743494,-14.53923623],[25.52014001,-14.5383603],[25.52285608,-14.5383243],[25.52652418,-14.53853829],[25.52984426,-14.53858229],[25.53279534,-14.53801933],[25.53679545,-14.53724839],[25.54052955,-14.53698942],[25.54433865,-14.53805733],[25.54750273,-14.53874327],[25.55062982,-14.53903225],[25.55467293,-14.53937922],[25.55886704,-14.53982018],[25.56367617,-14.54038914],[25.56618024,-14.54048613],[25.5685553,-14.53994517],[25.57086736,-14.53920324],[25.57311042,-14.5384693],[25.57553648,-14.53745438],[25.57900958,-14.53652046],[25.58239567,-14.53626648],[25.58532674,-14.53643647],[25.58775281,-14.53665045],[25.59040788,-14.53660245],[25.58982986,-14.5385303],[25.58983786,-14.54125507],[25.58957886,-14.54408984],[25.58924285,-14.54635965],[25.58896984,-14.5481555],[25.58818382,-14.55014934],[25.5873378,-14.55157122],[25.58583475,-14.55275312],[25.58393871,-14.55450498],[25.58257467,-14.55616084],[25.58134663,-14.55838666],[25.58042861,-14.56076946],[25.57985659,-14.56385321],[25.57968459,-14.56555006],[25.57958159,-14.56731992],[25.57751653,-14.56953374],[25.57505347,-14.5723975],[25.57206438,-14.57528027],[25.56998533,-14.57711111],[25.5686983,-14.57808603],[25.56527821,-14.57932893],[25.56002107,-14.58031785],[25.55633296,-14.5808448],[25.55313188,-14.58120077],[25.5501988,-14.58149675],[25.54816875,-14.58166074],[25.54682271,-14.58221369],[25.5464847,-14.5832886],[25.54727472,-14.58713128],[25.54683571,-14.58894214],[25.54598669,-14.59101197],[25.54501366,-14.59293381],[25.54360662,-14.59431469],[25.54212059,-14.5954246],[25.53970152,-14.59732745],[25.53916451,-14.59815038],[25.54033154,-14.60109714],[25.54121856,-14.60453185],[25.54094355,-14.60800857],[25.54035254,-14.61037537],[25.53976452,-14.61222722],[25.53765146,-14.61465302],[25.53513939,-14.61715081],[25.53226832,-14.62006157],[25.53049527,-14.62260336],[25.52900323,-14.62544413],[25.52650317,-14.62855187],[25.52456711,-14.63097867],[25.52267606,-14.63348746],[25.52072301,-14.63623924],[25.51977298,-14.63858205],[25.51826994,-14.6403699],[25.51578687,-14.6415578],[25.51324781,-14.64369562],[25.51172976,-14.64573646],[25.51063874,-14.64969513],[25.50982672,-14.65378379],[25.50818167,-14.65840241],[25.50649362,-14.66255607],[25.5057506,-14.66543883],[25.50502359,-14.66871756],[25.50417256,-14.67163532],[25.50282053,-14.67452309],[25.50037546,-14.67711287],[25.49717437,-14.67972966],[25.4944913,-14.68189048],[25.49233524,-14.68379432],[25.4908282,-14.68545019],[25.48878415,-14.687729],[25.48754012,-14.68913888],[25.48611708,-14.69102373],[25.48493905,-14.69298157],[25.48369501,-14.6950394],[25.48124195,-14.69817114],[25.48047893,-14.70018897],[25.47996791,-14.70198083],[25.4794929,-14.70377068],[25.47775485,-14.7047346],[25.47840787,-14.70585251],[25.48008792,-14.70819231],[25.48187296,-14.70995217],[25.48432203,-14.71215099],[25.48623008,-14.71416482],[25.48828213,-14.71582369],[25.48993018,-14.71739956],[25.49120821,-14.71866846],[25.49243424,-14.72006034],[25.49313426,-14.72211117],[25.49359627,-14.724172],[25.49409229,-14.72567288],[25.4946163,-14.72694978],[25.49586033,-14.72855564],[25.49702936,-14.73052748],[25.49776738,-14.73252732],[25.49787239,-14.73555507],[25.49777538,-14.73824285],[25.49689236,-14.74086363],[25.49609533,-14.74273648],[25.49418529,-14.74541626],[25.49343827,-14.74763608],[25.49350826,-14.75027086],[25.49429629,-14.75388956],[25.4948553,-14.75656734],[25.4947163,-14.75936911],[25.49405828,-14.76210289],[25.49353727,-14.76491965],[25.49415528,-14.7679744],[25.49440728,-14.77122614],[25.49444529,-14.77444887],[25.49428528,-14.77717465],[25.49398128,-14.78027739],[25.49410328,-14.78282918],[25.49366327,-14.78609092],[25.49258523,-14.78951963],[25.49177422,-14.79213042],[25.49087219,-14.79395527],[25.48935415,-14.79538815],[25.4875711,-14.79586611],[25.48514603,-14.79561813],[25.48352499,-14.79458222],[25.48141894,-14.79345731],[25.47746583,-14.79392627],[25.4761878,-14.79456622],[25.47437875,-14.79193643],[25.47286071,-14.7935733],[25.47142067,-14.79494518],[25.47015664,-14.79635507],[25.4690366,-14.79857888],[25.46835359,-14.8008067],[25.46713255,-14.80307152],[25.46542551,-14.80502135],[25.46346346,-14.80636624],[25.46167941,-14.80803111],[25.46008336,-14.81019093],[25.45888533,-14.81216877],[25.45708329,-14.81438858],[25.45522523,-14.81651741],[25.4538442,-14.81864923],[25.45265017,-14.82123802],[25.45197515,-14.82431377],[25.45234116,-14.82718753],[25.45288817,-14.8300313],[25.45308918,-14.83186715],[25.45368919,-14.83415296],[25.4540842,-14.83553285],[25.4541592,-14.83684974],[25.45330018,-14.83898257],[25.45239416,-14.84077742],[25.45139313,-14.84366318],[25.45097712,-14.84643495],[25.45126313,-14.84922672],[25.45179914,-14.85279943],[25.45217715,-14.8556672],[25.45164113,-14.85780302],[25.45063411,-14.85977886],[25.44890206,-14.8617077],[25.44706101,-14.86331557],[25.44573197,-14.86462046],[25.44419993,-14.86662929],[25.44271989,-14.86884711],[25.44061484,-14.87159089],[25.43875679,-14.87408568],[25.43734675,-14.87634349],[25.43631472,-14.87940125],[25.43578671,-14.88165506],[25.43535969,-14.88369489],[25.43486368,-14.8860937],[25.43460567,-14.8883935],[25.43452367,-14.8908383],[25.43447867,-14.89287214],[25.43474368,-14.89739477],[25.43490768,-14.89921862],[25.43496868,-14.90060551],[25.43494768,-14.90224737],[25.43400566,-14.90448919],[25.43509668,-14.90957577],[25.43666372,-14.91419139],[25.43756075,-14.91793108],[25.43825076,-14.92095384],[25.43909779,-14.9250535],[25.43990881,-14.9286682],[25.44129384,-14.9323489],[25.44179286,-14.93316484],[25.44365291,-14.93654156],[25.44844603,-14.94314902],[25.44981607,-14.9470017],[25.4509491,-14.9507174],[25.45177612,-14.95412412],[25.45337716,-14.9567399],[25.45571922,-14.95949068],[25.45772728,-14.96245544],[25.45964833,-14.96521621],[25.46095337,-14.96700606],[25.46179039,-14.96849994],[25.46313542,-14.97065177],[25.46403745,-14.97258461],[25.46499447,-14.97378151],[25.46629551,-14.97573935],[25.46696552,-14.97826614],[25.46746454,-14.98100392],[25.46854457,-14.98413267],[25.47046662,-14.98797935],[25.47258267,-14.99312793],[25.47274867,-14.99600169],[25.47281868,-14.99883346],[25.47245867,-15.00146324],[25.47198365,-15.0032331],[25.47114463,-15.00528593],[25.46926958,-15.00885164],[25.46212239,-15.01428919],[25.46196238,-15.02040669],[25.46093236,-15.02565226],[25.46292541,-15.03135879],[25.45867129,-15.03820823],[25.44848002,-15.04553663],[25.44585195,-15.05434191],[25.44609795,-15.05998345],[25.44128182,-15.06489105],[25.43554667,-15.07653609],[25.42973251,-15.07452025],[25.41744318,-15.07910688],[25.41767419,-15.08971301],[25.41786819,-15.09656545],[25.42093527,-15.09910524],[25.4220803,-15.10407883],[25.42042426,-15.11224816],[25.42400435,-15.11817568],[25.42313333,-15.12544209],[25.42543139,-15.13308346],[25.41644215,-15.14180375],[25.4033248,-15.14582542],[25.39932469,-15.1374671],[25.39060246,-15.13585323],[25.37156095,-15.14319562],[25.36513077,-15.15008606],[25.36132767,-15.15635455],[25.35129041,-15.15918631],[25.33715703,-15.16291401],[25.33058785,-15.16869453],[25.32573772,-15.17719584],[25.3176485,-15.18540917],[25.3140124,-15.19975699],[25.31629046,-15.20608847],[25.32060458,-15.21082409],[25.32753976,-15.21861546],[25.33042984,-15.23450316],[25.33524396,-15.24680915],[25.33023482,-15.26106299],[25.31534942,-15.28003643],[25.31516642,-15.28493804],[25.31653845,-15.29041159],[25.31953453,-15.30762018],[25.32621771,-15.31957921],[25.33396191,-15.33555791],[25.33946105,-15.35125763],[25.32937878,-15.36447455],[25.32361463,-15.36935215],[25.31563941,-15.37126899],[25.31009827,-15.37718051],[25.30462212,-15.38730668],[25.30929924,-15.39887174],[25.31477138,-15.40922889],[25.31508439,-15.42355273],[25.30833421,-15.44081532],[25.30613314,-15.45187742],[25.28716964,-15.47128784],[25.28315453,-15.47073288],[25.27753938,-15.46951198],[25.27206123,-15.4668832],[25.26614207,-15.46533732],[25.26139895,-15.46267853],[25.2558388,-15.46449138],[25.25167869,-15.46791211],[25.24015638,-15.48079406],[25.2486936,-15.50251529],[25.2488596,-15.50274527],[25.25291871,-15.50561004],[25.26318799,-15.50708292],[25.27289124,-15.51071863],[25.27982243,-15.51817602],[25.2788134,-15.52643435],[25.27092819,-15.53616355],[25.26363399,-15.54344096],[25.25607379,-15.54734865],[25.25193068,-15.55313317],[25.25099365,-15.56295737],[25.24061237,-15.56804095],[25.21392165,-15.59536573],[25.21622771,-15.60108627],[25.22446393,-15.60672781],[25.22596097,-15.6105425],[25.22118084,-15.61839086],[25.22955506,-15.6215276],[25.2383273,-15.62060868],[25.24629751,-15.62213256],[25.25028662,-15.62559328],[25.25602577,-15.62758312],[25.264758,-15.63110283],[25.27405825,-15.63618942],[25.28572756,-15.65764068],[25.28226346,-15.67731808],[25.2762193,-15.67877996],[25.2723812,-15.68207569],[25.25833783,-15.67792903],[25.25147264,-15.68709728],[25.24150837,-15.70225905],[25.24438144,-15.70618273],[25.26244593,-15.72186946],[25.28569554,-15.75139607],[25.28613555,-15.7621852],[25.31137223,-15.76757576],[25.33717192,-15.74775338],[25.34855723,-15.72966785],[25.36390664,-15.71552799],[25.37932006,-15.73564837],[25.3958535,-15.74597353],[25.39908858,-15.74799137],[25.3921814,-15.76372709],[25.39456945,-15.77751997],[25.40144964,-15.78092669],[25.39211839,-15.79109187],[25.38707325,-15.79467258],[25.38345115,-15.80084508],[25.37620096,-15.82505611],[25.38246512,-15.82838385],[25.38429617,-15.83228153],[25.37851901,-15.84046887],[25.38196211,-15.84464353],[25.3854462,-15.84351162],[25.3893493,-15.85455872],[25.37902402,-15.86682173],[25.37687696,-15.87632896],[25.37132181,-15.89081079],[25.36580966,-15.90084898],[25.35289331,-15.90904331],[25.34298405,-15.92896669],[25.33977596,-15.94335353],[25.34742416,-15.95510958],[25.35445135,-15.9610741],[25.35166227,-15.9685095],[25.34472009,-15.97425303],[25.33372579,-15.98143345],[25.33157773,-15.98987777],[25.32896466,-16.00071789],[25.32541256,-16.00726736],[25.32374951,-16.01488674],[25.32760861,-16.04029169],[25.32907865,-16.05235272],[25.35025722,-16.05661338],[25.35319029,-16.0625149],[25.35583236,-16.06762749],[25.36769968,-16.07054626],[25.36628464,-16.08399317],[25.39300136,-16.07841662],[25.43639352,-16.09578423],[25.43332644,-16.10058384],[25.42376418,-16.10774226],[25.41595697,-16.11669954],[25.4058537,-16.12429993],[25.39344437,-16.12938451],[25.37469086,-16.13481807],[25.36562061,-16.14123255],[25.35782341,-16.14880994],[25.34950118,-16.16104795],[25.33868289,-16.16851835],[25.32876762,-16.17336695],[25.32449951,-16.18437506],[25.31969437,-16.19413828],[25.31099114,-16.2038205],[25.30302992,-16.21163486],[25.30118087,-16.22224601],[25.29573972,-16.23008237],[25.29650774,-16.23827971],[25.29600473,-16.25007976],[25.29555871,-16.25844609],[25.30019183,-16.26517855],[25.2951517,-16.27524473],[25.28455641,-16.28366006],[25.26716094,-16.28705678],[25.2544066,-16.28822769],[25.24671539,-16.29453818],[25.24140725,-16.3016106],[25.23559909,-16.31057388],[25.23270601,-16.31387162],[25.23151698,-16.31874622],[25.22413978,-16.32302188],[25.21505853,-16.32817346],[25.20731633,-16.33169618],[25.19936611,-16.33310006],[25.19404997,-16.33906558],[25.18681577,-16.34825284],[25.17424343,-16.35635419],[25.15872101,-16.36162776],[25.14811273,-16.36626038],[25.13523538,-16.37701152],[25.12884621,-16.38248308],[25.1248211,-16.38426593],[25.11733489,-16.38977049],[25.11468382,-16.39343019],[25.10990169,-16.39789884],[25.10698161,-16.39866378],[25.10295651,-16.40265745],[25.09871039,-16.40622016],[25.09423227,-16.41017485],[25.09103118,-16.41628635],[25.08661206,-16.42390474],[25.08309096,-16.42852237],[25.08273996,-16.4343299],[25.07845784,-16.43662472],[25.07485074,-16.43948548],[25.07428873,-16.44295021],[25.07456874,-16.44732385],[25.07069663,-16.45019363],[25.06782655,-16.45593317],[25.06013334,-16.46177869],[25.05454119,-16.46639332],[25.04827902,-16.47022301],[25.04322688,-16.47404571],[25.0399568,-16.48043419],[25.04213686,-16.48219105],[25.0402048,-16.48646871],[25.04166084,-16.49200726],[25.0364667,-16.49815977],[25.03401763,-16.50049858],[25.03230059,-16.50197046],[25.02699444,-16.50555817],[25.02390636,-16.50917588],[25.02591341,-16.51424348],[25.02307133,-16.51908409],[25.02465937,-16.52174987],[25.02457937,-16.52575355],[25.0181692,-16.53121511],[25.01474711,-16.53489481],[25.01036598,-16.53725163],[25.00874094,-16.54067935],[25.01075299,-16.54707984],[25.00808292,-16.55160348],[25.00785392,-16.55601512],[25.01385607,-16.55736701],[25.02053826,-16.55805896],[25.02309232,-16.56313655],[25.02811246,-16.56796716],[25.03435662,-16.57085994],[25.03922875,-16.5725898],[25.04230683,-16.57792437],[25.05103907,-16.58060016],[25.05789225,-16.58439985],[25.05810426,-16.58971643],[25.06002631,-16.59554496],[25.06824353,-16.59749981],[25.07644975,-16.59855672],[25.08118788,-16.60789797],[25.09011811,-16.61699325],[25.10165042,-16.62099893],[25.10493451,-16.62852233],[25.09662228,-16.6401204],[25.09490324,-16.64652489],[25.0974713,-16.6525434],[25.09413321,-16.65541817],[25.09047811,-16.66049877],[25.08752003,-16.66513139],[25.17679743,-16.67817037],[25.21910757,-16.68529181],[25.2315229,-16.69561998],[25.24090915,-16.70342536],[25.24777934,-16.70913791],[25.22826179,-16.78440189],[25.23422795,-16.80350036],[25.26404073,-16.91988308],[25.26381173,-16.92050103],[25.24926032,-16.95961191],[25.19369182,-16.99408015],[25.16576307,-16.96517745],[25.16455404,-16.96610737],[25.16367502,-16.97074401],[25.16583207,-16.97533264],[25.17045919,-16.97771645],[25.16971018,-16.983417],[25.16809813,-16.98742068],[25.16937016,-16.99050043],[25.17135622,-16.99403515],[25.17197623,-16.99513706],[25.16922916,-17.00191152],[25.16407902,-17.00265947],[25.16292499,-17.00699412],[25.16158595,-17.01145176],[25.16376601,-17.01670334],[25.16289998,-17.02150796],[25.16186995,-17.02567663],[25.15905088,-17.02935634],[25.1560848,-17.03683374],[25.15597879,-17.03710272],[25.15753083,-17.04062344],[25.16265097,-17.04547606],[25.16592006,-17.0499497],[25.1675161,-17.05422236],[25.16958015,-17.05937695],[25.16969116,-17.05965393],[25.17173521,-17.06587843],[25.17444628,-17.071377],[25.17476829,-17.07683156],[25.1716802,-17.08210914],[25.16870312,-17.08458095],[25.16507702,-17.09002251],[25.16588205,-17.09497312],[25.16467801,-17.10223754],[25.16228795,-17.1052343],[25.15644179,-17.10765611],[25.14892459,-17.10981893],[25.14473647,-17.10980393],[25.13798929,-17.11220675],[25.13372117,-17.11660839],[25.13192413,-17.12007612],[25.127211,-17.12263691],[25.12059782,-17.12441277],[25.11897077,-17.12634862],[25.11484766,-17.13125523],[25.1089875,-17.14118843],[25.10677744,-17.1441882],[25.10388536,-17.14878683],[25.1015333,-17.15310448],[25.09948924,-17.15679919],[25.09314507,-17.16706737],[25.090772,-17.17241495],[25.08906496,-17.17760454],[25.08833093,-17.18160922],[25.08908395,-17.18970758],[25.09219504,-17.19308931],[25.09656115,-17.19643405],[25.10335333,-17.20142765],[25.10448237,-17.20511536],[25.10519038,-17.20637625],[25.10987451,-17.21473159],[25.11233857,-17.21730239],[25.11624768,-17.22292894],[25.11754271,-17.22748158],[25.11564666,-17.23301414],[25.11180456,-17.23702082],[25.1060634,-17.24019257],[25.10089426,-17.24480221],[25.10014924,-17.24960883],[25.09967223,-17.25029377],[25.09671014,-17.25453344],[25.08824891,-17.25593832],[25.0839338,-17.25626529],[25.07935767,-17.25785017],[25.07648559,-17.26456463],[25.07581258,-17.26862731],[25.07374052,-17.27736962],[25.07067144,-17.28499701],[25.06867438,-17.28966764],[25.06529528,-17.29448526],[25.0619932,-17.29844295],[25.05721107,-17.3014557],[25.05255894,-17.30390051],[25.04635277,-17.30648531],[25.04188165,-17.30881611],[25.03673951,-17.31194187],[25.03188338,-17.31592355],[25.02501619,-17.32492584],[25.0215871,-17.33261223],[25.01984005,-17.33659392],[25.017965,-17.34109355],[25.01560293,-17.34593018],[25.01373188,-17.35014284],[25.01339487,-17.35558441],[25.0144819,-17.35755425],[25.018087,-17.36409374],[25.02090207,-17.36724649],[25.02400915,-17.37079421],[25.0257332,-17.37799364],[25.02422315,-17.38215531],[25.01672695,-17.39636518],[25.01941802,-17.39973591],[25.02273111,-17.40185875],[25.02734323,-17.4049745],[25.03069032,-17.40836423],[25.0335614,-17.41179496],[25.03529545,-17.4150947],[25.03455342,-17.42638281],[25.03319939,-17.43180538],[25.03038131,-17.43887182],[25.02805824,-17.44144062],[25.02726722,-17.44231355],[25.02235009,-17.44607325],[25.01351285,-17.45182879],[25.00641765,-17.45709438],[24.99932746,-17.46213198],[24.99072323,-17.47139124],[24.98683812,-17.47769074],[24.9788759,-17.49125867],[24.97718985,-17.4984541],[24.97486879,-17.50443663],[24.97260472,-17.51712962],[24.97208971,-17.5225132],[24.97408276,-17.5313815],[24.97414776,-17.54107573],[24.97322073,-17.54599135],[24.9721027,-17.55095895],[24.97059466,-17.55528861],[24.96556652,-17.56250204],[24.95854133,-17.57088338],[24.94969109,-17.57141233],[24.94487096,-17.5680036],[24.93852179,-17.55243383],[24.93467069,-17.5490251],[24.93084059,-17.54996402],[24.92587145,-17.55666349],[24.91895126,-17.55969425],[24.91392113,-17.56019421],[24.90504989,-17.55749342],[24.8944696,-17.55206385],[24.88844044,-17.54613431],[24.88261929,-17.53630609],[24.87997022,-17.53425625],[24.86634885,-17.53710502],[24.84861837,-17.53515617],[24.83347896,-17.52768575],[24.82629777,-17.52749677],[24.82104863,-17.53005657],[24.81177837,-17.5383849],[24.80459718,-17.53820592],[24.78852675,-17.5346352],[24.7832376,-17.53030653],[24.77789746,-17.52023633],[24.77500738,-17.51864745],[24.76997625,-17.51821649],[24.76520711,-17.5205473],[24.75924696,-17.52333708],[24.75302679,-17.52360606],[24.75014671,-17.52201718],[24.74457656,-17.51263792],[24.74000644,-17.5103681],[24.73210623,-17.50949817],[24.72056492,-17.50130881],[24.71314472,-17.50111882],[24.69164313,-17.50812727],[24.68950408,-17.50951815],[24.68327491,-17.50863822],[24.6644644,-17.51655759],[24.65541315,-17.52122622],[24.63196352,-17.52213714],[24.61818314,-17.53190637],[24.60798186,-17.54118463],[24.60178169,-17.54376542],[24.58165215,-17.54187557],[24.55966056,-17.54436436],[24.54332111,-17.53807586],[24.53600091,-17.54272549],[24.52147052,-17.54989492],[24.51451933,-17.54946395],[24.51019021,-17.54581524],[24.50511009,-17.53459512],[24.49762988,-17.5247559],[24.49178873,-17.50503745],[24.48770962,-17.50413752],[24.48000941,-17.49659811],[24.47424826,-17.49318838],[24.45891885,-17.48980864],[24.42588696,-17.48719984],[24.41602769,-17.47921047],[24.40597742,-17.47764059],[24.39257606,-17.4774706],[24.38826694,-17.47863051],[24.38184677,-17.48599992],[24.36032519,-17.48906867],[24.35184495,-17.49253939],[24.33975563,-17.50046777],[24.33305544,-17.50051776],[24.32610325,-17.49895888],[24.31530497,-17.49467921],[24.28917326,-17.48912964],[24.26617264,-17.48653984],[24.24649212,-17.47887044],[24.23692085,-17.47917041],[24.21517227,-17.48321909],[23.52096245,-17.620278],[23.42806093,-17.64034737],[23.42612089,-17.63026617],[23.42391983,-17.61350949],[23.42007973,-17.6107687],[23.40447931,-17.59519092],[23.39151897,-17.58351084],[23.38192972,-17.57893119],[23.36420824,-17.58035208],[23.35749805,-17.57599242],[23.34693878,-17.56362239],[23.33757753,-17.55560302],[23.32608722,-17.55562401],[23.31604694,-17.56229348],[23.31317787,-17.56299342],[23.30358761,-17.55474407],[23.28441609,-17.54627472],[23.27412582,-17.5465147],[23.26167648,-17.5490645],[23.24660607,-17.55160329],[23.24061491,-17.55092434],[23.23126466,-17.54427386],[23.22719455,-17.54014518],[23.22550452,-17.52821512],[23.21687528,-17.52409545],[23.20776505,-17.51124546],[23.19698476,-17.50321809],[23.1871445,-17.48394961],[23.18190337,-17.48034989],[23.17134408,-17.4763892],[23.14669242,-17.47272947],[23.14166229,-17.46905976],[23.14716344,-17.46148036],[23.13591213,-17.45414194],[23.12944196,-17.44680251],[23.12824193,-17.44221188],[23.12871295,-17.42981386],[23.12584288,-17.42752304],[23.12153176,-17.42752304],[23.1045523,-17.42546319],[23.09257998,-17.41950465],[23.08468078,-17.41124531],[23.07271047,-17.3859973],[23.06002015,-17.34582948],[23.04782982,-17.3442206],[23.03993961,-17.33916999],[23.02649025,-17.31952154],[23.01051983,-17.30681254],[23.01147886,-17.30107399],[23.01075985,-17.29303464],[23.0090888,-17.28959391],[22.99785851,-17.28545523],[22.99450842,-17.27834579],[22.98398914,-17.26801661],[22.97323785,-17.26433689],[22.97060878,-17.25951728],[22.94743817,-17.24779819],[22.9297567,-17.23677806],[22.92163648,-17.23125849],[22.91255724,-17.22413905],[22.90277598,-17.20967119],[22.88987664,-17.20369166],[22.86384594,-17.19702218],[22.83041505,-17.18504311],[22.82444489,-17.1813724],[22.80701342,-17.17446394],[22.80368334,-17.1698643],[22.80273331,-17.16458472],[22.80799346,-17.15541546],[22.80919349,-17.15082482],[22.80013326,-17.135897],[22.79298407,-17.12808662],[22.78988299,-17.12233708],[22.74934292,-17.09107054],[22.73694159,-17.08233123],[22.73480153,-17.07773159],[22.73624158,-17.07154209],[22.72432226,-17.06578254],[22.7219622,-17.05086273],[22.72005116,-17.04787396],[22.70789182,-17.04556414],[22.69262042,-17.04048354],[22.68858131,-17.03450501],[22.69408047,-17.02694461],[22.69289144,-17.02258496],[22.65668948,-16.99083747],[22.6462192,-16.9791084],[22.63740897,-16.97128902],[22.62097854,-16.96047087],[22.61671943,-16.94715093],[22.58294755,-16.90828402],[22.57556735,-16.90161455],[22.55343777,-16.88480687],[22.54391651,-16.8806472],[22.52725707,-16.86935809],[22.51584677,-16.85830797],[22.49684527,-16.83759962],[22.49807531,-16.82475064],[22.49666628,-16.8190121],[22.48167588,-16.81185266],[22.46693549,-16.80079254],[22.45078407,-16.78330393],[22.43488365,-16.76741519],[22.41803321,-16.74900665],[22.3947826,-16.72391965],[22.38433333,-16.7144694],[22.37697313,-16.70915982],[22.36270175,-16.70452118],[22.35509155,-16.70036151],[22.35632158,-16.69257114],[22.35349152,-16.68476276],[22.33925214,-16.67323367],[22.33262197,-16.66311448],[22.31559153,-16.63711555],[22.31227044,-16.63457676],[22.29397095,-16.6276173],[22.28302966,-16.62527749],[22.26976932,-16.60961873],[22.26770027,-16.59424696],[22.26321015,-16.5875705],[22.25133884,-16.58041007],[22.22564915,-16.57800125],[22.22140904,-16.56994989],[22.21407785,-16.5598227],[22.19034722,-16.54778365],[22.17850791,-16.53533364],[22.16789764,-16.51739307],[22.15418728,-16.50126736],[22.1475261,-16.50054642],[22.13967589,-16.50233727],[22.13110566,-16.50229726],[22.12589653,-16.49859756],[22.13712683,-16.48832739],[22.1395359,-16.48260785],[22.13579581,-16.47042983],[22.12991566,-16.4582508],[22.12876563,-16.45182132],[22.13282574,-16.44725169],[22.13314676,-16.43166094],[22.12991568,-16.41443433],[22.12757663,-16.40754388],[22.12083647,-16.37769627],[22.11616535,-16.36321544],[22.1102862,-16.35217832],[22.10842516,-16.34436995],[22.09564482,-16.33536067],[22.08647458,-16.31811005],[22.07749434,-16.30912177],[22.06925413,-16.2962308],[22.07309424,-16.28983432],[22.07528531,-16.27975413],[22.0748753,-16.26828406],[22.06491504,-16.26593525],[22.05710283,-16.26130561],[22.05502378,-16.25845684],[22.04603354,-16.24610783],[22.03159316,-16.23730553],[22.02192391,-16.22715934],[22.01200365,-16.21930797],[22.00303341,-16.20915978],[21.99953333,-16.1990516],[21.99958335,-16.1742406],[21.99975241,-16.08577974],[21.99924341,-16.05345236],[21.99928342,-16.04726386],[22.00187352,-16.00119759],[22.00103265,-15.75847526],[22.00042274,-15.58277854],[21.99955287,-15.33147202],[21.99964293,-15.2240458],[21.99982006,-15.01635981],[21.99983307,-15.00127905],[22.00014228,-14.64394441],[22.0003104,-14.44807456],[22.00051853,-14.20672552],[22.00059859,-14.11551008],[22.0006236,-14.08711943],[22.00058364,-14.02995417],[22.00056665,-14.01050178],[22.0004747,-13.89405745],[22.00035478,-13.74435291],[22.0003318,-13.71735815],[22.00168283,-13.71754114],[22.00299887,-13.71616125],[22.00391989,-13.71589728],[22.00557193,-13.7155583],[22.00706297,-13.71633724],[22.00824401,-13.71720817]]]]},"geometry_name":"the_geom","properties":{"OBJECTID":8,"NAME":"Western","SHAPE.area":10.745894653100889,"SHAPE.len":17.36489303045102}},{"type":"Feature","id":"zambia-provinces.9","geometry":{"type":"MultiPolygon","coordinates":[[[[28.35822181,-9.36485708],[28.36035187,-9.33609956],[28.36367294,-9.30985381],[28.36812306,-9.2971529],[28.37665228,-9.27864549],[28.39400373,-9.24690922],[28.41773435,-9.2238222],[28.44631309,-9.20089017],[28.48290604,-9.17278059],[28.48710616,-9.17014681],[28.4925503,-9.1667321],[28.50467561,-9.15913376],[28.54018754,-9.13631772],[28.56861728,-9.11957615],[28.58283865,-9.11224278],[28.58432269,-9.11121887],[28.61670853,-9.08898178],[28.64723032,-9.07335812],[28.64818935,-9.07268418],[28.66301074,-9.06231707],[28.69566159,-9.03607932],[28.72981147,-9.00223723],[28.74758093,-8.98564766],[28.75328408,-8.97848127],[28.76073227,-8.96912908],[28.77090253,-8.95495429],[28.78051578,-8.94344728],[28.81603471,-8.90093994],[28.84050534,-8.87072954],[28.84752452,-8.86207128],[28.85007459,-8.85853159],[28.85791579,-8.84766152],[28.85975484,-8.8467076],[28.86038586,-8.8432569],[28.88279243,-8.81446338],[28.89659579,-8.7967249],[28.9008059,-8.78585884],[28.91295721,-8.76613554],[28.92765759,-8.74729416],[28.94295299,-8.72096842],[28.943156,-8.72062146],[28.95336826,-8.69610557],[28.95798538,-8.67518437],[28.9630385,-8.65230234],[28.96395752,-8.63828055],[28.96347851,-8.62358582],[28.9594484,-8.60320757],[28.95000715,-8.57555296],[28.94829811,-8.57054339],[28.92513649,-8.5240714],[28.90693602,-8.4974907],[28.8988468,-8.48246299],[28.90062585,-8.47903929],[28.90197688,-8.47644651],[28.90908707,-8.47403472],[28.92728754,-8.47212788],[29.0023595,-8.46123581],[29.03615038,-8.45633223],[29.06930124,-8.45164363],[29.07804147,-8.45034674],[29.11191235,-8.44550915],[29.15652251,-8.43914469],[29.2060048,-8.43186231],[29.25479607,-8.42550185],[29.30725644,-8.41769752],[29.34591644,-8.41264994],[29.34986055,-8.41203399],[29.38088835,-8.40720141],[29.39906983,-8.40504059],[29.44715108,-8.39773821],[29.46372051,-8.39583437],[29.48764113,-8.39172173],[29.51549286,-8.388453],[29.53550337,-8.38556225],[29.57023028,-8.38099763],[29.57119531,-8.38365041],[29.57204233,-8.38548525],[29.57432539,-8.38868697],[29.57518941,-8.38934191],[29.57748747,-8.39109676],[29.58080256,-8.39247964],[29.58453366,-8.39395651],[29.58766374,-8.39493143],[29.59298487,-8.39725223],[29.59427291,-8.39781418],[29.59689898,-8.39849412],[29.58969079,-8.4068314],[29.54412362,-8.45954586],[29.53913949,-8.4660323],[29.53466037,-8.47699836],[29.52838121,-8.48496967],[29.51903496,-8.48997424],[29.51041374,-8.4950948],[29.5048976,-8.49849651],[29.50133851,-8.50032635],[29.50072849,-8.50082031],[29.49895445,-8.50226118],[29.49842943,-8.50239617],[29.49782542,-8.50362007],[29.4971134,-8.50571489],[29.49548236,-8.50935558],[29.49395832,-8.51405317],[29.49381232,-8.51450913],[29.49183226,-8.5195727],[29.49017222,-8.52457427],[29.48903419,-8.52943384],[29.48755715,-8.5403219],[29.48763216,-8.54441855],[29.48843718,-8.55292382],[29.49017823,-8.56076214],[29.49104625,-8.56557973],[29.49123526,-8.56958738],[29.49061724,-8.57428398],[29.48943221,-8.57899357],[29.48602212,-8.58653392],[29.48315105,-8.58947767],[29.47924095,-8.59240042],[29.47565886,-8.59458023],[29.47251578,-8.59664105],[29.46979371,-8.59937882],[29.46715264,-8.60277552],[29.46469357,-8.60627922],[29.46213051,-8.60974393],[29.45942144,-8.61273767],[29.45554733,-8.61524245],[29.45088221,-8.61754626],[29.44606409,-8.62027602],[29.44288401,-8.62231085],[29.43993193,-8.62547657],[29.43722686,-8.62988619],[29.43351177,-8.63613765],[29.41841038,-8.66207842],[29.41274723,-8.67180658],[29.41043017,-8.67490332],[29.40863112,-8.67749709],[29.40660407,-8.68009087],[29.403642,-8.68235167],[29.3998399,-8.68459848],[29.39645881,-8.68607436],[29.39370974,-8.68707127],[29.39159468,-8.68861314],[29.38985664,-8.69042398],[29.38492451,-8.69998816],[29.3844225,-8.70096708],[29.37320121,-8.72290619],[29.37209118,-8.72449105],[29.37120216,-8.72520599],[29.3692131,-8.72636489],[29.36676804,-8.72698183],[29.35965085,-8.72685485],[29.32753302,-8.72486202],[29.32226588,-8.725153],[29.31946281,-8.72582595],[29.31741576,-8.72694085],[29.31584171,-8.72810975],[29.31411967,-8.73043954],[29.31354366,-8.73288833],[29.31335065,-8.73370726],[29.31300764,-8.73686599],[29.31279064,-8.74089765],[29.31266064,-8.74461933],[29.31306165,-8.75129175],[29.31449968,-8.76104991],[29.31529471,-8.77150701],[29.31704776,-8.78370596],[29.31736277,-8.79911063],[29.31706076,-8.80584405],[29.31707476,-8.80674697],[29.31641075,-8.81121258],[29.3147587,-8.81634015],[29.31347667,-8.82207465],[29.31366567,-8.82634828],[29.31249465,-8.82955501],[29.31233464,-8.83071191],[29.31180963,-8.83448158],[29.30990258,-8.8377043],[29.30805653,-8.8424629],[29.3068855,-8.84556063],[29.30554047,-8.84828139],[29.30556747,-8.85139513],[29.30516846,-8.8551848],[29.30492045,-8.85887248],[29.30436944,-8.8609513],[29.30141636,-8.86603087],[29.30000733,-8.87134141],[29.30043834,-8.87522907],[29.29838229,-8.87910174],[29.29760126,-8.88062761],[29.29779827,-8.88259244],[29.29682324,-8.88500923],[29.29635624,-8.88577617],[29.29551321,-8.88716305],[29.29528621,-8.88955184],[29.29335616,-8.89270857],[29.29013807,-8.89738117],[29.287344,-8.89978996],[29.28315489,-8.90114785],[29.28065983,-8.90442356],[29.28023482,-8.90504251],[29.27849877,-8.90674836],[29.27626972,-8.90960012],[29.27450167,-8.91335479],[29.2718446,-8.91605157],[29.26969655,-8.91993823],[29.26766149,-8.92250701],[29.26533844,-8.92387689],[29.2640644,-8.92640467],[29.26100232,-8.9284225],[29.25826525,-8.92991937],[29.2563082,-8.9295344],[29.25459515,-8.93155123],[29.25182008,-8.93200519],[29.25092206,-8.93139225],[29.24934502,-8.9307283],[29.24825499,-8.93094628],[29.24697595,-8.93145124],[29.24524591,-8.93244915],[29.24370287,-8.93272613],[29.24217683,-8.93293011],[29.2408698,-8.9331271],[29.24002678,-8.9331271],[29.23908475,-8.93405602],[29.23750571,-8.93336308],[29.23572966,-8.93381804],[29.23428762,-8.93435099],[29.23272959,-8.93492695],[29.23092254,-8.93572988],[29.22919649,-8.93601285],[29.22781546,-8.93644981],[29.22661642,-8.93696077],[29.2255494,-8.93712976],[29.22411136,-8.93807668],[29.22328234,-8.93852364],[29.22164729,-8.9388956],[29.22043426,-8.93953855],[29.21894222,-8.93961655],[29.21769919,-8.94002851],[29.21594014,-8.94081344],[29.21437411,-8.94176636],[29.21250706,-8.94223432],[29.21118902,-8.94231631],[29.20909297,-8.94262529],[29.20768293,-8.94380019],[29.20490386,-8.94426415],[29.20249079,-8.94538405],[29.20069475,-8.94628997],[29.19966672,-8.94803582],[29.19763467,-8.94919272],[29.19613163,-8.94985266],[29.19577362,-8.95221846],[29.19529461,-8.9541073],[29.19358757,-8.95518221],[29.19185152,-8.95652109],[29.19161751,-8.95781798],[29.19137651,-8.95892089],[29.1910105,-8.9598918],[29.19067849,-8.96024577],[29.19063249,-8.96134968],[29.19033348,-8.96248958],[29.18962246,-8.96285455],[29.18927645,-8.96392446],[29.18875944,-8.96434742],[29.18876944,-8.96463639],[29.18879444,-8.96548932],[29.18954046,-8.9668872],[29.18985047,-8.9680311],[29.18945446,-8.97045589],[29.18903445,-8.97125782],[29.18944846,-8.97247072],[29.18916446,-8.97399659],[29.18911845,-8.97564345],[29.18990448,-8.97673735],[29.18940646,-8.97792825],[29.18981247,-8.97893416],[29.19010848,-8.97971909],[29.19052249,-8.98089099],[29.19071149,-8.98185791],[29.1907285,-8.98330479],[29.1907395,-8.98497964],[29.1907725,-8.98624353],[29.1906745,-8.98701747],[29.19052049,-8.98836035],[29.1909205,-8.98910529],[29.1906995,-8.98972824],[29.19053949,-8.99137009],[29.19023649,-8.99267898],[29.18999548,-8.99425184],[29.19021549,-8.99543974],[29.19022649,-8.9971446],[29.18988948,-8.9982655],[29.18929046,-8.9994544],[29.18915446,-9.00040632],[29.18914546,-9.00147722],[29.17970022,-9.00202518],[29.17470008,-9.00530289],[29.17384006,-9.00730272],[29.17244403,-9.0098605],[29.17197501,-9.01072043],[29.17244003,-9.01646394],[29.17248403,-9.02094155],[29.17237902,-9.02593612],[29.17201502,-9.03357346],[29.17242103,-9.03655521],[29.17292504,-9.0401349],[29.17163701,-9.04344861],[29.1676449,-9.04764825],[29.1633758,-9.04633936],[29.15791765,-9.04375758],[29.15412955,-9.04211073],[29.15100247,-9.04286467],[29.14700136,-9.04260469],[29.14396228,-9.03977794],[29.14023919,-9.03998191],[29.13795813,-9.04241171],[29.13523606,-9.04418755],[29.13404803,-9.04688832],[29.13242699,-9.04879516],[29.13067794,-9.050715],[29.12963391,-9.0530028],[29.13079195,-9.05516261],[29.12971092,-9.05839233],[29.12990492,-9.06059614],[29.12835988,-9.06262697],[29.12662684,-9.06534173],[29.12428178,-9.06619266],[29.12396577,-9.06626366],[29.12240573,-9.06662363],[29.1212327,-9.06761454],[29.12091769,-9.06787952],[29.11881363,-9.07086126],[29.11987966,-9.0727941],[29.12175271,-9.0750479],[29.11934565,-9.07906455],[29.11621757,-9.07779866],[29.11246247,-9.07783966],[29.10879837,-9.07929754],[29.10937439,-9.08006147],[29.11110443,-9.08235327],[29.11391151,-9.085478],[29.11319849,-9.08811878],[29.10880938,-9.09025759],[29.10729334,-9.09420325],[29.10922339,-9.09692102],[29.11325349,-9.09686502],[29.11755061,-9.09547314],[29.1210627,-9.09766795],[29.12649684,-9.09927581],[29.12930392,-9.10312348],[29.13207799,-9.10699415],[29.13411904,-9.11063683],[29.13713012,-9.11259667],[29.14247726,-9.1132936],[29.14612936,-9.11305663],[29.14925044,-9.11518244],[29.14938744,-9.12008302],[29.15130049,-9.12269879],[29.1553046,-9.12327574],[29.15578261,-9.11958206],[29.15447458,-9.11690629],[29.15639862,-9.11507745],[29.16087174,-9.11821018],[29.16397682,-9.11920009],[29.16949897,-9.11767022],[29.17318407,-9.11860814],[29.17286705,-9.1225498],[29.170697,-9.12341973],[29.16968997,-9.12549355],[29.17035199,-9.12565654],[29.17293606,-9.12629548],[29.17993624,-9.12352372],[29.1822823,-9.1271934],[29.17804419,-9.131885],[29.17863521,-9.1330549],[29.18715943,-9.13356285],[29.19089453,-9.13486474],[29.19082753,-9.13841944],[29.19063152,-9.14042626],[29.19469163,-9.143473],[29.20198182,-9.14418994],[29.20828798,-9.14546582],[29.21374913,-9.14467789],[29.21759423,-9.14206512],[29.22177733,-9.14044525],[29.22475841,-9.13885539],[29.22703747,-9.13733452],[29.23055856,-9.13700355],[29.23438866,-9.13711154],[29.23462367,-9.13388781],[29.2396878,-9.13698755],[29.24410492,-9.14022927],[29.25014908,-9.14441591],[29.25215613,-9.14629174],[29.25280415,-9.14770962],[29.25309415,-9.14902651],[29.25355617,-9.15122732],[29.25371617,-9.15411307],[29.25394318,-9.15655387],[29.2546302,-9.1584547],[29.25630124,-9.16020455],[29.2584203,-9.16225737],[29.26092036,-9.16432919],[29.26277641,-9.16555609],[29.26439045,-9.166611],[29.26654151,-9.16812486],[29.26836856,-9.16966873],[29.2699466,-9.17148058],[29.27059462,-9.17363139],[29.27095363,-9.17646315],[29.27132563,-9.17846097],[29.27183665,-9.18114274],[29.27285668,-9.18445546],[29.27437772,-9.18706423],[29.27665478,-9.19001098],[29.27855483,-9.1920878],[29.2812379,-9.19353768],[29.28389897,-9.19506654],[29.285187,-9.19698938],[29.28622603,-9.1978693],[29.28734606,-9.19736335],[29.2890551,-9.19614445],[29.29067015,-9.19429361],[29.29164517,-9.19282774],[29.29307021,-9.19260375],[29.29420623,-9.19332869],[29.29538927,-9.19526252],[29.2965873,-9.19778631],[29.29839535,-9.19966414],[29.29927637,-9.20167597],[29.29936637,-9.20471471],[29.29966138,-9.20777645],[29.30185144,-9.20971128],[29.30348248,-9.21121715],[29.30385049,-9.21351695],[29.30344448,-9.21569577],[29.30346548,-9.21784058],[29.30445851,-9.21932245],[29.30645056,-9.22002239],[29.30823961,-9.21971442],[29.31007466,-9.21858452],[29.31134069,-9.2175526],[29.31268772,-9.21594374],[29.31418076,-9.21452487],[29.3155808,-9.21455386],[29.31739084,-9.21361894],[29.31817286,-9.21254403],[29.31888989,-9.21114415],[29.31975991,-9.20960129],[29.32122294,-9.20792543],[29.32283899,-9.20690752],[29.32448803,-9.20644256],[29.32604107,-9.20571862],[29.3271421,-9.2048107],[29.32802512,-9.20397077],[29.32952216,-9.20378179],[29.33027518,-9.20439873],[29.3312402,-9.20628957],[29.33169422,-9.2081944],[29.33242524,-9.21087618],[29.33312326,-9.21275701],[29.33346327,-9.21382692],[29.33366327,-9.21444987],[29.33444129,-9.21563377],[29.33523431,-9.21664968],[29.33620334,-9.2175646],[29.33691736,-9.21855551],[29.33684236,-9.21954743],[29.33630634,-9.22052234],[29.3347793,-9.22173424],[29.33346426,-9.22296013],[29.33262524,-9.22467499],[29.33170222,-9.22665682],[29.33134921,-9.22835967],[29.33173823,-9.23004452],[29.33327926,-9.23200535],[29.33507831,-9.23311026],[29.33706437,-9.23411418],[29.33903041,-9.2349881],[29.34036145,-9.23633998],[29.34185749,-9.23762387],[29.34299952,-9.23920074],[29.34362354,-9.2407046],[29.34354554,-9.24186451],[29.34318453,-9.24339837],[29.34317753,-9.24393933],[29.34345353,-9.24468827],[29.34381054,-9.24622013],[29.34377754,-9.24673409],[29.34351453,-9.24869692],[29.34342153,-9.2500848],[29.34271551,-9.25170266],[29.3421415,-9.25316053],[29.34192049,-9.25443043],[29.34176749,-9.25569832],[29.34181949,-9.2570732],[29.34177349,-9.25866006],[29.3421925,-9.26095687],[29.3420255,-9.26273971],[29.34122248,-9.26449056],[29.33988344,-9.26674437],[29.33881841,-9.26840022],[29.33780239,-9.27033906],[29.33718637,-9.27201992],[29.33689437,-9.27370677],[29.33587034,-9.27548062],[29.33523833,-9.27737146],[29.33509132,-9.27880533],[29.33519832,-9.28068317],[29.33572134,-9.28260001],[29.33591534,-9.28545476],[29.33558933,-9.28749858],[29.33505932,-9.28904345],[29.3343093,-9.29092229],[29.33361128,-9.29309211],[29.33324727,-9.29449598],[29.33299127,-9.29608784],[29.33356628,-9.29740173],[29.33449431,-9.29849464],[29.33545234,-9.29977952],[29.33635236,-9.30061645],[29.33755039,-9.30152237],[29.33850942,-9.30157837],[29.33982445,-9.3013114],[29.34109248,-9.30102542],[29.34258752,-9.30089943],[29.34352254,-9.30061145],[29.34357955,-9.30139439],[29.34386956,-9.30257028],[29.34382555,-9.30403116],[29.34336254,-9.30608698],[29.34328954,-9.30774584],[29.34361555,-9.30966267],[29.34424156,-9.31158851],[29.34507859,-9.31306138],[29.34595661,-9.31390031],[29.34755065,-9.31510521],[29.34877369,-9.31597813],[29.34992172,-9.31707904],[29.35112875,-9.31770499],[29.35226978,-9.31820694],[29.3531928,-9.3187099],[29.35365281,-9.31961682],[29.35366382,-9.32077472],[29.35251778,-9.32239358],[29.35163276,-9.32345149],[29.35045373,-9.32496236],[29.3493037,-9.3267482],[29.34856768,-9.32900301],[29.34853168,-9.3314128],[29.34829668,-9.33391159],[29.34774566,-9.33577143],[29.34747266,-9.33762127],[29.34799567,-9.33946711],[29.34973472,-9.34095599],[29.35098074,-9.34184191],[29.35260579,-9.34356676],[29.35393882,-9.34548459],[29.35535386,-9.34690547],[29.35649289,-9.34792838],[29.35774393,-9.34936726],[29.35897996,-9.35104711],[29.35970498,-9.35272597],[29.35986899,-9.35427684],[29.35889196,-9.35641566],[29.35761592,-9.35813651],[29.35691091,-9.35971537],[29.3565059,-9.36133523],[29.35628489,-9.36376302],[29.3566339,-9.36605583],[29.35718291,-9.36780367],[29.35801694,-9.3709814],[29.35732992,-9.37273425],[29.35556787,-9.37403314],[29.35392683,-9.37561401],[29.35203278,-9.37786581],[29.35096475,-9.38000463],[29.34992572,-9.38277139],[29.34962772,-9.38459923],[29.34913571,-9.38640808],[29.34814068,-9.38768197],[29.34660464,-9.38834891],[29.3450716,-9.38862489],[29.34280354,-9.38866389],[29.34178851,-9.38819993],[29.34057349,-9.38738699],[29.33899444,-9.38687404],[29.33696439,-9.38703103],[29.33548835,-9.38653107],[29.33383131,-9.38507719],[29.33317629,-9.38412228],[29.33145624,-9.38361932],[29.32944619,-9.38476922],[29.32778615,-9.38537717],[29.32622011,-9.38591813],[29.32558309,-9.38677105],[29.32523009,-9.3885629],[29.32478407,-9.39078671],[29.32422106,-9.39224058],[29.32346204,-9.39368746],[29.32313603,-9.39534231],[29.32336904,-9.39648422],[29.32409606,-9.3977521],[29.32510108,-9.39857503],[29.32781115,-9.39921698],[29.32916319,-9.40000991],[29.3297362,-9.40098783],[29.33036522,-9.40279267],[29.33031922,-9.4048035],[29.3295092,-9.40676933],[29.32867518,-9.40884515],[29.32851717,-9.41104697],[29.32872318,-9.41275482],[29.32788716,-9.41481864],[29.32692813,-9.4163905],[29.32487008,-9.41674848],[29.32329404,-9.41684946],[29.32145199,-9.41780138],[29.32057997,-9.41951623],[29.321717,-9.42219001],[29.32353505,-9.42409784],[29.32449008,-9.42624366],[29.3256231,-9.42899142],[29.3255701,-9.43123823],[29.32344505,-9.43467793],[29.32232402,-9.43704173],[29.32199201,-9.44011247],[29.32276203,-9.44262325],[29.32390106,-9.44484606],[29.32601412,-9.44733084],[29.32743715,-9.44928568],[29.32817217,-9.45064756],[29.32837618,-9.45275138],[29.32874819,-9.45546915],[29.3294112,-9.45730099],[29.33079224,-9.45870287],[29.3330773,-9.45970378],[29.33531136,-9.45997675],[29.33799843,-9.46104566],[29.33925746,-9.46229456],[29.33986048,-9.46420239],[29.34030649,-9.46594924],[29.3404005,-9.46709814],[29.34173753,-9.46767809],[29.34262955,-9.46720214],[29.34422059,-9.46734612],[29.3445046,-9.468702],[29.34325757,-9.46943794],[29.34257255,-9.4711278],[29.34341157,-9.47285965],[29.3446006,-9.47452951],[29.34524062,-9.47559441],[29.34661666,-9.47834118],[29.34651366,-9.47988305],[29.34598864,-9.48168389],[29.34500062,-9.48341574],[29.34369758,-9.48489961],[29.34201154,-9.48639849],[29.34159553,-9.48759438],[29.34232855,-9.4886033],[29.3444346,-9.4897242],[29.34642366,-9.4909171],[29.34835171,-9.49182202],[29.35063477,-9.49240597],[29.3521288,-9.49313691],[29.35235781,-9.49402283],[29.35230381,-9.4954847],[29.35237281,-9.49707057],[29.35320483,-9.49828246],[29.35349284,-9.49916039],[29.35318184,-9.49988832],[29.35223381,-9.50183616],[29.35422687,-9.50421195],[29.35288383,-9.50806062],[29.34962574,-9.51058841],[29.35082578,-9.52023858],[29.35462388,-9.52734996],[29.35849898,-9.52868385],[29.36435313,-9.52552112],[29.36827623,-9.52234939],[29.37275335,-9.52625905],[29.37658946,-9.53144461],[29.38495468,-9.53539327],[29.38682573,-9.54247866],[29.38807176,-9.54633533],[29.39451492,-9.54962205],[29.39712399,-9.54771921],[29.39976606,-9.54261064],[29.4010801,-9.54005186],[29.40566022,-9.53560524],[29.40957032,-9.53371441],[29.41215839,-9.5337434],[29.41601849,-9.53505529],[29.42180564,-9.53833701],[29.42568174,-9.53965789],[29.42892082,-9.53904994],[29.43282292,-9.53780005],[29.43606201,-9.5371921],[29.44056713,-9.53981088],[29.44407622,-9.54962003],[29.44553626,-9.55080793],[29.44818733,-9.55107891],[29.45283145,-9.55095492],[29.45958363,-9.55028097],[29.46567579,-9.55074093],[29.46594479,-9.55421163],[29.46023965,-9.5592702],[29.45924662,-9.56465374],[29.46124667,-9.57081121],[29.46285872,-9.57572179],[29.4619757,-9.58080835],[29.4582616,-9.58528297],[29.45727057,-9.59090648],[29.45861261,-9.59566707],[29.46331273,-9.59869381],[29.46722884,-9.59810186],[29.46870287,-9.59787989],[29.47684609,-9.59101647],[29.48344726,-9.59042152],[29.48993843,-9.59373723],[29.49429055,-9.5976529],[29.49777164,-9.60247148],[29.49974569,-9.60332441],[29.50149173,-9.60511026],[29.5039478,-9.6092329],[29.50472482,-9.61497141],[29.50853192,-9.61668626],[29.51454908,-9.61450244],[29.5192592,-9.60985385],[29.52184327,-9.60761503],[29.52650639,-9.61115473],[29.5266424,-9.61668125],[29.52529036,-9.62187381],[29.52485735,-9.6278193],[29.52706541,-9.6336268],[29.52970948,-9.63527466],[29.53175753,-9.63769845],[29.53212054,-9.64188809],[29.53169353,-9.64631471],[29.53325357,-9.6499424],[29.53764269,-9.65121229],[29.5418458,-9.65076932],[29.54360084,-9.64541678],[29.54881598,-9.6440679],[29.55588617,-9.64533279],[29.56231233,-9.64830953],[29.56645544,-9.65204421],[29.57074555,-9.65637384],[29.57451565,-9.65948757],[29.57917978,-9.66161039],[29.58278487,-9.65974355],[29.58489192,-9.65830267],[29.58748599,-9.65878663],[29.59099208,-9.65887762],[29.59222012,-9.6602685],[29.59413517,-9.66324125],[29.59693524,-9.66113642],[29.59855728,-9.65843565],[29.60008432,-9.65613085],[29.6030944,-9.65574788],[29.60640049,-9.65474897],[29.61145662,-9.65567489],[29.61383168,-9.6590496],[29.6144727,-9.66213334],[29.61734478,-9.66289227],[29.62051686,-9.66422115],[29.62204089,-9.66780085],[29.62421896,-9.66740088],[29.62498197,-9.66462812],[29.63005911,-9.66546305],[29.63221316,-9.6682528],[29.63596827,-9.66810981],[29.64095039,-9.66748387],[29.64182842,-9.66884675],[29.64314245,-9.6717205],[29.64624953,-9.67146253],[29.65001863,-9.67027963],[29.65143167,-9.66804482],[29.65439075,-9.66756986],[29.65669981,-9.66866376],[29.65927687,-9.67040661],[29.66373099,-9.67154851],[29.66670807,-9.6740713],[29.66955414,-9.67683406],[29.67078617,-9.67724902],[29.67065817,-9.67623111],[29.6717382,-9.67593214],[29.67393325,-9.67924085],[29.6753503,-9.68062473],[29.68009442,-9.68159065],[29.6833275,-9.68342749],[29.68466854,-9.68354948],[29.68669559,-9.68383345],[29.69022869,-9.68376746],[29.69379678,-9.6833145],[29.69645385,-9.68319551],[29.69992594,-9.6833185],[29.702213,-9.68506535],[29.70521908,-9.68772812],[29.70639911,-9.689141],[29.70809115,-9.68967895],[29.70946418,-9.68820208],[29.71194026,-9.68939097],[29.71298928,-9.69150579],[29.71402531,-9.69065786],[29.71575935,-9.68993192],[29.71821942,-9.68991093],[29.71843342,-9.68819708],[29.7213175,-9.68836206],[29.72357956,-9.68744313],[29.72384656,-9.68537231],[29.72714765,-9.68499735],[29.73192077,-9.68686419],[29.73321881,-9.688979],[29.73147176,-9.6913738],[29.73191878,-9.6947635],[29.73329581,-9.69744828],[29.73541487,-9.69753327],[29.73852595,-9.6994771],[29.73865695,-9.70093898],[29.73996399,-9.70334477],[29.74144203,-9.70429769],[29.74196704,-9.70463666],[29.74378209,-9.70472665],[29.7442921,-9.7028788],[29.74727518,-9.70287981],[29.74833721,-9.70375873],[29.75013825,-9.70676447],[29.75069127,-9.70723843],[29.75210831,-9.7063855],[29.75212531,-9.70503762],[29.75364335,-9.70567556],[29.75488138,-9.70464265],[29.75767445,-9.70482164],[29.76016552,-9.70396171],[29.76370761,-9.70354075],[29.76605167,-9.70227485],[29.7670867,-9.70040401],[29.77011377,-9.70071299],[29.77162881,-9.70231785],[29.77327486,-9.70307378],[29.7750659,-9.70248384],[29.77561492,-9.70432167],[29.77691995,-9.70476764],[29.77949502,-9.70622951],[29.78118307,-9.70559257],[29.78217609,-9.70393171],[29.78426315,-9.7063795],[29.78603919,-9.70495262],[29.78788124,-9.70350974],[29.7901933,-9.7040007],[29.79279537,-9.70236084],[29.79481342,-9.70098096],[29.79705448,-9.70082097],[29.7976585,-9.6993311],[29.80111859,-9.69883914],[29.80500269,-9.70032002],[29.80701074,-9.70339675],[29.80690574,-9.70609752],[29.81022083,-9.70696844],[29.81287589,-9.70943923],[29.81552496,-9.71006617],[29.81561097,-9.71297692],[29.81321791,-9.71627464],[29.8130189,-9.71888941],[29.81595498,-9.71933538],[29.81636299,-9.72059427],[29.81646399,-9.7226081],[29.81796303,-9.72353301],[29.81743702,-9.72540586],[29.81822204,-9.72707471],[29.81976008,-9.72920153],[29.81923707,-9.7306954],[29.81725002,-9.73352016],[29.81951907,-9.735318],[29.82101912,-9.73778679],[29.82060111,-9.74155647],[29.82225515,-9.74430123],[29.82599925,-9.7446792],[29.82741028,-9.74631506],[29.82664327,-9.74783293],[29.82883932,-9.7493338],[29.82945934,-9.7505137],[29.82973134,-9.75103266],[29.82983635,-9.7516756],[29.83032536,-9.75300449],[29.83330444,-9.75353144],[29.83533549,-9.75474833],[29.83713454,-9.75536928],[29.83830757,-9.75589724],[29.84051663,-9.75804005],[29.84198067,-9.75935294],[29.84158066,-9.76280664],[29.84256268,-9.76501845],[29.84469374,-9.76766622],[29.84658779,-9.76919109],[29.84924486,-9.7679162],[29.85310096,-9.76759722],[29.85614704,-9.77011901],[29.8586501,-9.77064596],[29.86071216,-9.77076396],[29.86292622,-9.77100293],[29.86418326,-9.77263779],[29.86548929,-9.77494259],[29.86882938,-9.77858428],[29.87128844,-9.78175801],[29.87227847,-9.78318688],[29.8659933,-9.78410181],[29.86341824,-9.78564868],[29.86249321,-9.78876641],[29.85998715,-9.79014029],[29.85889612,-9.79207113],[29.86063516,-9.79551983],[29.86276822,-9.7981946],[29.86538629,-9.80117934],[29.86782835,-9.80357414],[29.86785136,-9.80604793],[29.87121044,-9.80908766],[29.87258148,-9.80964861],[29.87645758,-9.80885668],[29.87914465,-9.81183042],[29.88130971,-9.81400224],[29.88246974,-9.81696499],[29.88665385,-9.81545711],[29.89041395,-9.8144012],[29.89390804,-9.81385325],[29.89588409,-9.81532712],[29.89882117,-9.81417822],[29.90228926,-9.8155031],[29.90519434,-9.8178499],[29.9079144,-9.81726795],[29.91027347,-9.81907079],[29.9114695,-9.8224855],[29.91480359,-9.8247973],[29.91775467,-9.82691912],[29.92061374,-9.82928392],[29.92350282,-9.8305828],[29.92353182,-9.83448547],[29.92444785,-9.8376872],[29.92363082,-9.8410839],[29.92321682,-9.8445656],[29.92324382,-9.84789632],[29.92547587,-9.84997514],[29.92681691,-9.85192897],[29.92961698,-9.85396779],[29.93116703,-9.8563046],[29.92988199,-9.8586494],[29.93182504,-9.8609032],[29.93105102,-9.86402993],[29.93251406,-9.86726566],[29.93323508,-9.87063337],[29.93360109,-9.87244221],[29.93450911,-9.87330914],[29.93436811,-9.87546295],[29.93414311,-9.87705182],[29.93415011,-9.87871067],[29.93303308,-9.8807325],[29.9337611,-9.88252935],[29.93352309,-9.88360126],[29.93235206,-9.88586606],[29.93178105,-9.8878199],[29.92928698,-9.88924177],[29.92656492,-9.89200453],[29.92494187,-9.89682113],[29.92434486,-9.9006088],[29.92284682,-9.90259863],[29.92446886,-9.90495243],[29.9257479,-9.9064533],[29.92379484,-9.91005599],[29.92355684,-9.91383667],[29.92465887,-9.9169594],[29.92480987,-9.91948818],[29.92451987,-9.92199596],[29.92379685,-9.92365082],[29.92309683,-9.9250887],[29.92271582,-9.92694754],[29.92307383,-9.92924234],[29.92440587,-9.93274104],[29.92364485,-9.93562279],[29.9218918,-9.93746664],[29.92005075,-9.94004142],[29.91838971,-9.94417906],[29.9141916,-9.94972659],[29.91182854,-9.95340827],[29.91071251,-9.95995271],[29.91200355,-9.96283646],[29.91082252,-9.97127574],[29.91203455,-9.97344155],[29.91073752,-9.97586135],[29.90964249,-9.97744921],[29.91034451,-9.98050495],[29.9100405,-9.98382667],[29.91316758,-9.98722337],[29.91548065,-9.99049409],[29.91507664,-9.99528268],[29.91688869,-9.99939833],[29.91862573,-10.00178212],[29.91877874,-10.00177413],[29.91867973,-10.00261106],[29.91929775,-10.00351097],[29.91999177,-10.00455789],[29.92000877,-10.00597477],[29.91970576,-10.00719766],[29.91962976,-10.00859654],[29.92046679,-10.01008541],[29.92160381,-10.01100733],[29.92248684,-10.01194825],[29.92274384,-10.01293417],[29.92365987,-10.01454103],[29.92419188,-10.01557394],[29.92415988,-10.01705581],[29.92447789,-10.01850069],[29.92470089,-10.0195056],[29.92516891,-10.02092648],[29.92576592,-10.02281232],[29.92603593,-10.0242202],[29.92671395,-10.02556308],[29.92711796,-10.02728494],[29.92764797,-10.02847983],[29.92765797,-10.03016769],[29.92856,-10.03131559],[29.92909401,-10.03286446],[29.92926902,-10.03447032],[29.93008604,-10.03576921],[29.93009905,-10.03737007],[29.93054205,-10.03833999],[29.93097507,-10.03980386],[29.93155808,-10.04118174],[29.93248711,-10.04209367],[29.93337413,-10.0429076],[29.93376114,-10.04368753],[29.93419615,-10.04501641],[29.93463917,-10.04651929],[29.93420215,-10.04805315],[29.93349414,-10.04931005],[29.93254611,-10.05089691],[29.93259011,-10.05210981],[29.93301212,-10.05342869],[29.93381314,-10.0533577],[29.93298112,-10.05437661],[29.93122608,-10.05532053],[29.93064806,-10.05641344],[29.92974604,-10.05800331],[29.92884602,-10.05956617],[29.928236,-10.06046609],[29.92681296,-10.06218295],[29.92570294,-10.06327485],[29.92398589,-10.06513869],[29.92265686,-10.06674955],[29.92149482,-10.0685554],[29.92067081,-10.07034424],[29.90719146,-10.11052981],[29.90691046,-10.11125575],[29.90763747,-10.11240965],[29.90795248,-10.11453646],[29.90800049,-10.11611433],[29.90787648,-10.1176752],[29.90744147,-10.11959403],[29.90708846,-10.12149787],[29.90625244,-10.12333171],[29.90523642,-10.12547153],[29.9045364,-10.12684541],[29.90348537,-10.12833428],[29.90339537,-10.1293512],[29.90358637,-10.13072508],[29.90341237,-10.13233094],[29.90322437,-10.13416179],[29.90348337,-10.13560866],[29.90352537,-10.1374955],[29.90376338,-10.13880939],[29.90424039,-10.14037625],[29.90436239,-10.14226409],[29.90394138,-10.14358798],[29.90311937,-10.14470588],[29.90237734,-10.14585379],[29.90188133,-10.14632775],[29.90091031,-10.1468877],[29.90019729,-10.14725266],[29.89943427,-10.14773163],[29.89861925,-10.14905151],[29.89826624,-10.14986944],[29.89785423,-10.15134832],[29.89762422,-10.15294218],[29.89727821,-10.15395009],[29.89726921,-10.15491501],[29.8968852,-10.15610391],[29.8966472,-10.15705083],[29.8966372,-10.15799775],[29.89606519,-10.15935663],[29.89587318,-10.16080851],[29.89596018,-10.16219139],[29.89586318,-10.16291932],[29.89539817,-10.16358327],[29.89458115,-10.16445319],[29.89338212,-10.16597606],[29.8930021,-10.16693698],[29.89224909,-10.16758993],[29.89149706,-10.16867583],[29.89095005,-10.16994173],[29.89033004,-10.17080165],[29.88960702,-10.17215153],[29.888854,-10.17388739],[29.88821298,-10.17515228],[29.88756596,-10.17624919],[29.88657794,-10.17862998],[29.88594692,-10.17896995],[29.88464189,-10.17931792],[29.88367687,-10.18013985],[29.88295184,-10.18047582],[29.88225983,-10.18154373],[29.8813788,-10.18272463],[29.88061379,-10.18332158],[29.87976476,-10.18408152],[29.87902674,-10.18391353],[29.87808672,-10.18452848],[29.8770757,-10.1854184],[29.87630867,-10.18606135],[29.87497164,-10.18636432],[29.87378861,-10.18709626],[29.87306259,-10.18747523],[29.87142355,-10.1878412],[29.87047952,-10.18874312],[29.87008051,-10.18948906],[29.86889848,-10.190152],[29.86803246,-10.19064296],[29.86764145,-10.19111791],[29.86679443,-10.19173886],[29.8656714,-10.19181886],[29.86457437,-10.19275878],[29.86344934,-10.19445363],[29.86257531,-10.19538156],[29.86172629,-10.19667644],[29.86110827,-10.19695942],[29.86005725,-10.19733539],[29.85904122,-10.19726439],[29.8582742,-10.19741738],[29.85750318,-10.19724939],[29.85647016,-10.19785134],[29.85574714,-10.19767236],[29.85517112,-10.19756137],[29.85470011,-10.19738238],[29.85386409,-10.19749437],[29.85372709,-10.19857428],[29.85278306,-10.19937721],[29.85178504,-10.1995392],[29.850463,-10.20025114],[29.84961498,-10.20096308],[29.84843995,-10.20128705],[29.84778493,-10.20215497],[29.84834794,-10.20284892],[29.84869695,-10.20334587],[29.84838194,-10.20402882],[29.84712191,-10.20455177],[29.8464329,-10.20477975],[29.84564188,-10.20604264],[29.84625989,-10.20689957],[29.84622089,-10.2077035],[29.84592989,-10.20829345],[29.84592388,-10.20864842],[29.84591588,-10.20900039],[29.84564188,-10.20944635],[29.84555188,-10.21042327],[29.84561088,-10.21084524],[29.84492986,-10.21139218],[29.84459985,-10.21167716],[29.84387683,-10.21189414],[29.84343882,-10.21291906],[29.84330682,-10.21368499],[29.84334082,-10.21431094],[29.84284181,-10.21491089],[29.84245979,-10.21438093],[29.84174678,-10.2147709],[29.84120876,-10.21501887],[29.84066875,-10.2147699],[29.84020574,-10.21543284],[29.83927871,-10.21604079],[29.8386297,-10.21717869],[29.83826968,-10.21780964],[29.83825069,-10.21866456],[29.83798368,-10.21925052],[29.83802568,-10.22006144],[29.83796268,-10.22074739],[29.83796968,-10.22159832],[29.83752367,-10.22241324],[29.83682565,-10.22370613],[29.83740767,-10.2240821],[29.83774068,-10.22478004],[29.83769567,-10.22517901],[29.83758667,-10.22550098],[29.83690565,-10.22543299],[29.83617663,-10.22537099],[29.8350956,-10.22562097],[29.83408658,-10.22518701],[29.83282555,-10.22460806],[29.8312135,-10.22421309],[29.83046648,-10.22402511],[29.83009847,-10.22385912],[29.82957146,-10.22362615],[29.82852643,-10.22386912],[29.8271434,-10.2240931],[29.82634438,-10.22360415],[29.82514434,-10.2229352],[29.82410732,-10.22271622],[29.8234353,-10.22274722],[29.82208726,-10.22244525],[29.82118824,-10.2217693],[29.82132624,-10.22011845],[29.82153025,-10.21925952],[29.82156825,-10.21851958],[29.82147125,-10.21762766],[29.82195926,-10.21643176],[29.82148625,-10.21585881],[29.82097923,-10.21509488],[29.82062822,-10.21425895],[29.81936119,-10.21338202],[29.81884418,-10.21271608],[29.81799016,-10.21206914],[29.81645611,-10.21237911],[29.81500307,-10.21264509],[29.81342403,-10.21289706],[29.81132898,-10.21240811],[29.81028195,-10.21211713],[29.80876391,-10.21172317],[29.80732187,-10.21090624],[29.80570283,-10.21036628],[29.80411979,-10.20917139],[29.80324977,-10.20760052],[29.80268075,-10.20657461],[29.80138972,-10.20575668],[29.80011168,-10.20492475],[29.79940966,-10.20422281],[29.79884765,-10.20345688],[29.79790462,-10.2031519],[29.7969076,-10.20328389],[29.79577257,-10.20328389],[29.79464554,-10.20295492],[29.7931955,-10.20256395],[29.79187347,-10.20214499],[29.79101145,-10.20193801],[29.78963841,-10.20228298],[29.78813537,-10.20220699],[29.78737035,-10.20171203],[29.78689534,-10.20122007],[29.78571331,-10.20131406],[29.78446527,-10.20122307],[29.78320424,-10.20119008],[29.7815532,-10.20159804],[29.78034317,-10.20188402],[29.77929614,-10.20219299],[29.77807011,-10.202144],[29.77632706,-10.20253096],[29.75019738,-10.21094625],[29.73353594,-10.2162428],[29.64545264,-10.24389745],[29.64509964,-10.24638524],[29.64527864,-10.25029491],[29.64558765,-10.25147881],[29.64563365,-10.25219274],[29.64574766,-10.25338664],[29.64594266,-10.25484851],[29.64623067,-10.25584443],[29.64684268,-10.25727031],[29.6472357,-10.25840921],[29.64702569,-10.25913015],[29.64647867,-10.26051403],[29.64550165,-10.26189391],[29.64455063,-10.26300282],[29.64384061,-10.26401573],[29.64339959,-10.26484366],[29.6433276,-10.26579058],[29.64287358,-10.26711347],[29.64189656,-10.26879932],[29.64129454,-10.26971124],[29.64092053,-10.27067616],[29.64030452,-10.27159908],[29.6396295,-10.27297096],[29.63916549,-10.27411487],[29.63889648,-10.27533676],[29.63832646,-10.27646167],[29.63781545,-10.27695263],[29.63691143,-10.27771756],[29.63672443,-10.27789854],[29.6357494,-10.27874547],[29.63509938,-10.27970239],[29.63401935,-10.28084629],[29.63291733,-10.28141524],[29.6321163,-10.28176721],[29.63160429,-10.28235616],[29.63092027,-10.28298911],[29.63005025,-10.28327808],[29.62893622,-10.28394603],[29.6279612,-10.28436699],[29.62698917,-10.28440399],[29.62611915,-10.28479895],[29.62521513,-10.28472796],[29.6240671,-10.28445199],[29.62250106,-10.28448399],[29.62101702,-10.28475696],[29.62018299,-10.28454998],[29.61880396,-10.28419001],[29.61768092,-10.28428],[29.61628789,-10.28419301],[29.61516486,-10.28420601],[29.61451584,-10.28398303],[29.61393683,-10.28325509],[29.6128488,-10.28234917],[29.61127376,-10.28175522],[29.61042674,-10.2820812],[29.60977672,-10.28257915],[29.6091147,-10.28294512],[29.60799067,-10.28323709],[29.60695965,-10.28338008],[29.6052656,-10.28347307],[29.60436158,-10.28345408],[29.60329355,-10.28370506],[29.60229752,-10.28401003],[29.6014845,-10.284345],[29.60014047,-10.28454699],[29.59913144,-10.28457198],[29.59786841,-10.28463798],[29.59546935,-10.28455198],[29.59388031,-10.28452699],[29.59253527,-10.28446799],[29.59141224,-10.28421002],[29.59022921,-10.28372805],[29.58918818,-10.28337609],[29.58849216,-10.28335109],[29.58713413,-10.28386905],[29.58560408,-10.28451799],[29.58476806,-10.28461098],[29.58406105,-10.28508894],[29.58329403,-10.28564889],[29.58243601,-10.28600086],[29.58167099,-10.28641983],[29.58106597,-10.28696078],[29.58063696,-10.28745374],[29.57998694,-10.28772572],[29.57863091,-10.28782871],[29.57713287,-10.28890761],[29.57621784,-10.28961156],[29.57522981,-10.2903025],[29.57429079,-10.29098944],[29.57316576,-10.29107743],[29.57188973,-10.2914134],[29.57112271,-10.29215434],[29.57017269,-10.29248931],[29.56916366,-10.29309226],[29.56829263,-10.29385719],[29.5670606,-10.29466512],[29.56618058,-10.29456813],[29.56425853,-10.29440315],[29.56277449,-10.29461313],[29.56164846,-10.2949331],[29.56025643,-10.29566704],[29.55893439,-10.296133],[29.55823837,-10.29666796],[29.55694934,-10.29748189],[29.55644933,-10.29811083],[29.5556733,-10.29877677],[29.55468728,-10.29902776],[29.55341125,-10.2996397],[29.55208721,-10.30015566],[29.55112419,-10.3008246],[29.55019516,-10.3019865],[29.54902413,-10.30255046],[29.54822311,-10.30306541],[29.54701708,-10.3031994],[29.54567105,-10.30293242],[29.54479102,-10.30281243],[29.54436201,-10.30337838],[29.54379399,-10.30330039],[29.54312198,-10.30351037],[29.54220496,-10.30390334],[29.54172994,-10.3044223],[29.54069591,-10.30466328],[29.5400479,-10.30485526],[29.53958389,-10.30532122],[29.53895687,-10.30592717],[29.53825885,-10.30694108],[29.53749383,-10.30753803],[29.53709682,-10.30827097],[29.53682982,-10.30892691],[29.5363528,-10.30944587],[29.53593379,-10.30980484],[29.53529778,-10.30997583],[29.53496077,-10.31063976],[29.53453175,-10.31128771],[29.53442476,-10.31209664],[29.53486476,-10.3126336],[29.53540878,-10.31338153],[29.53555778,-10.31386849],[29.53515177,-10.31458543],[29.53445476,-10.31465042],[29.53380674,-10.3150074],[29.53303972,-10.31534236],[29.5324367,-10.31555835],[29.53154468,-10.31563234],[29.53080266,-10.31619029],[29.53032565,-10.31639628],[29.52959463,-10.31664025],[29.52884161,-10.31739919],[29.52793758,-10.31741719],[29.52706756,-10.3172242],[29.52632554,-10.31701122],[29.52574553,-10.31680724],[29.52455149,-10.3173062],[29.52350847,-10.31789215],[29.52275345,-10.3184261],[29.52224244,-10.31925103],[29.52183543,-10.31933702],[29.52121941,-10.32019595],[29.52054639,-10.32057492],[29.51973537,-10.32117987],[29.51953736,-10.32191081],[29.51948936,-10.32270274],[29.51912935,-10.32343867],[29.51854734,-10.32415662],[29.51775932,-10.32454558],[29.5169933,-10.32414862],[29.51618228,-10.32454658],[29.51564827,-10.32553949],[29.51440623,-10.32633143],[29.51348921,-10.32681638],[29.51249118,-10.32763531],[29.51130715,-10.32824727],[29.51005612,-10.32848424],[29.50853508,-10.32863023],[29.50738905,-10.32839525],[29.50610401,-10.32812828],[29.50502399,-10.32815027],[29.50427096,-10.32805228],[29.50394596,-10.32849325],[29.50363195,-10.32992212],[29.50343094,-10.33111402],[29.50322194,-10.33182196],[29.50274693,-10.33218693],[29.50225991,-10.33212093],[29.5017609,-10.33232892],[29.50116888,-10.33273088],[29.50067087,-10.3325609],[29.50015986,-10.33220493],[29.49984685,-10.33409777],[29.49827381,-10.33501969],[29.4977488,-10.33361281],[29.49660877,-10.3336568],[29.49515673,-10.33529267],[29.49347069,-10.33740349],[29.49178464,-10.33922433],[29.49055061,-10.34129716],[29.48978559,-10.34284102],[29.48806554,-10.34806358],[29.48574549,-10.35425005],[29.48270341,-10.35570492],[29.48089936,-10.35618888],[29.47936032,-10.3571548],[29.47687825,-10.35796973],[29.47549722,-10.36112846],[29.47387218,-10.36450417],[29.47255614,-10.36662199],[29.46979407,-10.36785488],[29.46610698,-10.36847983],[29.46390092,-10.36834984],[29.46267189,-10.36952474],[29.45814777,-10.37023569],[29.46053783,-10.37257848],[29.4630879,-10.37512427],[29.46196787,-10.37740707],[29.46407192,-10.37915392],[29.46566297,-10.38098476],[29.46732601,-10.38228465],[29.46843604,-10.38494842],[29.46861405,-10.38791017],[29.466689,-10.39087592],[29.46621998,-10.39313572],[29.46454694,-10.39489758],[29.46217588,-10.39660143],[29.46343492,-10.39951518],[29.46425893,-10.40145201],[29.46271389,-10.40310487],[29.46190688,-10.40545167],[29.45881579,-10.40708953],[29.45704374,-10.40824244],[29.45687974,-10.40999829],[29.45556871,-10.41166214],[29.4549377,-10.41373297],[29.45475869,-10.41635474],[29.45357566,-10.41938248],[29.45386967,-10.42246622],[29.45262364,-10.42428106],[29.45260063,-10.42598792],[29.45186862,-10.42953462],[29.44961756,-10.43266935],[29.44782851,-10.43410023],[29.44380041,-10.43553811],[29.44134934,-10.43715097],[29.43712023,-10.4403277],[29.43280812,-10.44235252],[29.42933503,-10.44410937],[29.42917402,-10.44707912],[29.42930803,-10.44980489],[29.428009,-10.45278663],[29.42533293,-10.45511244],[29.4242649,-10.45682429],[29.42312987,-10.45965105],[29.4204478,-10.46102893],[29.4205258,-10.46315075],[29.42088881,-10.46643247],[29.42313387,-10.46771236],[29.42505093,-10.46933922],[29.42715298,-10.47100608],[29.42759099,-10.47334787],[29.427998,-10.47526571],[29.42935204,-10.47595565],[29.43001205,-10.47804047],[29.43023106,-10.47870842],[29.43047907,-10.47946235],[29.43203711,-10.48089423],[29.43258112,-10.48305705],[29.43572821,-10.48503287],[29.43888129,-10.48604479],[29.44163936,-10.48549784],[29.44407543,-10.48596779],[29.44593447,-10.48593179],[29.44823154,-10.48645675],[29.44942357,-10.48903253],[29.45121662,-10.49017043],[29.45261265,-10.49163731],[29.45309366,-10.49435007],[29.45230565,-10.4975808],[29.45420669,-10.49804676],[29.45533772,-10.49929365],[29.45722277,-10.49898968],[29.45839181,-10.50126748],[29.45994684,-10.50168245],[29.46330893,-10.50097351],[29.46441896,-10.50393625],[29.46324793,-10.50436521],[29.46170689,-10.50486317],[29.46058586,-10.50558111],[29.45921982,-10.50605307],[29.4580218,-10.50613906],[29.45683376,-10.50593709],[29.45558573,-10.50618406],[29.45459471,-10.50595708],[29.45359268,-10.50565411],[29.45216264,-10.50532213],[29.4506856,-10.50550612],[29.44996359,-10.50612807],[29.44877455,-10.50635005],[29.44828654,-10.50734596],[29.44711151,-10.50805691],[29.4466405,-10.50829288],[29.44580848,-10.50913181],[29.44482445,-10.50905982],[29.44443744,-10.50783492],[29.44350642,-10.50744496],[29.44244638,-10.50764994],[29.44106935,-10.50845587],[29.44000632,-10.50881584],[29.43836428,-10.50910481],[29.43751126,-10.50986175],[29.43645724,-10.51085867],[29.4353502,-10.51150461],[29.43441418,-10.51187358],[29.43369116,-10.51253352],[29.43305014,-10.51309648],[29.43175511,-10.51341345],[29.4312671,-10.5139784],[29.43123209,-10.51489632],[29.43092309,-10.51570725],[29.43051508,-10.51629021],[29.43036308,-10.51688315],[29.42994706,-10.51775408],[29.42923704,-10.51831203],[29.42880403,-10.51900498],[29.42826502,-10.51973591],[29.42796301,-10.52066183],[29.427412,-10.52145976],[29.42694098,-10.5222297],[29.42653297,-10.5233286],[29.42598896,-10.52419653],[29.42557695,-10.52492147],[29.42494993,-10.52590738],[29.42447292,-10.52699629],[29.42448592,-10.52833818],[29.42406791,-10.5293201],[29.4236659,-10.53062098],[29.4237559,-10.53121793],[29.42329589,-10.53204286],[29.42299289,-10.53362773],[29.42230987,-10.53597553],[29.42165385,-10.53770038],[29.42059882,-10.53961921],[29.42012981,-10.54082611],[29.41924679,-10.54229299],[29.41824276,-10.54400584],[29.41729174,-10.54501475],[29.41623871,-10.54640363],[29.41500968,-10.54778652],[29.41332163,-10.55048329],[29.41269462,-10.55200916],[29.4119506,-10.55352902],[29.41079657,-10.55518289],[29.41026656,-10.55700173],[29.40930153,-10.55811863],[29.40845651,-10.55948752],[29.4080235,-10.56106438],[29.4080305,-10.56178432],[29.40746048,-10.56422511],[29.40643646,-10.56735085],[29.40633746,-10.56954466],[29.40600345,-10.57234542],[29.40623046,-10.57783695],[29.40668247,-10.57930183],[29.40725448,-10.58110567],[29.4079665,-10.58235957],[29.40857252,-10.58365646],[29.40893853,-10.58484035],[29.40934554,-10.58574727],[29.40981055,-10.58673019],[29.40994756,-10.58727015],[29.40953054,-10.58915398],[29.40881253,-10.59060486],[29.40811851,-10.59198074],[29.40723749,-10.59537845],[29.39703322,-10.62002335],[29.39588419,-10.62000035],[29.39411615,-10.61977237],[29.3925751,-10.61972138],[29.39111207,-10.61977437],[29.38956202,-10.62012034],[29.38819799,-10.62040932],[29.38712196,-10.62032633],[29.38577693,-10.61983237],[29.38443789,-10.61908644],[29.38349587,-10.61824551],[29.38147081,-10.61664264],[29.37959576,-10.61549074],[29.37838774,-10.61454782],[29.3769617,-10.6136379],[29.37480764,-10.61202704],[29.37367661,-10.61078714],[29.37253658,-10.60955625],[29.37163356,-10.60796638],[29.37090754,-10.60637652],[29.37009851,-10.60481765],[29.36871348,-10.60306881],[29.36733244,-10.60162693],[29.36459337,-10.600799],[29.36146529,-10.60062802],[29.35795419,-10.60056902],[29.3544521,-10.60056602],[29.35174904,-10.60056902],[29.34967397,-10.60059002],[29.34719091,-10.60062702],[29.34514786,-10.60071801],[29.34374983,-10.60049703],[29.34116176,-10.60053902],[29.34003372,-10.60066902],[29.33972471,-10.60097299],[29.33971972,-10.60171293],[29.34010673,-10.60251186],[29.34021573,-10.60333179],[29.33993072,-10.60404373],[29.3391437,-10.60540361],[29.33811168,-10.60642253],[29.33688864,-10.60711847],[29.33601362,-10.60778741],[29.3352716,-10.60923129],[29.33430658,-10.61070916],[29.33354856,-10.61096914],[29.33363456,-10.61172808],[29.33394357,-10.61285298],[29.33324355,-10.61405088],[29.33218152,-10.61481481],[29.3314435,-10.61563574],[29.33069948,-10.61668365],[29.33007147,-10.61719261],[29.32943445,-10.61810353],[29.32952846,-10.61859349],[29.32984246,-10.61944341],[29.32954145,-10.62045033],[29.32955645,-10.62126426],[29.32998246,-10.62236817],[29.32994346,-10.62347107],[29.32963846,-10.62463997],[29.32947646,-10.62601685],[29.32945345,-10.62697577],[29.33014647,-10.62858063],[29.32928045,-10.62985753],[29.32870943,-10.63045548],[29.32831542,-10.63190635],[29.32790841,-10.63295726],[29.3275444,-10.63359121],[29.3273154,-10.63443914],[29.32690939,-10.63587601],[29.32645338,-10.63705491],[29.32597036,-10.63826681],[29.32538935,-10.63987567],[29.32456133,-10.64148053],[29.32426932,-10.64255144],[29.32417832,-10.64391233],[29.32395131,-10.64509022],[29.32401532,-10.64637112],[29.3235693,-10.6465741],[29.32298929,-10.64756001],[29.32227627,-10.647768],[29.32146025,-10.64801298],[29.32098323,-10.64853993],[29.32157625,-10.6489169],[29.32051022,-10.64988582],[29.32030022,-10.65042377],[29.32023122,-10.65130069],[29.32078823,-10.65182165],[29.32118124,-10.65286456],[29.32008121,-10.65419345],[29.31910619,-10.65521236],[29.31798816,-10.65639726],[29.31718514,-10.65699221],[29.31616911,-10.65727819],[29.31531609,-10.65752317],[29.31462007,-10.65855208],[29.31377705,-10.65934301],[29.31298703,-10.65990496],[29.31264002,-10.66079389],[29.31224301,-10.66192679],[29.311816,-10.66227276],[29.31065397,-10.66336867],[29.31002295,-10.66353366],[29.30923193,-10.66455057],[29.30854692,-10.66514652],[29.30763289,-10.66557748],[29.30670387,-10.66610743],[29.30510582,-10.66816426],[29.30469381,-10.66869421],[29.30338678,-10.66996911],[29.30214974,-10.671272],[29.30099572,-10.67254888],[29.3002077,-10.67342081],[29.29910167,-10.67413175],[29.29795864,-10.67536965],[29.29712362,-10.67636156],[29.29609759,-10.6770915],[29.29543557,-10.67808541],[29.29492256,-10.67915332],[29.29434955,-10.68024723],[29.29385453,-10.68163911],[29.29336152,-10.68281601],[29.2927405,-10.68312398],[29.29137447,-10.682982],[29.29078345,-10.68247604],[29.28972642,-10.68203308],[29.28949542,-10.68156112],[29.2889424,-10.68189509],[29.28793537,-10.68226406],[29.28725236,-10.68226506],[29.28617333,-10.68226106],[29.28522331,-10.68222906],[29.28405728,-10.68292201],[29.28314825,-10.6841739],[29.28218822,-10.68545279],[29.2811452,-10.68640371],[29.27952016,-10.68694366],[29.27778411,-10.68679667],[29.27625407,-10.68727463],[29.27508104,-10.68777759],[29.27478003,-10.68873651],[29.27428802,-10.68946345],[29.273691,-10.68967943],[29.27279598,-10.68928346],[29.27228897,-10.6901074],[29.27168995,-10.69137029],[29.27062193,-10.69242219],[29.26998691,-10.69279316],[29.26887088,-10.69289915],[29.26776885,-10.69291116],[29.2660408,-10.69439703],[29.2657108,-10.69562293],[29.2656668,-10.69737877],[29.26500278,-10.69851968],[29.26367674,-10.70013454],[29.26280372,-10.70073049],[29.26210571,-10.70085548],[29.26167069,-10.69961659],[29.26082967,-10.69893864],[29.25905562,-10.6993866],[29.25833861,-10.70027753],[29.25797059,-10.70157441],[29.2580906,-10.7029183],[29.2580366,-10.70316128],[29.25774359,-10.70427019],[29.25704357,-10.70536209],[29.25563754,-10.70602004],[29.2543675,-10.70573306],[29.25348748,-10.70526311],[29.25272146,-10.70482314],[29.25204544,-10.70443517],[29.25095641,-10.70486514],[29.2504834,-10.70578806],[29.2503484,-10.70660799],[29.25005039,-10.70799387],[29.24955137,-10.70838484],[29.24693431,-10.7111866],[29.24459125,-10.7123465],[29.24213318,-10.71345341],[29.23988213,-10.71420434],[29.23821308,-10.71522826],[29.23741806,-10.71783604],[29.23545701,-10.71850898],[29.23339295,-10.71971987],[29.22934585,-10.72078678],[29.22617376,-10.72025283],[29.22500674,-10.72199068],[29.22454872,-10.72508042],[29.22256467,-10.72591035],[29.2199426,-10.72596834],[29.21936459,-10.72744422],[29.21850756,-10.7288111],[29.21668652,-10.72848213],[29.21492447,-10.73012399],[29.21351243,-10.73226281],[29.21160738,-10.7311299],[29.21008534,-10.73100292],[29.21010435,-10.73376368],[29.20663825,-10.73643646],[29.20261015,-10.73646645],[29.20013208,-10.73843929],[29.19984008,-10.73866926],[29.19832804,-10.74206397],[29.19814304,-10.74254893],[29.19600098,-10.74537369],[29.19447494,-10.74803347],[29.19356092,-10.75155017],[29.19259589,-10.75262807],[29.18960481,-10.75538784],[29.18940481,-10.75855157],[29.18818778,-10.76312918],[29.1888768,-10.7675418],[29.19114785,-10.77136848],[29.19456795,-10.77412524],[29.19810604,-10.77763994],[29.2004141,-10.78226355],[29.2005021,-10.78650418],[29.20051011,-10.79149076],[29.19743102,-10.79482047],[29.19529897,-10.79938609],[29.19375393,-10.80532058],[29.1925979,-10.81250396],[29.19222789,-10.81715657],[29.19263991,-10.82226613],[29.19439695,-10.82553585],[29.19432595,-10.82564285],[29.19452796,-10.82797565],[29.19554899,-10.83176832],[29.19887907,-10.83621794],[29.20132614,-10.83798979],[29.20183915,-10.84899585],[29.20175315,-10.85404442],[29.14365964,-10.89823866],[29.14152558,-10.89836365],[29.13897152,-10.89963955],[29.13641345,-10.90012351],[29.1344014,-10.89985253],[29.13057529,-10.89976854],[29.12739321,-10.9002425],[29.12539416,-10.90070646],[29.12349311,-10.90165538],[29.12172706,-10.90287028],[29.11905399,-10.90427016],[29.11725995,-10.90412817],[29.11603091,-10.90406118],[29.11406086,-10.90509109],[29.09933548,-10.90430816],[29.08429809,-10.9285231],[29.08429709,-10.9285241],[29.08392108,-10.92913405],[29.17758355,-10.96629786],[29.20119917,-10.97566005],[29.20520727,-10.97702794],[29.2064893,-10.97738591],[29.21804661,-10.98732806],[29.23467205,-11.00163584],[29.25120349,-11.0171965],[29.25290653,-11.01876937],[29.25482458,-11.0208132],[29.25610662,-11.02328399],[29.2592947,-11.02870053],[29.26055474,-11.03032239],[29.26097075,-11.03059636],[29.26251279,-11.03279118],[29.26593088,-11.03673984],[29.26853895,-11.03948861],[29.27226904,-11.04433319],[29.27588114,-11.04678698],[29.28083627,-11.04900379],[29.2856604,-11.0523835],[29.28853047,-11.05538725],[29.29019952,-11.05773505],[29.29190657,-11.06601134],[29.29275959,-11.06850313],[29.29581867,-11.06951604],[29.29875575,-11.0711679],[29.30312787,-11.07242079],[29.30764598,-11.07333271],[29.3122231,-11.07486858],[29.31554919,-11.07535154],[29.31925929,-11.07546853],[29.32272238,-11.0769734],[29.32555846,-11.07820829],[29.32884154,-11.07833828],[29.3347947,-11.08069308],[29.33838279,-11.07970816],[29.34225989,-11.07786832],[29.34551198,-11.07764734],[29.34840905,-11.07599548],[29.35094512,-11.07698239],[29.35311517,-11.0768284],[29.35536224,-11.07775733],[29.35868432,-11.08003513],[29.36099438,-11.08239893],[29.36237742,-11.0851497],[29.36382546,-11.08664857],[29.36652953,-11.08990129],[29.36761656,-11.09222509],[29.36884159,-11.09470288],[29.37191467,-11.09653472],[29.37497175,-11.09963146],[29.37985488,-11.10716182],[29.38661006,-11.1096976],[29.39039416,-11.10796475],[29.39229121,-11.10627289],[29.39709934,-11.10372311],[29.40257348,-11.1025882],[29.40620658,-11.10079935],[29.40986267,-11.0990385],[29.41362877,-11.0978746],[29.41684686,-11.09757063],[29.42257101,-11.10042638],[29.42536708,-11.10304915],[29.42667619,-11.10409405],[29.42667612,-11.10409307],[29.42807415,-11.10521197],[29.42648511,-11.09765861],[29.42723313,-11.09223208],[29.4264321,-11.08479671],[29.42452605,-11.07326869],[29.42208099,-11.06352352],[29.42372303,-11.0555842],[29.42423203,-11.04696193],[29.42161396,-11.03177023],[29.41868389,-11.02900346],[29.41808287,-11.02843551],[29.41294274,-11.02448485],[29.40913164,-11.02212005],[29.40432651,-11.01911231],[29.40134543,-11.01658653],[29.3967143,-11.01285285],[29.39341622,-11.00942914],[29.39185218,-11.00626841],[29.39025213,-11.00314567],[29.38923211,-11.00180679],[29.3890921,-11.0016608],[29.38817508,-11.00002794],[29.38843208,-10.99849707],[29.3889661,-10.99751815],[29.38880609,-10.99657123],[29.38937811,-10.99455341],[29.39005913,-10.99231459],[29.39113715,-10.98687706],[29.39243419,-10.98363833],[29.39427824,-10.97833378],[29.39646629,-10.97169135],[29.39783232,-10.96567286],[29.39596527,-10.95926241],[29.39371222,-10.9559217],[29.39188316,-10.95392387],[29.38699603,-10.94838934],[29.38161389,-10.94194589],[29.35927431,-10.91996077],[29.36021433,-10.90927168],[29.36263138,-10.87960621],[29.36663448,-10.88018616],[29.36890654,-10.87856029],[29.37216963,-10.87719241],[29.3748787,-10.87475962],[29.37681875,-10.87120192],[29.38067685,-10.86734125],[29.38132887,-10.86474747],[29.38290691,-10.8620887],[29.38513797,-10.858557],[29.38803804,-10.85699413],[29.39077111,-10.85470032],[29.39262916,-10.8526375],[29.3942122,-10.85239452],[29.39710728,-10.85167658],[29.39960034,-10.84948877],[29.40082838,-10.84788791],[29.40107238,-10.84737395],[29.40408046,-10.84647102],[29.40752755,-10.84710697],[29.41277669,-10.84583208],[29.41605178,-10.84447219],[29.41931286,-10.84347428],[29.42284195,-10.8420354],[29.42495301,-10.84044253],[29.42751308,-10.84031254],[29.42952913,-10.84178841],[29.43154918,-10.84141245],[29.43289221,-10.8396526],[29.43441226,-10.83760177],[29.4363883,-10.8361349],[29.4363573,-10.83367211],[29.43688432,-10.83173727],[29.43961939,-10.83062336],[29.44204745,-10.82872253],[29.44492353,-10.82711366],[29.44800961,-10.82497385],[29.45071468,-10.82405493],[29.45206471,-10.82269904],[29.45391576,-10.8220351],[29.45685484,-10.82110517],[29.45791286,-10.8196643],[29.45950191,-10.81908734],[29.46009892,-10.81826342],[29.46086994,-10.81741549],[29.46250598,-10.81643257],[29.463225,-10.81542066],[29.46485005,-10.81487171],[29.46436804,-10.81355481],[29.46505605,-10.8137368],[29.46508905,-10.8125189],[29.46740812,-10.81195595],[29.46991118,-10.81083805],[29.47125521,-10.81129001],[29.47369328,-10.81033409],[29.47495631,-10.8102941],[29.47667036,-10.80968214],[29.4783434,-10.81031409],[29.48085347,-10.81058707],[29.48253251,-10.81151599],[29.48401755,-10.81213693],[29.4859006,-10.81065106],[29.48667462,-10.80890921],[29.48733064,-10.80768231],[29.48923669,-10.80623143],[29.49058272,-10.80408962],[29.49076672,-10.80243376],[29.49154874,-10.79900105],[29.49107373,-10.79787715],[29.4935488,-10.79597431],[29.49576785,-10.79617329],[29.49846693,-10.79653526],[29.49941595,-10.79592531],[29.50017397,-10.79560034],[29.50052598,-10.79574833],[29.50084098,-10.79544335],[29.50187301,-10.79503039],[29.50268604,-10.79454543],[29.50314305,-10.79436144],[29.50423808,-10.79431945],[29.50498409,-10.79418346],[29.50565711,-10.7937105],[29.50624713,-10.79334753],[29.50766816,-10.79269859],[29.5087592,-10.79280057],[29.50992622,-10.79314755],[29.51265729,-10.79320354],[29.51402734,-10.79328153],[29.51526836,-10.79341553],[29.51779643,-10.79327253],[29.51985749,-10.79305855],[29.52141452,-10.79208464],[29.52294257,-10.79035878],[29.52375259,-10.78937786],[29.52557663,-10.78740403],[29.52721467,-10.78588816],[29.52853271,-10.78468226],[29.53050476,-10.78327138],[29.53152779,-10.78281343],[29.53313383,-10.78261544],[29.53447787,-10.78288942],[29.5359369,-10.78370934],[29.53796496,-10.78406832],[29.53999601,-10.78362835],[29.54113904,-10.78247645],[29.54224307,-10.78139954],[29.54268608,-10.78029164],[29.54296409,-10.77885076],[29.54302309,-10.77772385],[29.54421312,-10.77649396],[29.54618017,-10.77538805],[29.54890924,-10.77441614],[29.55268834,-10.77442213],[29.55623043,-10.77464212],[29.5588165,-10.77495808],[29.56101556,-10.77485509],[29.56318862,-10.77394317],[29.56506367,-10.77276127],[29.5663417,-10.77275727],[29.56774474,-10.77293825],[29.56885177,-10.77330222],[29.56910077,-10.77332722],[29.5701638,-10.77343421],[29.57080082,-10.77306925],[29.57267187,-10.77150138],[29.57460192,-10.77041247],[29.57525493,-10.76988951],[29.57649397,-10.76849464],[29.57656096,-10.76841164],[29.57956704,-10.76362805],[29.59008032,-10.75396787],[29.5968615,-10.74405271],[29.6048117,-10.73144779],[29.60846979,-10.72878901],[29.61151587,-10.7265772],[29.62888633,-10.72027674],[29.63061637,-10.71964579],[29.64466874,-10.71655805],[29.64599578,-10.71645506],[29.65943913,-10.71540714],[29.66816536,-10.71813691],[29.68290775,-10.72503632],[29.68996393,-10.72834103],[29.69811914,-10.73176974],[29.70756339,-10.73439751],[29.71502459,-10.73621735],[29.72186077,-10.73971106],[29.72629789,-10.74408068],[29.73259405,-10.74722641],[29.73701717,-10.74869628],[29.74413536,-10.75439479],[29.74792346,-10.76072825],[29.75148655,-10.76750667],[29.75258758,-10.76853159],[29.75488764,-10.7706674],[29.75890475,-10.77126935],[29.75797172,-10.77618893],[29.76306086,-10.77727984],[29.76885501,-10.77552599],[29.77267411,-10.77508502],[29.77396715,-10.78203343],[29.77643721,-10.78672603],[29.78184336,-10.79089667],[29.7874205,-10.79733012],[29.79548272,-10.80253167],[29.80752403,-10.80717628],[29.81336319,-10.81251982],[29.81309218,-10.81846631],[29.81290518,-10.82206401],[29.81328419,-10.82629464],[29.81815432,-10.82833747],[29.82187342,-10.82615565],[29.82298144,-10.8279275],[29.82394647,-10.82942637],[29.8250535,-10.83108323],[29.82591552,-10.83272409],[29.82614053,-10.83553585],[29.82658654,-10.83739069],[29.82814158,-10.83893956],[29.82958362,-10.83973349],[29.83090665,-10.84062942],[29.83206469,-10.84167233],[29.83331072,-10.84223328],[29.83453475,-10.84347617],[29.83531678,-10.84539801],[29.83521577,-10.84690188],[29.83612979,-10.8490057],[29.83742283,-10.85050257],[29.83857086,-10.85157648],[29.83973789,-10.85283437],[29.84045891,-10.85511718],[29.84135394,-10.85622708],[29.84208396,-10.85639707],[29.84302298,-10.85667804],[29.843721,-10.85726299],[29.84457002,-10.85811292],[29.84536904,-10.85906084],[29.84604406,-10.86085469],[29.84727009,-10.86158962],[29.84720409,-10.86322349],[29.84684908,-10.86480835],[29.84785811,-10.86598225],[29.84838812,-10.86812507],[29.84903114,-10.86917298],[29.85202422,-10.87213773],[29.85703835,-10.87549244],[29.86194048,-10.87880215],[29.86702562,-10.88340076],[29.8702547,-10.88569356],[29.87451581,-10.88744341],[29.87988895,-10.88864431],[29.88282103,-10.88889129],[29.88626712,-10.88918526],[29.89153926,-10.89031317],[29.8927623,-10.89273796],[29.89409133,-10.89621866],[29.89511736,-10.90053529],[29.89614739,-10.90476193],[29.89713541,-10.9086266],[29.90519465,-11.00177666],[29.90506865,-11.00634327],[29.90612368,-11.01154283],[29.90761672,-11.02136199],[29.90771572,-11.0248207],[29.90781173,-11.02820041],[29.90411063,-11.04286016],[29.89665845,-11.07236565],[29.87699595,-11.15017903],[29.86725871,-11.18869875],[29.80993726,-11.41506652],[29.80851423,-11.42891435],[29.81316436,-11.43834354],[29.81419838,-11.44044037],[29.99704513,-11.23951439],[29.99761215,-11.23889045],[30.00004921,-11.23699161],[30.04797447,-11.23494077],[30.11096812,-11.23222698],[30.16658459,-11.27773209],[30.18343104,-11.29150692],[30.27701552,-11.36802138],[30.3664229,-11.44106714],[30.38365835,-11.45202321],[30.46986663,-11.50677953],[30.44858409,-11.55256465],[30.44722206,-11.55507244],[30.44513,-11.56009301],[30.44019887,-11.56200985],[30.4374638,-11.56463463],[30.43981586,-11.5685293],[30.44199993,-11.57372186],[30.43857784,-11.57948337],[30.43500174,-11.58210415],[30.43062363,-11.58444295],[30.43245668,-11.58688874],[30.43295269,-11.58910355],[30.43348871,-11.59731786],[30.33422215,-11.74470339],[30.32474191,-11.75006894],[30.2475839,-11.80301848],[30.17268093,-11.82141695],[29.99858836,-11.86413438],[29.8022522,-11.90872767],[29.80082017,-11.9094776],[29.79876611,-11.91055651],[29.7982221,-11.91125245],[29.79655506,-11.91339028],[29.794384,-11.91597706],[29.79460801,-11.91844984],[29.7980771,-11.92184756],[29.80127418,-11.92100163],[29.80330524,-11.92144859],[29.80218221,-11.92413236],[29.80417726,-11.928473],[29.80491128,-11.93400553],[29.80103518,-11.94070196],[29.79756809,-11.94197386],[29.79445501,-11.94066297],[29.78953388,-11.93983904],[29.78916987,-11.94333774],[29.7901459,-11.94642648],[29.78801184,-11.94835432],[29.78533777,-11.94995718],[29.78451376,-11.95234898],[29.78380073,-11.95441181],[29.78433775,-11.95762253],[29.78451976,-11.95908641],[29.7860948,-11.96311807],[29.78649881,-11.96525289],[29.78538178,-11.9698885],[29.78494477,-11.97327221],[29.78269971,-11.97396815],[29.78444876,-11.97739686],[29.78271471,-11.97962767],[29.78827486,-11.98441827],[29.79439202,-11.98602913],[29.79782111,-11.98829494],[29.79553605,-11.99401545],[29.79260498,-11.99862806],[29.7896199,-12.00153382],[29.78844687,-12.00334367],[29.78864088,-12.00448857],[29.78931489,-12.00611943],[29.7894119,-12.00782829],[29.78907589,-12.00904619],[29.79051093,-12.00980412],[29.79166796,-12.01099902],[29.79234397,-12.01260388],[29.79347301,-12.01447672],[29.79387902,-12.01524166],[29.79414803,-12.01574462],[29.79523706,-12.0183474],[29.79547206,-12.01991126],[29.79557506,-12.02083418],[29.79453104,-12.02143914],[29.792971,-12.02046722],[29.79102595,-12.01839339],[29.79062893,-12.01933231],[29.79195097,-12.02142214],[29.79208397,-12.023102],[29.793028,-12.02526681],[29.79289099,-12.02733764],[29.79223098,-12.02882651],[29.79195797,-12.03051237],[29.79254599,-12.03223522],[29.79192197,-12.03388808],[29.79016892,-12.03423005],[29.79021493,-12.03448303],[29.79042693,-12.03564993],[29.79115295,-12.03757577],[29.79242599,-12.0396756],[29.79440004,-12.04146744],[29.79601308,-12.04302931],[29.79796314,-12.0443242],[29.79796313,-12.04623904],[29.79625709,-12.04782591],[29.79457104,-12.04947577],[29.79541407,-12.05050568],[29.79492806,-12.05292847],[29.79332402,-12.05508129],[29.79263,-12.05640018],[29.792717,-12.05675815],[29.79319201,-12.05869098],[29.79317501,-12.06050883],[29.79232099,-12.06267965],[29.79245399,-12.06418852],[29.79422004,-12.06414852],[29.79685411,-12.06407653],[29.79831015,-12.06469748],[29.79933618,-12.06595537],[29.79854115,-12.06740025],[29.79795114,-12.06939708],[29.79924617,-12.07137691],[29.79931918,-12.07290078],[29.79992919,-12.07466763],[29.80123623,-12.07451665],[29.80317228,-12.07456364],[29.80503333,-12.0750476],[29.80647537,-12.07532958],[29.8076774,-12.07515959],[29.80915744,-12.0738227],[29.81063548,-12.07373071],[29.81248353,-12.07458864],[29.81361856,-12.07575054],[29.81383057,-12.07681845],[29.81433557,-12.07837431],[29.8152306,-12.07951522],[29.81609062,-12.08026516],[29.81493459,-12.08168604],[29.81360156,-12.08344989],[29.81326555,-12.08519774],[29.81402657,-12.08746255],[29.8149866,-12.08814149],[29.81779367,-12.08719957],[29.8191867,-12.08629465],[29.82001973,-12.08673461],[29.82123676,-12.08781652],[29.8225128,-12.08863445],[29.8228158,-12.08986035],[29.8225228,-12.09088726],[29.82239479,-12.09133222],[29.82339782,-12.0927641],[29.82299781,-12.093866],[29.82152477,-12.09423798],[29.82020073,-12.09463294],[29.81917871,-12.09578184],[29.81848869,-12.09702274],[29.81946272,-12.09889458],[29.82057475,-12.10061744],[29.82152477,-12.10198632],[29.82219479,-12.10301023],[29.8223638,-12.10467309],[29.82289781,-12.10615997],[29.82367983,-12.10756585],[29.82429085,-12.10823979],[29.82325282,-12.10996365],[29.82273981,-12.11206847],[29.82282181,-12.11416529],[29.8225338,-12.1164341],[29.82200979,-12.11816095],[29.82124477,-12.11984281],[29.81943472,-12.12019978],[29.8186527,-12.12122169],[29.81773868,-12.12271357],[29.81643064,-12.12304154],[29.81541562,-12.1223196],[29.81353657,-12.12209662],[29.81259054,-12.12334552],[29.81205453,-12.12505837],[29.81252154,-12.12614328],[29.81364358,-12.1270202],[29.8145416,-12.12845408],[29.81556762,-12.12972498],[29.81619364,-12.13106787],[29.81720866,-12.13249474],[29.81726967,-12.13455057],[29.81692466,-12.13678138],[29.81631364,-12.13929317],[29.81582164,-12.14093903],[29.8146236,-12.14329083],[29.81392158,-12.14525366],[29.81357858,-12.14653156],[29.81343958,-12.14741448],[29.80824544,-12.15984044],[29.80704041,-12.15801359],[29.80188027,-12.15719166],[29.79424107,-12.16124532],[29.78421081,-12.16282619],[29.77460055,-12.16139131],[29.76221023,-12.16186228],[29.75596006,-12.16520099],[29.73887962,-12.17679002],[29.72324821,-12.19088884],[29.71003886,-12.19712332],[29.6846882,-12.2044977],[29.66722773,-12.20873735],[29.64571617,-12.20914232],[29.63352585,-12.2082194],[29.59631486,-12.19463856],[29.58809565,-12.19319268],[29.57525531,-12.19434359],[29.56850813,-12.19870322],[29.56462503,-12.20121301],[29.55933389,-12.20613959],[29.54008439,-12.21739965],[29.51336368,-12.22446006],[29.50595349,-12.22851072],[29.48933205,-12.24007975],[29.48775302,-12.24355946],[29.48497194,-12.24498434],[29.48040183,-12.25058386],[29.4677505,-12.27474683],[29.46431141,-12.29136043],[29.4597653,-12.30804802],[29.45971229,-12.30823901],[29.4557812,-12.32326774],[29.45623121,-12.33499175],[29.45941129,-12.34230113],[29.46541146,-12.35023547],[29.48116288,-12.37916802],[29.49575227,-12.39547664],[29.50001338,-12.39815242],[29.52765411,-12.39903634],[29.53429329,-12.40351596],[29.53673335,-12.40898049],[29.53749438,-12.42392424],[29.53574333,-12.43086165],[29.5268931,-12.44528244],[29.51612382,-12.45790138],[29.49951239,-12.47131525],[29.48946213,-12.4719602],[29.48293295,-12.47345508],[29.47496174,-12.47291013],[29.46311143,-12.46529977],[29.44513195,-12.4555016],[29.41326111,-12.44088284],[29.40401086,-12.43438139],[29.37819817,-12.41850474],[29.36920093,-12.415388],[29.36617886,-12.41434509],[29.35493856,-12.41385514],[29.33303798,-12.41998462],[29.31357847,-12.41825477],[29.30179715,-12.41432511],[29.29564699,-12.41051543],[29.29507698,-12.40477591],[29.29681702,-12.39738654],[29.295998,-12.39095208],[29.29048785,-12.38615148],[29.28434769,-12.38080294],[29.27550745,-12.37106376],[29.26698723,-12.36569421],[29.25718697,-12.36747907],[29.2432756,-12.37507742],[29.23299533,-12.37617334],[29.23110828,-12.37591836],[29.21352582,-12.37351357],[29.19103422,-12.3720537],[29.1749438,-12.37577738],[29.16893464,-12.37979305],[29.15571329,-12.38691345],[29.14640305,-12.38960723],[29.1294326,-12.39679462],[29.12028336,-12.39556173],[29.1142822,-12.38669248],[29.10739302,-12.38082298],[29.10340292,-12.38043301],[29.09761176,-12.38374374],[29.0876115,-12.38782239],[29.06636094,-12.39071715],[29.05887074,-12.39060216],[29.04686142,-12.38620754],[29.03617014,-12.37694832],[29.03036998,-12.36668419],[29.02764991,-12.35798992],[29.02448983,-12.35091552],[29.01492057,-12.33864655],[29.00817039,-12.32725951],[29.0048393,-12.32408978],[29.00406927,-12.31972815],[29.00240923,-12.30481441],[28.99886913,-12.28899274],[28.98451975,-12.27082228],[28.96304818,-12.2351503],[28.96189814,-12.23324045],[28.94705875,-12.21346213],[28.93490843,-12.20031324],[28.9114268,-12.18045092],[28.88251603,-12.15744187],[28.86835566,-12.15007249],[28.85555532,-12.13969337],[28.84696609,-12.12925626],[28.83802585,-12.11122078],[28.8325057,-12.10257152],[28.80471497,-12.0756338],[28.78605347,-12.06396278],[28.77845427,-12.05694338],[28.77410316,-12.04758117],[28.77130308,-12.03359736],[28.7645229,-12.01874361],[28.76411288,-12.00770455],[28.76416388,-11.9964405],[28.76331386,-11.99566947],[28.76331186,-11.99567056],[28.75865273,-11.99146092],[28.74879148,-11.98563141],[28.74110227,-11.98666833],[28.73136202,-11.99141993],[28.72109275,-11.99226786],[28.71453058,-11.99121795],[28.69995119,-11.98545844],[28.67588055,-11.97110266],[28.66548028,-11.96390127],[28.65583102,-11.95898168],[28.6400886,-11.95370313],[28.63344843,-11.94759465],[28.62914931,-11.94190213],[28.61827902,-11.9186061],[28.61470893,-11.91428648],[28.61093883,-11.91250462],[28.59900951,-11.91175669],[28.58431913,-11.91358654],[28.57658692,-11.91232664],[28.57018875,-11.90643514],[28.56405859,-11.90284745],[28.54580711,-11.90104861],[28.53688687,-11.89818885],[28.52202748,-11.88920561],[28.503917,-11.88096031],[28.50173594,-11.86027906],[28.49307571,-11.84339349],[28.4889756,-11.83493421],[28.48187641,-11.82859475],[28.47415521,-11.82779481],[28.45785378,-11.83124353],[28.44176436,-11.83331236],[28.43871328,-11.83221445],[28.43577219,-11.82282225],[28.43673322,-11.80877543],[28.44592545,-11.78333559],[28.44614046,-11.78114477],[28.44714349,-11.77089964],[28.44343439,-11.75714981],[28.43508416,-11.74485185],[28.42893501,-11.73965229],[28.41551465,-11.73201194],[28.41450262,-11.72742933],[28.41699469,-11.72164081],[28.42478389,-11.71682422],[28.42879399,-11.71434043],[28.43151407,-11.70833494],[28.43467315,-11.70137253],[28.43249409,-11.69611598],[28.42187381,-11.68844263],[28.4177747,-11.6793044],[28.41839471,-11.67446381],[28.43147506,-11.65909911],[28.43107505,-11.64737011],[28.4255449,-11.63664102],[28.4066734,-11.62310217],[28.39000195,-11.60056308],[28.38140273,-11.58688525],[28.38101272,-11.57631414],[28.38517282,-11.5578477],[28.38940393,-11.52765626],[28.39485307,-11.51746013],[28.39864217,-11.50544215],[28.39401404,-11.47629463],[28.39925118,-11.46747537],[28.41241452,-11.45808317],[28.4192547,-11.44763706],[28.41952371,-11.43429819],[28.42751391,-11.4224462],[28.42926396,-11.41459986],[28.42609488,-11.40544764],[28.42453283,-11.39465856],[28.42675489,-11.38656824],[28.43043298,-11.3835325],[28.4385842,-11.38271857],[28.44858446,-11.38096971],[28.45715468,-11.37693205],[28.45849572,-11.37277341],[28.4540956,-11.35903058],[28.45672567,-11.34795152],[28.44907447,-11.3351856],[28.44825445,-11.32691431],[28.45570364,-11.29529699],[28.46265482,-11.29198027],[28.46980501,-11.28703969],[28.47295409,-11.27940034],[28.47418612,-11.2681093],[28.47942425,-11.26021897],[28.48690645,-11.24584419],[28.48631544,-11.23757489],[28.48211132,-11.22353409],[28.48165531,-11.22200622],[28.48493339,-11.20792741],[28.49268459,-11.19607642],[28.4966967,-11.18382846],[28.49775572,-11.16149737],[28.49621668,-11.15208916],[28.49186556,-11.1411131],[28.48542639,-11.13154391],[28.47869421,-11.11784209],[28.47597414,-11.107073],[28.48097527,-11.09848573],[28.49152555,-11.08775764],[28.49307559,-11.08243509],[28.49265657,-11.07002915],[28.49523564,-11.05526941],[28.50092479,-11.04667114],[28.50769696,-11.03253934],[28.51029703,-11.01939346],[28.51033603,-11.00628357],[28.50752595,-10.99022594],[28.50825497,-10.9766361],[28.51276608,-10.96668495],[28.51619617,-10.9624983],[28.53303561,-10.95235617],[28.53780574,-10.94469782],[28.5404458,-10.9343007],[28.54121782,-10.92189776],[28.54456691,-10.86823133],[28.54713797,-10.85370757],[28.55358713,-10.83405625],[28.56086732,-10.82267522],[28.57670873,-10.80863641],[28.58229888,-10.79407265],[28.5983283,-10.7770391],[28.60355844,-10.76937475],[28.60360044,-10.76927576],[28.60760854,-10.76011554],[28.60634951,-10.73896735],[28.6101296,-10.72740733],[28.61838882,-10.72015895],[28.63044013,-10.71698922],[28.64208044,-10.71726419],[28.65445976,-10.72076389],[28.66213096,-10.7206489],[28.66512004,-10.7182941],[28.66759011,-10.71251959],[28.66780011,-10.69618099],[28.67303024,-10.68827666],[28.67743036,-10.68728875],[28.68874165,-10.68183221],[28.69088171,-10.67887046],[28.69261176,-10.67648167],[28.69684187,-10.66423371],[28.69333077,-10.64818008],[28.68715061,-10.63930584],[28.67682034,-10.63302638],[28.6678511,-10.62487607],[28.66593105,-10.62076243],[28.66392,-10.61159821],[28.66508002,-10.59617953],[28.67303022,-10.56913584],[28.67129018,-10.56227242],[28.66438,-10.55155834],[28.64741355,-10.53988034],[28.64346944,-10.53716457],[28.63661826,-10.53036515],[28.6341402,-10.52005604],[28.6340502,-10.51453651],[28.63697427,-10.50202958],[28.63950033,-10.4912225],[28.6381763,-10.48699186],[28.63712327,-10.48362414],[28.63657025,-10.4818493],[28.63620925,-10.47379999],[28.64307042,-10.4513899],[28.64287041,-10.43897296],[28.64041535,-10.43077766],[28.63773028,-10.42180443],[28.62646898,-10.40012628],[28.62403891,-10.39280592],[28.62170985,-10.37742823],[28.6239779,-10.3589998],[28.6275,-10.34992858],[28.63134809,-10.34002743],[28.63702024,-10.31602347],[28.63644423,-10.30796817],[28.63642922,-10.30775119],[28.63045906,-10.29772504],[28.61784174,-10.28920977],[28.61379962,-10.286486],[28.61043854,-10.27917664],[28.59804821,-10.25866839],[28.58908898,-10.25005413],[28.58010774,-10.24007998],[28.57987273,-10.23945004],[28.57720766,-10.23230065],[28.57803768,-10.2258462],[28.58225879,-10.21359725],[28.59000899,-10.20404806],[28.5977912,-10.19732964],[28.59894823,-10.19632873],[28.60735844,-10.18469972],[28.60878848,-10.17226378],[28.61842873,-10.16499641],[28.62181982,-10.15873694],[28.62183881,-10.13021438],[28.62262083,-10.12323498],[28.62571891,-10.09566834],[28.62445987,-10.07454415],[28.62494089,-10.07314027],[28.63224007,-10.05188509],[28.62856898,-10.03975713],[28.63644018,-10.0237665],[28.63554816,-10.02079875],[28.63423912,-10.01644413],[28.63398011,-10.0155532],[28.62995901,-10.00170039],[28.63270008,-9.99163425],[28.629736,-9.98136613],[28.62681992,-9.971259],[28.62499987,-9.95886906],[28.64288933,-9.91537379],[28.6455904,-9.91028022],[28.65399062,-9.89865322],[28.65665069,-9.89033793],[28.65665469,-9.88562334],[28.65666069,-9.87631413],[28.66044079,-9.86567704],[28.66878,-9.85037936],[28.67121006,-9.84275001],[28.67136106,-9.82275173],[28.67453114,-9.81740918],[28.69420166,-9.81526937],[28.69710173,-9.807873],[28.6956117,-9.80191851],[28.69371964,-9.79927174],[28.68732047,-9.79031751],[28.67371112,-9.77971942],[28.67083104,-9.77356095],[28.67065103,-9.76183395],[28.66827097,-9.75796128],[28.66203181,-9.75698337],[28.64294031,-9.75398363],[28.63427908,-9.74882207],[28.63287904,-9.74648528],[28.62404981,-9.73173454],[28.62274878,-9.72232835],[28.62946895,-9.70728364],[28.62717989,-9.69398578],[28.62932994,-9.66843597],[28.62660987,-9.65698796],[28.6239928,-9.6530323],[28.6126095,-9.63582077],[28.61132947,-9.62779347],[28.6166586,-9.61300173],[28.61512856,-9.60359554],[28.60191821,-9.58839685],[28.58559878,-9.58151144],[28.59614806,-9.57492101],[28.6093494,-9.57448904],[28.62038969,-9.56926549],[28.62304876,-9.56164414],[28.62274875,-9.55705154],[28.6169196,-9.55437777],[28.60816737,-9.55773148],[28.59810511,-9.56291404],[28.59345899,-9.56530783],[28.58581779,-9.56542182],[28.57737757,-9.55888238],[28.57397848,-9.54904623],[28.57210742,-9.5017223],[28.56988736,-9.49278906],[28.56467822,-9.48528671],[28.55884707,-9.48238596],[28.54212663,-9.47987618],[28.53910755,-9.47877028],[28.53649648,-9.47467262],[28.53542646,-9.46526443],[28.53022532,-9.45798206],[28.52111708,-9.4528335],[28.51567694,-9.44555913],[28.51483592,-9.43591396],[28.51901302,-9.42187416],[28.5221161,-9.41144306],[28.53139634,-9.39752026],[28.53398641,-9.38484035],[28.53243737,-9.37451423],[28.52717723,-9.36287723],[28.52271711,-9.35903156],[28.50669669,-9.35559286],[28.49730544,-9.36285724],[28.47897497,-9.39093483],[28.46390458,-9.40494462],[28.43702388,-9.41889043],[28.42619359,-9.42203916],[28.41692335,-9.42171019],[28.39854387,-9.41530874],[28.3880226,-9.40833235],[28.38476251,-9.40746342],[28.37278219,-9.39521847],[28.36783307,-9.38931298],[28.36142189,-9.37814594],[28.35822181,-9.36485708]]]]},"geometry_name":"the_geom","properties":{"OBJECTID":9,"NAME":"Luapula","SHAPE.area":4.128397810770607,"SHAPE.len":15.698476247588994}}]}