{"type":"FeatureCollection","features":[{"type":"Feature","id":"10:ngdrapplications.18629","geometry":{"type":"Polygon","coordinates":[[[24.28826849,-14.48132314],[24.29160191,-14.48132314],[24.29160191,-14.48298967],[24.2899352,-14.48298967],[24.28826849,-14.48298967],[24.28826849,-14.48132314]]]},"geometry_name":"shapedata","properties":{"serviceid":"111","applicantid":"5711376660","systemid":"mmmd","datetime":null,"province":"Western","size":6.65,"district":"Lukulu","applicantname":null,"caseid":"19149","code":"MMMD-0043670/3-2025","geom":{"type":"MultiPolygon","coordinates":[[[[2703757.68057034,-1629496.05605472],[2704128.75534895,-1629496.05617075],[2704128.75529041,-1629687.66183673],[2703943.21756417,-1629687.66177861],[2703757.68051171,-1629687.66172049],[2703757.68057034,-1629496.05605472]]]]},"ispaid":true,"iscomplete":false,"env":null}},{"type":"Feature","id":"10:ngdrapplications.18655","geometry":{"type":"Polygon","coordinates":[[[24.28826849,-14.4846562],[24.2899352,-14.4846562],[24.2899352,-14.48632273],[24.28826849,-14.48632273],[24.28826849,-14.4846562]]]},"geometry_name":"shapedata","properties":{"serviceid":"111","applicantid":"536055101","systemid":"mmmd","datetime":null,"province":"Western","size":3.33,"district":"Lukulu","applicantname":null,"caseid":"19167","code":"MMMD-0043688/3-2025","geom":{"type":"MultiPolygon","coordinates":[[[[2703757.68045307,-1629879.26812049],[2703943.2175056,-1629879.26817861],[2703943.21744703,-1630070.87667861],[2703757.68039444,-1630070.87662049],[2703757.68045307,-1629879.26812049]]]]},"ispaid":true,"iscomplete":false,"env":null}},{"type":"Feature","id":"10:ngdrapplications.18671","geometry":{"type":"Polygon","coordinates":[[[24.2899352,-14.4846562],[24.29160191,-14.4846562],[24.29160191,-14.48632273],[24.2899352,-14.48632273],[24.2899352,-14.4846562]]]},"geometry_name":"shapedata","properties":{"serviceid":"111","applicantid":"5766657666","systemid":"mmmd","datetime":null,"province":"Western","size":3.33,"district":"Lukulu","applicantname":null,"caseid":"19180","code":"MMMD-0043701/3-2025","geom":{"type":"MultiPolygon","coordinates":[[[[2703943.2175056,-1629879.26817861],[2704128.75523187,-1629879.26823673],[2704128.75517333,-1630070.87673673],[2703943.21744703,-1630070.87667861],[2703943.2175056,-1629879.26817861]]]]},"ispaid":true,"iscomplete":false,"env":null}},{"type":"Feature","id":"10:ngdrapplications.18673","geometry":{"type":"Polygon","coordinates":[[[24.28326835,-14.48298967],[24.28660178,-14.48298967],[24.28660178,-14.4846562],[24.28326835,-14.4846562],[24.28326835,-14.48298967]]]},"geometry_name":"shapedata","properties":{"serviceid":"111","applicantid":"5360551011","systemid":"mmmd","datetime":null,"province":"Western","size":6.65,"district":"Lukulu","applicantname":null,"caseid":"19182","code":"MMMD-0043703/3-2025","geom":{"type":"MultiPolygon","coordinates":[[[[2703201.06803301,-1629687.66154612],[2703572.14278547,-1629687.66166237],[2703572.14272681,-1629879.26806237],[2703201.06797427,-1629879.26794612],[2703201.06803301,-1629687.66154612]]]]},"ispaid":true,"iscomplete":false,"env":null}},{"type":"Feature","id":"10:ngdrapplications.18677","geometry":{"type":"Polygon","coordinates":[[[24.28326835,-14.48632273],[24.28493507,-14.48632273],[24.28493507,-14.48798926],[24.28326835,-14.48798926],[24.28326835,-14.48632273]]]},"geometry_name":"shapedata","properties":{"serviceid":"111","applicantid":"536055101","systemid":"mmmd","datetime":null,"province":"Western","size":3.33,"district":"Lukulu","applicantname":null,"caseid":"19184","code":"MMMD-0043705/3-2025","geom":{"type":"MultiPolygon","coordinates":[[[[2703201.06791554,-1630070.87644612],[2703386.60564184,-1630070.87650424],[2703386.60558314,-1630262.48580424],[2703201.06785681,-1630262.48574612],[2703201.06791554,-1630070.87644612]]]]},"ispaid":true,"iscomplete":false,"env":null}},{"type":"Feature","id":"10:ngdrapplications.18679","geometry":{"type":"Polygon","coordinates":[[[24.2899352,-14.48298967],[24.2899352,-14.4846562],[24.29160191,-14.4846562],[24.29160191,-14.48298967],[24.2899352,-14.48298967]]]},"geometry_name":"shapedata","properties":{"serviceid":"111","applicantid":"5766657666","systemid":"mmmd","datetime":null,"province":"Western","size":3.33,"district":"Lukulu","applicantname":null,"caseid":"19185","code":"MMMD-0043706/3-2025","geom":{"type":"MultiPolygon","coordinates":[[[[2703943.21756417,-1629687.66177861],[2703943.2175056,-1629879.26817861],[2704128.75523187,-1629879.26823673],[2704128.75529041,-1629687.66183673],[2703943.21756417,-1629687.66177861]]]]},"ispaid":true,"iscomplete":false,"env":null}},{"type":"Feature","id":"10:ngdrapplications.18687","geometry":{"type":"Polygon","coordinates":[[[24.28493507,-14.48632273],[24.28660177,-14.48632273],[24.28660177,-14.48798926],[24.28493507,-14.48798926],[24.28493507,-14.48632273]]]},"geometry_name":"shapedata","properties":{"serviceid":"111","applicantid":"5766657666","systemid":"mmmd","datetime":null,"province":"Western","size":3.33,"district":"Lukulu","applicantname":null,"caseid":"19203","code":"MMMD-0043724/3-2025","geom":{"type":"MultiPolygon","coordinates":[[[[2703386.60564184,-1630070.87650424],[2703572.14266814,-1630070.87656237],[2703572.14260947,-1630262.48586237],[2703386.60558314,-1630262.48580424],[2703386.60564184,-1630070.87650424]]]]},"ispaid":true,"iscomplete":false,"env":null}},{"type":"Feature","id":"10:ngdrapplications.18705","geometry":{"type":"Polygon","coordinates":[[[26.99667407,-15.24959377],[26.99834078,-15.24959377],[26.99834078,-15.25292684],[26.99667407,-15.25292684],[26.99667407,-15.24959377]]]},"geometry_name":"shapedata","properties":{"serviceid":"111","applicantid":"562456993","systemid":"mmmd","datetime":null,"province":"Central","size":6.63,"district":"Mumbwa","applicantname":null,"caseid":"9842","code":"MMMD-0044313/3-2025","geom":{"type":"MultiPolygon","coordinates":[[[[3005256.01088734,-1717981.81990356],[3005441.54795759,-1717981.81989464],[3005441.54796877,-1718366.39949464],[3005256.01089848,-1718366.39950356],[3005256.01088734,-1717981.81990356]]]]},"ispaid":true,"iscomplete":false,"env":null}},{"type":"Feature","id":"10:ngdrapplications.18707","geometry":{"type":"Polygon","coordinates":[[[24.17659886,-14.44299294],[24.17826557,-14.44299294],[24.17826557,-14.44465947],[24.17659886,-14.44465947],[24.17659886,-14.44299294]]]},"geometry_name":"shapedata","properties":{"serviceid":"111","applicantid":"57113767190","systemid":"mmmd","datetime":null,"province":"Western","size":3.33,"district":"Lukulu","applicantname":null,"caseid":"9844","code":"MMMD-0044315/3-2025","geom":{"type":"MultiPolygon","coordinates":[[[[2691326.67438034,-1625089.52640933],[2691512.21143126,-1625089.52646724],[2691512.21136998,-1625281.09900865],[2691326.674319,-1625281.09895085],[2691326.67438034,-1625089.52640933]]]]},"ispaid":true,"iscomplete":false,"env":null}},{"type":"Feature","id":"10:ngdrapplications.18713","geometry":{"type":"Polygon","coordinates":[[[24.28826849,-14.48632273],[24.28660177,-14.48632273],[24.28660177,-14.48798926],[24.28826849,-14.48798926],[24.28826849,-14.48632273]]]},"geometry_name":"shapedata","properties":{"serviceid":"111","applicantid":"57113767190","systemid":"mmmd","datetime":null,"province":"Western","size":3.33,"district":"Lukulu","applicantname":null,"caseid":"9847","code":"MMMD-0044318/3-2025","geom":{"type":"MultiPolygon","coordinates":[[[[2703757.68039444,-1630070.87662049],[2703572.14266814,-1630070.87656237],[2703572.14260947,-1630262.48586237],[2703757.6803358,-1630262.48592049],[2703757.68039444,-1630070.87662049]]]]},"ispaid":true,"iscomplete":false,"env":null}},{"type":"Feature","id":"10:ngdrapplications.18717","geometry":{"type":"Polygon","coordinates":[[[23.14823811,-14.65964142],[23.15157153,-14.65964142],[23.15157153,-14.66130795],[23.14823811,-14.66130794],[23.14823811,-14.65964142]]]},"geometry_name":"shapedata","properties":{"serviceid":"111","applicantid":"57011101","systemid":"mmmd","datetime":null,"province":"Western","size":6.65,"district":"Lukulu","applicantname":null,"caseid":"9851","code":"MMMD-0044322/3-2025","geom":{"type":"MultiPolygon","coordinates":[[[[2576850.07932462,-1650005.98683045],[2577221.15408432,-1650005.98701526],[2577221.15400567,-1650197.74701526],[2576850.07924591,-1650197.74683045],[2576850.07932462,-1650005.98683045]]]]},"ispaid":true,"iscomplete":false,"env":null}},{"type":"Feature","id":"10:ngdrapplications.18735","geometry":{"type":"Polygon","coordinates":[[[28.96672589,-11.7965477],[28.9917265,-11.79654771],[28.99172651,-11.81821255],[28.97005932,-11.81821253],[28.96339248,-11.81821253],[28.95839234,-11.81821253],[28.95839234,-11.8032138],[28.95839234,-11.7965477],[28.96172576,-11.7965477],[28.96672589,-11.7965477]]]},"geometry_name":"shapedata","properties":{"serviceid":"100","applicantid":"120230048478","systemid":"mmmd","datetime":null,"province":"Luapula","size":874.03,"district":"Milengi, Chembe","applicantname":null,"caseid":"9932","code":"MMMD-0044403/3-2025","geom":{"type":"MultiPolygon","coordinates":[[[[3224561.17625725,-1322562.91209932],[3227344.23159575,-1322562.91414978],[3227344.23211884,-1325026.76482703],[3224932.25136807,-1325026.76313183],[3224190.10204515,-1325026.7632668],[3223633.48972223,-1325026.76336803],[3223633.48940342,-1323320.99923878],[3223633.48926173,-1322562.91226803],[3224004.56390949,-1322562.91220054],[3224561.17625725,-1322562.91209932]]]]},"ispaid":true,"iscomplete":false,"env":null}},{"type":"Feature","id":"10:ngdrapplications.18737","geometry":{"type":"Polygon","coordinates":[[[27.06334262,-17.71439608],[27.06334261,-17.59607206],[27.05000892,-17.59607206],[27.05000892,-17.58607285],[27.06667603,-17.58607285],[27.06667603,-17.5694075],[27.10001027,-17.5694075],[27.10001027,-17.546076],[27.1466782,-17.546076],[27.1466782,-17.54940907],[27.14501149,-17.54940907],[27.14501149,-17.55107561],[27.17334559,-17.55107561],[27.17334559,-17.56940749],[27.16334532,-17.56940749],[27.16334532,-17.58440631],[27.17834573,-17.58440631],[27.17834573,-17.63440237],[27.15834519,-17.63440237],[27.15834519,-17.63773544],[27.15834519,-17.66273347],[27.14167807,-17.66273347],[27.14167807,-17.70106379],[27.09001,-17.70106379],[27.09001,-17.69939725],[27.08000974,-17.69939725],[27.08000974,-17.71439607],[27.06334262,-17.71439608]]]},"geometry_name":"shapedata","properties":{"serviceid":"100","applicantid":"120230061040","systemid":"mmmd","datetime":null,"province":"Southern","size":17442.72,"district":"Sinazongwe","applicantname":null,"caseid":"9929","code":"MMMD-0044400/3-2025","geom":{"type":"MultiPolygon","coordinates":[[[[3012677.51924105,-2004146.01258865],[3012677.51874387,-1990323.16733565],[3011193.2189549,-1990323.16741837],[3011193.21891459,-1989155.45571837],[3013048.59358198,-1989155.45561496],[3013048.59351149,-1987209.41231497],[3016759.34413283,-1987209.41210816],[3016759.34402464,-1984485.25280816],[3021954.39441697,-1984485.25251864],[3021954.39443435,-1984874.39651864],[3021768.85664834,-1984874.39652898],[3021768.856657,-1985068.97162898],[3024922.99451274,-1985068.9714532],[3024922.99461435,-1987209.4116532],[3023809.76919591,-1987209.41171524],[3023809.76927727,-1988960.84231524],[3025479.60675762,-1988960.84222218],[3025479.60703781,-1994799.99506767],[3023253.1574854,-1994799.99519306],[3023253.15750328,-1995189.32949306],[3023253.15763744,-1998109.56759306],[3021397.78226066,-1998109.56769755],[3021397.78245838,-2002588.05399755],[3015646.11930947,-2002588.05432147],[3015646.11930194,-2002393.31732147],[3014532.89446796,-2002393.31738416],[3014532.89453399,-2004146.01248416],[3012677.51924105,-2004146.01258865]]]]},"ispaid":true,"iscomplete":false,"env":null}},{"type":"Feature","id":"10:ngdrapplications.18765","geometry":{"type":"Polygon","coordinates":[[[24.99995366,-16.51282471],[25.03995474,-16.51282471],[25.03995474,-16.54782191],[24.99995366,-16.5478219],[24.99995366,-16.51282471]]]},"geometry_name":"shapedata","properties":{"serviceid":"100","applicantid":"120060064262","systemid":"mmmd","datetime":null,"province":"Southern, Western","size":1659.38,"district":"Kazungula, Mulobezi","applicantname":null,"caseid":"10102","code":"MMMD-0044573/3-2025","geom":{"type":"MultiPolygon","coordinates":[[[[2782982.11172056,-1864187.87700816],[2787435.01149438,-1864187.87769257],[2787435.01063468,-1868251.70869257],[2782982.11084029,-1868251.70800816],[2782982.11172056,-1864187.87700816]]]]},"ispaid":true,"iscomplete":false,"env":null}},{"type":"Feature","id":"10:ngdrapplications.18781","geometry":{"type":"Polygon","coordinates":[[[28.36837689,-12.63369943],[28.3700436,-12.63369943],[28.3700436,-12.63592147],[28.36837689,-12.63592147],[28.36837689,-12.63369943]]]},"geometry_name":"shapedata","properties":{"serviceid":"111","applicantid":"995219/11/1","systemid":"mmmd","datetime":null,"province":"Copperbelt","size":1.42,"district":"Mufulira","applicantname":null,"caseid":"10201","code":"MMMD-0044672/3-2025","geom":{"type":"MultiPolygon","coordinates":[[[[3157953.26979909,-1417913.86148004],[3158138.80718701,-1417913.86144898],[3158138.80722893,-1418167.35591565],[3157953.26984096,-1418167.35594671],[3157953.26979909,-1417913.86148004]]]]},"ispaid":true,"iscomplete":false,"env":null}},{"type":"Feature","id":"10:ngdrapplications.18785","geometry":{"type":"Polygon","coordinates":[[[30.38842922,-9.46008006],[30.51343248,-9.46008004],[30.51343251,-9.55007231],[30.38842925,-9.55007234],[30.38842922,-9.46008006]]]},"geometry_name":"shapedata","properties":{"serviceid":"100","applicantid":"120230058736","systemid":"mmmd","datetime":null,"province":"Northern","size":13718.1,"district":"Mporokoso, Lunte","applicantname":null,"caseid":"10213","code":"MMMD-0044684/3-2025","geom":{"type":"MultiPolygon","coordinates":[[[[3382824.46717893,-1057908.91429099],[3396739.7664699,-1057908.91147058],[3396739.76928824,-1068066.25666754],[3382824.46989887,-1068066.25951652],[3382824.46717893,-1057908.91429099]]]]},"ispaid":true,"iscomplete":false,"env":null}},{"type":"Feature","id":"10:ngdrapplications.18789","geometry":{"type":"Polygon","coordinates":[[[24.26326782,-14.49132231],[24.30326889,-14.49132232],[24.30326887,-14.53131903],[24.26326781,-14.53131901],[24.26326782,-14.49132231]]]},"geometry_name":"shapedata","properties":{"serviceid":"100","applicantid":"120170001023","systemid":"mmmd","datetime":null,"province":"Western","size":1915.08,"district":"Kaoma, Lukulu","applicantname":null,"caseid":"19225","code":"MMMD-0043746/3-2025","geom":{"type":"MultiPolygon","coordinates":[[[[2700974.61851701,-1630645.70858451],[2705427.51700887,-1630645.70997684],[2705427.51560998,-1635244.84391034],[2700974.61709484,-1635244.84251279],[2700974.61851701,-1630645.70858451]]]]},"ispaid":true,"iscomplete":false,"env":null}},{"type":"Feature","id":"10:ngdrapplications.18795","geometry":{"type":"Polygon","coordinates":[[[30.77343921,-9.25843066],[30.80343999,-9.25843065],[30.80344,-9.2617637],[30.80177329,-9.2617637],[30.80177329,-9.26343022],[30.77343921,-9.26343023],[30.77343921,-9.25843066]]]},"geometry_name":"shapedata","properties":{"serviceid":"100","applicantid":"120230058736","systemid":"mmmd","datetime":null,"province":"Northern","size":179.65,"district":"Mpulungu","applicantname":null,"caseid":"10390","code":"MMMD-0044861/3-2025","geom":{"type":"MultiPolygon","coordinates":[[[[3425683.58310067,-1035158.54102373],[3429023.25484331,-1035158.54036152],[3429023.25495555,-1035534.47246152],[3428837.71800647,-1035534.47249831],[3428837.71806253,-1035722.44020275],[3425683.58326766,-1035722.44082909],[3425683.58310067,-1035158.54102373]]]]},"ispaid":true,"iscomplete":false,"env":null}},{"type":"Feature","id":"10:ngdrapplications.18797","geometry":{"type":"Polygon","coordinates":[[[26.23498705,-13.71638681],[26.23498705,-13.71971987],[26.23665376,-13.71971987],[26.23665376,-13.71638681],[26.23498705,-13.71638681]]]},"geometry_name":"shapedata","properties":{"serviceid":"111","applicantid":"177300/25/1","systemid":"mmmd","datetime":null,"province":"North-Western","size":6.67,"district":"Kasempa","applicantname":null,"caseid":"9951","code":"MMMD-0044422/3-2025","geom":{"type":"MultiPolygon","coordinates":[[[[2920465.39887128,-1541698.27857306],[2920465.39885181,-1542080.20737306],[2920650.93656234,-1542080.20739646],[2920650.93658174,-1541698.27859646],[2920465.39887128,-1541698.27857306]]]]},"ispaid":true,"iscomplete":false,"env":null}},{"type":"Feature","id":"10:ngdrapplications.18813","geometry":{"type":"Polygon","coordinates":[[[26.49832744,-12.28150697],[26.49832744,-12.2831735],[26.50166086,-12.2831735],[26.50166086,-12.28150697],[26.49832744,-12.28150697]]]},"geometry_name":"shapedata","properties":{"serviceid":"111","applicantid":"264659331","systemid":"mmmd","datetime":null,"province":"North-Western","size":3.36,"district":"Solwezi","applicantname":null,"caseid":"10535","code":"MMMD-0045006/3-2025","geom":{"type":"MultiPolygon","coordinates":[[[[2949780.31719489,-1377762.58284381],[2949780.31719046,-1377952.44573372],[2950151.39185556,-1377952.44571935],[2950151.39185993,-1377762.58282966],[2949780.31719489,-1377762.58284381]]]]},"ispaid":true,"iscomplete":false,"env":null}},{"type":"Feature","id":"10:ngdrapplications.18863","geometry":{"type":"Polygon","coordinates":[[[29.78841524,-14.84795945],[29.83174973,-14.84795943],[29.88008429,-14.84795941],[29.94341931,-14.84795939],[29.94341933,-14.90128834],[29.87341747,-14.90128837],[29.87341747,-14.90962102],[29.78841527,-14.90962106],[29.78841524,-14.84795945]]]},"geometry_name":"shapedata","properties":{"serviceid":"100","applicantid":"120241015736","systemid":"mmmd","datetime":null,"province":"Lusaka","size":10724.42,"district":"Rufunsa","applicantname":null,"caseid":"10902","code":"MMMD-0045373/3-2025","geom":{"type":"MultiPolygon","coordinates":[[[[3316031.21649986,-1671684.21698362],[3320855.18926606,-1671684.21498568],[3326235.76838594,-1671684.21275722],[3333286.19036123,-1671684.20983717],[3333286.19263656,-1677826.59436702],[3325493.62107709,-1677826.59760359],[3325493.62142484,-1678786.48267309],[3316031.21924003,-1678786.48660876],[3316031.21649986,-1671684.21698362]]]]},"ispaid":true,"iscomplete":false,"env":null}},{"type":"Feature","id":"10:ngdrapplications.18873","geometry":{"type":"Polygon","coordinates":[[[25.57996974,-13.44640924],[25.58163645,-13.44640924],[25.58163645,-13.4497423],[25.57996974,-13.4497423],[25.57996974,-13.44640924]]]},"geometry_name":"shapedata","properties":{"serviceid":"111","applicantid":"","systemid":"mmmd","datetime":null,"province":"North-Western","size":6.68,"district":"Kasempa","applicantname":null,"caseid":"10997","code":"MMMD-0045468/3-2025","geom":{"type":"MultiPolygon","coordinates":[[[[2847549.20631733,-1510779.92067585],[2847734.74372234,-1510779.92069876],[2847734.74367586,-1511161.4148904],[2847549.20627077,-1511161.41486748],[2847549.20631733,-1510779.92067585]]]]},"ispaid":true,"iscomplete":false,"env":null}},{"type":"Feature","id":"10:ngdrapplications.18887","geometry":{"type":"Polygon","coordinates":[[[25.77830801,-16.02119773],[25.77830801,-16.0195312],[25.77997473,-16.0195312],[25.77997473,-16.02119773],[25.77830801,-16.02119773]]]},"geometry_name":"shapedata","properties":{"serviceid":"102","applicantid":"120130109218","systemid":"mmmd","datetime":null,"province":"Southern","size":3.3,"district":"Itezhi-Tezhi","applicantname":null,"caseid":"11066","code":"MMMD-0045537/3-2025","geom":{"type":"MultiPolygon","coordinates":[[[[2869628.12170801,-1807177.71252101],[2869628.1217309,-1806984.69945793],[2869813.65948705,-1806984.69948547],[2869813.65946419,-1807177.71254865],[2869628.12170801,-1807177.71252101]]]]},"ispaid":true,"iscomplete":false,"env":null}},{"type":"Feature","id":"10:ngdrapplications.18895","geometry":{"type":"Polygon","coordinates":[[[23.76158682,-17.01278436],[23.76325353,-17.01278437],[23.76325352,-17.0144509],[23.76158682,-17.0144509],[23.76158682,-17.01278436]]]},"geometry_name":"shapedata","properties":{"serviceid":"100","applicantid":"120000044131","systemid":"mmmd","datetime":null,"province":"Western","size":3.28,"district":"Sesheke","applicantname":null,"caseid":"11093","code":"MMMD-0045564/3-2025","geom":{"type":"MultiPolygon","coordinates":[[[[2645127.7449271,-1922313.26629709],[2645313.28202709,-1922313.26636577],[2645313.28195489,-1922507.27439725],[2645127.7448549,-1922507.27432846],[2645127.7449271,-1922313.26629709]]]]},"ispaid":true,"iscomplete":false,"env":null}},{"type":"Feature","id":"10:ngdrapplications.18897","geometry":{"type":"Polygon","coordinates":[[[23.70825247,-15.91620571],[23.7115859,-15.91620571],[23.7115859,-15.91787225],[23.70825247,-15.91787225],[23.70825247,-15.91620571]]]},"geometry_name":"shapedata","properties":{"serviceid":"111","applicantid":"231075711","systemid":"mmmd","datetime":null,"province":"Western","size":6.61,"district":"Senanga","applicantname":null,"caseid":"11179","code":"MMMD-0045650/3-2025","geom":{"type":"MultiPolygon","coordinates":[[[[2639190.59303404,-1795020.94892789],[2639561.66854229,-1795020.94905611],[2639561.66846926,-1795213.863228],[2639190.59296094,-1795213.8631],[2639190.59303404,-1795020.94892789]]]]},"ispaid":true,"iscomplete":false,"env":null}},{"type":"Feature","id":"10:ngdrapplications.18917","geometry":{"type":"Polygon","coordinates":[[[26.84333654,-12.48982274],[26.84333654,-12.53481895],[26.78833509,-12.53481896],[26.78833509,-12.48982274],[26.84333654,-12.48982274]]]},"geometry_name":"shapedata","properties":{"serviceid":"101","applicantid":"120200001307","systemid":"mmmd","datetime":null,"province":"North-Western","size":2987.32,"district":"Mushindano","applicantname":null,"caseid":"11124","code":"MMMD-0045595/4-2025","geom":{"type":"MultiPolygon","coordinates":[[[[2988186.5547,-1401504.7786],[2988186.5548,-1406635.5941],[2982063.821,-1406635.5942],[2982063.821,-1401504.7786],[2988186.5547,-1401504.7786]]]]},"ispaid":true,"iscomplete":false,"env":null}},{"type":"Feature","id":"10:ngdrapplications.18921","geometry":{"type":"Polygon","coordinates":[[[31.6134632,-13.95803216],[31.61346319,-13.94469987],[31.58012901,-13.94469988],[31.58012899,-13.91136935],[31.61346318,-13.91136933],[31.61346318,-13.91970194],[31.64846411,-13.91970192],[31.64846413,-13.95803214],[31.6134632,-13.95803216]]]},"geometry_name":"shapedata","properties":{"serviceid":"101","applicantid":"120130109218","systemid":"mmmd","datetime":null,"province":"Eastern","size":2943.29,"district":"Lusangazi","applicantname":null,"caseid":"11132","code":"MMMD-0045603/4-2025","geom":{"type":"MultiPolygon","coordinates":[[[[3519194.6258,-1569402.1269],[3519194.6249,-1567872.8708],[3515483.8807,-1567872.8728],[3515483.8786,-1564050.1421],[3519194.6229,-1564050.1401],[3519194.6234,-1565005.7682],[3523090.9087,-1565005.7661],[3523090.9111,-1569402.1247],[3519194.6258,-1569402.1269]]]]},"ispaid":true,"iscomplete":false,"env":null}},{"type":"Feature","id":"10:ngdrapplications.18923","geometry":{"type":"Polygon","coordinates":[[[22.14487799,-14.83129348],[22.14987812,-14.83129348],[22.14987812,-14.83629308],[22.14487799,-14.83629307],[22.14487799,-14.83129348]]]},"geometry_name":"shapedata","properties":{"serviceid":"102","applicantid":"120130109218","systemid":"mmmd","datetime":null,"province":"Western","size":29.88,"district":"Sikongo","applicantname":null,"caseid":"11138","code":"MMMD-0045609/4-2025","geom":{"type":"MultiPolygon","coordinates":[[[[2465156.54130158,-1669764.95565869],[2465713.15376799,-1669764.95593918],[2465713.15346557,-1670340.69583918],[2465156.54099897,-1670340.69555869],[2465156.54130158,-1669764.95565869]]]]},"ispaid":true,"iscomplete":false,"env":null}},{"type":"Feature","id":"10:ngdrapplications.18927","geometry":{"type":"Polygon","coordinates":[[[24.2782682,-14.53631861],[24.28493505,-14.53631861],[24.28493505,-14.54298472],[24.2782682,-14.54298472],[24.2782682,-14.53631861]]]},"geometry_name":"shapedata","properties":{"serviceid":"102","applicantid":"120060064262","systemid":"mmmd","datetime":null,"province":"Western","size":53.19,"district":"Kaoma","applicantname":null,"caseid":"11140","code":"MMMD-0045611/4-2025","geom":{"type":"MultiPolygon","coordinates":[[[[2702644.45364427,-1635819.79343687],[2703386.60388061,-1635819.79366979],[2703386.60364575,-1636586.41393534],[2702644.45340876,-1636586.41370198],[2702644.45364427,-1635819.79343687]]]]},"ispaid":true,"iscomplete":false,"env":null}},{"type":"Feature","id":"10:ngdrapplications.18933","geometry":{"type":"Polygon","coordinates":[[[25.46496688,-11.78821522],[25.49663438,-11.78821523],[25.49663438,-11.79488133],[25.51996833,-11.79488134],[25.51996833,-11.81321312],[25.50830135,-11.81321311],[25.50830135,-11.82154574],[25.46496688,-11.82154574],[25.46496688,-11.78821522]]]},"geometry_name":"shapedata","properties":{"serviceid":"100","applicantid":"120130113225","systemid":"mmmd","datetime":null,"province":"North-Western","size":1912.81,"district":"Kalumbila","applicantname":null,"caseid":"11339","code":"MMMD-0045810/4-2025","geom":{"type":"MultiPolygon","coordinates":[[[[2834747.14600541,-1321615.34668326],[2838272.35631119,-1321615.34706585],[2838272.35623362,-1322373.41172117],[2840869.87961981,-1322373.41200155],[2840869.87941079,-1324458.18320155],[2839571.11773975,-1324458.18306136],[2839571.11764393,-1325405.85266136],[2834747.14560775,-1325405.85214065],[2834747.14600541,-1321615.34668326]]]]},"ispaid":true,"iscomplete":false,"env":null}},{"type":"Feature","id":"10:ngdrapplications.18935","geometry":{"type":"Polygon","coordinates":[[[25.46496688,-11.78821522],[25.49663438,-11.78821523],[25.49663438,-11.79488133],[25.51996833,-11.79488134],[25.51996833,-11.81321312],[25.50996807,-11.81321311],[25.50996807,-11.82154574],[25.46496688,-11.82154574],[25.46496688,-11.78821522]]]},"geometry_name":"shapedata","properties":{"serviceid":"100","applicantid":"120130113225","systemid":"mmmd","datetime":null,"province":"North-Western","size":1929.61,"district":"Kalumbila","applicantname":null,"caseid":"11340","code":"MMMD-0045811/4-2025","geom":{"type":"MultiPolygon","coordinates":[[[[2834747.14600541,-1321615.34668326],[2838272.35631119,-1321615.34706585],[2838272.35623362,-1322373.41172117],[2840869.87961981,-1322373.41200155],[2840869.87941079,-1324458.18320155],[2839756.65536555,-1324458.18308139],[2839756.65526956,-1325405.85268139],[2834747.14560775,-1325405.85214065],[2834747.14600541,-1321615.34668326]]]]},"ispaid":true,"iscomplete":false,"env":null}},{"type":"Feature","id":"10:ngdrapplications.18941","geometry":{"type":"Polygon","coordinates":[[[25.4216324,-11.83487794],[25.46163345,-11.83487794],[25.46163345,-11.83654447],[25.45663332,-11.83654447],[25.45663332,-11.83987752],[25.4532999,-11.83987752],[25.4532999,-11.84321057],[25.44996648,-11.84321057],[25.44996648,-11.84654362],[25.44663306,-11.84654362],[25.44663306,-11.84987667],[25.44163292,-11.84987667],[25.44163292,-11.85320972],[25.4382995,-11.85320972],[25.4382995,-11.85654278],[25.43496608,-11.85654277],[25.43496608,-11.85987583],[25.43163266,-11.85987583],[25.43163266,-11.86320888],[25.42829924,-11.86320888],[25.42829924,-11.86654193],[25.42663253,-11.86654193],[25.42663253,-11.86820845],[25.39829845,-11.86820845],[25.39829845,-11.86320887],[25.40329858,-11.86320887],[25.40329858,-11.85654277],[25.40996543,-11.85654277],[25.40996543,-11.84987667],[25.41496555,-11.84987667],[25.41496555,-11.84487709],[25.41996569,-11.84487709],[25.41996569,-11.83987751],[25.4216324,-11.83987751],[25.4216324,-11.83487794]]]},"geometry_name":"shapedata","properties":{"serviceid":"100","applicantid":"120130113225","systemid":"mmmd","datetime":null,"province":"North-Western","size":1277.23,"district":"Kalumbila","applicantname":null,"caseid":"11353","code":"MMMD-0045824/4-2025","geom":{"type":"MultiPolygon","coordinates":[[[[2829923.17418139,-1326922.18245973],[2834376.07079941,-1326922.18294299],[2834376.07077946,-1327111.72984299],[2833819.45843013,-1327111.72978258],[2833819.4583901,-1327490.82628259],[2833448.38374064,-1327490.82624231],[2833448.38370047,-1327869.92744231],[2833077.30902568,-1327869.92740204],[2833077.30898545,-1328249.03320204],[2832706.23433573,-1328249.03316177],[2832706.23429537,-1328628.14366177],[2832149.62194552,-1328628.14360136],[2832149.62190503,-1329007.25864245],[2831778.54725504,-1329007.25860196],[2831778.54721442,-1329386.37900196],[2831407.47253936,-1329386.37896147],[2831407.47249867,-1329765.50332082],[2831036.39784843,-1329765.50328054],[2831036.39780761,-1330144.63222098],[2830665.32315723,-1330144.63218049],[2830665.32311628,-1330523.76578049],[2830479.78544103,-1330523.76576024],[2830479.78542052,-1330713.33462013],[2827325.65044181,-1330713.33427782],[2827325.6505046,-1330144.63181608],[2827882.26215498,-1330144.63187682],[2827882.26223845,-1329386.37857682],[2828624.41223868,-1329386.37865779],[2828624.41232162,-1328628.14321878],[2829181.02397147,-1328628.14327918],[2829181.02403348,-1328059.47967918],[2829737.63638313,-1328059.47973959],[2829737.63644495,-1327490.82583959],[2829923.17411968,-1327490.82585973],[2829923.17418139,-1326922.18245973]]]]},"ispaid":true,"iscomplete":false,"env":null}},{"type":"Feature","id":"10:ngdrapplications.18945","geometry":{"type":"Polygon","coordinates":[[[25.39329832,-11.86820845],[25.42496582,-11.86820845],[25.42496582,-11.8715415],[25.41829897,-11.8715415],[25.41829897,-11.87654108],[25.41163213,-11.87654108],[25.41163213,-11.88154065],[25.40496529,-11.88154065],[25.40496529,-11.88820676],[25.39829845,-11.88820675],[25.39829845,-11.90320549],[25.40329857,-11.90320549],[25.40329857,-11.90820506],[25.41329884,-11.90820507],[25.41329884,-11.92153727],[25.40996542,-11.92153727],[25.40996542,-11.93153643],[25.40663199,-11.93153643],[25.40663199,-11.94320211],[25.3766312,-11.9432021],[25.3766312,-11.94153558],[25.35496396,-11.94153558],[25.33329672,-11.94153558],[25.33329672,-11.93486947],[25.33829686,-11.93486947],[25.33829686,-11.92820337],[25.34329699,-11.92820337],[25.34329699,-11.92320379],[25.34829712,-11.92320379],[25.34829712,-11.91820422],[25.35163055,-11.91820422],[25.35163055,-11.91487116],[25.35496397,-11.91487116],[25.35496397,-11.91153811],[25.35829739,-11.91153811],[25.35829739,-11.90820506],[25.3599641,-11.90820506],[25.3599641,-11.90487201],[25.36496423,-11.90487201],[25.36496423,-11.89987243],[25.36996436,-11.89987243],[25.36996436,-11.89487286],[25.37329778,-11.89487286],[25.37329778,-11.89153981],[25.37663121,-11.89153981],[25.37663121,-11.88820675],[25.37996463,-11.88820675],[25.37996463,-11.88320718],[25.38496476,-11.88320718],[25.38496476,-11.8782076],[25.38829818,-11.8782076],[25.38829818,-11.87487455],[25.39329832,-11.87487455],[25.39329832,-11.86820845]]]},"geometry_name":"shapedata","properties":{"serviceid":"100","applicantid":"120130113225","systemid":"mmmd","datetime":null,"province":"North-Western","size":4092.92,"district":"Kalumbila","applicantname":null,"caseid":"11351","code":"MMMD-0045822/4-2025","geom":{"type":"MultiPolygon","coordinates":[[[[2826769.03809124,-1330713.33421741],[2830294.24842052,-1330713.3346],[2830294.24837951,-1331092.47514],[2829552.0983781,-1331092.47505902],[2829552.09831619,-1331661.19425902],[2828809.94898984,-1331661.19417804],[2828809.94892763,-1332229.92447804],[2828067.79960099,-1332229.92439706],[2828067.79951765,-1332988.24729706],[2827325.65019061,-1332988.24721608],[2827325.6500022,-1334694.54261608],[2827882.26165414,-1334694.54267682],[2827882.26159153,-1335263.32797682],[2828995.48627188,-1335263.32809828],[2828995.48610622,-1336780.14189828],[2828624.41142989,-1336780.14185779],[2828624.41130545,-1337917.80059681],[2828253.33595239,-1337917.80055611],[2828253.33580674,-1339245.12245611],[2824913.66313217,-1339245.12208974],[2824913.66315343,-1339055.50158974],[2822501.67743276,-1339055.50132514],[2820089.69106553,-1339055.50106054],[2820089.69115346,-1338297.02856054],[2820646.30350664,-1338297.0286216],[2820646.30359431,-1337538.57548726],[2821202.9159237,-1337538.575548],[2821202.91598915,-1336969.74758266],[2821759.52834188,-1336969.74764373],[2821759.52840714,-1336400.93084373],[2822130.60305967,-1336400.93088443],[2822130.60310305,-1336021.72464922],[2822501.67777925,-1336021.72468971],[2822501.67782256,-1335642.52368971],[2822872.75247482,-1335642.5237302],[2822872.752518,-1335263.3274302],[2823058.29019407,-1335263.32745045],[2823058.29023718,-1334884.13585045],[2823614.9019652,-1334884.13591118],[2823614.90202957,-1334315.35681118],[2824171.51428138,-1334315.35687192],[2824171.51434556,-1333746.58897192],[2824542.58909717,-1333746.58901241],[2824542.58913983,-1333367.41591241],[2824913.66379131,-1333367.4159529],[2824913.66383383,-1332988.2469529],[2825284.73850951,-1332988.24699339],[2825284.73857319,-1332419.50339339],[2825841.35089993,-1332419.50345412],[2825841.35096332,-1331850.76965412],[2826212.4256388,-1331850.76969461],[2826212.425681,-1331471.61989461],[2826769.03800724,-1331471.61995535],[2826769.03809124,-1330713.33421741]]]]},"ispaid":true,"iscomplete":false,"env":null}},{"type":"Feature","id":"10:ngdrapplications.18949","geometry":{"type":"Polygon","coordinates":[[[25.52496783,-16.32950618],[25.53330139,-16.32950618],[25.53330139,-16.34283844],[25.52330111,-16.34283844],[25.52330112,-16.32950618],[25.52496783,-16.32950618]]]},"geometry_name":"shapedata","properties":{"serviceid":"102","applicantid":"120130109218","systemid":"mmmd","datetime":null,"province":"Southern","size":158.19,"district":"Kazungula","applicantname":null,"caseid":"11158","code":"MMMD-0045629/4-2025","geom":{"type":"MultiPolygon","coordinates":[[[[2841426.42131321,-1842913.13635143],[2842354.10878644,-1842913.13649238],[2842354.10855528,-1844459.71599238],[2841240.88331802,-1844459.71582324],[2841240.88355101,-1842913.13632324],[2841426.42131321,-1842913.13635143]]]]},"ispaid":true,"iscomplete":false,"env":null}},{"type":"Feature","id":"10:ngdrapplications.18955","geometry":{"type":"Polygon","coordinates":[[[22.0898763,-15.24125987],[22.09487643,-15.24125987],[22.09487642,-15.26125823],[22.12487723,-15.26125824],[22.12487726,-15.19959662],[22.09320975,-15.1995966],[22.08987633,-15.1995966],[22.0898763,-15.24125987]]]},"geometry_name":"shapedata","properties":{"serviceid":"100","applicantid":"120230048478","systemid":"mmmd","datetime":null,"province":"Western","size":2455.48,"district":"Sikongo","applicantname":null,"caseid":"11169","code":"MMMD-0045640/4-2025","geom":{"type":"MultiPolygon","coordinates":[[[[2459033.7817802,-1717020.25422841],[2459590.39356265,-1717020.25451706],[2459590.39233653,-1719327.72753959],[2462930.06665212,-1719327.72927347],[2462930.07040571,-1712213.7236],[2459404.85911669,-1712213.721776],[2459033.78433587,-1712213.721584],[2459033.7817802,-1717020.25422841]]]]},"ispaid":true,"iscomplete":false,"env":null}},{"type":"Feature","id":"10:ngdrapplications.18957","geometry":{"type":"Polygon","coordinates":[[[22.18654563,-15.08793912],[22.19154576,-15.08793912],[22.19154576,-15.09460525],[22.18654563,-15.09460524],[22.18654563,-15.08793912]]]},"geometry_name":"shapedata","properties":{"serviceid":"102","applicantid":"120230048478","systemid":"mmmd","datetime":null,"province":"Western","size":39.79,"district":"Sikongo","applicantname":null,"caseid":"11170","code":"MMMD-0045641/4-2025","geom":{"type":"MultiPolygon","coordinates":[[[[2469794.96202893,-1699336.89635238],[2470351.57378182,-1699336.89663809],[2470351.57338204,-1700105.47273809],[2469794.96162862,-1700105.47245238],[2469794.96202893,-1699336.89635238]]]]},"ispaid":true,"iscomplete":false,"env":null}},{"type":"Feature","id":"10:ngdrapplications.18961","geometry":{"type":"Polygon","coordinates":[[[24.79161486,-15.95620284],[24.81328212,-15.95620285],[24.81328211,-15.98953348],[24.79328157,-15.98953348],[24.79328158,-15.9595359],[24.78494802,-15.9595359],[24.78494802,-15.94287058],[24.80994869,-15.94287059],[24.80994869,-15.95453631],[24.79161486,-15.95453631],[24.79161486,-15.95620284]]]},"geometry_name":"shapedata","properties":{"serviceid":"100","applicantid":"220220000169","systemid":"mmmd","datetime":null,"province":"Western","size":1185.38,"district":"Mulobezi","applicantname":null,"caseid":"11174","code":"MMMD-0045645/4-2025","geom":{"type":"MultiPolygon","coordinates":[[[[2759789.94248928,-1799651.36499592],[2762201.92996779,-1799651.36581371],[2762201.92904132,-1803510.71671377],[2759975.47930795,-1803510.71596024],[2759975.48015057,-1800037.27116024],[2759047.79272074,-1800037.27083861],[2759047.79319077,-1798107.80374041],[2761830.85482905,-1798107.80470367],[2761830.85450436,-1799458.41470367],[2759789.94253612,-1799458.41399728],[2759789.94248928,-1799651.36499592]]]]},"ispaid":true,"iscomplete":false,"env":null}},{"type":"Feature","id":"10:ngdrapplications.18963","geometry":{"type":"Polygon","coordinates":[[[22.35655059,-14.25300792],[22.37155099,-14.25300793],[22.37155097,-14.28467198],[22.35821728,-14.28467197],[22.3582173,-14.25634098],[22.35655059,-14.25634098],[22.35655059,-14.25300792]]]},"geometry_name":"shapedata","properties":{"serviceid":"100","applicantid":"220220000169","systemid":"mmmd","datetime":null,"province":"Western","size":512.57,"district":"Kalabo","applicantname":null,"caseid":"11175","code":"MMMD-0045646/4-2025","geom":{"type":"MultiPolygon","coordinates":[[[[2488719.82721213,-1603259.57054609],[2490389.66453126,-1603259.57135328],[2490389.66271473,-1606896.59993447],[2488905.36308943,-1606896.59921524],[2488905.36472028,-1603642.39157551],[2488719.82702027,-1603642.39148571],[2488719.82721213,-1603259.57054609]]]]},"ispaid":true,"iscomplete":false,"env":null}},{"type":"Feature","id":"10:ngdrapplications.18967","geometry":{"type":"Polygon","coordinates":[[[22.81989596,-14.83296034],[22.83156293,-14.83296035],[22.83156293,-14.8529587],[22.81989595,-14.8529587],[22.81989596,-14.83296034]]]},"geometry_name":"shapedata","properties":{"serviceid":"100","applicantid":"120130109218","systemid":"mmmd","datetime":null,"province":"Western","size":278.86,"district":"Kalabo","applicantname":null,"caseid":"11176","code":"MMMD-0045647/4-2025","geom":{"type":"MultiPolygon","coordinates":[[[[2540299.19795642,-1669956.90559469],[2541597.95992231,-1669956.90624993],[2541597.95889325,-1672259.96204993],[2540299.19692423,-1672259.96139469],[2540299.19795642,-1669956.90559469]]]]},"ispaid":true,"iscomplete":false,"env":null}},{"type":"Feature","id":"10:ngdrapplications.18969","geometry":{"type":"Polygon","coordinates":[[[25.38663113,-14.27800682],[25.39829811,-14.27800682],[25.39829811,-14.2996717],[25.38663113,-14.2996717],[25.38663113,-14.27800682]]]},"geometry_name":"shapedata","properties":{"serviceid":"100","applicantid":"120230048478","systemid":"mmmd","datetime":null,"province":"North-Western","size":302.86,"district":"Mufumbwe","applicantname":null,"caseid":"11177","code":"MMMD-0045648/4-2025","geom":{"type":"MultiPolygon","coordinates":[[[[2826026.85062915,-1606130.97739924],[2827325.61262948,-1606130.9775699],[2827325.6122151,-1608619.69170816],[2826026.85021098,-1608619.69153673],[2826026.85062915,-1606130.97739924]]]]},"ispaid":true,"iscomplete":false,"env":null}},{"type":"Feature","id":"10:ngdrapplications.18971","geometry":{"type":"Polygon","coordinates":[[[22.38155029,-16.04619459],[22.38321701,-16.04619459],[22.383217,-16.05119418],[22.383217,-16.04952765],[22.37988358,-16.04952765],[22.37988358,-16.05119418],[22.38155029,-16.05119418],[22.38155029,-16.05286072],[22.383217,-16.05286072],[22.383217,-16.05619378],[22.37988357,-16.05619378],[22.37988358,-16.04619459],[22.38155029,-16.04619459]]]},"geometry_name":"shapedata","properties":{"serviceid":"100","applicantid":"120060064262","systemid":"mmmd","datetime":null,"province":"Western","size":29.7,"district":"Shangombo","applicantname":null,"caseid":"11178","code":"MMMD-0045649/4-2025","geom":{"type":"MultiPolygon","coordinates":[[[[2491502.78171773,-1810072.97768783],[2491688.31950386,-1810072.97778939],[2491688.31916094,-1810652.09988938],[2491688.31927525,-1810459.05783075],[2491317.24377525,-1810459.05762743],[2491317.24366094,-1810652.09968628],[2491502.78137501,-1810652.09978783],[2491502.78126077,-1810845.14418784],[2491688.31904664,-1810845.14428939],[2491688.31881802,-1811231.23723075],[2491317.24331802,-1811231.23702743],[2491317.24400386,-1810072.97758628],[2491502.78171773,-1810072.97768783]]]]},"ispaid":true,"iscomplete":false,"env":null}},{"type":"Feature","id":"10:ngdrapplications.18973","geometry":{"type":"Polygon","coordinates":[[[26.46499318,-13.84470949],[26.4683266,-13.84470949],[26.4683266,-13.84804254],[26.46499318,-13.84804254],[26.46499318,-13.84470949]]]},"geometry_name":"shapedata","properties":{"serviceid":"100","applicantid":"120060064262","systemid":"mmmd","datetime":null,"province":"North-Western","size":13.34,"district":"Kasempa","applicantname":null,"caseid":"11181","code":"MMMD-0045652/4-2025","geom":{"type":"MultiPolygon","coordinates":[[[[2946069.56450704,-1556406.46921404],[2946440.63933298,-1556406.46919793],[2946440.63932286,-1556788.60789793],[2946069.56449678,-1556788.60791404],[2946069.56450704,-1556406.46921404]]]]},"ispaid":true,"iscomplete":false,"env":null}},{"type":"Feature","id":"10:ngdrapplications.18975","geometry":{"type":"Polygon","coordinates":[[[26.45332619,-14.05135902],[26.50499424,-14.05135902],[26.50499424,-14.08802265],[26.4549929,-14.08802265],[26.4549929,-14.05302555],[26.45332619,-14.05302555],[26.45332619,-14.05135902]]]},"geometry_name":"shapedata","properties":{"serviceid":"100","applicantid":"120060064262","systemid":"mmmd","datetime":null,"province":"North-Western","size":2202,"district":"Kasempa","applicantname":null,"caseid":"11182","code":"MMMD-0045653/4-2025","geom":{"type":"MultiPolygon","coordinates":[[[[2944770.80179308,-1580109.49386326],[2950522.46203745,-1580109.4936102],[2950522.46194206,-1584317.0949102],[2944956.33875133,-1584317.0951551],[2944956.33886327,-1580300.7334551],[2944770.8017877,-1580300.73346327],[2944770.80179308,-1580109.49386326]]]]},"ispaid":true,"iscomplete":false,"env":null}},{"type":"Feature","id":"10:ngdrapplications.18977","geometry":{"type":"Polygon","coordinates":[[[27.18501241,-15.17793302],[27.18501241,-15.17626646],[27.18334566,-15.17626646],[27.18334566,-15.1696003],[27.18167902,-15.1696003],[27.18167902,-15.16460071],[27.1883458,-15.16460071],[27.1883458,-15.16793384],[27.19001254,-15.16793384],[27.19001254,-15.17459989],[27.19167929,-15.17459989],[27.19167929,-15.17626646],[27.19334593,-15.17626646],[27.19334593,-15.17793302],[27.18501241,-15.17793302]]]},"geometry_name":"shapedata","properties":{"serviceid":"101","applicantid":"120220042527","systemid":"mmmd","datetime":null,"province":"Central","size":116.01,"district":"Mumbwa","applicantname":null,"caseid":"11187","code":"MMMD-0045658/4-2025","geom":{"type":"MultiPolygon","coordinates":[[[[3026221.7386,-1709714.8525],[3026221.7386,-1709522.6269],[3026036.1974,-1709522.6269],[3026036.1974,-1708753.7511],[3025850.6674,-1708753.7511],[3025850.6673,-1708177.113],[3026592.8097,-1708177.113],[3026592.8097,-1708561.5445],[3026778.3509,-1708561.5445],[3026778.3509,-1709330.4027],[3026963.8921,-1709330.4027],[3026963.8921,-1709522.6268],[3027149.4221,-1709522.6268],[3027149.4221,-1709714.8525],[3026221.7386,-1709714.8525]]]]},"ispaid":true,"iscomplete":false,"env":null}},{"type":"Feature","id":"10:ngdrapplications.18979","geometry":{"type":"Polygon","coordinates":[[[30.35342965,-13.58972997],[30.35342964,-13.56306559],[30.40009757,-13.56306557],[30.40009756,-13.52973495],[30.41009783,-13.52973494],[30.41009781,-13.4930714],[30.43009834,-13.49307139],[30.43009831,-13.41474453],[30.4900999,-13.4147445],[30.49009993,-13.50640356],[30.45343226,-13.50640357],[30.4534323,-13.58972993],[30.35342965,-13.58972997]]]},"geometry_name":"shapedata","properties":{"serviceid":"105","applicantid":"","systemid":"mmmd","datetime":null,"province":"Central","size":13490.94,"district":"Serenje","applicantname":null,"caseid":"11191","code":"MMMD-0045662/4-2025","geom":{"type":"MultiPolygon","coordinates":[[[[3378928.3324,-1527188.906],[3378928.3312,-1524135.3168],[3384123.382,-1524135.3148],[3384123.3805,-1520318.7933],[3385236.6049,-1520318.7928],[3385236.6032,-1516121.2523],[3387463.052,-1516121.2514],[3387463.0484,-1507155.9116],[3394142.3947,-1507155.9089],[3394142.3989,-1517647.5513],[3390060.5725,-1517647.553],[3390060.5763,-1527188.9015],[3378928.3324,-1527188.906]]]]},"ispaid":true,"iscomplete":false,"env":null}},{"type":"Feature","id":"10:ngdrapplications.18981","geometry":{"type":"Polygon","coordinates":[[[24.26160111,-14.49132231],[24.21993333,-14.49132229],[24.21993332,-14.531319],[24.2616011,-14.53131901],[24.26160111,-14.49132231]]]},"geometry_name":"shapedata","properties":{"serviceid":"102","applicantid":"120020050320","systemid":"mmmd","datetime":null,"province":"Western","size":1994.87,"district":"Kaoma, Lukulu","applicantname":null,"caseid":"11192","code":"MMMD-0045663/4-2025","geom":{"type":"MultiPolygon","coordinates":[[[[2700789.08141701,-1630645.7085265],[2696150.64587235,-1630645.70707616],[2696150.64442535,-1635244.84099877],[2700789.07999484,-1635244.84245456],[2700789.08141701,-1630645.7085265]]]]},"ispaid":true,"iscomplete":false,"env":null}},{"type":"Feature","id":"10:ngdrapplications.18983","geometry":{"type":"Polygon","coordinates":[[[24.27993493,-14.48298967],[24.28326835,-14.48298967],[24.28326835,-14.4846562],[24.27993493,-14.4846562],[24.27993493,-14.48298967]]]},"geometry_name":"shapedata","properties":{"serviceid":"111","applicantid":"5536055101","systemid":"mmmd","datetime":null,"province":"Western","size":6.65,"district":"Lukulu","applicantname":null,"caseid":"11198","code":"MMMD-0045669/4-2025","geom":{"type":"MultiPolygon","coordinates":[[[[2702829.99325431,-1629687.66142988],[2703201.06803301,-1629687.66154612],[2703201.06797427,-1629879.26794612],[2702829.99319548,-1629879.26782988],[2702829.99325431,-1629687.66142988]]]]},"ispaid":true,"iscomplete":false,"env":null}},{"type":"Feature","id":"10:ngdrapplications.18985","geometry":{"type":"Polygon","coordinates":[[[24.27326809,-14.48632273],[24.2749348,-14.48632273],[24.2749348,-14.48798925],[24.27326809,-14.48798925],[24.27326809,-14.48632273]]]},"geometry_name":"shapedata","properties":{"serviceid":"111","applicantid":"37369174321","systemid":"mmmd","datetime":null,"province":"Western","size":3.33,"district":"Lukulu","applicantname":null,"caseid":"11200","code":"MMMD-0045671/4-2025","geom":{"type":"MultiPolygon","coordinates":[[[[2702087.84360515,-1630070.87609739],[2702273.38063145,-1630070.87615551],[2702273.38057249,-1630262.48545551],[2702087.84354616,-1630262.48539739],[2702087.84360515,-1630070.87609739]]]]},"ispaid":true,"iscomplete":false,"env":null}},{"type":"Feature","id":"10:ngdrapplications.18987","geometry":{"type":"Polygon","coordinates":[[[31.02678009,-11.82487802],[31.0284468,-11.82487802],[31.0284468,-11.82654454],[31.02678009,-11.82654454],[31.02678009,-11.82487802]]]},"geometry_name":"shapedata","properties":{"serviceid":"111","applicantid":"420210084267","systemid":"mmmd","datetime":null,"province":"Muchinga","size":3.36,"district":"Kanchibiya","applicantname":null,"caseid":"11226","code":"MMMD-0045697/4-2025","geom":{"type":"MultiPolygon","coordinates":[[[[3453885.36027431,-1325784.84071238],[3454070.89797431,-1325784.84062476],[3454070.89805085,-1325974.37992476],[3453885.36035085,-1325974.38001238],[3453885.36027431,-1325784.84071238]]]]},"ispaid":true,"iscomplete":false,"env":null}},{"type":"Feature","id":"10:ngdrapplications.18989","geometry":{"type":"Polygon","coordinates":[[[24.21993332,-14.53298553],[24.2616011,-14.53298554],[24.26160109,-14.56964919],[24.21993331,-14.56964918],[24.21993332,-14.53298553]]]},"geometry_name":"shapedata","properties":{"serviceid":"100","applicantid":"120170009448","systemid":"mmmd","datetime":null,"province":"Western","size":1828.3,"district":"Kaoma","applicantname":null,"caseid":"11258","code":"MMMD-0045729/4-2025","geom":{"type":"MultiPolygon","coordinates":[[[[2696150.64436505,-1635436.48989877],[2700789.07993557,-1635436.49135456],[2700789.07863168,-1639653.12658261],[2696150.6430384,-1639653.12512139],[2696150.64436505,-1635436.48989877]]]]},"ispaid":true,"iscomplete":false,"env":null}},{"type":"Feature","id":"10:ngdrapplications.18995","geometry":{"type":"Polygon","coordinates":[[[23.1815722,-14.96128332],[23.1815722,-14.96461638],[23.18323892,-14.96461638],[23.18323892,-14.96128332],[23.1815722,-14.96128332]]]},"geometry_name":"shapedata","properties":{"serviceid":"102","applicantid":"120230057255","systemid":"mmmd","datetime":null,"province":"Western","size":6.64,"district":"Limulunga","applicantname":null,"caseid":"11276","code":"MMMD-0045747/4-2025","geom":{"type":"MultiPolygon","coordinates":[[[[2580560.81342495,-1684738.58446155],[2580560.81326886,-1685122.64116155],[2580746.35096886,-1685122.64125592],[2580746.35112495,-1684738.58455592],[2580560.81342495,-1684738.58446155]]]]},"ispaid":true,"iscomplete":false,"env":null}},{"type":"Feature","id":"10:ngdrapplications.19007","geometry":{"type":"Polygon","coordinates":[[[26.84333654,-12.48982274],[26.84333654,-12.53481895],[26.78833509,-12.53481896],[26.78833509,-12.48982274],[26.84333654,-12.48982274]]]},"geometry_name":"shapedata","properties":{"serviceid":"101","applicantid":"120200001307","systemid":"mmmd","datetime":null,"province":"North-Western","size":2987.32,"district":"Mushindano","applicantname":null,"caseid":"11286","code":"MMMD-0045757/4-2025","geom":{"type":"MultiPolygon","coordinates":[[[[2988186.5547,-1401504.7786],[2988186.5548,-1406635.5941],[2982063.821,-1406635.5942],[2982063.821,-1401504.7786],[2988186.5547,-1401504.7786]]]]},"ispaid":true,"iscomplete":false,"env":null}},{"type":"Feature","id":"10:ngdrapplications.19011","geometry":{"type":"Polygon","coordinates":[[[24.1499305,-17.37108939],[24.15326392,-17.3710894],[24.15326392,-17.36942286],[24.15993077,-17.36942286],[24.15993077,-17.36775632],[24.16159748,-17.36775632],[24.16159748,-17.37442247],[24.1499305,-17.37442246],[24.1499305,-17.37108939]]]},"geometry_name":"shapedata","properties":{"serviceid":"102","applicantid":"119990043254","systemid":"mmmd","datetime":null,"province":"Western","size":65.55,"district":"Sesheke","applicantname":null,"caseid":"11295","code":"MMMD-0045766/4-2025","geom":{"type":"MultiPolygon","coordinates":[[[[2688357.96597298,-1964065.15285061],[2688729.04083826,-1964065.15299123],[2688729.04090106,-1963870.77013428],[2689471.19071411,-1963870.7704151],[2689471.19077675,-1963676.38937249],[2689656.72855933,-1963676.3894428],[2689656.72830892,-1964453.9236428],[2688357.96584725,-1964453.92315061],[2688357.96597298,-1964065.15285061]]]]},"ispaid":true,"iscomplete":false,"env":null}},{"type":"Feature","id":"10:ngdrapplications.19017","geometry":{"type":"Polygon","coordinates":[[[22.04320832,-15.37624882],[22.08654281,-15.37624884],[22.08654279,-15.4012468],[22.0432083,-15.40124678],[22.04320832,-15.37624882]]]},"geometry_name":"shapedata","properties":{"serviceid":"102","applicantid":"119860014508","systemid":"mmmd","datetime":null,"province":"Western","size":1291.38,"district":"Sikongo","applicantname":null,"caseid":"11302","code":"MMMD-0045773/4-2025","geom":{"type":"MultiPolygon","coordinates":[[[[2453838.72529245,-1732599.97368756],[2458662.69870858,-1732599.97621186],[2458662.69717296,-1735486.21495584],[2453838.72374214,-1735486.21242588],[2453838.72529245,-1732599.97368756]]]]},"ispaid":true,"iscomplete":false,"env":null}},{"type":"Feature","id":"10:ngdrapplications.19029","geometry":{"type":"Polygon","coordinates":[[[31.41679143,-14.02469334],[31.4284584,-14.02469333],[31.4284584,-14.03135945],[31.43012511,-14.03135945],[31.43012512,-14.04302514],[31.41679144,-14.04302515],[31.41679143,-14.02469334]]]},"geometry_name":"shapedata","properties":{"serviceid":"100","applicantid":"120230058736","systemid":"mmmd","datetime":null,"province":"Eastern","size":279.87,"district":"Lusangazi, Petauke","applicantname":null,"caseid":"11670","code":"MMMD-0046141/4-2025","geom":{"type":"MultiPolygon","coordinates":[[[[3497301.22379958,-1577049.70285918],[3498599.98563929,-1577049.70212775],[3498599.986053,-1577814.5810957],[3498785.523053,-1577814.5809911],[3498785.52377701,-1579153.1730911],[3497301.22493444,-1579153.17392789],[3497301.22379958,-1577049.70285918]]]]},"ispaid":true,"iscomplete":false,"env":null}},{"type":"Feature","id":"10:ngdrapplications.19031","geometry":{"type":"Polygon","coordinates":[[[30.56176892,-14.39799619],[30.56843576,-14.39799619],[30.56843577,-14.41799453],[30.60677012,-14.41799452],[30.60677013,-14.4279937],[30.56176893,-14.42799371],[30.56176892,-14.39799619]]]},"geometry_name":"shapedata","properties":{"serviceid":"100","applicantid":"120241007397","systemid":"mmmd","datetime":null,"province":"Eastern","size":698.49,"district":"Nyimba","applicantname":null,"caseid":"11678","code":"MMMD-0046149/4-2025","geom":{"type":"MultiPolygon","coordinates":[[[[3402120.55367764,-1619917.56448824],[3402862.70312609,-1619917.56419045],[3402862.70414219,-1622216.06101456],[3407130.0646956,-1622216.05929973],[3407130.06520876,-1623365.38572133],[3402120.55519831,-1623365.38773733],[3402120.55367764,-1619917.56448824]]]]},"ispaid":true,"iscomplete":false,"env":null}},{"type":"Feature","id":"10:ngdrapplications.19039","geometry":{"type":"Polygon","coordinates":[[[31.39512404,-13.8197104],[31.39679075,-13.8197104],[31.39679076,-13.82304345],[31.39512405,-13.82304345],[31.39512404,-13.8197104]]]},"geometry_name":"shapedata","properties":{"serviceid":"111","applicantid":"249920711","systemid":"mmmd","datetime":null,"province":"Eastern","size":6.67,"district":"Lusangazi","applicantname":null,"caseid":"11710","code":"MMMD-0046181/4-2025","geom":{"type":"MultiPolygon","coordinates":[[[[3494889.22196119,-1553540.46911856],[3495074.75935851,-1553540.46902198],[3495074.75955494,-1553922.56670421],[3494889.22215754,-1553922.56680082],[3494889.22196119,-1553540.46911856]]]]},"ispaid":true,"iscomplete":false,"env":null}},{"type":"Feature","id":"10:ngdrapplications.19041","geometry":{"type":"Polygon","coordinates":[[[28.78005502,-14.94128542],[28.78005502,-14.92295359],[28.76672133,-14.92295359],[28.76672134,-14.94128543],[28.74005396,-14.94128543],[28.74005396,-14.95795073],[28.76672134,-14.95795072],[28.76672134,-14.94295195],[28.78005502,-14.94295195],[28.78005502,-14.94128542]]]},"geometry_name":"shapedata","properties":{"serviceid":"100","applicantid":"120241010457","systemid":"mmmd","datetime":null,"province":"Central","size":849.46,"district":"Chisamba","applicantname":null,"caseid":"11711","code":"MMMD-0046182/4-2025","geom":{"type":"MultiPolygon","coordinates":[[[[3203781.06996313,-1682434.42265469],[3203781.06941586,-1680322.41335469],[3202296.7702681,-1680322.41369864],[3202296.77081181,-1682434.42299864],[3199328.17180917,-1682434.42368653],[3199328.172297,-1684354.58773004],[3202296.77130613,-1684354.58704041],[3202296.77086124,-1682626.43234041],[3203781.07001288,-1682626.43199559],[3203781.06996313,-1682434.42265469]]]]},"ispaid":true,"iscomplete":false,"env":null}},{"type":"Feature","id":"10:ngdrapplications.19043","geometry":{"type":"Polygon","coordinates":[[[22.35488337,-15.23459387],[22.36488363,-15.23459388],[22.36488363,-15.24459306],[22.35488336,-15.24459306],[22.35488337,-15.23459387]]]},"geometry_name":"shapedata","properties":{"serviceid":"102","applicantid":"120060064262","systemid":"mmmd","datetime":null,"province":"Western","size":119.29,"district":"Sikongo","applicantname":null,"caseid":"11321","code":"MMMD-0045792/4-2025","geom":{"type":"MultiPolygon","coordinates":[[[[2488534.23350412,-1716251.15992702],[2489647.4578507,-1716251.16050432],[2489647.45727332,-1717404.83370432],[2488534.23292557,-1717404.83312702],[2488534.23350412,-1716251.15992702]]]]},"ispaid":true,"iscomplete":false,"env":null}},{"type":"Feature","id":"10:ngdrapplications.19045","geometry":{"type":"Polygon","coordinates":[[[22.34821664,-15.01794494],[22.34821664,-15.01961146],[22.34988335,-15.01961146],[22.34988335,-15.021278],[22.35155006,-15.021278],[22.35155006,-15.01961146],[22.35321677,-15.01961147],[22.35321677,-15.01794494],[22.35155006,-15.01794494],[22.34821664,-15.01794494]]]},"geometry_name":"shapedata","properties":{"serviceid":"102","applicantid":"120200009275","systemid":"mmmd","datetime":null,"province":"Western","size":13.27,"district":"Sikongo","applicantname":null,"caseid":"11328","code":"MMMD-0045799/4-2025","geom":{"type":"MultiPolygon","coordinates":[[[[2487792.09651165,-1691268.3159951],[2487792.09641513,-1691460.39413418],[2487977.63348891,-1691460.39422898],[2487977.63339245,-1691652.47452898],[2488163.17106629,-1691652.47462378],[2488163.17116268,-1691460.39432378],[2488348.70823645,-1691460.39441858],[2488348.70833278,-1691268.31627918],[2488163.17125907,-1691268.31618449],[2487792.09651165,-1691268.3159951]]]]},"ispaid":true,"iscomplete":false,"env":null}},{"type":"Feature","id":"10:ngdrapplications.19049","geometry":{"type":"Polygon","coordinates":[[[29.58340921,-13.32308583],[29.6284104,-13.32308581],[29.62841041,-13.3530833],[29.58340922,-13.35308332],[29.58340921,-13.32308583]]]},"geometry_name":"shapedata","properties":{"serviceid":"105","applicantid":"","systemid":"mmmd","datetime":null,"province":"Central","size":1624.07,"district":"Mkushi","applicantname":null,"caseid":"11338","code":"MMMD-0045809/4-2025","geom":{"type":"MultiPolygon","coordinates":[[[[3293210.04889556,-1496668.31190272],[3298219.55842454,-1496668.31004835],[3298219.55967972,-1500100.18821935],[3293210.05013105,-1500100.19007959],[3293210.04889556,-1496668.31190272]]]]},"ispaid":true,"iscomplete":false,"env":null}},{"type":"Feature","id":"10:ngdrapplications.19053","geometry":{"type":"Polygon","coordinates":[[[22.45988661,-14.36633194],[22.48822069,-14.36633195],[22.48822068,-14.39632947],[22.4598866,-14.39632946],[22.45988661,-14.36633194]]]},"geometry_name":"shapedata","properties":{"serviceid":"100","applicantid":"120220038275","systemid":"mmmd","datetime":null,"province":"Western","size":1017.98,"district":"Kalabo","applicantname":null,"caseid":"11345","code":"MMMD-0045816/4-2025","geom":{"type":"MultiPolygon","coordinates":[[[[2500223.14082799,-1616278.67513126],[2503377.27641046,-1616278.6766689],[2503377.27473433,-1619726.01066533],[2500223.13914015,-1619726.009124],[2500223.14082799,-1616278.67513126]]]]},"ispaid":true,"iscomplete":false,"env":null}},{"type":"Feature","id":"10:ngdrapplications.19055","geometry":{"type":"Polygon","coordinates":[[[22.12654431,-14.56298222],[22.12654431,-14.56464875],[22.12821103,-14.56464875],[22.12821103,-14.56298222],[22.12654431,-14.56298222]]]},"geometry_name":"shapedata","properties":{"serviceid":"111","applicantid":"22222111","systemid":"mmmd","datetime":null,"province":"Western","size":3.32,"district":"Sikongo","applicantname":null,"caseid":"11359","code":"MMMD-0045830/4-2025","geom":{"type":"MultiPolygon","coordinates":[[[[2463115.64609576,-1638886.31573665],[2463115.64599463,-1639077.99143665],[2463301.18375062,-1639077.99152841],[2463301.18385169,-1638886.31582841],[2463115.64609576,-1638886.31573665]]]]},"ispaid":true,"iscomplete":false,"env":null}},{"type":"Feature","id":"10:ngdrapplications.19057","geometry":{"type":"Polygon","coordinates":[[[22.0998766,-15.17459865],[22.10321003,-15.17459865],[22.10321002,-15.17626519],[22.0998766,-15.17626518],[22.0998766,-15.17459865]]]},"geometry_name":"shapedata","properties":{"serviceid":"111","applicantid":"419640000340","systemid":"mmmd","datetime":null,"province":"Western","size":6.63,"district":"Sikongo","applicantname":null,"caseid":"11370","code":"MMMD-0045841/4-2025","geom":{"type":"MultiPolygon","coordinates":[[[[2460147.01020856,-1709330.25931428],[2460518.0848884,-1709330.25950585],[2460518.08478645,-1709522.48010585],[2460147.01010655,-1709522.47991429],[2460147.01020856,-1709330.25931428]]]]},"ispaid":true,"iscomplete":false,"env":null}},{"type":"Feature","id":"10:ngdrapplications.19061","geometry":{"type":"Polygon","coordinates":[[[22.23321363,-14.91628655],[22.23488034,-14.91628655],[22.23654705,-14.91628655],[22.23654705,-14.91795308],[22.23488034,-14.91795308],[22.23321363,-14.91795308],[22.23321363,-14.91628655]]]},"geometry_name":"shapedata","properties":{"serviceid":"111","applicantid":"22222111","systemid":"mmmd","datetime":null,"province":"Western","size":6.64,"district":"Sikongo","applicantname":null,"caseid":"11373","code":"MMMD-0045844/4-2025","geom":{"type":"MultiPolygon","coordinates":[[[[2474990.01954824,-1679554.34867184],[2475175.55731797,-1679554.34876588],[2475361.09501797,-1679554.34885992],[2475361.09491908,-1679746.33655992],[2475175.55721908,-1679746.33646587],[2474990.01944929,-1679746.33637183],[2474990.01954824,-1679554.34867184]]]]},"ispaid":true,"iscomplete":false,"env":null}},{"type":"Feature","id":"10:ngdrapplications.19063","geometry":{"type":"Polygon","coordinates":[[[22.24321379,-15.11127057],[22.2448805,-15.11127057],[22.2448805,-15.11460364],[22.24321379,-15.11460363],[22.24321379,-15.11127057]]]},"geometry_name":"shapedata","properties":{"serviceid":"111","applicantid":"22222111","systemid":"mmmd","datetime":null,"province":"Western","size":6.63,"district":"Sikongo","applicantname":null,"caseid":"11374","code":"MMMD-0045845/4-2025","geom":{"type":"MultiPolygon","coordinates":[[[[2476103.23297502,-1702027.01972269],[2476288.76997502,-1702027.01981804],[2476288.76977746,-1702411.34741804],[2476103.23277746,-1702411.34732269],[2476103.23297502,-1702027.01972269]]]]},"ispaid":true,"iscomplete":false,"env":null}},{"type":"Feature","id":"10:ngdrapplications.19065","geometry":{"type":"Polygon","coordinates":[[[24.99662084,-13.96636591],[24.99828755,-13.96636591],[24.99828755,-13.96969897],[24.99662084,-13.96969897],[24.99662084,-13.96636591]]]},"geometry_name":"shapedata","properties":{"serviceid":"111","applicantid":"149454191","systemid":"mmmd","datetime":null,"province":"North-Western","size":6.67,"district":"Mufumbwe","applicantname":null,"caseid":"11790","code":"MMMD-0046261/4-2025","geom":{"type":"MultiPolygon","coordinates":[[[[2782611.10355951,-1570358.07960774],[2782796.64097411,-1570358.07964376],[2782796.64090084,-1570740.41942263],[2782611.10348617,-1570740.41938659],[2782611.10355951,-1570358.07960774]]]]},"ispaid":true,"iscomplete":false,"env":null}},{"type":"Feature","id":"10:ngdrapplications.19067","geometry":{"type":"Polygon","coordinates":[[[22.38655129,-14.45132489],[22.38821799,-14.45132489],[22.38821799,-14.45299141],[22.38655129,-14.45299141],[22.38655129,-14.45132489]]]},"geometry_name":"shapedata","properties":{"serviceid":"111","applicantid":"419640000340","systemid":"mmmd","datetime":null,"province":"Western","size":3.33,"district":"Kalabo","applicantname":null,"caseid":"11375","code":"MMMD-0045846/4-2025","geom":{"type":"MultiPolygon","coordinates":[[[[2492059.48980767,-1626047.3222594],[2492245.02680767,-1626047.32235039],[2492245.02671231,-1626238.90139208],[2492059.48971231,-1626238.90130098],[2492059.48980767,-1626047.3222594]]]]},"ispaid":true,"iscomplete":false,"env":null}},{"type":"Feature","id":"10:ngdrapplications.19069","geometry":{"type":"Polygon","coordinates":[[[26.01498102,-15.72955471],[26.01498102,-15.74955309],[26.0549821,-15.74955309],[26.0549821,-15.72955471],[26.01498102,-15.72955471]]]},"geometry_name":"shapedata","properties":{"serviceid":"100","applicantid":"120230057650","systemid":"mmmd","datetime":null,"province":"Southern","size":952.01,"district":"Itezhi-Tezhi","applicantname":null,"caseid":"11798","code":"MMMD-0046269/4-2025","geom":{"type":"MultiPolygon","coordinates":[[[[2895974.44061533,-1773424.74557559],[2895974.44044421,-1775737.67915412],[2900427.34002801,-1775737.67980457],[2900427.34018946,-1773424.74622343],[2895974.44061533,-1773424.74557559]]]]},"ispaid":true,"iscomplete":false,"env":null}},{"type":"Feature","id":"10:ngdrapplications.19071","geometry":{"type":"Polygon","coordinates":[[[22.12821087,-14.85962448],[22.12987757,-14.85962448],[22.12987757,-14.86129101],[22.13154429,-14.86129101],[22.13154429,-14.85962448],[22.13154429,-14.85795795],[22.12821087,-14.85795795],[22.12821087,-14.85962448]]]},"geometry_name":"shapedata","properties":{"serviceid":"102","applicantid":"120060064262","systemid":"mmmd","datetime":null,"province":"Western","size":9.96,"district":"Sikongo","applicantname":null,"caseid":"11412","code":"MMMD-0045883/4-2025","geom":{"type":"MultiPolygon","coordinates":[[[[2463301.16584914,-1673027.65584843],[2463486.70284914,-1673027.65594204],[2463486.70274793,-1673219.59246686],[2463672.24051551,-1673219.59256057],[2463672.24061666,-1673027.65603564],[2463672.2407178,-1672835.72026057],[2463301.16595035,-1672835.72007314],[2463301.16584914,-1673027.65584843]]]]},"ispaid":true,"iscomplete":false,"env":null}},{"type":"Feature","id":"10:ngdrapplications.19077","geometry":{"type":"Polygon","coordinates":[[[27.18501241,-15.17793302],[27.18501241,-15.17626646],[27.18334566,-15.17626646],[27.18334566,-15.1696003],[27.18167902,-15.1696003],[27.18167902,-15.16460071],[27.19501268,-15.16460071],[27.19501268,-15.16793384],[27.19001254,-15.16793384],[27.19001254,-15.17459989],[27.19167929,-15.17459989],[27.19167929,-15.17626646],[27.19334593,-15.17626646],[27.19334593,-15.17793302],[27.18501241,-15.17793302]]]},"geometry_name":"shapedata","properties":{"serviceid":"108","applicantid":"","systemid":"mmmd","datetime":null,"province":"Central","size":142.53,"district":"Mumbwa","applicantname":null,"caseid":"11450","code":"MMMD-0045921/4-2025","geom":{"type":"MultiPolygon","coordinates":[[[[3026221.7386,-1709714.8525],[3026221.7386,-1709522.6269],[3026036.1974,-1709522.6269],[3026036.1974,-1708753.7511],[3025850.6674,-1708753.7511],[3025850.6673,-1708177.113],[3027334.9632,-1708177.1129],[3027334.9632,-1708561.5445],[3026778.3509,-1708561.5445],[3026778.3509,-1709330.4027],[3026963.8921,-1709330.4027],[3026963.8921,-1709522.6268],[3027149.4221,-1709522.6268],[3027149.4221,-1709714.8525],[3026221.7386,-1709714.8525]]]]},"ispaid":true,"iscomplete":false,"env":null}},{"type":"Feature","id":"10:ngdrapplications.19079","geometry":{"type":"Polygon","coordinates":[[[27.18501241,-15.17793302],[27.18501241,-15.17626646],[27.18334566,-15.17626646],[27.18334566,-15.1696003],[27.18167902,-15.1696003],[27.18167902,-15.16460071],[27.19501268,-15.16460071],[27.19501268,-15.16793384],[27.19001254,-15.16793384],[27.19001254,-15.17459989],[27.19167929,-15.17459989],[27.19167929,-15.17626646],[27.19334593,-15.17626646],[27.19334593,-15.17793302],[27.18501241,-15.17793302]]]},"geometry_name":"shapedata","properties":{"serviceid":"108","applicantid":"","systemid":"mmmd","datetime":null,"province":"Central","size":142.53,"district":"Mumbwa","applicantname":null,"caseid":"11452","code":"MMMD-0045923/4-2025","geom":{"type":"MultiPolygon","coordinates":[[[[3026221.7386,-1709714.8525],[3026221.7386,-1709522.6269],[3026036.1974,-1709522.6269],[3026036.1974,-1708753.7511],[3025850.6674,-1708753.7511],[3025850.6673,-1708177.113],[3027334.9632,-1708177.1129],[3027334.9632,-1708561.5445],[3026778.3509,-1708561.5445],[3026778.3509,-1709330.4027],[3026963.8921,-1709330.4027],[3026963.8921,-1709522.6268],[3027149.4221,-1709522.6268],[3027149.4221,-1709714.8525],[3026221.7386,-1709714.8525]]]]},"ispaid":true,"iscomplete":false,"env":null}},{"type":"Feature","id":"10:ngdrapplications.19081","geometry":{"type":"Polygon","coordinates":[[[22.3898838,-16.13452079],[22.3915505,-16.13452079],[22.3915505,-16.13618732],[22.3898838,-16.13618732],[22.3898838,-16.13452079]]]},"geometry_name":"shapedata","properties":{"serviceid":"111","applicantid":"22222111","systemid":"mmmd","datetime":null,"province":"Western","size":3.3,"district":"Shangombo","applicantname":null,"caseid":"11461","code":"MMMD-0045932/4-2025","geom":{"type":"MultiPolygon","coordinates":[[[[2492430.46309636,-1820306.28850457],[2492616.00011367,-1820306.28860666],[2492615.99999957,-1820499.41334857],[2492430.4629822,-1820499.41324637],[2492430.46309636,-1820306.28850457]]]]},"ispaid":true,"iscomplete":false,"env":null}},{"type":"Feature","id":"10:ngdrapplications.19083","geometry":{"type":"Polygon","coordinates":[[[22.58322318,-14.45632456],[22.5865566,-14.45632456],[22.5865566,-14.4579911],[22.58322318,-14.45799109],[22.58322318,-14.45632456]]]},"geometry_name":"shapedata","properties":{"serviceid":"100","applicantid":"120220042527","systemid":"mmmd","datetime":null,"province":"Western","size":6.65,"district":"Kalabo","applicantname":null,"caseid":"11463","code":"MMMD-0045934/4-2025","geom":{"type":"MultiPolygon","coordinates":[[[[2513952.90453767,-1626622.07515102],[2514323.97928943,-1626622.07533322],[2514323.97919842,-1626813.65937858],[2513952.9044466,-1626813.6591966],[2513952.90453767,-1626622.07515102]]]]},"ispaid":true,"iscomplete":false,"env":null}},{"type":"Feature","id":"10:ngdrapplications.19085","geometry":{"type":"Polygon","coordinates":[[[27.18501241,-15.17793302],[27.18501241,-15.17626646],[27.18334566,-15.17626646],[27.18334566,-15.1696003],[27.18167902,-15.1696003],[27.18167902,-15.16460071],[27.19501268,-15.16460071],[27.19501268,-15.16793384],[27.19001254,-15.16793384],[27.19001254,-15.17459989],[27.19167929,-15.17459989],[27.19167929,-15.17626646],[27.19334593,-15.17626646],[27.19334593,-15.17793302],[27.18501241,-15.17793302]]]},"geometry_name":"shapedata","properties":{"serviceid":"108","applicantid":"","systemid":"mmmd","datetime":null,"province":"Central","size":142.53,"district":"Mumbwa","applicantname":null,"caseid":"11465","code":"MMMD-0045936/4-2025","geom":{"type":"MultiPolygon","coordinates":[[[[3026221.7386,-1709714.8525],[3026221.7386,-1709522.6269],[3026036.1974,-1709522.6269],[3026036.1974,-1708753.7511],[3025850.6674,-1708753.7511],[3025850.6673,-1708177.113],[3027334.9632,-1708177.1129],[3027334.9632,-1708561.5445],[3026778.3509,-1708561.5445],[3026778.3509,-1709330.4027],[3026963.8921,-1709330.4027],[3026963.8921,-1709522.6268],[3027149.4221,-1709522.6268],[3027149.4221,-1709714.8525],[3026221.7386,-1709714.8525]]]]},"ispaid":true,"iscomplete":false,"env":null}},{"type":"Feature","id":"10:ngdrapplications.19087","geometry":{"type":"Polygon","coordinates":[[[22.26154708,-16.04952759],[22.26321379,-16.04952759],[22.26321379,-16.05119412],[22.26154708,-16.05119412],[22.26154708,-16.04952759]]]},"geometry_name":"shapedata","properties":{"serviceid":"111","applicantid":"22222111","systemid":"mmmd","datetime":null,"province":"Western","size":3.3,"district":"Shangombo","applicantname":null,"caseid":"11473","code":"MMMD-0045944/4-2025","geom":{"type":"MultiPolygon","coordinates":[[[[2478144.08498923,-1810459.05040958],[2478329.62270323,-1810459.05051124],[2478329.62258582,-1810652.09257771],[2478144.08487175,-1810652.09247616],[2478144.08498923,-1810459.05040958]]]]},"ispaid":true,"iscomplete":false,"env":null}},{"type":"Feature","id":"10:ngdrapplications.19091","geometry":{"type":"Polygon","coordinates":[[[22.30154807,-16.18451671],[22.30321477,-16.18451671],[22.30321477,-16.18618324],[22.30154806,-16.18618324],[22.30154807,-16.18451671]]]},"geometry_name":"shapedata","properties":{"serviceid":"111","applicantid":"419640000340","systemid":"mmmd","datetime":null,"province":"Western","size":3.3,"district":"Shangombo","applicantname":null,"caseid":"11479","code":"MMMD-0045950/4-2025","geom":{"type":"MultiPolygon","coordinates":[[[[2482596.97459757,-1826100.74463763],[2482782.51169757,-1826100.74474016],[2482782.51158112,-1826293.91834016],[2482596.97448112,-1826293.91823763],[2482596.97459757,-1826100.74463763]]]]},"ispaid":true,"iscomplete":false,"env":null}},{"type":"Feature","id":"10:ngdrapplications.19093","geometry":{"type":"Polygon","coordinates":[[[24.46327248,-16.76447108],[24.46493919,-16.76447108],[24.4666059,-16.76447108],[24.4666059,-16.76280455],[24.46493919,-16.76280455],[24.46327248,-16.76280455],[24.46327248,-16.76447108]]]},"geometry_name":"shapedata","properties":{"serviceid":"111","applicantid":"419640000340","systemid":"mmmd","datetime":null,"province":"Western","size":6.58,"district":"Mwandi","applicantname":null,"caseid":"11484","code":"MMMD-0045955/4-2025","geom":{"type":"MultiPolygon","coordinates":[[[[2723239.03519694,-1893425.2278167],[2723424.57293839,-1893425.2278844],[2723610.11070912,-1893425.22795211],[2723610.11076406,-1893231.47675211],[2723424.57299337,-1893231.47668441],[2723239.03525198,-1893231.47661671],[2723239.03519694,-1893425.2278167]]]]},"ispaid":true,"iscomplete":false,"env":null}},{"type":"Feature","id":"10:ngdrapplications.19095","geometry":{"type":"Polygon","coordinates":[[[24.30326889,-14.49132232],[24.30326887,-14.53131903],[24.34993678,-14.53131904],[24.3499368,-14.49132233],[24.30326889,-14.49132232]]]},"geometry_name":"shapedata","properties":{"serviceid":"100","applicantid":"120020050320","systemid":"mmmd","datetime":null,"province":"Western","size":2234.26,"district":"Kaoma, Lukulu","applicantname":null,"caseid":"11485","code":"MMMD-0045956/4-2025","geom":{"type":"MultiPolygon","coordinates":[[[[2705427.51700887,-1630645.70997684],[2705427.51560998,-1635244.84391034],[2710622.56366098,-1635244.84554081],[2710622.56503272,-1630645.71160122],[2705427.51700887,-1630645.70997684]]]]},"ispaid":true,"iscomplete":false,"env":null}},{"type":"Feature","id":"10:ngdrapplications.19101","geometry":{"type":"Polygon","coordinates":[[[23.67325262,-13.19476315],[23.67325262,-13.19143009],[23.71325368,-13.1914301],[23.71325367,-13.21476149],[23.68491959,-13.21476148],[23.68491959,-13.20309579],[23.67325262,-13.20309578],[23.67325262,-13.19476315]]]},"geometry_name":"shapedata","properties":{"serviceid":"101","applicantid":"120220038275","systemid":"mmmd","datetime":null,"province":"North-Western","size":959.61,"district":"Kabompo","applicantname":null,"caseid":"11508","code":"MMMD-0045979/4-2025","geom":{"type":"MultiPolygon","coordinates":[[[[2635294.42700471,-1481992.28239303],[2635294.42715084,-1481611.19016743],[2639747.32418844,-1481611.19142914],[2639747.32317898,-1484278.94698558],[2636593.18784491,-1484278.94608816],[2636593.18835415,-1482945.03646179],[2635294.42663937,-1482945.03609303],[2635294.42700471,-1481992.28239303]]]]},"ispaid":true,"iscomplete":false,"env":null}},{"type":"Feature","id":"10:ngdrapplications.19103","geometry":{"type":"Polygon","coordinates":[[[23.65158539,-13.25809124],[23.65158543,-13.15310001],[23.71825379,-13.15310004],[23.71825379,-13.15143347],[23.76492173,-13.15143349],[23.7649217,-13.22809378],[23.76658845,-13.22809378],[23.76658844,-13.25809127],[23.65158539,-13.25809124]]]},"geometry_name":"shapedata","properties":{"serviceid":"101","applicantid":"120220038275","systemid":"mmmd","datetime":null,"province":"North-Western","size":531.57,"district":"Zambezi, Kabompo","applicantname":null,"caseid":"11518","code":"MMMD-0045989/4-2025","geom":{"type":"MultiPolygon","coordinates":[[[[2632882.4424,-1489234.0319],[2632882.4463,-1477229.0071],[2640303.9346,-1477229.0095],[2640303.9347,-1477038.4913],[2645498.9854,-1477038.4929],[2645498.9827,-1485803.5017],[2645684.5238,-1485803.5018],[2645684.5227,-1489234.036],[2632882.4424,-1489234.0319]]]]},"ispaid":true,"iscomplete":false,"env":null}},{"type":"Feature","id":"10:ngdrapplications.19105","geometry":{"type":"Polygon","coordinates":[[[33.05516699,-12.4148271],[33.05516699,-12.40816106],[33.04349998,-12.40816107],[33.04349998,-12.41149409],[32.75349237,-12.41149426],[32.75349236,-12.4098277],[32.70849118,-12.40982773],[32.70849111,-12.28483828],[32.88016231,-12.28483818],[32.88016236,-12.35816539],[32.90016288,-12.35816538],[32.90016289,-12.35983184],[32.89849614,-12.35983184],[32.89849615,-12.36983099],[32.90849641,-12.36983099],[32.90849642,-12.38482972],[32.91683004,-12.38482972],[32.91683004,-12.38649628],[32.9151633,-12.38649628],[32.9151633,-12.3898293],[32.91349655,-12.3898293],[32.91349656,-12.39316242],[32.91182991,-12.39316242],[32.91182991,-12.39649544],[32.91016317,-12.39649544],[32.91016317,-12.39982846],[32.90849643,-12.39982846],[32.90849643,-12.40316157],[32.90682979,-12.40316158],[32.90682979,-12.40816115],[32.92183018,-12.40816115],[32.92183018,-12.40316157],[32.92349683,-12.40316157],[32.92349682,-12.39816199],[32.92516357,-12.39816199],[32.92516356,-12.39316241],[32.92683031,-12.39316241],[32.9268303,-12.38816283],[32.92516356,-12.38816283],[32.92516356,-12.38649627],[32.92183017,-12.38649627],[32.92183017,-12.38482971],[32.93849721,-12.3848297],[32.93849718,-12.34150006],[32.89849613,-12.34150008],[32.89849611,-12.3081696],[33.03683314,-12.30816951],[33.0368332,-12.3948288],[33.05516698,-12.39482879],[33.05516698,-12.40482795],[33.07183412,-12.40482794],[33.07183413,-12.41482709],[33.05516699,-12.4148271]],[[32.81516117,-12.38649654],[32.8351622,-12.38649652],[32.83516219,-12.37649717],[32.84016132,-12.37649717],[32.8401613,-12.33983356],[32.7984935,-12.33983358],[32.79849351,-12.35483232],[32.79182674,-12.35483232],[32.79182676,-12.38482979],[32.81016054,-12.38482978],[32.81016053,-12.37649718],[32.81516116,-12.37649718],[32.81516117,-12.38649654]],[[32.84516145,-12.37316414],[32.87182885,-12.37316413],[32.87182883,-12.34649968],[32.84516143,-12.34649969],[32.84516145,-12.37316414]],[[32.9618312,-12.35649878],[32.97016472,-12.35649878],[32.97016471,-12.34649962],[32.9618312,-12.34649962],[32.96183119,-12.33483391],[32.94349731,-12.33483392],[32.94349732,-12.35149921],[32.9618312,-12.3514992],[32.9618312,-12.35649878]],[[32.87849564,-12.40316159],[32.90016291,-12.40316158],[32.9001629,-12.38816285],[32.87849563,-12.38816286],[32.87849564,-12.40316159]],[[32.84682821,-12.39816203],[32.86349525,-12.39816202],[32.86349524,-12.38149673],[32.8468282,-12.38149674],[32.84682821,-12.39816203]],[[33.03849985,-12.40649451],[33.04183333,-12.40649451],[33.04183333,-12.40482795],[33.03849985,-12.40482796],[33.03849985,-12.40649451]],[[33.04349998,-12.40649451],[33.04516672,-12.40649451],[33.04516672,-12.40316149],[33.04349998,-12.40316149],[33.04349998,-12.40649451]],[[33.02516619,-12.38816277],[33.02849957,-12.38816277],[33.02849957,-12.38649621],[33.02516618,-12.38649621],[33.02516619,-12.38816277]]]},"geometry_name":"shapedata","properties":{"serviceid":"108","applicantid":"","systemid":"mmmd","datetime":null,"province":"Eastern","size":38339.12,"district":"Lumezi, Lundazi","applicantname":null,"caseid":"11535","code":"MMMD-0046006/4-2025","geom":{"type":"MultiPolygon","coordinates":[[[[3679684.3574,-1392955.1788],[3679684.3569,-1392195.3613],[3678385.5917,-1392195.3621],[3678385.592,-1392575.2684],[3646102.0918,-1392575.2883],[3646102.0917,-1392385.3288],[3641092.583,-1392385.3318],[3641092.5746,-1378142.1103],[3660202.926,-1378142.0988],[3660202.931,-1386497.3046],[3662429.3793,-1386497.3032],[3662429.3794,-1386687.2137],[3662243.8384,-1386687.2138],[3662243.839,-1387826.7475],[3663357.0632,-1387826.7468],[3663357.0642,-1389536.1292],[3664284.7584,-1389536.1286],[3664284.7585,-1389726.0699],[3664099.2175,-1389726.07],[3664099.2177,-1390105.9447],[3663913.6766,-1390105.9448],[3663913.6769,-1390485.8358],[3663728.1469,-1390485.8359],[3663728.1472,-1390865.7204],[3663542.6061,-1390865.7205],[3663542.6063,-1391245.6098],[3663357.0653,-1391245.6099],[3663357.0655,-1391625.5154],[3663171.5356,-1391625.5155],[3663171.5359,-1392195.3716],[3664841.3721,-1392195.3706],[3664841.3718,-1391625.5145],[3665026.9017,-1391625.5144],[3665026.9014,-1391055.6693],[3665212.4424,-1391055.6692],[3665212.4421,-1390485.835],[3665397.9831,-1390485.8349],[3665397.9828,-1389916.0116],[3665212.4417,-1389916.0118],[3665212.4416,-1389726.0693],[3664841.3706,-1389726.0695],[3664841.3705,-1389536.1283],[3666696.7366,-1389536.1272],[3666696.7336,-1384598.1829],[3662243.8371,-1384598.1856],[3662243.8348,-1380800.324],[3677643.4427,-1380800.3145],[3677643.4488,-1390675.7632],[3679684.356,-1390675.7619],[3679684.3567,-1391815.4485],[3681539.7339,-1391815.4473],[3681539.7347,-1392955.1776],[3679684.3574,-1392955.1788]],[[3652967.0317,-1389726.0996],[3655193.5357,-1389726.0982],[3655193.535,-1388586.469],[3655750.0357,-1388586.4687],[3655750.0332,-1384408.281],[3651111.5956,-1384408.2838],[3651111.5966,-1386117.47],[3650369.4546,-1386117.4705],[3650369.4566,-1389536.1371],[3652410.3639,-1389536.1359],[3652410.3633,-1388586.4707],[3652967.031,-1388586.4703],[3652967.0317,-1389726.0996]],[[3656306.6476,-1388206.613],[3659275.249,-1388206.6112],[3659275.2472,-1385167.9089],[3656306.6457,-1385167.9107],[3656306.6476,-1388206.613]],[[3669294.2651,-1386307.3784],[3670221.9481,-1386307.3778],[3670221.9474,-1385167.9022],[3669294.2644,-1385167.9028],[3669294.2636,-1383838.5658],[3667253.3452,-1383838.567],[3667253.3464,-1385737.6364],[3669294.2647,-1385737.6351],[3669294.2651,-1386307.3784]],[[3660017.3931,-1391625.5175],[3662429.3824,-1391625.516],[3662429.3814,-1389916.0135],[3660017.392,-1389916.015],[3660017.3931,-1391625.5175]],[[3656492.1903,-1391055.6745],[3658347.5565,-1391055.6734],[3658347.5554,-1389156.2648],[3656492.1892,-1389156.266],[3656492.1903,-1391055.6745]],[[3677828.9795,-1392005.4054],[3678200.0617,-1392005.4052],[3678200.0615,-1391815.4494],[3677828.9794,-1391815.4496],[3677828.9795,-1392005.4054]],[[3678385.5916,-1392005.4051],[3678571.1327,-1392005.405],[3678571.1324,-1391625.506],[3678385.5914,-1391625.5061],[3678385.5916,-1392005.4051]],[[3676344.6831,-1389916.0048],[3676715.7541,-1389916.0046],[3676715.754,-1389726.0622],[3676344.683,-1389726.0624],[3676344.6831,-1389916.0048]]]]},"ispaid":true,"iscomplete":false,"env":null}},{"type":"Feature","id":"10:ngdrapplications.19107","geometry":{"type":"Polygon","coordinates":[[[27.18501241,-15.17793302],[27.18501241,-15.17626646],[27.18334566,-15.17626646],[27.18334566,-15.1696003],[27.18167902,-15.1696003],[27.18167902,-15.16460071],[27.19501268,-15.16460071],[27.19501268,-15.16793384],[27.19001254,-15.16793384],[27.19001254,-15.17459989],[27.19167929,-15.17459989],[27.19167929,-15.17626646],[27.19334593,-15.17626646],[27.19334593,-15.17793302],[27.18501241,-15.17793302]]]},"geometry_name":"shapedata","properties":{"serviceid":"108","applicantid":"","systemid":"mmmd","datetime":null,"province":"Central","size":142.53,"district":"Mumbwa","applicantname":null,"caseid":"11541","code":"MMMD-0046012/4-2025","geom":{"type":"MultiPolygon","coordinates":[[[[3026221.7386,-1709714.8525],[3026221.7386,-1709522.6269],[3026036.1974,-1709522.6269],[3026036.1974,-1708753.7511],[3025850.6674,-1708753.7511],[3025850.6673,-1708177.113],[3027334.9632,-1708177.1129],[3027334.9632,-1708561.5445],[3026778.3509,-1708561.5445],[3026778.3509,-1709330.4027],[3026963.8921,-1709330.4027],[3026963.8921,-1709522.6268],[3027149.4221,-1709522.6268],[3027149.4221,-1709714.8525],[3026221.7386,-1709714.8525]]]]},"ispaid":true,"iscomplete":false,"env":null}},{"type":"Feature","id":"10:ngdrapplications.19109","geometry":{"type":"Polygon","coordinates":[[[22.64489079,-15.85287704],[22.64822421,-15.85287704],[22.6465575,-15.85287704],[22.6465575,-15.85121051],[22.6465575,-15.84954398],[22.64489079,-15.84954398],[22.64489079,-15.85287704]]]},"geometry_name":"shapedata","properties":{"serviceid":"111","applicantid":"419640000340","systemid":"mmmd","datetime":null,"province":"Western","size":6.61,"district":"Nalolo","applicantname":null,"caseid":"11546","code":"MMMD-0046017/4-2025","geom":{"type":"MultiPolygon","coordinates":[[[[2520817.71183781,-1787691.35353151],[2521188.78665054,-1787691.353732],[2521003.24894418,-1787691.35363175],[2521003.24905138,-1787498.50179031],[2521003.24915859,-1787305.65223175],[2520817.71205235,-1787305.65213151],[2520817.71183781,-1787691.35353151]]]]},"ispaid":true,"iscomplete":false,"env":null}},{"type":"Feature","id":"10:ngdrapplications.19111","geometry":{"type":"Polygon","coordinates":[[[23.10823614,-16.58948458],[23.10990285,-16.58948458],[23.10990285,-16.59115111],[23.10823614,-16.59115111],[23.10823614,-16.58948458]]]},"geometry_name":"shapedata","properties":{"serviceid":"111","applicantid":"1111222211100","systemid":"mmmd","datetime":null,"province":"Western","size":3.29,"district":"Sioma","applicantname":null,"caseid":"11552","code":"MMMD-0046023/4-2025","geom":{"type":"MultiPolygon","coordinates":[[[[2572397.0801497,-1873090.48889143],[2572582.6179497,-1873090.48899657],[2572582.61785429,-1873284.06468539],[2572397.08005429,-1873284.06458013],[2572397.0801497,-1873090.48889143]]]]},"ispaid":true,"iscomplete":false,"env":null}},{"type":"Feature","id":"10:ngdrapplications.19113","geometry":{"type":"Polygon","coordinates":[[[24.21826661,-14.53298553],[24.17326541,-14.53298552],[24.1732654,-14.56964916],[24.2182666,-14.56964917],[24.21826661,-14.53298553]]]},"geometry_name":"shapedata","properties":{"serviceid":"102","applicantid":"120020050320","systemid":"mmmd","datetime":null,"province":"Western","size":1974.57,"district":"Kaoma","applicantname":null,"caseid":"11563","code":"MMMD-0046034/4-2025","geom":{"type":"MultiPolygon","coordinates":[[[[2695965.10663785,-1635436.48984054],[2690955.59631292,-1635436.4882683],[2690955.59496137,-1639653.12348481],[2695965.10531048,-1639653.12506294],[2695965.10663785,-1635436.48984054]]]]},"ispaid":true,"iscomplete":false,"env":null}},{"type":"Feature","id":"10:ngdrapplications.19115","geometry":{"type":"Polygon","coordinates":[[[24.32660261,-15.23292814],[24.32660261,-15.23459467],[24.32826932,-15.23459467],[24.32826932,-15.23292814],[24.32660261,-15.23292814]]]},"geometry_name":"shapedata","properties":{"serviceid":"102","applicantid":"120230057255","systemid":"mmmd","datetime":null,"province":"Western","size":3.31,"district":"Luampa","applicantname":null,"caseid":"11578","code":"MMMD-0046048/4-2025","geom":{"type":"MultiPolygon","coordinates":[[[[2708025.01532282,-1716058.97866892],[2708025.01526489,-1716251.25176892],[2708210.55234656,-1716251.25183009],[2708210.55240443,-1716058.97873009],[2708025.01532282,-1716058.97866892]]]]},"ispaid":true,"iscomplete":false,"env":null}},{"type":"Feature","id":"10:ngdrapplications.19117","geometry":{"type":"Polygon","coordinates":[[[23.41491098,-16.75113845],[23.4182444,-16.75113845],[23.4182444,-16.75280498],[23.41491097,-16.75280498],[23.41491098,-16.75113845]]]},"geometry_name":"shapedata","properties":{"serviceid":"102","applicantid":"120230057255","systemid":"mmmd","datetime":null,"province":"Western","size":6.58,"district":"Sioma","applicantname":null,"caseid":"11584","code":"MMMD-0046054/4-2025","geom":{"type":"MultiPolygon","coordinates":[[[[2606535.96671214,-1891875.22062424],[2606907.04155344,-1891875.22075943],[2606907.04146607,-1892068.96005943],[2606535.9666247,-1892068.95992424],[2606535.96671214,-1891875.22062424]]]]},"ispaid":true,"iscomplete":false,"env":null}},{"type":"Feature","id":"10:ngdrapplications.19119","geometry":{"type":"Polygon","coordinates":[[[23.04156779,-16.38783407],[23.04156779,-16.3895006],[23.0432345,-16.3895006],[23.0432345,-16.38783407],[23.04490121,-16.38783407],[23.04490121,-16.3895006],[23.04656792,-16.3895006],[23.04656792,-16.38783407],[23.04656792,-16.38616753],[23.04156779,-16.38616753],[23.04156779,-16.38783407]]]},"geometry_name":"shapedata","properties":{"serviceid":"102","applicantid":"119860014508","systemid":"mmmd","datetime":null,"province":"Western","size":16.47,"district":"Sioma","applicantname":null,"caseid":"11585","code":"MMMD-0046055/4-2025","geom":{"type":"MultiPolygon","coordinates":[[[[2564975.5935551,-1849680.11247347],[2564975.59345804,-1849873.48647347],[2565161.13055804,-1849873.48657731],[2565161.1306551,-1849680.1125773],[2565346.66838225,-1849680.11268114],[2565346.66828525,-1849873.48668114],[2565532.20538526,-1849873.48678498],[2565532.20548225,-1849680.11278498],[2565532.20557925,-1849486.73978498],[2564975.59365216,-1849486.73947347],[2564975.5935551,-1849680.11247347]]]]},"ispaid":true,"iscomplete":false,"env":null}},{"type":"Feature","id":"10:ngdrapplications.19121","geometry":{"type":"Polygon","coordinates":[[[22.44821874,-16.04952769],[22.44988545,-16.04952769],[22.44988545,-16.05119422],[22.44821874,-16.05119422],[22.44821874,-16.04952769]]]},"geometry_name":"shapedata","properties":{"serviceid":"100","applicantid":"120241007475","systemid":"mmmd","datetime":null,"province":"Western","size":3.3,"district":"Shangombo","applicantname":null,"caseid":"11588","code":"MMMD-0046058/4-2025","geom":{"type":"MultiPolygon","coordinates":[[[[2498924.27975326,-1810459.06179548],[2499109.81686726,-1810459.06189714],[2499109.81675477,-1810652.10395143],[2498924.2796407,-1810652.10384987],[2498924.27975326,-1810459.06179548]]]]},"ispaid":true,"iscomplete":false,"env":null}},{"type":"Feature","id":"10:ngdrapplications.19123","geometry":{"type":"Polygon","coordinates":[[[23.89659055,-16.76113782],[23.89825726,-16.76113782],[23.89825726,-16.76447088],[23.89659055,-16.76447088],[23.89659055,-16.76113782]]]},"geometry_name":"shapedata","properties":{"serviceid":"100","applicantid":"120060064262","systemid":"mmmd","datetime":null,"province":"Western","size":6.58,"district":"Sesheke","applicantname":null,"caseid":"11594","code":"MMMD-0046064/4-2025","geom":{"type":"MultiPolygon","coordinates":[[[[2660156.29178812,-1893037.70345828],[2660341.82892944,-1893037.70352588],[2660341.8287919,-1893425.20486617],[2660156.29165045,-1893425.20479847],[2660156.29178812,-1893037.70345828]]]]},"ispaid":true,"iscomplete":false,"env":null}},{"type":"Feature","id":"10:ngdrapplications.19127","geometry":{"type":"Polygon","coordinates":[[[22.77156069,-16.13785406],[22.77322739,-16.13785406],[22.77322739,-16.13952059],[22.77156068,-16.13952059],[22.77156069,-16.13785406]]]},"geometry_name":"shapedata","properties":{"serviceid":"100","applicantid":"120060064262","systemid":"mmmd","datetime":null,"province":"Western","size":3.3,"district":"Shangombo","applicantname":null,"caseid":"11608","code":"MMMD-0046078/4-2025","geom":{"type":"MultiPolygon","coordinates":[[[[2534918.54006995,-1820692.5636511],[2535104.07710481,-1820692.5637533],[2535104.07700081,-1820885.6917533],[2534918.53996582,-1820885.6916511],[2534918.54006995,-1820692.5636511]]]]},"ispaid":true,"iscomplete":false,"env":null}},{"type":"Feature","id":"10:ngdrapplications.19129","geometry":{"type":"Polygon","coordinates":[[[23.73991961,-16.90445965],[23.74325303,-16.90445966],[23.74325303,-16.90612619],[23.7399196,-16.90612618],[23.73991961,-16.90445965]]]},"geometry_name":"shapedata","properties":{"serviceid":"100","applicantid":"120060064262","systemid":"mmmd","datetime":null,"province":"Western","size":6.57,"district":"Sesheke","applicantname":null,"caseid":"11609","code":"MMMD-0046079/4-2025","geom":{"type":"MultiPolygon","coordinates":[[[[2642715.76194318,-1909706.41168441],[2643086.83679013,-1909706.4118209],[2643086.83671751,-1909900.30802089],[2642715.7618705,-1909900.3078844],[2642715.76194318,-1909706.41168441]]]]},"ispaid":true,"iscomplete":false,"env":null}},{"type":"Feature","id":"10:ngdrapplications.19131","geometry":{"type":"Polygon","coordinates":[[[24.72661275,-17.34775812],[24.72994618,-17.34775812],[24.72994618,-17.34942465],[24.72661275,-17.34942465],[24.72661275,-17.34775812]]]},"geometry_name":"shapedata","properties":{"serviceid":"102","applicantid":"120060064262","systemid":"mmmd","datetime":null,"province":"Western","size":6.56,"district":"Mwandi","applicantname":null,"caseid":"11610","code":"MMMD-0046080/4-2025","geom":{"type":"MultiPolygon","coordinates":[[[[2752553.94089218,-1961343.98258449],[2752925.01575655,-1961343.9827249],[2752925.01570786,-1961538.34183028],[2752553.94084343,-1961538.34169009],[2752553.94089218,-1961343.98258449]]]]},"ispaid":true,"iscomplete":false,"env":null}},{"type":"Feature","id":"10:ngdrapplications.19135","geometry":{"type":"Polygon","coordinates":[[[26.58166302,-12.51982022],[26.58166303,-12.50315502],[26.41165853,-12.50315502],[26.41165853,-12.41649561],[26.46832663,-12.41649561],[26.46832663,-12.42982779],[26.4899939,-12.42982779],[26.4899939,-12.41649561],[26.51832795,-12.41649561],[26.51832795,-12.39316428],[26.4783269,-12.39316428],[26.4783269,-12.29817228],[26.49166065,-12.29817228],[26.49166065,-12.31150446],[26.49999417,-12.31150446],[26.49999417,-12.31817059],[26.58499642,-12.3181706],[26.58499641,-12.39149772],[26.66833192,-12.39149772],[26.66833192,-12.41149603],[26.55999575,-12.41149603],[26.55999575,-12.44982611],[26.65166488,-12.44982611],[26.65166487,-12.51982022],[26.58166302,-12.51982022]],[[26.4483261,-12.45315922],[26.47332676,-12.45315922],[26.47332676,-12.43482737],[26.4483261,-12.43482737],[26.4483261,-12.45315922]]]},"geometry_name":"shapedata","properties":{"serviceid":"105","applicantid":"","systemid":"mmmd","datetime":null,"province":"North-Western","size":9087.08,"district":"Solwezi, Mushindano","applicantname":null,"caseid":"11614","code":"MMMD-0046084/4-2025","geom":{"type":"MultiPolygon","coordinates":[[[[2959057.1923,-1404925.2229],[2959057.1924,-1403024.9346],[2940132.3788,-1403024.9342],[2940132.3791,-1393145.3639],[2946440.6428,-1393145.3641],[2946440.6428,-1394665.0789],[2948852.6325,-1394665.0789],[2948852.6326,-1393145.3642],[2952006.7644,-1393145.3642],[2952006.7645,-1390486.0479],[2947553.8672,-1390486.0478],[2947553.8675,-1379661.2678],[2949038.174,-1379661.2679],[2949038.1739,-1381180.2947],[2949965.8571,-1381180.2947],[2949965.8571,-1381939.8427],[2959428.2637,-1381939.8429],[2959428.2636,-1390296.1019],[2968705.1291,-1390296.102],[2968705.1291,-1392575.4901],[2956645.2028,-1392575.49],[2956645.2027,-1396944.8031],[2966849.7627,-1396944.8032],[2966849.7626,-1404925.223],[2959057.1923,-1404925.2229]],[[2944214.1941,-1397324.7815],[2946997.2549,-1397324.7815],[2946997.2549,-1395234.9934],[2944214.1941,-1395234.9933],[2944214.1941,-1397324.7815]]]]},"ispaid":true,"iscomplete":false,"env":null}},{"type":"Feature","id":"10:ngdrapplications.19137","geometry":{"type":"Polygon","coordinates":[[[23.99325986,-16.63614785],[23.99325986,-16.63448132],[23.99492658,-16.63448132],[23.99492657,-16.63614785],[23.99325986,-16.63614785]]]},"geometry_name":"shapedata","properties":{"serviceid":"111","applicantid":"420210086235","systemid":"mmmd","datetime":null,"province":"Western","size":3.29,"district":"Sesheke","applicantname":null,"caseid":"11615","code":"MMMD-0046085/4-2025","geom":{"type":"MultiPolygon","coordinates":[[[[2670917.47016022,-1878511.29149259],[2670917.47022666,-1878317.6704926],[2671103.00799484,-1878317.67055975],[2671103.00792843,-1878511.29155975],[2670917.47016022,-1878511.29149259]]]]},"ispaid":true,"iscomplete":false,"env":null}},{"type":"Feature","id":"10:ngdrapplications.19143","geometry":{"type":"Polygon","coordinates":[[[23.59824952,-15.92453834],[23.59991624,-15.92453834],[23.59991624,-15.92620487],[23.59824952,-15.92620487],[23.59824952,-15.92453834]]]},"geometry_name":"shapedata","properties":{"serviceid":"111","applicantid":"420210086235","systemid":"mmmd","datetime":null,"province":"Western","size":3.3,"district":"Senanga","applicantname":null,"caseid":"11620","code":"MMMD-0046090/4-2025","geom":{"type":"MultiPolygon","coordinates":[[[[2626945.12061692,-1795985.5299967],[2627130.65837121,-1795985.53006081],[2627130.65829547,-1796178.45216081],[2626945.12054115,-1796178.4520967],[2626945.12061692,-1795985.5299967]]]]},"ispaid":true,"iscomplete":false,"env":null}},{"type":"Feature","id":"10:ngdrapplications.19145","geometry":{"type":"Polygon","coordinates":[[[24.15326445,-15.81788049],[24.15493115,-15.81788049],[24.15493115,-15.81954702],[24.15326445,-15.81954702],[24.15326445,-15.81788049]]]},"geometry_name":"shapedata","properties":{"serviceid":"111","applicantid":"56665555","systemid":"mmmd","datetime":null,"province":"Western","size":3.3,"district":"Senanga","applicantname":null,"caseid":"11621","code":"MMMD-0046091/4-2025","geom":{"type":"MultiPolygon","coordinates":[[[[2688729.09912571,-1783641.87686019],[2688914.63623013,-1783641.87692375],[2688914.6361679,-1783834.69628081],[2688729.09906342,-1783834.69621714],[2688729.09912571,-1783641.87686019]]]]},"ispaid":true,"iscomplete":false,"env":null}},{"type":"Feature","id":"10:ngdrapplications.19147","geometry":{"type":"Polygon","coordinates":[[[23.95159235,-15.86287678],[23.95492578,-15.86287678],[23.95492578,-15.86454331],[23.95325907,-15.86454331],[23.95159235,-15.86454331],[23.95159235,-15.86287678]]]},"geometry_name":"shapedata","properties":{"serviceid":"100","applicantid":"120220041823","systemid":"mmmd","datetime":null,"province":"Western","size":6.61,"district":"Senanga","applicantname":null,"caseid":"11622","code":"MMMD-0046092/4-2025","geom":{"type":"MultiPolygon","coordinates":[[[[2666279.06453409,-1788848.55995643],[2666650.13934026,-1788848.560084],[2666650.13927317,-1789041.423084],[2666464.60222005,-1789041.42302021],[2666279.06446694,-1789041.42295643],[2666279.06453409,-1788848.55995643]]]]},"ispaid":true,"iscomplete":false,"env":null}},{"type":"Feature","id":"10:ngdrapplications.19153","geometry":{"type":"Polygon","coordinates":[[[24.00992751,-15.14126887],[24.01159422,-15.14126887],[24.01159422,-15.14293539],[24.00992751,-15.14293539],[24.00992751,-15.14126887]]]},"geometry_name":"shapedata","properties":{"serviceid":"111","applicantid":"420210086235","systemid":"mmmd","datetime":null,"province":"Western","size":3.32,"district":"Luampa","applicantname":null,"caseid":"11636","code":"MMMD-0046106/4-2025","geom":{"type":"MultiPolygon","coordinates":[[[[2672772.90413839,-1705486.26705624],[2672958.44187741,-1705486.26711698],[2672958.44181192,-1705678.45666468],[2672772.90407286,-1705678.45660383],[2672772.90413839,-1705486.26705624]]]]},"ispaid":true,"iscomplete":false,"env":null}},{"type":"Feature","id":"10:ngdrapplications.19159","geometry":{"type":"Polygon","coordinates":[[[23.47324661,-15.06294177],[23.47491332,-15.06294177],[23.47491332,-15.0646083],[23.4732466,-15.0646083],[23.47324661,-15.06294177]]]},"geometry_name":"shapedata","properties":{"serviceid":"111","applicantid":"420210086235","systemid":"mmmd","datetime":null,"province":"Western","size":3.32,"district":"Limulunga","applicantname":null,"caseid":"11654","code":"MMMD-0046124/4-2025","geom":{"type":"MultiPolygon","coordinates":[[[[2613029.85935915,-1696455.02227458],[2613215.39705915,-1696455.0223351],[2613215.39698746,-1696647.1417351],[2613029.85928746,-1696647.14167458],[2613029.85935915,-1696455.02227458]]]]},"ispaid":true,"iscomplete":false,"env":null}},{"type":"Feature","id":"10:ngdrapplications.19161","geometry":{"type":"Polygon","coordinates":[[[23.44991243,-15.64622752],[23.45157914,-15.64622752],[23.45157913,-15.64789405],[23.44991243,-15.64789405],[23.44991243,-15.64622752]]]},"geometry_name":"shapedata","properties":{"serviceid":"111","applicantid":"22222111","systemid":"mmmd","datetime":null,"province":"Western","size":3.31,"district":"Senanga","applicantname":null,"caseid":"11660","code":"MMMD-0046130/4-2025","geom":{"type":"MultiPolygon","coordinates":[[[[2610432.31054671,-1763789.8959698],[2610617.84764504,-1763789.89603271],[2610617.84757269,-1763982.55333271],[2610432.31047429,-1763982.5532698],[2610432.31054671,-1763789.8959698]]]]},"ispaid":true,"iscomplete":false,"env":null}},{"type":"Feature","id":"10:ngdrapplications.19163","geometry":{"type":"Polygon","coordinates":[[[24.20159874,-16.814467],[24.20326546,-16.814467],[24.20326546,-16.81613353],[24.20159874,-16.81613353],[24.20159874,-16.814467]]]},"geometry_name":"shapedata","properties":{"serviceid":"111","applicantid":"22222111","systemid":"mmmd","datetime":null,"province":"Western","size":6.58,"district":"Sesheke","applicantname":null,"caseid":"11663","code":"MMMD-0046133/4-2025","geom":{"type":"MultiPolygon","coordinates":[[[[2694109.64853427,-1899238.55474781],[2694295.18630598,-1899238.55481561],[2694295.18624461,-1899432.35947583],[2694109.64847287,-1899432.35940792],[2694109.64853427,-1899238.55474781]]]]},"ispaid":true,"iscomplete":false,"env":null}},{"type":"Feature","id":"10:ngdrapplications.19165","geometry":{"type":"Polygon","coordinates":[[[23.95825894,-16.58281877],[23.95992565,-16.58281878],[23.95992565,-16.58448531],[23.95825894,-16.58448531],[23.95825894,-16.58281877]]]},"geometry_name":"shapedata","properties":{"serviceid":"100","applicantid":"120060064262","systemid":"mmmd","datetime":null,"province":"Western","size":3.29,"district":"Sesheke","applicantname":null,"caseid":"11680","code":"MMMD-0046150/4-2025","geom":{"type":"MultiPolygon","coordinates":[[[[2667021.18583966,-1872316.23919387],[2667206.72297399,-1872316.23926081],[2667206.72290679,-1872509.80886081],[2667021.18577239,-1872509.80879387],[2667021.18583966,-1872316.23919387]]]]},"ispaid":true,"iscomplete":false,"env":null}},{"type":"Feature","id":"10:ngdrapplications.19167","geometry":{"type":"Polygon","coordinates":[[[23.87492358,-15.9911997],[23.8765903,-15.99119971],[23.8765903,-15.99286623],[23.87492358,-15.99286623],[23.87492358,-15.9911997]]]},"geometry_name":"shapedata","properties":{"serviceid":"111","applicantid":"1111222211100","systemid":"mmmd","datetime":null,"province":"Western","size":3.3,"district":"Senanga","applicantname":null,"caseid":"11681","code":"MMMD-0046151/4-2025","geom":{"type":"MultiPolygon","coordinates":[[[[2657744.33613737,-1803703.66521632],[2657929.87389296,-1803703.66528065],[2657929.8738239,-1803896.65091953],[2657744.33606828,-1803896.6508551],[2657744.33613737,-1803703.66521632]]]]},"ispaid":true,"iscomplete":false,"env":null}},{"type":"Feature","id":"10:ngdrapplications.19169","geometry":{"type":"Polygon","coordinates":[[[23.79658776,-17.01945051],[23.79992118,-17.01945051],[23.79992118,-17.02111704],[23.79658776,-17.02111704],[23.79658776,-17.01945051]]]},"geometry_name":"shapedata","properties":{"serviceid":"111","applicantid":"22222111","systemid":"mmmd","datetime":null,"province":"Western","size":6.57,"district":"Sesheke","applicantname":null,"caseid":"11718","code":"MMMD-0046188/4-2025","geom":{"type":"MultiPolygon","coordinates":[[[[2649024.03193155,-1923089.31167303],[2649395.10683448,-1923089.31181061],[2649395.10676322,-1923283.32681061],[2649024.03186017,-1923283.32667303],[2649024.03193155,-1923089.31167303]]]]},"ispaid":true,"iscomplete":false,"env":null}},{"type":"Feature","id":"10:ngdrapplications.19171","geometry":{"type":"Polygon","coordinates":[[[24.04659518,-15.08960643],[24.04826188,-15.08960643],[24.04826188,-15.09127297],[24.0499286,-15.09127297],[24.0515953,-15.09127297],[24.0515953,-15.08960644],[24.05159531,-15.0879399],[24.04659518,-15.0879399],[24.04659518,-15.08960643]]]},"geometry_name":"shapedata","properties":{"serviceid":"100","applicantid":"119950034894","systemid":"mmmd","datetime":null,"province":"Western","size":16.58,"district":"Luampa","applicantname":null,"caseid":"11720","code":"MMMD-0046190/4-2025","geom":{"type":"MultiPolygon","coordinates":[[[[2676854.73019586,-1699529.12864242],[2677040.26733388,-1699529.12870304],[2677040.26726927,-1699721.27215295],[2677225.80494537,-1699721.27221347],[2677411.34204537,-1699721.27227398],[2677411.34210991,-1699529.1288243],[2677411.34217445,-1699336.98687398],[2676854.7302605,-1699336.98669243],[2676854.73019586,-1699529.12864242]]]]},"ispaid":true,"iscomplete":false,"env":null}},{"type":"Feature","id":"10:ngdrapplications.19173","geometry":{"type":"Polygon","coordinates":[[[24.06492873,-15.86620988],[24.06659544,-15.86620988],[24.06659544,-15.86787641],[24.06492873,-15.86787641],[24.06492873,-15.86620988]]]},"geometry_name":"shapedata","properties":{"serviceid":"102","applicantid":"119950034894","systemid":"mmmd","datetime":null,"province":"Western","size":3.3,"district":"Senanga","applicantname":null,"caseid":"11721","code":"MMMD-0046191/4-2025","geom":{"type":"MultiPolygon","coordinates":[[[[2678895.61196432,-1789234.29119363],[2679081.14901747,-1789234.29125741],[2679081.14895308,-1789427.15745741],[2678895.6118999,-1789427.15739363],[2678895.61196432,-1789234.29119363]]]]},"ispaid":true,"iscomplete":false,"env":null}},{"type":"Feature","id":"10:ngdrapplications.19175","geometry":{"type":"Polygon","coordinates":[[[24.43660535,-15.91287289],[24.43827206,-15.91287289],[24.43827206,-15.91453943],[24.43660535,-15.91453943],[24.43660535,-15.91287289]]]},"geometry_name":"shapedata","properties":{"serviceid":"102","applicantid":"119950034894","systemid":"mmmd","datetime":null,"province":"Western","size":3.3,"district":"Mulobezi","applicantname":null,"caseid":"11722","code":"MMMD-0046192/4-2025","geom":{"type":"MultiPolygon","coordinates":[[[[2720270.46388099,-1794635.154168],[2720456.00163505,-1794635.154232],[2720456.00157963,-1794828.06520756],[2720270.46382554,-1794828.06514345],[2720270.46388099,-1794635.154168]]]]},"ispaid":true,"iscomplete":false,"env":null}},{"type":"Feature","id":"10:ngdrapplications.19177","geometry":{"type":"Polygon","coordinates":[[[23.99326009,-15.99453281],[23.99326009,-15.99286627],[23.9949268,-15.99286627],[23.9949268,-15.99453281],[23.99326009,-15.99453281]]]},"geometry_name":"shapedata","properties":{"serviceid":"102","applicantid":"119950034894","systemid":"mmmd","datetime":null,"province":"Western","size":3.3,"district":"Senanga","applicantname":null,"caseid":"11723","code":"MMMD-0046193/4-2025","geom":{"type":"MultiPolygon","coordinates":[[[[2670917.49569687,-1804089.64343001],[2670917.49576309,-1803896.65543001],[2671103.03351872,-1803896.65549445],[2671103.03345253,-1804089.64349444],[2670917.49569687,-1804089.64343001]]]]},"ispaid":true,"iscomplete":false,"env":null}},{"type":"Feature","id":"10:ngdrapplications.19179","geometry":{"type":"Polygon","coordinates":[[[23.96159213,-17.23443349],[23.96492555,-17.23443349],[23.96492555,-17.23610002],[23.96159213,-17.23610002],[23.96159213,-17.23443349]]]},"geometry_name":"shapedata","properties":{"serviceid":"102","applicantid":"119950034894","systemid":"mmmd","datetime":null,"province":"Western","size":6.56,"district":"Sesheke","applicantname":null,"caseid":"11725","code":"MMMD-0046195/4-2025","geom":{"type":"MultiPolygon","coordinates":[[[[2667392.23443209,-1948131.63428307],[2667763.30929201,-1948131.63442261],[2667763.30922467,-1948325.87462261],[2667392.23436469,-1948325.87448307],[2667392.23443209,-1948131.63428307]]]]},"ispaid":true,"iscomplete":false,"env":null}},{"type":"Feature","id":"10:ngdrapplications.19183","geometry":{"type":"Polygon","coordinates":[[[23.88159004,-17.03278281],[23.88492347,-17.03278281],[23.88492347,-17.03611588],[23.88159004,-17.03611588],[23.88159004,-17.03278281]]]},"geometry_name":"shapedata","properties":{"serviceid":"102","applicantid":"120060064262","systemid":"mmmd","datetime":null,"province":"Western","size":13.13,"district":"Sesheke","applicantname":null,"caseid":"11739","code":"MMMD-0046209/4-2025","geom":{"type":"MultiPolygon","coordinates":[[[[2658486.44262398,-1924641.48608128],[2658857.51817596,-1924641.48621886],[2658857.5180375,-1925029.54691885],[2658486.44248539,-1925029.54678128],[2658486.44262398,-1924641.48608128]]]]},"ispaid":true,"iscomplete":false,"env":null}},{"type":"Feature","id":"10:ngdrapplications.19185","geometry":{"type":"Polygon","coordinates":[[[25.68330546,-16.08452594],[25.68497216,-16.08452594],[25.68497216,-16.087859],[25.68330546,-16.087859],[25.68330546,-16.08452594]]]},"geometry_name":"shapedata","properties":{"serviceid":"111","applicantid":"22222111","systemid":"mmmd","datetime":null,"province":"Southern","size":6.6,"district":"Itezhi-Tezhi","applicantname":null,"caseid":"11742","code":"MMMD-0046212/4-2025","geom":{"type":"MultiPolygon","coordinates":[[[[2859052.48526164,-1814513.41820204],[2859238.02237647,-1814513.4182298],[2859238.02232618,-1814899.57267282],[2859052.48521122,-1814899.57264517],[2859052.48526164,-1814513.41820204]]]]},"ispaid":true,"iscomplete":false,"env":null}},{"type":"Feature","id":"10:ngdrapplications.19187","geometry":{"type":"Polygon","coordinates":[[[23.52158081,-16.08119232],[23.52491424,-16.08119232],[23.52491423,-16.08452538],[23.52158081,-16.08452538],[23.52158081,-16.08119232]]]},"geometry_name":"shapedata","properties":{"serviceid":"100","applicantid":"120241007475","systemid":"mmmd","datetime":null,"province":"Western","size":13.2,"district":"Senanga","applicantname":null,"caseid":"11754","code":"MMMD-0046224/4-2025","geom":{"type":"MultiPolygon","coordinates":[[[[2618410.39887014,-1814127.2056419],[2618781.47368538,-1814127.20577143],[2618781.47351693,-1814513.35367143],[2618410.39870157,-1814513.3535419],[2618410.39887014,-1814127.2056419]]]]},"ispaid":true,"iscomplete":false,"env":null}},{"type":"Feature","id":"10:ngdrapplications.19189","geometry":{"type":"Polygon","coordinates":[[[24.09992946,-16.46282845],[24.10326288,-16.46282845],[24.10326288,-16.46616152],[24.09992946,-16.46616152],[24.09992946,-16.46282845]]]},"geometry_name":"shapedata","properties":{"serviceid":"100","applicantid":"120230057255","systemid":"mmmd","datetime":null,"province":"Western","size":13.17,"district":"Sesheke","applicantname":null,"caseid":"11755","code":"MMMD-0046225/4-2025","geom":{"type":"MultiPolygon","coordinates":[[[[2682791.87588709,-1858383.64911632],[2683162.95078153,-1858383.64924911],[2683162.95065412,-1858770.5496028],[2682791.87575948,-1858770.54946979],[2682791.87588709,-1858383.64911632]]]]},"ispaid":true,"iscomplete":false,"env":null}},{"type":"Feature","id":"10:ngdrapplications.19191","geometry":{"type":"Polygon","coordinates":[[[24.32660229,-16.2628446],[24.32993571,-16.26284461],[24.32993571,-16.26617767],[24.32660229,-16.26617767],[24.32660229,-16.2628446]]]},"geometry_name":"shapedata","properties":{"serviceid":"100","applicantid":"120000044131","systemid":"mmmd","datetime":null,"province":"Western","size":13.19,"district":"Mulobezi","applicantname":null,"caseid":"11756","code":"MMMD-0046226/4-2025","geom":{"type":"MultiPolygon","coordinates":[[[[2708024.97943144,-1835181.78909981],[2708396.05431415,-1835181.78923086],[2708396.05419789,-1835568.29253086],[2708024.97931499,-1835568.29239981],[2708024.97943144,-1835181.78909981]]]]},"ispaid":true,"iscomplete":false,"env":null}},{"type":"Feature","id":"10:ngdrapplications.19193","geometry":{"type":"Polygon","coordinates":[[[26.76333445,-17.60273828],[26.78666848,-17.60273828],[26.78666848,-17.6127375],[26.78166835,-17.6127375],[26.78166835,-17.6177371],[26.77333472,-17.6177371],[26.77333472,-17.62273671],[26.76333445,-17.62273671],[26.76333445,-17.60273828]]]},"geometry_name":"shapedata","properties":{"serviceid":"101","applicantid":"120220041823","systemid":"mmmd","datetime":null,"province":"Southern","size":219.32,"district":"Zimba","applicantname":null,"caseid":"11758","code":"MMMD-0046228/4-2025","geom":{"type":"MultiPolygon","coordinates":[[[[2979280.7632,-1991101.6874],[2981878.2957,-1991101.6874],[2981878.2957,-1992269.5072],[2981321.6832,-1992269.5072],[2981321.6832,-1992853.4413],[2980393.9882,-1992853.4413],[2980393.9882,-1993437.3917],[2979280.7632,-1993437.3917],[2979280.7632,-1991101.6874]]]]},"ispaid":true,"iscomplete":false,"env":null}},{"type":"Feature","id":"10:ngdrapplications.19195","geometry":{"type":"Polygon","coordinates":[[[23.87825701,-15.97620092],[23.87825701,-15.97786745],[23.87992373,-15.97786745],[23.87992373,-15.97620092],[23.87825701,-15.97620092]]]},"geometry_name":"shapedata","properties":{"serviceid":"111","applicantid":"419640000340","systemid":"mmmd","datetime":null,"province":"Western","size":3.3,"district":"Senanga","applicantname":null,"caseid":"11763","code":"MMMD-0046233/4-2025","geom":{"type":"MultiPolygon","coordinates":[[[[2658115.4115697,-1801966.86344498],[2658115.41150069,-1802159.83454498],[2658300.94925602,-1802159.8346093],[2658300.949325,-1801966.8635093],[2658115.4115697,-1801966.86344498]]]]},"ispaid":true,"iscomplete":false,"env":null}},{"type":"Feature","id":"10:ngdrapplications.19197","geometry":{"type":"Polygon","coordinates":[[[28.53671538,-15.83454601],[28.53671537,-15.77788401],[28.5750497,-15.777884],[28.57504971,-15.83454601],[28.53671538,-15.83454601]],[[28.56504944,-15.81454763],[28.56671618,-15.81454763],[28.56671618,-15.8112146],[28.56504944,-15.8112146],[28.56504944,-15.81454763]]]},"geometry_name":"shapedata","properties":{"serviceid":"101","applicantid":"120220042527","systemid":"mmmd","datetime":null,"province":"Lusaka","size":561.79,"district":"Kafue","applicantname":null,"caseid":"11764","code":"MMMD-0046234/4-2025","geom":{"type":"MultiPolygon","coordinates":[[[[3176692.6255,-1785570.1694],[3176692.624,-1779014.7112],[3180959.9817,-1779014.7102],[3180959.9833,-1785570.1684],[3176692.6255,-1785570.1694]],[[3179846.758,-1783256.2651],[3180032.2992,-1783256.2651],[3180032.2991,-1782870.6406],[3179846.7579,-1782870.6407],[3179846.758,-1783256.2651]]]]},"ispaid":true,"iscomplete":false,"env":null}},{"type":"Feature","id":"10:ngdrapplications.19199","geometry":{"type":"Polygon","coordinates":[[[23.7149193,-15.98786659],[23.71825272,-15.98786659],[23.71825272,-15.98953312],[23.7149193,-15.98953312],[23.7149193,-15.98786659]]]},"geometry_name":"shapedata","properties":{"serviceid":"102","applicantid":"120220042527","systemid":"mmmd","datetime":null,"province":"Western","size":6.6,"district":"Senanga","applicantname":null,"caseid":"11765","code":"MMMD-0046235/4-2025","geom":{"type":"MultiPolygon","coordinates":[[[[2639932.74021251,-1803317.6918693],[2640303.81507909,-1803317.69199817],[2640303.81500619,-1803510.67446963],[2639932.74013952,-1803510.67434098],[2639932.74021251,-1803317.6918693]]]]},"ispaid":true,"iscomplete":false,"env":null}},{"type":"Feature","id":"10:ngdrapplications.19211","geometry":{"type":"Polygon","coordinates":[[[26.36832398,-12.55815035],[26.36832398,-12.49482235],[26.34332333,-12.49482231],[26.34332333,-12.51148761],[26.31832267,-12.51148761],[26.31832267,-12.51648719],[26.31332253,-12.51648719],[26.31332253,-12.52981937],[26.27998835,-12.52981937],[26.27998835,-12.50815459],[26.3233228,-12.50815459],[26.32332279,-12.48648971],[26.35832372,-12.48648971],[26.35832372,-12.45982529],[26.34332333,-12.45982526],[26.34332333,-12.4331609],[26.34665682,-12.4331609],[26.34665682,-12.44316006],[26.38332439,-12.44316006],[26.38332439,-12.45649224],[26.38165774,-12.45649224],[26.38165774,-12.48149014],[26.379991,-12.48149014],[26.379991,-12.50648803],[26.37832425,-12.50648803],[26.37832425,-12.53148593],[26.37832425,-12.53315249],[26.37665761,-12.53315249],[26.37665761,-12.55815039],[26.37165747,-12.55815039],[26.37165747,-12.55648383],[26.36999073,-12.55648383],[26.36999073,-12.55815039],[26.36832398,-12.55815035]]]},"geometry_name":"shapedata","properties":{"serviceid":"108","applicantid":"","systemid":"mmmd","datetime":null,"province":"North-Western","size":4228.17,"district":"Solwezi, Kalumbila","applicantname":null,"caseid":"11806","code":"MMMD-0046276/4-2025","geom":{"type":"MultiPolygon","coordinates":[[[[2935308.39872693,-1409296.37229244],[2935308.39899405,-1402074.82809404],[2932525.3386,-1402074.8243],[2932525.3385,-1403975.0627],[2929742.2777,-1403975.0626],[2929742.2777,-1404545.1569],[2929185.6655,-1404545.1569],[2929185.6654,-1406065.4585],[2925474.9214,-1406065.4583],[2925474.9215,-1403595.0095],[2930298.8899,-1403595.0097],[2930298.88855041,-1401124.75653867],[2934195.17416694,-1401124.75673619],[2934195.17428276,-1398084.73403714],[2932525.3387,-1398084.7303],[2932525.3388,-1395045.0278],[2932896.421,-1395045.0278],[2932896.421,-1396184.8825],[2936978.2361,-1396184.8827],[2936978.236,-1397704.7534],[2936792.706,-1397704.7534],[2936792.7059,-1400554.7289],[2936607.1648,-1400554.7289],[2936607.1647,-1403404.9796],[2936421.6237,-1403404.9796],[2936421.62300735,-1406255.50574868],[2936421.6235,-1406445.555],[2936236.0936,-1406445.555],[2936236.0935,-1409296.3766],[2935679.4813,-1409296.3766],[2935679.4813,-1409106.3094],[2935493.9402,-1409106.3094],[2935493.9402,-1409296.3766],[2935308.39872693,-1409296.37229244]]]]},"ispaid":true,"iscomplete":false,"env":null}},{"type":"Feature","id":"10:ngdrapplications.19213","geometry":{"type":"Polygon","coordinates":[[[26.51332782,-12.58814787],[26.51332782,-12.66314157],[26.48832715,-12.66314157],[26.48832716,-12.64647627],[26.48166038,-12.64647627],[26.48166038,-12.63814367],[26.46665998,-12.63814367],[26.46665998,-12.63314409],[26.46499324,-12.63314409],[26.46499324,-12.61481223],[26.45499297,-12.61481223],[26.45499297,-12.61814535],[26.43665919,-12.61814535],[26.43665919,-12.61314577],[26.4333257,-12.61314577],[26.4333257,-12.60814619],[26.42665893,-12.60814619],[26.42665893,-12.59648047],[26.42332544,-12.59648047],[26.42332544,-12.59148089],[26.41665866,-12.59148089],[26.41665866,-12.57648215],[26.40165827,-12.57648215],[26.40165827,-12.57314913],[26.39832478,-12.57314913],[26.39832478,-12.56814955],[26.38999126,-12.56814955],[26.38999126,-12.55815039],[26.44999284,-12.55815039],[26.44999284,-12.58648131],[26.45665972,-12.58648131],[26.45665972,-12.58814787],[26.51332782,-12.58814787]]]},"geometry_name":"shapedata","properties":{"serviceid":"108","applicantid":"","systemid":"mmmd","datetime":null,"province":"North-Western","size":6746.71,"district":"Solwezi, Mushindano","applicantname":null,"caseid":"11812","code":"MMMD-0046282/4-2025","geom":{"type":"MultiPolygon","coordinates":[[[[2951450.1518,-1412717.7289],[2951450.1517,-1421272.8611],[2948667.0908,-1421272.8611],[2948667.0909,-1419371.4998],[2947924.9487,-1419371.4998],[2947924.9487,-1418420.8714],[2946255.1122,-1418420.8714],[2946255.1122,-1417850.507],[2946069.5711,-1417850.507],[2946069.5712,-1415759.2586],[2944956.3469,-1415759.2586],[2944956.3468,-1416139.4806],[2942915.4393,-1416139.4806],[2942915.4393,-1415569.1608],[2942544.3571,-1415569.1607],[2942544.3571,-1414998.8521],[2941802.215,-1414998.852],[2941802.215,-1413668.1713],[2941431.1328,-1413668.1713],[2941431.1328,-1413097.8997],[2940688.9907,-1413097.8997],[2940688.9907,-1411387.1516],[2939019.1542,-1411387.1515],[2939019.1543,-1411007.0027],[2938648.0721,-1411007.0027],[2938648.0721,-1410436.7829],[2937720.3888,-1410436.7829],[2937720.3889,-1409296.3767],[2944399.7349,-1409296.3769],[2944399.7348,-1412527.6393],[2945141.888,-1412527.6393],[2945141.888,-1412717.7287],[2951450.1518,-1412717.7289]]]]},"ispaid":true,"iscomplete":false,"env":null}},{"type":"Feature","id":"10:ngdrapplications.19215","geometry":{"type":"Polygon","coordinates":[[[23.90992428,-16.65447969],[23.9132577,-16.65447969],[23.9132577,-16.65614622],[23.90992428,-16.65614622],[23.90992428,-16.65447969]]]},"geometry_name":"shapedata","properties":{"serviceid":"111","applicantid":"420210086235","systemid":"mmmd","datetime":null,"province":"Western","size":6.58,"district":"Sesheke","applicantname":null,"caseid":"11813","code":"MMMD-0046283/4-2025","geom":{"type":"MultiPolygon","coordinates":[[[[2661640.59567805,-1880641.23517583],[2662011.67058376,-1880641.23531037],[2662011.67051538,-1880834.87651036],[2661640.59560958,-1880834.87637583],[2661640.59567805,-1880641.23517583]]]]},"ispaid":true,"iscomplete":false,"env":null}},{"type":"Feature","id":"10:ngdrapplications.19217","geometry":{"type":"Polygon","coordinates":[[[23.46824607,-16.05286125],[23.47157949,-16.05286125],[23.47157949,-16.05452778],[23.46824606,-16.05452778],[23.46824607,-16.05286125]]]},"geometry_name":"shapedata","properties":{"serviceid":"111","applicantid":"1111222211100","systemid":"mmmd","datetime":null,"province":"Western","size":6.6,"district":"Senanga","applicantname":null,"caseid":"11814","code":"MMMD-0046284/4-2025","geom":{"type":"MultiPolygon","coordinates":[[[[2612473.20179204,-1810845.20625731],[2612844.27660617,-1810845.20638661],[2612844.27652054,-1811038.25178661],[2612473.20170634,-1811038.2516573],[2612473.20179204,-1810845.20625731]]]]},"ispaid":true,"iscomplete":false,"env":null}},{"type":"Feature","id":"10:ngdrapplications.19219","geometry":{"type":"Polygon","coordinates":[[[23.87492326,-16.85446369],[23.88492354,-16.85446369],[23.88492353,-16.86279636],[23.87492326,-16.86279636],[23.87492326,-16.85446369]]]},"geometry_name":"shapedata","properties":{"serviceid":"100","applicantid":"120110090255","systemid":"mmmd","datetime":null,"province":"Western","size":98.6,"district":"Sesheke","applicantname":null,"caseid":"11817","code":"MMMD-0046287/4-2025","geom":{"type":"MultiPolygon","coordinates":[[[[2657744.30027252,-1903890.31563469],[2658857.52557996,-1903890.31604285],[2658857.52523414,-1904859.55948228],[2657744.29992555,-1904859.55907347],[2657744.30027252,-1903890.31563469]]]]},"ispaid":true,"iscomplete":false,"env":null}},{"type":"Feature","id":"10:ngdrapplications.19221","geometry":{"type":"Polygon","coordinates":[[[25.69663916,-15.97120176],[25.7016393,-15.97120176],[25.7016393,-15.97286829],[25.69663916,-15.97286829],[25.69663916,-15.97120176]]]},"geometry_name":"shapedata","properties":{"serviceid":"100","applicantid":"120230058223","systemid":"mmmd","datetime":null,"province":"Southern","size":9.91,"district":"Itezhi-Tezhi","applicantname":null,"caseid":"11822","code":"MMMD-0046292/4-2025","geom":{"type":"MultiPolygon","coordinates":[[[[2860536.78632747,-1801388.00875086],[2861093.39894827,-1801388.00883314],[2861093.39892353,-1801580.97589121],[2860536.7863026,-1801580.9758086],[2860536.78632747,-1801388.00875086]]]]},"ispaid":true,"iscomplete":false,"env":null}},{"type":"Feature","id":"10:ngdrapplications.19223","geometry":{"type":"Polygon","coordinates":[[[23.83658926,-15.9028735],[23.83658925,-15.90620657],[23.83825597,-15.90620657],[23.83825597,-15.9028735],[23.83658926,-15.9028735]]]},"geometry_name":"shapedata","properties":{"serviceid":"102","applicantid":"120110090255","systemid":"mmmd","datetime":null,"province":"Western","size":6.61,"district":"Senanga","applicantname":null,"caseid":"11824","code":"MMMD-0046294/4-2025","geom":{"type":"MultiPolygon","coordinates":[[[[2653476.97823597,-1793477.701228],[2653476.97809597,-1793863.504828],[2653662.5158499,-1793863.504892],[2653662.51598983,-1793477.701292],[2653476.97823597,-1793477.701228]]]]},"ispaid":true,"iscomplete":false,"env":null}},{"type":"Feature","id":"10:ngdrapplications.19225","geometry":{"type":"Polygon","coordinates":[[[24.12659703,-15.92120545],[24.12993045,-15.92120545],[24.12993045,-15.92287198],[24.12659703,-15.92287198],[24.12659703,-15.92120545]]]},"geometry_name":"shapedata","properties":{"serviceid":"111","applicantid":"1111222211100","systemid":"mmmd","datetime":null,"province":"Western","size":6.61,"district":"Senanga","applicantname":null,"caseid":"11825","code":"MMMD-0046295/4-2025","geom":{"type":"MultiPolygon","coordinates":[[[[2685760.49593238,-1795599.71151921],[2686131.57074083,-1795599.71164743],[2686131.57067795,-1795792.63054743],[2685760.49586944,-1795792.63041921],[2685760.49593238,-1795599.71151921]]]]},"ispaid":true,"iscomplete":false,"env":null}},{"type":"Feature","id":"10:ngdrapplications.19227","geometry":{"type":"Polygon","coordinates":[[[23.65825064,-17.15277319],[23.65991735,-17.15277319],[23.65991735,-17.15610626],[23.65825064,-17.15610626],[23.65825064,-17.15277319]]]},"geometry_name":"shapedata","properties":{"serviceid":"102","applicantid":"120110090255","systemid":"mmmd","datetime":null,"province":"Western","size":6.56,"district":"Sesheke","applicantname":null,"caseid":"11826","code":"MMMD-0046296/4-2025","geom":{"type":"MultiPolygon","coordinates":[[[[2633624.41392706,-1938616.01088666],[2633809.95170541,-1938616.010956],[2633809.95155593,-1939004.32098073],[2633624.41377751,-1939004.32091129],[2633624.41392706,-1938616.01088666]]]]},"ispaid":true,"iscomplete":false,"env":null}},{"type":"Feature","id":"10:ngdrapplications.19231","geometry":{"type":"Polygon","coordinates":[[[26.34165661,-12.46149182],[26.34332332,-12.46149182],[26.34332332,-12.46315835],[26.34165661,-12.46315834],[26.34165661,-12.46149182]]]},"geometry_name":"shapedata","properties":{"serviceid":"111","applicantid":"000888002","systemid":"mmmd","datetime":null,"province":"North-Western","size":3.35,"district":"Solwezi","applicantname":null,"caseid":"11850","code":"MMMD-0046320/4-2025","geom":{"type":"MultiPolygon","coordinates":[[[[2932339.80065837,-1398274.72667347],[2932525.33770138,-1398274.72669469],[2932525.33769385,-1398464.71979469],[2932339.80065082,-1398464.71977347],[2932339.80065837,-1398274.72667347]]]]},"ispaid":true,"iscomplete":false,"env":null}},{"type":"Feature","id":"10:ngdrapplications.19233","geometry":{"type":"Polygon","coordinates":[[[25.25496129,-12.36150014],[25.25496131,-12.25484243],[25.25662805,-12.25484243],[25.25662805,-12.25317597],[25.25996144,-12.25317597],[25.25996144,-12.25150941],[25.26329483,-12.25150941],[25.26329483,-12.24984285],[25.26662832,-12.24984285],[25.26662832,-12.2481764],[25.2699617,-12.2481764],[25.2699617,-12.24650984],[25.27496184,-12.24650984],[25.27496185,-12.16318357],[25.33663018,-12.16318358],[25.33663017,-12.19651406],[25.34496369,-12.19651406],[25.34496369,-12.19818062],[25.38163136,-12.19818063],[25.38163136,-12.19984709],[25.40996541,-12.19984709],[25.40996541,-12.20318021],[25.40829866,-12.20318021],[25.40829866,-12.20651323],[25.40663202,-12.20651323],[25.40663202,-12.20984625],[25.40496527,-12.20984625],[25.40496527,-12.21484583],[25.40329853,-12.21484582],[25.40329853,-12.21817894],[25.40163188,-12.21817894],[25.40163188,-12.22151196],[25.39996514,-12.22151196],[25.39996514,-12.22651154],[25.39829839,-12.22651154],[25.39829839,-12.22984456],[25.39663175,-12.22984456],[25.39663175,-12.23317768],[25.39496501,-12.23317768],[25.39496501,-12.2365107],[25.39329826,-12.2365107],[25.39329826,-12.24151027],[25.39163162,-12.24151027],[25.39163162,-12.24484329],[25.38996487,-12.24484329],[25.38996487,-12.25150943],[25.38829813,-12.25150943],[25.38829813,-12.25984203],[25.38663148,-12.25984203],[25.38663148,-12.26984118],[25.38496474,-12.26984118],[25.38496473,-12.27984034],[25.38329799,-12.27984034],[25.38329799,-12.2898395],[25.38163135,-12.2898395],[25.38163134,-12.2981722],[25.3799646,-12.2981722],[25.3799646,-12.30150521],[25.37829786,-12.30150521],[25.37829786,-12.30317177],[25.37663121,-12.30317177],[25.37663121,-12.30483823],[25.37496447,-12.30483823],[25.37496447,-12.30983781],[25.37329772,-12.30983781],[25.37329772,-12.31317093],[25.37163108,-12.31317093],[25.37163108,-12.31817051],[25.37329772,-12.31817051],[25.37329772,-12.31983697],[25.37496447,-12.31983697],[25.37496447,-12.32483655],[25.37329772,-12.32483655],[25.37329772,-12.32650311],[25.36829759,-12.32650311],[25.36829759,-12.32816967],[25.3649642,-12.32816967],[25.3649642,-12.32983612],[25.36163081,-12.32983612],[25.36163081,-12.33150268],[25.35829732,-12.33150268],[25.35829732,-12.33316924],[25.35329719,-12.33316924],[25.35329719,-12.3348357],[25.3499638,-12.3348357],[25.3499638,-12.33650226],[25.34663042,-12.33650226],[25.34663042,-12.33816882],[25.34163028,-12.33816882],[25.34163028,-12.33983528],[25.3382968,-12.33983528],[25.3382968,-12.34150184],[25.33496341,-12.34150184],[25.33496341,-12.3431684],[25.32996327,-12.3431684],[25.32996327,-12.34483486],[25.32662989,-12.34483486],[25.32662989,-12.34650142],[25.3232964,-12.34650141],[25.3232964,-12.34816797],[25.31829627,-12.34816797],[25.31829627,-12.34983443],[25.31496288,-12.34983443],[25.31496288,-12.35150099],[25.31162949,-12.35150099],[25.31162949,-12.35316755],[25.30329587,-12.35316755],[25.30329587,-12.35150099],[25.29662909,-12.35150099],[25.29662909,-12.34983443],[25.29162896,-12.34983443],[25.29162896,-12.35150099],[25.28662883,-12.35150099],[25.28662883,-12.35316755],[25.27996195,-12.35316755],[25.27996195,-12.35483401],[25.27329508,-12.35483401],[25.27329508,-12.35650057],[25.26829494,-12.35650056],[25.26829494,-12.35816712],[25.26162817,-12.35816712],[25.26162817,-12.35983358],[25.25662804,-12.35983358],[25.25662804,-12.36150014],[25.25496129,-12.36150014]]]},"geometry_name":"shapedata","properties":{"serviceid":"108","applicantid":"","systemid":"mmmd","datetime":null,"province":"North-Western","size":24901.45,"district":"Kalumbila","applicantname":null,"caseid":"11863","code":"MMMD-0046333/4-2025","geom":{"type":"MultiPolygon","coordinates":[[[[2811369.431,-1386877.3357],[2811369.4327,-1374724.9311],[2811554.9738,-1374724.9311],[2811554.9739,-1374535.0966],[2811926.0449,-1374535.0966],[2811926.0449,-1374345.2519],[2812297.116,-1374345.2519],[2812297.116,-1374155.4084],[2812668.1982,-1374155.4084],[2812668.1982,-1373965.5775],[2813039.2693,-1373965.5775],[2813039.2693,-1373775.7364],[2813595.8815,-1373775.7365],[2813595.8828,-1364285.3971],[2820460.7695,-1364285.398],[2820460.769,-1368081.1733],[2821388.4522,-1368081.1734],[2821388.4522,-1368270.9787],[2825470.2783,-1368270.9792],[2825470.2783,-1368460.7743],[2828624.41,-1368460.7747],[2828624.41,-1368840.3912],[2828438.8689,-1368840.3912],[2828438.8688,-1369220.0011],[2828253.3389,-1369220.0011],[2828253.3388,-1369599.6157],[2828067.7977,-1369599.6157],[2828067.7977,-1370169.0524],[2827882.2566,-1370169.0523],[2827882.2565,-1370548.6904],[2827696.7266,-1370548.6903],[2827696.7265,-1370928.3217],[2827511.1854,-1370928.3217],[2827511.1853,-1371497.7835],[2827325.6443,-1371497.7835],[2827325.6442,-1371877.4268],[2827140.1142,-1371877.4268],[2827140.1142,-1372257.0864],[2826954.5731,-1372257.0863],[2826954.5731,-1372636.7393],[2826769.032,-1372636.7393],[2826769.0319,-1373206.2334],[2826583.5019,-1373206.2333],[2826583.5019,-1373585.8983],[2826397.9608,-1373585.8982],[2826397.9607,-1374345.2539],[2826212.4196,-1374345.2538],[2826212.4195,-1375294.4668],[2826026.8895,-1375294.4668],[2826026.8894,-1376433.5665],[2825841.3483,-1376433.5665],[2825841.3481,-1377572.7095],[2825655.807,-1377572.7095],[2825655.8069,-1378711.8957],[2825470.2769,-1378711.8957],[2825470.2768,-1379661.2583],[2825284.7357,-1379661.2583],[2825284.7357,-1380041.0049],[2825099.1946,-1380041.0049],[2825099.1945,-1380230.8857],[2824913.6646,-1380230.8856],[2824913.6646,-1380420.7563],[2824728.1235,-1380420.7562],[2824728.1234,-1380990.3981],[2824542.5823,-1380990.3981],[2824542.5822,-1381370.173],[2824357.0523,-1381370.173],[2824357.0522,-1381939.8329],[2824542.5822,-1381939.833],[2824542.5821,-1382129.7144],[2824728.1232,-1382129.7145],[2824728.1232,-1382699.3889],[2824542.5821,-1382699.3889],[2824542.582,-1382889.2866],[2823985.9699,-1382889.2865],[2823985.9699,-1383079.1854],[2823614.8988,-1383079.1854],[2823614.8988,-1383269.0741],[2823243.8277,-1383269.074],[2823243.8277,-1383458.9754],[2822872.7455,-1383458.9753],[2822872.7455,-1383648.8778],[2822316.1333,-1383648.8778],[2822316.1333,-1383838.7701],[2821945.0623,-1383838.77],[2821945.0622,-1384028.675],[2821573.9912,-1384028.6749],[2821573.9912,-1384218.5811],[2821017.379,-1384218.581],[2821017.379,-1384408.477],[2820646.2968,-1384408.4769],[2820646.2968,-1384598.3855],[2820275.2257,-1384598.3854],[2820275.2257,-1384788.2952],[2819718.6135,-1384788.2951],[2819718.6135,-1384978.1947],[2819347.5425,-1384978.1947],[2819347.5424,-1385168.1069],[2818976.4602,-1385168.1068],[2818976.4602,-1385358.0202],[2818419.8481,-1385358.0202],[2818419.848,-1385547.9234],[2818048.777,-1385547.9233],[2818048.777,-1385737.8391],[2817677.7059,-1385737.8391],[2817677.7059,-1385927.7561],[2816750.0115,-1385927.756],[2816750.0116,-1385737.839],[2816007.8695,-1385737.8389],[2816007.8695,-1385547.923],[2815451.2573,-1385547.923],[2815451.2573,-1385737.8388],[2814894.6452,-1385737.8387],[2814894.6451,-1385927.7557],[2814152.4919,-1385927.7556],[2814152.4919,-1386117.6625],[2813410.3386,-1386117.6624],[2813410.3386,-1386307.5818],[2812853.7264,-1386307.5817],[2812853.7264,-1386497.5024],[2812111.5843,-1386497.5023],[2812111.5843,-1386687.4128],[2811554.9721,-1386687.4127],[2811554.9721,-1386877.3358],[2811369.431,-1386877.3357]]]]},"ispaid":true,"iscomplete":false,"env":null}},{"type":"Feature","id":"10:ngdrapplications.19235","geometry":{"type":"Polygon","coordinates":[[[25.07162315,-12.36816625],[25.07162315,-12.36649969],[25.06995641,-12.36649969],[25.06995641,-12.36483313],[25.06828966,-12.36483313],[25.06828966,-12.36150011],[25.06662302,-12.36150011],[25.06662302,-12.35983355],[25.06495628,-12.35983355],[25.06495628,-12.35816709],[25.06328953,-12.35816709],[25.06328953,-12.35650053],[25.06162289,-12.35650053],[25.06162289,-12.35483397],[25.05995614,-12.35483397],[25.05995615,-12.35316751],[25.0582894,-12.35316751],[25.0582894,-12.35150095],[25.05662276,-12.35150095],[25.05662276,-12.34983439],[25.05495601,-12.34983439],[25.05495601,-12.34816793],[25.05328927,-12.34816793],[25.05328927,-12.34650138],[25.05162263,-12.34650137],[25.05162263,-12.34483481],[25.05328927,-12.34483482],[25.05328927,-12.3415018],[25.05495601,-12.3415018],[25.05495602,-12.33983524],[25.05662276,-12.33983524],[25.05662276,-12.33650222],[25.0582894,-12.33650222],[25.0582894,-12.3331692],[25.05995615,-12.3331692],[25.05995615,-12.32983608],[25.06162289,-12.32983608],[25.06162289,-12.32816962],[25.06328954,-12.32816962],[25.06328954,-12.3248365],[25.06495628,-12.3248365],[25.06495628,-12.32150348],[25.06662303,-12.32150348],[25.06662303,-12.31817046],[25.06828967,-12.31817046],[25.06828967,-12.31650391],[25.06995641,-12.31650391],[25.06995642,-12.31317089],[25.07162316,-12.31317089],[25.07162316,-12.30983777],[25.0732898,-12.30983777],[25.0732898,-12.30650475],[25.07495655,-12.30650475],[25.07495655,-12.30483819],[25.07662329,-12.30483819],[25.07662329,-12.30150517],[25.07828994,-12.30150517],[25.07828994,-12.29817215],[25.07995668,-12.29817215],[25.07995668,-12.29483903],[25.08162343,-12.29483903],[25.08162343,-12.29317257],[25.08329007,-12.29317257],[25.08329007,-12.28983945],[25.08495681,-12.28983946],[25.08495682,-12.28650644],[25.08662356,-12.28650644],[25.08662357,-12.22317848],[25.08662357,-12.22151192],[25.09829048,-12.22151192],[25.09829048,-12.21984536],[25.10995749,-12.21984536],[25.10995749,-12.2181789],[25.12329114,-12.2181789],[25.12329114,-12.21651235],[25.13162476,-12.21651235],[25.13162476,-12.21317933],[25.12995802,-12.21317933],[25.12995802,-12.20984621],[25.12829127,-12.20984621],[25.12829127,-12.20651319],[25.12662463,-12.20651319],[25.12662463,-12.20318017],[25.12495788,-12.20318017],[25.12495789,-12.20151361],[25.12329114,-12.20151361],[25.12329114,-12.19818059],[25.1216245,-12.19818059],[25.1216245,-12.19651403],[25.11995775,-12.19651403],[25.11995775,-12.19318101],[25.1216245,-12.19318101],[25.1216245,-12.19151445],[25.12329114,-12.19151445],[25.12329114,-12.1898479],[25.12495789,-12.1898479],[25.12495789,-12.18818144],[25.12829127,-12.18818144],[25.12829128,-12.18651488],[25.12995802,-12.18651488],[25.12995802,-12.18484832],[25.13162476,-12.18484832],[25.13162476,-12.18318186],[25.13329141,-12.18318186],[25.13329141,-12.1815153],[25.1366249,-12.1815153],[25.1366249,-12.17984874],[25.13829154,-12.17984874],[25.13829154,-12.17818228],[25.13995828,-12.17818228],[25.13995828,-12.17651572],[25.14329167,-12.17651572],[25.14329167,-12.17484916],[25.14495842,-12.17484916],[25.14495842,-12.1731827],[25.14662516,-12.1731827],[25.14662516,-12.17151615],[25.14995855,-12.17151615],[25.14995855,-12.16984959],[25.15162529,-12.16984959],[25.15162529,-12.16818313],[25.15329194,-12.16818313],[25.15329194,-12.16651657],[25.15662543,-12.16651657],[25.15662543,-12.16485001],[25.15829207,-12.16485001],[25.15829207,-12.16318355],[25.15995881,-12.16318355],[25.15995881,-12.16151699],[25.18162609,-12.16151699],[25.18162609,-12.16318355],[25.18329273,-12.16318355],[25.18329273,-12.16485001],[25.17995934,-12.16485001],[25.17995934,-12.16651657],[25.1782926,-12.16651657],[25.1782926,-12.17151615],[25.17495921,-12.17151615],[25.17495921,-12.17318271],[25.17329247,-12.17318271],[25.17329246,-12.17484917],[25.17162582,-12.17484917],[25.17162582,-12.17818229],[25.17329246,-12.17818229],[25.17329246,-12.18318186],[25.17662595,-12.18318187],[25.17662595,-12.18484832],[25.17995934,-12.18484833],[25.17995934,-12.18651488],[25.18329273,-12.18651489],[25.18329273,-12.18318187],[25.18829286,-12.18318187],[25.18829286,-12.18651489],[25.1899596,-12.18651489],[25.1899596,-12.1898479],[25.19329299,-12.18984791],[25.19329299,-12.19151446],[25.19162635,-12.19151446],[25.19162635,-12.19318102],[25.19329299,-12.19318102],[25.19329299,-12.1981806],[25.1899596,-12.1981806],[25.1899596,-12.19984706],[25.19162634,-12.19984706],[25.19162634,-12.20484664],[25.1899596,-12.20484664],[25.1899596,-12.20984622],[25.19162634,-12.20984622],[25.19162634,-12.21151278],[25.1899596,-12.21151278],[25.1899596,-12.2148458],[25.18829285,-12.2148458],[25.18829285,-12.21817891],[25.18662621,-12.21817891],[25.18662621,-12.21984537],[25.18495947,-12.21984537],[25.18495946,-12.22651151],[25.17829259,-12.22651151],[25.17829259,-12.22984453],[25.17662594,-12.22984453],[25.17662594,-12.23317765],[25.1749592,-12.23317765],[25.1749592,-12.23484411],[25.17329246,-12.23484411],[25.17329246,-12.23651067],[25.1749592,-12.23651067],[25.1749592,-12.23984369],[25.17162581,-12.23984368],[25.17162581,-12.2515094],[25.16995906,-12.2515094],[25.16995906,-12.25650898],[25.16829232,-12.25650898],[25.16829232,-12.25817554],[25.16662568,-12.25817554],[25.16662567,-12.26150856],[25.16162554,-12.26150856],[25.16162554,-12.26650813],[25.15662541,-12.26650813],[25.15662541,-12.26817469],[25.15495867,-12.26817469],[25.15495867,-12.26984115],[25.15329192,-12.26984115],[25.15329192,-12.27150771],[25.15162528,-12.27150771],[25.15162528,-12.27317427],[25.14162501,-12.27317427],[25.14162501,-12.27650729],[25.13995827,-12.27650729],[25.13995827,-12.28150687],[25.13829152,-12.28150687],[25.13829152,-12.28317343],[25.13162475,-12.28317342],[25.13162475,-12.28650644],[25.12829126,-12.28650644],[25.12829126,-12.288173],[25.12662462,-12.288173],[25.12662462,-12.29150602],[25.12329113,-12.29150602],[25.12329113,-12.29317258],[25.12495787,-12.29317258],[25.12495787,-12.30317174],[25.12329113,-12.30317174],[25.12329112,-12.30983778],[25.12162448,-12.30983778],[25.12162448,-12.31317089],[25.11995773,-12.31317089],[25.11995773,-12.32650307],[25.11829099,-12.32650307],[25.11829099,-12.32983609],[25.11662434,-12.32983609],[25.11662434,-12.33316921],[25.1149576,-12.33316921],[25.1149576,-12.33650223],[25.11162421,-12.33650223],[25.11162421,-12.33816879],[25.10995747,-12.33816879],[25.10995747,-12.3415018],[25.10829072,-12.3415018],[25.10829072,-12.34316836],[25.10495733,-12.34316836],[25.10329059,-12.34316836],[25.10329059,-12.34650138],[25.0999572,-12.34650138],[25.0999572,-12.34816794],[25.10162395,-12.34816794],[25.10162395,-12.3498344],[25.09829046,-12.3498344],[25.09829046,-12.35150096],[25.09662381,-12.35150096],[25.09662381,-12.35483398],[25.09329032,-12.35483398],[25.09329032,-12.35650054],[25.08662355,-12.35650054],[25.08662355,-12.35983356],[25.0849568,-12.35983356],[25.0849568,-12.3581671],[25.08162342,-12.3581671],[25.08162342,-12.35983356],[25.07828993,-12.35983356],[25.07828993,-12.36150011],[25.07495654,-12.36150011],[25.07495654,-12.36816625],[25.07162315,-12.36816625]]]},"geometry_name":"shapedata","properties":{"serviceid":"108","applicantid":"","systemid":"mmmd","datetime":null,"province":"North-Western","size":14152.42,"district":"Mwinilunga, Kalumbila","applicantname":null,"caseid":"11864","code":"MMMD-0046334/4-2025","geom":{"type":"MultiPolygon","coordinates":[[[[2790960.3225,-1387637.0256],[2790960.3225,-1387447.0977],[2790774.7814,-1387447.0977],[2790774.7814,-1387257.171],[2790589.2403,-1387257.1709],[2790589.2404,-1386877.3325],[2790403.7104,-1386877.3325],[2790403.7105,-1386687.4094],[2790218.1694,-1386687.4094],[2790218.1694,-1386497.4989],[2790032.6283,-1386497.4989],[2790032.6283,-1386307.5782],[2789847.0984,-1386307.5782],[2789847.0984,-1386117.6587],[2789661.5573,-1386117.6587],[2789661.5574,-1385927.7519],[2789476.0163,-1385927.7518],[2789476.0163,-1385737.8348],[2789290.4863,-1385737.8348],[2789290.4864,-1385547.9189],[2789104.9453,-1385547.9189],[2789104.9453,-1385358.0157],[2788919.4042,-1385358.0157],[2788919.4042,-1385168.1023],[2788733.8743,-1385168.1022],[2788733.8743,-1384978.19],[2788919.4043,-1384978.1901],[2788919.4043,-1384598.3807],[2789104.9454,-1384598.3807],[2789104.9455,-1384408.4722],[2789290.4865,-1384408.4722],[2789290.4866,-1384028.6701],[2789476.0166,-1384028.6701],[2789476.0166,-1383648.8728],[2789661.5577,-1383648.8729],[2789661.5578,-1383269.069],[2789847.0989,-1383269.069],[2789847.0989,-1383079.1803],[2790032.6289,-1383079.1804],[2790032.6289,-1382699.3838],[2790218.17,-1382699.3838],[2790218.1701,-1382319.6034],[2790403.7112,-1382319.6034],[2790403.7112,-1381939.8279],[2790589.2412,-1381939.8279],[2790589.2412,-1381749.9363],[2790774.7823,-1381749.9363],[2790774.7824,-1381370.168],[2790960.3235,-1381370.168],[2790960.3235,-1380990.3931],[2791145.8535,-1380990.3932],[2791145.8536,-1380610.6345],[2791331.3947,-1380610.6345],[2791331.3947,-1380420.7513],[2791516.9358,-1380420.7513],[2791516.9358,-1380040.9999],[2791702.4658,-1380040.9999],[2791702.4659,-1379661.2533],[2791888.007,-1379661.2533],[2791888.007,-1379281.5001],[2792073.5481,-1379281.5002],[2792073.5481,-1379091.6368],[2792259.0781,-1379091.6368],[2792259.0782,-1378711.8908],[2792444.6192,-1378711.8909],[2792444.6193,-1378332.1611],[2792630.1604,-1378332.1611],[2792630.1615,-1371118.1399],[2792630.1616,-1370928.3167],[2793928.9158,-1370928.3169],[2793928.9158,-1370738.4949],[2795227.6812,-1370738.4951],[2795227.6812,-1370548.6857],[2796711.9766,-1370548.6859],[2796711.9766,-1370358.8663],[2797639.6709,-1370358.8664],[2797639.671,-1369979.2422],[2797454.1299,-1369979.2422],[2797454.13,-1369599.6113],[2797268.5889,-1369599.6113],[2797268.5889,-1369219.9966],[2797083.059,-1369219.9966],[2797083.059,-1368840.3867],[2796897.5179,-1368840.3867],[2796897.518,-1368650.5778],[2796711.9769,-1368650.5778],[2796711.9769,-1368270.9751],[2796526.447,-1368270.9751],[2796526.447,-1368081.1698],[2796340.9059,-1368081.1698],[2796340.906,-1367701.5742],[2796526.4471,-1367701.5742],[2796526.4471,-1367511.7725],[2796711.977,-1367511.7726],[2796711.9771,-1367321.9721],[2796897.5182,-1367321.9721],[2796897.5182,-1367132.1842],[2797268.5892,-1367132.1842],[2797268.5893,-1366942.3861],[2797454.1304,-1366942.3862],[2797454.1304,-1366752.5892],[2797639.6715,-1366752.5893],[2797639.6715,-1366562.8049],[2797825.2015,-1366562.805],[2797825.2015,-1366373.0104],[2798196.2837,-1366373.0105],[2798196.2837,-1366183.2171],[2798381.8137,-1366183.2172],[2798381.8137,-1365993.4364],[2798567.3548,-1365993.4364],[2798567.3548,-1365803.6455],[2798938.4259,-1365803.6455],[2798938.4259,-1365613.8558],[2799123.967,-1365613.8558],[2799123.967,-1365424.0786],[2799309.5081,-1365424.0786],[2799309.5081,-1365234.2913],[2799680.5792,-1365234.2913],[2799680.5792,-1365044.5051],[2799866.1203,-1365044.5051],[2799866.1203,-1364854.7315],[2800051.6503,-1364854.7316],[2800051.6503,-1364664.9477],[2800422.7325,-1364664.9478],[2800422.7325,-1364475.1652],[2800608.2625,-1364475.1652],[2800608.2625,-1364285.3952],[2800793.8036,-1364285.3952],[2800793.8036,-1364095.615],[2803205.7933,-1364095.6153],[2803205.7932,-1364285.3956],[2803391.3232,-1364285.3956],[2803391.3232,-1364475.1656],[2803020.2521,-1364475.1656],[2803020.2521,-1364664.9482],[2802834.711,-1364664.9482],[2802834.7109,-1365234.2918],[2802463.6399,-1365234.2917],[2802463.6398,-1365424.0791],[2802278.0988,-1365424.0791],[2802278.0987,-1365613.8563],[2802092.5688,-1365613.8563],[2802092.5687,-1365993.437],[2802278.0987,-1365993.437],[2802278.0986,-1366562.8056],[2802649.1808,-1366562.8057],[2802649.1807,-1366752.59],[2803020.2518,-1366752.5901],[2803020.2518,-1366942.387],[2803391.3228,-1366942.3871],[2803391.3229,-1366562.8058],[2803947.935,-1366562.8059],[2803947.9349,-1366942.3871],[2804133.476,-1366942.3872],[2804133.476,-1367321.9732],[2804504.547,-1367321.9733],[2804504.547,-1367511.7737],[2804319.017,-1367511.7737],[2804319.017,-1367701.5754],[2804504.547,-1367701.5754],[2804504.5469,-1368270.9763],[2804133.4758,-1368270.9762],[2804133.4758,-1368460.7713],[2804319.0169,-1368460.7713],[2804319.0168,-1369030.1865],[2804133.4757,-1369030.1865],[2804133.4756,-1369599.6124],[2804319.0167,-1369599.6124],[2804319.0167,-1369789.4272],[2804133.4756,-1369789.4272],[2804133.4756,-1370169.049],[2803947.9345,-1370169.049],[2803947.9344,-1370548.687],[2803762.4045,-1370548.687],[2803762.4044,-1370738.4964],[2803576.8633,-1370738.4964],[2803576.8632,-1371497.7801],[2802834.71,-1371497.78],[2802834.7099,-1371877.4234],[2802649.18,-1371877.4234],[2802649.1799,-1372257.0829],[2802463.6388,-1372257.0829],[2802463.6388,-1372446.9031],[2802278.0977,-1372446.903],[2802278.0977,-1372636.7358],[2802463.6388,-1372636.7358],[2802463.6387,-1373016.3936],[2802092.5677,-1373016.3935],[2802092.5675,-1374345.2504],[2801907.0264,-1374345.2504],[2801907.0263,-1374914.7769],[2801721.4852,-1374914.7768],[2801721.4852,-1375104.6252],[2801535.9552,-1375104.6252],[2801535.9551,-1375484.3141],[2800979.343,-1375484.314],[2800979.3429,-1376053.8621],[2800422.7308,-1376053.862],[2800422.7307,-1376243.7175],[2800237.1896,-1376243.7175],[2800237.1896,-1376433.5629],[2800051.6485,-1376433.5628],[2800051.6485,-1376623.4208],[2799866.1185,-1376623.4208],[2799866.1185,-1376813.2799],[2798752.8942,-1376813.2797],[2798752.8942,-1377192.9903],[2798567.3531,-1377192.9902],[2798567.353,-1377762.5707],[2798381.8119,-1377762.5707],[2798381.8119,-1377952.4371],[2797639.6698,-1377952.437],[2797639.6697,-1378332.1619],[2797268.5875,-1378332.1619],[2797268.5875,-1378522.0318],[2797083.0575,-1378522.0318],[2797083.0575,-1378901.764],[2796711.9753,-1378901.7639],[2796711.9753,-1379091.6375],[2796897.5163,-1379091.6375],[2796897.5162,-1380230.8816],[2796711.9751,-1380230.8815],[2796711.975,-1380990.3941],[2796526.445,-1380990.394],[2796526.4449,-1381370.1689],[2796340.9038,-1381370.1689],[2796340.9036,-1382889.2825],[2796155.3625,-1382889.2824],[2796155.3625,-1383269.0701],[2795969.8325,-1383269.07],[2795969.8324,-1383648.8739],[2795784.2913,-1383648.8739],[2795784.2913,-1384028.6711],[2795413.2202,-1384028.6711],[2795413.2202,-1384218.5772],[2795227.6791,-1384218.5772],[2795227.679,-1384598.3817],[2795042.138,-1384598.3817],[2795042.1379,-1384788.2915],[2794671.0669,-1384788.2914],[2794485.5258,-1384788.2914],[2794485.5257,-1385168.1032],[2794114.4547,-1385168.1031],[2794114.4546,-1385358.0165],[2794299.9957,-1385358.0165],[2794299.9957,-1385547.9198],[2793928.9135,-1385547.9197],[2793928.9135,-1385737.8355],[2793743.3835,-1385737.8355],[2793743.3835,-1386117.6594],[2793372.3013,-1386117.6593],[2793372.3012,-1386307.5788],[2792630.1591,-1386307.5786],[2792630.1591,-1386687.4098],[2792444.618,-1386687.4097],[2792444.618,-1386497.4993],[2792073.5469,-1386497.4992],[2792073.5469,-1386687.4097],[2791702.4647,-1386687.4096],[2791702.4647,-1386877.3327],[2791331.3936,-1386877.3326],[2791331.3935,-1387637.0257],[2790960.3225,-1387637.0256]]]]},"ispaid":true,"iscomplete":false,"env":null}},{"type":"Feature","id":"10:ngdrapplications.19237","geometry":{"type":"Polygon","coordinates":[[[23.92159121,-16.78780236],[23.92159121,-16.79113543],[23.92492463,-16.79113543],[23.92492463,-16.78780236],[23.92159121,-16.78780236]]]},"geometry_name":"shapedata","properties":{"serviceid":"102","applicantid":"120220042527","systemid":"mmmd","datetime":null,"province":"Western","size":13.15,"district":"Sesheke","applicantname":null,"caseid":"11866","code":"MMMD-0046336/4-2025","geom":{"type":"MultiPolygon","coordinates":[[[[2662939.35263917,-1896137.90621398],[2662939.35250272,-1896525.46195581],[2663310.42734522,-1896525.46209142],[2663310.42748154,-1896137.90634938],[2662939.35263917,-1896137.90621398]]]]},"ispaid":true,"iscomplete":false,"env":null}},{"type":"Feature","id":"10:ngdrapplications.19241","geometry":{"type":"Polygon","coordinates":[[[25.20162665,-11.90320552],[25.21329356,-11.90320552],[25.21329356,-11.92986987],[25.24996122,-11.92986987],[25.24996122,-11.96820003],[25.29829579,-11.96820004],[25.29829579,-11.9698665],[25.29662915,-11.9698665],[25.29662915,-11.97153306],[25.2949624,-11.97153306],[25.2949624,-11.97319962],[25.29329566,-11.97319962],[25.29329566,-11.97486607],[25.29162901,-11.97486607],[25.29162901,-11.97653263],[25.28996227,-11.97653263],[25.28996227,-11.97819919],[25.28829553,-11.97819919],[25.28829553,-11.97986565],[25.28662888,-11.97986565],[25.28662888,-11.98153221],[25.28496214,-11.98153221],[25.28496214,-11.98319877],[25.28329539,-11.98319877],[25.28329539,-11.98486523],[25.28162875,-11.98486523],[25.28162875,-11.98653179],[25.27996201,-11.98653179],[25.27996201,-11.98819835],[25.27829526,-11.98819835],[25.27829526,-11.98986481],[25.27662862,-11.98986481],[25.27662862,-11.99153136],[25.27496187,-11.99153136],[25.27496187,-11.99319792],[25.27329513,-11.99319792],[25.27329513,-11.99486438],[25.27162848,-11.99486438],[25.27162848,-11.99653094],[25.26996174,-11.99653094],[25.26996174,-11.9981975],[25.268295,-11.9981975],[25.268295,-11.99986396],[25.26662835,-11.99986396],[25.26662835,-12.00153052],[25.26496161,-12.00153052],[25.26496161,-12.00319708],[25.26329486,-12.00319708],[25.26329486,-12.00486354],[25.26162822,-12.00486354],[25.26162822,-12.00653009],[25.25996148,-12.00653009],[25.25996147,-12.00819665],[25.25829473,-12.00819665],[25.25829473,-12.00986311],[25.25662809,-12.00986311],[25.25662809,-12.01152967],[25.25496134,-12.01152967],[25.25496134,-12.01319623],[25.2532946,-12.01319623],[25.2532946,-12.01486269],[25.25162795,-12.01486269],[25.25162795,-12.01319623],[25.24662782,-12.01319623],[25.24662782,-12.01152967],[25.24329433,-12.01152967],[25.24329433,-12.00986311],[25.23996095,-12.00986311],[25.23996095,-12.00819665],[25.23496082,-12.00819665],[25.23496082,-12.00653009],[25.23162743,-12.00653009],[25.23162743,-12.00486353],[25.22829394,-12.00486353],[25.22829394,-12.00319707],[25.22496055,-12.00319707],[25.22496055,-12.00153051],[25.22162717,-12.00153051],[25.22162717,-11.99986395],[25.21829368,-11.99986395],[25.21829368,-11.99819749],[25.21496029,-11.99819749],[25.21496029,-11.99653093],[25.2116269,-11.99653093],[25.2116269,-11.99486437],[25.20996016,-11.99486437],[25.20996016,-11.99319791],[25.20662677,-11.99319791],[25.20662677,-11.99153135],[25.20329328,-11.99153135],[25.20329328,-11.98986479],[25.1999599,-11.98986479],[25.1999599,-11.98819834],[25.19662651,-11.98819833],[25.19662651,-11.98653178],[25.19495976,-11.98653177],[25.19495977,-11.94986817],[25.19662651,-11.94986817],[25.19662652,-11.936536],[25.19829316,-11.936536],[25.19829316,-11.92320383],[25.19995991,-11.92320383],[25.19995991,-11.90987156],[25.20162665,-11.90987156],[25.20162665,-11.90320552]]]},"geometry_name":"shapedata","properties":{"serviceid":"108","applicantid":"","systemid":"mmmd","datetime":null,"province":"North-Western","size":6541.34,"district":"Mwinilunga, Kalumbila","applicantname":null,"caseid":"11874","code":"MMMD-0046343/4-2025","geom":{"type":"MultiPolygon","coordinates":[[[[2805432.2461,-1334694.546],[2806731.0003,-1334694.5462],[2806730.9999,-1337728.1842],[2810812.8258,-1337728.1848],[2810812.8252,-1342089.5807],[2816193.4054,-1342089.5815],[2816193.4054,-1342279.2135],[2816007.8754,-1342279.2135],[2816007.8754,-1342468.858],[2815822.3343,-1342468.858],[2815822.3343,-1342658.5037],[2815636.7932,-1342658.5037],[2815636.7932,-1342848.1392],[2815451.2632,-1342848.1392],[2815451.2632,-1343037.7873],[2815265.7221,-1343037.7873],[2815265.7221,-1343227.4365],[2815080.181,-1343227.4365],[2815080.181,-1343417.0755],[2814894.651,-1343417.0755],[2814894.651,-1343606.7271],[2814709.1099,-1343606.7271],[2814709.1099,-1343796.3798],[2814523.5688,-1343796.3798],[2814523.5688,-1343986.0223],[2814338.0388,-1343986.0223],[2814338.0388,-1344175.6774],[2814152.4977,-1344175.6774],[2814152.4977,-1344365.3336],[2813966.9566,-1344365.3336],[2813966.9566,-1344554.9797],[2813781.4266,-1344554.9797],[2813781.4266,-1344744.6383],[2813595.8855,-1344744.6382],[2813595.8855,-1344934.298],[2813410.3444,-1344934.298],[2813410.3443,-1345123.9476],[2813224.8144,-1345123.9476],[2813224.8144,-1345313.6097],[2813039.2733,-1345313.6097],[2813039.2733,-1345503.273],[2812853.7322,-1345503.2729],[2812853.7321,-1345692.926],[2812668.2022,-1345692.926],[2812668.2022,-1345882.5916],[2812482.6611,-1345882.5916],[2812482.661,-1346072.2584],[2812297.12,-1346072.2584],[2812297.1199,-1346261.915],[2812111.59,-1346261.915],[2812111.59,-1346451.5842],[2811926.0489,-1346451.5841],[2811926.0488,-1346641.2545],[2811740.5077,-1346641.2545],[2811740.5077,-1346830.9146],[2811554.9778,-1346830.9146],[2811554.9777,-1347020.5872],[2811369.4367,-1347020.5872],[2811369.4366,-1347210.2611],[2811183.8955,-1347210.2611],[2811183.8955,-1347399.9247],[2810998.3656,-1347399.9247],[2810998.3656,-1347210.261],[2810441.7535,-1347210.261],[2810441.7535,-1347020.5871],[2810070.6713,-1347020.587],[2810070.6713,-1346830.9144],[2809699.6003,-1346830.9143],[2809699.6003,-1346641.2542],[2809142.9882,-1346641.2541],[2809142.9882,-1346451.5837],[2808771.9172,-1346451.5837],[2808771.9172,-1346261.9145],[2808400.835,-1346261.9145],[2808400.835,-1346072.2579],[2808029.764,-1346072.2578],[2808029.764,-1345882.591],[2807658.693,-1345882.5909],[2807658.693,-1345692.9253],[2807287.6108,-1345692.9252],[2807287.6109,-1345503.2721],[2806916.5398,-1345503.2721],[2806916.5399,-1345313.6088],[2806545.4688,-1345313.6087],[2806545.4688,-1345123.9466],[2806359.9278,-1345123.9466],[2806359.9278,-1344934.297],[2805988.8567,-1344934.2969],[2805988.8568,-1344744.6372],[2805617.7746,-1344744.6371],[2805617.7746,-1344554.9785],[2805246.7036,-1344554.9784],[2805246.7036,-1344365.3324],[2804875.6326,-1344365.3323],[2804875.6326,-1344175.6761],[2804690.0915,-1344175.676],[2804690.0921,-1340003.6138],[2804875.6332,-1340003.6138],[2804875.6334,-1338486.6457],[2805061.1634,-1338486.6457],[2805061.1636,-1336969.7522],[2805246.7047,-1336969.7522],[2805246.7049,-1335452.9219],[2805432.246,-1335452.9219],[2805432.2461,-1334694.546]]]]},"ispaid":true,"iscomplete":false,"env":null}},{"type":"Feature","id":"10:ngdrapplications.19245","geometry":{"type":"Polygon","coordinates":[[[25.27496185,-12.16318357],[25.27496185,-12.15985045],[25.2732951,-12.15985045],[25.27329511,-12.15485087],[25.27162846,-12.15485087],[25.27162846,-12.14818483],[25.26996172,-12.14818483],[25.26996172,-12.14485171],[25.26829497,-12.14485171],[25.26829498,-12.14318525],[25.26662833,-12.14318525],[25.26662833,-12.14151869],[25.26496159,-12.14151869],[25.26496159,-12.13985213],[25.26329484,-12.13985213],[25.26329484,-12.13651912],[25.2616282,-12.13651912],[25.2616282,-12.13485256],[25.25996146,-12.13485256],[25.25996146,-12.1331861],[25.25829471,-12.1331861],[25.25829471,-12.13151954],[25.25662807,-12.13151954],[25.25662807,-12.12985298],[25.25496133,-12.12985298],[25.25496133,-12.12818652],[25.25496133,-12.12651996],[25.25329458,-12.12651996],[25.25329458,-12.1248534],[25.25162794,-12.1248534],[25.25162794,-12.12318694],[25.24996119,-12.12318694],[25.2499612,-12.12152038],[25.24829445,-12.12152038],[25.24829445,-12.11818736],[25.24662781,-12.11818736],[25.24662781,-12.1165208],[25.24829445,-12.1165208],[25.24829445,-12.11485424],[25.25162794,-12.11485424],[25.25162794,-12.11318778],[25.25496133,-12.11318778],[25.25496133,-12.11152123],[25.25996146,-12.11152123],[25.25996146,-12.10985467],[25.26329485,-12.10985467],[25.26329485,-12.10818821],[25.26662834,-12.10818821],[25.26662834,-12.10652165],[25.26996172,-12.10652165],[25.26996173,-12.10485509],[25.27329511,-12.10485509],[25.27329511,-12.10318863],[25.2766286,-12.10318863],[25.2766286,-12.10152207],[25.27996199,-12.10152207],[25.27996199,-12.10318863],[25.28162873,-12.10318863],[25.28162873,-12.10485509],[25.28329538,-12.10485509],[25.28329538,-12.10652165],[25.28496212,-12.10652165],[25.28496212,-12.10818821],[25.28662886,-12.10818821],[25.28662886,-12.10985467],[25.28829551,-12.10985467],[25.28829551,-12.11152123],[25.28996225,-12.11152123],[25.28996225,-12.11318779],[25.291629,-12.11318779],[25.29162899,-12.11485425],[25.29329564,-12.11485425],[25.29329564,-12.11652081],[25.29496238,-12.11652081],[25.29496238,-12.11818737],[25.29662913,-12.11818737],[25.29662913,-12.11985383],[25.29829577,-12.11985383],[25.29829577,-12.12152039],[25.29996251,-12.12152039],[25.29996251,-12.12318695],[25.30162926,-12.12318695],[25.30162926,-12.12485341],[25.3032959,-12.12485341],[25.3032959,-12.12651997],[25.30496265,-12.12651997],[25.30496265,-12.12818653],[25.30662939,-12.12818653],[25.30662939,-12.12985298],[25.30829603,-12.12985298],[25.30829603,-12.13151954],[25.31162952,-12.13151954],[25.31162952,-12.12985299],[25.31329616,-12.12985299],[25.31329617,-12.12651997],[25.31496291,-12.12651997],[25.31496291,-12.12485341],[25.31662965,-12.12485341],[25.31662965,-12.12152039],[25.3182963,-12.12152039],[25.3182963,-12.11985383],[25.31996304,-12.11985383],[25.31996304,-12.11818737],[25.32162979,-12.11818737],[25.32162979,-12.11485425],[25.32329643,-12.11485425],[25.32329643,-12.11318779],[25.32496317,-12.11318779],[25.32496318,-12.11152123],[25.32662992,-12.11152123],[25.32662992,-12.10818822],[25.32829656,-12.10818822],[25.32829656,-12.10652166],[25.32996331,-12.10652166],[25.32996331,-12.10318864],[25.33163005,-12.10318864],[25.33163005,-12.10152208],[25.3332967,-12.10152208],[25.3332967,-12.09985552],[25.33496344,-12.09985552],[25.33496344,-12.0965225],[25.33663018,-12.0965225],[25.33663018,-12.09485594],[25.33829683,-12.09485594],[25.33829683,-12.09318948],[25.33996357,-12.09318948],[25.33996357,-12.08985637],[25.34163032,-12.08985637],[25.34163032,-12.08818991],[25.34329696,-12.08818991],[25.34329696,-12.08652335],[25.34496371,-12.08652335],[25.34496371,-12.08319033],[25.34663045,-12.08319033],[25.34663045,-12.08152377],[25.34829709,-12.08152377],[25.34829709,-12.07985721],[25.34996384,-12.07985721],[25.34996384,-12.07652419],[25.35163058,-12.07652419],[25.35163058,-12.07485763],[25.35329723,-12.07485763],[25.35329723,-12.07319118],[25.35496397,-12.07319118],[25.35496397,-12.06985806],[25.35663072,-12.06985806],[25.35663072,-12.0681916],[25.35829736,-12.0681916],[25.35829736,-12.06485848],[25.3599641,-12.06485848],[25.3599641,-12.06319202],[25.36163085,-12.06319202],[25.36163085,-12.05652588],[25.3599641,-12.05652588],[25.35996411,-12.05485932],[25.35829736,-12.05485932],[25.35829736,-12.05319286],[25.35496397,-12.05319286],[25.35496397,-12.05485932],[25.35329723,-12.05485932],[25.35329723,-12.05652588],[25.35163059,-12.05652588],[25.35163058,-12.05819244],[25.34996384,-12.05819244],[25.34996384,-12.0598589],[25.3482971,-12.0598589],[25.3482971,-12.06152546],[25.34663045,-12.06152546],[25.34663045,-12.06319202],[25.34329696,-12.06319202],[25.34329696,-12.06485848],[25.34163032,-12.06485848],[25.34163032,-12.06652504],[25.33996358,-12.06652504],[25.33996358,-12.0681916],[25.33829683,-12.0681916],[25.33829683,-12.06985805],[25.33663019,-12.06985805],[25.33663019,-12.07152461],[25.33496344,-12.07152461],[25.33496345,-12.04486017],[25.33663019,-12.04486017],[25.33663019,-12.04319371],[25.33996358,-12.04319371],[25.33996358,-12.04152715],[25.34163032,-12.04152715],[25.34163032,-12.03986059],[25.34496371,-12.03986059],[25.34496371,-12.03819413],[25.34663046,-12.03819413],[25.34663046,-12.03652757],[25.34996384,-12.03652757],[25.34996384,-12.03486101],[25.35163059,-12.03486101],[25.35163059,-12.03319455],[25.35496398,-12.03319455],[25.35496398,-12.03152799],[25.35663072,-12.03152799],[25.35663072,-12.02986144],[25.35996411,-12.02986144],[25.35996411,-12.02819498],[25.36163085,-12.02819498],[25.36163085,-12.02652842],[25.36496424,-12.02652842],[25.36496424,-12.02486186],[25.36996437,-12.02486186],[25.36996437,-12.0231954],[25.37496451,-12.0231954],[25.37496451,-12.02152884],[25.37996464,-12.02152884],[25.37996464,-12.01986228],[25.38496477,-12.01986228],[25.38496477,-12.01819582],[25.3899649,-12.01819583],[25.3899649,-12.01652927],[25.39496503,-12.01652927],[25.39496503,-12.00819667],[25.39329829,-12.00819667],[25.39329829,-12.00486355],[25.39163165,-12.00486355],[25.39163165,-12.00319709],[25.3899649,-12.00319709],[25.3899649,-12.00153053],[25.38829816,-12.00153053],[25.38829816,-11.99986397],[25.38663152,-11.99986397],[25.38663152,-11.99819751],[25.38329803,-11.99819751],[25.38329803,-11.9948644],[25.32496319,-11.99486439],[25.32496319,-11.96820004],[25.34663047,-11.96820005],[25.34663047,-11.9698665],[25.34329698,-11.9698665],[25.34329698,-11.97153306],[25.33829685,-11.97153306],[25.33829685,-11.97319962],[25.33496346,-11.97319962],[25.33496346,-11.97486608],[25.33163007,-11.97486608],[25.33163007,-11.97653264],[25.42163244,-11.97653265],[25.42163244,-11.97986567],[25.42329909,-11.97986567],[25.42329908,-11.98319879],[25.42496583,-11.98319879],[25.42496583,-11.98486525],[25.42663257,-11.98486525],[25.42663257,-11.98819836],[25.42829922,-11.98819836],[25.42829922,-11.98986482],[25.42996596,-11.98986482],[25.42996596,-11.99319794],[25.4316327,-11.99319794],[25.4316327,-11.99653096],[25.43329935,-11.99653096],[25.43329935,-11.99819752],[25.43496609,-11.99819752],[25.43496609,-12.00153054],[25.43663283,-12.00153054],[25.43663283,-12.0031971],[25.43829948,-12.0031971],[25.43829948,-12.00653012],[25.43996622,-12.00653012],[25.43996622,-12.00986314],[25.44163296,-12.00986314],[25.44163296,-12.0115297],[25.44329961,-12.0115297],[25.44329961,-12.01486271],[25.44496635,-12.01486271],[25.44496635,-12.01819583],[25.4466331,-12.01819583],[25.4466331,-12.01986229],[25.44829974,-12.01986229],[25.44829974,-12.02319541],[25.44996648,-12.02319541],[25.44996648,-12.02652843],[25.45163323,-12.02652843],[25.45163323,-12.02819499],[25.45329987,-12.02819499],[25.45329987,-12.03152801],[25.45496661,-12.03152801],[25.45496661,-12.03319457],[25.45663336,-12.03319457],[25.45663336,-12.03652759],[25.4583,-12.03652759],[25.4583,-12.0398606],[25.45996674,-12.0398606],[25.45996674,-12.04152716],[25.46163349,-12.04152716],[25.46163349,-12.04486018],[25.46330013,-12.04486018],[25.46330013,-12.04652674],[25.46496688,-12.04652674],[25.46496688,-12.04985976],[25.46663362,-12.04985976],[25.46663362,-12.05319288],[25.46830026,-12.05319288],[25.46830026,-12.05485934],[25.46996701,-12.05485934],[25.469967,-12.09485596],[25.46830026,-12.09485596],[25.46830026,-12.09818908],[25.46663361,-12.09818908],[25.46663361,-12.09985554],[25.46496687,-12.09985554],[25.46496687,-12.10318866],[25.46330012,-12.10318866],[25.46330012,-12.10485511],[25.46163348,-12.10485511],[25.46163348,-12.10818823],[25.45996674,-12.10818823],[25.45996674,-12.11152125],[25.45829999,-12.11152125],[25.45829999,-12.11318781],[25.45663335,-12.11318781],[25.45663335,-12.11652083],[25.4549666,-12.11652083],[25.4549666,-12.11818739],[25.45329986,-12.11818739],[25.45329986,-12.11985385],[25.45163322,-12.11985385],[25.45163321,-12.12152041],[25.38496476,-12.1215204],[25.38496476,-12.12318696],[25.38329801,-12.12318696],[25.38329801,-12.12485342],[25.37996462,-12.12485342],[25.37996462,-12.12651998],[25.37829788,-12.12651998],[25.37829788,-12.12818653],[25.37663124,-12.12818653],[25.37663123,-12.12985299],[25.37329775,-12.12985299],[25.37329775,-12.13151955],[25.3716311,-12.13151955],[25.3716311,-12.13318611],[25.36996436,-12.13318611],[25.36996436,-12.13485257],[25.36829762,-12.13485257],[25.36829761,-12.13651913],[25.36663097,-12.13651913],[25.36663097,-12.13818569],[25.36496423,-12.13818569],[25.36496423,-12.13985215],[25.36163084,-12.13985215],[25.36163084,-12.14151871],[25.35996409,-12.14151871],[25.35996409,-12.14318527],[25.35829735,-12.14318527],[25.35829735,-12.14485173],[25.35663071,-12.14485172],[25.35663071,-12.14651828],[25.35496396,-12.14651828],[25.35496396,-12.14818484],[25.35329722,-12.14818484],[25.35329722,-12.1498513],[25.35163057,-12.1498513],[25.35163057,-12.15151786],[25.34996383,-12.15151786],[25.34996383,-12.15318442],[25.34829708,-12.15318442],[25.34829708,-12.15485088],[25.34663044,-12.15485088],[25.34663044,-12.15651744],[25.3449637,-12.15651744],[25.3449637,-12.158184],[25.34163031,-12.158184],[25.34163031,-12.15985046],[25.33996356,-12.15985046],[25.33996356,-12.16151702],[25.33829682,-12.16151702],[25.33829682,-12.16318358],[25.27496185,-12.16318357]]]},"geometry_name":"shapedata","properties":{"serviceid":"108","applicantid":"","systemid":"mmmd","datetime":null,"province":"North-Western","size":24082.75,"district":"Kalumbila","applicantname":null,"caseid":"11887","code":"MMMD-0046356/4-2025","geom":{"type":"MultiPolygon","coordinates":[[[[2813595.8828,-1364285.3971],[2813595.8828,-1363905.8378],[2813410.3417,-1363905.8378],[2813410.3418,-1363336.5191],[2813224.8119,-1363336.5191],[2813224.812,-1362577.4518],[2813039.2709,-1362577.4518],[2813039.2709,-1362197.9139],[2812853.7298,-1362197.9139],[2812853.7299,-1362008.1581],[2812668.1999,-1362008.1581],[2812668.1999,-1361818.3921],[2812482.6589,-1361818.3921],[2812482.6589,-1361628.6273],[2812297.1178,-1361628.6273],[2812297.1178,-1361249.1126],[2812111.5879,-1361249.1126],[2812111.5879,-1361059.3514],[2811926.0468,-1361059.3514],[2811926.0468,-1360869.6027],[2811740.5058,-1360869.6027],[2811740.5058,-1360679.8438],[2811554.9758,-1360679.8438],[2811554.9759,-1360490.0861],[2811369.4348,-1360490.0861],[2811369.4348,-1360300.341],[2811369.4348,-1360110.5857],[2811183.8937,-1360110.5857],[2811183.8938,-1359920.8316],[2810998.3638,-1359920.8316],[2810998.3638,-1359731.09],[2810812.8227,-1359731.09],[2810812.8228,-1359541.3383],[2810627.2817,-1359541.3382],[2810627.2817,-1359161.8497],[2810441.7518,-1359161.8497],[2810441.7518,-1358972.1015],[2810627.2818,-1358972.1015],[2810627.2818,-1358782.3545],[2810998.364,-1358782.3546],[2810998.364,-1358592.6202],[2811369.435,-1358592.6202],[2811369.4351,-1358402.8756],[2811926.0472,-1358402.8757],[2811926.0472,-1358213.1322],[2812297.1183,-1358213.1323],[2812297.1183,-1358023.4014],[2812668.2005,-1358023.4015],[2812668.2005,-1357833.6604],[2813039.2715,-1357833.6604],[2813039.2716,-1357643.9206],[2813410.3426,-1357643.9206],[2813410.3426,-1357454.1933],[2813781.4248,-1357454.1933],[2813781.4249,-1357264.4558],[2814152.4959,-1357264.4559],[2814152.4959,-1357454.1934],[2814338.037,-1357454.1934],[2814338.0369,-1357643.9207],[2814523.5669,-1357643.9208],[2814523.5669,-1357833.6607],[2814709.108,-1357833.6607],[2814709.1079,-1358023.4018],[2814894.649,-1358023.4018],[2814894.649,-1358213.1326],[2815080.1789,-1358213.1327],[2815080.1789,-1358402.8761],[2815265.72,-1358402.8761],[2815265.72,-1358592.6208],[2815451.2611,-1358592.6208],[2815451.261,-1358782.3552],[2815636.791,-1358782.3552],[2815636.791,-1358972.1022],[2815822.3321,-1358972.1023],[2815822.332,-1359161.8504],[2816007.8731,-1359161.8505],[2816007.8731,-1359351.5884],[2816193.4031,-1359351.5885],[2816193.403,-1359541.339],[2816378.9441,-1359541.339],[2816378.9441,-1359731.0908],[2816564.4852,-1359731.0908],[2816564.4852,-1359920.8323],[2816750.0151,-1359920.8324],[2816750.0151,-1360110.5865],[2816935.5562,-1360110.5865],[2816935.5562,-1360300.3418],[2817121.0973,-1360300.3418],[2817121.0972,-1360490.0869],[2817306.6272,-1360490.0869],[2817306.6272,-1360679.8446],[2817677.7093,-1360679.8446],[2817677.7094,-1360490.087],[2817863.2393,-1360490.087],[2817863.2394,-1360110.5866],[2818048.7805,-1360110.5866],[2818048.7805,-1359920.8325],[2818234.3216,-1359920.8326],[2818234.3216,-1359541.3393],[2818419.8516,-1359541.3393],[2818419.8516,-1359351.5888],[2818605.3927,-1359351.5888],[2818605.3927,-1359161.8508],[2818790.9338,-1359161.8508],[2818790.9339,-1358782.3557],[2818976.4638,-1358782.3557],[2818976.4638,-1358592.6213],[2819162.0049,-1358592.6213],[2819162.005,-1358402.8767],[2819347.5461,-1358402.8767],[2819347.5461,-1358023.4024],[2819533.0761,-1358023.4024],[2819533.0761,-1357833.6613],[2819718.6172,-1357833.6614],[2819718.6172,-1357454.1942],[2819904.1583,-1357454.1942],[2819904.1583,-1357264.4567],[2820089.6883,-1357264.4567],[2820089.6883,-1357074.7204],[2820275.2294,-1357074.7204],[2820275.2295,-1356695.2626],[2820460.7706,-1356695.2627],[2820460.7706,-1356505.5299],[2820646.3005,-1356505.5299],[2820646.3006,-1356315.8097],[2820831.8417,-1356315.8097],[2820831.8417,-1355936.3501],[2821017.3828,-1355936.3501],[2821017.3828,-1355746.6334],[2821202.9128,-1355746.6334],[2821202.9128,-1355556.9066],[2821388.4539,-1355556.9066],[2821388.4539,-1355177.4678],[2821573.995,-1355177.4678],[2821573.995,-1354987.7445],[2821759.525,-1354987.7445],[2821759.525,-1354798.0223],[2821945.0661,-1354798.0224],[2821945.0662,-1354418.593],[2822130.6073,-1354418.593],[2822130.6073,-1354228.8744],[2822316.1372,-1354228.8744],[2822316.1373,-1354039.1684],[2822501.6784,-1354039.1684],[2822501.6784,-1353659.7371],[2822687.2195,-1353659.7371],[2822687.2195,-1353470.0346],[2822872.7495,-1353470.0347],[2822872.7495,-1353090.6104],[2823058.2906,-1353090.6105],[2823058.2906,-1352900.9115],[2823243.8317,-1352900.9115],[2823243.8318,-1352142.0933],[2823058.2907,-1352142.0933],[2823058.2908,-1351952.3889],[2822872.7497,-1351952.3888],[2822872.7497,-1351762.6969],[2822501.6787,-1351762.6969],[2822501.6786,-1351952.3888],[2822316.1375,-1351952.3888],[2822316.1375,-1352142.0932],[2822130.6076,-1352142.0932],[2822130.6075,-1352331.7988],[2821945.0664,-1352331.7988],[2821945.0664,-1352521.4942],[2821759.5253,-1352521.4942],[2821759.5253,-1352711.2022],[2821573.9953,-1352711.2021],[2821573.9953,-1352900.9113],[2821202.9131,-1352900.9113],[2821202.9131,-1353090.6102],[2821017.3832,-1353090.6102],[2821017.3831,-1353280.3217],[2820831.8421,-1353280.3217],[2820831.842,-1353470.0344],[2820646.3009,-1353470.0344],[2820646.3009,-1353659.7369],[2820460.771,-1353659.7368],[2820460.7709,-1353849.4519],[2820275.2298,-1353849.4519],[2820275.2302,-1350814.2093],[2820460.7713,-1350814.2093],[2820460.7714,-1350624.5245],[2820831.8424,-1350624.5246],[2820831.8424,-1350434.8295],[2821017.3835,-1350434.8296],[2821017.3835,-1350245.1357],[2821388.4546,-1350245.1358],[2821388.4546,-1350055.4545],[2821573.9957,-1350055.4545],[2821573.9957,-1349865.763],[2821945.0668,-1349865.7631],[2821945.0668,-1349676.0727],[2822130.6079,-1349676.0728],[2822130.6079,-1349486.395],[2822501.6789,-1349486.3951],[2822501.679,-1349296.7071],[2822687.2201,-1349296.7071],[2822687.2201,-1349107.0203],[2823058.2911,-1349107.0204],[2823058.2912,-1348917.3461],[2823243.8322,-1348917.3462],[2823243.8323,-1348727.6617],[2823614.9033,-1348727.6618],[2823614.9033,-1348537.9785],[2824171.5155,-1348537.9786],[2824171.5155,-1348348.3079],[2824728.1276,-1348348.308],[2824728.1276,-1348158.6271],[2825284.7398,-1348158.6271],[2825284.7398,-1347968.9474],[2825841.3519,-1347968.9475],[2825841.352,-1347779.2803],[2826397.9641,-1347779.2804],[2826397.9641,-1347589.603],[2826954.5762,-1347589.603],[2826954.5764,-1346641.2565],[2826769.0353,-1346641.2565],[2826769.0353,-1346261.917],[2826583.5054,-1346261.9169],[2826583.5054,-1346072.2603],[2826397.9643,-1346072.2603],[2826397.9643,-1345882.5935],[2826212.4232,-1345882.5935],[2826212.4233,-1345692.9278],[2826026.8933,-1345692.9278],[2826026.8933,-1345503.2747],[2825655.8112,-1345503.2747],[2825655.8112,-1345123.9492],[2819162.0067,-1345123.9484],[2819162.0071,-1342089.5819],[2821573.9967,-1342089.5822],[2821573.9967,-1342279.2142],[2821202.9145,-1342279.2142],[2821202.9145,-1342468.8587],[2820646.3024,-1342468.8587],[2820646.3024,-1342658.5044],[2820275.2313,-1342658.5043],[2820275.2313,-1342848.1399],[2819904.1603,-1342848.1398],[2819904.1602,-1343037.7879],[2829923.1786,-1343037.7892],[2829923.1785,-1343417.0775],[2830108.7085,-1343417.0775],[2830108.7084,-1343796.3818],[2830294.2495,-1343796.3819],[2830294.2495,-1343986.0244],[2830479.7906,-1343986.0244],[2830479.7905,-1344365.3358],[2830665.3205,-1344365.3358],[2830665.3205,-1344554.9819],[2830850.8615,-1344554.9819],[2830850.8615,-1344934.3003],[2831036.4026,-1344934.3003],[2831036.4025,-1345313.612],[2831221.9325,-1345313.6121],[2831221.9325,-1345503.2754],[2831407.4736,-1345503.2754],[2831407.4735,-1345882.5941],[2831593.0146,-1345882.5941],[2831593.0146,-1346072.261],[2831778.5445,-1346072.261],[2831778.5445,-1346451.5868],[2831964.0856,-1346451.5868],[2831964.0855,-1346830.9173],[2832149.6266,-1346830.9173],[2832149.6266,-1347020.59],[2832335.1565,-1347020.59],[2832335.1565,-1347399.9275],[2832520.6976,-1347399.9275],[2832520.6975,-1347779.2811],[2832706.2386,-1347779.2812],[2832706.2386,-1347968.9483],[2832891.7686,-1347968.9484],[2832891.7685,-1348348.309],[2833077.3096,-1348348.309],[2833077.3096,-1348727.663],[2833262.8506,-1348727.663],[2833262.8506,-1348917.3474],[2833448.3806,-1348917.3475],[2833448.3805,-1349296.7085],[2833633.9216,-1349296.7085],[2833633.9216,-1349486.3965],[2833819.4627,-1349486.3965],[2833819.4626,-1349865.7646],[2834004.9926,-1349865.7646],[2834004.9926,-1350245.1374],[2834190.5336,-1350245.1374],[2834190.5336,-1350434.8312],[2834376.0747,-1350434.8313],[2834376.0747,-1350814.2111],[2834561.6046,-1350814.2111],[2834561.6046,-1351003.9085],[2834747.1457,-1351003.9085],[2834747.1456,-1351383.2954],[2834932.6867,-1351383.2955],[2834932.6867,-1351762.6985],[2835118.2166,-1351762.6985],[2835118.2166,-1351952.3904],[2835303.7577,-1351952.3904],[2835303.7572,-1356505.5318],[2835118.2161,-1356505.5318],[2835118.216,-1356884.9985],[2834932.6861,-1356884.9985],[2834932.686,-1357074.7223],[2834747.145,-1357074.7222],[2834747.1449,-1357454.1961],[2834561.6038,-1357454.1961],[2834561.6038,-1357643.9234],[2834376.0738,-1357643.9234],[2834376.0738,-1358023.4043],[2834190.5327,-1358023.4043],[2834190.5327,-1358402.8786],[2834004.9916,-1358402.8786],[2834004.9915,-1358592.6232],[2833819.4616,-1358592.6232],[2833819.4615,-1358972.1046],[2833633.9204,-1358972.1046],[2833633.9204,-1359161.8528],[2833448.3793,-1359161.8527],[2833448.3793,-1359351.5907],[2833262.8494,-1359351.5907],[2833262.8493,-1359541.3413],[2825841.3505,-1359541.3403],[2825841.3504,-1359731.092],[2825655.8093,-1359731.092],[2825655.8093,-1359920.8336],[2825284.7383,-1359920.8335],[2825284.7382,-1360110.5876],[2825099.1972,-1360110.5876],[2825099.1971,-1360300.3429],[2824913.6672,-1360300.3429],[2824913.6671,-1360490.088],[2824542.585,-1360490.0879],[2824542.5849,-1360679.8456],[2824357.055,-1360679.8455],[2824357.055,-1360869.6044],[2824171.5139,-1360869.6044],[2824171.5138,-1361059.353],[2823985.9728,-1361059.353],[2823985.9727,-1361249.1142],[2823800.4428,-1361249.1142],[2823800.4428,-1361438.8766],[2823614.9017,-1361438.8766],[2823614.9016,-1361628.6288],[2823243.8306,-1361628.6288],[2823243.8306,-1361818.3935],[2823058.2895,-1361818.3935],[2823058.2894,-1362008.1595],[2822872.7484,-1362008.1595],[2822872.7483,-1362197.9153],[2822687.2184,-1362197.9152],[2822687.2184,-1362387.6836],[2822501.6773,-1362387.6836],[2822501.6772,-1362577.4531],[2822316.1361,-1362577.4531],[2822316.1361,-1362767.2124],[2822130.6062,-1362767.2124],[2822130.6061,-1362956.9843],[2821945.065,-1362956.9843],[2821945.065,-1363146.7574],[2821759.5239,-1363146.7574],[2821759.5239,-1363336.5203],[2821573.9939,-1363336.5202],[2821573.9939,-1363526.2957],[2821388.4528,-1363526.2957],[2821388.4528,-1363716.0724],[2821017.3818,-1363716.0723],[2821017.3817,-1363905.8388],[2820831.8406,-1363905.8388],[2820831.8406,-1364095.6178],[2820646.2995,-1364095.6178],[2820646.2995,-1364285.398],[2813595.8828,-1364285.3971]]]]},"ispaid":true,"iscomplete":false,"env":null}},{"type":"Feature","id":"10:ngdrapplications.19249","geometry":{"type":"Polygon","coordinates":[[[26.84333654,-12.48982274],[26.84333654,-12.53481895],[26.78833509,-12.53481896],[26.78833509,-12.48982274],[26.84333654,-12.48982274]]]},"geometry_name":"shapedata","properties":{"serviceid":"101","applicantid":"120200001307","systemid":"mmmd","datetime":null,"province":"North-Western","size":2987.32,"district":"Mushindano","applicantname":null,"caseid":"11909","code":"MMMD-0046378/4-2025","geom":{"type":"MultiPolygon","coordinates":[[[[2988186.5547,-1401504.7786],[2988186.5548,-1406635.5941],[2982063.821,-1406635.5942],[2982063.821,-1401504.7786],[2988186.5547,-1401504.7786]]]]},"ispaid":true,"iscomplete":false,"env":null}},{"type":"Feature","id":"10:ngdrapplications.19251","geometry":{"type":"Polygon","coordinates":[[[26.82333606,-12.50482149],[26.82500277,-12.50482149],[26.82500277,-12.50648802],[26.82333606,-12.50648802],[26.82333606,-12.50482149]]]},"geometry_name":"shapedata","properties":{"serviceid":"111","applicantid":"22222111","systemid":"mmmd","datetime":null,"province":"North-Western","size":3.35,"district":"Mushindano","applicantname":null,"caseid":"11912","code":"MMMD-0046381/4-2025","geom":{"type":"MultiPolygon","coordinates":[[[[2985960.11137204,-1403214.95190158],[2986145.64835889,-1403214.95189429],[2986145.64836097,-1403404.97749429],[2985960.11137408,-1403404.97750158],[2985960.11137204,-1403214.95190158]]]]},"ispaid":true,"iscomplete":false,"env":null}},{"type":"Feature","id":"10:ngdrapplications.19257","geometry":{"type":"Polygon","coordinates":[[[24.03659461,-15.92287195],[24.03826133,-15.92287195],[24.03826133,-15.92453848],[24.03659461,-15.92453848],[24.03659461,-15.92287195]]]},"geometry_name":"shapedata","properties":{"serviceid":"100","applicantid":"120200001307","systemid":"mmmd","datetime":null,"province":"Western","size":3.3,"district":"Senanga","applicantname":null,"caseid":"11920","code":"MMMD-0046386/4-2025","geom":{"type":"MultiPolygon","coordinates":[[[[2675741.47268005,-1795792.62695733],[2675927.01043431,-1795792.62702144],[2675927.01036918,-1795985.54692144],[2675741.47261489,-1795985.54685733],[2675741.47268005,-1795792.62695733]]]]},"ispaid":true,"iscomplete":false,"env":null}},{"type":"Feature","id":"10:ngdrapplications.19259","geometry":{"type":"Polygon","coordinates":[[[25.60497001,-16.12118963],[25.60663672,-16.12118963],[25.60663672,-16.12285617],[25.60497001,-16.12285617],[25.60497001,-16.12118963]]]},"geometry_name":"shapedata","properties":{"serviceid":"111","applicantid":"22222111","systemid":"mmmd","datetime":null,"province":"Southern","size":3.3,"district":"Itezhi-Tezhi","applicantname":null,"caseid":"11921","code":"MMMD-0046387/4-2025","geom":{"type":"MultiPolygon","coordinates":[[[[2850332.22333539,-1818761.47309755],[2850517.76109352,-1818761.4731253],[2850517.76106645,-1818954.58562531],[2850332.22330828,-1818954.58559755],[2850332.22333539,-1818761.47309755]]]]},"ispaid":true,"iscomplete":false,"env":null}},{"type":"Feature","id":"10:ngdrapplications.19261","geometry":{"type":"Polygon","coordinates":[[[25.85997688,-16.03119694],[25.86164358,-16.03119694],[25.86164358,-16.03286347],[25.85997688,-16.03286347],[25.85997688,-16.03119694]]]},"geometry_name":"shapedata","properties":{"serviceid":"111","applicantid":"420210086235","systemid":"mmmd","datetime":null,"province":"Southern","size":3.3,"district":"Itezhi-Tezhi","applicantname":null,"caseid":"11922","code":"MMMD-0046388/4-2025","geom":{"type":"MultiPolygon","coordinates":[[[[2878719.45770934,-1808335.82870726],[2878904.99476571,-1808335.8287348],[2878904.99474484,-1808528.85310332],[2878719.45768844,-1808528.85307567],[2878719.45770934,-1808335.82870726]]]]},"ispaid":true,"iscomplete":false,"env":null}},{"type":"Feature","id":"10:ngdrapplications.19263","geometry":{"type":"Polygon","coordinates":[[[25.38163136,-12.19984709],[25.38163136,-12.19818063],[25.34496369,-12.19818062],[25.34496369,-12.19651406],[25.33663017,-12.19651406],[25.33663018,-12.16318358],[25.33829682,-12.16318358],[25.33829682,-12.16151702],[25.33996356,-12.16151702],[25.33996356,-12.15985046],[25.34163031,-12.15985046],[25.34163031,-12.158184],[25.3449637,-12.158184],[25.3449637,-12.15651744],[25.34663044,-12.15651744],[25.34663044,-12.15485088],[25.34829708,-12.15485088],[25.34829708,-12.15318442],[25.34996383,-12.15318442],[25.34996383,-12.15151786],[25.35163057,-12.15151786],[25.35163057,-12.1498513],[25.35329722,-12.1498513],[25.35329722,-12.14818484],[25.35496396,-12.14818484],[25.35496396,-12.14651828],[25.35663071,-12.14651828],[25.35663071,-12.14485172],[25.35829735,-12.14485173],[25.35829735,-12.14318527],[25.35996409,-12.14318527],[25.35996409,-12.14151871],[25.36163084,-12.14151871],[25.36163084,-12.13985215],[25.36496423,-12.13985215],[25.36496423,-12.13818569],[25.36663097,-12.13818569],[25.36663097,-12.13651913],[25.36829761,-12.13651913],[25.36829762,-12.13485257],[25.36996436,-12.13485257],[25.36996436,-12.13318611],[25.3716311,-12.13318611],[25.3716311,-12.13151955],[25.37329775,-12.13151955],[25.37329775,-12.12985299],[25.37663123,-12.12985299],[25.37663124,-12.12818653],[25.37829788,-12.12818653],[25.37829788,-12.12651998],[25.37996462,-12.12651998],[25.37996462,-12.12485342],[25.38329801,-12.12485342],[25.38329801,-12.12318696],[25.38496476,-12.12318696],[25.38496476,-12.1215204],[25.45163321,-12.12152041],[25.45163321,-12.12485342],[25.44996647,-12.12485342],[25.44996647,-12.12651998],[25.44829973,-12.12651998],[25.44829973,-12.129853],[25.44663308,-12.129853],[25.44663308,-12.13151956],[25.44496634,-12.13151956],[25.44496634,-12.13485258],[25.44329959,-12.13485258],[25.44329959,-12.1381857],[25.44163295,-12.1381857],[25.44163295,-12.13985216],[25.4399662,-12.13985216],[25.4399662,-12.14318528],[25.43829946,-12.14318528],[25.43829946,-12.14485174],[25.43663282,-12.14485174],[25.43663282,-12.14818485],[25.43496607,-12.14818485],[25.43496607,-12.15151787],[25.43329933,-12.15151787],[25.43329933,-12.15318443],[25.43163268,-12.15318443],[25.43163268,-12.15651745],[25.42996594,-12.15651745],[25.42996594,-12.15818401],[25.42829919,-12.15818401],[25.42829919,-12.16151703],[25.42663255,-12.16151703],[25.42663255,-12.16485005],[25.42496581,-12.16485005],[25.42496581,-12.16984962],[25.42329906,-12.16984962],[25.42329906,-12.17318274],[25.42163242,-12.17318274],[25.42163242,-12.17651576],[25.41996567,-12.17651576],[25.41996567,-12.18151534],[25.41829893,-12.18151534],[25.41829893,-12.18484836],[25.41663228,-12.18484836],[25.41663228,-12.18818148],[25.41496554,-12.18818148],[25.41496554,-12.19151449],[25.41329879,-12.19151449],[25.41329879,-12.19651407],[25.41163215,-12.19651407],[25.41163215,-12.19984709],[25.38163136,-12.19984709]]]},"geometry_name":"shapedata","properties":{"serviceid":"108","applicantid":"","systemid":"mmmd","datetime":null,"province":"North-Western","size":7486.72,"district":"Kalumbila","applicantname":null,"caseid":"11928","code":"MMMD-0046394/4-2025","geom":{"type":"MultiPolygon","coordinates":[[[[2825470.2783,-1368460.7743],[2825470.2783,-1368270.9792],[2821388.4522,-1368270.9787],[2821388.4522,-1368081.1734],[2820460.769,-1368081.1733],[2820460.7695,-1364285.398],[2820646.2995,-1364285.398],[2820646.2995,-1364095.6178],[2820831.8406,-1364095.6178],[2820831.8406,-1363905.8388],[2821017.3817,-1363905.8388],[2821017.3818,-1363716.0723],[2821388.4528,-1363716.0724],[2821388.4528,-1363526.2957],[2821573.9939,-1363526.2957],[2821573.9939,-1363336.5202],[2821759.5239,-1363336.5203],[2821759.5239,-1363146.7574],[2821945.065,-1363146.7574],[2821945.065,-1362956.9843],[2822130.6061,-1362956.9843],[2822130.6062,-1362767.2124],[2822316.1361,-1362767.2124],[2822316.1361,-1362577.4531],[2822501.6772,-1362577.4531],[2822501.6773,-1362387.6836],[2822687.2184,-1362387.6836],[2822687.2184,-1362197.9152],[2822872.7483,-1362197.9153],[2822872.7484,-1362008.1595],[2823058.2894,-1362008.1595],[2823058.2895,-1361818.3935],[2823243.8306,-1361818.3935],[2823243.8306,-1361628.6288],[2823614.9016,-1361628.6288],[2823614.9017,-1361438.8766],[2823800.4428,-1361438.8766],[2823800.4428,-1361249.1142],[2823985.9727,-1361249.1142],[2823985.9728,-1361059.353],[2824171.5138,-1361059.353],[2824171.5139,-1360869.6044],[2824357.055,-1360869.6044],[2824357.055,-1360679.8455],[2824542.5849,-1360679.8456],[2824542.585,-1360490.0879],[2824913.6671,-1360490.088],[2824913.6672,-1360300.3429],[2825099.1971,-1360300.3429],[2825099.1972,-1360110.5876],[2825284.7382,-1360110.5876],[2825284.7383,-1359920.8335],[2825655.8093,-1359920.8336],[2825655.8093,-1359731.092],[2825841.3504,-1359731.092],[2825841.3505,-1359541.3403],[2833262.8493,-1359541.3413],[2833262.8493,-1359920.8345],[2833077.3082,-1359920.8345],[2833077.3082,-1360110.5886],[2832891.7671,-1360110.5886],[2832891.767,-1360490.089],[2832706.2371,-1360490.0889],[2832706.2371,-1360679.8466],[2832520.696,-1360679.8466],[2832520.6959,-1361059.3541],[2832335.1548,-1361059.3541],[2832335.1548,-1361438.8777],[2832149.6248,-1361438.8777],[2832149.6248,-1361628.6299],[2831964.0837,-1361628.6299],[2831964.0837,-1362008.1606],[2831778.5426,-1362008.1606],[2831778.5426,-1362197.9164],[2831593.0126,-1362197.9164],[2831593.0125,-1362577.4543],[2831407.4715,-1362577.4542],[2831407.4714,-1362956.9855],[2831221.9303,-1362956.9855],[2831221.9303,-1363146.7586],[2831036.4003,-1363146.7586],[2831036.4003,-1363526.297],[2830850.8592,-1363526.2969],[2830850.8592,-1363716.0736],[2830665.3181,-1363716.0736],[2830665.318,-1364095.6191],[2830479.7881,-1364095.6191],[2830479.788,-1364475.1694],[2830294.2469,-1364475.1694],[2830294.2469,-1365044.5094],[2830108.7058,-1365044.5094],[2830108.7057,-1365424.083],[2829923.1758,-1365424.0829],[2829923.1757,-1365803.6499],[2829737.6346,-1365803.6499],[2829737.6346,-1366373.0149],[2829552.0935,-1366373.0149],[2829552.0934,-1366752.5938],[2829366.5635,-1366752.5938],[2829366.5634,-1367132.1888],[2829181.0223,-1367132.1888],[2829181.0223,-1367511.7772],[2828995.4812,-1367511.7771],[2828995.4811,-1368081.1744],[2828809.9512,-1368081.1744],[2828809.9511,-1368460.7747],[2825470.2783,-1368460.7743]]]]},"ispaid":true,"iscomplete":false,"env":null}},{"type":"Feature","id":"10:ngdrapplications.19267","geometry":{"type":"Polygon","coordinates":[[[28.56504949,-15.81121456],[28.5667162,-15.81121456],[28.5667162,-15.81454763],[28.56504949,-15.81454763],[28.56504949,-15.81121456]]]},"geometry_name":"shapedata","properties":{"serviceid":"111","applicantid":"420210086235","systemid":"mmmd","datetime":null,"province":"Lusaka","size":6.61,"district":"Kafue","applicantname":null,"caseid":"11931","code":"MMMD-0046397/4-2025","geom":{"type":"MultiPolygon","coordinates":[[[[3179846.76355628,-1782870.63677428],[3180032.30130835,-1782870.63672857],[3180032.30139793,-1783256.26492857],[3179846.76364579,-1783256.26497428],[3179846.76355628,-1782870.63677428]]]]},"ispaid":true,"iscomplete":false,"env":null}},{"type":"Feature","id":"10:ngdrapplications.19273","geometry":{"type":"Polygon","coordinates":[[[31.08178111,-10.73830377],[31.08178101,-10.48999158],[31.19345054,-10.48999154],[31.19345053,-10.47499282],[31.59679448,-10.47499267],[31.59679449,-10.49832407],[31.57346048,-10.49832408],[31.57346049,-10.52165539],[31.47179123,-10.52165543],[31.47179126,-10.58998289],[31.59679452,-10.58998284],[31.59679455,-10.64331168],[31.58512754,-10.64331169],[31.58512757,-10.71330571],[31.53345952,-10.71330573],[31.53345953,-10.73163747],[31.30345351,-10.73163756],[31.30178686,-10.73163756],[31.30178687,-10.73830369],[31.08178111,-10.73830377]]]},"geometry_name":"shapedata","properties":{"serviceid":"101","applicantid":"119990043254","systemid":"mmmd","datetime":null,"province":"Muchinga, Northern","size":4709.84,"district":"Shiwang'Andu, Mungwi, Kasama","applicantname":null,"caseid":"11949","code":"MMMD-0046414/4-2025","geom":{"type":"MultiPolygon","coordinates":[[[[3460008.0458,-1202442.7213],[3460008.0355,-1174319.5209],[3472439.0297,-1174319.5163],[3472439.0291,-1172621.5282],[3517339.0719,-1172621.5106],[3517339.073,-1175262.8685],[3514741.5429,-1175262.8696],[3514741.5439,-1177904.4155],[3503423.7739,-1177904.4201],[3503423.7769,-1185641.5346],[3517339.0772,-1185641.529],[3517339.0797,-1191681.4613],[3516040.3146,-1191681.4619],[3516040.3178,-1199610.4677],[3510288.6566,-1199610.4701],[3510288.6575,-1201687.4132],[3484684.5045,-1201687.4235],[3484498.9746,-1201687.4235],[3484498.9749,-1202442.7119],[3460008.0458,-1202442.7213]]]]},"ispaid":true,"iscomplete":false,"env":null}},{"type":"Feature","id":"10:ngdrapplications.19275","geometry":{"type":"Polygon","coordinates":[[[25.94164614,-12.18984799],[25.94164613,-12.32483661],[25.82830973,-12.3248366],[25.82830974,-12.30150526],[25.78330855,-12.30150526],[25.78330856,-12.18984797],[25.94164614,-12.18984799]]]},"geometry_name":"shapedata","properties":{"serviceid":"108","applicantid":"","systemid":"mmmd","datetime":null,"province":"North-Western","size":24556.51,"district":"Kalumbila","applicantname":null,"caseid":"11952","code":"MMMD-0046417/4-2025","geom":{"type":"MultiPolygon","coordinates":[[[[2887810.8384,-1367321.9827],[2887810.8372,-1382699.3956],[2875194.2877,-1382699.3945],[2875194.2879,-1380041.0104],[2870184.7786,-1380041.0099],[2870184.7797,-1367321.9812],[2887810.8384,-1367321.9827]]]]},"ispaid":true,"iscomplete":false,"env":null}},{"type":"Feature","id":"10:ngdrapplications.19287","geometry":{"type":"Polygon","coordinates":[[[31.01677947,-10.94995237],[31.01677938,-10.74496985],[31.13011568,-10.7449698],[31.30178685,-10.74496973],[31.30178688,-10.81663029],[31.28011964,-10.8166303],[31.28011965,-10.83162902],[31.15178296,-10.83162907],[31.15178301,-10.94995231],[31.13678261,-10.94995232],[31.01677947,-10.94995237]]]},"geometry_name":"shapedata","properties":{"serviceid":"101","applicantid":"119990043254","systemid":"mmmd","datetime":null,"province":"Muchinga, Northern","size":4473.55,"district":"Shiwang'Andu, Kasama, Kanchibiya","applicantname":null,"caseid":"11973","code":"MMMD-0046437/5-2025","geom":{"type":"MultiPolygon","coordinates":[[[[3452772.09640827,-1226431.73035347],[3452772.08704988,-1203198.02082585],[3465388.62596773,-1203198.01542286],[3484498.972598,-1203198.00723891],[3484498.97608622,-1211318.55194378],[3482086.99022734,-1211318.55298237],[3482086.99095404,-1213018.44693763],[3467800.61589016,-1213018.45310601],[3467800.62146322,-1226431.72379412],[3466130.78540322,-1226431.72452294],[3452772.09640827,-1226431.73035347]]]]},"ispaid":true,"iscomplete":false,"env":null}},{"type":"Feature","id":"10:ngdrapplications.19289","geometry":{"type":"Polygon","coordinates":[[[24.32660228,-16.29617526],[24.34993624,-16.29617527],[24.34993623,-16.31784019],[24.32660227,-16.31784018],[24.32660228,-16.29617526]]]},"geometry_name":"shapedata","properties":{"serviceid":"100","applicantid":"119990043254","systemid":"mmmd","datetime":null,"province":"Western","size":599.91,"district":"Mulobezi","applicantname":null,"caseid":"11979","code":"MMMD-0046443/5-2025","geom":{"type":"MultiPolygon","coordinates":[[[[2708024.97826683,-1839047.11866808],[2710622.50287478,-1839047.11958694],[2710622.5021253,-1841559.93582653],[2708024.97750973,-1841559.93490462],[2708024.97826683,-1839047.11866808]]]]},"ispaid":true,"iscomplete":false,"env":null}},{"type":"Feature","id":"10:ngdrapplications.19291","geometry":{"type":"Polygon","coordinates":[[[31.26678585,-10.5499864],[31.30678689,-10.54998639],[31.3067869,-10.5783173],[31.26678586,-10.57831732],[31.26678585,-10.5499864]]]},"geometry_name":"shapedata","properties":{"serviceid":"101","applicantid":"119990043254","systemid":"mmmd","datetime":null,"province":"Northern","size":1377.46,"district":"Kasama","applicantname":null,"caseid":"11980","code":"MMMD-0046444/5-2025","geom":{"type":"MultiPolygon","coordinates":[[[[3480602.67906725,-1181112.29200843],[3485055.57476281,-1181112.29013807],[3485055.57599016,-1184320.45068985],[3480602.68028355,-1184320.45256544],[3480602.67906725,-1181112.29200843]]]]},"ispaid":true,"iscomplete":false,"env":null}},{"type":"Feature","id":"10:ngdrapplications.19293","geometry":{"type":"Polygon","coordinates":[[[24.22493307,-15.70955597],[24.25493388,-15.70955598],[24.25493387,-15.71955516],[24.259934,-15.71955516],[24.259934,-15.72455476],[24.22493306,-15.72455475],[24.22493307,-15.71622209],[24.21826622,-15.71622209],[24.21826622,-15.71288903],[24.22493307,-15.71288903],[24.22493307,-15.70955597]]]},"geometry_name":"shapedata","properties":{"serviceid":"102","applicantid":"119990043254","systemid":"mmmd","datetime":null,"province":"Western","size":591.76,"district":"Senanga","applicantname":null,"caseid":"11981","code":"MMMD-0046445/5-2025","geom":{"type":"MultiPolygon","coordinates":[[[[2696707.21357859,-1771111.99770857],[2700046.8883307,-1771111.99884685],[2700046.88797216,-1772268.32314686],[2700603.49987274,-1772268.32333657],[2700603.49969365,-1772846.50713657],[2696707.21303404,-1772846.50580857],[2696707.21333657,-1771882.87420857],[2695965.06368546,-1771882.87395561],[2695965.06380679,-1771497.43255562],[2696707.21345758,-1771497.43280857],[2696707.21357859,-1771111.99770857]]]]},"ispaid":true,"iscomplete":false,"env":null}},{"type":"Feature","id":"10:ngdrapplications.19297","geometry":{"type":"Polygon","coordinates":[[[31.37678875,-10.62497995],[31.42345664,-10.62497993],[31.42345665,-10.65331084],[31.37678877,-10.65331086],[31.37678875,-10.62497995]]]},"geometry_name":"shapedata","properties":{"serviceid":"105","applicantid":"","systemid":"mmmd","datetime":null,"province":"Muchinga","size":1606.64,"district":"Shiwang'Andu","applicantname":null,"caseid":"11983","code":"MMMD-0046447/5-2025","geom":{"type":"MultiPolygon","coordinates":[[[[3492848.14670638,-1189605.12182152],[3498043.19223711,-1189605.11962419],[3498043.19365186,-1192814.06636073],[3492848.14810682,-1192814.06856416],[3492848.14670638,-1189605.12182152]]]]},"ispaid":true,"iscomplete":false,"env":null}},{"type":"Feature","id":"10:ngdrapplications.19299","geometry":{"type":"Polygon","coordinates":[[[25.57663595,-15.90287394],[25.60830346,-15.90287394],[25.60830346,-15.94953683],[25.57663594,-15.94953683],[25.57663595,-15.90287394]]]},"geometry_name":"shapedata","properties":{"serviceid":"100","applicantid":"120220042527","systemid":"mmmd","datetime":null,"province":"Southern","size":1756.95,"district":"Itezhi-Tezhi","applicantname":null,"caseid":"11988","code":"MMMD-0046452/5-2025","geom":{"type":"MultiPolygon","coordinates":[[[[2847178.08975299,-1793477.751276],[2850703.30174576,-1793477.75179714],[2850703.3009903,-1798879.58589714],[2847178.08897566,-1798879.585376],[2847178.08975299,-1793477.751276]]]]},"ispaid":true,"iscomplete":false,"env":null}},{"type":"Feature","id":"10:ngdrapplications.19301","geometry":{"type":"Polygon","coordinates":[[[25.79830897,-12.25317598],[25.83330989,-12.25317598],[25.83330989,-12.27650735],[25.79830897,-12.27650734],[25.79830897,-12.25317598]]]},"geometry_name":"shapedata","properties":{"serviceid":"108","applicantid":"","systemid":"mmmd","datetime":null,"province":"North-Western","size":986.65,"district":"Kalumbila","applicantname":null,"caseid":"11991","code":"MMMD-0046455/5-2025","geom":{"type":"MultiPolygon","coordinates":[[[[2871854.61779007,-1374535.09716114],[2875750.90298109,-1374535.0976],[2875750.90278421,-1377192.9971],[2871854.61758495,-1377192.99666114],[2871854.61779007,-1374535.09716114]]]]},"ispaid":true,"iscomplete":false,"env":null}},{"type":"Feature","id":"10:ngdrapplications.19303","geometry":{"type":"Polygon","coordinates":[[[23.63991723,-16.11785606],[23.64158394,-16.11785606],[23.64158394,-16.1195226],[23.63991723,-16.1195226],[23.63991723,-16.11785606]]]},"geometry_name":"shapedata","properties":{"serviceid":"111","applicantid":"22222111","systemid":"mmmd","datetime":null,"province":"Western","size":3.3,"district":"Senanga","applicantname":null,"caseid":"11995","code":"MMMD-0046459/5-2025","geom":{"type":"MultiPolygon","coordinates":[[[[2631583.5483238,-1818375.19496343],[2631769.08608187,-1818375.1950283],[2631769.08600707,-1818568.3042283],[2631583.54824897,-1818568.30416342],[2631583.5483238,-1818375.19496343]]]]},"ispaid":true,"iscomplete":false,"env":null}},{"type":"Feature","id":"10:ngdrapplications.19325","geometry":{"type":"Polygon","coordinates":[[[29.65341101,-13.30142096],[29.65507775,-13.30142096],[29.65507775,-13.30308752],[29.6567445,-13.30308752],[29.6567445,-13.30642054],[29.65841114,-13.30642054],[29.65841114,-13.3080871],[29.66007789,-13.3080871],[29.66007789,-13.31142012],[29.66174463,-13.31142012],[29.66174464,-13.32475231],[29.66007789,-13.32475231],[29.66007789,-13.33141845],[29.65841115,-13.33141845],[29.65841115,-13.33808459],[29.65674451,-13.33808459],[29.65674451,-13.34308418],[29.65507777,-13.34308418],[29.65507777,-13.34475064],[29.65341102,-13.34475064],[29.65341102,-13.34808376],[29.65174438,-13.34808376],[29.65174438,-13.35141678],[29.65007764,-13.35141678],[29.65007764,-13.35308334],[29.64674425,-13.35308335],[29.64674425,-13.35474981],[29.6450775,-13.35474981],[29.64507751,-13.35641637],[29.63174385,-13.35641637],[29.63174385,-13.35808293],[29.62007684,-13.35808294],[29.62007684,-13.3597494],[29.60840983,-13.3597494],[29.60840984,-13.36141596],[29.6034097,-13.36141596],[29.60340971,-13.37308169],[29.60507645,-13.37308169],[29.60507645,-13.37474815],[29.6067432,-13.37474815],[29.6067432,-13.37974773],[29.55840852,-13.37974775],[29.55840851,-13.36808212],[29.55674187,-13.36808212],[29.55674186,-13.32975192],[29.58007578,-13.32975191],[29.58007577,-13.32141931],[29.59840956,-13.3214193],[29.59840956,-13.31475316],[29.61174331,-13.31475316],[29.6117433,-13.29308837],[29.65341101,-13.29308835],[29.65341101,-13.30142096]]]},"geometry_name":"shapedata","properties":{"serviceid":"108","applicantid":"","systemid":"mmmd","datetime":null,"province":"Central","size":80.2,"district":"Mkushi","applicantname":null,"caseid":"12057","code":"MMMD-0046528/5-2025","geom":{"type":"MultiPolygon","coordinates":[[[[3301002.6137,-1494189.9967],[3301188.1548,-1494189.9966],[3301188.1548,-1494380.6321],[3301373.696,-1494380.6321],[3301373.6961,-1494761.8955],[3301559.226,-1494761.8955],[3301559.2261,-1494952.5349],[3301744.7672,-1494952.5348],[3301744.7673,-1495333.8062],[3301930.3084,-1495333.8061],[3301930.3089,-1496858.9554],[3301744.7678,-1496858.9554],[3301744.768,-1497621.5673],[3301559.2269,-1497621.5674],[3301559.2272,-1498384.2003],[3301373.6972,-1498384.2003],[3301373.6974,-1498956.186],[3301188.1563,-1498956.186],[3301188.1563,-1499146.8429],[3301002.6152,-1499146.843],[3301002.6153,-1499528.1835],[3300817.0854,-1499528.1836],[3300817.0855,-1499909.518],[3300631.5444,-1499909.5181],[3300631.5444,-1500100.193],[3300260.4733,-1500100.1931],[3300260.4734,-1500290.8579],[3300074.9323,-1500290.8579],[3300074.9324,-1500481.5355],[3298590.6369,-1500481.5359],[3298590.6369,-1500672.2148],[3297291.8714,-1500672.2152],[3297291.8715,-1500862.8839],[3295993.106,-1500862.8843],[3295993.1061,-1501053.5658],[3295436.4939,-1501053.566],[3295436.4943,-1502388.3504],[3295622.0354,-1502388.3503],[3295622.0354,-1502579.0309],[3295807.5766,-1502579.0309],[3295807.5767,-1503151.1035],[3290426.9848,-1503151.1051],[3290426.9844,-1501816.2952],[3290241.4544,-1501816.2953],[3290241.4531,-1497430.9131],[3292838.9729,-1497430.9123],[3292838.9726,-1496477.6659],[3294879.8803,-1496477.6652],[3294879.88,-1495715.0849],[3296364.1866,-1495715.0844],[3296364.1859,-1493236.8633],[3301002.6134,-1493236.8618],[3301002.6137,-1494189.9967]]]]},"ispaid":true,"iscomplete":false,"env":"TST"}},{"type":"Feature","id":"10:ngdrapplications.19585","geometry":{"type":"Polygon","coordinates":[[[28.52171452,-13.78304775],[28.52171452,-13.78138123],[28.52004781,-13.78138123],[28.52004781,-13.78304775],[28.52171452,-13.78304775]]]},"geometry_name":"shapedata","properties":{"serviceid":"111","applicantid":"","systemid":"mmmd","datetime":null,"province":"Copperbelt","size":3.34,"district":"Mpongwe","applicantname":null,"caseid":"12400","code":"MMMD-0046859/6-2025","geom":{"type":"MultiPolygon","coordinates":[[[[3175022.7371278,-1549337.86652781],[3175022.73708453,-1549146.85012781],[3174837.19937188,-1549146.85016743],[3174837.19941512,-1549337.86656743],[3175022.7371278,-1549337.86652781]]]]},"ispaid":true,"iscomplete":false,"env":"TST"}},{"type":"Feature","id":"10:ngdrapplications.19615","geometry":{"type":"Polygon","coordinates":[[[22.08487558,-16.20284845],[22.0865423,-16.20284845],[22.08654229,-16.20618152],[22.08487558,-16.20618151],[22.08487558,-16.20284845]]]},"geometry_name":"shapedata","properties":{"serviceid":"111","applicantid":"","systemid":"mmmd","datetime":null,"province":"Western","size":6.6,"district":"Shangombo","applicantname":null,"caseid":"12435","code":"MMMD-0046893/6-2025","geom":{"type":"MultiPolygon","coordinates":[[[[2458477.10414029,-1828225.73460865],[2458662.64186025,-1828225.73471118],[2458662.64161591,-1828612.12013317],[2458477.10389583,-1828612.12003053],[2458477.10414029,-1828225.73460865]]]]},"ispaid":true,"iscomplete":true,"env":"TST"}},{"type":"Feature","id":"10:ngdrapplications.19649","geometry":{"type":"Polygon","coordinates":[[[22.07320859,-16.22784643],[22.0748753,-16.22784643],[22.0748753,-16.22951296],[22.07320859,-16.22951296],[22.07320859,-16.22784643]]]},"geometry_name":"shapedata","properties":{"serviceid":"111","applicantid":"","systemid":"mmmd","datetime":null,"province":"Western","size":3.3,"district":"Shangombo","applicantname":null,"caseid":"12479","code":"MMMD-0046936/6-2025","geom":{"type":"MultiPolygon","coordinates":[[[[2457178.34012299,-1831123.78403317],[2457363.87784392,-1831123.78413592],[2457363.87772148,-1831317.00085714],[2457178.34000049,-1831317.00075428],[2457178.34012299,-1831123.78403317]]]]},"ispaid":true,"iscomplete":true,"env":"TST"}},{"type":"Feature","id":"10:ngdrapplications.19723","geometry":{"type":"Polygon","coordinates":[[[22.09487583,-16.22284684],[22.09654255,-16.22284685],[22.09654255,-16.22617991],[22.09487583,-16.22617991],[22.09487583,-16.22284684]]]},"geometry_name":"shapedata","properties":{"serviceid":"111","applicantid":"","systemid":"mmmd","datetime":null,"province":"Western","size":6.6,"district":"Shangombo","applicantname":null,"caseid":"12745","code":"MMMD-0047197/7-2025","geom":{"type":"MultiPolygon","coordinates":[[[[2459590.32707712,-1830544.1462689],[2459775.86487712,-1830544.14637164],[2459775.86463328,-1830930.57107164],[2459590.32683328,-1830930.5709689],[2459590.32707712,-1830544.1462689]]]]},"ispaid":true,"iscomplete":false,"env":"TST"}}]}