{"type":"FeatureCollection","features":[{"type":"Feature","id":"zambia-border.1","geometry":{"type":"MultiPolygon","coordinates":[[[[21.99924341,-16.05345236],[21.99928342,-16.04726386],[22.00187352,-16.00119758],[22.00103265,-15.75847525],[22.00042274,-15.58277854],[21.99955287,-15.33147202],[21.99964293,-15.2240458],[21.99982006,-15.01635981],[21.99983306,-15.00127904],[22.00014228,-14.64394441],[22.0003104,-14.44807457],[22.00051854,-14.20672552],[22.00059859,-14.11551008],[22.0006236,-14.08711943],[22.00058364,-14.02995417],[22.00056665,-14.01050179],[22.00047471,-13.89405746],[22.00035478,-13.7443529],[22.00033179,-13.71735816],[22.00020288,-13.55197893],[22.00014292,-13.47760214],[22.00010494,-13.42705435],[22.00002299,-13.3247699],[21.99977514,-13.00615958],[22.26792923,-13.00571674],[22.4335566,-13.00543984],[22.52616804,-13.00466794],[22.71311398,-13.00310515],[22.72719835,-13.00298716],[22.81789875,-13.00222727],[22.89374875,-13.00159235],[23.10328228,-12.99984057],[23.17147509,-12.99927565],[23.36913531,-12.99761786],[23.50113481,-12.99651599],[23.53307065,-12.99624802],[23.83873173,-12.99368734],[23.95920092,-12.99267945],[24.04021906,-12.99200154],[24.03670797,-12.98716194],[24.03225785,-12.98048749],[24.02969779,-12.9636939],[24.02923877,-12.95587456],[24.02526767,-12.94806022],[24.01730747,-12.94045585],[24.0107483,-12.93631119],[23.99412686,-12.91696282],[23.97726742,-12.89969426],[23.97117726,-12.89576959],[23.95921594,-12.89506464],[23.94375654,-12.88652135],[23.9308852,-12.8763862],[23.92574507,-12.86280734],[23.92059493,-12.85796774],[23.91286474,-12.85496499],[23.90491452,-12.84689667],[23.90352549,-12.83516465],[23.90919465,-12.81356146],[23.90899465,-12.79401311],[23.9109227,-12.783394],[23.91325577,-12.77056508],[23.91305477,-12.75492439],[23.91683587,-12.73952669],[23.92999623,-12.71700758],[23.93306531,-12.70552055],[23.93144627,-12.69401151],[23.92772517,-12.67561206],[23.93032625,-12.66250016],[23.93244531,-12.65698263],[23.95498591,-12.6241324],[23.96016605,-12.61080852],[23.9618271,-12.59976945],[23.96208711,-12.58114101],[23.96000606,-12.56986896],[23.95557695,-12.55329836],[23.95558595,-12.54732386],[23.95864603,-12.54112438],[23.96731726,-12.53400499],[23.97014734,-12.52503574],[23.97132637,-12.5160615],[23.9912469,-12.50828215],[23.99303595,-12.50555438],[23.99335695,-12.50506743],[23.99380697,-12.50195769],[23.994537,-12.49678812],[23.99571803,-12.49103361],[24.00110817,-12.48690896],[24.00813736,-12.48553408],[24.01235847,-12.48209637],[24.01964866,-12.45980124],[24.02621884,-12.45107199],[24.05386857,-12.42764397],[24.06557989,-12.42213943],[24.069798,-12.42052957],[24.07260907,-12.41686388],[24.07589916,-12.40536085],[24.07804923,-12.367874],[24.0770802,-12.35768486],[24.0766702,-12.35338523],[24.07409913,-12.34487095],[24.06451988,-12.33681062],[24.05563865,-12.33174204],[24.05329859,-12.32896828],[24.05540864,-12.32553057],[24.06852899,-12.31427052],[24.07321912,-12.30508429],[24.07228909,-12.29749394],[24.06621893,-12.28552595],[24.06412889,-12.27746563],[24.06859001,-12.26689752],[24.05339961,-12.25330367],[24.04032827,-12.23557615],[24.02980899,-12.2291157],[24.02068775,-12.22612095],[24.01415858,-12.2171367],[24.00996848,-12.19988216],[24.0029773,-12.18353953],[23.98571785,-12.15568688],[23.98539485,-12.1506683],[23.98297679,-12.1128955],[23.98702791,-12.06414462],[23.98892797,-12.04712406],[23.98849696,-12.02411301],[23.98851797,-12.01008919],[23.98604792,-11.94706252],[23.98841698,-11.92199164],[23.98984703,-11.90382218],[23.99432815,-11.88036916],[23.99925828,-11.86565641],[24.00254838,-11.84887283],[24.00769852,-11.84290333],[24.01438769,-11.83870369],[24.01611774,-11.83761879],[24.02008884,-11.83602392],[24.02453896,-11.82406494],[24.02315793,-11.81463574],[24.01616775,-11.799662],[24.01268866,-11.78678809],[24.01060761,-11.77297926],[24.00874756,-11.76768871],[24.00035735,-11.75778754],[23.99802828,-11.74949625],[23.99574723,-11.71544913],[23.99528722,-11.71246039],[23.98271589,-11.6910522],[23.98039783,-11.67793731],[23.97971682,-11.66942303],[23.97225763,-11.66090875],[23.9710976,-11.65721406],[23.97647674,-11.65032964],[23.98581698,-11.64735491],[23.99072812,-11.63839066],[23.99567826,-11.6085032],[24.0010684,-11.59378445],[24.00341847,-11.58551515],[24.01300872,-11.57034444],[24.02656808,-11.54874828],[24.03639935,-11.52553025],[24.03640835,-11.51999572],[24.03339928,-11.50344212],[24.03200824,-11.49953246],[24.02644811,-11.47122985],[24.02669811,-11.45857093],[24.03090822,-11.44639697],[24.0374594,-11.43582486],[24.04632963,-11.42916843],[24.06876023,-11.42076915],[24.07082828,-11.41999522],[24.07829947,-11.41264684],[24.08078855,-11.40379359],[24.08205058,-11.39930797],[24.08136856,-11.38596911],[24.07324036,-11.35766452],[24.06742921,-11.34339572],[24.06024003,-11.31532311],[24.05651893,-11.3072738],[24.0399985,-11.28378679],[24.03697943,-11.27711836],[24.03466937,-11.26445843],[24.03588841,-11.22237601],[24.03650843,-11.20019489],[24.03662843,-11.19592826],[24.03735846,-11.17086039],[24.0350584,-11.15130206],[24.03157932,-11.13979804],[24.02934626,-11.1378012],[24.02668919,-11.1354184],[24.01085778,-11.13057381],[24.00643766,-11.12757106],[24.00550863,-11.12297445],[24.00610765,-11.11972973],[24.00762669,-11.11147444],[24.01299784,-11.10297216],[24.01859798,-11.09722665],[24.019078,-11.08411677],[24.01449889,-11.069719],[24.01351786,-11.06662425],[24.01242183,-11.05850395],[24.01143881,-11.05122057],[24.01379887,-11.03259215],[24.01637894,-11.01949327],[24.02012905,-11.0027047],[24.0255192,-10.98063658],[24.0255192,-10.97715688],[24.02552919,-10.97097741],[24.02110808,-10.96613782],[24.01506893,-10.96221515],[24.02020906,-10.94934925],[24.017909,-10.94501962],[24.01555894,-10.94059999],[24.01160884,-10.93669033],[24.00274761,-10.9311508],[24.00090856,-10.93000089],[23.9909173,-10.92215756],[23.98650719,-10.91503216],[23.98651719,-10.90537299],[23.99562843,-10.89319403],[23.99957754,-10.88790948],[24.00982781,-10.88677358],[24.02657825,-10.88932936],[24.03914958,-10.89072425],[24.05846008,-10.89098423],[24.0742805,-10.89445094],[24.09452003,-10.90713087],[24.10732036,-10.90645193],[24.11733063,-10.90622794],[24.12477082,-10.91198946],[24.12989095,-10.92028175],[24.13035196,-10.92349648],[24.12778089,-10.93339063],[24.1242808,-10.93821022],[24.12148072,-10.94648851],[24.12380179,-10.95361391],[24.14427231,-10.97065546],[24.14589136,-10.97871677],[24.14261126,-10.99641027],[24.13584209,-11.01089903],[24.13094195,-11.0253828],[24.13326101,-11.03067934],[24.14141123,-11.03804872],[24.16259278,-11.04634602],[24.16818193,-11.04589105],[24.1786722,-11.03417206],[24.18682242,-11.03073235],[24.19637268,-11.0314323],[24.21686421,-11.03811073],[24.23828377,-11.04204141],[24.25388518,-11.04687999],[24.2625044,-11.04595607],[24.26715453,-11.04389625],[24.28299594,-11.04414123],[24.28623603,-11.04504116],[24.30115542,-11.0492058],[24.32025692,-11.05426937],[24.33422628,-11.06186573],[24.35378679,-11.0752186],[24.37870844,-11.08878745],[24.38289755,-11.094077],[24.38784168,-11.10310323],[24.38894771,-11.10512606],[24.39127877,-11.11501422],[24.39127876,-11.13111185],[24.38917871,-11.14675252],[24.38730766,-11.17067048],[24.38660763,-11.17733991],[24.39080774,-11.18630415],[24.39779793,-11.19251563],[24.400829,-11.19619832],[24.39802891,-11.26888213],[24.39312879,-11.28751055],[24.38962869,-11.29372002],[24.37610733,-11.31119853],[24.36887814,-11.32890702],[24.36607806,-11.34109498],[24.35744683,-11.35811454],[24.34951762,-11.3679987],[24.33809632,-11.37328924],[24.30521645,-11.37351322],[24.2956552,-11.376028],[24.29005505,-11.37925273],[24.287955,-11.38407732],[24.28865501,-11.39074675],[24.29494518,-11.39766117],[24.30217637,-11.40340568],[24.31896681,-11.40916819],[24.34484649,-11.41170499],[24.36396799,-11.40665042],[24.37329724,-11.4068804],[24.38262849,-11.41079506],[24.39777888,-11.4245989],[24.40967919,-11.42896853],[24.42669863,-11.44299235],[24.43556986,-11.44782594],[24.4369699,-11.46922512],[24.44093,-11.47474465],[24.44535912,-11.47727444],[24.44885921,-11.47635452],[24.46239057,-11.46553044],[24.47148081,-11.46231571],[24.48944128,-11.46070585],[24.50087158,-11.46116482],[24.51277189,-11.4648305],[24.52280116,-11.4636806],[24.52863231,-11.4602359],[24.5395826,-11.4496418],[24.55054289,-11.44803194],[24.56384124,-11.45239557],[24.57597356,-11.45745614],[24.58343375,-11.45790611],[24.58810287,-11.45491137],[24.59183398,-11.45008678],[24.59346302,-11.44456724],[24.59298401,-11.43053444],[24.59412504,-11.42841461],[24.59857416,-11.42017932],[24.60510333,-11.41603967],[24.62072474,-11.41141507],[24.62701391,-11.41003519],[24.6342451,-11.40542558],[24.64472438,-11.3946165],[24.66032479,-11.36746381],[24.66591494,-11.35963447],[24.67686523,-11.35272506],[24.6871165,-11.34857042],[24.69899682,-11.33522655],[24.71110713,-11.32969202],[24.71484624,-11.33222281],[24.7211364,-11.33106691],[24.7325577,-11.33036697],[24.73604679,-11.32460646],[24.73277771,-11.3135734],[24.73812785,-11.30758391],[24.74301797,-11.30550408],[24.75490729,-11.30733593],[24.77331878,-11.30110446],[24.77990895,-11.30238936],[24.78363805,-11.3031093],[24.79803743,-11.30590905],[24.80921972,-11.30381624],[24.81853996,-11.29828471],[24.82763021,-11.29665485],[24.83438038,-11.29570593],[24.84136957,-11.29457003],[24.85303087,-11.29455503],[24.86094108,-11.28625774],[24.86744126,-11.26808128],[24.87349141,-11.26369766],[24.88654076,-11.2655225],[24.89914209,-11.27079206],[24.90590226,-11.271472],[24.9149815,-11.2679993],[24.93035291,-11.25785117],[24.94596332,-11.25667827],[24.95972368,-11.2610209],[24.96531383,-11.26032096],[24.97882419,-11.25431047],[24.98557437,-11.25200368],[24.99995474,-11.25154372],[25.01493514,-11.25010384],[25.05292614,-11.25163371],[25.07041559,-11.2564233],[25.08672602,-11.25408351],[25.10699756,-11.25150373],[25.12608706,-11.24432435],[25.13726835,-11.23946976],[25.14704861,-11.23897981],[25.17896945,-11.23591007],[25.19061976,-11.23565509],[25.2150804,-11.23052553],[25.22579069,-11.22911466],[25.23836001,-11.22378311],[25.25883055,-11.21107719],[25.26837081,-11.20805645],[25.27325194,-11.20344584],[25.29373147,-11.19578849],[25.30374174,-11.19299374],[25.31586306,-11.1934187],[25.32986342,-11.19889723],[25.33522356,-11.19887624],[25.34499282,-11.19516855],[25.351764,-11.19744836],[25.35109298,-11.20733652],[25.33762263,-11.22117134],[25.33228248,-11.22740581],[25.33068344,-11.23385026],[25.33070145,-11.24029272],[25.32351225,-11.25296363],[25.31980215,-11.25758325],[25.32029216,-11.26402269],[25.32684234,-11.272281],[25.33480354,-11.28076128],[25.33527156,-11.28467095],[25.32971341,-11.2934252],[25.32133219,-11.29782582],[25.3066528,-11.29993965],[25.29827158,-11.30318937],[25.2955015,-11.31078872],[25.2992616,-11.31836807],[25.31211194,-11.32890718],[25.31518202,-11.33993625],[25.31125291,-11.35006538],[25.30730281,-11.35376007],[25.30055263,-11.35677481],[25.29308144,-11.35632984],[25.28819231,-11.35750075],[25.28005209,-11.36235433],[25.27821104,-11.37178854],[25.28409219,-11.38672226],[25.29160139,-11.40233594],[25.29979161,-11.4099093],[25.30238167,-11.41748466],[25.29799256,-11.42946464],[25.30550276,-11.44507231],[25.30419172,-11.47130509],[25.30889184,-11.48187219],[25.32619229,-11.49492308],[25.32668231,-11.5006676],[25.32365322,-11.50344236],[25.3115429,-11.50900189],[25.3036257,-11.51020379],[25.29452146,-11.51159167],[25.28941132,-11.5182661],[25.29596149,-11.52468855],[25.30624276,-11.52765031],[25.31023286,-11.5347697],[25.31073288,-11.54649871],[25.30982285,-11.5524772],[25.30497172,-11.56744293],[25.30732179,-11.57457632],[25.31434297,-11.5807558],[25.32603327,-11.58647532],[25.32955236,-11.59335973],[25.33009238,-11.61474792],[25.33667154,-11.62853175],[25.34112267,-11.63288638],[25.35514403,-11.63767098],[25.36497329,-11.64545832],[25.38272376,-11.64930699],[25.40167525,-11.65959913],[25.40763441,-11.66414874],[25.41758467,-11.6717241],[25.42741594,-11.6776726],[25.43676618,-11.68062735],[25.46268686,-11.68283716],[25.46969704,-11.68510397],[25.47741624,-11.68922162],[25.4870165,-11.69884581],[25.49431769,-11.71400452],[25.49569473,-11.72294277],[25.49647675,-11.72802234],[25.49537771,-11.74527687],[25.48982757,-11.75817879],[25.48400641,-11.7639453],[25.48381741,-11.77383945],[25.48827652,-11.78095885],[25.49740776,-11.78667337],[25.50558697,-11.78801826],[25.51793731,-11.78015893],[25.53240869,-11.77825409],[25.54940914,-11.76921485],[25.56268848,-11.76202847],[25.57740988,-11.76311937],[25.582344,-11.75821979],[25.58415005,-11.75642894],[25.59179926,-11.74327706],[25.5936393,-11.7379825],[25.6008705,-11.73541772],[25.60927072,-11.73539172],[25.62236106,-11.73740256],[25.62937125,-11.73967237],[25.63497139,-11.73919241],[25.64567167,-11.73016817],[25.6503408,-11.73038316],[25.65503092,-11.73473279],[25.67250138,-11.77536734],[25.67744151,-11.78316869],[25.68774278,-11.78956815],[25.69803205,-11.79296686],[25.70768331,-11.80810158],[25.71355246,-11.81451604],[25.71870359,-11.8172558],[25.74089317,-11.8185327],[25.74658433,-11.81940063],[25.78437532,-11.82522313],[25.79793568,-11.82837287],[25.81895523,-11.8291948],[25.82363535,-11.82962976],[25.83575567,-11.82543012],[25.84948704,-11.81661587],[25.86272639,-11.80367197],[25.87204763,-11.7997173],[25.88046685,-11.80196211],[25.88726703,-11.80722667],[25.89011811,-11.81457605],[25.89420722,-11.83732412],[25.89823832,-11.84880315],[25.90625853,-11.86278996],[25.91894886,-11.87606084],[25.93369825,-11.88197035],[25.95960893,-11.87905559],[25.97531035,-11.88794484],[25.98705966,-11.89961586],[25.98990973,-11.90672826],[25.99087076,-11.91132786],[25.98833969,-11.9191522],[25.97998947,-11.92955133],[25.97837943,-11.93439591],[25.9814505,-11.93897353],[25.98964972,-11.94215526],[26.01090028,-11.94088537],[26.03591194,-11.94327517],[26.06332867,-11.94424508],[26.06910282,-11.94445007],[26.13708461,-11.94152532],[26.15132498,-11.93982047],[26.17022548,-11.93671072],[26.18287482,-11.94101137],[26.19174505,-11.94049541],[26.1972052,-11.93435593],[26.20079529,-11.93031127],[26.21200659,-11.92909238],[26.25136762,-11.94494303],[26.28034739,-11.94705486],[26.28737758,-11.94907469],[26.29769885,-11.95498419],[26.30169895,-11.95933182],[26.31225823,-11.96478336],[26.32208848,-11.96747314],[26.3300277,-11.96764812],[26.33469882,-11.96624324],[26.35052024,-11.95739398],[26.36491962,-11.94533401],[26.37376985,-11.94043443],[26.39240135,-11.93156317],[26.40770074,-11.92216697],[26.42826229,-11.91613748],[26.44439271,-11.91670243],[26.46826234,-11.92159702],[26.48655383,-11.93066125],[26.50937443,-11.95165348],[26.52158375,-11.95891986],[26.53282404,-11.96136966],[26.54385434,-11.9679581],[26.55914574,-11.98071902],[26.57015503,-11.98386175],[26.58369639,-11.98191192],[26.59787576,-11.97283268],[26.60161586,-11.97303267],[26.61031609,-11.97917715],[26.62481747,-11.98135697],[26.6299776,-11.98316882],[26.63584776,-11.98726147],[26.66295848,-11.98703849],[26.66857762,-11.98835638],[26.69152923,-11.99372092],[26.70317954,-12.00499997],[26.70768865,-12.0105255],[26.71824993,-12.01033952],[26.72036099,-12.0081727],[26.72414909,-12.00428803],[26.73036025,-11.9986895],[26.74243957,-11.98985125],[26.7546999,-11.97526248],[26.76000103,-11.97235273],[26.7623701,-11.97104784],[26.76446015,-11.96850306],[26.76864126,-11.96706317],[26.77471042,-11.96497136],[26.79037184,-11.9655233],[26.79811104,-11.96845006],[26.81603252,-11.98738846],[26.82779182,-11.99488082],[26.83534302,-11.99154611],[26.85223346,-11.98409174],[26.85618357,-11.9822219],[26.87865417,-11.98639154],[26.88356429,-11.98611656],[26.89053348,-11.98191692],[26.89679364,-11.97633739],[26.90002473,-11.9714778],[26.90249479,-11.9679581],[26.90829495,-11.95645007],[26.92312534,-11.94298521],[26.93592767,-11.93631777],[26.93707571,-11.93572082],[26.95353514,-11.92085708],[26.96318639,-11.90443347],[26.96816652,-11.88737991],[26.9711556,-11.8816004],[26.98022684,-11.8780607],[26.986167,-11.86375192],[26.99590626,-11.85583758],[27.0015064,-11.8556226],[27.00752756,-11.84842221],[27.00957661,-11.84080885],[27.00837658,-11.83542431],[26.99870633,-11.81830576],[26.99968635,-11.81179631],[27.0055075,-11.80032728],[27.00647653,-11.79382783],[27.00569651,-11.78193383],[27.00818757,-11.76891994],[27.0131167,-11.75469114],[27.01452774,-11.75216136],[27.02379799,-11.74424703],[27.0320072,-11.72439371],[27.04360851,-11.71692435],[27.04773761,-11.70951997],[27.04857864,-11.70008577],[27.04490854,-11.68194731],[27.03919839,-11.67164318],[27.02953713,-11.66207399],[27.02478801,-11.65337973],[27.02549703,-11.62968174],[27.02468701,-11.61865267],[27.0283681,-11.61286316],[27.03833836,-11.60632871],[27.04438853,-11.60443288],[27.07800841,-11.60642371],[27.08921971,-11.60723264],[27.09970997,-11.60552379],[27.11434937,-11.59917432],[27.1194595,-11.59681952],[27.13580993,-11.59804442],[27.14821026,-11.60136913],[27.15708149,-11.60151012],[27.16614173,-11.59796942],[27.17678101,-11.58821225],[27.18491222,-11.58491553],[27.19324144,-11.57793612],[27.20016163,-11.56980681],[27.20576178,-11.5699868],[27.20931186,-11.57454441],[27.21272196,-11.58831524],[27.2216332,-11.62594205],[27.22272222,-11.63053666],[27.22627231,-11.65741738],[27.22630232,-11.66109907],[27.22800237,-11.77931905],[27.23090344,-11.78570351],[27.23206248,-11.78824829],[27.23916266,-11.7976025],[27.24645385,-11.8023671],[27.25604311,-11.80387697],[27.2710045,-11.80487688],[27.28739494,-11.81026143],[27.29069402,-11.81134633],[27.30244433,-11.81858572],[27.31846575,-11.83153462],[27.3240149,-11.83394442],[27.33137509,-11.83714115],[27.35117661,-11.85418771],[27.36900609,-11.8613691],[27.38362647,-11.87386604],[27.39698783,-11.8778577],[27.40677709,-11.8968571],[27.43467682,-11.9062183],[27.44996822,-11.91548651],[27.46320957,-11.92937634],[27.46846972,-11.93966547],[27.47221981,-11.96124364],[27.46847972,-11.98222187],[27.46565864,-12.00134025],[27.46443962,-12.01768887],[27.4674497,-12.03605232],[27.47156781,-12.04912122],[27.47395887,-12.05369083],[27.4826701,-12.05935135],[27.49136032,-12.06247509],[27.49726949,-12.06838958],[27.50747975,-12.1025587],[27.50836078,-12.13865865],[27.51489995,-12.15882195],[27.52632126,-12.17549054],[27.5469118,-12.19642877],[27.56462027,-12.2114095],[27.57568256,-12.21680705],[27.60168226,-12.21997178],[27.60768341,-12.22289153],[27.61321256,-12.2255913],[27.61939273,-12.23425857],[27.62556289,-12.26178325],[27.62561089,-12.26200823],[27.62755294,-12.27119046],[27.63136404,-12.27690698],[27.64738347,-12.28615219],[27.6563047,-12.28857599],[27.67263413,-12.28448533],[27.67965532,-12.28462632],[27.69536473,-12.28742908],[27.71168616,-12.28287646],[27.72573553,-12.28431634],[27.75810639,-12.29082879],[27.76069846,-12.28973888],[27.76485656,-12.28799602],[27.77546784,-12.27544708],[27.78406808,-12.27143442],[27.80902873,-12.26538293],[27.81637893,-12.26166824],[27.81989702,-12.25513179],[27.81356785,-12.23543045],[27.81842798,-12.23145879],[27.8268582,-12.23228072],[27.85178986,-12.24301981],[27.86561922,-12.24560259],[27.8798706,-12.24358376],[27.88992086,-12.24323379],[27.90934038,-12.24345976],[27.91775159,-12.24196989],[27.9215117,-12.24353976],[27.9250918,-12.24900929],[27.933192,-12.27836682],[27.94497432,-12.299902],[27.94733039,-12.30432563],[27.95333254,-12.31558868],[27.95254252,-12.32733269],[27.94852243,-12.34164848],[27.95006146,-12.35175063],[27.9552516,-12.35535732],[27.96202278,-12.35436041],[27.97619315,-12.3461311],[27.98525139,-12.34208444],[27.9894525,-12.3402076],[27.99205257,-12.34082455],[27.99767372,-12.34218143],[28.01253411,-12.35119067],[28.0308036,-12.35233057],[28.03759377,-12.35235056],[28.04648401,-12.35235357],[28.06074538,-12.35126066],[28.06341445,-12.35179661],[28.06748856,-12.35261654],[28.07576478,-12.3542804],[28.08661607,-12.36034289],[28.09452628,-12.37427471],[28.11190575,-12.41338542],[28.11753689,-12.43147989],[28.12440708,-12.43691343],[28.12932621,-12.43707842],[28.13906746,-12.43096393],[28.14583665,-12.42950306],[28.14663766,-12.41912893],[28.14447661,-12.41548523],[28.14718768,-12.40808586],[28.15315783,-12.39995655],[28.16540815,-12.38852051],[28.17423839,-12.38426086],[28.18125757,-12.38440285],[28.18900878,-12.4027023],[28.20449919,-12.40599603],[28.21342942,-12.40788986],[28.22049961,-12.41124458],[28.22859883,-12.42172269],[28.235189,-12.42416449],[28.24243919,-12.42359754],[28.25916063,-12.4144053],[28.26524979,-12.41431232],[28.2805712,-12.42215765],[28.30582186,-12.41951487],[28.3149621,-12.42052878],[28.32675142,-12.42635429],[28.33071153,-12.43005398],[28.33790272,-12.43678341],[28.34600293,-12.44654759],[28.38684401,-12.48508234],[28.38885807,-12.48714216],[28.40371347,-12.50232788],[28.41740482,-12.50972126],[28.44164547,-12.51764959],[28.44902567,-12.52560592],[28.44958468,-12.53157541],[28.44295451,-12.55835316],[28.44539558,-12.56476262],[28.45109473,-12.57019917],[28.47328532,-12.58207116],[28.48987676,-12.59471009],[28.51625746,-12.61962199],[28.52248562,-12.62919419],[28.52300764,-12.63333184],[28.52328665,-12.63561965],[28.51870453,-12.65576896],[28.51735649,-12.66169745],[28.51532644,-12.66890185],[28.5135774,-12.67509733],[28.50897728,-12.68069286],[28.50012704,-12.68403159],[28.47742644,-12.68551246],[28.46392609,-12.69214491],[28.45608488,-12.70008124],[28.45409583,-12.70838354],[28.4568149,-12.71800973],[28.45763893,-12.71967559],[28.46551514,-12.73559526],[28.47986652,-12.75471665],[28.50318615,-12.77760472],[28.50692624,-12.78082045],[28.5129174,-12.78596702],[28.52863682,-12.80230264],[28.53856808,-12.82285392],[28.54299721,-12.85246843],[28.54407724,-12.85774498],[28.55472752,-12.86879706],[28.56441778,-12.87670339],[28.56743887,-12.8789662],[28.56944892,-12.88822543],[28.572579,-12.8945499],[28.5799892,-12.89436791],[28.58207825,-12.89259406],[28.58853842,-12.8860656],[28.59217951,-12.87887621],[28.59519559,-12.86878005],[28.5956986,-12.86709119],[28.59997872,-12.8527634],[28.60476884,-12.84396913],[28.61590014,-12.83257309],[28.62645941,-12.82178399],[28.62939449,-12.82071808],[28.63439062,-12.81890423],[28.6527011,-12.82025111],[28.65882026,-12.82221594],[28.66712149,-12.82830844],[28.67791177,-12.84309919],[28.68501997,-12.84753882],[28.68832205,-12.84960864],[28.69798131,-12.85244841],[28.70914161,-12.86101768],[28.72629306,-12.87799925],[28.73324325,-12.88756545],[28.73514331,-12.9036271],[28.74024344,-12.91459318],[28.75169375,-12.92661217],[28.75589386,-12.93987706],[28.76465409,-12.94504062],[28.77026424,-12.94333477],[28.77420435,-12.94098096],[28.78173355,-12.94247084],[28.79026477,-12.94739342],[28.79320384,-12.95540975],[28.79103379,-12.96578888],[28.79586492,-12.97491211],[28.81875553,-12.99709625],[28.82720576,-13.01237497],[28.83380494,-13.02814365],[28.83538498,-13.03868576],[28.83369494,-13.0502218],[28.83476497,-13.05801414],[28.84048512,-13.06391065],[28.84642628,-13.06795431],[28.84838533,-13.07344985],[28.84595527,-13.08245909],[28.83400595,-13.08332902],[28.83074587,-13.08522486],[28.83415596,-13.09252825],[28.84247618,-13.09929769],[28.8465963,-13.10705703],[28.84971638,-13.12563248],[28.84700631,-13.14660372],[28.85325648,-13.155236],[28.85705658,-13.15794278],[28.86353576,-13.15232324],[28.86963592,-13.15199327],[28.87368702,-13.15607293],[28.87546707,-13.16408525],[28.88557734,-13.16484619],[28.89698764,-13.15938265],[28.90362782,-13.16340531],[28.91071701,-13.18055087],[28.91443711,-13.19244988],[28.92231833,-13.21462102],[28.92958753,-13.24188573],[28.94161885,-13.2734231],[28.94519895,-13.29061166],[28.94568797,-13.30578039],[28.95010909,-13.31720944],[28.95628525,-13.32509677],[28.96450947,-13.3356079],[28.96840858,-13.34427717],[28.96788957,-13.35486229],[28.9692896,-13.36818018],[28.97387873,-13.37569355],[28.97601878,-13.37750439],[28.98212995,-13.3774024],[28.99280023,-13.36964205],[28.9991994,-13.37297777],[29.00096045,-13.37985119],[28.9991904,-13.38631665],[28.99108919,-13.39335307],[28.99893041,-13.41208151],[29.00372053,-13.41729107],[29.01221976,-13.41968086],[29.02019097,-13.41908592],[29.0292602,-13.41365436],[29.03378233,-13.4097017],[29.03511636,-13.40853979],[29.03945148,-13.4047521],[29.05389085,-13.39738972],[29.07208133,-13.38973236],[29.08254161,-13.38335088],[29.08740174,-13.37890425],[29.10163311,-13.37314073],[29.11005233,-13.37070493],[29.12157264,-13.37120489],[29.13315295,-13.37560452],[29.14291421,-13.38256893],[29.16041468,-13.40274125],[29.17006494,-13.41706805],[29.17643511,-13.43144984],[29.1796852,-13.44288389],[29.18276428,-13.44444576],[29.19070449,-13.44132902],[29.21144603,-13.41820594],[29.2214553,-13.41321135],[29.23358662,-13.40817177],[29.248136,-13.39436292],[29.26096734,-13.38884838],[29.28127688,-13.38205894],[29.29112714,-13.38073905],[29.29926835,-13.37669438],[29.30665754,-13.36966196],[29.30958862,-13.36271554],[29.31155767,-13.3417523],[29.31610879,-13.333393],[29.32297897,-13.33672671],[29.32914913,-13.34006243],[29.3355983,-13.34616692],[29.3429495,-13.34971562],[29.34881866,-13.34961263],[29.35484981,-13.34536699],[29.3584089,-13.33472787],[29.36532909,-13.32793744],[29.3735403,-13.32687853],[29.38532062,-13.32919333],[29.39046976,-13.32818441],[29.40003001,-13.32410875],[29.40588016,-13.32308383],[29.40936125,-13.32095901],[29.42577068,-13.31881818],[29.44191111,-13.31531847],[29.44701124,-13.31200474],[29.45159236,-13.30549028],[29.46563273,-13.29006157],[29.47164189,-13.284892],[29.475933,-13.27583775],[29.48295218,-13.27433788],[29.49090239,-13.27258302],[29.49526251,-13.26721248],[29.49790258,-13.25774326],[29.50334272,-13.2477551],[29.51612406,-13.24039071],[29.52812337,-13.22913165],[29.53746361,-13.22666185],[29.56052423,-13.22900665],[29.5672654,-13.22566693],[29.57648564,-13.21652769],[29.58067576,-13.21483783],[29.58913498,-13.2151478],[29.60339536,-13.22385706],[29.60841549,-13.22835169],[29.62003681,-13.23435618],[29.6351662,-13.23982572],[29.64317742,-13.24105062],[29.65527673,-13.23577606],[29.665248,-13.22891662],[29.67038713,-13.2279017],[29.67515726,-13.2314964],[29.67786733,-13.23788087],[29.67386623,-13.2494499],[29.6763183,-13.25516443],[29.68135843,-13.26035399],[29.68240746,-13.26608051],[29.68083742,-13.26978821],[29.67551728,-13.27425783],[29.66041689,-13.28258914],[29.65375771,-13.29006652],[29.65416772,-13.29903677],[29.66333697,-13.3117497],[29.66281796,-13.32163788],[29.65825784,-13.34081728],[29.6523677,-13.35173336],[29.64611553,-13.35667295],[29.62713603,-13.35886078],[29.60909655,-13.36173555],[29.60469443,-13.36480428],[29.60505645,-13.37122976],[29.61223564,-13.37822916],[29.61422569,-13.38371371],[29.60810654,-13.39532274],[29.60825554,-13.40313709],[29.61073661,-13.41021649],[29.62382696,-13.41871578],[29.64653657,-13.4387641],[29.65454778,-13.43976902],[29.66777713,-13.43123472],[29.67387728,-13.43066977],[29.67977844,-13.43216964],[29.69317681,-13.44433862],[29.70156903,-13.45268292],[29.71245832,-13.45708455],[29.72230958,-13.45597364],[29.73913902,-13.45151801],[29.7647397,-13.43861908],[29.77695102,-13.4383891],[29.78499123,-13.44076389],[29.80430175,-13.45442774],[29.80903988,-13.45654757],[29.80991088,-13.41774781],[29.80996086,-13.31472441],[29.80987084,-13.26321371],[29.81141187,-13.24639511],[29.81020084,-13.24435529],[29.8093008,-13.176061],[29.80993179,-13.1486833],[29.80875176,-13.12478529],[29.80962677,-13.09699062],[29.81004078,-13.08381872],[29.80963074,-13.00447137],[29.80969174,-12.9957361],[29.80942073,-12.98217724],[29.80989174,-12.95893818],[29.80944172,-12.93639807],[29.80902168,-12.86855177],[29.8100117,-12.83564953],[29.80872066,-12.81795602],[29.80952168,-12.81126658],[29.80978168,-12.78917843],[29.80917063,-12.69971695],[29.80956163,-12.67211227],[29.81015164,-12.6550697],[29.80924161,-12.62104257],[29.81013061,-12.5481107],[29.80965159,-12.5124617],[29.80993958,-12.47153614],[29.81014158,-12.44275257],[29.81006157,-12.41560486],[29.80986153,-12.32336264],[29.81000052,-12.271597],[29.81010152,-12.24122956],[29.8097005,-12.22122826],[29.8102505,-12.19016387],[29.80914047,-12.16119632],[29.80824544,-12.15984044],[29.8070404,-12.15801359],[29.80188027,-12.15719166],[29.79424107,-12.16124532],[29.78421081,-12.16282619],[29.77460055,-12.16139132],[29.76221023,-12.16186228],[29.75596006,-12.165201],[29.73887962,-12.17679003],[29.72324821,-12.19088884],[29.71003886,-12.19712331],[29.6846882,-12.2044977],[29.66722774,-12.20873735],[29.64571617,-12.20914232],[29.63352585,-12.2082194],[29.59631486,-12.19463856],[29.58809565,-12.19319269],[29.57525531,-12.19434359],[29.56850813,-12.19870322],[29.56462503,-12.20121301],[29.55933389,-12.2061396],[29.54008439,-12.21739965],[29.51336369,-12.22446006],[29.50595349,-12.22851073],[29.48933206,-12.24007975],[29.48775302,-12.24355946],[29.48497194,-12.24498434],[29.48040183,-12.25058387],[29.4677505,-12.27474684],[29.46431142,-12.29136043],[29.4597653,-12.30804803],[29.45971229,-12.30823901],[29.45578119,-12.32326774],[29.45623121,-12.33499175],[29.45941129,-12.34230113],[29.46541146,-12.35023546],[29.48116288,-12.37916802],[29.49575227,-12.39547665],[29.50001338,-12.39815242],[29.52765411,-12.39903634],[29.53429329,-12.40351596],[29.53673335,-12.40898049],[29.53749438,-12.42392424],[29.53574334,-12.43086165],[29.5268931,-12.44528244],[29.51612382,-12.45790138],[29.49951239,-12.47131526],[29.48946213,-12.4719602],[29.48293295,-12.47345508],[29.47496174,-12.47291012],[29.46311143,-12.46529977],[29.44513195,-12.4555016],[29.41326111,-12.44088284],[29.40401086,-12.43438139],[29.37819818,-12.41850473],[29.36920093,-12.415388],[29.36617886,-12.41434509],[29.35493856,-12.41385513],[29.33303798,-12.41998462],[29.31357847,-12.41825477],[29.30179715,-12.41432511],[29.29564699,-12.41051543],[29.29507697,-12.40477592],[29.29681702,-12.39738654],[29.295998,-12.39095208],[29.29048785,-12.38615148],[29.28434769,-12.38080293],[29.27550745,-12.37106376],[29.26698723,-12.36569422],[29.25718697,-12.36747907],[29.2432756,-12.37507743],[29.23299533,-12.37617334],[29.23110828,-12.37591836],[29.21352581,-12.37351357],[29.19103422,-12.37205369],[29.1749438,-12.37577739],[29.16893464,-12.37979305],[29.1557133,-12.38691346],[29.14640305,-12.38960723],[29.1294326,-12.39679463],[29.12028337,-12.39556174],[29.1142822,-12.38669248],[29.10739302,-12.38082298],[29.10340292,-12.38043301],[29.09761176,-12.38374373],[29.0876115,-12.38782239],[29.06636094,-12.39071715],[29.05887074,-12.39060217],[29.04686142,-12.38620753],[29.03617014,-12.37694832],[29.03036998,-12.36668419],[29.02764991,-12.35798991],[29.02448983,-12.35091552],[29.01492057,-12.33864655],[29.00817038,-12.32725952],[29.00483929,-12.32408978],[29.00406927,-12.31972815],[29.00240923,-12.3048144],[28.99886913,-12.28899274],[28.98451975,-12.27082228],[28.96304818,-12.23515029],[28.96189815,-12.23324046],[28.94705875,-12.21346213],[28.93490843,-12.20031324],[28.9114268,-12.18045092],[28.88251603,-12.15744187],[28.86835566,-12.15007249],[28.85555532,-12.13969337],[28.84696609,-12.12925626],[28.83802586,-12.11122078],[28.8325057,-12.10257151],[28.80471497,-12.07563379],[28.78605347,-12.06396278],[28.77845427,-12.05694338],[28.77410315,-12.04758117],[28.77130308,-12.03359735],[28.7645229,-12.01874361],[28.76411288,-12.00770454],[28.76416388,-11.9964405],[28.76331386,-11.99566947],[28.76331186,-11.99567056],[28.75865274,-11.99146092],[28.74879148,-11.98563142],[28.74110227,-11.98666833],[28.73136201,-11.99141992],[28.72109275,-11.99226786],[28.71453058,-11.99121795],[28.69995119,-11.98545843],[28.67588055,-11.97110265],[28.66548028,-11.96390127],[28.65583101,-11.95898169],[28.6400886,-11.95370313],[28.63344843,-11.94759465],[28.62914932,-11.94190214],[28.61827902,-11.91860611],[28.61470893,-11.91428647],[28.61093883,-11.91250462],[28.59900951,-11.91175669],[28.58431913,-11.91358653],[28.57658692,-11.91232664],[28.57018875,-11.90643514],[28.56405859,-11.90284745],[28.54580711,-11.90104861],[28.53688687,-11.89818885],[28.52202748,-11.88920561],[28.503917,-11.88096031],[28.50173594,-11.86027906],[28.49307571,-11.84339349],[28.4889756,-11.83493421],[28.48187641,-11.82859475],[28.4741552,-11.82779482],[28.45785378,-11.83124353],[28.44176436,-11.83331236],[28.43871328,-11.83221445],[28.43577219,-11.82282224],[28.43673322,-11.80877544],[28.44592545,-11.78333558],[28.44614047,-11.78114477],[28.44714349,-11.77089964],[28.44343439,-11.7571498],[28.43508417,-11.74485184],[28.42893501,-11.73965229],[28.41551465,-11.73201194],[28.41450262,-11.72742933],[28.41699469,-11.72164082],[28.42478389,-11.71682422],[28.42879399,-11.71434043],[28.43151406,-11.70833494],[28.43467315,-11.70137253],[28.43249409,-11.69611598],[28.42187381,-11.68844263],[28.4177747,-11.67930441],[28.41839472,-11.67446382],[28.43147506,-11.65909912],[28.43107505,-11.64737011],[28.4255449,-11.63664102],[28.4066734,-11.62310217],[28.39000195,-11.60056308],[28.38140272,-11.58688525],[28.38101272,-11.57631414],[28.38517282,-11.55784771],[28.38940393,-11.52765627],[28.39485307,-11.51746013],[28.39864217,-11.50544216],[28.39401404,-11.47629463],[28.39925118,-11.46747537],[28.41241452,-11.45808317],[28.4192547,-11.44763706],[28.41952371,-11.43429818],[28.42751391,-11.42244619],[28.42926396,-11.41459986],[28.42609487,-11.40544764],[28.42453283,-11.39465855],[28.42675489,-11.38656824],[28.43043298,-11.3835325],[28.4385842,-11.38271856],[28.44858446,-11.38096971],[28.45715469,-11.37693205],[28.45849572,-11.37277341],[28.45409561,-11.35903058],[28.45672567,-11.34795152],[28.44907447,-11.33518561],[28.44825445,-11.3269143],[28.45570364,-11.29529699],[28.46265482,-11.29198028],[28.46980501,-11.28703969],[28.47295409,-11.27940034],[28.47418612,-11.2681093],[28.47942425,-11.26021897],[28.48690645,-11.24584419],[28.48631543,-11.23757489],[28.48211132,-11.22353409],[28.48165531,-11.22200622],[28.4849334,-11.20792742],[28.49268459,-11.19607642],[28.4966967,-11.18382846],[28.49775572,-11.16149737],[28.49621668,-11.15208917],[28.49186556,-11.1411131],[28.48542639,-11.13154392],[28.47869421,-11.11784208],[28.47597414,-11.107073],[28.48097527,-11.09848573],[28.49152555,-11.08775765],[28.49307559,-11.08243509],[28.49265657,-11.07002915],[28.49523564,-11.0552694],[28.50092479,-11.04667114],[28.50769696,-11.03253934],[28.51029703,-11.01939346],[28.51033603,-11.00628358],[28.50752595,-10.99022594],[28.50825497,-10.9766361],[28.51276608,-10.96668495],[28.51619617,-10.9624983],[28.53303561,-10.95235617],[28.53780574,-10.94469782],[28.5404458,-10.9343007],[28.54121783,-10.92189776],[28.54456691,-10.86823133],[28.54713797,-10.85370757],[28.55358714,-10.83405625],[28.56086732,-10.82267521],[28.57670873,-10.80863641],[28.58229888,-10.79407265],[28.5983283,-10.7770391],[28.60355844,-10.76937475],[28.60360043,-10.76927576],[28.60760854,-10.76011554],[28.60634951,-10.73896735],[28.6101296,-10.72740733],[28.61838882,-10.72015895],[28.63044013,-10.71698922],[28.64208044,-10.7172642],[28.65445976,-10.7207639],[28.66213096,-10.7206489],[28.66512004,-10.7182941],[28.6675901,-10.7125196],[28.66780011,-10.69618099],[28.67303025,-10.68827667],[28.67743036,-10.68728874],[28.68874165,-10.68183221],[28.69088171,-10.67887046],[28.69261176,-10.67648167],[28.69684187,-10.66423371],[28.69333077,-10.64818009],[28.68715061,-10.63930584],[28.67682034,-10.63302637],[28.6678511,-10.62487608],[28.66593105,-10.62076243],[28.66392,-10.61159821],[28.66508002,-10.59617953],[28.67303023,-10.56913583],[28.67129018,-10.56227243],[28.66438,-10.55155834],[28.64741355,-10.53988034],[28.64346944,-10.53716458],[28.63661826,-10.53036516],[28.6341402,-10.52005603],[28.6340502,-10.5145365],[28.63697427,-10.50202958],[28.63950033,-10.4912225],[28.6381763,-10.48699186],[28.63712327,-10.48362415],[28.63657025,-10.4818493],[28.63620925,-10.47379999],[28.64307042,-10.4513899],[28.64287042,-10.43897296],[28.64041535,-10.43077766],[28.63773028,-10.42180443],[28.62646898,-10.40012629],[28.62403891,-10.39280592],[28.62170985,-10.37742823],[28.62397791,-10.35899981],[28.6275,-10.34992858],[28.63134809,-10.34002743],[28.63702024,-10.31602348],[28.63644423,-10.30796816],[28.63642922,-10.30775118],[28.63045906,-10.29772504],[28.61784174,-10.28920977],[28.61379962,-10.28648601],[28.61043854,-10.27917663],[28.59804822,-10.25866839],[28.58908897,-10.25005413],[28.58010774,-10.24007998],[28.57987273,-10.23945003],[28.57720766,-10.23230065],[28.57803768,-10.2258462],[28.58225879,-10.21359725],[28.59000899,-10.20404807],[28.5977912,-10.19732964],[28.59894823,-10.19632873],[28.60735844,-10.18469972],[28.60878848,-10.17226378],[28.61842873,-10.1649964],[28.62181982,-10.15873694],[28.62183881,-10.13021438],[28.62262083,-10.12323498],[28.62571891,-10.09566834],[28.62445987,-10.07454415],[28.62494089,-10.07314027],[28.63224007,-10.05188509],[28.62856898,-10.03975713],[28.63644018,-10.0237665],[28.63554816,-10.02079875],[28.63423913,-10.01644412],[28.63398011,-10.0155532],[28.62995901,-10.00170039],[28.63270008,-9.99163425],[28.629736,-9.98136613],[28.62681992,-9.971259],[28.62499987,-9.95886906],[28.64288933,-9.91537379],[28.6455904,-9.91028022],[28.65399062,-9.89865322],[28.65665069,-9.89033793],[28.65665469,-9.88562334],[28.65666069,-9.87631413],[28.66044079,-9.86567705],[28.66878,-9.85037936],[28.67121006,-9.84275001],[28.67136106,-9.82275173],[28.67453114,-9.81740919],[28.69420166,-9.81526936],[28.69710173,-9.807873],[28.6956117,-9.80191851],[28.69371964,-9.79927174],[28.68732047,-9.7903175],[28.67371111,-9.77971942],[28.67083105,-9.77356094],[28.67065103,-9.76183395],[28.66827097,-9.75796128],[28.66203181,-9.75698337],[28.64294031,-9.75398363],[28.63427908,-9.74882208],[28.63287905,-9.74648528],[28.62404981,-9.73173454],[28.62274878,-9.72232835],[28.62946895,-9.70728364],[28.62717989,-9.69398578],[28.62932994,-9.66843597],[28.62660987,-9.65698795],[28.6239928,-9.65303229],[28.6126095,-9.63582078],[28.61132947,-9.62779346],[28.6166586,-9.61300173],[28.61512856,-9.60359554],[28.60191821,-9.58839685],[28.58559878,-9.58151144],[28.59614806,-9.57492101],[28.6093494,-9.57448904],[28.62038969,-9.56926549],[28.62304876,-9.56164414],[28.62274875,-9.55705154],[28.6169196,-9.55437777],[28.60816737,-9.55773148],[28.59810511,-9.56291404],[28.59345899,-9.56530783],[28.58581778,-9.56542182],[28.57737757,-9.55888239],[28.57397848,-9.54904623],[28.57210742,-9.5017223],[28.56988736,-9.49278907],[28.56467822,-9.48528671],[28.55884707,-9.48238596],[28.54212663,-9.47987618],[28.53910755,-9.47877027],[28.53649648,-9.47467263],[28.53542645,-9.46526444],[28.53022532,-9.45798206],[28.52111708,-9.4528335],[28.51567694,-9.44555913],[28.51483592,-9.43591396],[28.51901302,-9.42187416],[28.5221161,-9.41144306],[28.53139634,-9.39752026],[28.53398641,-9.38484035],[28.53243737,-9.37451423],[28.52717723,-9.36287724],[28.52271711,-9.35903156],[28.50669669,-9.35559286],[28.49730545,-9.36285724],[28.47897497,-9.39093483],[28.46390458,-9.40494462],[28.43702388,-9.41889043],[28.42619359,-9.42203916],[28.41692335,-9.42171019],[28.39854387,-9.41530874],[28.3880226,-9.40833235],[28.38476251,-9.40746342],[28.3727822,-9.39521847],[28.36783306,-9.38931299],[28.36142189,-9.37814594],[28.35822181,-9.36485709],[28.36035186,-9.33609955],[28.36367295,-9.30985382],[28.36812306,-9.2971529],[28.37665229,-9.27864549],[28.39400373,-9.24690922],[28.41773435,-9.2238222],[28.44631309,-9.20089017],[28.48290604,-9.17278058],[28.48710616,-9.17014681],[28.4925503,-9.16673211],[28.50467561,-9.15913376],[28.54018754,-9.13631771],[28.56861728,-9.11957615],[28.58283865,-9.11224278],[28.58432269,-9.11121887],[28.61670853,-9.08898178],[28.64723032,-9.07335812],[28.64818935,-9.07268418],[28.66301073,-9.06231707],[28.69566159,-9.03607932],[28.72981146,-9.00223723],[28.74758093,-8.98564765],[28.75328408,-8.97848127],[28.76073227,-8.96912907],[28.77090254,-8.95495429],[28.78051578,-8.94344728],[28.8160347,-8.90093994],[28.84050534,-8.87072954],[28.84752452,-8.86207128],[28.85007459,-8.85853158],[28.85791579,-8.84766152],[28.85975483,-8.8467076],[28.86038585,-8.8432569],[28.88279243,-8.81446337],[28.89659579,-8.7967249],[28.9008059,-8.78585884],[28.91295721,-8.76613554],[28.9276576,-8.74729416],[28.94295299,-8.72096843],[28.943156,-8.72062145],[28.95336826,-8.69610557],[28.95798537,-8.67518437],[28.9630385,-8.65230234],[28.96395752,-8.63828055],[28.96347851,-8.62358581],[28.9594484,-8.60320757],[28.95000715,-8.57555296],[28.94829811,-8.57054339],[28.92513649,-8.5240714],[28.90693602,-8.49749069],[28.8988468,-8.48246299],[28.90062585,-8.47903929],[28.90197688,-8.47644652],[28.90908707,-8.47403472],[28.92728754,-8.47212788],[29.0023595,-8.46123581],[29.03615037,-8.45633223],[29.06930124,-8.45164363],[29.07804147,-8.45034674],[29.11191235,-8.44550915],[29.15652251,-8.43914469],[29.2060048,-8.43186231],[29.25479607,-8.42550185],[29.30725643,-8.41769751],[29.34591644,-8.41264994],[29.34986054,-8.412034],[29.38088835,-8.40720141],[29.39906983,-8.40504059],[29.44715108,-8.39773821],[29.46372051,-8.39583438],[29.48764113,-8.39172172],[29.51549286,-8.388453],[29.53550337,-8.38556224],[29.57023028,-8.38099764],[29.58842475,-8.37860984],[29.60664423,-8.37592606],[29.61454444,-8.37476017],[29.61879455,-8.37413722],[29.6555855,-8.3683927],[29.68042615,-8.36470702],[29.73863766,-8.35716165],[29.74998496,-8.35560179],[29.77359857,-8.35235907],[29.80052928,-8.34931132],[29.81756072,-8.34783345],[29.83205109,-8.34571263],[29.85411166,-8.34334283],[29.86082184,-8.34262289],[29.91252219,-8.33287272],[29.92703356,-8.33212878],[29.93667382,-8.32986597],[29.95329625,-8.32690123],[29.96999368,-8.32391848],[29.99249526,-8.31911089],[30.00008546,-8.31805199],[30.12339867,-8.31391531],[30.13532898,-8.31135453],[30.14307918,-8.30968667],[30.21448004,-8.30202031],[30.25288203,-8.29581884],[30.26101124,-8.29578284],[30.26326231,-8.29577785],[30.28269281,-8.29244613],[30.29260207,-8.29262511],[30.3322561,-8.28657862],[30.35203461,-8.28356787],[30.36588397,-8.28289193],[30.38579549,-8.27986519],[30.42831659,-8.27340474],[30.44013691,-8.26971006],[30.4474961,-8.27121392],[30.51074874,-8.26257965],[30.53277931,-8.2595699],[30.53682841,-8.258477],[30.55432887,-8.25373741],[30.57965953,-8.25553424],[30.59748999,-8.25100763],[30.63563198,-8.246601],[30.6670318,-8.2429743],[30.71304399,-8.23522196],[30.75141499,-8.23052536],[30.76116524,-8.22933346],[30.76941346,-8.22832254],[30.77435559,-8.22621272],[30.78894497,-8.26146267],[30.79066502,-8.26619727],[30.80751547,-8.31249526],[30.82331588,-8.33435138],[30.87841734,-8.41049979],[30.88727857,-8.41982197],[30.89866787,-8.4357356],[30.91121821,-8.45326309],[30.93186975,-8.4763081],[30.94997923,-8.49954908],[30.95309031,-8.5074064],[30.97417087,-8.53229724],[30.97573991,-8.53535198],[30.97681194,-8.5374408],[30.97820997,-8.54017057],[31.01065183,-8.57832026],[31.02819029,-8.59396991],[31.04992286,-8.60738575],[31.05935311,-8.61005752],[31.06928136,-8.61726489],[31.0780836,-8.62365033],[31.09964516,-8.63123368],[31.10059318,-8.63156664],[31.13657412,-8.63461937],[31.14975446,-8.63320249],[31.16022574,-8.62784695],[31.18030525,-8.61228729],[31.18335633,-8.60911555],[31.18689842,-8.60101225],[31.18764643,-8.5993014],[31.19346559,-8.59571471],[31.20997602,-8.58988021],[31.22746747,-8.59138208],[31.23680772,-8.60024231],[31.24811701,-8.60086025],[31.25270813,-8.60276508],[31.25725725,-8.6071927],[31.25875829,-8.61547698],[31.26445744,-8.6210735],[31.26600849,-8.62545913],[31.27512773,-8.63339643],[31.27819681,-8.63313846],[31.28149789,-8.63286948],[31.29408922,-8.63182156],[31.31049964,-8.61436807],[31.32000888,-8.61059739],[31.32459001,-8.6138811],[31.32843011,-8.61944562],[31.33542828,-8.61426107],[31.34691959,-8.61809074],[31.34976966,-8.61786775],[31.35750986,-8.60989644],[31.36142996,-8.61018341],[31.36330101,-8.60860055],[31.36409003,-8.60172514],[31.36210897,-8.5952637],[31.36448104,-8.59093907],[31.37202123,-8.58958319],[31.37513031,-8.58902523],[31.37772039,-8.6010052],[31.3861816,-8.60687069],[31.39239077,-8.62418519],[31.39826093,-8.63323141],[31.4049311,-8.63493226],[31.41316232,-8.64010881],[31.43993202,-8.64141269],[31.45219333,-8.63998781],[31.45885351,-8.64215162],[31.46526267,-8.64851508],[31.47410291,-8.65729831],[31.47521394,-8.66526462],[31.48964332,-8.68594784],[31.49702451,-8.68650579],[31.5042037,-8.68453495],[31.52686429,-8.6827661],[31.53629454,-8.68541886],[31.5424757,-8.69009346],[31.55169594,-8.69159132],[31.56311624,-8.7035363],[31.57060643,-8.71135762],[31.58214574,-8.74733951],[31.58310578,-8.76296816],[31.57907668,-8.78864495],[31.57000545,-8.81103202],[31.57494559,-8.82189408],[31.57651562,-8.82535878],[31.58487585,-8.84062846],[31.59831721,-8.84774985],[31.60021725,-8.84874476],[31.61051652,-8.85949883],[31.62932602,-8.86986193],[31.65873779,-8.88175589],[31.66907806,-8.8989394],[31.67364818,-8.90653776],[31.68002835,-8.91305619],[31.69226967,-8.91391011],[31.70006887,-8.91814975],[31.7088391,-8.91919065],[31.72529053,-8.91642188],[31.72873963,-8.91784675],[31.73446477,-8.92456418],[31.73488078,-8.92504914],[31.73806986,-8.92177641],[31.74961016,-8.91691483],[31.75693035,-8.90483187],[31.76650159,-8.89713653],[31.77149173,-8.89538067],[31.77973194,-8.89247993],[31.79068622,-8.89189097],[31.80424157,-8.89116803],[31.82179203,-8.89206995],[31.82987324,-8.89355082],[31.86855325,-8.90573075],[31.89363391,-8.91444499],[31.94721631,-8.93859089],[31.94739532,-8.94341247],[31.93817508,-8.96099196],[31.93142492,-8.98434995],[31.93706507,-9.0023614],[31.93878611,-9.00786892],[31.93918613,-9.01338645],[31.93679607,-9.0197919],[31.94499629,-9.03022599],[31.95414652,-9.03883325],[31.96136573,-9.05453789],[31.97007695,-9.06153228],[31.97348704,-9.06639687],[31.98451733,-9.0729513],[31.99624764,-9.07791187],[32.00948698,-9.07347225],[32.01508713,-9.06977556],[32.01544614,-9.06771574],[32.01606814,-9.06412805],[32.03230757,-9.0588005],[32.06104832,-9.05314798],[32.09157011,-9.05326495],[32.10956858,-9.0573656],[32.12222991,-9.06256414],[32.13650128,-9.06431299],[32.14694155,-9.06559287],[32.16152993,-9.06345505],[32.17087218,-9.07687689],[32.17915039,-9.0813365],[32.18140845,-9.08319834],[32.20735314,-9.10461548],[32.22472159,-9.11390868],[32.24071402,-9.12477773],[32.24296407,-9.12658857],[32.24689318,-9.12708753],[32.25770446,-9.13294902],[32.26716571,-9.13534282],[32.27389488,-9.13334599],[32.28624721,-9.13283002],[32.3090668,-9.1318791],[32.32662626,-9.13389592],[32.36204717,-9.13127413],[32.36472524,-9.1304542],[32.37294545,-9.12793841],[32.38753783,-9.12670751],[32.40260622,-9.12318381],[32.40883939,-9.12416072],[32.41209748,-9.12258985],[32.43154897,-9.12002206],[32.4478384,-9.13397186],[32.46100674,-9.13547973],[32.47643015,-9.1427491],[32.48217831,-9.14679374],[32.4936686,-9.15486904],[32.48677944,-9.17409738],[32.49886075,-9.1923688],[32.50662796,-9.20272691],[32.53565073,-9.24142956],[32.53867181,-9.24980184],[32.54105988,-9.25641527],[32.55125314,-9.25536536],[32.57398974,-9.24822496],[32.57583178,-9.24820297],[32.58464401,-9.24809897],[32.5957343,-9.25026578],[32.61924492,-9.25967996],[32.64688264,-9.2741797],[32.65426383,-9.2753936],[32.66167302,-9.27660848],[32.69414787,-9.27499961],[32.70867125,-9.27427966],[32.72116457,-9.27576453],[32.73604597,-9.28206398],[32.74586522,-9.28287891],[32.75208738,-9.28661059],[32.76100561,-9.29817758],[32.76619776,-9.30903364],[32.76850582,-9.31386623],[32.76844882,-9.31969673],[32.77654803,-9.3210616],[32.78396723,-9.32020667],[32.7906474,-9.32393535],[32.79994765,-9.33021081],[32.8096789,-9.34455457],[32.82810839,-9.35620055],[32.84886894,-9.36533276],[32.85562111,-9.36980337],[32.86153026,-9.37371703],[32.86553937,-9.37497792],[32.86753043,-9.37559987],[32.88286981,-9.36883844],[32.89260107,-9.36754155],[32.89315109,-9.38592797],[32.89611117,-9.39100253],[32.90398138,-9.3924514],[32.91125157,-9.38056042],[32.92522194,-9.39882985],[32.9316881,-9.40140962],[32.95367268,-9.40319546],[32.95341267,-9.40595221],[32.94733252,-9.41348057],[32.94375043,-9.42747237],[32.94481446,-9.44309303],[32.94790057,-9.48840312],[32.95389372,-9.49235578],[32.96691006,-9.48583333],[32.96970213,-9.48444346],[32.97550428,-9.48311056],[32.98243246,-9.4861533],[32.98862362,-9.49332268],[32.99439178,-9.49635942],[33.01244325,-9.4976463],[33.02237351,-9.50278385],[33.02695463,-9.50902431],[33.02867168,-9.5265028],[33.02418557,-9.53726988],[33.01127224,-9.55945998],[33.01138325,-9.56174178],[33.01206228,-9.57693347],[33.00805217,-9.58609569],[33.00848319,-9.59069029],[33.0047031,-9.60054745],[33.00298305,-9.6138643],[33.00495512,-9.63815321],[33.00530213,-9.64237685],[33.02793173,-9.65221099],[33.038384,-9.65044814],[33.04382413,-9.64330475],[33.0505533,-9.63445351],[33.05797649,-9.63428452],[33.05925453,-9.63486448],[33.06259661,-9.63638434],[33.06504568,-9.64062497],[33.07059583,-9.65023814],[33.08275416,-9.6668757],[33.08635526,-9.68115648],[33.09325644,-9.68809888],[33.0995126,-9.6890658],[33.10160665,-9.68724695],[33.1032847,-9.68013056],[33.11106689,-9.66272605],[33.11122789,-9.65622861],[33.1113919,-9.64962318],[33.11881508,-9.64807431],[33.11494698,-9.63815816],[33.10895782,-9.63397652],[33.10878582,-9.62524628],[33.11305492,-9.61194841],[33.12146613,-9.60258522],[33.12563624,-9.60330515],[33.13390646,-9.61279234],[33.14155866,-9.61215638],[33.15172892,-9.61522112],[33.15751608,-9.61549109],[33.17483952,-9.60876266],[33.1781386,-9.60748377],[33.18075968,-9.60646886],[33.19580907,-9.60726178],[33.21331953,-9.62187051],[33.21696963,-9.62947986],[33.21919769,-9.64328167],[33.22744891,-9.65621055],[33.22445785,-9.68630196],[33.22519788,-9.70074573],[33.22609091,-9.71826022],[33.23665019,-9.7335029],[33.2633849,-9.75598096],[33.27257014,-9.76960778],[33.27976935,-9.80160803],[33.28352245,-9.80681658],[33.28967961,-9.81178515],[33.3008119,-9.81071523],[33.3081931,-9.81674271],[33.32924365,-9.82400908],[33.33736086,-9.82429205],[33.34591408,-9.82917663],[33.35326128,-9.83956873],[33.35852142,-9.85086576],[33.36543461,-9.85780715],[33.36842468,-9.86287872],[33.37032475,-9.87993125],[33.37083176,-9.88450686],[33.38181106,-9.90824982],[33.37971301,-9.91581317],[33.37593291,-9.92200764],[33.36592266,-9.92745517],[33.35749144,-9.93889519],[33.34956124,-9.94482169],[33.34649416,-9.95330396],[33.34521214,-9.97306527],[33.33889098,-9.98815698],[33.33436287,-9.99897205],[33.33348185,-10.00169881],[33.33269583,-10.00413961],[33.31896249,-10.04691495],[33.31774147,-10.05564419],[33.31929851,-10.06691023],[33.33887204,-10.09002623],[33.34954232,-10.09239603],[33.35224238,-10.09412587],[33.35462345,-10.09566074],[33.35992159,-10.10167022],[33.36524373,-10.10445598],[33.37731404,-10.10476495],[33.38588527,-10.10735872],[33.40830486,-10.12289838],[33.42011218,-10.12734599],[33.43714463,-10.15090596],[33.45156501,-10.16520072],[33.45219003,-10.16582067],[33.45953422,-10.17310904],[33.47948574,-10.17530384],[33.49431713,-10.18045339],[33.50355638,-10.18947061],[33.51853778,-10.20910792],[33.52964607,-10.21468644],[33.5347582,-10.21402749],[33.55689879,-10.22581947],[33.55934785,-10.22842924],[33.56067989,-10.2300441],[33.56341896,-10.23879335],[33.55070764,-10.26815584],[33.55086766,-10.2803308],[33.5482166,-10.29572348],[33.5407474,-10.30303785],[33.53792834,-10.30785245],[33.53925938,-10.31958144],[33.53500628,-10.3317354],[33.54176945,-10.34070463],[33.54998668,-10.35160868],[33.54937267,-10.35916104],[33.54823964,-10.37320684],[33.5503067,-10.37735648],[33.55631886,-10.38337596],[33.56339906,-10.40317926],[33.56338005,-10.40778387],[33.56684815,-10.4107936],[33.57390934,-10.42432044],[33.57695743,-10.43016194],[33.58876073,-10.43988611],[33.59912101,-10.44350079],[33.61892053,-10.45040518],[33.62971982,-10.47184834],[33.63084185,-10.48059759],[33.62099961,-10.4945664],[33.62514972,-10.50125582],[33.63375994,-10.499231],[33.64000111,-10.50593542],[33.6468903,-10.52184405],[33.6580526,-10.52835349],[33.66869187,-10.53185318],[33.67398301,-10.54245227],[33.67441003,-10.5479708],[33.67903015,-10.55420727],[33.67870215,-10.57213673],[33.68147923,-10.57792224],[33.68750239,-10.57931911],[33.70522184,-10.5711278],[33.70588187,-10.57665933],[33.70165176,-10.58697845],[33.6876204,-10.60000734],[33.68612136,-10.60428697],[33.68479034,-10.60803966],[33.66401081,-10.62355834],[33.65166248,-10.62740501],[33.64629135,-10.63174465],[33.63878016,-10.64343365],[33.62357077,-10.66128213],[33.61612058,-10.66215507],[33.60242122,-10.65840239],[33.59727909,-10.66250505],[33.59350999,-10.67168426],[33.58459876,-10.68290331],[33.5698204,-10.70604134],[33.55998915,-10.71518056],[33.54987989,-10.7346719],[33.54449776,-10.73855557],[33.53776858,-10.73575582],[33.53240844,-10.7371017],[33.53168743,-10.74123535],[33.5341475,-10.75780393],[33.53153844,-10.76721613],[33.52663631,-10.76925595],[33.51680605,-10.7793201],[33.51028589,-10.78088497],[33.50395772,-10.78775139],[33.49578652,-10.79276096],[33.48342619,-10.79568072],[33.47267592,-10.80297011],[33.46562674,-10.81170236],[33.46048761,-10.81806183],[33.45278641,-10.82215648],[33.44277615,-10.82232147],[33.42329364,-10.81679895],[33.41628546,-10.81480813],[33.40349512,-10.81310228],[33.38882274,-10.8141692],[33.37641342,-10.82581821],[33.36827321,-10.82909393],[33.3640541,-10.8307978],[33.33934546,-10.83024685],[33.33473334,-10.83014386],[33.32200302,-10.85305391],[33.31969197,-10.85937337],[33.31118075,-10.87114437],[33.30254052,-10.87454409],[33.2862321,-10.87765283],[33.28442005,-10.86912457],[33.27884991,-10.86725472],[33.27442179,-10.86745471],[33.26579256,-10.87038446],[33.2474891,-10.89095072],[33.24607007,-10.89554033],[33.24859913,-10.89901203],[33.2510902,-10.90891119],[33.25598033,-10.91009408],[33.26105046,-10.90552147],[33.27159073,-10.90766527],[33.27699288,-10.90058188],[33.28071198,-10.90245172],[33.29966348,-10.92257999],[33.30234555,-10.92810452],[33.3042526,-10.93203718],[33.31003976,-10.93782168],[33.31325184,-10.94497807],[33.30804074,-10.99278199],[33.30981079,-11.00511194],[33.31071182,-11.0114224],[33.31874204,-11.02987082],[33.31822303,-11.03883306],[33.32050409,-11.04598944],[33.32952234,-11.05501167],[33.3317614,-11.06905047],[33.33848358,-11.07461699],[33.34772283,-11.086186],[33.35840411,-11.09222548],[33.36603332,-11.1012417],[33.37639459,-11.12040307],[33.37236249,-11.13073219],[33.37393454,-11.1399404],[33.37878267,-11.14687081],[33.39231403,-11.14465099],[33.40323531,-11.14955057],[33.40554338,-11.15278529],[33.4061844,-11.16267944],[33.4021753,-11.17093875],[33.40143528,-11.17644827],[33.39367608,-11.1878973],[33.39240206,-11.20444589],[33.38271582,-11.22462417],[33.38220482,-11.23221353],[33.37702468,-11.23952892],[33.35967424,-11.25482462],[33.35657316,-11.26653563],[33.35298308,-11.27279309],[33.349733,-11.27845461],[33.34780295,-11.28901372],[33.33719368,-11.30642724],[33.32662342,-11.31785327],[33.32002325,-11.32359579],[33.30927397,-11.33292099],[33.30760293,-11.33796757],[33.30896097,-11.34442402],[33.31750221,-11.35712294],[33.31840222,-11.36241848],[33.31276408,-11.36904692],[33.30334183,-11.37081178],[33.29481161,-11.36869696],[33.28896346,-11.37050181],[33.28353933,-11.37851113],[33.28373333,-11.38588051],[33.29091253,-11.39584765],[33.29374361,-11.42342731],[33.28877249,-11.43351645],[33.28455339,-11.43716114],[33.27848023,-11.43804607],[33.27289208,-11.43569927],[33.25342856,-11.41857374],[33.24970946,-11.41530102],[33.24952245,-11.40886857],[33.24534934,-11.40446895],[33.2400012,-11.40259911],[33.232009,-11.41173834],[33.23126898,-11.41701089],[33.22772089,-11.42435726],[33.22696988,-11.43170664],[33.23434008,-11.44487552],[33.24199928,-11.45159094],[33.24705042,-11.46198405],[33.24816045,-11.47141325],[33.24124829,-11.49461128],[33.25131156,-11.50432845],[33.25250959,-11.51378964],[33.24891951,-11.53006126],[33.23998928,-11.53874553],[33.23577018,-11.54101034],[33.23081105,-11.5497196],[33.2249399,-11.55541912],[33.22445891,-11.59084311],[33.24021032,-11.58823133],[33.26047885,-11.57935907],[33.27888133,-11.5847766],[33.28523249,-11.57769219],[33.28965061,-11.57979101],[33.29242368,-11.58441362],[33.29263369,-11.58763335],[33.30552003,-11.59230694],[33.31124219,-11.59695854],[33.31604132,-11.61239722],[33.31778437,-11.63172658],[33.31731137,-11.63795905],[33.31497332,-11.66896342],[33.31634638,-11.70165165],[33.3167814,-11.71198577],[33.31507236,-11.72324481],[33.32370161,-11.75964172],[33.3233126,-11.76314142],[33.32271359,-11.76860796],[33.32750473,-11.78565651],[33.33097281,-11.79028612],[33.3337149,-11.80041526],[33.33389491,-11.80916451],[33.3293628,-11.82316233],[33.31497343,-11.84329463],[33.30598221,-11.85980023],[33.30500119,-11.86669865],[33.30729025,-11.87452199],[33.31074234,-11.87836866],[33.31749452,-11.88586302],[33.32325168,-11.89831996],[33.32311369,-11.91994512],[33.31950161,-11.93510185],[33.31072339,-11.9557421],[33.31014339,-11.97159776],[33.30799234,-11.97894614],[33.3102734,-11.98793937],[33.30921338,-11.99827549],[33.30877437,-12.00264113],[33.30165219,-12.01869477],[33.29340099,-12.02875593],[33.28934189,-12.04160784],[33.28822386,-12.04364367],[33.27963264,-12.05924636],[33.27106144,-12.08481019],[33.27032141,-12.08701501],[33.26241323,-12.11481866],[33.26098219,-12.11984823],[33.26021218,-12.1297274],[33.26052519,-12.13310612],[33.26152022,-12.14376621],[33.26613235,-12.15253547],[33.27289253,-12.15695509],[33.28576387,-12.16049778],[33.28829294,-12.16119472],[33.30536438,-12.16292456],[33.3095335,-12.16776815],[33.3091715,-12.18709252],[33.31184159,-12.20735081],[33.3079425,-12.23124878],[33.3078815,-12.23975307],[33.30936955,-12.24464465],[33.3113226,-12.25104711],[33.31806378,-12.2570646],[33.32788304,-12.25805251],[33.33133113,-12.26704574],[33.33391422,-12.2828924],[33.33403221,-12.28361835],[33.33889235,-12.29170365],[33.35147368,-12.30051791],[33.35750485,-12.30838124],[33.35882488,-12.311222],[33.35986991,-12.3134858],[33.36327301,-12.32083518],[33.3661341,-12.34960875],[33.37010521,-12.3500857],[33.38185451,-12.34441918],[33.39474485,-12.34104945],[33.4080732,-12.34297928],[33.4234966,-12.3426293],[33.43314485,-12.33928258],[33.44841525,-12.32828049],[33.4542864,-12.32404685],[33.47629397,-12.32431082],[33.48582723,-12.33402999],[33.50243667,-12.33596481],[33.51198892,-12.34384914],[33.51549801,-12.34363916],[33.5267973,-12.33312003],[33.53170743,-12.33337301],[33.53662056,-12.33868256],[33.54240072,-12.34494203],[33.54840888,-12.35923782],[33.54723786,-12.36442737],[33.54576883,-12.37095682],[33.54399478,-12.37318164],[33.52524129,-12.38655652],[33.52248723,-12.38851836],[33.51215697,-12.39306498],[33.50603781,-12.39831454],[33.50107868,-12.40702282],[33.49706958,-12.41045352],[33.48816934,-12.41177342],[33.48323621,-12.41496316],[33.47643904,-12.41538013],[33.47360797,-12.41949678],[33.47169692,-12.4263922],[33.47366898,-12.43334161],[33.47676706,-12.44423069],[33.47902913,-12.45220002],[33.47689608,-12.45585271],[33.47100693,-12.46180921],[33.45906662,-12.46126327],[33.44966637,-12.46787171],[33.44776633,-12.47177838],[33.43367496,-12.4788178],[33.41595551,-12.50331574],[33.41445548,-12.51778853],[33.40997337,-12.5228241],[33.39922708,-12.52719674],[33.39495498,-12.52894359],[33.38318568,-12.53760288],[33.37045636,-12.55086176],[33.3608241,-12.55471145],[33.35473494,-12.55352155],[33.35122584,-12.55197168],[33.33885452,-12.54650515],[33.33280436,-12.54187255],[33.33117931,-12.53748792],[33.32466313,-12.53215637],[33.31533189,-12.52727379],[33.30195354,-12.53178342],[33.29536137,-12.53565309],[33.29188228,-12.53631604],[33.28153301,-12.53831088],[33.27569286,-12.53839587],[33.27098173,-12.53847287],[33.26229151,-12.54347246],[33.26315354,-12.55405857],[33.25478332,-12.56426171],[33.23858191,-12.58401205],[33.23242175,-12.59431819],[33.22325052,-12.59931778],[33.21762037,-12.59973574],[33.20704209,-12.6051703],[33.20178896,-12.61026687],[33.19901889,-12.61294664],[33.19323976,-12.63451483],[33.18875764,-12.63954441],[33.18123044,-12.64339709],[33.1758403,-12.64312811],[33.17424926,-12.63713762],[33.17883136,-12.61877617],[33.17864035,-12.61302665],[33.16887109,-12.60283751],[33.15274966,-12.59697702],[33.13728026,-12.5984609],[33.13427818,-12.59913785],[33.12930005,-12.60025076],[33.11538769,-12.61278971],[33.10670846,-12.61365064],[33.09970828,-12.609467],[33.09089604,-12.59720404],[33.08622692,-12.5953312],[33.08338484,-12.59922088],[33.07446561,-12.60237061],[33.06572639,-12.61035695],[33.06288031,-12.61116887],[33.05633814,-12.61304672],[33.04028573,-12.62879541],[33.03598663,-12.63631477],[33.02627738,-12.65329335],[33.0197042,-12.65416129],[33.01521409,-12.65918287],[33.011625,-12.66927002],[33.00859594,-12.69661972],[33.00642489,-12.70372912],[32.99595762,-12.7183239],[32.99150551,-12.72453738],[32.97579611,-12.74122598],[32.9638748,-12.75030523],[32.96053372,-12.75763961],[32.95823268,-12.78085266],[32.95643966,-12.82790771],[32.95616566,-12.8350981],[32.9574927,-12.84407435],[32.96098379,-12.84801001],[32.97026504,-12.85532639],[32.98034331,-12.86103891],[33.00058485,-12.8812092],[33.01577525,-12.88868156],[33.02040638,-12.89539199],[33.02221144,-12.90459522],[33.02614454,-12.91222158],[33.02515652,-12.91795409],[33.01750333,-12.9369895],[33.01765635,-12.94733863],[33.0155963,-12.95443104],[33.01259423,-12.96477717],[33.0112972,-12.98177575],[33.01240723,-12.98983407],[33.00740611,-12.99922029],[32.9993759,-13.00605672],[32.99171571,-13.02462216],[32.9872256,-13.02849484],[32.98810662,-13.03586123],[32.99554583,-13.04489046],[32.99639286,-13.0563835],[32.99164674,-13.06394187],[32.98883567,-13.0670786],[32.97980544,-13.07718776],[32.98032447,-13.09948889],[32.97910443,-13.10569537],[32.97459532,-13.11163288],[32.97472433,-13.12519774],[32.98080552,-13.15835995],[32.99572491,-13.17134886],[33.00159608,-13.17968515],[33.00663522,-13.18683155],[33.01075533,-13.20066139],[33.01401342,-13.20437008],[33.0167635,-13.21243541],[33.01416544,-13.21562914],[33.00166511,-13.22266556],[32.99154384,-13.2246624],[32.9821136,-13.22987096],[32.97895552,-13.24248891],[32.97375539,-13.2475115],[32.9699063,-13.25920552],[32.96777424,-13.26148833],[32.958626,-13.26027244],[32.95532291,-13.26115936],[32.95348387,-13.26367015],[32.94559467,-13.27441526],[32.94123456,-13.29093988],[32.93837349,-13.29619444],[32.93899951,-13.30448875],[32.93253335,-13.32098037],[32.93366239,-13.32582696],[32.92903527,-13.33839292],[32.92638321,-13.34555832],[32.92310312,-13.35446958],[32.92304913,-13.36047507],[32.92285914,-13.38320517],[32.92284314,-13.38573696],[32.92016208,-13.39767597],[32.91560296,-13.40914001],[32.88870128,-13.45075655],[32.88277313,-13.45714502],[32.87593296,-13.46006878],[32.86091056,-13.45788597],[32.84916125,-13.45778299],[32.84515114,-13.45913588],[32.84389211,-13.46259559],[32.84352212,-13.48602364],[32.84413314,-13.49705871],[32.84732223,-13.50858175],[32.84468217,-13.51591114],[32.84362214,-13.51651109],[32.83712097,-13.52021578],[32.82196158,-13.53365767],[32.8038221,-13.53786933],[32.79789795,-13.54218198],[32.79338083,-13.54835546],[32.78334057,-13.55201816],[32.76655913,-13.55157821],[32.75942895,-13.55955355],[32.75223877,-13.57558622],[32.74772965,-13.58037582],[32.73597934,-13.57912593],[32.73150822,-13.58023584],[32.72448904,-13.57672114],[32.72141896,-13.57716611],[32.70576654,-13.56598705],[32.6930782,-13.56610005],[32.69022913,-13.56883682],[32.69063714,-13.57550926],[32.68425898,-13.57742111],[32.68096689,-13.57840903],[32.684556,-13.59752443],[32.67410773,-13.60915347],[32.67547677,-13.61422305],[32.6801269,-13.61932261],[32.68974815,-13.62239835],[32.70493856,-13.63310445],[32.71714988,-13.63458432],[32.72743816,-13.64158073],[32.7366094,-13.6418907],[32.74692068,-13.64565837],[32.75081877,-13.64590535],[32.75514889,-13.64619032],[32.76062703,-13.63818599],[32.77381138,-13.63692109],[32.78670073,-13.64162369],[32.79906106,-13.65368668],[32.79943107,-13.65954918],[32.8000991,-13.67001131],[32.82674181,-13.68954467],[32.83931116,-13.70547833],[32.84280125,-13.70991496],[32.84417129,-13.71496754],[32.8406002,-13.72000412],[32.83044193,-13.72521369],[32.82433778,-13.72447076],[32.81610155,-13.72346785],[32.80641231,-13.72937336],[32.80564128,-13.73579883],[32.79448,-13.74835179],[32.78175766,-13.74962169],[32.77761056,-13.7675192],[32.77001937,-13.77388268],[32.77375047,-13.77782935],[32.77767158,-13.77724939],[32.78050965,-13.77683943],[32.78411875,-13.77630946],[32.79045891,-13.77819931],[32.79697109,-13.78744553],[32.8009492,-13.79000132],[32.80535232,-13.79762767],[32.80857941,-13.79792665],[32.81076146,-13.79813063],[32.81490056,-13.781619],[32.83465308,-13.78362882],[32.84819945,-13.79476789],[32.86163181,-13.79235808],[32.8613528,-13.79832758],[32.86341286,-13.80454707],[32.86734196,-13.80334016],[32.87143207,-13.80208126],[32.88898355,-13.81487618],[32.89526272,-13.82342547],[32.89677377,-13.84022408],[32.90350295,-13.85176311],[32.9165953,-13.86313215],[32.9236145,-13.86778676],[32.92925264,-13.86898066],[32.93673384,-13.87478118],[32.94670512,-13.89196973],[32.95273629,-13.90501865],[32.94724315,-13.91416389],[32.94312305,-13.92930663],[32.94683515,-13.93623006],[32.95058526,-13.93832588],[32.96238457,-13.93520113],[32.97437389,-13.93643902],[32.98706622,-13.9402237],[32.9938484,-13.94506729],[33.00040658,-13.9497549],[33.00340467,-13.95781423],[33.00379768,-13.96747342],[33.00197464,-13.96949325],[32.99762553,-13.97432286],[32.9926054,-13.9834721],[32.99010635,-14.00183358],[32.9918764,-14.01563943],[32.99733555,-14.02143194],[33.00168467,-14.02605856],[33.01179394,-14.02912829],[33.02931541,-14.04740977],[33.03823766,-14.05092646],[33.04129774,-14.05072148],[33.05090698,-14.03875747],[33.05413806,-14.0347308],[33.06315629,-14.0262915],[33.06676838,-14.01644831],[33.06829041,-14.00273945],[33.06954944,-13.99141139],[33.08094873,-13.97863244],[33.10415033,-13.96179382],[33.1105165,-13.96045893],[33.12627992,-13.9619538],[33.13171906,-13.95969398],[33.14293834,-13.93840574],[33.15189957,-13.93616992],[33.17909931,-13.95199459],[33.18353943,-13.95593025],[33.18934159,-13.96792325],[33.1892616,-13.9794123],[33.19692981,-13.99349112],[33.20918313,-14.00498016],[33.2113992,-14.00674802],[33.21458028,-14.01025272],[33.13785327,-14.03516371],[33.01031393,-14.07657936],[33.00016667,-14.07987409],[32.86625116,-14.12589637],[32.65876072,-14.19720259],[32.64334132,-14.20378506],[32.51474895,-14.25869659],[32.45056427,-14.28610736],[32.3908137,-14.29726048],[32.36587204,-14.30191611],[32.3076015,-14.31279625],[32.27701069,-14.31850779],[32.27197056,-14.31996268],[32.27198656,-14.31821482],[32.26918648,-14.31879478],[32.26721744,-14.31920474],[32.26428436,-14.31980469],[32.26134328,-14.32042164],[32.2584052,-14.3210346],[32.25567813,-14.32159455],[32.25323606,-14.32210451],[32.25029499,-14.32270946],[32.24735791,-14.32332441],[32.24441684,-14.32393437],[32.24151776,-14.32467431],[32.23963671,-14.32533425],[32.23774466,-14.3259942],[32.23585661,-14.32665915],[32.23396756,-14.32731909],[32.23113749,-14.32830901],[32.22924544,-14.32896895],[32.22641435,-14.32996388],[32.22358428,-14.3309538],[32.22169524,-14.33161974],[32.21886516,-14.33260866],[32.21698411,-14.33326861],[32.21414603,-14.33425853],[32.21226599,-14.33491848],[32.20943491,-14.33592239],[32.20660484,-14.33691031],[32.20372376,-14.33775325],[32.20082469,-14.33851819],[32.19792561,-14.33927812],[32.19501153,-14.34003906],[32.19211545,-14.340801],[32.18921638,-14.34156794],[32.18631331,-14.34232788],[32.18341423,-14.34308782],[32.18062516,-14.34419773],[32.17787508,-14.34539063],[32.17512501,-14.34656753],[32.17236294,-14.34775844],[32.16960887,-14.34895234],[32.16777382,-14.34973728],[32.16502275,-14.35092818],[32.16211267,-14.35109217],[32.16012462,-14.35088219],[32.15724454,-14.35152714],[32.15440247,-14.35247706],[32.15155339,-14.35343998],[32.14871532,-14.35438691],[32.14587325,-14.35533683],[32.14397319,-14.35597677],[32.14112312,-14.3569317],[32.13828505,-14.35788163],[32.13543197,-14.35883654],[32.13259389,-14.35979147],[32.12974382,-14.36074739],[32.12690174,-14.36169631],[32.12406367,-14.36264624],[32.12216362,-14.36329119],[32.12026457,-14.36391714],[32.11742249,-14.36488106],[32.11457242,-14.36583098],[32.11173435,-14.3667779],[32.10889227,-14.36772583],[32.10604219,-14.36869075],[32.10319312,-14.36963967],[32.10035104,-14.37058659],[32.09764198,-14.37149551],[32.09569292,-14.37237745],[32.09387287,-14.37320538],[32.09204183,-14.37402531],[32.09022278,-14.37484724],[32.08840273,-14.37567518],[32.08657169,-14.37649511],[32.08384062,-14.37772901],[32.08202057,-14.37855495],[32.08020152,-14.37937588],[32.07836947,-14.38019981],[32.07655042,-14.38102475],[32.07471937,-14.38184668],[32.07290333,-14.38266961],[32.07017225,-14.38390451],[32.0683522,-14.38472844],[32.06652116,-14.38554938],[32.06470111,-14.38636931],[32.06288206,-14.38719824],[32.06105101,-14.38801918],[32.05923096,-14.38883911],[32.05649989,-14.39007901],[32.05353982,-14.39054897],[32.05155976,-14.39083895],[32.04859169,-14.39127391],[32.04561961,-14.39170589],[32.04265153,-14.39214385],[32.03969145,-14.39258881],[32.03672037,-14.39302378],[32.0337523,-14.39346875],[32.03079922,-14.39397371],[32.02884217,-14.39439867],[32.02687812,-14.39481463],[32.02394804,-14.39543359],[32.02102195,-14.39606854],[32.01808088,-14.39669349],[32.0151508,-14.39732644],[32.01221773,-14.39795838],[32.00928065,-14.39857834],[32.00635057,-14.39920328],[32.00342049,-14.39983724],[32.00145944,-14.4002532],[31.99951039,-14.40067816],[31.99656931,-14.40130312],[31.99363924,-14.40193707],[31.99168018,-14.40235303],[31.98874911,-14.40298698],[31.98581903,-14.40360394],[31.98287995,-14.40423788],[31.97994987,-14.40486283],[31.9770188,-14.40549778],[31.97411872,-14.40626272],[31.97219867,-14.40683568],[31.97028762,-14.40741263],[31.96837957,-14.40799259],[31.96645952,-14.40856553],[31.96454947,-14.40914248],[31.96166939,-14.41001742],[31.95975834,-14.41058237],[31.95783929,-14.41116233],[31.95592824,-14.41174728],[31.95400918,-14.41231223],[31.95131812,-14.41312716],[31.94922807,-14.41375212],[31.94638899,-14.41473703],[31.94451794,-14.41543698],[31.94170886,-14.41650689],[31.93890879,-14.41756181],[31.93703774,-14.41827675],[31.93422767,-14.41933166],[31.93235862,-14.42005161],[31.92966755,-14.4213715],[31.9278875,-14.42228643],[31.92521743,-14.42365332],[31.92254736,-14.4250262],[31.92076732,-14.42593613],[31.91809725,-14.42729602],[31.91542818,-14.4286609],[31.91364713,-14.42957583],[31.91097706,-14.43094072],[31.90919702,-14.43185065],[31.90652694,-14.43321053],[31.90385788,-14.43458443],[31.90207683,-14.43549035],[31.89940675,-14.43686523],[31.89673769,-14.43822512],[31.89494664,-14.43914505],[31.89227657,-14.44050494],[31.8896065,-14.44187083],[31.88782645,-14.44277976],[31.88515638,-14.44415464],[31.88248731,-14.44551453],[31.88070627,-14.44642046],[31.87567613,-14.44900425],[31.87358608,-14.45006916],[31.87091701,-14.45143405],[31.86824694,-14.45280194],[31.8664659,-14.45370886],[31.86379683,-14.45508375],[31.86111575,-14.45644364],[31.85933571,-14.45735057],[31.85666564,-14.45872345],[31.85399657,-14.46008835],[31.85221552,-14.46099827],[31.84954545,-14.46235816],[31.84687638,-14.46373205],[31.84509533,-14.46463798],[31.84242626,-14.46601286],[31.83975619,-14.46737275],[31.83797515,-14.46828068],[31.83546508,-14.46957257],[31.83352503,-14.47056249],[31.83085596,-14.47192738],[31.82906491,-14.47284231],[31.82659485,-14.4741022],[31.82450479,-14.47484214],[31.82167572,-14.47585206],[31.81884564,-14.47684698],[31.81602457,-14.4778569],[31.81413452,-14.47853185],[31.81225547,-14.47919679],[31.8093754,-14.48001673],[31.80644532,-14.48067667],[31.80449426,-14.48112163],[31.80156419,-14.48178158],[31.79961514,-14.48221655],[31.79669506,-14.48287649],[31.79474401,-14.48332146],[31.79181393,-14.48398141],[31.78986488,-14.48441937],[31.7869348,-14.48507832],[31.78498375,-14.48551629],[31.78206467,-14.48619023],[31.78010462,-14.4866262],[31.77718454,-14.48728614],[31.77523449,-14.48773111],[31.77230341,-14.48839106],[31.77035336,-14.48882602],[31.76742429,-14.48948597],[31.76450221,-14.49014591],[31.76255416,-14.49059088],[31.75962307,-14.49125583],[31.75767302,-14.49170079],[31.75474395,-14.49236074],[31.7527939,-14.49279771],[31.75027284,-14.4941356],[31.7489428,-14.49567947],[31.74598272,-14.49565047],[31.74298264,-14.49561048],[31.74098359,-14.49559048],[31.73798351,-14.49555049],[31.73503243,-14.49590545],[31.73210235,-14.49658041],[31.72918228,-14.49724535],[31.72723323,-14.49769632],[31.72430315,-14.49837026],[31.72138307,-14.49903521],[31.71846299,-14.49971015],[31.71553292,-14.5003901],[31.71261284,-14.50105505],[31.70968276,-14.50172999],[31.70676268,-14.50239494],[31.70384261,-14.50306888],[31.70091253,-14.50373983],[31.69799245,-14.50440678],[31.69506138,-14.50507973],[31.6921423,-14.50574567],[31.68922222,-14.50641961],[31.68629115,-14.50708456],[31.68344107,-14.50774451],[31.68159102,-14.50868843],[31.67892095,-14.51004732],[31.67625188,-14.51140621],[31.67357181,-14.51276411],[31.67090174,-14.51413899],[31.66823167,-14.51549888],[31.6655616,-14.51685877],[31.66288153,-14.51822365],[31.66020946,-14.51958355],[31.65754039,-14.52094843],[31.65576135,-14.52185836],[31.65308128,-14.52321825],[31.6504092,-14.52458314],[31.64774013,-14.52594303],[31.64507006,-14.52730292],[31.64239999,-14.5286768],[31.63971992,-14.5300347],[31.63715985,-14.53158257],[31.63463079,-14.53320544],[31.63211073,-14.53482731],[31.62957966,-14.53643717],[31.62705059,-14.53805704],[31.62452953,-14.53967191],[31.62200046,-14.54129477],[31.61947039,-14.54291664],[31.61694932,-14.54452651],[31.61442026,-14.54614638],[31.61188919,-14.54776125],[31.60936913,-14.54938511],[31.60684006,-14.55099098],[31.60406899,-14.5520559],[31.60212894,-14.55256586],[31.60001888,-14.55310582],[31.59754882,-14.55445071],[31.59578877,-14.55541563],[31.59315971,-14.55685551],[31.59051863,-14.55828039],[31.58788956,-14.55972028],[31.58524849,-14.56115516],[31.58261942,-14.56259504],[31.57998936,-14.56403492],[31.57734929,-14.56546081],[31.57471922,-14.56690169],[31.57207915,-14.56833458],[31.56944908,-14.56977446],[31.56681901,-14.57120434],[31.56417894,-14.57264422],[31.56154887,-14.57408411],[31.5589088,-14.57550899],[31.55627874,-14.57694887],[31.55364866,-14.57838376],[31.5510086,-14.57982364],[31.54837853,-14.58126352],[31.54587746,-14.58289838],[31.54422742,-14.58404929],[31.54258738,-14.5851932],[31.54012831,-14.58690306],[31.53766825,-14.58861892],[31.53520618,-14.59032778],[31.5323271,-14.59114271],[31.53038805,-14.59164767],[31.52758798,-14.59265259],[31.52583693,-14.59363252],[31.52321787,-14.5950874],[31.52147782,-14.59606232],[31.51885775,-14.5975172],[31.5171067,-14.59849912],[31.51448764,-14.599961],[31.51273659,-14.60094192],[31.51099555,-14.60191184],[31.5092475,-14.60288676],[31.50749546,-14.60385668],[31.50487638,-14.60531656],[31.50313634,-14.60630148],[31.50051627,-14.60776136],[31.49876722,-14.60873028],[31.49614615,-14.61019617],[31.49352709,-14.61165605],[31.49090602,-14.61311593],[31.48819595,-14.61439082],[31.48546687,-14.61564072],[31.4827368,-14.61688563],[31.48000573,-14.61813752],[31.47728565,-14.61939042],[31.47455659,-14.62064031],[31.47273654,-14.62147025],[31.46974546,-14.62149025],[31.46774641,-14.62147026],[31.46528634,-14.62143026],[31.46279528,-14.62190522],[31.46082522,-14.62229018],[31.45886617,-14.62266016],[31.45591509,-14.62322511],[31.45395604,-14.62359509],[31.45198599,-14.62398005],[31.45002494,-14.62435002],[31.44806589,-14.62472],[31.44609584,-14.62509496],[31.44413478,-14.62546494],[31.44216473,-14.62584991],[31.44020568,-14.62621987],[31.43823563,-14.62659784],[31.43627457,-14.62696781],[31.43424552,-14.62735878],[31.43227447,-14.62773476],[31.42933539,-14.62829971],[31.42736534,-14.62867668],[31.42541429,-14.62910864],[31.42346424,-14.62953961],[31.42150419,-14.62996957],[31.41858511,-14.63061453],[31.41662506,-14.63104449],[31.414675,-14.63148946],[31.41272395,-14.63191942],[31.40979388,-14.63256737],[31.40784483,-14.63299933],[31.40588377,-14.6334343],[31.40296369,-14.63407425],[31.40100464,-14.63451921],[31.39905359,-14.63494918],[31.39710454,-14.63537914],[31.39417446,-14.63602509],[31.39222341,-14.63645806],[31.39026436,-14.63689402],[31.38831331,-14.63732399],[31.38538323,-14.63797894],[31.38343418,-14.6384089],[31.38148313,-14.63884587],[31.37855305,-14.63948381],[31.37659399,-14.63992878],[31.37464294,-14.64035374],[31.37269389,-14.64078371],[31.36976382,-14.64143866],[31.36781276,-14.64186862],[31.36585372,-14.64229859],[31.36390266,-14.64272856],[31.36097258,-14.6433745],[31.35902353,-14.64380647],[31.35707348,-14.64424343],[31.3541424,-14.64488838],[31.35219235,-14.64532835],[31.3502323,-14.64575831],[31.34828225,-14.64618828],[31.34633319,-14.64662624],[31.34340312,-14.64726419],[31.34145207,-14.64770816],[31.33949301,-14.64813313],[31.33754196,-14.64856309],[31.33461188,-14.64921803],[31.33266284,-14.649648],[31.33071178,-14.65007797],[31.32875273,-14.65050794],[31.32680168,-14.6509479],[31.3238526,-14.65148485],[31.32187254,-14.65178783],[31.31990249,-14.65208281],[31.31693242,-14.65253377],[31.31495237,-14.65283775],[31.31199228,-14.65328771],[31.30902221,-14.65373268],[31.30704115,-14.65403665],[31.30408208,-14.65448762],[31.301111,-14.65493758],[31.29913094,-14.65523256],[31.29617086,-14.65568352],[31.29419081,-14.6559725],[31.29122074,-14.65642447],[31.28826066,-14.65687743],[31.2862806,-14.6571774],[31.28331053,-14.65762238],[31.28134047,-14.65792735],[31.2783704,-14.65837731],[31.27539932,-14.65882728],[31.27343026,-14.65912225],[31.27045919,-14.65957421],[31.26848113,-14.6598622],[31.26555106,-14.66047715],[31.26266098,-14.66125708],[31.2597599,-14.66204402],[31.25782985,-14.66256198],[31.25493078,-14.66334191],[31.25204069,-14.66413686],[31.24913962,-14.66491679],[31.24624854,-14.66570673],[31.24335047,-14.66648666],[31.24045939,-14.6672726],[31.23756031,-14.66805554],[31.23466024,-14.66884147],[31.23176916,-14.66962141],[31.22983911,-14.67015437],[31.22693803,-14.6709363],[31.22404996,-14.67172124],[31.22114888,-14.67250118],[31.21825881,-14.67328311],[31.21535973,-14.67407105],[31.21245866,-14.67485098],[31.20956857,-14.67564593],[31.2066695,-14.67642586],[31.20377842,-14.6772148],[31.20087835,-14.67799573],[31.19798927,-14.67877567],[31.19604922,-14.67930563],[31.19315914,-14.68008057],[31.19025807,-14.68087551],[31.18939804,-14.68129147],[31.187619,-14.6821554],[31.18526893,-14.68401025],[31.18291887,-14.6858811],[31.1800078,-14.68647505],[31.17704772,-14.68694501],[31.17407764,-14.68742498],[31.17111756,-14.68789493],[31.16826749,-14.68880986],[31.16541841,-14.68976479],[31.16351836,-14.69038973],[31.16067828,-14.69133966],[31.15782721,-14.69229458],[31.15403711,-14.69355948],[31.15119704,-14.6945094],[31.14929698,-14.69514935],[31.14644691,-14.69610427],[31.14360683,-14.6970542],[31.14075776,-14.69800412],[31.13885771,-14.69863407],[31.13601763,-14.69958399],[31.13316756,-14.70053392],[31.13127751,-14.70117386],[31.12937646,-14.70179881],[31.12653639,-14.70275374],[31.12463633,-14.70337869],[31.12178626,-14.70434361],[31.11894618,-14.70529253],[31.11704714,-14.70592348],[31.11419706,-14.70687341],[31.11135698,-14.70782333],[31.10850691,-14.70877125],[31.10661686,-14.70940919],[31.10376578,-14.71035813],[31.10092571,-14.71130804],[31.09807563,-14.71226297],[31.09523555,-14.71321289],[31.0933355,-14.71383784],[31.09143646,-14.71447279],[31.08858639,-14.71542071],[31.0857463,-14.71636764],[31.08384625,-14.71700758],[31.0819452,-14.71764253],[31.07910613,-14.71859045],[31.07617505,-14.71834248],[31.07321497,-14.71782252],[31.0703559,-14.7180525],[31.06854485,-14.71887844],[31.06672581,-14.71970737],[31.06490576,-14.7205473],[31.06308471,-14.72138223],[31.06127466,-14.72221717],[31.0593856,-14.7230781],[31.05649453,-14.72351006],[31.05451448,-14.72379804],[31.0515444,-14.724242],[31.04857532,-14.72468197],[31.04581525,-14.72579188],[31.0440032,-14.72663881],[31.04183414,-14.72764773],[31.03928408,-14.72820168],[31.03791203,-14.72849266],[31.036354,-14.72882664],[31.03439495,-14.7292516],[31.03146387,-14.72988155],[31.0288048,-14.73044751],[31.02655374,-14.73009754],[31.02457369,-14.72980156],[31.02165361,-14.73026653],[31.01972356,-14.73077649],[31.01682448,-14.73155842],[31.0139234,-14.73233136],[31.01102433,-14.7331013],[31.00812425,-14.73386623],[31.00522317,-14.73464117],[31.00232409,-14.73540811],[31.00039404,-14.73592107],[30.99749297,-14.73668601],[30.99459389,-14.73746094],[30.99169282,-14.73822789],[30.98879274,-14.73900083],[30.98589367,-14.73977076],[30.98300258,-14.7405357],[30.98106253,-14.74106065],[30.97816346,-14.7418306],[30.97526238,-14.74259553],[30.9723613,-14.74337047],[30.96946323,-14.74413541],[30.96753317,-14.74465037],[30.9646321,-14.74541531],[30.96173302,-14.74619024],[30.95883195,-14.74695618],[30.9569029,-14.74747014],[30.95400182,-14.74823508],[30.95110274,-14.74901002],[30.94820166,-14.74977596],[30.94627161,-14.75029491],[30.94336254,-14.75103485],[30.94044246,-14.7517148],[30.93752238,-14.75240974],[30.93460231,-14.75309469],[30.93168223,-14.75378964],[30.92876115,-14.75446958],[30.92584107,-14.75515952],[30.92292099,-14.75584847],[30.92000092,-14.75653941],[30.91708084,-14.75722736],[30.91416077,-14.75790731],[30.91124168,-14.75859925],[30.90929064,-14.75905921],[30.90637056,-14.75974415],[30.90345048,-14.7604241],[30.9005304,-14.76111805],[30.89761032,-14.76180899],[30.89469125,-14.76249693],[30.89177117,-14.76317688],[30.88885109,-14.76386882],[30.88593101,-14.76455577],[30.88301094,-14.76524871],[30.88009086,-14.76592866],[30.87716978,-14.7666146],[30.87424971,-14.76730855],[30.87132963,-14.7679935],[30.86840955,-14.76867343],[30.86548947,-14.76936838],[30.86256939,-14.77005334],[30.85965032,-14.77073327],[30.85677024,-14.77141322],[30.85477919,-14.77188419],[30.85185912,-14.77257813],[30.84893903,-14.77325807],[30.84698798,-14.77371604],[30.84406891,-14.77440798],[30.84114883,-14.77508793],[30.83822875,-14.77577487],[30.8362887,-14.77623283],[30.83336862,-14.77692678],[30.83044854,-14.77760672],[30.82849949,-14.77806269],[30.82557742,-14.77875763],[30.82265834,-14.77943758],[30.82071329,-14.77989254],[30.81778921,-14.78058748],[30.81486913,-14.78126743],[30.81291908,-14.7817234],[30.80999901,-14.78241734],[30.80707893,-14.78310229],[30.80513887,-14.78355524],[30.8022078,-14.78424719],[30.79928772,-14.78493514],[30.79647764,-14.78594306],[30.79369857,-14.78706696],[30.79183852,-14.7878169],[30.78905645,-14.78893182],[30.7871984,-14.78968675],[30.78441732,-14.79080166],[30.78255728,-14.7915426],[30.77977821,-14.79266651],[30.77791715,-14.79341545],[30.77513808,-14.79453136],[30.77328803,-14.79528629],[30.77049696,-14.79640121],[30.76864691,-14.79714114],[30.76585784,-14.79826605],[30.76400779,-14.799015],[30.76122671,-14.80013091],[30.75936767,-14.80088585],[30.75750762,-14.80162578],[30.75472654,-14.80274069],[30.75287649,-14.80349563],[30.75008742,-14.80461354],[30.74823737,-14.80535448],[30.7454473,-14.80647039],[30.74359725,-14.80722533],[30.74081617,-14.80834024],[30.73895613,-14.80909518],[30.73613706,-14.8101101],[30.73383699,-14.81094503],[30.73143693,-14.81179996],[30.72954688,-14.81247991],[30.72766683,-14.81315485],[30.72578578,-14.8138348],[30.72296671,-14.81484971],[30.72107666,-14.81552366],[30.71825558,-14.81654458],[30.71543651,-14.81755449],[30.71261543,-14.81857041],[30.71072638,-14.81924936],[30.70790531,-14.82025928],[30.70508623,-14.8212692],[30.70319618,-14.82194914],[30.70037511,-14.82297405],[30.69755603,-14.82398398],[30.69567399,-14.82466292],[30.6928449,-14.82567184],[30.69002584,-14.82669375],[30.68814478,-14.8273597],[30.68531471,-14.82838362],[30.68249563,-14.82939354],[30.68061458,-14.83007348],[30.67779551,-14.8310884],[30.67496544,-14.83209832],[30.67214536,-14.83312324],[30.67026531,-14.83379318],[30.66782524,-14.83548304],[30.6662842,-14.83676294],[30.66361414,-14.83799284],[30.66169509,-14.83857279],[30.65882501,-14.83942772],[30.65595393,-14.84028765],[30.65403488,-14.84086761],[30.6511648,-14.84172754],[30.64828473,-14.84259247],[30.64637468,-14.84316842],[30.64349461,-14.84403235],[30.64062453,-14.84489228],[30.63871447,-14.84547224],[30.6358344,-14.84633217],[30.63296432,-14.8472021],[30.63104327,-14.84777205],[30.62817419,-14.84862698],[30.62542413,-14.84981789],[30.62269306,-14.85105679],[30.61996298,-14.85230168],[30.61813393,-14.85313162],[30.61540286,-14.85436651],[30.61358281,-14.85520144],[30.61085374,-14.85644135],[30.60812367,-14.85768025],[30.60524359,-14.85850118],[30.60330354,-14.85899814],[30.60040246,-14.85973908],[30.59846341,-14.86023104],[30.59652336,-14.860727],[30.59458331,-14.86122096],[30.59197224,-14.86266584],[30.58941217,-14.86422072],[30.58684311,-14.86577559],[30.58411203,-14.86698549],[30.58224098,-14.86770543],[30.57944091,-14.86879035],[30.57757286,-14.86949629],[30.57477279,-14.87058021],[30.57291173,-14.87128715],[30.57011166,-14.87237006],[30.56730159,-14.87343997],[30.56450151,-14.87450988],[30.56170144,-14.8755898],[30.55890137,-14.87665971],[30.55610129,-14.87772962],[30.55330121,-14.87880453],[30.55142117,-14.87950448],[30.54855209,-14.88035942],[30.54567202,-14.88119935],[30.54279194,-14.88203428],[30.53991186,-14.88288921],[30.53799081,-14.88344916],[30.53511074,-14.88428909],[30.53319169,-14.88484905],[30.53031161,-14.88569598],[30.52743153,-14.88653891],[30.52551048,-14.88709587],[30.5226404,-14.8879388],[30.52071135,-14.88850876],[30.51784127,-14.88934369],[30.51512121,-14.89057459],[30.51253114,-14.89207746],[30.51079109,-14.89307838],[30.50820103,-14.89457326],[30.50560095,-14.89607314],[30.50286988,-14.89731803],[30.50104083,-14.89812797],[30.49920978,-14.89893291],[30.49738074,-14.89975584],[30.49556069,-14.90056277],[30.49281962,-14.90178767],[30.49099056,-14.90259661],[30.4882495,-14.90381251],[30.48551043,-14.90503741],[30.48367938,-14.90585235],[30.48185033,-14.90666728],[30.48003028,-14.90747522],[30.47819923,-14.90829715],[30.47546016,-14.90951305],[30.47272009,-14.91073195],[30.47089004,-14.91154688],[30.46905899,-14.91235382],[30.46631991,-14.91357172],[30.46448887,-14.91439166],[30.46174979,-14.91561156],[30.45992875,-14.91642649],[30.45717968,-14.91764339],[30.45520962,-14.91852632],[30.45326957,-14.92058615],[30.45159853,-14.922361],[30.44926847,-14.92344592],[30.44745842,-14.92429285],[30.44564937,-14.92513578],[30.44382833,-14.92597571],[30.44110825,-14.92724061],[30.4392982,-14.92808054],[30.43657813,-14.92935544],[30.43385806,-14.93061233],[30.43204801,-14.93146027],[30.42932794,-14.93272516],[30.42660786,-14.93399006],[30.42478882,-14.934832],[30.42206875,-14.93610489],[30.41934867,-14.93736379],[30.41753863,-14.93820972],[30.41481855,-14.93947462],[30.41209848,-14.94073952],[30.41027743,-14.94158345],[30.40755737,-14.94285434],[30.40484829,-14.94411424],[30.40212822,-14.94538414],[30.40030717,-14.94621907],[30.3975871,-14.94748397],[30.39486703,-14.94874886],[30.39210696,-14.94992077],[30.39025691,-14.95068171],[30.38747784,-14.95181362],[30.38469676,-14.95294353],[30.38191769,-14.95407344],[30.37913662,-14.95520334],[30.37635753,-14.95633326],[30.37358646,-14.95745816],[30.37080739,-14.95858807],[30.36802632,-14.95971898],[30.36524724,-14.96085089],[30.36235717,-14.96165282],[30.35944709,-14.96235777],[30.35750704,-14.96284272],[30.35555598,-14.96331269],[30.35264691,-14.96402063],[30.34973584,-14.96474157],[30.34778679,-14.96521254],[30.3448057,-14.96535253],[30.34180562,-14.96529753],[30.33980657,-14.96525754],[30.3373955,-14.96521754],[30.33500544,-14.96620746],[30.33223437,-14.96735237],[30.32945529,-14.96850227],[30.32668522,-14.96964018],[30.32391614,-14.97079209],[30.32191509,-14.97161703],[30.31911503,-14.97204899],[30.31713497,-14.97235196],[30.31417489,-14.97281093],[30.31219484,-14.9731119],[30.30922476,-14.97357187],[30.3072547,-14.97387184],[30.30438563,-14.97468178],[30.30253558,-14.97544672],[30.29976451,-14.97659862],[30.29689543,-14.97742655],[30.29397535,-14.97812649],[30.2920353,-14.97859646],[30.29008425,-14.97906142],[30.28717518,-14.97976137],[30.28522412,-14.98022633],[30.28327507,-14.98069129],[30.28036399,-14.98139123],[30.27841494,-14.9818612],[30.27647489,-14.98232116],[30.27355481,-14.9830201],[30.27160376,-14.98349107],[30.26966371,-14.98396103],[30.26674363,-14.98466097],[30.26383456,-14.98536092],[30.2618835,-14.98581988],[30.25896342,-14.98651982],[30.25702337,-14.98699079],[30.25507432,-14.98746075],[30.25216325,-14.98816069],[30.25021419,-14.98861966],[30.24827415,-14.98909062],[30.24535406,-14.98979056],[30.24340401,-14.99024553],[30.24051293,-14.99104046],[30.23861289,-14.99166041],[30.23671284,-14.99226536],[30.23385376,-14.99320029],[30.23195271,-14.99380724],[30.23005266,-14.99442519],[30.22719358,-14.99535012],[30.22529353,-14.99596806],[30.22339348,-14.99658001],[30.22053241,-14.99749494],[30.21795234,-14.99833587],[30.21828234,-15.00108965],[30.21892336,-15.00298749],[30.21987139,-15.00582826],[30.22051341,-15.0077191],[30.22122343,-15.00982293],[30.22280247,-15.01211875],[30.22450252,-15.01457654],[30.22621156,-15.01704734],[30.22792361,-15.01951713],[30.22893264,-15.0223279],[30.22984267,-15.02518166],[30.23075269,-15.02804144],[30.23166271,-15.0308972],[30.23257274,-15.03375697],[30.23318276,-15.03566681],[30.23379277,-15.03756665],[30.23409279,-15.04042642],[30.23321177,-15.04329218],[30.23184373,-15.04584497],[30.23031369,-15.04713587],[30.22803263,-15.04907571],[30.22574357,-15.05101155],[30.22430353,-15.05354335],[30.22331351,-15.05637512],[30.22265348,-15.05825497],[30.22199347,-15.06014481],[30.22132246,-15.06202865],[30.22108245,-15.06486442],[30.22205348,-15.06770419],[30.2230335,-15.07054395],[30.22368352,-15.0724338],[30.22452354,-15.0748836],[30.22400254,-15.07723341],[30.22356352,-15.07918325],[30.2229535,-15.08186303],[30.22246349,-15.08406285],[30.22180348,-15.08697661],[30.22158347,-15.08795653],[30.22114346,-15.08991237],[30.22109346,-15.09288112],[30.22134347,-15.09586688],[30.22211249,-15.09866665],[30.22324352,-15.10031652],[30.22437255,-15.10197938],[30.22550358,-15.10362624],[30.22719363,-15.10609604],[30.22832266,-15.10774591],[30.23001271,-15.11023071],[30.23114373,-15.11188057],[30.23227277,-15.11352743],[30.23304379,-15.1163602],[30.2332838,-15.11834004],[30.23300379,-15.1212878],[30.23238378,-15.12422956],[30.23177276,-15.12715432],[30.23115375,-15.13009807],[30.23054273,-15.13303884],[30.22992271,-15.1359646],[30.22994371,-15.13883836],[30.23076374,-15.14066322],[30.23179377,-15.14297802],[30.23385382,-15.14433791],[30.23636389,-15.14598777],[30.23862295,-15.14790361],[30.240524,-15.15022743],[30.24242406,-15.15254723],[30.24369409,-15.15408211],[30.24496313,-15.15563698],[30.24598315,-15.15838176],[30.24665317,-15.16131652],[30.24709318,-15.16326136],[30.2475432,-15.1652152],[30.24798421,-15.16716604],[30.24940325,-15.16977582],[30.25049428,-15.17144569],[30.25158331,-15.17312055],[30.25321435,-15.17564534],[30.25430339,-15.17731521],[30.25593443,-15.17983],[30.25734347,-15.18199182],[30.25778449,-15.18437462],[30.25834349,-15.18732239],[30.25889452,-15.19026915],[30.25944353,-15.19322391],[30.25992455,-15.19580869],[30.25927453,-15.19808351],[30.25872452,-15.20000334],[30.25817349,-15.20193319],[30.25762448,-15.20385203],[30.25707447,-15.20576788],[30.25639246,-15.20815268],[30.25626445,-15.21066748],[30.25616344,-15.21266731],[30.25602345,-15.21548608],[30.25750449,-15.21708795],[30.25886252,-15.21854983],[30.26022356,-15.22001171],[30.26158359,-15.22147559],[30.26295364,-15.22293547],[30.26431367,-15.22441135],[30.26567371,-15.22587123],[30.26717475,-15.22845501],[30.26856479,-15.2311208],[30.26949381,-15.23289066],[30.27088485,-15.23553444],[30.2722749,-15.23820022],[30.27366393,-15.24086],[30.27505397,-15.24351879],[30.276454,-15.24616957],[30.27738503,-15.24794442],[30.27877507,-15.2505992],[30.2797251,-15.25240905],[30.28212516,-15.25413891],[30.2837442,-15.25530881],[30.28618527,-15.25705867],[30.28780531,-15.25822858],[30.29023538,-15.25997843],[30.29186542,-15.26114333],[30.29429549,-15.26289319],[30.29591553,-15.2640631],[30.2983546,-15.26582795],[30.30078466,-15.2675778],[30.30322473,-15.26932767],[30.30484577,-15.27049757],[30.30646482,-15.27166247],[30.30808487,-15.27283237],[30.30971491,-15.27400428],[30.31133495,-15.27517718],[30.31376502,-15.27692704],[30.31539406,-15.27809694],[30.3170151,-15.27926684],[30.31907516,-15.28137367],[30.32018519,-15.28304154],[30.32185623,-15.28553233],[30.32311627,-15.28742618],[30.32462531,-15.28969099],[30.32629635,-15.29219578],[30.3281464,-15.29453059],[30.33026547,-15.29665041],[30.3316755,-15.2980703],[30.33308654,-15.29949019],[30.3352056,-15.30161001],[30.33661563,-15.3030299],[30.33802667,-15.30444978],[30.34013673,-15.3065696],[30.3426768,-15.30813947],[30.34530587,-15.30959935],[30.34705692,-15.31057427],[30.34967699,-15.31202416],[30.35206706,-15.31381901],[30.35436712,-15.31574385],[30.35667718,-15.31764869],[30.35855623,-15.31998351],[30.36033728,-15.32239331],[30.36211733,-15.32480811],[30.36389738,-15.32721791],[30.36567643,-15.32964271],[30.36686646,-15.33125058],[30.36916752,-15.33314742],[30.37073656,-15.33439233],[30.37231661,-15.33688212],[30.37321663,-15.33867197],[30.37457667,-15.34133675],[30.3758277,-15.34382155],[30.37617671,-15.34602137],[30.37664773,-15.34897613],[30.37711674,-15.35193789],[30.37758676,-15.35490064],[30.37789576,-15.35687849],[30.37836678,-15.35984024],[30.37883779,-15.362807],[30.3793068,-15.36576976],[30.37965781,-15.36798957],[30.38072784,-15.37052637],[30.38188788,-15.37328414],[30.3826679,-15.37512899],[30.38344792,-15.37697384],[30.38460796,-15.37973861],[30.38538798,-15.38158346],[30.38559598,-15.38448323],[30.38539698,-15.38647807],[30.38509797,-15.38946382],[30.38479797,-15.39244758],[30.38449696,-15.39543333],[30.38419595,-15.39841709],[30.38389795,-15.40140285],[30.38369794,-15.40344168],[30.38340793,-15.40637644],[30.38320793,-15.40836128],[30.38300692,-15.41035612],[30.38270792,-15.41334187],[30.38240791,-15.41632563],[30.3821069,-15.41931139],[30.3818079,-15.42229514],[30.38257793,-15.42517491],[30.38318694,-15.42707176],[30.38409797,-15.42993352],[30.38471798,-15.43182937],[30.385327,-15.43374121],[30.38624802,-15.43659398],[30.38715805,-15.43944874],[30.38807707,-15.44230351],[30.3889981,-15.44516328],[30.38960711,-15.44705912],[30.39022713,-15.44897297],[30.39136717,-15.45173774],[30.3926072,-15.45446952],[30.39343722,-15.45629237],[30.39467826,-15.45901915],[30.3959183,-15.46175192],[30.39715833,-15.4644767],[30.39839836,-15.46721148],[30.3996374,-15.46994125],[30.40046742,-15.4717611],[30.40145745,-15.47394593],[30.40094843,-15.47649573],[30.40035842,-15.47943948],[30.39989741,-15.48172529],[30.39837737,-15.48392012],[30.39666833,-15.48637592],[30.39495728,-15.48884672],[30.39337824,-15.49138951],[30.39242822,-15.49314837],[30.39099718,-15.49578415],[30.39004715,-15.49754901],[30.38861712,-15.50018879],[30.38718808,-15.50282359],[30.38575805,-15.50545837],[30.38480802,-15.50721322],[30.38337698,-15.50985801],[30.38242696,-15.51161287],[30.38099692,-15.51425265],[30.37956789,-15.51689744],[30.37861686,-15.51865329],[30.37718782,-15.52128708],[30.37576679,-15.52392287],[30.37480776,-15.52568672],[30.37349673,-15.52810153],[30.3726177,-15.53017636],[30.37182768,-15.53200621],[30.37064765,-15.53476599],[30.36985763,-15.53660284],[30.3686766,-15.53936062],[30.36788758,-15.54120546],[30.36709756,-15.54303032],[30.36591653,-15.5457951],[30.36568652,-15.54872486],[30.36574553,-15.55021274],[30.36576653,-15.55072369],[30.36588654,-15.55372445],[30.36748658,-15.55603425],[30.36969764,-15.5580641],[30.3719077,-15.56008393],[30.37338674,-15.56144382],[30.37559679,-15.56346365],[30.37780786,-15.56548849],[30.38001692,-15.56752032],[30.38149696,-15.56887321],[30.38370702,-15.57089304],[30.38591808,-15.57291788],[30.38739812,-15.57427276],[30.38960718,-15.5763026],[30.39141723,-15.57867241],[30.39308827,-15.5811622],[30.3941983,-15.58281706],[30.39586735,-15.58532186],[30.39697738,-15.58697673],[30.39865743,-15.58946653],[30.39976746,-15.59113139],[30.40087749,-15.59279125],[30.40199752,-15.59444612],[30.40355756,-15.59677093],[30.40437759,-15.59882076],[30.40550862,-15.60160054],[30.40662865,-15.60438031],[30.40775768,-15.60716008],[30.40936772,-15.60961588],[30.41146778,-15.61176971],[30.41286782,-15.61319759],[30.41496788,-15.61533841],[30.41706793,-15.61747924],[30.41302783,-15.62378373],[30.39401832,-15.63566777],[30.38978821,-15.63830756],[30.36568657,-15.64839675],[30.35922741,-15.65110653],[30.34453701,-15.65108654],[30.33700681,-15.64820677],[30.3178463,-15.64626194],[30.28678446,-15.6468869],[30.28080531,-15.64380716],[30.27340411,-15.63999747],[30.27188406,-15.63793764],[30.26461486,-15.62813844],[30.26013475,-15.62714852],[30.24879344,-15.63706772],[30.22569283,-15.65729009],[30.21658259,-15.66286964],[30.20902239,-15.66159275],[30.20507328,-15.65762007],[30.20354224,-15.65071663],[30.18469273,-15.63179817],[30.16687225,-15.62161701],[30.14707172,-15.62059911],[30.13965152,-15.62021714],[30.12541114,-15.62110307],[30.09638036,-15.62793652],[30.05963838,-15.6284125],[30.04584801,-15.63069532],[30.03082862,-15.63547194],[30.01868829,-15.63532696],[30.00008779,-15.63730281],[29.98229732,-15.64184744],[29.96717692,-15.64374529],[29.96216678,-15.64223742],[29.93478604,-15.62440888],[29.92693483,-15.622955],[29.90872435,-15.62445788],[29.90183516,-15.62343297],[29.8999241,-15.62259904],[29.895854,-15.62079419],[29.87722449,-15.6133438],[29.86086406,-15.61274485],[29.84163355,-15.61058404],[29.82101299,-15.61006009],[29.79664235,-15.61166996],[29.77565078,-15.61642959],[29.76061138,-15.6224431],[29.74726103,-15.63004849],[29.7157702,-15.64325143],[29.69804872,-15.64564125],[29.64950743,-15.65916416],[29.62920688,-15.66274988],[29.61023737,-15.66218592],[29.59733603,-15.65667338],[29.5852967,-15.64679219],[29.57716548,-15.6430465],[29.56430414,-15.64248755],[29.56222508,-15.64239155],[29.54502562,-15.64706118],[29.53685441,-15.65341667],[29.5138948,-15.67974854],[29.50051445,-15.686418],[29.47494377,-15.68756391],[29.46196242,-15.69009371],[29.43423268,-15.69012272],[29.42080232,-15.69426039],[29.40382087,-15.71085205],[29.39983077,-15.71321185],[29.39083952,-15.71406179],[29.37443009,-15.71113203],[29.36234976,-15.71111204],[29.34917041,-15.71616164],[29.34402027,-15.71945636],[29.34012917,-15.72336705],[29.33727009,-15.72624082],[29.3299989,-15.73048948],[29.32195869,-15.73131542],[29.31157941,-15.73378521],[29.30546924,-15.73664499],[29.28661874,-15.748869],[29.2811086,-15.75244871],[29.26630721,-15.75957614],[29.24412761,-15.76546267],[29.22728716,-15.76482472],[29.2136668,-15.77194715],[29.19577532,-15.79197553],[29.18149595,-15.80208272],[29.15873534,-15.81554363],[29.14774505,-15.82375897],[29.13414469,-15.83246627],[29.11826427,-15.84627115],[29.08710244,-15.86743945],[29.06505185,-15.88110735],[29.05528159,-15.89204047],[29.04347128,-15.90806617],[29.03456205,-15.92793756],[29.02620183,-15.93794176],[29.01561155,-15.94292636],[29.00073015,-15.9411765],[28.99384096,-15.94014659],[28.98622076,-15.93901168],[28.9726704,-15.94154648],[28.96573721,-15.94152649],[28.95300887,-15.94149349],[28.94662869,-15.94147349],[28.9353694,-15.94051658],[28.92342907,-15.94250941],[28.92382909,-15.9427204],[28.92571614,-15.9438613],[28.92730118,-15.94535218],[28.9279262,-15.94607812],[28.92576514,-15.94775299],[28.92477711,-15.94844494],[28.9243901,-15.94872491],[28.92318307,-15.94953085],[28.92220804,-15.9501078],[28.92122002,-15.95068376],[28.92024399,-15.95124071],[28.91901496,-15.95206265],[28.91809194,-15.95292758],[28.91688491,-15.95430146],[28.91574987,-15.95560336],[28.91441684,-15.95737322],[28.91368382,-15.95825615],[28.91225578,-15.96044497],[28.91137076,-15.96193885],[28.91041073,-15.96343773],[28.90926671,-15.96518859],[28.90886069,-15.96591653],[28.90806467,-15.9674604],[28.90745266,-15.96891329],[28.90710965,-15.96991221],[28.90678264,-15.97079513],[28.90624562,-15.97190604],[28.90362055,-15.97630568],[28.90193851,-15.97881949],[28.90048647,-15.97999639],[28.89912144,-15.98105031],[28.89754739,-15.9823222],[28.89519033,-15.98404206],[28.89379529,-15.98539395],[28.89174124,-15.98752079],[28.8901902,-15.98943963],[28.88899617,-15.99177144],[28.88820915,-15.99362529],[28.88615309,-15.99792795],[28.88595209,-15.99807293],[28.88507906,-15.9996888],[28.88431005,-16.00121368],[28.88307801,-16.0033725],[28.88168397,-16.00572932],[28.88077595,-16.00751717],[28.88024693,-16.00983799],[28.87834189,-16.01347069],[28.87734987,-16.01510156],[28.87576082,-16.01800032],[28.87261774,-16.02146804],[28.87171571,-16.02282594],[28.86928365,-16.02514075],[28.8675576,-16.02625666],[28.86460452,-16.02683061],[28.86247647,-16.02741456],[28.8600194,-16.02904343],[28.8562673,-16.0320222],[28.85486526,-16.03330009],[28.85421525,-16.03407403],[28.85286621,-16.03580589],[28.8523252,-16.03670082],[28.85015614,-16.04028053],[28.8488251,-16.04342528],[28.8483311,-16.046837],[28.84757507,-16.05103866],[28.84775108,-16.05377944],[28.84915712,-16.05709417],[28.84977713,-16.06103685],[28.85003814,-16.06282771],[28.85071516,-16.06651041],[28.85144518,-16.06941118],[28.85241621,-16.07223695],[28.85389325,-16.07494172],[28.85395725,-16.07504072],[28.85542829,-16.07740553],[28.85712634,-16.07979133],[28.85879638,-16.08386901],[28.8591744,-16.08809167],[28.85727235,-16.09248831],[28.8555813,-16.09504211],[28.85618332,-16.09912278],[28.85749635,-16.10238851],[28.85864839,-16.10609021],[28.85935741,-16.10962193],[28.8591684,-16.11354361],[28.85845738,-16.11788826],[28.85807937,-16.12195794],[28.85749436,-16.1260396],[28.85657234,-16.13013627],[28.85576931,-16.133485],[28.8552353,-16.13680173],[28.85403027,-16.1409114],[28.85266824,-16.14297324],[28.85176221,-16.14417714],[28.84905014,-16.1471899],[28.84712009,-16.14879977],[28.84501003,-16.15042864],[28.84194696,-16.15380437],[28.83979489,-16.15690511],[28.83778884,-16.16012086],[28.8360838,-16.16465649],[28.83558179,-16.16660534],[28.83456176,-16.16987407],[28.83442175,-16.17669452],[28.83511078,-16.17918132],[28.8358048,-16.18321699],[28.8360718,-16.18409393],[28.8360928,-16.18431591],[28.83620781,-16.18549081],[28.83647082,-16.18625675],[28.83652381,-16.18658372],[28.83701283,-16.18839658],[28.83793385,-16.19130334],[28.83893089,-16.1943131],[28.83951689,-16.19831778],[28.83891388,-16.20273142],[28.83301973,-16.21028382],[28.83231271,-16.21486145],[28.83479778,-16.21988904],[28.83626882,-16.22277181],[28.83752785,-16.2253226],[28.83819488,-16.22839435],[28.83859589,-16.23073717],[28.83957191,-16.23391391],[28.84112895,-16.23577576],[28.84181097,-16.23660669],[28.84211698,-16.23675968],[28.84411404,-16.2377666],[28.84843215,-16.23860553],[28.85271027,-16.23984143],[28.85489232,-16.24150829],[28.85561734,-16.24527299],[28.85486733,-16.2501826],[28.85424231,-16.25278539],[28.85404331,-16.25336034],[28.85236726,-16.25803597],[28.84919118,-16.26365151],[28.84415404,-16.26974602],[28.8384789,-16.27560155],[28.8349158,-16.27869731],[28.83089569,-16.28295196],[28.82973166,-16.28420286],[28.82788761,-16.28788957],[28.82647957,-16.29035537],[28.82481053,-16.29574893],[28.8236855,-16.30005759],[28.82280048,-16.30562114],[28.82210046,-16.31130968],[28.82174146,-16.31540835],[28.82198547,-16.31828812],[28.82200646,-16.31905106],[28.82372951,-16.32392967],[28.82594558,-16.32802634],[28.83172273,-16.33134107],[28.83595985,-16.33481279],[28.83727588,-16.34112128],[28.83681187,-16.34648085],[28.83539684,-16.35253037],[28.83527284,-16.35610408],[28.83623586,-16.36017074],[28.83984695,-16.36453939],[28.84277104,-16.36980897],[28.84448908,-16.37372665],[28.84402407,-16.37924421],[28.84005096,-16.38525373],[28.83813792,-16.39301211],[28.83911395,-16.39738375],[28.83867394,-16.40114845],[28.83690789,-16.40501414],[28.83520184,-16.40915081],[28.83436082,-16.41319848],[28.83167976,-16.41905902],[28.82794465,-16.42268473],[28.82306552,-16.42680439],[28.81978243,-16.42979215],[28.81609433,-16.43383583],[28.81391228,-16.43809649],[28.81240724,-16.44227916],[28.81115221,-16.4479457],[28.8107842,-16.45083247],[28.8105642,-16.45254333],[28.81024418,-16.45554209],[28.8105412,-16.456575],[28.81173322,-16.4616826],[28.81394628,-16.46483134],[28.81543233,-16.47096285],[28.81584034,-16.47633542],[28.81514832,-16.48083906],[28.81207925,-16.48698356],[28.80981319,-16.49365503],[28.80761013,-16.49473794],[28.803103,-16.49773071],[28.79973192,-16.5002325],[28.79117368,-16.50793989],[28.78927564,-16.50988874],[28.78168644,-16.5153173],[28.77672531,-16.51687317],[28.76994112,-16.51808608],[28.76365995,-16.52144681],[28.75963685,-16.52561248],[28.75666177,-16.52820028],[28.75602475,-16.52844225],[28.75283666,-16.53115404],[28.74867655,-16.53576167],[28.74400943,-16.54079326],[28.74238438,-16.54277711],[28.73301114,-16.55356225],[28.72314288,-16.55477715],[28.71928377,-16.5554461],[28.71866775,-16.5555131],[28.71768973,-16.55574008],[28.71650669,-16.55613104],[28.71279659,-16.55653501],[28.7092475,-16.55710397],[28.70503739,-16.55777891],[28.69879122,-16.55890783],[28.69613915,-16.55938879],[28.68458484,-16.56148662],[28.66345827,-16.56531632],[28.65444803,-16.56694819],[28.63919562,-16.56971197],[28.61915708,-16.57654943],[28.61001683,-16.57966918],[28.60004457,-16.58307591],[28.56814171,-16.59609787],[28.55869246,-16.59995457],[28.55722142,-16.60056152],[28.55382833,-16.60190941],[28.49170666,-16.62737638],[28.40077823,-16.66385949],[28.38757988,-16.66896608],[28.38295775,-16.67103992],[28.37858763,-16.67299976],[28.3735425,-16.67523959],[28.24651009,-16.72651251],[28.23984391,-16.73059018],[28.23455477,-16.73493083],[28.22775659,-16.74051539],[28.21200317,-16.75447728],[28.12563085,-16.82664053],[28.01031475,-16.87760448],[27.99798343,-16.88305505],[27.83257998,-16.95646922],[27.82103567,-16.96159681],[27.79926509,-16.99286733],[27.79432895,-16.99995877],[27.75890401,-17.05075873],[27.73856346,-17.07992341],[27.73189328,-17.08948964],[27.62492842,-17.24284248],[27.61905026,-17.2602531],[27.61093605,-17.29132664],[27.60746796,-17.30461059],[27.59751769,-17.34262858],[27.53663906,-17.42416513],[27.50899831,-17.44530847],[27.49283187,-17.45767449],[27.45355082,-17.4916918],[27.41874988,-17.51276615],[27.3341036,-17.57851096],[27.31727414,-17.59158294],[27.3048768,-17.60055423],[27.30257574,-17.60293104],[27.30048569,-17.60572282],[27.29815463,-17.60899556],[27.26501173,-17.6529641],[27.25180838,-17.67048372],[27.19379681,-17.73977627],[27.17232123,-17.76728111],[27.14302244,-17.80349126],[27.13632926,-17.81176462],[27.12839604,-17.82160585],[27.126735,-17.82458861],[27.12843205,-17.83048614],[27.12966608,-17.83329393],[27.13201215,-17.8399264],[27.13389319,-17.84654488],[27.13589225,-17.85325836],[27.13632726,-17.85569017],[27.06700439,-17.91965115],[27.02469224,-17.98234724],[27.00192363,-17.97487283],[26.99772951,-17.97598274],[26.99099833,-17.97761861],[26.98599919,-17.98009842],[26.98238109,-17.98121633],[26.98196108,-17.98122333],[26.97958302,-17.98233324],[26.97628693,-17.98464906],[26.97333585,-17.98741384],[26.96898673,-17.98958068],[26.96245456,-17.9891807],[26.95641939,-17.98727686],[26.95284429,-17.98548],[26.95117025,-17.98487005],[26.94588811,-17.98648692],[26.93974494,-17.99020262],[26.93392178,-17.99108756],[26.92454853,-17.99413132],[26.91870837,-17.99331538],[26.9127412,-17.99513124],[26.90648704,-17.9969311],[26.90064888,-17.99909793],[26.89222565,-18.00374757],[26.88606249,-18.00730629],[26.87993632,-18.0097931],[26.87387615,-18.0097701],[26.86935603,-18.00885917],[26.86449589,-18.00491448],[26.8608318,-18.00383156],[26.85683569,-18.0072183],[26.85248857,-18.01268087],[26.84727244,-18.01290985],[26.84214829,-18.01183793],[26.83780217,-18.01164295],[26.83304104,-18.01202492],[26.82650187,-18.01149496],[26.82273877,-18.01133398],[26.81967769,-18.01148697],[26.81714061,-18.01307984],[26.81404353,-18.01458072],[26.81117845,-18.01781847],[26.8094024,-18.02025627],[26.80891439,-18.02163317],[26.80778736,-18.03236333],[26.79870812,-18.0326683],[26.7906889,-18.03939678],[26.78266668,-18.04611826],[26.77998661,-18.04857006],[26.7613661,-18.04468736],[26.75240586,-18.0417756],[26.74101655,-18.03497613],[26.73501238,-18.03308427],[26.72732318,-18.03581906],[26.72468911,-18.03743993],[26.720623,-18.03963676],[26.71825393,-18.04205958],[26.71460683,-18.04633523],[26.71069072,-18.04968797],[26.70569859,-18.05200579],[26.70074946,-18.05398164],[26.69583932,-18.05563051],[26.69057118,-18.0583873],[26.68579505,-18.06160405],[26.68245197,-18.06553273],[26.68143694,-18.06832152],[26.68208895,-18.07230721],[26.68147094,-18.07461503],[26.67799184,-18.0761979],[26.67253669,-18.07509598],[26.66875859,-18.07286416],[26.66479448,-18.07034336],[26.65986035,-18.06899246],[26.65367118,-18.06759258],[26.64797303,-18.06541874],[26.64209087,-18.06305393],[26.63923779,-18.06143306],[26.63699273,-18.05983818],[26.6321956,-18.05878526],[26.62693145,-18.05845029],[26.62144331,-18.05904524],[26.61617116,-18.06041013],[26.61243306,-18.06064712],[26.60817595,-18.05991417],[26.60241179,-18.05957519],[26.59617462,-18.05865627],[26.59062947,-18.05736637],[26.58605935,-18.05567251],[26.58495132,-18.0530827],[26.58732238,-18.05027892],[26.58978045,-18.04885704],[26.59029146,-18.04532831],[26.58757339,-18.04186859],[26.58365628,-18.03936278],[26.57949417,-18.03737894],[26.57481704,-18.03507912],[26.56951489,-18.03258031],[26.5658008,-18.03024649],[26.5622527,-18.02930757],[26.56114867,-18.02736672],[26.55970263,-18.02452794],[26.55879261,-18.02162517],[26.5583466,-18.01647957],[26.55575053,-18.01133397],[26.55294145,-18.00887016],[26.54814932,-18.00761526],[26.54349219,-18.00738229],[26.53798304,-18.00674033],[26.53206688,-18.00678333],[26.52794678,-18.00645536],[26.5252537,-18.00652035],[26.52326164,-18.00668834],[26.5215126,-18.00684132],[26.51754349,-18.00698232],[26.51310837,-18.00793224],[26.50816523,-18.00888217],[26.50247709,-18.0097171],[26.49842797,-18.00953411],[26.49470387,-18.00857619],[26.49022375,-18.00685632],[26.48759168,-18.00571541],[26.48619164,-18.00483048],[26.48355957,-18.00289663],[26.47838643,-18.00225968],[26.47192225,-18.00192771],[26.46820315,-17.99892994],[26.46581709,-17.99597418],[26.46313501,-17.99418331],[26.45967292,-17.99070459],[26.45696084,-17.98720486],[26.45185271,-17.98376413],[26.44706358,-17.98360414],[26.44220145,-17.9841641],[26.43867036,-17.98010542],[26.43588428,-17.9764787],[26.43056613,-17.97470084],[26.42486698,-17.97481183],[26.4183628,-17.97444486],[26.41239664,-17.97179806],[26.40818453,-17.96655748],[26.40470543,-17.96044495],[26.39955729,-17.95621229],[26.3926511,-17.9547934],[26.3852829,-17.95393146],[26.38093379,-17.95414545],[26.37718569,-17.95630827],[26.36403933,-17.95639527],[26.35510509,-17.95545335],[26.34740488,-17.95281755],[26.33835263,-17.94931982],[26.3299374,-17.94928583],[26.32209619,-17.95180262],[26.31330496,-17.95383647],[26.30469072,-17.95282554],[26.2967295,-17.95426743],[26.29327941,-17.95249757],[26.28766326,-17.94643604],[26.27998105,-17.93895963],[26.27136082,-17.93489995],[26.26275858,-17.93460797],[26.2523783,-17.93445499],[26.2447761,-17.93338307],[26.23820492,-17.93325408],[26.23662388,-17.93360105],[26.23513583,-17.93384903],[26.23261377,-17.93439799],[26.22974569,-17.93234615],[26.22733462,-17.92902341],[26.22386453,-17.92653661],[26.22219049,-17.92309988],[26.22010943,-17.92153999],[26.21655533,-17.91903719],[26.21568631,-17.91730133],[26.21225422,-17.91495951],[26.21223522,-17.91115281],[26.21107618,-17.90577423],[26.2079671,-17.90217351],[26.20522003,-17.90094161],[26.20075491,-17.90168955],[26.19968487,-17.90200952],[26.19518375,-17.90421435],[26.18926259,-17.90628918],[26.18156438,-17.9099519],[26.17504921,-17.91359062],[26.16920305,-17.91862922],[26.16269687,-17.92407279],[26.15679671,-17.92475873],[26.15117356,-17.92632661],[26.14643043,-17.92944337],[26.14241332,-17.93325707],[26.13869022,-17.93598485],[26.13395209,-17.93622483],[26.12839394,-17.93344005],[26.12447184,-17.93704477],[26.12056573,-17.93829967],[26.11712864,-17.93592386],[26.1119955,-17.93533991],[26.11036545,-17.93641982],[26.10723337,-17.93809769],[26.10243224,-17.94015753],[26.09295598,-17.94319029],[26.09032591,-17.94113445],[26.08531877,-17.94486115],[26.0825727,-17.9481259],[26.08010763,-17.95040672],[26.07655054,-17.9506207],[26.07596352,-17.95300051],[26.07688655,-17.95765415],[26.07853859,-17.96312073],[26.08348972,-17.96476859],[26.09041191,-17.96321172],[26.09386801,-17.96661045],[26.09112493,-17.97149906],[26.08535177,-17.9762647],[26.08295571,-17.97974742],[26.0827577,-17.98206224],[26.08382973,-17.985129],[26.08188168,-17.98887871],[26.08000863,-17.99219745],[26.07968861,-17.99539819],[26.07830358,-17.99990284],[26.07385546,-18.00094376],[26.06883532,-18.00011283],[26.06399219,-17.99834296],[26.06034009,-17.99796899],[26.05454093,-17.99941388],[26.04906679,-17.99849094],[26.04300162,-17.9991509],[26.03777148,-17.99728604],[26.03283534,-17.99275839],[26.02811422,-17.99427628],[26.02295608,-17.99765602],[26.01690391,-17.99713305],[26.01131176,-17.99567217],[26.00632362,-17.99470324],[26.00179551,-17.99510821],[25.99632135,-17.99492122],[25.98967218,-17.99633611],[25.9870801,-17.99822796],[25.98294299,-18.00223365],[25.97873488,-18.00515142],[25.97731584,-18.01113995],[25.97709883,-18.01696049],[25.97108667,-18.0194363],[25.9646565,-18.02035123],[25.95838132,-18.02422692],[25.95476723,-18.02303302],[25.95062811,-18.0207022],[25.94976409,-18.01710948],[25.94764303,-18.01667452],[25.946409,-18.01641854],[25.94372493,-18.01703348],[25.93883479,-18.01789542],[25.93367666,-18.01660952],[25.92746049,-18.01335577],[25.92242135,-18.01381774],[25.91613618,-18.01543061],[25.90746494,-18.01704049],[25.90317183,-18.01527062],[25.89911272,-18.01145992],[25.89686166,-18.00347654],[25.89275754,-18.00290859],[25.88649338,-18.00047078],[25.88272627,-17.9989489],[25.87784114,-17.99934187],[25.87096295,-17.99920787],[25.86943791,-17.997629],[25.86591681,-17.99686205],[25.86680684,-17.99482922],[25.86665884,-17.99317035],[25.86006266,-17.99280038],[25.85454051,-17.99314735],[25.85088041,-17.99337233],[25.8467113,-17.99381129],[25.84498226,-17.99214742],[25.84624329,-17.99064854],[25.84843934,-17.9899086],[25.8503274,-17.98817373],[25.84758833,-17.98287115],[25.84568227,-17.97800053],[25.8465773,-17.97254996],[25.84881836,-17.96851428],[25.84555727,-17.96290672],[25.83868808,-17.9605879],[25.83741005,-17.95779512],[25.83751305,-17.95505633],[25.83688604,-17.95297249],[25.84390123,-17.95036469],[25.84466025,-17.94992673],[25.84494426,-17.9490208],[25.84383022,-17.94877482],[25.84213918,-17.94879682],[25.84005212,-17.94873983],[25.83861808,-17.94880482],[25.83675604,-17.94866383],[25.83494798,-17.9478089],[25.835259,-17.94700096],[25.83654203,-17.94621902],[25.83825508,-17.94616903],[25.83994712,-17.94629502],[25.84112215,-17.94610803],[25.8425912,-17.94594804],[25.84434224,-17.94555907],[25.8463563,-17.94166838],[25.84791634,-17.93692275],[25.84351822,-17.92441573],[25.83419797,-17.91376557],[25.83197791,-17.91273165],[25.82941284,-17.91153774],[25.81751652,-17.91383456],[25.81201937,-17.91224768],[25.80458617,-17.90648414],[25.7910678,-17.89637593],[25.78646368,-17.88933847],[25.78066152,-17.87746041],[25.76917721,-17.86880208],[25.7576009,-17.8621836],[25.7500037,-17.86121868],[25.73959142,-17.86082571],[25.73205921,-17.85780494],[25.72251595,-17.85264435],[25.70509248,-17.85405123],[25.68998907,-17.8493636],[25.68813702,-17.84311209],[25.68827302,-17.83950738],[25.68857404,-17.83147801],[25.68402292,-17.82306666],[25.67505667,-17.8213658],[25.66812648,-17.82335664],[25.66240433,-17.82499751],[25.64966298,-17.831382],[25.63244151,-17.84582387],[25.62196923,-17.85002954],[25.60920088,-17.85515713],[25.60520178,-17.85611506],[25.6023707,-17.85636304],[25.59928061,-17.85469617],[25.59450249,-17.8542902],[25.59019237,-17.85664102],[25.5841212,-17.85949479],[25.57707101,-17.85986076],[25.57267289,-17.85922381],[25.56940381,-17.85710297],[25.56502169,-17.85546611],[25.55956354,-17.85577508],[25.55547543,-17.85585407],[25.55262635,-17.85523012],[25.54962027,-17.8542532],[25.5472352,-17.85329627],[25.54511415,-17.85339526],[25.54412812,-17.85344126],[25.53655191,-17.85575608],[25.53190379,-17.85855986],[25.52849969,-17.86144363],[25.5249556,-17.86648223],[25.52171851,-17.86998796],[25.51864342,-17.87377166],[25.51641936,-17.87587349],[25.51280127,-17.87797533],[25.51128322,-17.87872627],[25.50901116,-17.87944421],[25.50820214,-17.87968019],[25.50594208,-17.88034814],[25.50143296,-17.88034414],[25.49759186,-17.88007716],[25.49332674,-17.87914224],[25.49075767,-17.87859727],[25.4882056,-17.87687141],[25.48670656,-17.87599548],[25.47855234,-17.87002994],[25.47001811,-17.86571229],[25.46201889,-17.8615806],[25.45087359,-17.85598904],[25.42877099,-17.86135962],[25.42325684,-17.8627595],[25.41573364,-17.86287049],[25.40922746,-17.86246552],[25.40821843,-17.86240453],[25.40379531,-17.8628095],[25.38979093,-17.86519331],[25.3844768,-17.86080665],[25.38261575,-17.85288028],[25.37462953,-17.8512554],[25.36886137,-17.85008049],[25.33963058,-17.85223532],[25.33569747,-17.85164436],[25.29853147,-17.830696],[25.28383707,-17.81716206],[25.27970896,-17.81592216],[25.26788964,-17.81238643],[25.25761437,-17.80804977],[25.24990016,-17.80404808],[25.24094692,-17.79884149],[25.23514076,-17.7948708],[25.23149966,-17.79148607],[25.23095065,-17.7909761],[25.2030109,-17.77972399],[25.19816977,-17.77978098],[25.19189859,-17.77962899],[25.18222233,-17.77931602],[25.17692519,-17.77758815],[25.17289908,-17.77463938],[25.16913898,-17.76939079],[25.16574589,-17.76380623],[25.16121977,-17.75772271],[25.15179351,-17.74581764],[25.14592236,-17.73840222],[25.14839243,-17.72729109],[25.14822242,-17.72197752],[25.14107923,-17.71468109],[25.13178898,-17.7120183],[25.12645384,-17.71294122],[25.12248273,-17.71507605],[25.1177996,-17.71653694],[25.11983666,-17.7018221],[25.1175536,-17.69807339],[25.11687058,-17.69851935],[25.09374195,-17.71349118],[25.08965384,-17.71544401],[25.0843497,-17.70433089],[25.08928384,-17.69690947],[25.09089988,-17.69191987],[25.09138989,-17.68621031],[25.08999586,-17.67332933],[25.0877548,-17.66580293],[25.08823482,-17.66115729],[25.08871383,-17.65620268],[25.08670678,-17.65495478],[25.08533174,-17.65409685],[25.07710351,-17.66164925],[25.0691263,-17.6584685],[25.06802827,-17.65066611],[25.06469919,-17.64407263],[25.05995806,-17.64058591],[25.05114582,-17.62737294],[25.0504938,-17.62216636],[25.04343761,-17.62177738],[25.03851448,-17.6329805],[25.02957824,-17.63473836],[25.0283352,-17.6239882],[25.03064127,-17.61629582],[25.03236532,-17.61253911],[25.03331335,-17.60334983],[25.03288033,-17.59974512],[25.03138929,-17.59441654],[25.0281172,-17.59277667],[25.0240641,-17.59171975],[25.01903496,-17.59177374],[25.0128508,-17.5935126],[25.00404656,-17.59905516],[25.00125548,-17.60214492],[24.99250624,-17.60332182],[24.98312799,-17.59688434],[24.97755084,-17.58771906],[24.97486277,-17.58249247],[24.97276672,-17.57751086],[24.96985964,-17.5705654],[24.96770258,-17.5655838],[24.96556652,-17.56250205],[24.95854133,-17.57088338],[24.94969109,-17.57141233],[24.94487096,-17.5680036],[24.93852179,-17.55243383],[24.93467069,-17.5490251],[24.93084059,-17.54996402],[24.92587145,-17.55666349],[24.91895127,-17.55969425],[24.91392113,-17.56019421],[24.90504989,-17.55749342],[24.8944696,-17.55206385],[24.88844044,-17.54613432],[24.88261929,-17.53630609],[24.87997022,-17.53425625],[24.86634885,-17.53710502],[24.84861836,-17.53515617],[24.83347896,-17.52768576],[24.82629777,-17.52749677],[24.82104863,-17.53005656],[24.81177837,-17.53838491],[24.80459718,-17.53820592],[24.78852674,-17.5346352],[24.7832376,-17.53030654],[24.77789746,-17.52023633],[24.77500738,-17.51864745],[24.76997624,-17.51821649],[24.76520711,-17.5205473],[24.75924696,-17.52333708],[24.75302679,-17.52360605],[24.75014671,-17.52201718],[24.74457656,-17.51263792],[24.74000644,-17.5103681],[24.73210623,-17.50949816],[24.72056492,-17.50130881],[24.71314472,-17.50111882],[24.69164313,-17.50812726],[24.68950408,-17.50951815],[24.68327491,-17.50863822],[24.6644644,-17.51655759],[24.65541315,-17.52122621],[24.63196352,-17.52213714],[24.61818314,-17.53190636],[24.60798186,-17.54118463],[24.60178169,-17.54376543],[24.58165214,-17.54187557],[24.55966055,-17.54436437],[24.54332111,-17.53807586],[24.53600091,-17.54272548],[24.52147052,-17.54989492],[24.51451933,-17.54946395],[24.51019021,-17.54581524],[24.50511009,-17.53459512],[24.49762988,-17.52475589],[24.49178874,-17.50503745],[24.48770962,-17.50413751],[24.48000942,-17.49659812],[24.47424826,-17.49318838],[24.45891885,-17.48980864],[24.42588696,-17.48719984],[24.4160277,-17.47921046],[24.40597743,-17.47764058],[24.39257606,-17.4774706],[24.38826694,-17.4786305],[24.38184676,-17.48599992],[24.36032519,-17.48906867],[24.35184495,-17.49253939],[24.33975562,-17.50046776],[24.33305544,-17.50051776],[24.32610325,-17.49895888],[24.31530497,-17.49467921],[24.28917326,-17.48912964],[24.26617264,-17.48653984],[24.24649211,-17.47887044],[24.23692085,-17.47917041],[24.21517226,-17.48321909],[23.52096245,-17.620278],[23.42806093,-17.64034737],[23.42612088,-17.63026617],[23.42391984,-17.61350948],[23.42007973,-17.6107687],[23.40447931,-17.59519092],[23.39151897,-17.58351084],[23.38192972,-17.57893119],[23.36420824,-17.58035207],[23.35749806,-17.57599242],[23.34693877,-17.56362239],[23.33757753,-17.55560301],[23.32608722,-17.55562401],[23.31604695,-17.56229347],[23.31317787,-17.56299342],[23.30358761,-17.55474407],[23.28441609,-17.54627472],[23.27412582,-17.54651471],[23.26167648,-17.54906449],[23.24660607,-17.55160329],[23.24061491,-17.55092434],[23.23126467,-17.54427386],[23.22719455,-17.54014519],[23.22550452,-17.52821512],[23.21687529,-17.52409545],[23.20776505,-17.51124546],[23.19698476,-17.50321808],[23.1871445,-17.4839496],[23.18190337,-17.48034989],[23.17134408,-17.4763892],[23.14669242,-17.47272947],[23.14166228,-17.46905976],[23.14716344,-17.46148036],[23.13591214,-17.45414194],[23.12944196,-17.44680252],[23.12824193,-17.44221188],[23.12871295,-17.42981385],[23.12584288,-17.42752304],[23.12153176,-17.42752304],[23.1045523,-17.42546319],[23.09257998,-17.41950466],[23.08468078,-17.41124531],[23.07271047,-17.3859973],[23.06002015,-17.34582947],[23.04782982,-17.34422059],[23.03993961,-17.33916999],[23.02649025,-17.31952154],[23.01051984,-17.30681254],[23.01147886,-17.301074],[23.01075985,-17.29303463],[23.0090888,-17.28959391],[22.99785851,-17.28545523],[22.99450842,-17.27834579],[22.98398914,-17.2680166],[22.97323785,-17.2643369],[22.97060878,-17.25951728],[22.94743817,-17.24779819],[22.9297567,-17.23677806],[22.92163648,-17.23125849],[22.91255724,-17.22413905],[22.90277598,-17.20967119],[22.88987664,-17.20369166],[22.86384594,-17.19702218],[22.83041505,-17.18504311],[22.82444489,-17.1813724],[22.80701342,-17.17446394],[22.80368333,-17.16986431],[22.80273331,-17.16458472],[22.80799346,-17.15541545],[22.8091935,-17.15082482],[22.80013326,-17.135897],[22.79298407,-17.12808662],[22.78988299,-17.12233707],[22.74934291,-17.09107055],[22.73694159,-17.08233123],[22.73480153,-17.0777316],[22.73624158,-17.07154209],[22.72432226,-17.06578254],[22.7219622,-17.05086273],[22.72005116,-17.04787396],[22.70789182,-17.04556414],[22.69262042,-17.04048353],[22.68858131,-17.03450501],[22.69408047,-17.02694462],[22.69289144,-17.02258496],[22.65668948,-16.99083747],[22.6462192,-16.9791084],[22.63740897,-16.97128902],[22.62097854,-16.96047087],[22.61671943,-16.94715093],[22.58294755,-16.90828402],[22.57556735,-16.90161454],[22.55343777,-16.88480687],[22.54391651,-16.8806472],[22.52725707,-16.8693581],[22.51584677,-16.85830797],[22.49684527,-16.83759961],[22.49807531,-16.82475064],[22.49666628,-16.8190121],[22.48167588,-16.81185266],[22.46693549,-16.80079254],[22.45078407,-16.78330392],[22.43488365,-16.76741519],[22.41803321,-16.74900666],[22.3947826,-16.72391964],[22.38433333,-16.7144694],[22.37697313,-16.70915982],[22.36270175,-16.70452118],[22.35509155,-16.70036151],[22.35632158,-16.69257113],[22.35349152,-16.68476276],[22.33925214,-16.67323367],[22.33262197,-16.66311448],[22.31559153,-16.63711556],[22.31227044,-16.63457675],[22.29397095,-16.6276173],[22.28302966,-16.62527748],[22.26976931,-16.60961873],[22.26770027,-16.59424697],[22.26321015,-16.5875705],[22.25133884,-16.58041006],[22.22564915,-16.57800124],[22.22140904,-16.56994989],[22.21407785,-16.55982269],[22.19034722,-16.54778365],[22.17850791,-16.53533364],[22.16789764,-16.51739307],[22.15418728,-16.50126736],[22.1475261,-16.50054641],[22.13967589,-16.50233727],[22.13110566,-16.50229726],[22.12589652,-16.49859756],[22.13712683,-16.48832739],[22.1395359,-16.48260785],[22.13579581,-16.47042983],[22.12991566,-16.4582508],[22.12876563,-16.45182132],[22.13282574,-16.44725169],[22.13314676,-16.43166094],[22.12991568,-16.41443432],[22.12757662,-16.40754388],[22.12083646,-16.37769628],[22.11616535,-16.36321544],[22.1102862,-16.35217832],[22.10842516,-16.34436995],[22.09564482,-16.33536067],[22.08647458,-16.31811005],[22.07749434,-16.30912177],[22.06925413,-16.29623081],[22.07309424,-16.28983432],[22.07528531,-16.27975414],[22.0748753,-16.26828406],[22.06491504,-16.26593524],[22.05710283,-16.26130561],[22.05502378,-16.25845684],[22.04603355,-16.24610783],[22.03159316,-16.23730553],[22.02192391,-16.22715934],[22.01200365,-16.21930797],[22.00303341,-16.20915978],[21.99953333,-16.1990516],[21.99958334,-16.1742406],[21.99975241,-16.08577974],[21.99924341,-16.05345236]]]]},"geometry_name":"the_geom","properties":{"OBJECTID":1,"ID":0,"COUNTRY":"Zambia","SHAPE.area":62.77889372388796,"SHAPE.len":53.82652142147888}}]}